split_point,aggregation,round,metric,term,count,mean,sample_standard_deviation,p50,p95,p99,min,max,provenance,interpretation
0,pooled,NA,device_inference_ms,device-side inference,3000,0.0,0.0,0.0,0.0,0.0,0.0,0.0,measured,descriptive samples; no independent-environment tail guarantee or confidence interval
0,pooled,NA,e2e_inference_ms,E2E inference latency,3000,46.714758843666665,9.785131403385222,45.222990499999995,57.52269285,79.77271077999994,34.556725,307.884508,measured,descriptive samples; no independent-environment tail guarantee or confidence interval
0,pooled,NA,device_inference_cuda_ms,device-side inference (CUDA Event auxiliary),3000,0.0,0.0,0.0,0.0,0.0,0.0,0.0,measured,descriptive samples; no independent-environment tail guarantee or confidence interval
0,pooled,NA,remote_roundtrip_ms,activation-ready to CPU logits roundtrip,3000,46.714758843666665,9.785131403385222,45.222990499999995,57.52269285,79.77271077999994,34.556725,307.884508,measured,descriptive samples; no independent-environment tail guarantee or confidence interval
0,round,1,device_inference_ms,device-side inference,300,0.0,0.0,0.0,0.0,0.0,0.0,0.0,measured,descriptive samples; no independent-environment tail guarantee or confidence interval
0,round,1,e2e_inference_ms,E2E inference latency,300,49.22573469,8.122730824230139,47.98558250000001,61.19188755,78.40581781999992,35.614492,102.366066,measured,descriptive samples; no independent-environment tail guarantee or confidence interval
0,round,1,device_inference_cuda_ms,device-side inference (CUDA Event auxiliary),300,0.0,0.0,0.0,0.0,0.0,0.0,0.0,measured,descriptive samples; no independent-environment tail guarantee or confidence interval
0,round,1,remote_roundtrip_ms,activation-ready to CPU logits roundtrip,300,49.22573469,8.122730824230139,47.98558250000001,61.19188755,78.40581781999992,35.614492,102.366066,measured,descriptive samples; no independent-environment tail guarantee or confidence interval
0,round,2,device_inference_ms,device-side inference,300,0.0,0.0,0.0,0.0,0.0,0.0,0.0,measured,descriptive samples; no independent-environment tail guarantee or confidence interval
0,round,2,e2e_inference_ms,E2E inference latency,300,46.83722493333333,8.372427189835031,45.5743455,56.3521606,68.9188307999997,34.556725,129.532616,measured,descriptive samples; no independent-environment tail guarantee or confidence interval
0,round,2,device_inference_cuda_ms,device-side inference (CUDA Event auxiliary),300,0.0,0.0,0.0,0.0,0.0,0.0,0.0,measured,descriptive samples; no independent-environment tail guarantee or confidence interval
0,round,2,remote_roundtrip_ms,activation-ready to CPU logits roundtrip,300,46.83722493333333,8.372427189835031,45.5743455,56.3521606,68.9188307999997,34.556725,129.532616,measured,descriptive samples; no independent-environment tail guarantee or confidence interval
0,round,3,device_inference_ms,device-side inference,300,0.0,0.0,0.0,0.0,0.0,0.0,0.0,measured,descriptive samples; no independent-environment tail guarantee or confidence interval
0,round,3,e2e_inference_ms,E2E inference latency,300,45.45823083333333,4.60929943734662,45.015800999999996,53.28354575,60.04851175999996,35.882656,64.212716,measured,descriptive samples; no independent-environment tail guarantee or confidence interval
0,round,3,device_inference_cuda_ms,device-side inference (CUDA Event auxiliary),300,0.0,0.0,0.0,0.0,0.0,0.0,0.0,measured,descriptive samples; no independent-environment tail guarantee or confidence interval
0,round,3,remote_roundtrip_ms,activation-ready to CPU logits roundtrip,300,45.45823083333333,4.60929943734662,45.015800999999996,53.28354575,60.04851175999996,35.882656,64.212716,measured,descriptive samples; no independent-environment tail guarantee or confidence interval
0,round,4,device_inference_ms,device-side inference,300,0.0,0.0,0.0,0.0,0.0,0.0,0.0,measured,descriptive samples; no independent-environment tail guarantee or confidence interval
0,round,4,e2e_inference_ms,E2E inference latency,300,44.178397266666664,7.334357147891052,42.802969000000004,52.445191050000005,83.95223715999995,35.656005,105.713145,measured,descriptive samples; no independent-environment tail guarantee or confidence interval
0,round,4,device_inference_cuda_ms,device-side inference (CUDA Event auxiliary),300,0.0,0.0,0.0,0.0,0.0,0.0,0.0,measured,descriptive samples; no independent-environment tail guarantee or confidence interval
0,round,4,remote_roundtrip_ms,activation-ready to CPU logits roundtrip,300,44.178397266666664,7.334357147891052,42.802969000000004,52.445191050000005,83.95223715999995,35.656005,105.713145,measured,descriptive samples; no independent-environment tail guarantee or confidence interval
0,round,5,device_inference_ms,device-side inference,300,0.0,0.0,0.0,0.0,0.0,0.0,0.0,measured,descriptive samples; no independent-environment tail guarantee or confidence interval
0,round,5,e2e_inference_ms,E2E inference latency,300,46.13981772333333,7.713290633335407,45.472292499999995,54.036686100000004,63.06982832999982,35.151403,114.594462,measured,descriptive samples; no independent-environment tail guarantee or confidence interval
0,round,5,device_inference_cuda_ms,device-side inference (CUDA Event auxiliary),300,0.0,0.0,0.0,0.0,0.0,0.0,0.0,measured,descriptive samples; no independent-environment tail guarantee or confidence interval
0,round,5,remote_roundtrip_ms,activation-ready to CPU logits roundtrip,300,46.13981772333333,7.713290633335407,45.472292499999995,54.036686100000004,63.06982832999982,35.151403,114.594462,measured,descriptive samples; no independent-environment tail guarantee or confidence interval
0,round,6,device_inference_ms,device-side inference,300,0.0,0.0,0.0,0.0,0.0,0.0,0.0,measured,descriptive samples; no independent-environment tail guarantee or confidence interval
0,round,6,e2e_inference_ms,E2E inference latency,300,45.93130106,11.175866038116327,44.3816705,54.14645235,68.99453289999984,35.490708,170.624568,measured,descriptive samples; no independent-environment tail guarantee or confidence interval
0,round,6,device_inference_cuda_ms,device-side inference (CUDA Event auxiliary),300,0.0,0.0,0.0,0.0,0.0,0.0,0.0,measured,descriptive samples; no independent-environment tail guarantee or confidence interval
0,round,6,remote_roundtrip_ms,activation-ready to CPU logits roundtrip,300,45.93130106,11.175866038116327,44.3816705,54.14645235,68.99453289999984,35.490708,170.624568,measured,descriptive samples; no independent-environment tail guarantee or confidence interval
0,round,7,device_inference_ms,device-side inference,300,0.0,0.0,0.0,0.0,0.0,0.0,0.0,measured,descriptive samples; no independent-environment tail guarantee or confidence interval
0,round,7,e2e_inference_ms,E2E inference latency,300,45.59501349666667,5.763284889979088,45.005932,55.3472487,59.74286234999999,35.157159,85.634983,measured,descriptive samples; no independent-environment tail guarantee or confidence interval
0,round,7,device_inference_cuda_ms,device-side inference (CUDA Event auxiliary),300,0.0,0.0,0.0,0.0,0.0,0.0,0.0,measured,descriptive samples; no independent-environment tail guarantee or confidence interval
0,round,7,remote_roundtrip_ms,activation-ready to CPU logits roundtrip,300,45.59501349666667,5.763284889979088,45.005932,55.3472487,59.74286234999999,35.157159,85.634983,measured,descriptive samples; no independent-environment tail guarantee or confidence interval
0,round,8,device_inference_ms,device-side inference,300,0.0,0.0,0.0,0.0,0.0,0.0,0.0,measured,descriptive samples; no independent-environment tail guarantee or confidence interval
0,round,8,e2e_inference_ms,E2E inference latency,300,48.530608556666664,13.226994211910435,45.7870055,64.69019195000001,100.52759972999984,35.292762,164.158163,measured,descriptive samples; no independent-environment tail guarantee or confidence interval
0,round,8,device_inference_cuda_ms,device-side inference (CUDA Event auxiliary),300,0.0,0.0,0.0,0.0,0.0,0.0,0.0,measured,descriptive samples; no independent-environment tail guarantee or confidence interval
0,round,8,remote_roundtrip_ms,activation-ready to CPU logits roundtrip,300,48.530608556666664,13.226994211910435,45.7870055,64.69019195000001,100.52759972999984,35.292762,164.158163,measured,descriptive samples; no independent-environment tail guarantee or confidence interval
0,round,9,device_inference_ms,device-side inference,300,0.0,0.0,0.0,0.0,0.0,0.0,0.0,measured,descriptive samples; no independent-environment tail guarantee or confidence interval
0,round,9,e2e_inference_ms,E2E inference latency,300,46.18710080333334,6.429463576221493,45.1707425,56.352618400000004,70.36883515,34.612379,81.016891,measured,descriptive samples; no independent-environment tail guarantee or confidence interval
0,round,9,device_inference_cuda_ms,device-side inference (CUDA Event auxiliary),300,0.0,0.0,0.0,0.0,0.0,0.0,0.0,measured,descriptive samples; no independent-environment tail guarantee or confidence interval
0,round,9,remote_roundtrip_ms,activation-ready to CPU logits roundtrip,300,46.18710080333334,6.429463576221493,45.1707425,56.352618400000004,70.36883515,34.612379,81.016891,measured,descriptive samples; no independent-environment tail guarantee or confidence interval
0,round,10,device_inference_ms,device-side inference,300,0.0,0.0,0.0,0.0,0.0,0.0,0.0,measured,descriptive samples; no independent-environment tail guarantee or confidence interval
0,round,10,e2e_inference_ms,E2E inference latency,300,49.064159073333336,17.018881882585326,46.6124765,62.8349505,79.50405083999993,36.142258,307.884508,measured,descriptive samples; no independent-environment tail guarantee or confidence interval
0,round,10,device_inference_cuda_ms,device-side inference (CUDA Event auxiliary),300,0.0,0.0,0.0,0.0,0.0,0.0,0.0,measured,descriptive samples; no independent-environment tail guarantee or confidence interval
0,round,10,remote_roundtrip_ms,activation-ready to CPU logits roundtrip,300,49.064159073333336,17.018881882585326,46.6124765,62.8349505,79.50405083999993,36.142258,307.884508,measured,descriptive samples; no independent-environment tail guarantee or confidence interval
1,pooled,NA,device_inference_ms,device-side inference,3000,0.4339565596666667,0.05998329110441517,0.4277525,0.53991925,0.5838457599999995,0.285862,1.433582,measured,descriptive samples; no independent-environment tail guarantee or confidence interval
1,pooled,NA,e2e_inference_ms,E2E inference latency,3000,89.209674294,12.037924725801622,88.125485,105.7594455,128.97371947999983,67.532861,267.747273,measured,descriptive samples; no independent-environment tail guarantee or confidence interval
1,pooled,NA,device_inference_cuda_ms,device-side inference (CUDA Event auxiliary),3000,0.15803319480270148,0.06720917165267873,0.12942399829626083,0.29741601347923274,0.3661785691976547,0.0721919983625412,0.45974400639533997,measured,descriptive samples; no independent-environment tail guarantee or confidence interval
1,pooled,NA,remote_roundtrip_ms,activation-ready to CPU logits roundtrip,3000,88.77571773433333,12.036713694501465,87.6911905,105.27549395,128.57530300999986,67.061822,267.286409,measured,descriptive samples; no independent-environment tail guarantee or confidence interval
1,round,1,device_inference_ms,device-side inference,300,0.4435337266666667,0.05933439292415106,0.4416825,0.5402271,0.5811084199999998,0.307352,0.670837,measured,descriptive samples; no independent-environment tail guarantee or confidence interval
1,round,1,e2e_inference_ms,E2E inference latency,300,91.03044507333334,11.07313255760397,90.387246,109.29887285,126.73845490999997,71.961679,158.248005,measured,descriptive samples; no independent-environment tail guarantee or confidence interval
1,round,1,device_inference_cuda_ms,device-side inference (CUDA Event auxiliary),300,0.15833045351008573,0.06486008550253809,0.13220799714326859,0.29882399588823316,0.3542211344838142,0.07366400212049484,0.37939199805259705,measured,descriptive samples; no independent-environment tail guarantee or confidence interval
1,round,1,remote_roundtrip_ms,activation-ready to CPU logits roundtrip,300,90.58691134666667,11.06860811985146,89.905216,108.86446065,126.26313919999997,71.472018,157.661113,measured,descriptive samples; no independent-environment tail guarantee or confidence interval
1,round,2,device_inference_ms,device-side inference,300,0.43641253,0.059308687074470165,0.429762,0.54638995,0.5755317999999999,0.304373,0.630716,measured,descriptive samples; no independent-environment tail guarantee or confidence interval
1,round,2,e2e_inference_ms,E2E inference latency,300,84.05459377666666,8.99281402063861,83.1166465,97.17141525,113.74458879999995,68.034923,158.682528,measured,descriptive samples; no independent-environment tail guarantee or confidence interval
1,round,2,device_inference_cuda_ms,device-side inference (CUDA Event auxiliary),300,0.16173375993967057,0.06744513431644922,0.13115200400352478,0.291932787001133,0.3738351926207542,0.0721919983625412,0.3861440122127533,measured,descriptive samples; no independent-environment tail guarantee or confidence interval
1,round,2,remote_roundtrip_ms,activation-ready to CPU logits roundtrip,300,83.61818124666667,8.988712457195719,82.667824,96.76746545,113.33609447999996,67.667532,158.302462,measured,descriptive samples; no independent-environment tail guarantee or confidence interval
1,round,3,device_inference_ms,device-side inference,300,0.4396658133333333,0.052241922018167845,0.43028,0.5396708,0.5751957,0.310475,0.595577,measured,descriptive samples; no independent-environment tail guarantee or confidence interval
1,round,3,e2e_inference_ms,E2E inference latency,300,86.32522064666666,6.997850652293289,86.02767700000001,97.91931609999999,102.87561004,70.650195,106.226583,measured,descriptive samples; no independent-environment tail guarantee or confidence interval
1,round,3,device_inference_cuda_ms,device-side inference (CUDA Event auxiliary),300,0.1712471468001604,0.07685511667297598,0.13548799604177475,0.33363359123468406,0.3844294518232343,0.07360000163316727,0.44892799854278564,measured,descriptive samples; no independent-environment tail guarantee or confidence interval
1,round,3,remote_roundtrip_ms,activation-ready to CPU logits roundtrip,300,85.88555483333333,6.997781723252941,85.6250505,97.4691443,102.34974156,70.202572,105.832266,measured,descriptive samples; no independent-environment tail guarantee or confidence interval
1,round,4,device_inference_ms,device-side inference,300,0.43173248333333336,0.05159871477311406,0.4280895,0.5282433,0.5491921,0.308232,0.604216,measured,descriptive samples; no independent-environment tail guarantee or confidence interval
1,round,4,e2e_inference_ms,E2E inference latency,300,87.57142602,8.225266004910122,87.1790485,98.31911810000001,105.53431268999974,72.091452,151.668938,measured,descriptive samples; no independent-environment tail guarantee or confidence interval
1,round,4,device_inference_cuda_ms,device-side inference (CUDA Event auxiliary),300,0.15837493374943734,0.07148225072491535,0.128431998193264,0.31064800918102264,0.37556224524974813,0.07311999797821045,0.45974400639533997,measured,descriptive samples; no independent-environment tail guarantee or confidence interval
1,round,4,remote_roundtrip_ms,activation-ready to CPU logits roundtrip,300,87.13969353666667,8.218894709448108,86.70173650000001,97.83848445000001,105.01277021999975,71.570348,151.145472,measured,descriptive samples; no independent-environment tail guarantee or confidence interval
1,round,5,device_inference_ms,device-side inference,300,0.4367233566666667,0.059626032531500985,0.4340815,0.541662,0.6067703699999997,0.295465,0.677244,measured,descriptive samples; no independent-environment tail guarantee or confidence interval
1,round,5,e2e_inference_ms,E2E inference latency,300,89.27502105,9.01553080198883,88.282448,101.94972885000001,110.30591995999978,67.571501,151.523417,measured,descriptive samples; no independent-environment tail guarantee or confidence interval
1,round,5,device_inference_cuda_ms,device-side inference (CUDA Event auxiliary),300,0.16142261303961278,0.06710036845214751,0.13015999644994736,0.29763519316911696,0.35965248376131054,0.07248000055551529,0.38207998871803284,measured,descriptive samples; no independent-environment tail guarantee or confidence interval
1,round,5,remote_roundtrip_ms,activation-ready to CPU logits roundtrip,300,88.83829769333333,9.011844095849671,87.897491,101.50870535000001,109.79970144999977,67.107527,150.846173,measured,descriptive samples; no independent-environment tail guarantee or confidence interval
1,round,6,device_inference_ms,device-side inference,300,0.43450637666666664,0.05563812377100178,0.43098400000000003,0.5418474000000001,0.57046783,0.306141,0.585939,measured,descriptive samples; no independent-environment tail guarantee or confidence interval
1,round,6,e2e_inference_ms,E2E inference latency,300,87.43136317,16.96227791137791,85.7175125,100.4521374,170.8063761099999,67.532861,267.747273,measured,descriptive samples; no independent-environment tail guarantee or confidence interval
1,round,6,device_inference_cuda_ms,device-side inference (CUDA Event auxiliary),300,0.15872949349383514,0.06662314334625204,0.13123200088739395,0.30251839309930806,0.35018656551837907,0.0724480003118515,0.39215999841690063,measured,descriptive samples; no independent-environment tail guarantee or confidence interval
1,round,6,remote_roundtrip_ms,activation-ready to CPU logits roundtrip,300,86.99685679333334,16.960819841557996,85.2634435,99.9986035,170.37808009999986,67.061822,267.286409,measured,descriptive samples; no independent-environment tail guarantee or confidence interval
1,round,7,device_inference_ms,device-side inference,300,0.43995638666666664,0.08246126168214499,0.4238035,0.54780415,0.6065630899999999,0.307289,1.433582,measured,descriptive samples; no independent-environment tail guarantee or confidence interval
1,round,7,e2e_inference_ms,E2E inference latency,300,86.30082746,8.919408159552008,84.8773615,100.51984325000001,109.5296866499999,70.775906,137.664591,measured,descriptive samples; no independent-environment tail guarantee or confidence interval
1,round,7,device_inference_cuda_ms,device-side inference (CUDA Event auxiliary),300,0.15579797347386679,0.06418191576659184,0.12827199697494507,0.2908688083291054,0.3651484805345534,0.07311999797821045,0.40934398770332336,measured,descriptive samples; no independent-environment tail guarantee or confidence interval
1,round,7,remote_roundtrip_ms,activation-ready to CPU logits roundtrip,300,85.86087107333333,8.924371278802218,84.422169,100.08389580000001,109.1188924999999,70.234764,137.284654,measured,descriptive samples; no independent-environment tail guarantee or confidence interval
1,round,8,device_inference_ms,device-side inference,300,0.4277880766666667,0.057067788648426945,0.4209005,0.5315768,0.58021328,0.285862,0.644912,measured,descriptive samples; no independent-environment tail guarantee or confidence interval
1,round,8,e2e_inference_ms,E2E inference latency,300,91.17261611333333,14.838200005659433,90.168638,110.50871425000001,155.33070746999996,70.146345,202.007084,measured,descriptive samples; no independent-environment tail guarantee or confidence interval
1,round,8,device_inference_cuda_ms,device-side inference (CUDA Event auxiliary),300,0.15202197360495726,0.06359759559960487,0.12665600329637527,0.28780961334705357,0.31677728384733184,0.07315199822187424,0.4070720076560974,measured,descriptive samples; no independent-environment tail guarantee or confidence interval
1,round,8,remote_roundtrip_ms,activation-ready to CPU logits roundtrip,300,90.74482803666666,14.833946915496695,89.80334450000001,110.0748615,154.68979481999995,69.720899,201.633007,measured,descriptive samples; no independent-environment tail guarantee or confidence interval
1,round,9,device_inference_ms,device-side inference,300,0.4196371366666667,0.057099298892409105,0.409243,0.5270266,0.57832681,0.287066,0.640688,measured,descriptive samples; no independent-environment tail guarantee or confidence interval
1,round,9,e2e_inference_ms,E2E inference latency,300,95.28725451666666,8.85185322154794,94.304727,110.34980370000001,127.75721987,75.088047,141.298072,measured,descriptive samples; no independent-environment tail guarantee or confidence interval
1,round,9,device_inference_cuda_ms,device-side inference (CUDA Event auxiliary),300,0.1513804803788662,0.06414476241790668,0.12508799880743027,0.2896160066127777,0.3529792124032974,0.07280000299215317,0.36719998717308044,measured,descriptive samples; no independent-environment tail guarantee or confidence interval
1,round,9,remote_roundtrip_ms,activation-ready to CPU logits roundtrip,300,94.86761738,8.848572409587469,93.889433,109.84971915,127.36073659,74.596645,140.7198,measured,descriptive samples; no independent-environment tail guarantee or confidence interval
1,round,10,device_inference_ms,device-side inference,300,0.42960971,0.056991329828004963,0.42266950000000003,0.5280917,0.5643825199999999,0.304604,0.609531,measured,descriptive samples; no independent-environment tail guarantee or confidence interval
1,round,10,e2e_inference_ms,E2E inference latency,300,93.64797511333333,16.519615237030763,91.5952485,116.22231780000001,147.43817660000002,68.789682,251.118823,measured,descriptive samples; no independent-environment tail guarantee or confidence interval
1,round,10,device_inference_cuda_ms,device-side inference (CUDA Event auxiliary),300,0.15129312003652254,0.06310754472376856,0.12641599774360657,0.28728321045637134,0.31970686823129624,0.0729919970035553,0.3951680064201355,measured,descriptive samples; no independent-environment tail guarantee or confidence interval
1,round,10,remote_roundtrip_ms,activation-ready to CPU logits roundtrip,300,93.21836540333334,16.516830715330276,91.1611905,115.84403235000002,146.92677916,68.434782,250.748599,measured,descriptive samples; no independent-environment tail guarantee or confidence interval
2,pooled,NA,device_inference_ms,device-side inference,3000,2.110276117,0.4188910600495047,2.0012280000000002,2.91069815,3.158732629999995,1.508379,4.126484,measured,descriptive samples; no independent-environment tail guarantee or confidence interval
2,pooled,NA,e2e_inference_ms,E2E inference latency,3000,81.11957074833333,11.600354584540803,79.7308325,92.85309609999999,119.58622516999992,64.147994,345.267208,measured,descriptive samples; no independent-environment tail guarantee or confidence interval
2,pooled,NA,device_inference_cuda_ms,device-side inference (CUDA Event auxiliary),3000,1.8296068374713261,0.38232799648348736,1.7211520075798035,2.553665673732757,2.8213385629653915,1.2699840068817139,3.7857279777526855,measured,descriptive samples; no independent-environment tail guarantee or confidence interval
2,pooled,NA,remote_roundtrip_ms,activation-ready to CPU logits roundtrip,3000,79.00929463133333,11.576599695883317,77.6412225,90.53047109999997,117.22281188999985,62.19179,343.316772,measured,descriptive samples; no independent-environment tail guarantee or confidence interval
2,round,1,device_inference_ms,device-side inference,300,2.15514773,0.42713843202865365,2.041029,2.9552431500000003,3.1523660899999992,1.543785,3.572426,measured,descriptive samples; no independent-environment tail guarantee or confidence interval
2,round,1,e2e_inference_ms,E2E inference latency,300,84.52059247,10.294805057902426,82.628897,96.73122520000001,131.02450783999998,69.029137,173.202534,measured,descriptive samples; no independent-environment tail guarantee or confidence interval
2,round,1,device_inference_cuda_ms,device-side inference (CUDA Event auxiliary),300,1.8747408044338227,0.39138853855564854,1.770576000213623,2.555014491081238,2.8172008490562437,1.2978880405426025,3.076767921447754,measured,descriptive samples; no independent-environment tail guarantee or confidence interval
2,round,1,remote_roundtrip_ms,activation-ready to CPU logits roundtrip,300,82.36544474,10.260301668250555,80.68772100000001,94.90837574999999,128.50522177999997,67.246915,171.516563,measured,descriptive samples; no independent-environment tail guarantee or confidence interval
2,round,2,device_inference_ms,device-side inference,300,2.0952758566666665,0.40876719552681695,1.9896530000000001,2.8628723000000007,3.107009519999999,1.508379,3.593129,measured,descriptive samples; no independent-environment tail guarantee or confidence interval
2,round,2,e2e_inference_ms,E2E inference latency,300,80.39991443333334,6.515702650454248,79.7343405,89.2097622,102.13751968,68.233558,136.084884,measured,descriptive samples; no independent-environment tail guarantee or confidence interval
2,round,2,device_inference_cuda_ms,device-side inference (CUDA Event auxiliary),300,1.81719167749087,0.37900732046481905,1.700592041015625,2.5192352890968324,2.818587086200714,1.2699840068817139,3.1228160858154297,measured,descriptive samples; no independent-environment tail guarantee or confidence interval
2,round,2,remote_roundtrip_ms,activation-ready to CPU logits roundtrip,300,78.30463857666666,6.469865823632855,77.779461,87.37215745,99.59369217,65.813452,134.262735,measured,descriptive samples; no independent-environment tail guarantee or confidence interval
2,round,3,device_inference_ms,device-side inference,300,2.10608555,0.4102524351009938,1.9870835,2.9082709,3.06085443,1.564517,3.108766,measured,descriptive samples; no independent-environment tail guarantee or confidence interval
2,round,3,e2e_inference_ms,E2E inference latency,300,79.43909834,4.839314267122028,79.529832,87.29611680000001,91.92819865999998,64.147994,97.517918,measured,descriptive samples; no independent-environment tail guarantee or confidence interval
2,round,3,device_inference_cuda_ms,device-side inference (CUDA Event auxiliary),300,1.823043518861135,0.37090657575577923,1.696016013622284,2.5246191382408143,2.647953519821167,1.347648024559021,2.91811203956604,measured,descriptive samples; no independent-environment tail guarantee or confidence interval
2,round,3,remote_roundtrip_ms,activation-ready to CPU logits roundtrip,300,77.33301279,4.8029974938585855,77.32476650000001,84.76711080000001,90.16701137,62.19179,95.529453,measured,descriptive samples; no independent-environment tail guarantee or confidence interval
2,round,4,device_inference_ms,device-side inference,300,2.06204701,0.37885681290656803,1.9836855,2.778473650000001,3.0766921299999996,1.540814,3.506648,measured,descriptive samples; no independent-environment tail guarantee or confidence interval
2,round,4,e2e_inference_ms,E2E inference latency,300,78.09030840333334,6.94150866285475,77.362742,86.31603530000001,98.97888720999994,65.730454,151.317802,measured,descriptive samples; no independent-environment tail guarantee or confidence interval
2,round,4,device_inference_cuda_ms,device-side inference (CUDA Event auxiliary),300,1.7819139206409453,0.3456252814202271,1.701968014240265,2.441391980648041,2.6886179971694943,1.296288013458252,3.040127992630005,measured,descriptive samples; no independent-environment tail guarantee or confidence interval
2,round,4,remote_roundtrip_ms,activation-ready to CPU logits roundtrip,300,76.02826139333334,6.943636284062176,75.15024700000001,84.13345665,97.38853406999995,64.067465,149.288301,measured,descriptive samples; no independent-environment tail guarantee or confidence interval
2,round,5,device_inference_ms,device-side inference,300,2.1120098633333333,0.41291015635330447,2.0081214999999997,2.8791651500000004,3.2262687799999994,1.530822,4.018984,measured,descriptive samples; no independent-environment tail guarantee or confidence interval
2,round,5,e2e_inference_ms,E2E inference latency,300,80.03138869,9.498618360367962,78.8154335,89.65528250000001,113.88397886999994,66.930426,190.482537,measured,descriptive samples; no independent-environment tail guarantee or confidence interval
2,round,5,device_inference_cuda_ms,device-side inference (CUDA Event auxiliary),300,1.8246117337544758,0.3770527608895147,1.7181119918823242,2.550070333480835,2.7987660193443284,1.286911964416504,3.7857279777526855,measured,descriptive samples; no independent-environment tail guarantee or confidence interval
2,round,5,remote_roundtrip_ms,activation-ready to CPU logits roundtrip,300,77.91937882666667,9.423201089410854,76.8002085,87.76791745000001,112.14330602999995,64.93723,186.463553,measured,descriptive samples; no independent-environment tail guarantee or confidence interval
2,round,6,device_inference_ms,device-side inference,300,2.12284794,0.4221964220353142,2.0280055,2.99895355,3.1537103999999996,1.522175,3.319944,measured,descriptive samples; no independent-environment tail guarantee or confidence interval
2,round,6,e2e_inference_ms,E2E inference latency,300,79.50079912333334,11.902998911526486,78.3658055,88.07653985,107.29370786999976,67.784971,203.450104,measured,descriptive samples; no independent-environment tail guarantee or confidence interval
2,round,6,device_inference_cuda_ms,device-side inference (CUDA Event auxiliary),300,1.8436252796649932,0.3829718743659562,1.7421600222587585,2.635833549499512,2.8183923816680907,1.2744959592819214,2.8513600826263428,measured,descriptive samples; no independent-environment tail guarantee or confidence interval
2,round,6,remote_roundtrip_ms,activation-ready to CPU logits roundtrip,300,77.37795118333334,11.869296599883123,76.2873715,86.39560110000001,105.55396235999977,65.09819,201.659753,measured,descriptive samples; no independent-environment tail guarantee or confidence interval
2,round,7,device_inference_ms,device-side inference,300,2.1222538633333334,0.4281070306383103,2.00101,2.928740950000001,3.3844496199999994,1.534009,3.673574,measured,descriptive samples; no independent-environment tail guarantee or confidence interval
2,round,7,e2e_inference_ms,E2E inference latency,300,79.79410296,5.98547046563809,79.5773255,88.8437781,93.82866411999997,68.092246,130.82032,measured,descriptive samples; no independent-environment tail guarantee or confidence interval
2,round,7,device_inference_cuda_ms,device-side inference (CUDA Event auxiliary),300,1.8406766911347707,0.390830438611006,1.7215999960899353,2.5924768924713133,2.9186844468116755,1.2859200239181519,3.452863931655884,measured,descriptive samples; no independent-environment tail guarantee or confidence interval
2,round,7,remote_roundtrip_ms,activation-ready to CPU logits roundtrip,300,77.67184909666666,6.005280276541524,77.3912215,87.02514550000001,91.91769137999998,65.602546,128.107584,measured,descriptive samples; no independent-environment tail guarantee or confidence interval
2,round,8,device_inference_ms,device-side inference,300,2.1163753666666665,0.4471824832928934,1.9977835000000002,2.9266989500000005,3.35500086,1.524137,4.126484,measured,descriptive samples; no independent-environment tail guarantee or confidence interval
2,round,8,e2e_inference_ms,E2E inference latency,300,83.27050891333333,14.54617190428361,80.731899,99.67247995000001,143.3489011799996,65.43271,200.447647,measured,descriptive samples; no independent-environment tail guarantee or confidence interval
2,round,8,device_inference_cuda_ms,device-side inference (CUDA Event auxiliary),300,1.8358846946557363,0.4025941537690961,1.7275519967079163,2.551137506961823,2.9094047594070434,1.2913919687271118,3.457087993621826,measured,descriptive samples; no independent-environment tail guarantee or confidence interval
2,round,8,remote_roundtrip_ms,activation-ready to CPU logits roundtrip,300,81.15413354666667,14.506454788009599,78.604833,97.85126385,141.5437172399996,62.820566,198.648879,measured,descriptive samples; no independent-environment tail guarantee or confidence interval
2,round,9,device_inference_ms,device-side inference,300,2.09087907,0.4193414635042801,1.997774,2.88970795,3.1816406599999993,1.516183,3.433323,measured,descriptive samples; no independent-environment tail guarantee or confidence interval
2,round,9,e2e_inference_ms,E2E inference latency,300,81.23365530666666,7.90090028158583,80.10950700000001,92.58272515,103.93264400000001,68.096372,148.107687,measured,descriptive samples; no independent-environment tail guarantee or confidence interval
2,round,9,device_inference_cuda_ms,device-side inference (CUDA Event auxiliary),300,1.8208430953820547,0.38981270647731875,1.7161920070648193,2.554257655143738,2.9042980051040646,1.2804160118103027,2.989567995071411,measured,descriptive samples; no independent-environment tail guarantee or confidence interval
2,round,9,remote_roundtrip_ms,activation-ready to CPU logits roundtrip,300,79.14277623666666,7.893130455006575,77.919943,90.07350585,100.51505302999999,66.04263,146.374854,measured,descriptive samples; no independent-environment tail guarantee or confidence interval
2,round,10,device_inference_ms,device-side inference,300,2.11983892,0.43052559311394484,2.0103945000000003,2.92490495,3.1236177499999997,1.53199,3.559981,measured,descriptive samples; no independent-environment tail guarantee or confidence interval
2,round,10,e2e_inference_ms,E2E inference latency,300,84.91533884333333,23.21828207739288,80.713581,105.28623100000003,131.34823584999972,64.786392,345.267208,measured,descriptive samples; no independent-environment tail guarantee or confidence interval
2,round,10,device_inference_cuda_ms,device-side inference (CUDA Event auxiliary),300,1.833536958694458,0.38944178134175134,1.7333920001983643,2.588415968418121,2.7433151197433467,1.279871940612793,3.0866239070892334,measured,descriptive samples; no independent-environment tail guarantee or confidence interval
2,round,10,remote_roundtrip_ms,activation-ready to CPU logits roundtrip,300,82.79549992333334,23.218673232997507,78.36151849999999,103.31821405000004,129.63316064999975,63.179652,343.316772,measured,descriptive samples; no independent-environment tail guarantee or confidence interval
3,pooled,NA,device_inference_ms,device-side inference,3000,5.4686614643333336,1.215565257065553,5.163647,7.825120299999999,8.589183569999998,3.984594,13.114493,measured,descriptive samples; no independent-environment tail guarantee or confidence interval
3,pooled,NA,e2e_inference_ms,E2E inference latency,3000,53.10927469333333,8.608361489347407,52.120625000000004,61.528766049999994,83.91733266999947,40.874484,203.868628,measured,descriptive samples; no independent-environment tail guarantee or confidence interval
3,pooled,NA,device_inference_cuda_ms,device-side inference (CUDA Event auxiliary),3000,5.178414942264557,1.170999481983983,4.882320165634155,7.420340585708617,8.246401586532592,3.7392640113830566,12.460127830505371,measured,descriptive samples; no independent-environment tail guarantee or confidence interval
3,pooled,NA,remote_roundtrip_ms,activation-ready to CPU logits roundtrip,3000,47.640613229,8.43541090753202,46.439469,55.87728825,78.00375553999993,35.779773,198.529406,measured,descriptive samples; no independent-environment tail guarantee or confidence interval
3,round,1,device_inference_ms,device-side inference,300,5.590912976666667,1.2471752737740651,5.2319675,7.898146050000001,8.533578819999999,4.061984,10.069607,measured,descriptive samples; no independent-environment tail guarantee or confidence interval
3,round,1,e2e_inference_ms,E2E inference latency,300,54.30085748,7.740895666116042,53.106537,63.78459625,90.89665656999998,41.612672,108.622601,measured,descriptive samples; no independent-environment tail guarantee or confidence interval
3,round,1,device_inference_cuda_ms,device-side inference (CUDA Event auxiliary),300,5.299331303437551,1.2060918144496684,4.964655876159668,7.510278415679932,8.323067426681519,3.80729603767395,9.551136016845703,measured,descriptive samples; no independent-environment tail guarantee or confidence interval
3,round,1,remote_roundtrip_ms,activation-ready to CPU logits roundtrip,300,48.70994450333333,7.613915589618812,47.4611355,58.66981195,86.53765825999997,36.527367,102.725923,measured,descriptive samples; no independent-environment tail guarantee or confidence interval
3,round,2,device_inference_ms,device-side inference,300,5.4182549133333335,1.198072134113757,5.1411555,7.77788815,8.476196439999999,4.012688,9.683374,measured,descriptive samples; no independent-environment tail guarantee or confidence interval
3,round,2,e2e_inference_ms,E2E inference latency,300,52.813421123333335,6.73800335600952,51.746687,60.6691973,76.94333739999989,42.467182,114.185799,measured,descriptive samples; no independent-environment tail guarantee or confidence interval
3,round,2,device_inference_cuda_ms,device-side inference (CUDA Event auxiliary),300,5.133632196585338,1.1544019033886206,4.844239950180054,7.354214501380921,8.01975170135498,3.7693119049072266,9.484224319458008,measured,descriptive samples; no independent-environment tail guarantee or confidence interval
3,round,2,remote_roundtrip_ms,activation-ready to CPU logits roundtrip,300,47.39516621,6.586066225017298,46.06959,54.96138655,72.67995023999993,37.601832,109.548969,measured,descriptive samples; no independent-environment tail guarantee or confidence interval
3,round,3,device_inference_ms,device-side inference,300,5.46269177,1.1838570573675666,5.157087,7.72789845,8.238605929999999,4.021688,8.357708,measured,descriptive samples; no independent-environment tail guarantee or confidence interval
3,round,3,e2e_inference_ms,E2E inference latency,300,52.54178793,4.328709940000833,52.4605335,60.0644436,63.34565909,41.95854,66.026747,measured,descriptive samples; no independent-environment tail guarantee or confidence interval
3,round,3,device_inference_cuda_ms,device-side inference (CUDA Event auxiliary),300,5.171564608414968,1.1374944070060264,4.8716959953308105,7.327622294425964,7.809551863670349,3.7742080688476562,7.915200233459473,measured,descriptive samples; no independent-environment tail guarantee or confidence interval
3,round,3,remote_roundtrip_ms,activation-ready to CPU logits roundtrip,300,47.07909616,3.979868078730946,46.994088500000004,54.18688015,56.98928342,37.222506,57.72053,measured,descriptive samples; no independent-environment tail guarantee or confidence interval
3,round,4,device_inference_ms,device-side inference,300,5.296818366666667,1.0808171017136625,5.109443000000001,7.359812950000001,8.14929847,4.017419,9.653003,measured,descriptive samples; no independent-environment tail guarantee or confidence interval
3,round,4,e2e_inference_ms,E2E inference latency,300,50.67958861666667,4.896848948787555,50.025315000000006,57.45886575000001,68.37312615999998,41.98576,91.125459,measured,descriptive samples; no independent-environment tail guarantee or confidence interval
3,round,4,device_inference_cuda_ms,device-side inference (CUDA Event auxiliary),300,5.006198822657267,1.0334139289232973,4.808687925338745,6.964275431632997,7.716858534812927,3.7628800868988037,9.162495613098145,measured,descriptive samples; no independent-environment tail guarantee or confidence interval
3,round,4,remote_roundtrip_ms,activation-ready to CPU logits roundtrip,300,45.38277025,4.831904012398449,44.767155,51.621535200000004,62.81582713999997,37.311052,86.714918,measured,descriptive samples; no independent-environment tail guarantee or confidence interval
3,round,5,device_inference_ms,device-side inference,300,5.444472883333334,1.234728792316808,5.160054000000001,7.3338534500000065,8.711147059999995,4.045966,13.114493,measured,descriptive samples; no independent-environment tail guarantee or confidence interval
3,round,5,e2e_inference_ms,E2E inference latency,300,52.505431316666666,7.234180394362682,51.8248155,59.49229195,80.41372628999993,41.205453,129.958636,measured,descriptive samples; no independent-environment tail guarantee or confidence interval
3,round,5,device_inference_cuda_ms,device-side inference (CUDA Event auxiliary),300,5.147184215386709,1.1859282106883626,4.880511999130249,7.12046096324921,8.261508531570431,3.794975996017456,12.460127830505371,measured,descriptive samples; no independent-environment tail guarantee or confidence interval
3,round,5,remote_roundtrip_ms,activation-ready to CPU logits roundtrip,300,47.06095843333333,6.777214524092698,46.2655925,53.043595950000004,75.13869178999994,37.072616,116.844143,measured,descriptive samples; no independent-environment tail guarantee or confidence interval
3,round,6,device_inference_ms,device-side inference,300,5.489830643333334,1.2203070229509816,5.168817499999999,8.0510031,8.55542156,3.99041,8.87111,measured,descriptive samples; no independent-environment tail guarantee or confidence interval
3,round,6,e2e_inference_ms,E2E inference latency,300,52.814606463333334,11.365021721365263,51.7738705,59.15050890000001,89.23478518999997,41.617137,180.101651,measured,descriptive samples; no independent-environment tail guarantee or confidence interval
3,round,6,device_inference_cuda_ms,device-side inference (CUDA Event auxiliary),300,5.211597424348195,1.1778365598310305,4.8994081020355225,7.608233666419984,8.114717464447022,3.740959882736206,8.561280250549316,measured,descriptive samples; no independent-environment tail guarantee or confidence interval
3,round,6,remote_roundtrip_ms,activation-ready to CPU logits roundtrip,300,47.32477582,11.238000408250514,46.228814,53.256622650000004,84.81803092999998,36.559185,172.619891,measured,descriptive samples; no independent-environment tail guarantee or confidence interval
3,round,7,device_inference_ms,device-side inference,300,5.495824016666667,1.2275237994526809,5.1757715,7.615932200000002,9.147028329999998,3.994492,10.238783,measured,descriptive samples; no independent-environment tail guarantee or confidence interval
3,round,7,e2e_inference_ms,E2E inference latency,300,52.56482691666667,5.49050636379757,52.1798625,60.4408246,63.9677069,41.343284,110.058142,measured,descriptive samples; no independent-environment tail guarantee or confidence interval
3,round,7,device_inference_cuda_ms,device-side inference (CUDA Event auxiliary),300,5.205085435708364,1.187517003195503,4.899072170257568,7.303796887397767,8.657475671768188,3.7485439777374268,9.981504440307617,measured,descriptive samples; no independent-environment tail guarantee or confidence interval
3,round,7,remote_roundtrip_ms,activation-ready to CPU logits roundtrip,300,47.0690029,5.34983320011288,46.430448,54.2186344,57.6280542,37.206819,105.847648,measured,descriptive samples; no independent-environment tail guarantee or confidence interval
3,round,8,device_inference_ms,device-side inference,300,5.513281303333334,1.2855703659756632,5.1810725,7.849969150000001,9.21277641,3.984594,11.507411,measured,descriptive samples; no independent-environment tail guarantee or confidence interval
3,round,8,e2e_inference_ms,E2E inference latency,300,54.62378251,12.158217341079672,52.816758500000006,67.4327951,84.18457402999974,40.874484,184.883667,measured,descriptive samples; no independent-environment tail guarantee or confidence interval
3,round,8,device_inference_cuda_ms,device-side inference (CUDA Event auxiliary),300,5.216368747552236,1.23356771085986,4.891807794570923,7.5111438751220705,8.749955081939698,3.7392640113830566,10.899711608886719,measured,descriptive samples; no independent-environment tail guarantee or confidence interval
3,round,8,remote_roundtrip_ms,activation-ready to CPU logits roundtrip,300,49.11050120666667,11.925179028519107,47.4033515,60.71192425000003,79.7570104199998,35.779773,177.548,measured,descriptive samples; no independent-environment tail guarantee or confidence interval
3,round,9,device_inference_ms,device-side inference,300,5.44495093,1.2144119353497278,5.162836,7.843520700000001,8.82438778,4.020511,9.369177,measured,descriptive samples; no independent-environment tail guarantee or confidence interval
3,round,9,e2e_inference_ms,E2E inference latency,300,53.041973963333334,6.373845001703216,52.192741999999996,60.847544250000006,69.34757111999983,43.148486,99.977171,measured,descriptive samples; no independent-environment tail guarantee or confidence interval
3,round,9,device_inference_cuda_ms,device-side inference (CUDA Event auxiliary),300,5.1521005876859025,1.1707444539754142,4.883327960968018,7.40993459224701,8.378721237182617,3.768415927886963,9.16214370727539,measured,descriptive samples; no independent-environment tail guarantee or confidence interval
3,round,9,remote_roundtrip_ms,activation-ready to CPU logits roundtrip,300,47.597023033333336,6.23017342151007,46.823640499999996,56.20737355,64.59116744999989,39.065484,95.157846,measured,descriptive samples; no independent-environment tail guarantee or confidence interval
3,round,10,device_inference_ms,device-side inference,300,5.52957684,1.247670390084392,5.191188,7.845928900000001,8.409064759999998,4.03165,9.847179,measured,descriptive samples; no independent-environment tail guarantee or confidence interval
3,round,10,e2e_inference_ms,E2E inference latency,300,55.20647061333333,13.413111904998559,53.2615905,67.81594770000001,101.36852916999989,41.853424,203.868628,measured,descriptive samples; no independent-environment tail guarantee or confidence interval
3,round,10,device_inference_cuda_ms,device-side inference (CUDA Event auxiliary),300,5.241086080869039,1.2053696007223422,4.89899206161499,7.545860695838929,8.217477931976317,3.7793920040130615,9.339103698730469,measured,descriptive samples; no independent-environment tail guarantee or confidence interval
3,round,10,remote_roundtrip_ms,activation-ready to CPU logits roundtrip,300,49.67689377333333,13.32538026259418,47.3780285,63.47481105,95.1884247299999,37.035502,198.529406,measured,descriptive samples; no independent-environment tail guarantee or confidence interval
4,pooled,NA,device_inference_ms,device-side inference,3000,7.0424012786666665,1.6869737254938253,6.5746915,10.332478649999995,11.441360629999998,5.089831,19.120051,measured,descriptive samples; no independent-environment tail guarantee or confidence interval
4,pooled,NA,e2e_inference_ms,E2E inference latency,3000,34.44291752833333,6.037449938982125,33.613066,41.712539999999976,53.21590030999982,24.423821,135.559612,measured,descriptive samples; no independent-environment tail guarantee or confidence interval
4,pooled,NA,device_inference_cuda_ms,device-side inference (CUDA Event auxiliary),3000,6.7540335744222,1.6407265646814053,6.303152084350586,9.949797201156615,10.978348808288574,4.840384006500244,18.824800491333008,measured,descriptive samples; no independent-environment tail guarantee or confidence interval
4,pooled,NA,remote_roundtrip_ms,activation-ready to CPU logits roundtrip,3000,27.400516249666666,5.706911719198545,26.581702999999997,33.92937049999997,47.341840009999956,19.053515,129.767481,measured,descriptive samples; no independent-environment tail guarantee or confidence interval
4,round,1,device_inference_ms,device-side inference,300,7.2173199766666665,1.7408266463682982,6.6735995,10.474971,11.375989139999998,5.089831,13.636691,measured,descriptive samples; no independent-environment tail guarantee or confidence interval
4,round,1,e2e_inference_ms,E2E inference latency,300,35.30651624666667,7.760062363319266,34.3214335,42.309344900000006,64.16847833999977,26.213998,109.073622,measured,descriptive samples; no independent-environment tail guarantee or confidence interval
4,round,1,device_inference_cuda_ms,device-side inference (CUDA Event auxiliary),300,6.922993919054667,1.6860131717414537,6.403712034225464,10.071601343154907,10.904488525390622,4.846975803375244,13.09990406036377,measured,descriptive samples; no independent-environment tail guarantee or confidence interval
4,round,1,remote_roundtrip_ms,activation-ready to CPU logits roundtrip,300,28.08919627,7.647819117809097,26.93896,34.362071650000004,56.341397989999734,20.931999,102.207327,measured,descriptive samples; no independent-environment tail guarantee or confidence interval
4,round,2,device_inference_ms,device-side inference,300,6.94719468,1.6597340567570744,6.513195,10.179199200000001,11.141965579999997,5.103239,13.111374,measured,descriptive samples; no independent-environment tail guarantee or confidence interval
4,round,2,e2e_inference_ms,E2E inference latency,300,33.68750658333333,5.29271729311713,32.963026,39.61004615,53.14505943999998,24.423821,82.050238,measured,descriptive samples; no independent-environment tail guarantee or confidence interval
4,round,2,device_inference_cuda_ms,device-side inference (CUDA Event auxiliary),300,6.663263983726502,1.6164724443941796,6.2386720180511475,9.853523302078248,10.940723123550415,4.859360218048096,12.87497615814209,measured,descriptive samples; no independent-environment tail guarantee or confidence interval
4,round,2,remote_roundtrip_ms,activation-ready to CPU logits roundtrip,300,26.740311903333332,4.910827543989535,26.229599,32.01391475,41.88696259999993,19.053515,73.165914,measured,descriptive samples; no independent-environment tail guarantee or confidence interval
4,round,3,device_inference_ms,device-side inference,300,7.04577197,1.6339914335521146,6.580788,10.19917895,10.905423520000001,5.149831,11.22678,measured,descriptive samples; no independent-environment tail guarantee or confidence interval
4,round,3,e2e_inference_ms,E2E inference latency,300,33.76259262333333,3.76244087662086,33.2342725,39.3410257,44.61386412999999,26.612183,61.452556,measured,descriptive samples; no independent-environment tail guarantee or confidence interval
4,round,3,device_inference_cuda_ms,device-side inference (CUDA Event auxiliary),300,6.758435745239257,1.5867875495969506,6.302335977554321,9.887763214111327,10.502650527954101,4.910304069519043,10.723520278930664,measured,descriptive samples; no independent-environment tail guarantee or confidence interval
4,round,3,remote_roundtrip_ms,activation-ready to CPU logits roundtrip,300,26.716820653333333,3.412598493858902,26.2971625,32.242504600000004,36.34991322,21.272211,55.974593,measured,descriptive samples; no independent-environment tail guarantee or confidence interval
4,round,4,device_inference_ms,device-side inference,300,6.7973305433333335,1.4893302439214229,6.506232499999999,9.6583967,10.796219319999999,5.158526,12.84039,measured,descriptive samples; no independent-environment tail guarantee or confidence interval
4,round,4,e2e_inference_ms,E2E inference latency,300,32.24593240666667,3.650278002060199,31.6935175,38.55244485,44.09224478,25.274768,50.635557,measured,descriptive samples; no independent-environment tail guarantee or confidence interval
4,round,4,device_inference_cuda_ms,device-side inference (CUDA Event auxiliary),300,6.517723929087321,1.451014338578234,6.2264320850372314,9.38147029876709,10.354644889831542,4.904064178466797,12.334207534790039,measured,descriptive samples; no independent-environment tail guarantee or confidence interval
4,round,4,remote_roundtrip_ms,activation-ready to CPU logits roundtrip,300,25.448601863333334,3.437214033655213,24.782737500000003,31.7196527,37.57185473999999,20.013843,45.284604,measured,descriptive samples; no independent-environment tail guarantee or confidence interval
4,round,5,device_inference_ms,device-side inference,300,7.001202356666667,1.7395148092240342,6.56202,9.746259550000005,11.617212709999997,5.169544,19.120051,measured,descriptive samples; no independent-environment tail guarantee or confidence interval
4,round,5,e2e_inference_ms,E2E inference latency,300,33.85050754,5.027422689229666,33.2088405,40.11095475,58.02097519999991,26.017789,69.682937,measured,descriptive samples; no independent-environment tail guarantee or confidence interval
4,round,5,device_inference_cuda_ms,device-side inference (CUDA Event auxiliary),300,6.7098262373606365,1.6953768350198852,6.295248031616211,9.339774513244635,11.143105955123895,4.917215824127197,18.824800491333008,measured,descriptive samples; no independent-environment tail guarantee or confidence interval
4,round,5,remote_roundtrip_ms,activation-ready to CPU logits roundtrip,300,26.849305183333332,4.505831913617988,26.197782500000002,32.0581379,50.57908081999999,19.491591,62.262575,measured,descriptive samples; no independent-environment tail guarantee or confidence interval
4,round,6,device_inference_ms,device-side inference,300,7.06205278,1.6864709682102421,6.576358,10.65359265,11.314972399999998,5.154535,11.750893,measured,descriptive samples; no independent-environment tail guarantee or confidence interval
4,round,6,e2e_inference_ms,E2E inference latency,300,34.662519616666664,6.681198553940434,34.259401,40.54312875,45.39282658999999,26.268587,130.136771,measured,descriptive samples; no independent-environment tail guarantee or confidence interval
4,round,6,device_inference_cuda_ms,device-side inference (CUDA Event auxiliary),300,6.776542935371399,1.6435763860586858,6.298415899276733,10.228200197219849,10.850062742233275,4.904575824737549,11.352319717407227,measured,descriptive samples; no independent-environment tail guarantee or confidence interval
4,round,6,remote_roundtrip_ms,activation-ready to CPU logits roundtrip,300,27.600466836666666,6.342709474397243,26.918095,32.99636655,37.89557379999997,20.971236,120.308229,measured,descriptive samples; no independent-environment tail guarantee or confidence interval
4,round,7,device_inference_ms,device-side inference,300,7.0728710433333335,1.6960624061563512,6.5916820000000005,10.107482050000003,12.046603759999998,5.098961,13.798653,measured,descriptive samples; no independent-environment tail guarantee or confidence interval
4,round,7,e2e_inference_ms,E2E inference latency,300,35.287867643333335,4.851503706353267,34.279571000000004,43.78187115000001,49.4612872099999,28.403553,66.471789,measured,descriptive samples; no independent-environment tail guarantee or confidence interval
4,round,7,device_inference_cuda_ms,device-side inference (CUDA Event auxiliary),300,6.783377375602722,1.6478046113391485,6.326288223266602,9.68638577461243,11.669994392395019,4.840384006500244,13.236031532287598,measured,descriptive samples; no independent-environment tail guarantee or confidence interval
4,round,7,remote_roundtrip_ms,activation-ready to CPU logits roundtrip,300,28.2149966,4.447264796761821,27.4306945,35.849032550000004,42.610682049999944,21.891943,59.614453,measured,descriptive samples; no independent-environment tail guarantee or confidence interval
4,round,8,device_inference_ms,device-side inference,300,7.121062773333334,1.7879437735743575,6.613352000000001,10.38860465,12.24986659,5.170611,16.394185,measured,descriptive samples; no independent-environment tail guarantee or confidence interval
4,round,8,e2e_inference_ms,E2E inference latency,300,35.72767926,8.325689419552376,34.53987,43.95795180000004,62.35842999999999,26.931331,135.559612,measured,descriptive samples; no independent-environment tail guarantee or confidence interval
4,round,8,device_inference_cuda_ms,device-side inference (CUDA Event auxiliary),300,6.833043851852417,1.7425883436383567,6.361552000045776,10.030574274063111,11.759736213684082,4.91923189163208,15.75699234008789,measured,descriptive samples; no independent-environment tail guarantee or confidence interval
4,round,8,remote_roundtrip_ms,activation-ready to CPU logits roundtrip,300,28.606616486666667,7.979111128565474,27.4025515,37.96173490000002,54.379036099999965,20.570141,129.767481,measured,descriptive samples; no independent-environment tail guarantee or confidence interval
4,round,9,device_inference_ms,device-side inference,300,7.02284852,1.6704258639087501,6.605835,10.257373100000002,11.555600439999997,5.117304,13.004037,measured,descriptive samples; no independent-environment tail guarantee or confidence interval
4,round,9,e2e_inference_ms,E2E inference latency,300,34.43144847333333,5.5247848674464235,33.534127999999995,41.27883455,58.34903580999996,27.010082,83.427486,measured,descriptive samples; no independent-environment tail guarantee or confidence interval
4,round,9,device_inference_cuda_ms,device-side inference (CUDA Event auxiliary),300,6.731894186337789,1.6263442642586516,6.328527927398682,9.834241390228273,11.36101194381714,4.917088031768799,12.482943534851074,measured,descriptive samples; no independent-environment tail guarantee or confidence interval
4,round,9,remote_roundtrip_ms,activation-ready to CPU logits roundtrip,300,27.408599953333333,5.06250404749792,26.5496905,34.21688545000001,49.744089429999946,21.163302,70.423449,measured,descriptive samples; no independent-environment tail guarantee or confidence interval
4,round,10,device_inference_ms,device-side inference,300,7.136358143333333,1.7375017311173715,6.62571,10.5209842,11.199919399999999,5.125553,13.17403,measured,descriptive samples; no independent-environment tail guarantee or confidence interval
4,round,10,e2e_inference_ms,E2E inference latency,300,35.46660489,6.793362851440376,34.037625,45.18597510000001,62.868281779999954,26.204662,92.679945,measured,descriptive samples; no independent-environment tail guarantee or confidence interval
4,round,10,device_inference_cuda_ms,device-side inference (CUDA Event auxiliary),300,6.8432335805892945,1.6847431922806728,6.3482561111450195,10.090169191360474,10.781061553955077,4.87775993347168,12.655232429504395,measured,descriptive samples; no independent-environment tail guarantee or confidence interval
4,round,10,remote_roundtrip_ms,activation-ready to CPU logits roundtrip,300,28.330246746666667,6.5157451606088514,26.964229000000003,38.17713775,52.37235562999994,20.051805,85.143462,measured,descriptive samples; no independent-environment tail guarantee or confidence interval
5,pooled,NA,device_inference_ms,device-side inference,3000,8.912230468,2.2004967087787484,8.285931,13.185806099999997,14.670602879999999,6.399301,26.627014,measured,descriptive samples; no independent-environment tail guarantee or confidence interval
5,pooled,NA,e2e_inference_ms,E2E inference latency,3000,30.678900485333333,5.154421379953978,29.9856445,37.810917649999986,48.38763032999997,22.297465,107.376269,measured,descriptive samples; no independent-environment tail guarantee or confidence interval
5,pooled,NA,device_inference_cuda_ms,device-side inference (CUDA Event auxiliary),3000,8.618918260892233,2.1502099681269433,8.013055801391602,12.81734390258789,14.186364774703975,6.189536094665527,25.821664810180664,measured,descriptive samples; no independent-environment tail guarantee or confidence interval
5,pooled,NA,remote_roundtrip_ms,activation-ready to CPU logits roundtrip,3000,21.766670017333333,4.540889802422496,20.8622365,27.725335899999997,36.64446709999984,15.791284,94.132348,measured,descriptive samples; no independent-environment tail guarantee or confidence interval
5,round,1,device_inference_ms,device-side inference,300,9.127884423333333,2.248377631131629,8.414669,13.284218150000001,14.574933949999995,6.435357,17.503257,measured,descriptive samples; no independent-environment tail guarantee or confidence interval
5,round,1,e2e_inference_ms,E2E inference latency,300,31.849727143333332,7.645440229396386,30.816623,38.21701325,74.36226194,24.04843,107.376269,measured,descriptive samples; no independent-environment tail guarantee or confidence interval
5,round,1,device_inference_cuda_ms,device-side inference (CUDA Event auxiliary),300,8.829545353253682,2.211128529076782,8.110496044158936,12.932346963882447,14.103165254592891,6.189536094665527,16.949119567871094,measured,descriptive samples; no independent-environment tail guarantee or confidence interval
5,round,1,remote_roundtrip_ms,activation-ready to CPU logits roundtrip,300,22.72184272,7.329716709508754,21.517199,28.46277015,66.72039676,17.164738,94.132348,measured,descriptive samples; no independent-environment tail guarantee or confidence interval
5,round,2,device_inference_ms,device-side inference,300,8.794162406666667,2.1604989806722803,8.221282500000001,13.02478235,14.409310159999999,6.399301,17.193884,measured,descriptive samples; no independent-environment tail guarantee or confidence interval
5,round,2,e2e_inference_ms,E2E inference latency,300,30.582970556666666,4.893382824167437,29.92671,37.331947,43.06933986999992,22.598867,68.167723,measured,descriptive samples; no independent-environment tail guarantee or confidence interval
5,round,2,device_inference_cuda_ms,device-side inference (CUDA Event auxiliary),300,8.504530262947082,2.10712983927878,7.926079988479614,12.59978075027466,13.95888689994812,6.215775966644287,16.650527954101562,measured,descriptive samples; no independent-environment tail guarantee or confidence interval
5,round,2,remote_roundtrip_ms,activation-ready to CPU logits roundtrip,300,21.78880815,4.143201707522398,21.172077,26.90742075,31.379471379999874,16.159527,60.831472,measured,descriptive samples; no independent-environment tail guarantee or confidence interval
5,round,3,device_inference_ms,device-side inference,300,8.913904246666666,2.125902555072431,8.287348000000001,13.021072049999999,13.99483265,6.474653,14.363926,measured,descriptive samples; no independent-environment tail guarantee or confidence interval
5,round,3,e2e_inference_ms,E2E inference latency,300,30.32479106,3.304689406768372,29.968441,36.301178900000004,40.686595589999996,23.803558,42.355763,measured,descriptive samples; no independent-environment tail guarantee or confidence interval
5,round,3,device_inference_cuda_ms,device-side inference (CUDA Event auxiliary),300,8.62025322119395,2.0706145762533934,8.036191940307617,12.60697135925293,13.534019479751587,6.256415843963623,13.904031753540039,measured,descriptive samples; no independent-environment tail guarantee or confidence interval
5,round,3,remote_roundtrip_ms,activation-ready to CPU logits roundtrip,300,21.410886813333335,2.522971446064257,21.006798,25.663729900000007,29.102090179999973,16.514112,33.806117,measured,descriptive samples; no independent-environment tail guarantee or confidence interval
5,round,4,device_inference_ms,device-side inference,300,8.583689386666666,1.9161557774926927,8.1834215,12.241051950000001,13.577274549999998,6.449903,16.499677,measured,descriptive samples; no independent-environment tail guarantee or confidence interval
5,round,4,e2e_inference_ms,E2E inference latency,300,28.79981184,3.622276575992794,28.2046345,33.7171107,38.496925259999976,22.297465,60.394226,measured,descriptive samples; no independent-environment tail guarantee or confidence interval
5,round,4,device_inference_cuda_ms,device-side inference (CUDA Event auxiliary),300,8.290759805043539,1.8746481976042577,7.891295909881592,12.006651496887207,13.384741697311402,6.197472095489502,15.976544380187988,measured,descriptive samples; no independent-environment tail guarantee or confidence interval
5,round,4,remote_roundtrip_ms,activation-ready to CPU logits roundtrip,300,20.216122453333334,3.199042606272567,19.495182999999997,24.238238250000002,28.23555800999994,15.791284,53.648192,measured,descriptive samples; no independent-environment tail guarantee or confidence interval
5,round,5,device_inference_ms,device-side inference,300,8.85070232,2.3064601939407834,8.2639955,12.366780550000009,14.908452389999994,6.526525,26.627014,measured,descriptive samples; no independent-environment tail guarantee or confidence interval
5,round,5,e2e_inference_ms,E2E inference latency,300,30.442455843333335,4.709974918497167,29.6910175,36.7823715,53.68496272,22.511132,64.184946,measured,descriptive samples; no independent-environment tail guarantee or confidence interval
5,round,5,device_inference_cuda_ms,device-side inference (CUDA Event auxiliary),300,8.561134923299154,2.2508434018890835,7.992496013641357,11.988033294677743,14.423563919067377,6.2724480628967285,25.821664810180664,measured,descriptive samples; no independent-environment tail guarantee or confidence interval
5,round,5,remote_roundtrip_ms,activation-ready to CPU logits roundtrip,300,21.591753523333335,3.955963315081139,20.7916195,27.047820050000002,32.04573109999987,15.895701,53.198658,measured,descriptive samples; no independent-environment tail guarantee or confidence interval
5,round,6,device_inference_ms,device-side inference,300,8.947919836666667,2.200591588958048,8.284982,13.63109315,14.52597873,6.522616,14.982622,measured,descriptive samples; no independent-environment tail guarantee or confidence interval
5,round,6,e2e_inference_ms,E2E inference latency,300,30.446911626666665,3.594407342293923,30.1840555,36.2379912,41.427860759999994,24.207123,52.367155,measured,descriptive samples; no independent-environment tail guarantee or confidence interval
5,round,6,device_inference_cuda_ms,device-side inference (CUDA Event auxiliary),300,8.65200000445048,2.148052278199699,8.010240077972412,13.174832010269165,14.04883744239807,6.2755842208862305,14.638815879821777,measured,descriptive samples; no independent-environment tail guarantee or confidence interval
5,round,6,remote_roundtrip_ms,activation-ready to CPU logits roundtrip,300,21.49899179,2.6810391123014847,20.946644,26.0598982,30.660637939999997,16.869715,39.108311,measured,descriptive samples; no independent-environment tail guarantee or confidence interval
5,round,7,device_inference_ms,device-side inference,300,8.94946397,2.212988623000488,8.313176,12.933104450000005,15.619895499999998,6.449097,17.753617,measured,descriptive samples; no independent-environment tail guarantee or confidence interval
5,round,7,e2e_inference_ms,E2E inference latency,300,30.71714770333333,4.288576152011252,30.117986000000002,38.0283036,44.921149469999996,23.986344,57.292724,measured,descriptive samples; no independent-environment tail guarantee or confidence interval
5,round,7,device_inference_cuda_ms,device-side inference (CUDA Event auxiliary),300,8.659536623954773,2.1640003196641016,8.03278398513794,12.503571319580082,15.115031461715697,6.202752113342285,17.17158317565918,measured,descriptive samples; no independent-environment tail guarantee or confidence interval
5,round,7,remote_roundtrip_ms,activation-ready to CPU logits roundtrip,300,21.76768373333333,3.5026298255533317,20.987153499999998,28.0805991,32.56481284999998,16.964115,46.976858,measured,descriptive samples; no independent-environment tail guarantee or confidence interval
5,round,8,device_inference_ms,device-side inference,300,9.02576171,2.352566055827274,8.363084,13.3483064,15.70384778,6.470784,22.25265,measured,descriptive samples; no independent-environment tail guarantee or confidence interval
5,round,8,e2e_inference_ms,E2E inference latency,300,31.243780703333332,6.826232473939012,30.123107,41.877475950000004,61.51757867999998,22.926791,101.132355,measured,descriptive samples; no independent-environment tail guarantee or confidence interval
5,round,8,device_inference_cuda_ms,device-side inference (CUDA Event auxiliary),300,8.726889295578003,2.294193806184782,8.064399719238281,12.925119876861572,15.201151943206787,6.220064163208008,21.543455123901367,measured,descriptive samples; no independent-environment tail guarantee or confidence interval
5,round,8,remote_roundtrip_ms,activation-ready to CPU logits roundtrip,300,22.218018993333335,6.131308105281887,20.7005355,30.92484415000001,42.605102899999906,16.336971,90.594172,measured,descriptive samples; no independent-environment tail guarantee or confidence interval
5,round,9,device_inference_ms,device-side inference,300,8.88413889,2.178043169658529,8.3344825,13.067062000000004,15.02720876,6.496051,17.237754,measured,descriptive samples; no independent-environment tail guarantee or confidence interval
5,round,9,e2e_inference_ms,E2E inference latency,300,30.48289101,4.7423307167991515,29.9773595,36.4149769,44.47252627999996,23.778954,83.091617,measured,descriptive samples; no independent-environment tail guarantee or confidence interval
5,round,9,device_inference_cuda_ms,device-side inference (CUDA Event auxiliary),300,8.598521820704143,2.1330232328828176,8.09718370437622,12.623307514190676,14.573304138183591,6.239583969116211,16.695232391357422,measured,descriptive samples; no independent-environment tail guarantee or confidence interval
5,round,9,remote_roundtrip_ms,activation-ready to CPU logits roundtrip,300,21.59875212,4.116625832450228,20.81937,26.09408365,32.81604774999999,16.352165,73.420614,measured,descriptive samples; no independent-environment tail guarantee or confidence interval
5,round,10,device_inference_ms,device-side inference,300,9.04467749,2.2602372756754394,8.3582325,13.44178735,14.356015929999996,6.426763,16.93903,measured,descriptive samples; no independent-environment tail guarantee or confidence interval
5,round,10,e2e_inference_ms,E2E inference latency,300,31.898517366666667,5.517415677478772,31.2336865,41.1714531,47.245075089999986,23.572507,65.498816,measured,descriptive samples; no independent-environment tail guarantee or confidence interval
5,round,10,device_inference_cuda_ms,device-side inference (CUDA Event auxiliary),300,8.746011298497518,2.205857847311652,8.067951679229736,12.986337471008301,13.88413689613342,6.216608047485352,16.39971160888672,measured,descriptive samples; no independent-environment tail guarantee or confidence interval
5,round,10,remote_roundtrip_ms,activation-ready to CPU logits roundtrip,300,22.853839876666665,4.97045718396664,21.574706,31.9556958,39.00960277999999,16.983391,58.601781,measured,descriptive samples; no independent-environment tail guarantee or confidence interval
6,pooled,NA,device_inference_ms,device-side inference,3000,13.657690145,3.432301556409793,12.682641,20.47123469999999,22.67873352,8.7936,28.253857,measured,descriptive samples; no independent-environment tail guarantee or confidence interval
6,pooled,NA,e2e_inference_ms,E2E inference latency,3000,32.41548339166667,7.10008476677183,31.3224545,41.6945519,52.34748867999995,23.464769,151.203437,measured,descriptive samples; no independent-environment tail guarantee or confidence interval
6,pooled,NA,device_inference_cuda_ms,device-side inference (CUDA Event auxiliary),3000,13.361790948549906,3.376848883713528,12.400911808013916,20.070728969573963,22.278700580596915,8.557215690612793,27.67136001586914,measured,descriptive samples; no independent-environment tail guarantee or confidence interval
6,pooled,NA,remote_roundtrip_ms,activation-ready to CPU logits roundtrip,3000,18.757793246666665,5.966193911783942,17.5840855,24.99341489999999,35.53135327999971,13.451736,130.761814,measured,descriptive samples; no independent-environment tail guarantee or confidence interval
6,round,1,device_inference_ms,device-side inference,300,14.034255623333333,3.571035351766861,12.8567475,20.77120155,22.65873325999999,9.905848,26.668638,measured,descriptive samples; no independent-environment tail guarantee or confidence interval
6,round,1,e2e_inference_ms,E2E inference latency,300,36.40177696,5.887874726945988,35.521889,44.2655881,57.30548769999987,28.380268,76.216016,measured,descriptive samples; no independent-environment tail guarantee or confidence interval
6,round,1,device_inference_cuda_ms,device-side inference (CUDA Event auxiliary),300,13.727323910395304,3.510571853399635,12.570399761199951,20.32633247375488,22.177660713195795,9.653152465820312,26.10915184020996,measured,descriptive samples; no independent-environment tail guarantee or confidence interval
6,round,1,remote_roundtrip_ms,activation-ready to CPU logits roundtrip,300,22.367521336666666,4.718301484340234,21.172092,27.923906500000008,43.45823425999991,18.124178,60.470536,measured,descriptive samples; no independent-environment tail guarantee or confidence interval
6,round,2,device_inference_ms,device-side inference,300,13.499107016666667,3.4029906974826267,12.5818325,20.24286,22.346672799999997,9.815864,26.143765,measured,descriptive samples; no independent-environment tail guarantee or confidence interval
6,round,2,e2e_inference_ms,E2E inference latency,300,31.848715663333333,5.09378055872066,31.072281,39.51949475000001,43.16720169999997,24.766858,67.936945,measured,descriptive samples; no independent-environment tail guarantee or confidence interval
6,round,2,device_inference_cuda_ms,device-side inference (CUDA Event auxiliary),300,13.205266122817994,3.3516220932852825,12.296847820281982,19.802683162689213,21.86912029266357,9.558752059936523,25.571807861328125,measured,descriptive samples; no independent-environment tail guarantee or confidence interval
6,round,2,remote_roundtrip_ms,activation-ready to CPU logits roundtrip,300,18.349608646666667,3.7609680505665404,17.5036645,23.1456866,26.80754785999999,14.292741,55.592131,measured,descriptive samples; no independent-environment tail guarantee or confidence interval
6,round,3,device_inference_ms,device-side inference,300,13.65989254,3.368439461647385,12.6864445,20.19268505,21.687314230000002,9.820531,22.31565,measured,descriptive samples; no independent-environment tail guarantee or confidence interval
6,round,3,e2e_inference_ms,E2E inference latency,300,31.57555213,4.131193807347865,31.110854500000002,38.953359000000006,42.682825079999986,24.50921,49.368079,measured,descriptive samples; no independent-environment tail guarantee or confidence interval
6,round,3,device_inference_cuda_ms,device-side inference (CUDA Event auxiliary),300,13.36268981297811,3.3132368743434246,12.411471843719482,19.757090473175047,21.21984939575195,9.564096450805664,21.8450870513916,measured,descriptive samples; no independent-environment tail guarantee or confidence interval
6,round,3,remote_roundtrip_ms,activation-ready to CPU logits roundtrip,300,17.91565959,2.4036454587944314,17.422487500000003,22.4968782,24.982168459999976,14.320036,28.61601,measured,descriptive samples; no independent-environment tail guarantee or confidence interval
6,round,4,device_inference_ms,device-side inference,300,13.14573822,3.0347994242360263,12.4910085,19.076300600000003,21.39334271,9.874097,25.812946,measured,descriptive samples; no independent-environment tail guarantee or confidence interval
6,round,4,e2e_inference_ms,E2E inference latency,300,30.123589696666667,5.30617431333628,29.0863065,37.381757900000004,48.11441125999993,23.464769,75.591673,measured,descriptive samples; no independent-environment tail guarantee or confidence interval
6,round,4,device_inference_cuda_ms,device-side inference (CUDA Event auxiliary),300,12.863052371342977,2.9824459649954087,12.198256015777588,18.65901441574097,20.936485576629636,9.615776062011719,25.273759841918945,measured,descriptive samples; no independent-environment tail guarantee or confidence interval
6,round,4,remote_roundtrip_ms,activation-ready to CPU logits roundtrip,300,16.977851476666668,4.305576770877533,16.280597,20.626513850000002,32.42221877999989,13.451736,65.191832,measured,descriptive samples; no independent-environment tail guarantee or confidence interval
6,round,5,device_inference_ms,device-side inference,300,13.462549213333334,3.275104038306403,12.650712500000001,18.985478550000003,21.761194969999988,9.323881,24.892859,measured,descriptive samples; no independent-environment tail guarantee or confidence interval
6,round,5,e2e_inference_ms,E2E inference latency,300,31.17201124,4.882615247892624,30.142305999999998,38.24056995,43.34179241,23.721056,65.940688,measured,descriptive samples; no independent-environment tail guarantee or confidence interval
6,round,5,device_inference_cuda_ms,device-side inference (CUDA Event auxiliary),300,13.177671155929566,3.2310076691312233,12.37004804611206,18.648540878295897,21.430223770141588,9.061375617980957,24.367359161376953,measured,descriptive samples; no independent-environment tail guarantee or confidence interval
6,round,5,remote_roundtrip_ms,activation-ready to CPU logits roundtrip,300,17.709462026666667,3.4720514933365942,17.090609999999998,22.010518750000003,26.161427689999996,13.585394,54.702909,measured,descriptive samples; no independent-environment tail guarantee or confidence interval
6,round,6,device_inference_ms,device-side inference,300,13.729230043333333,3.495845689780916,12.680601,21.12138305,22.614691309999998,9.889688,23.369776,measured,descriptive samples; no independent-environment tail guarantee or confidence interval
6,round,6,e2e_inference_ms,E2E inference latency,300,32.53951630666667,11.49356216961161,30.6265025,39.87080655,48.83779009999921,24.070945,141.262238,measured,descriptive samples; no independent-environment tail guarantee or confidence interval
6,round,6,device_inference_cuda_ms,device-side inference (CUDA Event auxiliary),300,13.429933036168416,3.4348261135849545,12.401519775390625,20.67346076965332,22.13219694137573,9.63321590423584,22.871295928955078,measured,descriptive samples; no independent-environment tail guarantee or confidence interval
6,round,6,remote_roundtrip_ms,activation-ready to CPU logits roundtrip,300,18.810286263333335,10.600178178323329,17.2336795,23.037568150000002,27.21443774999921,13.880792,129.518131,measured,descriptive samples; no independent-environment tail guarantee or confidence interval
6,round,7,device_inference_ms,device-side inference,300,13.74417063,3.5259844713744934,12.7107645,19.948140450000007,24.44535152,9.89917,27.731446,measured,descriptive samples; no independent-environment tail guarantee or confidence interval
6,round,7,e2e_inference_ms,E2E inference latency,300,32.018237246666665,5.255008539581824,30.8236375,42.01973995,46.363858629999974,24.86621,65.846,measured,descriptive samples; no independent-environment tail guarantee or confidence interval
6,round,7,device_inference_cuda_ms,device-side inference (CUDA Event auxiliary),300,13.448153063456218,3.465028456010157,12.445807933807373,19.509826564788828,23.916725254058836,9.638400077819824,27.150495529174805,measured,descriptive samples; no independent-environment tail guarantee or confidence interval
6,round,7,remote_roundtrip_ms,activation-ready to CPU logits roundtrip,300,18.274066616666666,3.222376895984952,17.4459545,24.317609900000004,28.119863959999986,13.961866,42.820605,measured,descriptive samples; no independent-environment tail guarantee or confidence interval
6,round,8,device_inference_ms,device-side inference,300,13.775869616666666,3.5418414250267882,12.763161499999999,20.6075735,23.75914308999999,8.7936,28.253857,measured,descriptive samples; no independent-environment tail guarantee or confidence interval
6,round,8,e2e_inference_ms,E2E inference latency,300,33.28938384666667,9.33739916719367,31.664118000000002,44.43491925,63.619776099999946,24.645793,151.203437,measured,descriptive samples; no independent-environment tail guarantee or confidence interval
6,round,8,device_inference_cuda_ms,device-side inference (CUDA Event auxiliary),300,13.477543220520019,3.481342154793398,12.48360013961792,20.168537998199465,23.259752407073968,8.557215690612793,27.67136001586914,measured,descriptive samples; no independent-environment tail guarantee or confidence interval
6,round,8,remote_roundtrip_ms,activation-ready to CPU logits roundtrip,300,19.51351423,8.466404259684861,17.571061,28.1681236,52.45881425999998,14.06197,130.761814,measured,descriptive samples; no independent-environment tail guarantee or confidence interval
6,round,9,device_inference_ms,device-side inference,300,13.631281393333333,3.4571437656511392,12.792876,20.234509550000002,23.412586119999997,9.80642,27.138053,measured,descriptive samples; no independent-environment tail guarantee or confidence interval
6,round,9,e2e_inference_ms,E2E inference latency,300,31.753850216666667,6.193232804265811,30.930107,39.47535825000001,48.92375310999994,24.341224,96.930872,measured,descriptive samples; no independent-environment tail guarantee or confidence interval
6,round,9,device_inference_cuda_ms,device-side inference (CUDA Event auxiliary),300,13.331531394322713,3.406602497121925,12.488111972808838,19.797147083282475,22.914545898437495,9.55247974395752,26.565439224243164,measured,descriptive samples; no independent-environment tail guarantee or confidence interval
6,round,9,remote_roundtrip_ms,activation-ready to CPU logits roundtrip,300,18.122568823333335,4.733006710517319,17.0976425,24.2505896,28.196320809999982,14.350527,79.457181,measured,descriptive samples; no independent-environment tail guarantee or confidence interval
6,round,10,device_inference_ms,device-side inference,300,13.894807153333334,3.583819372746995,12.788402999999999,20.894415000000002,22.35699751,9.830217,26.673616,measured,descriptive samples; no independent-environment tail guarantee or confidence interval
6,round,10,e2e_inference_ms,E2E inference latency,300,33.43220061,8.030028493947757,31.8429255,43.98684120000001,52.40230040999995,23.852252,125.271443,measured,descriptive samples; no independent-environment tail guarantee or confidence interval
6,round,10,device_inference_cuda_ms,device-side inference (CUDA Event auxiliary),300,13.594745397567749,3.528821784423911,12.491199970245361,20.436098766326907,21.871645507812495,9.5730562210083,26.120351791381836,measured,descriptive samples; no independent-environment tail guarantee or confidence interval
6,round,10,remote_roundtrip_ms,activation-ready to CPU logits roundtrip,300,19.537393456666667,6.881878550681757,18.0906105,27.267485950000008,39.465523059999995,13.98546,109.077157,measured,descriptive samples; no independent-environment tail guarantee or confidence interval
7,pooled,NA,device_inference_ms,device-side inference,3000,21.186555011666666,5.135756834307961,19.76298,31.1637977,34.41726594999999,15.108735,39.929046,measured,descriptive samples; no independent-environment tail guarantee or confidence interval
7,pooled,NA,e2e_inference_ms,E2E inference latency,3000,31.223102646,7.997167182506553,29.513303999999998,42.3131706,48.71377544999998,21.501258,294.753805,measured,descriptive samples; no independent-environment tail guarantee or confidence interval
7,pooled,NA,device_inference_cuda_ms,device-side inference (CUDA Event auxiliary),3000,20.890216364860535,5.081573603306241,19.474783897399902,30.838812923431394,34.03791751861569,14.771455764770508,39.32851028442383,measured,descriptive samples; no independent-environment tail guarantee or confidence interval
7,pooled,NA,remote_roundtrip_ms,activation-ready to CPU logits roundtrip,3000,10.036547634333333,5.963433496430594,9.174704,14.704474549999999,21.78925128999991,5.932493,268.379115,measured,descriptive samples; no independent-environment tail guarantee or confidence interval
7,round,1,device_inference_ms,device-side inference,300,21.67276146,5.26969437647768,20.1523785,31.58536335,34.39749765,15.562193,36.947814,measured,descriptive samples; no independent-environment tail guarantee or confidence interval
7,round,1,e2e_inference_ms,E2E inference latency,300,31.89308447333333,6.081616994721497,30.442052,42.82508850000001,49.132876649999986,22.704794,52.38503,measured,descriptive samples; no independent-environment tail guarantee or confidence interval
7,round,1,device_inference_cuda_ms,device-side inference (CUDA Event auxiliary),300,21.36146450996399,5.215437319413938,19.837183952331543,31.13139533996582,34.19215312957763,15.292960166931152,36.40492630004883,measured,descriptive samples; no independent-environment tail guarantee or confidence interval
7,round,1,remote_roundtrip_ms,activation-ready to CPU logits roundtrip,300,10.220323013333333,2.4808183987058205,9.674185000000001,14.959804000000002,18.35928280999998,6.817137,27.429169,measured,descriptive samples; no independent-environment tail guarantee or confidence interval
7,round,2,device_inference_ms,device-side inference,300,20.943212653333333,5.06772698839284,19.6026335,30.711265600000004,33.769698469999994,15.335857,35.024615,measured,descriptive samples; no independent-environment tail guarantee or confidence interval
7,round,2,e2e_inference_ms,E2E inference latency,300,30.99916009,6.510062999227405,29.448615,41.9230377,49.504073709999965,22.762386,73.093025,measured,descriptive samples; no independent-environment tail guarantee or confidence interval
7,round,2,device_inference_cuda_ms,device-side inference (CUDA Event auxiliary),300,20.65071911493937,5.01454675524592,19.309375762939453,30.267347049713138,33.285063095092774,15.083935737609863,34.50739288330078,measured,descriptive samples; no independent-environment tail guarantee or confidence interval
7,round,2,remote_roundtrip_ms,activation-ready to CPU logits roundtrip,300,10.055947436666667,3.7744291206975533,9.287988,14.422574000000003,18.570242189999895,6.608452,54.846098,measured,descriptive samples; no independent-environment tail guarantee or confidence interval
7,round,3,device_inference_ms,device-side inference,300,21.281664493333334,5.1216478092029565,19.769495,31.277195600000002,33.50575795,15.524569,34.526102,measured,descriptive samples; no independent-environment tail guarantee or confidence interval
7,round,3,e2e_inference_ms,E2E inference latency,300,30.898061066666667,5.6468132138108,29.4117075,41.1737892,45.04011842,22.824691,49.11476,measured,descriptive samples; no independent-environment tail guarantee or confidence interval
7,round,3,device_inference_cuda_ms,device-side inference (CUDA Event auxiliary),300,20.98701825459798,5.071836734292654,19.514384269714355,30.967217922210693,33.0240701675415,15.274399757385254,34.0365104675293,measured,descriptive samples; no independent-environment tail guarantee or confidence interval
7,round,3,remote_roundtrip_ms,activation-ready to CPU logits roundtrip,300,9.616396573333333,1.8342317862845834,9.239431499999998,13.7694866,14.741987449999996,6.942304,16.754484,measured,descriptive samples; no independent-environment tail guarantee or confidence interval
7,round,4,device_inference_ms,device-side inference,300,20.39269119,4.463155049369151,19.456364,29.146806150000003,32.20401655,15.447764,32.552889,measured,descriptive samples; no independent-environment tail guarantee or confidence interval
7,round,4,e2e_inference_ms,E2E inference latency,300,29.329118656666665,5.14555525764052,28.0715835,38.7420051,42.06900565999996,21.501258,58.552826,measured,descriptive samples; no independent-environment tail guarantee or confidence interval
7,round,4,device_inference_cuda_ms,device-side inference (CUDA Event auxiliary),300,20.10950369199117,4.422047475351321,19.168383598327637,28.72824792861939,31.690077037811278,15.239359855651855,32.07539367675781,measured,descriptive samples; no independent-environment tail guarantee or confidence interval
7,round,4,remote_roundtrip_ms,activation-ready to CPU logits roundtrip,300,8.936427466666666,2.4065270398577483,8.391941,12.274986000000002,15.169093499999997,5.932493,31.063056,measured,descriptive samples; no independent-environment tail guarantee or confidence interval
7,round,5,device_inference_ms,device-side inference,300,20.946446813333335,4.9235450656964055,19.709147,29.2266523,33.32475920999998,15.344995,36.457002,measured,descriptive samples; no independent-environment tail guarantee or confidence interval
7,round,5,e2e_inference_ms,E2E inference latency,300,31.013660013333332,6.664993723459551,28.9593565,42.20781770000001,53.089421039999955,22.213568,77.221201,measured,descriptive samples; no independent-environment tail guarantee or confidence interval
7,round,5,device_inference_cuda_ms,device-side inference (CUDA Event auxiliary),300,20.64974442799886,4.8632368842557945,19.42473602294922,29.03831281661987,32.850864868164045,15.100223541259766,35.92451095581055,measured,descriptive samples; no independent-environment tail guarantee or confidence interval
7,round,5,remote_roundtrip_ms,activation-ready to CPU logits roundtrip,300,10.0672132,4.2224345161800825,9.182218500000001,14.32538215000001,27.634383419999974,6.49044,59.352554,measured,descriptive samples; no independent-environment tail guarantee or confidence interval
7,round,6,device_inference_ms,device-side inference,300,21.3661906,5.330740368580777,19.7930725,32.74182805,34.74314347,15.567699,36.293748,measured,descriptive samples; no independent-environment tail guarantee or confidence interval
7,round,6,e2e_inference_ms,E2E inference latency,300,31.115314363333333,5.767882748498106,29.912281,41.5093562,46.58815501,22.745329,57.602831,measured,descriptive samples; no independent-environment tail guarantee or confidence interval
7,round,6,device_inference_cuda_ms,device-side inference (CUDA Event auxiliary),300,21.06976585070292,5.2803883920601455,19.494879722595215,32.5524341583252,34.245263175964354,15.31446361541748,35.799007415771484,measured,descriptive samples; no independent-environment tail guarantee or confidence interval
7,round,6,remote_roundtrip_ms,activation-ready to CPU logits roundtrip,300,9.749123763333333,2.300387838758751,9.133138,14.442808700000002,17.87377326,6.719164,22.93946,measured,descriptive samples; no independent-environment tail guarantee or confidence interval
7,round,7,device_inference_ms,device-side inference,300,21.23586552,5.218132351567698,19.7936275,30.85142995,35.86622575,15.351124,37.185931,measured,descriptive samples; no independent-environment tail guarantee or confidence interval
7,round,7,e2e_inference_ms,E2E inference latency,300,31.061220346666666,5.900899213156903,29.203999500000002,41.831437,47.05799974999999,22.737588,50.260803,measured,descriptive samples; no independent-environment tail guarantee or confidence interval
7,round,7,device_inference_cuda_ms,device-side inference (CUDA Event auxiliary),300,20.938543294270833,5.156928685221379,19.489871978759766,30.410346412658694,35.35228618621826,14.771455764770508,36.65043258666992,measured,descriptive samples; no independent-environment tail guarantee or confidence interval
7,round,7,remote_roundtrip_ms,activation-ready to CPU logits roundtrip,300,9.825354826666667,2.6420110458267616,9.049559,14.614057850000002,21.390734049999995,6.780516,24.736607,measured,descriptive samples; no independent-environment tail guarantee or confidence interval
7,round,8,device_inference_ms,device-side inference,300,21.34420801,5.318423106690382,19.8617675,31.63148435,36.327337969999995,15.108735,39.929046,measured,descriptive samples; no independent-environment tail guarantee or confidence interval
7,round,8,e2e_inference_ms,E2E inference latency,300,32.208997966666665,8.655077253111905,30.2756305,45.4723147,59.446069759999986,22.236808,121.48023,measured,descriptive samples; no independent-environment tail guarantee or confidence interval
7,round,8,device_inference_cuda_ms,device-side inference (CUDA Event auxiliary),300,21.0505170917511,5.25870200050308,19.591232299804688,31.17858572006226,35.81740768432617,14.923839569091797,39.32851028442383,measured,descriptive samples; no independent-environment tail guarantee or confidence interval
7,round,8,remote_roundtrip_ms,activation-ready to CPU logits roundtrip,300,10.864789956666666,6.9905167057945725,9.3754645,17.12683535,35.62633126999992,6.66171,103.630712,measured,descriptive samples; no independent-environment tail guarantee or confidence interval
7,round,9,device_inference_ms,device-side inference,300,21.059584543333333,5.092592180516932,19.8764805,31.02246205,35.228870320000006,15.216522,36.138006,measured,descriptive samples; no independent-environment tail guarantee or confidence interval
7,round,9,e2e_inference_ms,E2E inference latency,300,30.837523763333333,5.617652880843446,29.517419,41.8193713,44.866833289999995,22.707403,46.351375,measured,descriptive samples; no independent-environment tail guarantee or confidence interval
7,round,9,device_inference_cuda_ms,device-side inference (CUDA Event auxiliary),300,20.76477691332499,5.036568227304109,19.651391983032227,30.583468532562257,34.72547737121582,14.952960014343262,35.6049919128418,measured,descriptive samples; no independent-environment tail guarantee or confidence interval
7,round,9,remote_roundtrip_ms,activation-ready to CPU logits roundtrip,300,9.77793922,2.470865483631061,9.299404,14.01488745,20.93637717,6.527839,29.599974,measured,descriptive samples; no independent-environment tail guarantee or confidence interval
7,round,10,device_inference_ms,device-side inference,300,21.622924833333332,5.438878213068256,19.980138500000002,32.39650160000001,34.48729417,15.340762,37.832702,measured,descriptive samples; no independent-environment tail guarantee or confidence interval
7,round,10,e2e_inference_ms,E2E inference latency,300,32.87488572,16.631665428891214,30.2314355,44.18044865,50.59795120999995,22.426114,294.753805,measured,descriptive samples; no independent-environment tail guarantee or confidence interval
7,round,10,device_inference_cuda_ms,device-side inference (CUDA Event auxiliary),300,21.32011049906413,5.385832017373988,19.684672355651855,32.14153556823731,34.019612159729,15.087295532226562,37.28246307373047,measured,descriptive samples; no independent-environment tail guarantee or confidence interval
7,round,10,remote_roundtrip_ms,activation-ready to CPU logits roundtrip,300,11.251960886666668,15.436126217381386,9.2303665,18.922349250000003,25.13184353999997,6.549968,268.379115,measured,descriptive samples; no independent-environment tail guarantee or confidence interval
8,pooled,NA,device_inference_ms,device-side inference,3000,19.963818645333333,4.367588994975388,19.6597675,27.951200049999997,30.850700099999994,13.517051,35.535708,measured,descriptive samples; no independent-environment tail guarantee or confidence interval
8,pooled,NA,e2e_inference_ms,E2E inference latency,3000,29.384567438,6.024023650741586,28.166961,38.998504149999995,45.864278889999994,18.799364,131.839375,measured,descriptive samples; no independent-environment tail guarantee or confidence interval
8,pooled,NA,device_inference_cuda_ms,device-side inference (CUDA Event auxiliary),3000,19.912074758211773,4.366822186335161,19.60420799255371,27.901548862457272,30.801621551513666,13.475647926330566,35.47129440307617,measured,descriptive samples; no independent-environment tail guarantee or confidence interval
8,pooled,NA,remote_roundtrip_ms,activation-ready to CPU logits roundtrip,3000,9.420748792666666,3.999996465076271,8.8174895,14.250118199999992,21.22682135999986,4.12077,115.160327,measured,descriptive samples; no independent-environment tail guarantee or confidence interval
8,round,1,device_inference_ms,device-side inference,300,20.356218496666667,4.625529403063109,19.919104,28.510483100000002,32.29687445,14.190852,34.145696,measured,descriptive samples; no independent-environment tail guarantee or confidence interval
8,round,1,e2e_inference_ms,E2E inference latency,300,29.804411596666668,5.334175114205846,28.7562105,38.762366400000005,41.864996139999995,21.233852,47.28219,measured,descriptive samples; no independent-environment tail guarantee or confidence interval
8,round,1,device_inference_cuda_ms,device-side inference (CUDA Event auxiliary),300,20.303462158838908,4.625040989087946,19.864863395690918,28.462436771392824,32.24860877990723,14.145088195800781,34.08668899536133,measured,descriptive samples; no independent-environment tail guarantee or confidence interval
8,round,1,remote_roundtrip_ms,activation-ready to CPU logits roundtrip,300,9.4481931,2.646906661178707,8.875306,14.5181325,16.584348879999997,5.255435,22.929343,measured,descriptive samples; no independent-environment tail guarantee or confidence interval
8,round,2,device_inference_ms,device-side inference,300,19.780419616666666,4.289876963681662,19.5638185,27.89807325,30.314759040000002,13.993293,32.110769,measured,descriptive samples; no independent-environment tail guarantee or confidence interval
8,round,2,e2e_inference_ms,E2E inference latency,300,29.24202633333333,6.25211488911168,28.0554365,38.81613795,46.280675169999824,20.123511,69.241171,measured,descriptive samples; no independent-environment tail guarantee or confidence interval
8,round,2,device_inference_cuda_ms,device-side inference (CUDA Event auxiliary),300,19.729005864461264,4.290986261165583,19.51691246032715,27.848674964904784,30.249394435882568,13.924736022949219,32.06576156616211,measured,descriptive samples; no independent-environment tail guarantee or confidence interval
8,round,2,remote_roundtrip_ms,activation-ready to CPU logits roundtrip,300,9.461606716666667,4.770647066811929,8.656960999999999,13.869794300000002,16.179429059999702,4.443096,53.755971,measured,descriptive samples; no independent-environment tail guarantee or confidence interval
8,round,3,device_inference_ms,device-side inference,300,19.848465346666668,4.324394735662139,19.6086185,27.84935975,31.5171592,13.517051,32.855974,measured,descriptive samples; no independent-environment tail guarantee or confidence interval
8,round,3,e2e_inference_ms,E2E inference latency,300,29.170405816666666,5.123586846031028,28.055704,38.78682210000001,44.83898905,20.247002,48.224979,measured,descriptive samples; no independent-environment tail guarantee or confidence interval
8,round,3,device_inference_cuda_ms,device-side inference (CUDA Event auxiliary),300,19.79787722269694,4.325136294944244,19.56051254272461,27.798440647125247,31.474525279998776,13.475647926330566,32.8047981262207,measured,descriptive samples; no independent-environment tail guarantee or confidence interval
8,round,3,remote_roundtrip_ms,activation-ready to CPU logits roundtrip,300,9.32194047,2.7073783523668533,8.814235499999999,13.808538700000001,17.453164619999992,4.551135,28.194913,measured,descriptive samples; no independent-environment tail guarantee or confidence interval
8,round,4,device_inference_ms,device-side inference,300,19.65282557,3.9580652659723876,19.487627,27.487656,30.383093159999998,14.61588,30.947908,measured,descriptive samples; no independent-environment tail guarantee or confidence interval
8,round,4,e2e_inference_ms,E2E inference latency,300,28.436258226666666,4.620108259502624,27.3899875,37.19658315,40.74094568,21.050471,41.561878,measured,descriptive samples; no independent-environment tail guarantee or confidence interval
8,round,4,device_inference_cuda_ms,device-side inference (CUDA Event auxiliary),300,19.601853233973184,3.9566615192869947,19.44068717956543,27.427288818359376,30.329878425598142,14.569375991821289,30.893407821655273,measured,descriptive samples; no independent-environment tail guarantee or confidence interval
8,round,4,remote_roundtrip_ms,activation-ready to CPU logits roundtrip,300,8.783432656666667,2.3265876050798133,8.3095425,13.058830850000001,15.443273409999996,4.883109,17.318728,measured,descriptive samples; no independent-environment tail guarantee or confidence interval
8,round,5,device_inference_ms,device-side inference,300,19.913532796666665,4.304046733315838,19.6752385,27.8959651,29.393042159999993,13.555172,33.513226,measured,descriptive samples; no independent-environment tail guarantee or confidence interval
8,round,5,e2e_inference_ms,E2E inference latency,300,29.09729683,5.592531823128482,27.6032425,37.6560897,48.02480197999995,19.721211,63.670668,measured,descriptive samples; no independent-environment tail guarantee or confidence interval
8,round,5,device_inference_cuda_ms,device-side inference (CUDA Event auxiliary),300,19.861161327362062,4.30385762039289,19.616080284118652,27.84862003326416,29.336635570526116,13.522303581237793,33.465824127197266,measured,descriptive samples; no independent-environment tail guarantee or confidence interval
8,round,5,remote_roundtrip_ms,activation-ready to CPU logits roundtrip,300,9.183764033333333,3.202387480017401,8.747619499999999,12.9725928,17.73224069999991,4.734839,35.070309,measured,descriptive samples; no independent-environment tail guarantee or confidence interval
8,round,6,device_inference_ms,device-side inference,300,19.856219203333332,4.278249930959231,19.582103500000002,27.34751175,30.195049849999993,13.627421,31.962265,measured,descriptive samples; no independent-environment tail guarantee or confidence interval
8,round,6,e2e_inference_ms,E2E inference latency,300,29.147419613333334,5.156135696202201,28.406908,38.23080755,41.48698213999997,19.427784,51.497593,measured,descriptive samples; no independent-environment tail guarantee or confidence interval
8,round,6,device_inference_cuda_ms,device-side inference (CUDA Event auxiliary),300,19.805629380544026,4.277181154309187,19.530863761901855,27.30071201324463,30.142179813385003,13.589311599731445,31.909343719482422,measured,descriptive samples; no independent-environment tail guarantee or confidence interval
8,round,6,remote_roundtrip_ms,activation-ready to CPU logits roundtrip,300,9.29120041,2.939225294061954,8.870017,13.916626700000004,17.728727209999995,4.201643,30.256822,measured,descriptive samples; no independent-environment tail guarantee or confidence interval
8,round,7,device_inference_ms,device-side inference,300,20.028553463333335,4.413204694081909,19.70953,27.90264835,30.538025429999998,13.622245,35.535708,measured,descriptive samples; no independent-environment tail guarantee or confidence interval
8,round,7,e2e_inference_ms,E2E inference latency,300,29.375327136666666,5.442705584750823,28.360922,40.2891697,43.786225849999994,20.216473,47.028417,measured,descriptive samples; no independent-environment tail guarantee or confidence interval
8,round,7,device_inference_cuda_ms,device-side inference (CUDA Event auxiliary),300,19.97730357805888,4.412309556802551,19.66089630126953,27.8585542678833,30.484472522735594,13.57919979095459,35.47129440307617,measured,descriptive samples; no independent-environment tail guarantee or confidence interval
8,round,7,remote_roundtrip_ms,activation-ready to CPU logits roundtrip,300,9.346773673333333,3.0434628343501005,8.826461,14.123651500000005,18.551917759999984,4.620561,29.714883,measured,descriptive samples; no independent-environment tail guarantee or confidence interval
8,round,8,device_inference_ms,device-side inference,300,20.430447763333333,4.711417162492341,19.970499,28.2265748,32.871683779999984,13.624328,35.238132,measured,descriptive samples; no independent-environment tail guarantee or confidence interval
8,round,8,e2e_inference_ms,E2E inference latency,300,30.638957256666668,9.630208420646525,28.883511,42.32510045,64.53298152999997,18.799364,131.839375,measured,descriptive samples; no independent-environment tail guarantee or confidence interval
8,round,8,device_inference_cuda_ms,device-side inference (CUDA Event auxiliary),300,20.3786736869812,4.7105079692380665,19.924528121948242,28.169950103759767,32.81888946533202,13.583200454711914,35.17398452758789,measured,descriptive samples; no independent-environment tail guarantee or confidence interval
8,round,8,remote_roundtrip_ms,activation-ready to CPU logits roundtrip,300,10.208509493333333,8.037302237433837,8.956806,16.039315900000002,48.524641489999986,4.12077,115.160327,measured,descriptive samples; no independent-environment tail guarantee or confidence interval
8,round,9,device_inference_ms,device-side inference,300,19.912151303333335,4.4026818601559725,19.640080500000003,28.260701949999998,30.089792510000002,13.616653,31.502446,measured,descriptive samples; no independent-environment tail guarantee or confidence interval
8,round,9,e2e_inference_ms,E2E inference latency,300,28.920529483333333,5.35706116957864,27.635982,38.613188449999996,42.33533928,19.484071,45.655427,measured,descriptive samples; no independent-environment tail guarantee or confidence interval
8,round,9,device_inference_cuda_ms,device-side inference (CUDA Event auxiliary),300,19.857537263234455,4.399672409000983,19.58892822265625,28.213536930084228,30.04389585494995,13.573792457580566,31.4517765045166,measured,descriptive samples; no independent-environment tail guarantee or confidence interval
8,round,9,remote_roundtrip_ms,activation-ready to CPU logits roundtrip,300,9.00837818,2.6516976445689284,8.721075500000001,14.098903600000002,16.762323929999994,4.760422,22.143964,measured,descriptive samples; no independent-environment tail guarantee or confidence interval
8,round,10,device_inference_ms,device-side inference,300,19.859352893333334,4.328108597410205,19.5242525,27.9398294,30.526517559999995,13.77283,32.585137,measured,descriptive samples; no independent-environment tail guarantee or confidence interval
8,round,10,e2e_inference_ms,E2E inference latency,300,30.013042086666665,6.0367056673970945,28.806872,39.8089135,48.954634099999986,19.619471,64.006261,measured,descriptive samples; no independent-environment tail guarantee or confidence interval
8,round,10,device_inference_cuda_ms,device-side inference (CUDA Event auxiliary),300,19.808243865966798,4.326708862472701,19.47726345062256,27.890236759185793,30.460958442687982,13.733759880065918,32.5379524230957,measured,descriptive samples; no independent-environment tail guarantee or confidence interval
8,round,10,remote_roundtrip_ms,activation-ready to CPU logits roundtrip,300,10.153689193333333,4.044231276812051,9.2655145,17.134360050000005,28.317536839999992,5.26237,32.3466,measured,descriptive samples; no independent-environment tail guarantee or confidence interval
9,pooled,NA,device_inference_ms,device-side inference,3000,18.468907639,3.451049782306131,16.7090615,25.86251835,27.30916811,13.535273,29.781484,measured,descriptive samples; no independent-environment tail guarantee or confidence interval
9,pooled,NA,e2e_inference_ms,E2E inference latency,3000,18.531353655,3.4506633880700406,16.771233000000002,25.92058715,27.369358509999998,13.589319,29.8383,measured,descriptive samples; no independent-environment tail guarantee or confidence interval
9,pooled,NA,device_inference_cuda_ms,device-side inference (CUDA Event auxiliary),3000,18.420871243476867,3.4514849338590636,16.66166400909424,25.814562702178954,27.26207773208618,13.494815826416016,29.734399795532227,measured,descriptive samples; no independent-environment tail guarantee or confidence interval
9,pooled,NA,remote_roundtrip_ms,activation-ready to CPU logits roundtrip,0,NA,NA,NA,NA,NA,NA,NA,measured,descriptive samples; no independent-environment tail guarantee or confidence interval
9,round,1,device_inference_ms,device-side inference,300,18.83332028,3.612866767759714,16.955934999999997,26.097370150000003,26.82296307,13.646367,28.06435,measured,descriptive samples; no independent-environment tail guarantee or confidence interval
9,round,1,e2e_inference_ms,E2E inference latency,300,18.89811995,3.612894854254576,17.0240425,26.1537426,26.89347719,13.704237,28.119406,measured,descriptive samples; no independent-environment tail guarantee or confidence interval
9,round,1,device_inference_cuda_ms,device-side inference (CUDA Event auxiliary),300,18.784714374542236,3.6131009847908877,16.909343719482422,26.04811182022095,26.775730953216552,13.598496437072754,28.019968032836914,measured,descriptive samples; no independent-environment tail guarantee or confidence interval
9,round,1,remote_roundtrip_ms,activation-ready to CPU logits roundtrip,0,NA,NA,NA,NA,NA,NA,NA,measured,descriptive samples; no independent-environment tail guarantee or confidence interval
9,round,2,device_inference_ms,device-side inference,300,18.47201634,3.423669152343329,16.6507525,25.740757700000003,26.91548638,13.535273,27.469235,measured,descriptive samples; no independent-environment tail guarantee or confidence interval
9,round,2,e2e_inference_ms,E2E inference latency,300,18.533640626666667,3.4231480384486317,16.7114755,25.8004663,26.97214915,13.589319,27.53205,measured,descriptive samples; no independent-environment tail guarantee or confidence interval
9,round,2,device_inference_cuda_ms,device-side inference (CUDA Event auxiliary),300,18.424443435668945,3.4237496944007417,16.596128463745117,25.69367380142212,26.872778186798094,13.494815826416016,27.425151824951172,measured,descriptive samples; no independent-environment tail guarantee or confidence interval
9,round,2,remote_roundtrip_ms,activation-ready to CPU logits roundtrip,0,NA,NA,NA,NA,NA,NA,NA,measured,descriptive samples; no independent-environment tail guarantee or confidence interval
9,round,3,device_inference_ms,device-side inference,300,18.71480389,3.6192518746110203,16.783724999999997,26.54864775,27.47922354,13.618506,27.980939,measured,descriptive samples; no independent-environment tail guarantee or confidence interval
9,round,3,e2e_inference_ms,E2E inference latency,300,18.77758748666667,3.618128841049586,16.84829,26.60460835,27.53477564,13.672099,28.035652,measured,descriptive samples; no independent-environment tail guarantee or confidence interval
9,round,3,device_inference_cuda_ms,device-side inference (CUDA Event auxiliary),300,18.666723601023357,3.6201502638183616,16.737807273864746,26.505790328979494,27.434130268096922,13.579263687133789,27.937664031982422,measured,descriptive samples; no independent-environment tail guarantee or confidence interval
9,round,3,remote_roundtrip_ms,activation-ready to CPU logits roundtrip,0,NA,NA,NA,NA,NA,NA,NA,measured,descriptive samples; no independent-environment tail guarantee or confidence interval
9,round,4,device_inference_ms,device-side inference,300,18.11247834,3.0704086189390853,16.556120999999997,24.81980955,26.68921438,13.591274,27.47216,measured,descriptive samples; no independent-environment tail guarantee or confidence interval
9,round,4,e2e_inference_ms,E2E inference latency,300,18.174598786666667,3.069699580898505,16.624125,24.872253100000002,26.75723244,13.642385,27.523873,measured,descriptive samples; no independent-environment tail guarantee or confidence interval
9,round,4,device_inference_cuda_ms,device-side inference (CUDA Event auxiliary),300,18.064784847895304,3.0706569312692324,16.506832122802734,24.767714023590088,26.636345787048338,13.55571174621582,27.432287216186523,measured,descriptive samples; no independent-environment tail guarantee or confidence interval
9,round,4,remote_roundtrip_ms,activation-ready to CPU logits roundtrip,0,NA,NA,NA,NA,NA,NA,NA,measured,descriptive samples; no independent-environment tail guarantee or confidence interval
9,round,5,device_inference_ms,device-side inference,300,18.382912463333334,3.3653022750916346,16.677655,25.855480749999998,26.70152749,13.627661,29.32239,measured,descriptive samples; no independent-environment tail guarantee or confidence interval
9,round,5,e2e_inference_ms,E2E inference latency,300,18.446430096666667,3.3643906699778254,16.745673500000002,25.92253515,26.75723721,13.68144,29.399261,measured,descriptive samples; no independent-environment tail guarantee or confidence interval
9,round,5,device_inference_cuda_ms,device-side inference (CUDA Event auxiliary),300,18.334132744471233,3.364914330577,16.63163185119629,25.795790481567384,26.659431171417236,13.580863952636719,29.2608642578125,measured,descriptive samples; no independent-environment tail guarantee or confidence interval
9,round,5,remote_roundtrip_ms,activation-ready to CPU logits roundtrip,0,NA,NA,NA,NA,NA,NA,NA,measured,descriptive samples; no independent-environment tail guarantee or confidence interval
9,round,6,device_inference_ms,device-side inference,300,18.467199573333332,3.409143189510604,16.711723499999998,25.4236322,27.28110267,13.580236,28.892887,measured,descriptive samples; no independent-environment tail guarantee or confidence interval
9,round,6,e2e_inference_ms,E2E inference latency,300,18.530287816666668,3.4085355059136226,16.78421,25.48705185,27.336791209999998,13.633828,28.948536,measured,descriptive samples; no independent-environment tail guarantee or confidence interval
9,round,6,device_inference_cuda_ms,device-side inference (CUDA Event auxiliary),300,18.418853635787965,3.4108768045903552,16.660287857055664,25.376771068573,27.237654399871825,13.546463966369629,28.84796714782715,measured,descriptive samples; no independent-environment tail guarantee or confidence interval
9,round,6,remote_roundtrip_ms,activation-ready to CPU logits roundtrip,0,NA,NA,NA,NA,NA,NA,NA,measured,descriptive samples; no independent-environment tail guarantee or confidence interval
9,round,7,device_inference_ms,device-side inference,300,18.50578202333333,3.5903602268689463,16.672894999999997,26.062240850000002,27.63412008,13.609616,28.192837,measured,descriptive samples; no independent-environment tail guarantee or confidence interval
9,round,7,e2e_inference_ms,E2E inference latency,300,18.569133876666665,3.5899895900026952,16.729442,26.11841725,27.689521399999997,13.667311,28.243208,measured,descriptive samples; no independent-environment tail guarantee or confidence interval
9,round,7,device_inference_cuda_ms,device-side inference (CUDA Event auxiliary),300,18.45807544708252,3.5906575864515418,16.630895614624023,26.016344261169433,27.584770011901856,13.56611156463623,28.15228843688965,measured,descriptive samples; no independent-environment tail guarantee or confidence interval
9,round,7,remote_roundtrip_ms,activation-ready to CPU logits roundtrip,0,NA,NA,NA,NA,NA,NA,NA,measured,descriptive samples; no independent-environment tail guarantee or confidence interval
9,round,8,device_inference_ms,device-side inference,300,18.56720064,3.6147024804839916,16.768326000000002,26.16742825,27.45781858,13.578801,29.428195,measured,descriptive samples; no independent-environment tail guarantee or confidence interval
9,round,8,e2e_inference_ms,E2E inference latency,300,18.62839527,3.6146067533870276,16.837785,26.22463775,27.53143899,13.639745,29.497992,measured,descriptive samples; no independent-environment tail guarantee or confidence interval
9,round,8,device_inference_cuda_ms,device-side inference (CUDA Event auxiliary),300,18.519853922526043,3.6139463348705685,16.719152450561523,26.123579597473146,27.396629638671875,13.539423942565918,29.366239547729492,measured,descriptive samples; no independent-environment tail guarantee or confidence interval
9,round,8,remote_roundtrip_ms,activation-ready to CPU logits roundtrip,0,NA,NA,NA,NA,NA,NA,NA,measured,descriptive samples; no independent-environment tail guarantee or confidence interval
9,round,9,device_inference_ms,device-side inference,300,18.319012596666667,3.3448273690752717,16.7319785,25.65360425,27.30916811,13.601642,27.507019,measured,descriptive samples; no independent-environment tail guarantee or confidence interval
9,round,9,e2e_inference_ms,E2E inference latency,300,18.379875013333333,3.3448291555432914,16.791122,25.70701365,27.36935851,13.653588,27.559287,measured,descriptive samples; no independent-environment tail guarantee or confidence interval
9,round,9,device_inference_cuda_ms,device-side inference (CUDA Event auxiliary),300,18.270120827356973,3.3463697706882334,16.688655853271484,25.610330390930176,27.262077732086183,13.565823554992676,27.453920364379883,measured,descriptive samples; no independent-environment tail guarantee or confidence interval
9,round,9,remote_roundtrip_ms,activation-ready to CPU logits roundtrip,0,NA,NA,NA,NA,NA,NA,NA,measured,descriptive samples; no independent-environment tail guarantee or confidence interval
9,round,10,device_inference_ms,device-side inference,300,18.314350243333333,3.417118541273113,16.6277595,25.5266095,26.978983299999992,13.617717,29.781484,measured,descriptive samples; no independent-environment tail guarantee or confidence interval
9,round,10,e2e_inference_ms,E2E inference latency,300,18.375467626666666,3.41712818289523,16.68626,25.57798525,27.034292199999992,13.674171,29.8383,measured,descriptive samples; no independent-environment tail guarantee or confidence interval
9,round,10,device_inference_cuda_ms,device-side inference (CUDA Event auxiliary),300,18.267009598414102,3.417703494761364,16.58025550842285,25.48253755569458,26.93543001174926,13.575712203979492,29.734399795532227,measured,descriptive samples; no independent-environment tail guarantee or confidence interval
9,round,10,remote_roundtrip_ms,activation-ready to CPU logits roundtrip,0,NA,NA,NA,NA,NA,NA,NA,measured,descriptive samples; no independent-environment tail guarantee or confidence interval
