fold,transition_group_id,K,C,level,key,training_samples,training_runs,test_frames,training_index_sha256,old_level,old_training_samples,old_training_runs,old_joint_support_identical
1,0,1,1,KCQA,"(1, 1, 0, 0)",7187,4,1796,86666c19001e6675052982e75baaf817672a2e4e222db68bc0787b64f89c3076,KCQA,7187,4,True
1,1,1,1,KCQ,"(1, 1, 0)",7193,4,1,fda0f8479b9ddf03f1df31ba53ed03fd9930e097aa3ad1f42f757c8e7f30b76f,KCQ,7193,4,True
1,2,1,1,KC,"(1, 1)",7195,4,1,95c50afb4b134a1968ccb0028a4f5a48f33dfabcc48bb48680609796dab9806c,KC,7195,4,True
1,3,1,2,KCQA,"(1, 2, 0, 0)",7186,4,1796,f533951f31cb10992ed662c2194e800f4c740e8733075c49cb880027974230e2,KCQA,7186,4,True
1,4,1,2,KCQ,"(1, 2, 0)",7192,4,1,388cb58010256cb75dfbcfda7910d0a0cc018dde87a8bfcb91f61b891709599c,KCQ,7192,4,True
1,5,1,3,KCQA,"(1, 3, 0, 0)",7187,4,1796,4080681e67a5893d315033f2926d4b2c10f743c5eebd844d63b498683173050f,KCQA,7187,4,True
1,6,1,3,KCQ,"(1, 3, 0)",7194,4,2,f0f044eb759b853266399f1eff291931a7f4f945cc60f950aef0c78d1e6726da,KCQ,7194,4,True
1,7,1,4,KCQA,"(1, 4, 0, 0)",7187,4,1797,c37ad502fc134dc05c24c1add067e31271850b3987a78649a331171a76758230,KCQA,7187,4,True
1,8,1,4,KCQ,"(1, 4, 0)",7193,4,2,3fca0d735abb584948dbc26497d16963bc3d01e76c41b9bdbbbbb8e17b1f6ac7,KCQ,7193,4,True
1,9,1,5,KCQA,"(1, 5, 0, 0)",7183,4,1796,95e879f0e9755417d7f1af00ba5df154beeac420471490611e245410d658c5ce,KCQA,7183,4,True
1,10,1,5,KCQ,"(1, 5, 0)",7190,4,2,edc89c6d50f49342617e40fefb127959319e19547764b37866cb3d619cab209d,KCQ,7190,4,True
1,11,1,6,KCQA,"(1, 6, 0, 0)",7176,4,1794,5ed6cd334b0637e9556cf663b177317ec8693c23a1c53f3d0389db8be5cbbb4e,KCQA,7176,4,True
1,12,1,6,KCQ,"(1, 6, 0)",7182,4,3,3967f78df67076836a4f4dea2d0d81bb3b3c3b9c8ed5764685928efd1c1306f7,KCQ,7182,4,True
1,13,1,7,KCQA,"(1, 7, 0, 0)",7176,4,1794,601409b321ed7af55680d396dbe68d8efe1249affd0f33f48400ca4b5f764a2d,KCQA,7176,4,True
1,14,1,7,KCQ,"(1, 7, 0)",7183,4,1,6ea4e7336e9a33f95e723224f7928deb30178f2b9087b2658ec9615a4ce6b0af,KCQ,7183,4,True
1,15,1,8,KCQA,"(1, 8, 0, 0)",7177,4,1794,79cebfbec953ad9cc145e3dc9fdfd3026ba199204895450aa3f26faf53348222,KCQA,7177,4,True
1,16,1,8,KCQ,"(1, 8, 0)",7184,4,2,469fca798483b455894c4ee1364056eb21814f7cacc58753127ee6bd324cca1a,KCQ,7184,4,True
1,17,2,1,KCQA,"(2, 1, 0, 0)",7173,4,1795,4a8c0ac6f143d805a3a87b28a4e64872538348ffe1034f0c99639c62624a9df1,KCQA,7173,4,True
1,18,2,1,KCQA,"(2, 1, 0, 1)",5456,4,1128,ff47e1e54e56e43f072c2085c44a55e2a8a6aab763b3b6bb8f64a84cd11fef42,KCQA,5456,4,True
1,19,2,1,KCQA,"(2, 1, 1, 0)",1717,4,667,47fc63f93f62584a1fb83d10dff72ba0efda8850c9a255126c53952975ed92d7,KCQA,1717,4,True
1,20,2,1,KCA,"(2, 1, 1)",5475,4,3,562ff0dcaecc7bfcb1b3416eea82a6d0436d8c2dc84dbce7b271186bc2f064b5,KCA,5475,4,True
1,21,2,2,KCQA,"(2, 2, 0, 0)",7177,4,1794,f943acc4f7c1bc95e0f3420a9da388b249af76d98aa58b603d9eaeae1d578a09,KCQA,7177,4,True
1,22,2,2,KCQA,"(2, 2, 0, 1)",5525,4,1776,002e4edc5304616401a285ea01c997b1a7d9116e2119dd66f792741acff3ce46,KCQA,5525,4,True
1,23,2,2,KCQ,"(2, 2, 0)",12704,4,1,517c6e0ffff41d65b48533322a1ffd64b4137bd41ba7a294a141a42f5031c79a,KCQ,12704,4,True
1,24,2,2,KCQA,"(2, 2, 1, 0)",1652,4,19,8279818b6a0b271011c3eebe3e570714a3cc3d39ee90846fc06ef26dbb6c448b,KCQA,1652,4,True
1,25,2,2,KCQ,"(2, 2, 1)",1654,4,1,9e04b21c4b7bb723fe2d1c38f8693fa3464e689aceea1b9678cde3269d121b0f,KCQ,1654,4,True
1,26,2,2,KC,"(2, 2)",14363,4,2,b8493924b53d35e8ab4545754db0f793f63b97809d3117a84b80f56aaa90e471,KC,14363,4,True
1,27,2,3,KCQA,"(2, 3, 0, 0)",7181,4,1793,dca147ee8efffa9c0c90489840124a22092a020d09d423aa864b9254ace33208,KCQA,7181,4,True
1,28,2,3,KCQA,"(2, 3, 0, 1)",5262,4,1412,48cc3d464b901ab3763ac8e882f6738cbe8e14e12ba774537830ebf8ab8e2e3e,KCQA,5262,4,True
1,29,2,3,KCQA,"(2, 3, 1, 0)",1918,4,383,513b26355bfcac839f81f7fcb6111c8279193d6009d5dc88b8ec9601d362f961,KCQA,1918,4,True
1,30,2,4,KCQA,"(2, 4, 0, 0)",7182,4,1795,6171b4829a7e4aa5fb910993a8f5cff07c4ef709d35319c4192ffec698462a46,KCQA,7182,4,True
1,31,2,4,KCQA,"(2, 4, 0, 1)",5412,4,1339,3f79f03ca9b4848d13d68f90682331bc5b6e3370aacd3ca92a7af301f872953b,KCQA,5412,4,True
1,32,2,4,KCQA,"(2, 4, 1, 0)",1765,4,455,eaf8fddd140391350020f31ce9e1c77fd6c6956ecb8be8e8fc95f56129789df4,KCQA,1765,4,True
1,33,2,5,KCQA,"(2, 5, 0, 0)",7173,4,1793,74e39b1807b8c99e39187a3ba15690d91a7c6c037dfc1634cf3907df9476cca1,KCQA,7173,4,True
1,34,2,5,KCQA,"(2, 5, 0, 1)",5452,4,1468,61b553c92208c376d68f9478ce73d360acd5f7c64481526998472fabd7cdbb0d,KCQA,5452,4,True
1,35,2,5,KCQA,"(2, 5, 1, 0)",1722,4,326,952ce3ac738796706285efd17e2e534b37018a18376cb43622be5d5a993c199a,KCQA,1722,4,True
1,36,2,6,KCQA,"(2, 6, 0, 0)",7159,4,1789,1a20abc2d1e065bab835efc4c4d1ebca0f599e2859f3664306858615ff36aa8a,KCQA,7159,4,True
1,37,2,6,KCQA,"(2, 6, 0, 1)",6141,4,1343,77fed28611efb3289f8bda113895262cb991e01d9a771fdd1364dea656de2b53,KCQA,6141,4,True
1,38,2,6,KCQA,"(2, 6, 1, 0)",1017,4,448,b0f8e1683006cc91f9c9843b8d4c3384ac85841975f1860ec2b2e071070fe682,KCQA,1017,4,True
1,39,2,7,KCQA,"(2, 7, 0, 0)",7159,4,1788,584681c11ad0113be296bd1a803f9503d222a03076976a1e90255589ce275db4,KCQA,7159,4,True
1,40,2,7,KCQA,"(2, 7, 0, 1)",6142,4,1665,998e8b96e8ec8ea9ead4238eb57d4af144d3290c0214a5c02af50e1333995d3f,KCQA,6142,4,True
1,41,2,7,KCQA,"(2, 7, 1, 0)",1018,4,123,c91eee270014750dfac4abc0bad026e39ec9e112ab1ae837d4c3785dbad780d6,KCQA,1018,4,True
1,42,2,8,KCQA,"(2, 8, 0, 0)",7155,4,1791,aa2b97bdbb5cb88a0cc9162689244da2077f1346c2dfbb6bd456440987881b55,KCQA,7155,4,True
1,43,2,8,KCQA,"(2, 8, 0, 1)",6018,4,1386,f8545e40874c7fc08376ad246a8091d0387d474ce9ef8f6a079f0a46c58829a1,KCQA,6018,4,True
1,44,2,8,KCQ,"(2, 8, 0)",13174,4,1,239ba5d7d8dd3cb7a7ff34a648a7f923f8b62ef67e8278b9fdeccc6478d3d173,KCQ,13174,4,True
1,45,2,8,KCQA,"(2, 8, 1, 0)",1142,4,404,9766aa96a066ab9c828a4acd9ae9fc9a0ca838cafdc2fce2ac4eed2f676a255d,KCQA,1142,4,True
1,46,3,1,KCQA,"(3, 1, 0, 0)",7155,4,1787,ac70406a443e23012ba8d62459dc8ee86ffbb2d26170a9889d4444f1682ea7b3,KCQA,7155,4,True
1,47,3,1,KCQA,"(3, 1, 0, 1)",7512,4,1723,bde7772cdbbd0bba94524d9a17770638e8efe01e87985548d0929e244867fd87,KCQA,7512,4,True
1,48,3,1,KCQA,"(3, 1, 1, 0)",201,4,65,a2c8f19e0ce4dfa6015b3ba1c432b73a32c8616aed862617db0a749655ab76ca,KCQA,201,4,True
1,49,3,1,KCQA,"(3, 1, 1, 1)",6569,4,1780,4806b6c0319fbdbf56b8c303505dceb5ccbf11dc539b04e88ecce91aa3ff71de,KCQA,6569,4,True
1,50,3,1,KCA,"(3, 1, 0)",7382,4,6,3447eb2c748e70b73488caef842b317363c582f76666c4d74b9a4a88389b3dcd,KCA,7382,4,True
1,51,3,1,KCA,"(3, 1, 1)",14139,4,18,2d9e38f9ba670e0ab32516f734a9469a1aa64a113f1bbe77a31380851739f313,KCA,14139,4,True
1,52,3,2,KCQA,"(3, 2, 0, 0)",7167,4,1789,e596dd6842ae607530d896b6a16242df694bf753d799b28cc4b67df1b2d7cd39,KCQA,7167,4,True
1,53,3,2,KCQA,"(3, 2, 0, 1)",6973,4,1717,2e57810effa6e5796e7410fc3f6c7d2f94b55fb97550046f3ebdb6bd7bb7b1a5,KCQA,6973,4,True
1,54,3,2,KCQA,"(3, 2, 0, 2)",5511,4,1131,966cd1d3e43c0adf2f3305c50e622ac6683fa98db60b4f1c42dd4361b36580b4,KCQA,5511,4,True
1,55,3,2,KCQ,"(3, 2, 1)",1848,4,72,c82053bb0182b70a36b70c7cc97b729d23e12fbd636a8d3c65bdaeb1170d577e,KCQ,1848,4,True
1,56,3,2,KCQA,"(3, 2, 1, 1)",1653,4,651,0e01d6316eabdf73be7b0a7f9ab24299da8d0c5cec85939fbf86aa0c2fdd5dd0,KCQA,1653,4,True
1,57,3,2,KCA,"(3, 2, 0)",7365,4,7,dd01ffe31a2a834c97fdc7f1440fb8eba9d698111b147a0386b4102c04274e9a,KCA,7365,4,True
1,58,3,2,KCA,"(3, 2, 2)",5546,4,12,a63c2f635fab5b8ed7bf440170a94abd9b0c666eaed1a04211d0125b8365f612,KCA,5546,4,True
1,59,3,3,KCQA,"(3, 3, 0, 0)",7159,4,1791,910102a1176f3c08b6bb5e4993963f48065e40284c8dbc7390a2ea568d2a807d,KCQA,7159,4,True
1,60,3,3,KCQA,"(3, 3, 0, 1)",6954,4,1710,ac53c214a40f81b0973ba0fd7f72593c2f000f6a32b22f5f8a2658aa60f65cef,KCQA,6954,4,True
1,61,3,3,KCQA,"(3, 3, 0, 2)",5828,4,1543,005d489ccf59e5fbb332c349d7219be46a50cfec92a4ccb6149ecf3a27801efd,KCQA,5828,4,True
1,62,3,3,KCQA,"(3, 3, 1, 0)",207,4,81,0ffdb4a81976094f46cc472f549802026240e1d5107000820156f9dd09d2f3f2,KCQA,207,4,True
1,63,3,3,KCQA,"(3, 3, 1, 1)",1328,4,248,70f0e72650cfc272ccc54866b6a61c3fddf544eaf6b2d634eb3073bf7e6f7edc,KCQA,1328,4,True
1,64,3,3,KC,"(3, 3)",21513,4,7,bd262568d8fed6d04f57c54d8d42634ca3fea7fe6dab0215a427060e5ed55c00,KC,21513,4,True
1,65,3,4,KCQA,"(3, 4, 0, 0)",7162,4,1791,6697335afd32434c008be138d4043ebc087b010404dd974629bb040cea3d437e,KCQA,7162,4,True
1,66,3,4,KCQA,"(3, 4, 0, 1)",6786,4,1631,199aec5f9ab6790b5617e0bb53d48b30a5ff8abac7fc72a430d2596cf8683b07,KCQA,6786,4,True
1,67,3,4,KCQA,"(3, 4, 0, 2)",5253,4,1157,428fb7541ad1852f84b655438ce6f63f581ac8bf6303819544f3449653e039f9,KCQA,5253,4,True
1,68,3,4,KCQ,"(3, 4, 0)",19206,4,3,7d2129b84fd5c0fd0315b3291f3316537413b303454edc1a0f4c902f1c98f499,KCQ,19206,4,True
1,69,3,4,KCQA,"(3, 4, 1, 0)",376,4,160,e9692b21ef79be596661df3bff17bfbcf6d6283b06210b181333443a47520f30,KCQA,376,4,True
1,70,3,4,KCQA,"(3, 4, 1, 1)",1899,4,625,c966f77a9a004efb70a86f10d7e58d579d9ddf1996a7827277e7f8518ff3534d,KCQA,1899,4,True
1,71,3,4,KCA,"(3, 4, 0)",7546,4,9,5cbc379e50acbcb83a349484c1f1132ddd09438d68b63636c1a6932d7c5aa1ce,KCA,7546,4,True
1,72,3,4,KC,"(3, 4)",21506,4,4,6e91acda2b9ef1d8e895d6a0fed54957a31a24274414b3c7750eef7c3bd0cf0f,KC,21506,4,True
1,73,3,5,KCQA,"(3, 5, 0, 0)",7156,4,1793,26c65bce371211c560997ab09510f85498bc777e6a10a82a6914f7c3f3cc3855,KCQA,7156,4,True
1,74,3,5,KCQA,"(3, 5, 0, 1)",6763,4,1685,7e7f8e782b57306c23d82e1908df559b2facd99771a5575a08fcb30f3c4a1492,KCQA,6763,4,True
1,75,3,5,KCQA,"(3, 5, 0, 2)",5690,4,1306,bcf9576d1fadd17daf26d7b7c04c7967408a78fec987cbc254ca5f69901bcd52,KCQA,5690,4,True
1,76,3,5,KCQ,"(3, 5, 0)",19614,4,1,f4499423fad00e425b33b2374dd0dbf8100c6eff1afb293c72078816aaf5fbd0,KCQ,19614,4,True
1,77,3,5,KCQA,"(3, 5, 1, 0)",394,4,107,3deec099433567c61510cec7992623f57c2ed73e50fc40a2654191319d8b0af8,KCQA,394,4,True
1,78,3,5,KCQA,"(3, 5, 1, 1)",1458,4,474,2efe112c5f6acd66f3806d296d975e0d7659914dab2d673dd21fffbd72b47594,KCQA,1458,4,True
1,79,3,5,KCQ,"(3, 5, 1)",1852,4,1,5dacf4cd71bb6f9c3eb1c5879991e229669840f4dc5685c89877fe5d3bb5c08f,KCQ,1852,4,True
1,80,3,5,KCA,"(3, 5, 0)",7563,4,11,c5b5b9251033a90575c54741a5255fc47a42a61dbfc068603383284e2943ac0e,KCA,7563,4,True
1,81,3,5,KC,"(3, 5)",21481,4,3,52384ec9a1be99fb98f0f40d440f79c15f62efa1d5a336701899f3137bda8c42,KC,21481,4,True
1,82,3,6,KCQA,"(3, 6, 0, 0)",7137,4,1785,8926e40a0cdcbc473a268e5188ab97a8437d0cea27906a527c5866f4cc35bd66,KCQA,7137,4,True
1,83,3,6,KCQA,"(3, 6, 0, 1)",6800,4,1662,8d2f5ea0aba3b36f7899a84ca33763ceaa620f28a6c30603c838a01c67ff8cf6,KCQA,6800,4,True
1,84,3,6,KCQA,"(3, 6, 0, 2)",5758,4,1399,ce81a03df800c6c8e6d35f54fcd5e875a35d93a3b9259f17854b4d5a56989896,KCQA,5758,4,True
1,85,3,6,KCQA,"(3, 6, 1, 0)",337,4,123,d514340bb43610acf6937e8e2fec5d0d4a14023258e0f91a1bb5dfec39da77de,KCQA,337,4,True
1,86,3,6,KCQA,"(3, 6, 1, 1)",1364,4,381,75694a021ea75db09620eba5e820e8e79336e9000456b05142f7d1a4e36d900a,KCQA,1364,4,True
1,87,3,6,KCA,"(3, 6, 0)",7488,4,5,7a74ea40886626d07b804f58f8d01e780d88d706734d2232c8114ed23580f1c4,KCA,7488,4,True
1,88,3,7,KCQA,"(3, 7, 0, 0)",7135,4,1782,f40fca98b0b91f19c4b48a3813d292e82c31bbd3c099e3c087e6f3e356110ff0,KCQA,7135,4,True
1,89,3,7,KCQA,"(3, 7, 0, 1)",6437,4,1676,a4471f47d6e52bd1cd6a7bba908efe07da3b7e9eb57408edd3d620e666861a96,KCQA,6437,4,True
1,90,3,7,KCQA,"(3, 7, 0, 2)",5909,4,1506,210c274205d3719edceac9e78e5b79f17aec53b49ca0451fb202e28c6d252bf7,KCQA,5909,4,True
1,91,3,7,KCQ,"(3, 7, 0)",19486,4,2,9f9d1a69390c81ea0fa5682e3815f92aa09a1b3ccb8be7fc2e8ee34f011a314b,KCQ,19486,4,True
1,92,3,7,KCQA,"(3, 7, 1, 0)",701,4,106,e2fdb521bfe150ad4ca7a388c676e68e45e06d9e717d548cbfd38661acdb8a9c,KCQA,701,4,True
1,93,3,7,KCQA,"(3, 7, 1, 1)",1201,4,272,3ac2f1fcaedd53874872f5f6203b3e7b99c1918062085b737fa73df8cf817126,KCQA,1201,4,True
1,94,3,7,KCA,"(3, 7, 0)",7859,4,5,73064fe60cd07ef7c13e28985f1ec1171f74548405cbea6d956dc83fbe6655f8,KCA,7859,4,True
1,95,3,8,KCQA,"(3, 8, 0, 0)",7132,4,1782,b447a92beefa411665c0c130adebad2444134937568527c5f2c8e56d2e5ec2be,KCQA,7132,4,True
1,96,3,8,KCQA,"(3, 8, 0, 1)",6612,4,1634,55d8c335753d7e28e46d7524744fb3843594e2b5ab3ab247907d4a0772e03097,KCQA,6612,4,True
1,97,3,8,KCQA,"(3, 8, 0, 2)",5913,4,1517,f05eb100da447136b1c6ffe9fdc8db7f34a134ca7ade48a98772ccad9a46998f,KCQA,5913,4,True
1,98,3,8,KCQA,"(3, 8, 1, 0)",526,4,148,d5148a43511b9dc1995d1559ff319bb72a7ab825de23d582e355e9b6b5a09a1a,KCQA,526,4,True
1,99,3,8,KCQA,"(3, 8, 1, 1)",1211,4,263,fdb0bcabcbe4e4badfecaceed9f921d5bfd35af4929c30d037637e00327b2054,KCQA,1211,4,True
1,100,3,8,KCQ,"(3, 8, 1)",1737,4,1,ed141e40b116b709696062e29c5dd817ba071c7d1e4d974b5ccc7b95ed76cb7a,KCQ,1737,4,True
1,101,3,8,KCA,"(3, 8, 0)",7668,4,4,86f5a953e598cdb353da2d1033d4c3f61c0fb15e5b0b2a01ee357bb3774c53c7,KCA,7668,4,True
1,102,4,1,KCQA,"(4, 1, 0, 0)",7139,4,1782,e7ca032449c885cbb23e9876dcf48d56f7dec8342c0a0e1b390067a245deb43c,KCQA,7139,4,True
1,103,4,1,KCQA,"(4, 1, 0, 1)",6921,4,1709,55839c7197f5ad51c5f28731139aa8bf70b18bf4e450e4d1611920d9a9a67315,KCQA,6921,4,True
1,104,4,1,KCQA,"(4, 1, 1, 0)",219,4,73,7d104651964cdb1d48063bb536e133b7acc3306b6eaf17a642635170f37f6c71,KCQA,219,4,True
1,105,4,1,KCQA,"(4, 1, 1, 1)",7150,4,1785,910b2a42f852a7d9366d4d16da74110210bb24d1cf468dbddabf0161e7de391b,KCQA,7150,4,True
1,106,4,1,KCQ,"(4, 1, 2)",7126,4,1,10b45d164111405473dd95829a55d1e1cdf54e8525fb97a1d9750d5c5bb505f9,KCQ,7126,4,True
1,107,4,1,KCQA,"(4, 1, 2, 1)",7115,4,1779,9564020114f6a91412246a3e10d9a82b792f619f207e6c4f7c93f76edd540bc3,KCQA,7115,4,True
1,108,4,1,KCA,"(4, 1, 1)",21329,4,43,85f9c11a0221e143f7f8bbe2886b7cb7ea3db81da2ef57b4d207db4a2da55b8b,KCA,21329,4,True
1,109,4,2,KCQA,"(4, 2, 0, 0)",7148,4,1789,163b2f72d81d4bfc6ea5b80b8939254bf6d62f3bc1a6b18bcf71947436665f0f,KCQA,7148,4,True
1,110,4,2,KCQA,"(4, 2, 0, 1)",6875,4,1713,70feaa35ef8ebe1826df4358bedcdcc33127f80449f56d1b9ce4f6b5dd29d91a,KCQA,6875,4,True
1,111,4,2,KCQA,"(4, 2, 0, 2)",6389,4,1772,ac0d8c2905f60f95b25bb0128bd60d312af2a4f92c1a3a25d3f1daaee456817b,KCQA,6389,4,True
1,112,4,2,KCQA,"(4, 2, 1, 0)",275,4,77,90c449580db352ab704a0d83c883fe6d0535c067496997a801808fac6463f8e0,KCQA,275,4,True
1,113,4,2,KCQA,"(4, 2, 1, 1)",753,4,309,d61944a06edac944bcfc8097b65b5a2c049e52b2fc7b826f4ad2c5860cfa776c,KCQA,753,4,True
1,114,4,2,KCQA,"(4, 2, 1, 2)",6870,4,1476,8e5bbfc434db779cde3fa9b007f8c87c2abc27140dc394376ffaa3ee815892c0,KCQA,6870,4,True
1,115,4,2,KCQ,"(4, 2, 2)",297,4,6,e982a453a489d9636ddbd131c6be0422efdb1ca7106a46ac22c3cf0ef3a057cf,KCQ,297,4,True
1,116,4,2,KCQA,"(4, 2, 2, 1)",279,4,18,68352719d0d7f946838fcae343def37838f80ce48e2280b2e29947bb9d8fef58,KCQA,279,4,True
1,117,4,2,KCA,"(4, 2, 2)",13357,4,17,d89a09a8252551d82ab7363ad8dde67867ef5a1c738d6d9b26f287504bf92956,KCA,13357,4,True
1,118,4,3,KCQA,"(4, 3, 0, 0)",7148,4,1790,ecfe7525737809fa033e04bbc43a035537085b0e5e010d3b1760af740289ad61,KCQA,7148,4,True
1,119,4,3,KCQA,"(4, 3, 0, 1)",6699,4,1665,225c1fcb5f4456e1c2e56f79230516425ecc8a945341b0ed96db10a3a7bff9b6,KCQA,6699,4,True
1,120,4,3,KCQA,"(4, 3, 0, 2)",6481,4,1558,c764340798924b3c7a846d6244c4056f10738b69f89a44811c34fa47a9ecc44c,KCQA,6481,4,True
1,121,4,3,KCQA,"(4, 3, 0, 3)",5639,4,1365,c15ded1d57bf2ba86f8ea15c24b80afe5719a1b00349992d16192ed413d1177e,KCQA,5639,4,True
1,122,4,3,KCQA,"(4, 3, 1, 0)",451,4,126,7b9c80ca84d76bb2d2c643d511a42c08dca804424e0302e0e8c611f8d2a2f7b8,KCQA,451,4,True
1,123,4,3,KCQA,"(4, 3, 1, 1)",651,4,226,591168137dd20fe8c285d20ad89efe36a877fac07934f2537556ae99fe6d84a7,KCQA,651,4,True
1,124,4,3,KCQA,"(4, 3, 1, 2)",1399,4,403,3d4de6e885149cd2552217ffa2c43697e9e701c73092520c0c1a77b27952d495,KCQA,1399,4,True
1,125,4,3,KCA,"(4, 3, 0)",7617,4,8,bc88ed750c1d1786b1b7f1bd42dc3fb79f0f7ac64eff42a86e66a659924bfab9,KCA,7617,4,True
1,126,4,3,KCA,"(4, 3, 1)",7463,4,23,0632819963ed94ed0c4d3a109cbaf6587f01fc499d134cdd103d2d03c39a4e2b,KCA,7463,4,True
1,127,4,3,KCA,"(4, 3, 3)",5727,4,18,6eebe402f42ca908b6a885a6ffa213661ed25efc1f8484eb81708e6c7c871a12,KCA,5727,4,True
1,128,4,4,KCQA,"(4, 4, 0, 0)",7157,4,1791,4840f7e482af1d53b74cff5a6fe7b0de9d2089989d24ffb81e298e02e533383b,KCQA,7157,4,True
1,129,4,4,KCQA,"(4, 4, 0, 1)",6733,4,1660,20f3b15e833a02235df7957d3ed1c88fdd82e7e4b0dc3d938070b7fc6a314db8,KCQA,6733,4,True
1,130,4,4,KCQA,"(4, 4, 0, 2)",6679,4,1659,e3918ce40dc6d373ceb441ea82c82c5682949e1525a6a5f621237f300a19a18d,KCQA,6679,4,True
1,131,4,4,KCQA,"(4, 4, 0, 3)",5783,4,1529,b8cec428d4f45f18b4b1c03e3b6cb4ee76da917c0ad9e9fa065330250798143b,KCQA,5783,4,True
1,132,4,4,KCQA,"(4, 4, 1, 0)",424,4,133,209db348cc9db0ad8a42c54ab508442275c23c30d56f0f38f4921d6df983e603,KCQA,424,4,True
1,133,4,4,KCQA,"(4, 4, 1, 1)",468,4,126,0c053f9fda9f92f33de8aa68963ce3fde7699ea41b41fde5737a7bb1f097a15a,KCQA,468,4,True
1,134,4,4,KCQA,"(4, 4, 1, 2)",1329,4,255,e63cbe96d3fdda07e020bbf9216284d881d961562a46b259df5d13041a37e308,KCQA,1329,4,True
1,135,4,4,KCQ,"(4, 4, 1)",2227,4,2,f0762ef38a395622e54d6ff1bd546e612627f52d02d951a20241e3ca849d2b38,KCQ,2227,4,True
1,136,4,4,KCA,"(4, 4, 0)",7593,4,6,4eff911f90ca87823394c3b682bf057cb6f5c8619c870293f426d1346a35a703,KCA,7593,4,True
1,137,4,4,KCA,"(4, 4, 1)",7245,4,5,9edcd35ea9c1e327d51e13e950fe7819c25cbeb1a6bd6b7978d31877827b9cf7,KCA,7245,4,True
1,138,4,4,KC,"(4, 4)",28690,4,13,bb18d18aa4d9eff2ca9cd6477e756763bd6a42b3900feb073b479946aa8dc488,KC,28690,4,True
1,139,4,5,KCQA,"(4, 5, 0, 0)",7111,4,1781,3d48f2dfa8f33fe0da1bedfa519be3291bb0e901b980963e0ec7afa5b1a91094,KCQA,7111,4,True
1,140,4,5,KCQA,"(4, 5, 0, 1)",6328,4,1515,7cdfc696ff9dcc7ba78fb5ac9d5732c450adedfc6b4af211b97e381731118d98,KCQA,6328,4,True
1,141,4,5,KCQA,"(4, 5, 0, 2)",6415,4,1594,771c1714562c732d2417b9d6da9791e6ce2a606cb57ddfea588e640bef24daca,KCQA,6415,4,True
1,142,4,5,KCQA,"(4, 5, 0, 3)",6054,4,1573,dc8ba04631d78d714cfcbfc91d7af53d8a65b39eca82f6951c434444a9bdfabb,KCQA,6054,4,True
1,143,4,5,KCQ,"(4, 5, 0)",25908,4,1,e5bf90ff8d3054de3f7aff9e2dd1a7a9d0cab41e605f4b8c4503ac0f07b54c8a,KCQ,25908,4,True
1,144,4,5,KCQA,"(4, 5, 1, 0)",790,4,265,4f07d51c582c797e45a26cc93dc34cdc87f63047bad6fbaa20adf3d4f46ae70b,KCQA,790,4,True
1,145,4,5,KCQA,"(4, 5, 1, 1)",684,4,198,769ccdc852c525ab402d426e1fb383fbab13b88bbbe850a1c9a992f80ec4bcd0,KCQA,684,4,True
1,146,4,5,KCQA,"(4, 5, 1, 2)",1012,4,174,92dc575c6ba4a71e13e41b6ae8202c13b68572b1da14fb2e08b0cbbd015c4d45,KCQA,1012,4,True
1,147,4,5,KCA,"(4, 5, 0)",7928,4,7,e4ce9fed99bd8a4ce55885c295eddd3f854d308d266fa3d22138dce02f8284d8,KCA,7928,4,True
1,148,4,5,KCA,"(4, 5, 1)",7053,4,11,0a6d1f599ed314244ed76c7d60d20e7a58d4ba7753bd007b300ff6359108084b,KCA,7053,4,True
1,149,4,6,KCQA,"(4, 6, 0, 0)",7103,4,1779,2dc823477ad7153b07c8108c756b1ff86948a47d5116f76ed9d0790d1fd8d20d,KCQA,7103,4,True
1,150,4,6,KCQA,"(4, 6, 0, 1)",6321,4,1561,8b3e1690fff54f0d01f521aa68b03298b6ace6b9e0685ceb5e2a40cc85bd070f,KCQA,6321,4,True
1,151,4,6,KCQA,"(4, 6, 0, 2)",6232,4,1562,28158bcbd62fab3b3764a34035920615ca5826b5725314c7a2079e83a37ffbfa,KCQA,6232,4,True
1,152,4,6,KCQA,"(4, 6, 0, 3)",5852,4,1390,2274b3b17a9736e711204d3cefc553d6d72d8ab6747c28422ccc309641cb37d5,KCQA,5852,4,True
1,153,4,6,KCQA,"(4, 6, 1, 0)",784,4,219,9a00781d9715e7d48a3e18492fc3c0ade8b36a3a90ae3b086ef2536f54a2ba6f,KCQA,784,4,True
1,154,4,6,KCQA,"(4, 6, 1, 1)",851,4,216,56e5dfb6332f0cc00e6c8fed3029f53573867b171f8840b3cabbc86610097ba4,KCQA,851,4,True
1,155,4,6,KCQA,"(4, 6, 1, 2)",1167,4,363,fef6213132fd7f169418ec9e0009795ae818d5116d03c46a7aabbf0c6f0b9f62,KCQA,1167,4,True
1,156,4,6,KCA,"(4, 6, 0)",7925,4,7,5c618d21c47ace274c3235990a82294690f6db7bfbb9d6f6dc8500813642c07b,KCA,7925,4,True
1,157,4,6,KCA,"(4, 6, 1)",7247,4,28,d311392fe5a81b2b2129f7470c6027ecc5074539f5d8888fca884ebf872330a5,KCA,7247,4,True
1,158,4,7,KCQA,"(4, 7, 0, 0)",7104,4,1775,6c6505add63e39d0f4db42fffe23ee5279012f7b3c9311901e83ebacd5876540,KCQA,7104,4,True
1,159,4,7,KCQA,"(4, 7, 0, 1)",6432,4,1588,525ae7a9674a684edc4262c895d9733e0b7fa933bc1a61a9fceb8aab7370a50f,KCQA,6432,4,True
1,160,4,7,KCQA,"(4, 7, 0, 2)",6287,4,1566,53c87da222a721974484ad86e61ccc82032422f679a08efa5b4c9803b8d3313e,KCQA,6287,4,True
1,161,4,7,KCQA,"(4, 7, 0, 3)",5678,4,1427,a1032fcd7236560b0a37df2a0fe43854a75c7f359fb1a765696b0e202e9c930c,KCQA,5678,4,True
1,162,4,7,KCQA,"(4, 7, 1, 0)",676,4,191,f2e68da24f91c93cde5f34dc2c1f1477b9f7c329181d95b284b3609cf588f9de,KCQA,676,4,True
1,163,4,7,KCQA,"(4, 7, 1, 1)",810,4,205,9079024a0ac0313c654bc4b7353b190c95690f10eb3b1a7985b3e689e47f642f,KCQA,810,4,True
1,164,4,7,KCQA,"(4, 7, 1, 2)",1347,4,326,744c311ba4d5922301dda597f141e1257b2c50668ec945e8873b2a08357101f1,KCQA,1347,4,True
1,165,4,7,KCA,"(4, 7, 0)",7808,4,8,8faa0cb292da37df56982b03bf793ceedb3fc36745c53469258002aff8f3a49d,KCA,7808,4,True
1,166,4,7,KCA,"(4, 7, 1)",7317,4,21,20edcf6e3330583ef093ed1ee7b95cb0bf0a9eaefe8bcd764f45965815b8679b,KCA,7317,4,True
1,167,4,8,KCQA,"(4, 8, 0, 0)",7106,4,1774,4234ac1e68d2000d14f24404790c1a212aca6f3062c3946973ced55ee58cea0c,KCQA,7106,4,True
1,168,4,8,KCQA,"(4, 8, 0, 1)",6498,4,1651,5e4ffb729c8741d064e27190314f91e0b76665f7f737301c00cba7628e12c2fe,KCQA,6498,4,True
1,169,4,8,KCQA,"(4, 8, 0, 2)",6370,4,1604,42db1c67fb24ba51890dfb5a63c85f311de93d496ad02ffe80949a49861f6a88,KCQA,6370,4,True
1,170,4,8,KCQA,"(4, 8, 0, 3)",5695,4,1497,362326a4da66bbc367abc6c56e37f2e80c02af69bd79a583a9f1cc9a56b6e17f,KCQA,5695,4,True
1,171,4,8,KCQA,"(4, 8, 1, 0)",611,4,124,59cc410d97c023773396ef5cfb8858af93f0626e7ca9393fa757f5d138a16098,KCQA,611,4,True
1,172,4,8,KCQA,"(4, 8, 1, 1)",722,4,165,2e1ed50188a65905475eed8facb2e97a3a4024372a55d449baea33004035bac4,KCQA,722,4,True
1,173,4,8,KCQA,"(4, 8, 1, 2)",1342,4,265,a59f340a51e0cef0229068eeb0dc9d350716d435d95c74cb93d62c1290b52311,KCQA,1342,4,True
1,174,4,8,KCA,"(4, 8, 0)",7739,4,5,8f120091a73114b3d5ec02c1e309c003dbb7997bb1fda3c3ca1284dbdc68940f,KCA,7739,4,True
1,175,4,8,KCA,"(4, 8, 1)",7287,4,12,6ece39ac2c882678bdec5de063a15317db9c805b8099089455ebd479f2d9823d,KCA,7287,4,True
1,176,5,1,KCQA,"(5, 1, 0, 0)",7057,4,1769,32cc9381f4066bb23abb1f86ef6513d2d5b6b74ae67cda7c9188edfc2b85bc13,KCQA,7057,4,True
1,177,5,1,KCQA,"(5, 1, 0, 1)",6839,4,1702,66b7452544cf86e7aaa4ebca5b2c93c17e0ae8ebc7c6fceb1abb49ae00996cfd,KCQA,6839,4,True
1,178,5,1,KCQA,"(5, 1, 1, 0)",222,4,68,cd2a8658094e21635f70c738bbaa3e8c78139ecdfa774d549a24b5121fbd0333,KCQA,222,4,True
1,179,5,1,KCQA,"(5, 1, 1, 1)",7052,4,1769,4b1d16ca99de5e63f0325557311127c067452b5e823f8faf543186461fc2345a,KCQA,7052,4,True
1,180,5,1,KCQ,"(5, 1, 2)",7112,4,3,4864b964809a2d2d9bc6f3b9f8edbfe9603c6a33681308e95fe4ea4600f1e5b3,KCQ,7112,4,True
1,181,5,1,KCQA,"(5, 1, 2, 1)",7097,4,1780,8bb6de5fb8df37f3b1f664056b8ef889a4467d957c283a62751024efac80480d,KCQA,7097,4,True
1,182,5,1,KCQA,"(5, 1, 3, 1)",7024,4,1761,a1bf6a3437c115f4a8ea5f369dd6ebe438740803e7f46a084fe7544c4ff86873,KCQA,7024,4,True
1,183,5,1,KCA,"(5, 1, 1)",28540,4,118,6f58572aaa12030041d10ac3dcc3cf9dbcee83f66db49603e1955b13eb3d45ad,KCA,28540,4,True
1,184,5,2,KCQA,"(5, 2, 0, 0)",7116,4,1780,ebe73f61fccc46912964bdf631bb8cf2fbb063e6275f6df6308816729837ab42,KCQA,7116,4,True
1,185,5,2,KCQA,"(5, 2, 0, 1)",6626,4,1638,183dced98405bacb39bb494fcef5c2f0b5927b61418d283fba989497eff1f818,KCQA,6626,4,True
1,186,5,2,KCQA,"(5, 2, 0, 2)",6537,4,1650,5ec03c1fad6d49b5090304f94fe4ced913e65e42d81935866e0b786c7153b6c7,KCQA,6537,4,True
1,187,5,2,KCQA,"(5, 2, 1, 0)",490,4,143,08f0a77946132113a4b18fe5453305341dbb0e043a44db5cf7562d36a5b07df5,KCQA,490,4,True
1,188,5,2,KCQA,"(5, 2, 1, 1)",562,4,129,8d306744bf6f891a7fe945b3350cfb8aca89e9a5a96ae30df9dddd54e8d75b58,KCQA,562,4,True
1,189,5,2,KCQA,"(5, 2, 1, 2)",7056,4,1759,5430f4ef799b1637ded5ed707529935e218e93f911b8a13e0ea42a7c0432caf3,KCQA,7056,4,True
1,190,5,2,KCQ,"(5, 2, 2)",7177,4,24,7a75210a6c3af288cbc67d10b100a796a7145ebeaa10aa6aed8dc53a02e3a06d,KCQ,7177,4,True
1,191,5,2,KCQA,"(5, 2, 2, 2)",7062,4,1778,ab5faf5bb66774dea62650c063b9e33be266fba282283186bd81cd0ee466b9c8,KCQA,7062,4,True
1,192,5,2,KCA,"(5, 2, 1)",7306,4,4,669a53fec17d1e945183fc7764f9c0bd6f3165c0264fe60b257406b31024fc4b,KCA,7306,4,True
1,193,5,2,KCA,"(5, 2, 2)",20909,4,56,f3f4d9aa1065c77697db8ddf58e4d7ccb8f0db23117c7f28fbf6fdd98317e901,KCA,20909,4,True
1,194,5,3,KCQA,"(5, 3, 0, 0)",7132,4,1782,7d232c988f4642bd842a8efb6e5a7bed46f868458eca12c034a07c1e12d85e43,KCQA,7132,4,True
1,195,5,3,KCQA,"(5, 3, 0, 1)",6427,4,1588,97744170d79d81a5c65851c6ac6bafbbe9df45c26ec197329bf7a73a40dd45d3,KCQA,6427,4,True
1,196,5,3,KCQA,"(5, 3, 0, 2)",6406,4,1565,809041e345fd6289b6dd2fc25d48b94b67495d775efd8557c422a50cc8b04d0f,KCQA,6406,4,True
1,197,5,3,KCQA,"(5, 3, 0, 3)",6099,4,1511,9e4c7422bc62d22b732249e69a9777d528146ee176183d88b9a322cd1cd2a057,KCQA,6099,4,True
1,198,5,3,KCQA,"(5, 3, 1, 0)",706,4,194,6ddc0261361aaccab32874a056aceacb43c2b1e70864fe2937ca92333e45199c,KCQA,706,4,True
1,199,5,3,KCQA,"(5, 3, 1, 1)",716,4,207,a9e6c9d195276f0804627b74d18ad5f4e966d86bcea0c59f3580f4d28d70d4b1,KCQA,716,4,True
1,200,5,3,KCQA,"(5, 3, 1, 2)",1047,4,253,72ac61f9ced954a5851bf0397ef42b889df3852c42144769e027100dd6aa7743,KCQA,1047,4,True
1,201,5,3,KCQA,"(5, 3, 1, 3)",6866,4,1724,2f74af92af9bbff2fd2c40e7b11f99b3ac8ab21786bf3029e1ae5428f2b9e9b0,KCQA,6866,4,True
1,202,5,3,KCQ,"(5, 3, 2)",280,4,31,3cfec8512eb23e4f014c0e692de026d11c0851e4dc3f01954a2cdbe23a73547e,KCQ,280,4,True
1,203,5,3,KCQA,"(5, 3, 2, 2)",209,4,58,c73bfa0ea9379d5627ad36e1d1d6a5cf20a5d4f27a15a8df970240c0338dee5a,KCQA,209,4,True
1,204,5,3,KCA,"(5, 3, 0)",7859,4,1,17ef4fe43edfaaa05d209765f5b762fed49347385e7d61995b41835981a0cd7f,KCA,7859,4,True
1,205,5,3,KCA,"(5, 3, 3)",13142,4,46,8a28fcdc9893834ba9d8c4a53d961e58571fddcef6d289d421cbbf43b1f0b668,KCA,13142,4,True
1,206,5,4,KCQA,"(5, 4, 0, 0)",7131,4,1781,f7c19ad196b5ebe1092263ad7b3057f1c02a3f5bead2992bb252f6a0422d5473,KCQA,7131,4,True
1,207,5,4,KCQA,"(5, 4, 0, 1)",6297,4,1443,47bceec56ad0b3136693f89d0276590618f83c1c128a28bf44457114c405388e,KCQA,6297,4,True
1,208,5,4,KCQA,"(5, 4, 0, 2)",6146,4,1468,c04cf796857825d7ce4ed40439a34eb88daa8471eb524ed30e8f1009be6f83a3,KCQA,6146,4,True
1,209,5,4,KCQA,"(5, 4, 0, 3)",5846,4,1526,4130e79812a3cba7e0005c53da387ddd80bd91f16cbe532f86c795a77f38d311,KCQA,5846,4,True
1,210,5,4,KCQA,"(5, 4, 0, 4)",5952,4,1536,d7466496a9566f0651345fc726f1579d1cc0ba82c9c88588a4f47263a52b9be1,KCQA,5952,4,True
1,211,5,4,KCQA,"(5, 4, 1, 0)",837,4,342,99668ce74de480efca9d19d85854c16bddcfe8ae2dc1537bcb0f6f3ea9f5078e,KCQA,837,4,True
1,212,5,4,KCQA,"(5, 4, 1, 1)",936,4,287,3290d49da37305dd42f538951adfa5e8cadda7a8f5ba9d7c47e3b2e4073efe95,KCQA,936,4,True
1,213,5,4,KCQA,"(5, 4, 1, 2)",1212,4,255,85c8d39e57e26f2b772d390e4d4e2c0817cccd569ed01dc3e4206e5108a126bb,KCQA,1212,4,True
1,214,5,4,KCQA,"(5, 4, 1, 3)",1051,4,195,dcdc85b4fdd470088879e35f96c5ba26d06af83336b5046f5d803a4e34308a1a,KCQA,1051,4,True
1,215,5,4,KCQ,"(5, 4, 1)",4043,4,1,ebd3d9524ef04ada25535995602762dd8b1af520255b4a191bc920839a7bb18f,KCQ,4043,4,True
1,216,5,4,KCQ,"(5, 4, 2)",263,4,79,8e101fd38d3da83963bd4aaa4f62d2586930c15de0c712b4106d850f05ff33bc,KCQ,263,4,True
1,217,5,4,KCA,"(5, 4, 0)",8023,4,1,837794aa709d3407d3ceafaef10d23236cd7149987b3e7248630adf46534b801,KCA,8023,4,True
1,218,5,4,KCA,"(5, 4, 1)",7330,4,1,d73c0416a903c8cb7f6fd08941370e197e3fe0b639a6c529fa836dcd70ffab08,KCA,7330,4,True
1,219,5,4,KCA,"(5, 4, 4)",6107,4,40,ff31ba7b83808c0108c93351efd2fba0de705ce6e19859ddc39c7e4d3b5732c2,KCA,6107,4,True
1,220,5,5,KCQA,"(5, 5, 0, 0)",7070,4,1767,eb15dced6ade66bf03cf711f30650f8e48f26bf7240730f2f67179621adf013b,KCQA,7070,4,True
1,221,5,5,KCQA,"(5, 5, 0, 1)",6379,4,1573,a855fdab94c75600ef0f4c4db637f6aad81808690f40e16767386e23abaa149d,KCQA,6379,4,True
1,222,5,5,KCQA,"(5, 5, 0, 2)",6034,4,1470,0c29b38acfefdb7830440db845892bf54b8c21c2cbca6a87f62169ce975c6ff7,KCQA,6034,4,True
1,223,5,5,KCQA,"(5, 5, 0, 3)",5594,4,1409,12b6cb0143a0e6e52e7e143739dd2b9c0ad8efc14ba11e1808e0b7b8ee643b32,KCQA,5594,4,True
1,224,5,5,KCQA,"(5, 5, 0, 4)",5640,4,1436,701ddfacad7f41c39ca984d4fb9564527e8d99eb5ae7cd98066094be50345d16,KCQA,5640,4,True
1,225,5,5,KCQA,"(5, 5, 1, 0)",694,4,195,85150125293aaeca80456dda7bde356d2ddd87fda08df18b1c907f8ea5d90a0f,KCQA,694,4,True
1,226,5,5,KCQA,"(5, 5, 1, 1)",997,4,291,166aa68361023e1a6a48084bd2b01156e44f1c208b1e664de929af3f6b06eb14,KCQA,997,4,True
1,227,5,5,KCQA,"(5, 5, 1, 2)",1396,4,339,a8fe7f21a16cce99506b5d26d8b6005cbd23fdca83e527f2462acf60bbf8dc40,KCQA,1396,4,True
1,228,5,5,KCQA,"(5, 5, 1, 3)",1282,4,301,2a4de13ce50360d66f5852f7f7057902adc7120bf27e3773d8ff6fba58557fd3,KCQA,1282,4,True
1,229,5,5,KCQ,"(5, 5, 2)",295,4,63,28c9d5d3c666fb8db77a24e9f535a28c35803819e04538c7cd5a405db323200f,KCQ,295,4,True
1,230,5,5,KCA,"(5, 5, 1)",7478,4,3,dee028572d5da367c19db19fa4f0da7cd9b691dc4d2ed7f4b69abe14e53b5dde,KCA,7478,4,True
1,231,5,6,KCQA,"(5, 6, 0, 0)",7053,4,1761,c3d726024d01deb351627e6e03f032e054c477df7058f1dcb236e3622b88a338,KCQA,7053,4,True
1,232,5,6,KCQA,"(5, 6, 0, 1)",6199,4,1533,5ff2b96f30e653af7ffd9edbc8b912f988fc13e84879f612cbd3f672984a4288,KCQA,6199,4,True
1,233,5,6,KCQA,"(5, 6, 0, 2)",5862,4,1427,16ebcd3524b8ffdeaa874b2147d6e64db1e45b89204771a72b06042d520368ee,KCQA,5862,4,True
1,234,5,6,KCQA,"(5, 6, 0, 3)",5413,4,1308,ec12f9d6ca4d5908aecd4e4f64e96678c9bf350a39a9226c1e9bf8402b912aa9,KCQA,5413,4,True
1,235,5,6,KCQA,"(5, 6, 0, 4)",5490,4,1385,bc310aca138ae31095387056b61ee767d4f5c8c04ffff9e389f4a169e694c2e1,KCQA,5490,4,True
1,236,5,6,KCQ,"(5, 6, 0)",30026,4,1,5d77b64f8b12b5b1b7f0b782d2e888f400613cbf1672560105a827ec10a23885,KCQ,30026,4,True
1,237,5,6,KCQA,"(5, 6, 1, 0)",860,4,231,bc1cd7df9ca6dd39ee155c24c270045925a710dbe61668054555f6a845d2abab,KCQA,860,4,True
1,238,5,6,KCQA,"(5, 6, 1, 1)",1151,4,319,43d7881c1a6addb2c1a1261c8c9e1cc5a92ad881069ba0a98f520269455e8d63,KCQA,1151,4,True
1,239,5,6,KCQA,"(5, 6, 1, 2)",1517,4,403,5456ce3dfbe2ecb4d6efb85ea405e9436ed3af69271380461f5da0de3d30ff9f,KCQA,1517,4,True
1,240,5,6,KCQA,"(5, 6, 1, 3)",1358,4,321,0084087689205102c4f4d5fbc5e5b9ef7585b55413e3994be9346b16cc31009c,KCQA,1358,4,True
1,241,5,6,KCQ,"(5, 6, 2)",381,4,124,7132b6094a2f8e3312dc6b8b0930d7fcb52a2c04f39d8379aa1a3fdb12a05fe1,KCQ,381,4,True
1,242,5,6,KCA,"(5, 6, 0)",7969,4,1,108aa2eb4943118e090eb2be500e79f9e4a9ce0d6dabb1ca42ed81fc56b0fd41,KCA,7969,4,True
1,243,5,6,KCA,"(5, 6, 1)",7493,4,2,c58f29697275e66d8148c2ae35f9b342c09067a65c711fe09700b8d24a2757be,KCA,7493,4,True
1,244,5,7,KCQA,"(5, 7, 0, 0)",7054,4,1761,22eda04a25754aba8e027d57a9f8366b8d02344a7c1e87a21eefb43008eac6f3,KCQA,7054,4,True
1,245,5,7,KCQA,"(5, 7, 0, 1)",6262,4,1553,8a883102142f502912a29a6f5988524e69cd4049b82a79014ce9f520527454fd,KCQA,6262,4,True
1,246,5,7,KCQA,"(5, 7, 0, 2)",5808,4,1418,fec3e7ff2b2e10c08924be98beb98326d28a7442dd514c96b26c2205a65617fa,KCQA,5808,4,True
1,247,5,7,KCQA,"(5, 7, 0, 3)",5318,4,1326,58044f7fed27ceaff17e73f8eed6d098fae3edb05b3fdef18de2eb4132cf8507,KCQA,5318,4,True
1,248,5,7,KCQA,"(5, 7, 0, 4)",5343,4,1319,d8e57ee303f1acdfbbe69f557c2450b903b3227a64a1388dbe87d105489f1e3e,KCQA,5343,4,True
1,249,5,7,KCQ,"(5, 7, 0)",29792,4,2,00321412d1bbe4f99d87a95d4d238e891f0c71323051c355345f8e1d76abb600,KCQ,29792,4,True
1,250,5,7,KCQA,"(5, 7, 1, 0)",793,4,211,46f1d96bcbc8e82e7deeb5d9286e760b1bda265f3a2f5a60105faadf8192f86d,KCQA,793,4,True
1,251,5,7,KCQA,"(5, 7, 1, 1)",1198,4,338,37b261fb8948acce50ee73a448f4f8ba977a3f917567d472ea7f4e1f024f1b94,KCQA,1198,4,True
1,252,5,7,KCQA,"(5, 7, 1, 2)",1597,4,402,0e4e6df5af8d44cdb7fbc2ecfec5afb4a658d8325b8675217bb43e97e2e2244b,KCQA,1597,4,True
1,253,5,7,KCQA,"(5, 7, 1, 3)",1473,4,393,094099d8b94b5c28859ee30779c99dbbad9713871e81e81fd42db5132bb53c6f,KCQA,1473,4,True
1,254,5,7,KCQ,"(5, 7, 2)",424,4,44,b29f5afba09fb2faf4e63fd83497a3c90eecd512d3994aa93bea8f4994e1e4e5,KCQ,424,4,True
1,255,5,7,KCQA,"(5, 7, 2, 2)",223,4,47,c55145490275a893ca26b8be6669a0b8450a2de7b5f6c75a5dba663f5fea9109,KCQA,223,4,True
1,256,5,7,KCA,"(5, 7, 1)",7625,4,5,4a0a120698e2c98b825afcb393737830f4f88c7247db359a9a7fd67c76fbf124,KCA,7625,4,True
1,257,5,8,KCQA,"(5, 8, 0, 0)",7047,4,1761,6bd7da64d93eab3059b766daf91e4c6ad624d14b8c2b540f1483927c6c08a8a2,KCQA,7047,4,True
1,258,5,8,KCQA,"(5, 8, 0, 1)",6177,4,1489,d593030267e6aa6b3c60652c340c5a56bce41cabe59e55b469971115fe305c10,KCQA,6177,4,True
1,259,5,8,KCQA,"(5, 8, 0, 2)",5733,4,1412,f2c234c031c79dbe23d115c71f47fa9f070107427b2144e47deb2f50607493e2,KCQA,5733,4,True
1,260,5,8,KCQA,"(5, 8, 0, 3)",5261,4,1286,3233f5be1eefad73aedd6f242d6a95dc1562d3f74a310aa01380ef3d299d9770,KCQA,5261,4,True
1,261,5,8,KCQA,"(5, 8, 0, 4)",5430,4,1318,06f079ab430d2df423cf2e49fd89dd35f3529e90e3acfe79908c16ae70a55383,KCQA,5430,4,True
1,262,5,8,KCQA,"(5, 8, 1, 0)",872,4,274,dbc49af7aca8ee7e4ca0b13fd91a7456ee0134015e8ebc40c689bc915a398023,KCQA,872,4,True
1,263,5,8,KCQA,"(5, 8, 1, 1)",1249,4,341,b1fd411cfde504e95ec7ee9588085e413ecfaee032814745f790ade4103d8784,KCQA,1249,4,True
1,264,5,8,KCQA,"(5, 8, 1, 2)",1624,4,438,7d4d93a23cde71c574f5b6df4a8fe1080e8bdc5563b1092136e5987a5194e96d,KCQA,1624,4,True
1,265,5,8,KCQA,"(5, 8, 1, 3)",1389,4,383,4c16433280d5d46a1f6ffae0f4c680b272f8e62de0a2f246de2980fbc7be2d14,KCQA,1389,4,True
1,266,5,8,KCQ,"(5, 8, 2)",455,4,54,8f15901986c2385fcf02b7cbf35087b7ca5be3bcca10466c424da523b31db5ec,KCQ,455,4,True
1,267,5,8,KCQA,"(5, 8, 2, 2)",209,4,60,9862a51fab83896e4d5315abf8c1471ee24d2ea1965e2e078db6cc323865910b,KCQA,209,4,True
1,268,5,8,KCA,"(5, 8, 0)",7993,4,2,7fc3f6b2be304e173acf8b4052875408ac5b996835779a84ae1156ee8a2e373a,KCA,7993,4,True
1,269,5,8,KCA,"(5, 8, 1)",7617,4,1,4403b77d8c83cea1835377a04a780f7de2eb8ea691a22c084bee286e6e2b7765,KCA,7617,4,True
1,270,6,1,KCQA,"(6, 1, 0, 0)",3759,3,906,bc4bda8932cb3859dea794ecc30827cf3492d41336f7caa4effa04b2717f1a49,KCQA,3759,3,True
1,271,6,1,KCQA,"(6, 1, 0, 1)",3790,3,921,2a4784e6e9294b6cd6734b4d9dfbe06ed31b60f9965d95d24e581b217192d400,KCQA,3790,3,True
1,272,6,1,KCQ,"(6, 1, 1)",4125,3,40,445f8ed8729bb93eb18b985ab6f813dc8b1bcd0705bcc44aacc12f8e16eea131,KCQ,4125,3,True
1,273,6,1,KCQA,"(6, 1, 1, 1)",3931,3,948,f0b25d9373e87adb99615aa9d644419462ea0292be2f1218c79fca3f315cadbe,KCQA,3931,3,True
1,274,6,1,KCQ,"(6, 1, 2)",3941,3,5,542af18fabe3d8306914ea12bd27541457c07e20cc592fad8395f32ff6677b28,KCQ,3941,3,True
1,275,6,1,KCQA,"(6, 1, 2, 1)",3928,3,955,fbb490bd4de86c91cbf52e1837a2d99dabdec91a03bcfe6eda17740380f458f8,KCQA,3928,3,True
1,276,6,1,KCQA,"(6, 1, 3, 1)",4071,3,984,2213c0047b77c31013438b0b4cdda1e7690dfbee4cab2c981b2af6db448173a9,KCQA,4071,3,True
1,277,6,1,KCQA,"(6, 1, 4, 1)",3795,3,915,713a92576652140e0a03c2179b082de6d7ae26251a3e3c5b263dc4ec6b4f078c,KCQA,3795,3,True
1,278,6,1,KCA,"(6, 1, 1)",39022,4,690,2621e08996f2ba9bf5662ddb44d67dd408546d5a88b59146619deb473c6499bf,KCA,39022,4,True
1,279,6,1,KCQA,"(6, 1, 20, 1)",261,4,83,5bacbf53ed4792e50a6b5c6eff2026c2f1d4de066927b60876e5b7eaac6623f5,KCQA,261,4,True
1,280,6,1,KCQA,"(6, 1, 21, 1)",362,4,64,d59ab8a804725e512b8fcc025b08d87c9ab5213d2edde88dbef574bbb4a3d99b,KCQA,362,4,True
1,281,6,1,KCQA,"(6, 1, 22, 1)",486,4,63,94cc4e4d5e126c1a1b9e80a5980c18bb036c043fc14b0a34057ad5e9d117de11,KCQA,486,4,True
1,282,6,1,KCQA,"(6, 1, 23, 1)",618,4,51,dc6801b30e42fc76817b28e7b3058942c5ea1aa179bb215abd48c60527324a42,KCQA,618,4,True
1,283,6,1,KCQA,"(6, 1, 24, 1)",715,4,67,a6bb47d7a34b1fac03eb4597d2baa706f8f6248e72a74c14451995352f0a85d9,KCQA,715,4,True
1,284,6,1,KCQA,"(6, 1, 25, 1)",801,4,91,485d5024355a8e072d7c892091d10618d7a8d57772fd2be5273438fe8a8bd100,KCQA,801,4,True
1,285,6,1,KCQA,"(6, 1, 26, 1)",1003,4,149,b1bd5694d24effe396bc7e2fff3116aa5083dca406a7a64d391c18d981f2804c,KCQA,1003,4,True
1,286,6,1,KCQA,"(6, 1, 27, 1)",1196,4,232,c2210755dea2e16c9212487aa4409725e572c2ca5ab770bf365a8ee3dabf823f,KCQA,1196,4,True
1,287,6,1,KCQA,"(6, 1, 28, 1)",1369,4,303,d1a06187e21421add57bc9a3a1ca897b747eb9c959f28062d813cb110c572500,KCQA,1369,4,True
1,288,6,1,KCQA,"(6, 1, 29, 1)",1465,4,330,7bd1bcc06eacd0af2c67c26cd8138cd4bd95ec9c071340a0725423c95fa5d5e5,KCQA,1465,4,True
1,289,6,1,KCQA,"(6, 1, 30, 1)",1549,4,360,452d988127621395fcef732be2a43bf4f9b30916d62c7d1af3138b9d5df6db41,KCQA,1549,4,True
1,290,6,1,KCQA,"(6, 1, 31, 1)",1481,4,367,2f01688176254746ef883c81f5587539ba7ca279a1f7784ea7d7fa50f1d45cab,KCQA,1481,4,True
1,291,6,1,KCQA,"(6, 1, 32, 1)",1313,4,395,f6a241d0f7cd3b3f9ff9a43264ca0e82b4f22c98e979bb12e048af01169991e0,KCQA,1313,4,True
1,292,6,1,KCQA,"(6, 1, 33, 1)",1160,4,384,390b829582487583f6acb3dfe2e087466fee7a23f69ec00eb4f47fdc6bbe432c,KCQA,1160,4,True
1,293,6,1,KCQA,"(6, 1, 34, 1)",975,4,337,999f378b8d5dd16a23eacebc3593d57da5730f8a0c21ce36ccccf8b11b67409f,KCQA,975,4,True
1,294,6,1,KCQA,"(6, 1, 35, 1)",804,4,329,fd0edc106c6b4175acbdb954edbe5603603fe7193027f71d75f7bcc6b4752a89,KCQA,804,4,True
1,295,6,1,KCQA,"(6, 1, 36, 1)",732,4,269,8c80e30de302aca1be027990cfd5a5242a8c30443149d9755668ed3cfd2bc5a1,KCQA,732,4,True
1,296,6,1,KCQA,"(6, 1, 37, 1)",613,4,191,7ed345b8799c0fca10b6a681b68cffe862e3c4db7b8b01bfc692b00ec5cd7250,KCQA,613,4,True
1,297,6,1,KCQA,"(6, 1, 38, 1)",505,4,147,f3518cebccd1ae53647e6e4efb7ad441fe5d9beb17ba6db02c6866e7964f67ac,KCQA,505,4,True
1,298,6,1,KCQA,"(6, 1, 39, 1)",390,4,109,4d8c7c4add77a998f477784a7d6ee3205674df73f0e72613050f028b91acc454,KCQA,390,4,True
1,299,6,1,KCQA,"(6, 1, 40, 1)",273,4,59,3c0bade0ab2a1a577945deafa865b9bb625df69eea08f96cca6dbdfcfc566832,KCQA,273,4,True
1,300,6,2,KCQA,"(6, 2, 0, 0)",7030,4,1750,5314d6b55c3e83ee6ce8f265f10221e863a45f5c30ec25951c8a4df502f1b0ad,KCQA,7030,4,True
1,301,6,2,KCQA,"(6, 2, 0, 1)",6325,4,1580,9e4a9ef55475c93fb5a6c0f6f0e788b202de11870e3ef9f42da525ce7eb09baa,KCQA,6325,4,True
1,302,6,2,KCQA,"(6, 2, 0, 2)",5878,4,1473,aefd99e3bc9f5dc3731e1cac9f48876aa9522e5a528fb14408ad43c2566c3f3d,KCQA,5878,4,True
1,303,6,2,KCQA,"(6, 2, 1, 0)",707,4,172,f1529e7f2fd7e7bbd695c5fbcfd72f29c1ab68f94ff193d0a04ce9ec50b3506c,KCQA,707,4,True
1,304,6,2,KCQA,"(6, 2, 1, 1)",1109,4,270,825f82adaf9f4b6a92be2cb3bd3c41d9b85e46b8e862df1902edcac1e46fad31,KCQA,1109,4,True
1,305,6,2,KCQA,"(6, 2, 1, 2)",6725,4,1683,43d840a8cbb88b15226e4d4cdf962d0fa2cdae7c5239dc66588099d90d7a1701,KCQA,6725,4,True
1,306,6,2,KCQ,"(6, 2, 2)",7350,4,10,34031d27be38f9ab5347e27eaf9f2b34dfb741b758a8bf1577ffad7811656e49,KCQ,7350,4,True
1,307,6,2,KCQA,"(6, 2, 2, 1)",313,4,72,dcd4aa7eb86b68122dcd41a4e061208c775437d9f23d18751e0e7c3173604d20,KCQA,313,4,True
1,308,6,2,KCQA,"(6, 2, 2, 2)",6987,4,1737,639ad5363b2964978f7ae669162877e9a6d6cba7c633a885a30903cc807e88b3,KCQA,6987,4,True
1,309,6,2,KCQ,"(6, 2, 3)",7076,4,20,ab9d1a1fc3a38b3802c86acab89c5c57ced794cfdf190ec874d667336a037808,KCQ,7076,4,True
1,310,6,2,KCQA,"(6, 2, 3, 2)",7000,4,1741,08c51b171b06f12908f776ac55e4657594d8c1508c8af07acb2a2204279b7f19,KCQA,7000,4,True
1,311,6,2,KCA,"(6, 2, 1)",7842,4,7,7b51e55ae402a82e26e16e7fa44fa3e67b1159824de718f96dfa95eb7e42b0c1,KCA,7842,4,True
1,312,6,2,KCA,"(6, 2, 2)",27357,4,225,54cdba27a60c1068ea8402225c0341d848d871a9e6443be9c66c9c4b8cafde8b,KCA,27357,4,True
1,313,6,3,KCQA,"(6, 3, 0, 0)",7067,4,1772,8d56eb4b6bd9ded955c45f0d3d167348792a123c62b121eec4e23e0ad38b4547,KCQA,7067,4,True
1,314,6,3,KCQA,"(6, 3, 0, 1)",6422,4,1582,a25d70d5a1fd48a8e77e971fea8f5f045890fe672ee84d6f3c991f250f026bfd,KCQA,6422,4,True
1,315,6,3,KCQA,"(6, 3, 0, 2)",5948,4,1428,e9df0697a25a565b89cbac21510e8452fff57004b0217af67913ddbd157f9fb3,KCQA,5948,4,True
1,316,6,3,KCQA,"(6, 3, 0, 3)",5478,4,1318,6942cf81727f21cc864b4535044bd99706d4873b1fe449ad33b3eede1018e1c9,KCQA,5478,4,True
1,317,6,3,KCQA,"(6, 3, 1, 0)",653,4,192,18a4637fc62355348c260583591f543d1075c22bd65d5faccf10b91d5ca38b18,KCQA,653,4,True
1,318,6,3,KCQA,"(6, 3, 1, 1)",1081,4,323,da44cf79ceddd5e4b895af6c2cebcca8d90fc53b63b382189dfd8f9a8abe8d5d,KCQA,1081,4,True
1,319,6,3,KCQA,"(6, 3, 1, 2)",1471,4,406,a5979fc5864de6c21393e5546172c506e22f5a6702cb02125a4adf4d287f3f73,KCQA,1471,4,True
1,320,6,3,KCQA,"(6, 3, 1, 3)",6630,4,1641,d62f68a85544dd0e12fecdfac2dd07dc1ff8b14b5fdcb9165ac2132d5bfea563,KCQA,6630,4,True
1,321,6,3,KCQ,"(6, 3, 2)",7557,4,70,4987484deb9da3dea48fdf9cda5ad2eb85339b666083ec3f261249f75bd4b784,KCQ,7557,4,True
1,322,6,3,KCQA,"(6, 3, 2, 2)",432,4,124,f9e63226f72517d4166fc3fbebdcc0c87fe71e1696186e2cae7c48d2daacc471,KCQA,432,4,True
1,323,6,3,KCQA,"(6, 3, 2, 3)",6955,4,1742,bc6a4c8da5f6778020604bd30e3165ecfc43bf5e1a9b703e17cf119108424122,KCQA,6955,4,True
1,324,6,3,KCA,"(6, 3, 0)",7771,4,2,34b71f018c03aa5a05d463a3467edb1999db4b04367074905944a2b1c8c05d05,KCA,7771,4,True
1,325,6,3,KCA,"(6, 3, 1)",7649,4,10,94afa25a02c4e9fd92fc7e69f212428eae599e7ae189b0ac255e3d334c6e8fa2,KCA,7649,4,True
1,326,6,3,KCA,"(6, 3, 2)",7974,4,33,a3f3f6f808e57ea6a4624d352eca2a29cbb9a79d079dc61d32f82e2fae6940c6,KCA,7974,4,True
1,327,6,3,KCA,"(6, 3, 3)",19558,4,108,3fd9bbd3f2fc9fd142133c8c38b04cbc40cc8dbc3f95140aa895fef9295f8fb2,KCA,19558,4,True
1,328,6,4,KCQA,"(6, 4, 0, 0)",7071,4,1770,05927f3953b121f8b7ad3ed85bc0c702fc682ffbee622e70cc9cc1145b1f0b18,KCQA,7071,4,True
1,329,6,4,KCQA,"(6, 4, 0, 1)",5895,4,1550,82fb3b1c5024f08802bc9111066fa71cdfd6d075da42429f83b8268b39f0bfb4,KCQA,5895,4,True
1,330,6,4,KCQA,"(6, 4, 0, 2)",5545,4,1443,2d16365b6201f5a9e2ffc54f88d7c541722dba91de4818aa93b671960f3730ee,KCQA,5545,4,True
1,331,6,4,KCQA,"(6, 4, 0, 3)",5486,4,1352,ffa40ad833db300383a6b5ea52e19bbbef82cf5a29ce3c760be609cecd3bcdbb,KCQA,5486,4,True
1,332,6,4,KCQA,"(6, 4, 0, 4)",5374,4,1318,61f74d8af1371edfcc7a80a820ec20f2044a8dc7bc316b14c0e6c806030a76dd,KCQA,5374,4,True
1,333,6,4,KCQA,"(6, 4, 1, 0)",1187,4,226,665e3821ffd3391ec0caeff30c0fc86d5de06deee8dc4a074657e6d3f7d60d4d,KCQA,1187,4,True
1,334,6,4,KCQA,"(6, 4, 1, 1)",1433,4,316,68312daa504daeef8fc7097b34ad0c8bf71b16eda6eaf8f8fab51386e05327c3,KCQA,1433,4,True
1,335,6,4,KCQA,"(6, 4, 1, 2)",1432,4,388,fe1a55f9cb1935d88e40041c4f6f871f369f0fd7b25adcbccabe2ec7d67ebeab,KCQA,1432,4,True
1,336,6,4,KCQA,"(6, 4, 1, 3)",1500,4,403,6a60aa2ca976567432022306636255519300c56b5eb87375f21b059d6f721a3d,KCQA,1500,4,True
1,337,6,4,KCQA,"(6, 4, 1, 4)",6747,4,1663,0515cab7c7673c063f4b6c59dc630d31cca323a9b097ca23e847802bfc216ae3,KCQA,6747,4,True
1,338,6,4,KCQ,"(6, 4, 2)",845,4,61,b4fba254477699fad0e7c5b4961a9c5dc5503a2ad34ddd59c4b8fec459393507,KCQ,845,4,True
1,339,6,4,KCQA,"(6, 4, 2, 2)",216,4,49,0c435b024c8bf67eb00f62a284309da34b63ea1a63da6260ec072436edaaab4d,KCQA,216,4,True
1,340,6,4,KCQA,"(6, 4, 2, 3)",317,4,107,f50ad4aa6875b5357373b5e458b5e8a67ce89e4b4634352a4ba121245f75ac82,KCQA,317,4,True
1,341,6,4,KCA,"(6, 4, 1)",7515,4,5,8f55ea1090ff70deafcedbe04a33595af565aa80bd83ac0aec53b6cbcd61a15f,KCA,7515,4,True
1,342,6,4,KCA,"(6, 4, 2)",7217,4,6,81687170b21aefea8c59810cf82754cff91526b5161e622c0d1766ef958208a5,KCA,7217,4,True
1,343,6,5,KCQA,"(6, 5, 0, 0)",6917,4,1721,27ac31442cdeb5339bd7a1c67bed1ccae15bde3f59af3d8528e047cc9668ed4c,KCQA,6917,4,True
1,344,6,5,KCQA,"(6, 5, 0, 1)",5956,4,1478,e581ae339d77f1e63bb1a4d8da74f2f27a8c9c29cbba109037f962b39b4fa688,KCQA,5956,4,True
1,345,6,5,KCQA,"(6, 5, 0, 2)",5458,4,1390,cc676c3919df09f2e9a6eb86a071b9af5f7b237c16ae5d8aad9daf07380fc22f,KCQA,5458,4,True
1,346,6,5,KCQA,"(6, 5, 0, 3)",5179,4,1292,b6e90ec1181147c70191e9f47d5401ff22ed8d9a8d2228d701337f0f3a8ad16a,KCQA,5179,4,True
1,347,6,5,KCQA,"(6, 5, 0, 4)",5149,4,1277,e7298aca2a9d7dc3b6622754ca2256ea5bbc26e3c246580ad4a30be3e51f1b4f,KCQA,5149,4,True
1,348,6,5,KCQA,"(6, 5, 0, 5)",5591,4,1381,868885fb5b38752e34490e79cf2afc2e384f4d8793dacba44dd453e2730c52bd,KCQA,5591,4,True
1,349,6,5,KCQA,"(6, 5, 1, 0)",1023,4,265,0da318e85d666dead402f7888c7b3c867a8b4f87a5890f201529ec50dd49c6e2,KCQA,1023,4,True
1,350,6,5,KCQA,"(6, 5, 1, 1)",1435,4,332,89d5263141ce7cdd116aec356d0e2acd8a9e8f403cacf0b2d2b82089e0978bb2,KCQA,1435,4,True
1,351,6,5,KCQA,"(6, 5, 1, 2)",1613,4,397,260f094a36947a8bad3462d7bc0007f767ec5a77b75750e784a3bbf7a0c2db62,KCQA,1613,4,True
1,352,6,5,KCQA,"(6, 5, 1, 3)",1575,4,408,53243655eee9ecff5445126171718a238f728bdd624351f061217f890ed47cf1,KCQA,1575,4,True
1,353,6,5,KCQA,"(6, 5, 1, 4)",1168,4,318,284b7ecbea8dad4bc3f7ea8c9257d2e98a580860d90738093c0f9709902c7168,KCQA,1168,4,True
1,354,6,5,KCQ,"(6, 5, 1)",6824,4,4,c7c9460f8b04880504a49bb9f1088532d78724df957eb4f029da6254cab203dd,KCQ,6824,4,True
1,355,6,5,KCQ,"(6, 5, 2)",720,4,109,8a1933acc774ad4c4c3e141774fdd4dab1c06d034e4eb0d50a58ba5fe29423ee,KCQ,720,4,True
1,356,6,5,KCQA,"(6, 5, 2, 2)",245,4,58,fa807e34e484243659c604a04eeda90003e96dd816a4582e67d7cb7cd18b9c4e,KCQA,245,4,True
1,357,6,5,KCA,"(6, 5, 0)",8042,4,2,d1de76d811feb0dd63bc407039c2fc19f4389be7696a826fa05a7f0dda5276d0,KCA,8042,4,True
1,358,6,5,KCA,"(6, 5, 1)",7608,4,6,fef5631fe8f8b69868ac76f77581de583c3ddae3c4705038a7b80e928eb413ab,KCA,7608,4,True
1,359,6,5,KCA,"(6, 5, 2)",7334,4,5,9f7b8156fc4c305088fe2b7c1e6d73752b9bb2da131786439c11b013ec0a205b,KCA,7334,4,True
1,360,6,6,KCQA,"(6, 6, 0, 0)",6928,4,1726,c40894bb98ff2e67e99a39cc9813609cb2afe9f5d887d6e8b9719e1c2e1b0dd5,KCQA,6928,4,True
1,361,6,6,KCQA,"(6, 6, 0, 1)",6281,4,1522,7d8feee99ced95098914b95c9afc28b070b0bd2ffddc0c0b7dbf6d9459994580,KCQA,6281,4,True
1,362,6,6,KCQA,"(6, 6, 0, 2)",5886,4,1423,213cbef09683315f1074522a3f25ec959112b7a175289c1f8fa08be75343cb9b,KCQA,5886,4,True
1,363,6,6,KCQA,"(6, 6, 0, 3)",5577,4,1371,dff78d2a7fa9c9d15bce2187bbd6eea72f58a14433b9307f06b95b498b1b7181,KCQA,5577,4,True
1,364,6,6,KCQA,"(6, 6, 0, 4)",5475,4,1318,84457cdd545472d677b1cdc3f1e4ba38977ccb53435b43aa8fe8fc297eaae09b,KCQA,5475,4,True
1,365,6,6,KCQA,"(6, 6, 0, 5)",5437,4,1359,50056a435ee08fedd33f172574f76c1c97709438ffec81707cd2b309332175e4,KCQA,5437,4,True
1,366,6,6,KCQ,"(6, 6, 0)",35590,4,4,b225c9fffcc1cee731d13c7a717479796ab4264f88cc5f12de4231605fcfcde4,KCQ,35590,4,True
1,367,6,6,KCQA,"(6, 6, 1, 0)",663,4,208,965784c80404f520b3b157636c4a4a13a3369aaaf1db90a64912c9594a1c4d77,KCQA,663,4,True
1,368,6,6,KCQA,"(6, 6, 1, 1)",1031,4,292,2d466c08ea00439cc08047d9b4308b44c287b59b0824d6080c0f3e3555aab0c4,KCQA,1031,4,True
1,369,6,6,KCQA,"(6, 6, 1, 2)",1272,4,316,0e73a6771b7b790d0e899b0c38d5c1943d82fdbb15673b74df4fe45d81078ab7,KCQA,1272,4,True
1,370,6,6,KCQA,"(6, 6, 1, 3)",1312,4,364,5fea4a70fe5a2d4b0a170cc2eaa33cf026c403ce9345779c55e74966eb90e0a1,KCQA,1312,4,True
1,371,6,6,KCQA,"(6, 6, 1, 4)",1336,4,326,69dae1a78d81b5ccd5c71eadc22ae057f002b6895ba18770e7a6706612309883,KCQA,1336,4,True
1,372,6,6,KCQ,"(6, 6, 2)",485,4,152,3edf50b41439941ffd258ccb0e839f71e8c6a98a5835bee3f1b9cb2b9de1cc8c,KCQ,485,4,True
1,373,6,6,KCA,"(6, 6, 0)",7631,4,1,c55475f43534ab9861b4afd052ba2aafb759b5c1bc7740208ed86fb362db8fd0,KCA,7631,4,True
1,374,6,6,KCA,"(6, 6, 1)",7431,4,4,bc13b230607e8ca01c5daac086572ebc71dae7e4569f1426ee0fefedccc335f1,KCA,7431,4,True
1,375,6,6,KCA,"(6, 6, 2)",7339,4,3,979e011d7b555dc6a406a53eca5ff0c3ac0822d4c6c6fb3b8935c8e9533deefc,KCA,7339,4,True
1,376,6,7,KCQA,"(6, 7, 0, 0)",6914,4,1731,220862136ccc31ccdae4a6295955001287d8d64c28f192cfd3597443a248df17,KCQA,6914,4,True
1,377,6,7,KCQA,"(6, 7, 0, 1)",6222,4,1553,d646b9b8af958a4d223aefe132ac39a078429bd3587234a05856b6b3186550e4,KCQA,6222,4,True
1,378,6,7,KCQA,"(6, 7, 0, 2)",5725,4,1434,45f23bb0d97009e74ffaae1737bc9c4e43c14c841995410a169e134e5ec542ba,KCQA,5725,4,True
1,379,6,7,KCQA,"(6, 7, 0, 3)",5356,4,1356,5711e5a6b57f2b1791e5bd0c9d0de30b03f6a932704bf737e0d19eb6ceda1fea,KCQA,5356,4,True
1,380,6,7,KCQA,"(6, 7, 0, 4)",5185,4,1334,45ee8daf2ed04f8a57bf5afe8c82540ce8fba1d1fbf4bef57b14e6d431545219,KCQA,5185,4,True
1,381,6,7,KCQA,"(6, 7, 0, 5)",5397,4,1351,13ebfdc338dd4f29a6dfa5a2fbdac8e632da3fad4ad1b3c52da75731840f1f00,KCQA,5397,4,True
1,382,6,7,KCQ,"(6, 7, 0)",34813,4,7,5599597e725ecd69e6e00befe749a61619e86bd8e87a29764c6135bf5b706abb,KCQ,34813,4,True
1,383,6,7,KCQA,"(6, 7, 1, 0)",710,4,186,18ef19ad1b19a3273561d09a928f09122a78de7cfaae37732e0ba4275a093713,KCQA,710,4,True
1,384,6,7,KCQA,"(6, 7, 1, 1)",1139,4,283,383268e5fcf6ba8fd69e9450f37cd87792ecea15224e96f91c4031ee4225c381,KCQA,1139,4,True
1,385,6,7,KCQA,"(6, 7, 1, 2)",1444,4,346,ea027e64c6493b39380de08bdb7836d1f9ef891c41acdb90dbc64dde9762b83f,KCQA,1444,4,True
1,386,6,7,KCQA,"(6, 7, 1, 3)",1536,4,351,59efc2e5d5f9805543af8a5e6956cec9c93a02ce6f955c533619ca4998b9865a,KCQA,1536,4,True
1,387,6,7,KCQA,"(6, 7, 1, 4)",1303,4,324,f082f58cea7ff0cefef523e7cc32cce38532ab993c8de333d685b4b9fb0684b3,KCQA,1303,4,True
1,388,6,7,KCQ,"(6, 7, 2)",623,4,103,8cd2d2ced861eff078bcefd7ff1e11e56d4d3bd4fc34bcb9df6314da9b4681d8,KCQ,623,4,True
1,389,6,7,KCQA,"(6, 7, 2, 3)",224,4,51,42b5728f86e47391eba644414634810c24f817ff0938210689844189e0aca820,KCQA,224,4,True
1,390,6,7,KCA,"(6, 7, 0)",7693,4,3,3c8a44c239c0ec4089cdcabec4f5bb589bd796a0bba059a2e8f3f8863f2ea876,KCA,7693,4,True
1,391,6,7,KCA,"(6, 7, 1)",7512,4,2,3ecd754318d4f42eabc41fddb41efb1d9edae3a6294db6729ebf7c6a37853570,KCA,7512,4,True
1,392,6,7,KCA,"(6, 7, 2)",7381,4,4,6f7613f66153c929fe9aa142c69729dc22a29b32955606ba4508aefd289feaf2,KCA,7381,4,True
1,393,6,8,KCQA,"(6, 8, 0, 0)",6915,4,1727,4ea6cbd2bc87ef175144be1060d6e18a677346760aeed7d9bd333ebc63cba9fd,KCQA,6915,4,True
1,394,6,8,KCQA,"(6, 8, 0, 1)",6205,4,1533,1b608025112a776d224f62430caa1c7fe607e2eb26471a3c01148e732e30dc67,KCQA,6205,4,True
1,395,6,8,KCQA,"(6, 8, 0, 2)",5785,4,1438,d1b655fc7083805102cad1d222619db30a9365c9bb6b44fc022312fa88b41dfc,KCQA,5785,4,True
1,396,6,8,KCQA,"(6, 8, 0, 3)",5444,4,1342,bd8bb1d6203ea51ce1bd9cf9d115f1bbc83ec07c283fc0e7d5e5d020249a06fd,KCQA,5444,4,True
1,397,6,8,KCQA,"(6, 8, 0, 4)",5328,4,1316,6d430542d9e74456d70bfedba0d09c93b26c02e23224b0d7a503b0f946589899,KCQA,5328,4,True
1,398,6,8,KCQA,"(6, 8, 0, 5)",5442,4,1353,178242724f647eb56c71aaa3fa8ab8d60602716ad1ac5ff80c1694aef47ac6e2,KCQA,5442,4,True
1,399,6,8,KCQ,"(6, 8, 0)",35127,4,4,6fa55a1896cbc84cced39bd3b26b99e9a8a4c77383fd11b988a05eae2ec25d71,KCQ,35127,4,True
1,400,6,8,KCQA,"(6, 8, 1, 0)",729,4,204,0b9d06c1a0339eb94fe3210cffdca58a56147f2ad3985842f69c1e86f9baf6ca,KCQA,729,4,True
1,401,6,8,KCQA,"(6, 8, 1, 1)",1099,4,278,8db077bdef3761ca960711388b1c9a16a591fe9b0f57937a8b4a5b306b0e350a,KCQA,1099,4,True
1,402,6,8,KCQA,"(6, 8, 1, 2)",1344,4,360,21bdc3c19f8057814f9ad52200055590fc6ac8c3551830699166a69e91ac6581,KCQA,1344,4,True
1,403,6,8,KCQA,"(6, 8, 1, 3)",1434,4,358,f7e50adbb08438850d9d2d66625f4d44b2fdac061333c50d806e8ecccf77fd3f,KCQA,1434,4,True
1,404,6,8,KCQA,"(6, 8, 1, 4)",1301,4,337,2e332e0ddbf49e3667f535a6461838ca7861de360cf05d8d99838481200336da,KCQA,1301,4,True
1,405,6,8,KCQ,"(6, 8, 2)",550,4,160,462d5240d666151d37cf52304d2f0409afe7231fdef92c35b68a14765d3f31b8,KCQ,550,4,True
1,406,6,8,KCA,"(6, 8, 0)",7706,4,2,e185d640aa2b0276df668a9dcb5cafb15f7635dcb10415d72762aaee15a74fb5,KCA,7706,4,True
1,407,6,8,KCA,"(6, 8, 2)",7313,4,4,e5ee1f5fa8a4857c5ce2b23c7c1bb12b1e85e91fca955c733448fecaa1e25848,KCA,7313,4,True
1,408,7,1,KCA,"(7, 1, 1)",50130,4,12527,e975175f6549b0aaf0df25650bdff0a5cc5699aa7a18a523511ce4388fb31f5b,KCA,50130,4,True
1,409,7,2,KCQA,"(7, 2, 9, 2)",255,4,11,a7fe24296fbfe1e184baea68537aeb583687d1bb1875b72f7c0e8354a7fb09a9,KCQA,255,4,True
1,410,7,2,KCQA,"(7, 2, 10, 2)",290,4,31,1370840ae7bf38698189ee52a4e86f8b8b8e5cc9b3e4f6149e6e67e70d2124a8,KCQA,290,4,True
1,411,7,2,KCQA,"(7, 2, 11, 2)",361,4,58,e0786f10c01fd0b18ae216c38418fe63879da86fefe671a7b29b480a2df73636,KCQA,361,4,True
1,412,7,2,KCQA,"(7, 2, 12, 2)",385,4,92,a5e68e879a2a7ca93826ac65100a4ce8149dff25c4ce34160465009be47646a4,KCQA,385,4,True
1,413,7,2,KCQA,"(7, 2, 13, 2)",410,4,126,a3f80ff646de1879567fc3d9a201b23f22b07dd8b1ed2cf4d7c41134770eb7ce,KCQA,410,4,True
1,414,7,2,KCQA,"(7, 2, 14, 2)",418,4,147,34c2da777ee2a5d079e89a2f84d1a9ae54213f9480e2023b08afcfc27979c1fe,KCQA,418,4,True
1,415,7,2,KCQA,"(7, 2, 15, 2)",441,4,148,b429590049f8ad72597510e9d1c3410e9c07e78c0c8a1ac04d6f20f7b5372dfd,KCQA,441,4,True
1,416,7,2,KCQA,"(7, 2, 16, 2)",440,4,169,4d42cfdd7e037c09869c34dfbc8e449287547bea15b03480fdc6340831db37cc,KCQA,440,4,True
1,417,7,2,KCQA,"(7, 2, 17, 2)",431,4,186,7223ad1de2f98cd0377fdc3ca3ce86d07f33a55b7da57744b2a524561556cb72,KCQA,431,4,True
1,418,7,2,KCQA,"(7, 2, 18, 2)",384,4,221,7f4264599b2c3a2facf04be0eebe8f9dcc97d61872882b98206d7e2b72d83097,KCQA,384,4,True
1,419,7,2,KCQA,"(7, 2, 19, 2)",342,4,296,7d875679fbaf0ef7b16ef9db0f56a227b4d57cf332dcfb515e154717ec5209e8,KCQA,342,4,True
1,420,7,2,KCQA,"(7, 2, 20, 2)",317,4,411,cadefb511ab6296f6415eee78982c42c3ca991d9748d11ce2fb471bc47914c0a,KCQA,317,4,True
1,421,7,2,KCQA,"(7, 2, 21, 2)",330,4,508,befaf9db8c351fea6871690edf0f6af7a37b3a85e5cf97bcc6e5d7424f680619,KCQA,330,4,True
1,422,7,2,KCQA,"(7, 2, 22, 2)",353,4,606,f9e573beb763f7048008969e853d24dba789df8290b6b000d2f27f1119d95384,KCQA,353,4,True
1,423,7,2,KCQA,"(7, 2, 23, 2)",375,4,754,a699589bf25dba35414c9df2f290064af6244663daad61d252d70a3e49414fc5,KCQA,375,4,True
1,424,7,2,KCQA,"(7, 2, 24, 2)",414,4,842,45425642423d58052fae4bba7701b770676a49cf19593ab70a3e657b7d8e28e7,KCQA,414,4,True
1,425,7,2,KCQA,"(7, 2, 25, 2)",426,4,823,314d55d4bc58a0c2d9a24182de10dbf8aa116de8ba833da7ce8af69fcd4ed20a,KCQA,426,4,True
1,426,7,2,KCQA,"(7, 2, 26, 2)",429,4,760,fa50651df97541fbc08f5d02f683d6296e8db4817a6977effa4d66efbf3fae26,KCQA,429,4,True
1,427,7,2,KCQA,"(7, 2, 27, 2)",433,4,761,f968df50e45da9540dac5183505c0363f3e326658a680fe5c335a175acbfefe9,KCQA,433,4,True
1,428,7,2,KCQA,"(7, 2, 28, 2)",467,4,724,f104f1497ff8f41f67efb875f5402dde98bc236ca730bea6350bcd9630a70df9,KCQA,467,4,True
1,429,7,2,KCQA,"(7, 2, 29, 2)",483,4,656,94c50c9e05242d17642e2b75e4ecd0ef142012642aa7658708e8ad58dda52df2,KCQA,483,4,True
1,430,7,2,KCQA,"(7, 2, 30, 2)",455,4,637,7ecaf3dd95c7d6b473f0755298ddcb8fea8fc191173cbf0eef6fa6c2c9141d65,KCQA,455,4,True
1,431,7,2,KCQA,"(7, 2, 31, 2)",438,4,588,349f3ff25d66b013932744bd34d64d6af071062360b5c17896f48b60b7c4c892,KCQA,438,4,True
1,432,7,2,KCQA,"(7, 2, 32, 2)",390,4,503,e63d0dba860cf3cd666ec4cee52953ac81d7fac7247a4f950210419cb451a779,KCQA,390,4,True
1,433,7,2,KCQA,"(7, 2, 33, 2)",380,4,392,2d29bb86f5f4e27eb2aeed0510e401b9cfa1ef9ca7b11037497e97f224a5f771,KCQA,380,4,True
1,434,7,2,KCQA,"(7, 2, 34, 2)",404,4,280,d11c4f41d9de09e25da1ba0081ad1feb1e75b641a53249ecd20645c926c57341,KCQA,404,4,True
1,435,7,2,KCQA,"(7, 2, 35, 2)",473,4,210,7a09a72ae65a2fb842f0736ca43ef41bd8a1ec787dd5507022529840c28a8996,KCQA,473,4,True
1,436,7,2,KCQA,"(7, 2, 36, 2)",577,4,142,3da2bca229982774e0dce57fd9f6ab8997e9ec2c6b4a426dfa074b1e269371b6,KCQA,577,4,True
1,437,7,2,KCQA,"(7, 2, 37, 2)",682,4,143,66401ae0b6157c3e2efa2bca369f22b3a6339a0402e579848f7b7db684336b4e,KCQA,682,4,True
1,438,7,2,KCQA,"(7, 2, 38, 2)",821,4,113,3b15e0a3527cd312f33fec360dbd17f5143fd2c95c4038effa4ebaaa5bbbf11d,KCQA,821,4,True
1,439,7,2,KCQA,"(7, 2, 39, 2)",972,4,94,8f8274ad6662b523e6fdfbc09938e8ee4875ebc653c95ffc7964c5bdf8161299,KCQA,972,4,True
1,440,7,2,KCQA,"(7, 2, 40, 2)",1195,4,72,8fd9fad0f62189fdefeb21baa03ec5e5ce6e9c0c67791fc11a46cb21f477f040,KCQA,1195,4,True
1,441,7,2,KCQA,"(7, 2, 41, 2)",1393,4,79,7080e9c12310e823ca1f252b513ebe73c0b5c7e9b0502c78caf1f97f23a33809,KCQA,1393,4,True
1,442,7,2,KCQA,"(7, 2, 42, 2)",1565,4,72,81dd63c2568979951cc0261ae572dd710cd62ebaa43475d29d5eada3a1a1bf66,KCQA,1565,4,True
1,443,7,2,KCQA,"(7, 2, 43, 2)",1768,4,73,4387c2fdaf3feb89975f8165351a31ac87578a747daad31ad9705fdb27e2d7eb,KCQA,1768,4,True
1,444,7,2,KCQA,"(7, 2, 44, 2)",1844,4,66,db2ea8e62595666485af548b9c69cf4101d7e8cf135f587597501a4b6455b2c6,KCQA,1844,4,True
1,445,7,2,KCQA,"(7, 2, 45, 2)",1815,4,85,517f388691394d5277cd0638849e6ceea01bc6d70bd7a59f5aad000cb787bb02,KCQA,1815,4,True
1,446,7,2,KCQA,"(7, 2, 46, 2)",1694,4,66,88a93e6c1df9c5839bf14a943dcbecfdba34183ffce99c25c2bb2127e60ed13f,KCQA,1694,4,True
1,447,7,2,KCQA,"(7, 2, 47, 2)",1472,4,62,7aa5deedc029a6f7707f573c4dcd96bf9296a94b94782f31cb8b9817446dd605,KCQA,1472,4,True
1,448,7,2,KCQA,"(7, 2, 48, 2)",1232,4,55,f3e1b6a47d9f0e8e97b1d913b8314746542b77ac611ad81028054d838ce4e584,KCQA,1232,4,True
1,449,7,2,KCQA,"(7, 2, 49, 2)",976,4,69,666e95d26e4c971544949a0b0e519025b4c75d8f408ca3e32488394e35cfcaa4,KCQA,976,4,True
1,450,7,2,KCQA,"(7, 2, 50, 2)",687,4,63,db492ec6375f417f860a933f789f9ee8013bd1a60a4d256f40997994388b7e4d,KCQA,687,4,True
1,451,7,2,KCQA,"(7, 2, 51, 2)",443,4,46,2d91f5c0122b2e01e9e084f0a9798dbab36643036df051019fc89fa42ced073f,KCQA,443,4,True
1,452,7,2,KCQA,"(7, 2, 52, 2)",322,4,41,9257567bdb67d9267f5f224eff0db3f7c67a32c9ea20178cdfa301b887a96d5f,KCQA,322,4,True
1,453,7,2,KCQA,"(7, 2, 53, 2)",207,4,46,26bc7543911da365b2445da4c5031659acc311b5a5689f4b06344c5aa14332fa,KCQA,207,4,True
1,454,7,2,KCA,"(7, 2, 2)",44547,4,193,8e0c9964585662df3196564a5c9f3348a2b270fcaf5315f0c1d680adcb8232e6,KCA,44547,4,True
1,455,7,3,KCQA,"(7, 3, 0, 0)",4380,4,1213,979b01696696520c4dd27a1cc48f522044f5a55e756ff9cec2aca696a6775b8d,KCQA,4380,4,True
1,456,7,3,KCQA,"(7, 3, 0, 1)",5912,4,1376,76a240aac84a36345e70ba7021568fcf364d7ad528b76575f7bd4deaede57800,KCQA,5912,4,True
1,457,7,3,KCQA,"(7, 3, 0, 2)",4887,4,1161,5e04f19694aca3b08d288ae3d039dfd05eb19782b8eddc638e3bb99e7a2e99cc,KCQA,4887,4,True
1,458,7,3,KCQA,"(7, 3, 0, 3)",4759,4,1096,23ea3cb23f24803563d83ba92d1464146d4b8eabe23fb59e1eeb6543f24f479e,KCQA,4759,4,True
1,459,7,3,KCQA,"(7, 3, 1, 0)",936,4,220,eb5778c18dd0f1579ff1482e23f16b588214691d450c37ca81f5ed91adce0d91,KCQA,936,4,True
1,460,7,3,KCQA,"(7, 3, 1, 1)",1591,4,326,291dd63f3f1e27595acbb3ab9a7a04edfdf6c9e2dbcfcdef948f43188d24ab30,KCQA,1591,4,True
1,461,7,3,KCQA,"(7, 3, 1, 2)",1482,4,360,76013cae5e88dc585b0731ffa173e99a8f3e3ab4170838b8d9cb33e41b308ab4,KCQA,1482,4,True
1,462,7,3,KCQA,"(7, 3, 1, 3)",5969,4,1368,5227c1a0cfa8277eabaaef6d30e29d1caa61d061df29cd48329af791033ca23f,KCQA,5969,4,True
1,463,7,3,KCQ,"(7, 3, 2)",7158,4,32,29bdbf6bd6bc0ce09c3ba0525ca84d70792f19b650a36a538f13ce9873561351,KCQ,7158,4,True
1,464,7,3,KCQA,"(7, 3, 2, 1)",244,4,43,da992c393adb94d5e2cd5aeaf3f157b2db2a0fc334aea975cb56444fc259b3b0,KCQA,244,4,True
1,465,7,3,KCQA,"(7, 3, 2, 2)",446,4,124,e371f6bf8d8e96616b6893c06162a22a3de485b766db6e66eb58f8a6839f3969,KCQA,446,4,True
1,466,7,3,KCQA,"(7, 3, 2, 3)",6330,4,1458,f446b24975eb635c01295be641318f32d6fb9be13141f525fa0103f44d81bb9a,KCQA,6330,4,True
1,467,7,3,KCQ,"(7, 3, 3)",6491,4,40,a8a5fcbcfe882447fafb45c3fb9de9278915a27cb9254611264c4e74fafa85a1,KCQ,6491,4,True
1,468,7,3,KCQA,"(7, 3, 3, 3)",6326,4,1485,635106a4b73d66db02fb434d5c46fdb0d87a5b9a042b38ebb09beea9baf4cf8e,KCQA,6326,4,True
1,469,7,3,KCQ,"(7, 3, 4)",218,4,53,8fb495e0a509428b4b742bce303cfbe01a08c049ea6ed274ce0ee3fd49ff3cfa,KCQ,218,4,True
1,470,7,3,KCA,"(7, 3, 1)",7804,4,1,10e3597b59337ece40b121b488995fe00ca251a00872255cff6fcd6ff57160b7,KCA,7804,4,True
1,471,7,3,KCA,"(7, 3, 3)",29909,4,1194,1bb14f4fd98ca891129720583918c00577dedd1f07ee49e871cb3c95f7016107,KCA,29909,4,True
1,472,7,3,KCQA,"(7, 3, 17, 3)",223,4,111,fafa6baf580c70822cac7f92c0f52aa1e783f0b4d78e84f364565fcfa851698c,KCQA,223,4,True
1,473,7,3,KCQA,"(7, 3, 18, 3)",278,4,101,e6663efe797febd2f8f6244376308fd9b87507549e3872bf90c683ee22630b8c,KCQA,278,4,True
1,474,7,3,KCQA,"(7, 3, 19, 3)",324,4,86,1664052438949ad19d9248ca0eed380e29dc3a07f5e2531efeef088356b6e803,KCQA,324,4,True
1,475,7,3,KCQA,"(7, 3, 20, 3)",349,4,83,71ed851dabaae590b87764fd363fa1b3524400d073961c6c1791e572e330e7a0,KCQA,349,4,True
1,476,7,3,KCQA,"(7, 3, 21, 3)",367,4,74,eaadfa0575edeb9c5c8732f36cece40a840173d1c36964ecd26326b4988551dc,KCQA,367,4,True
1,477,7,3,KCQA,"(7, 3, 22, 3)",351,4,69,e3f344c02f691cf122185d4a8365b258c98f3f5e9ece0e12e32f87f317e48b42,KCQA,351,4,True
1,478,7,3,KCQA,"(7, 3, 23, 3)",306,4,56,e6b6b7c61be134bd75d0b7a4e7224495f91e2f1f30624c0a21921ec070d5d675,KCQA,306,4,True
1,479,7,3,KCQA,"(7, 3, 24, 3)",278,4,51,1f931bd8973432437cba8a7370642761f0b5f04483b5efaf597b08ccde7e71b4,KCQA,278,4,True
1,480,7,3,KCQA,"(7, 3, 25, 3)",251,4,56,ddc62acebf95dd4a04c95a30218a23429c69576d5e3514c883e6033db8a5684a,KCQA,251,4,True
1,481,7,3,KCQA,"(7, 3, 26, 3)",245,4,58,12c70ca3150ac3d4de4af9e9c2625efe61a4651d1767cba3fda7ae013fddb0d7,KCQA,245,4,True
1,482,7,3,KCQA,"(7, 3, 27, 3)",254,4,56,e2931c97d9423f1e0ce4a37c800f3db700252708523072a9be3c1d285f0c022d,KCQA,254,4,True
1,483,7,3,KCQA,"(7, 3, 28, 3)",266,4,52,f82376632b1580a481aacf4a01d81906b32fb324c56321a39113054649c4ecce,KCQA,266,4,True
1,484,7,3,KCQA,"(7, 3, 29, 3)",262,4,52,e49dac309ce9748d01de9e9133ac8f23f9edb9a70480e6f0259141bba1b984f1,KCQA,262,4,True
1,485,7,3,KCQA,"(7, 3, 30, 3)",240,4,42,9df5ac28210c0f1c66cb29482819761408e028bfb82ab17c507a7293ac651286,KCQA,240,4,True
1,486,7,3,KCQA,"(7, 3, 31, 3)",213,4,42,a649834c7ee80223d8252e3ee4db5b25b96102b91fdc93ea206b38463e332574,KCQA,213,4,True
1,487,7,4,KCQA,"(7, 4, 0, 0)",5586,4,1339,2dcaf23656b4f35611955eaa79b4aee96bba6729a16df74ee343c885766e02e0,KCQA,5586,4,True
1,488,7,4,KCQA,"(7, 4, 0, 1)",5356,4,1301,762d8c73d2f84767d067e241bde71d539f2dd6a140ec75d47bdd863e56125b61,KCQA,5356,4,True
1,489,7,4,KCQA,"(7, 4, 0, 2)",5373,4,1353,030fef8d199eebc316295dc9c496c168679d9f31068841bdfc45ca328962dfee,KCQA,5373,4,True
1,490,7,4,KCQA,"(7, 4, 0, 3)",5694,4,1442,aaa831107f1bd515018ae74d9c6e012d7f11949a90de0396af7017aed066fab1,KCQA,5694,4,True
1,491,7,4,KCQA,"(7, 4, 0, 4)",5446,4,1337,75e7ea89b37598eeb69e92b8e654e2f2061eb9c5361e4d783de0d2c4f5b41c19,KCQA,5446,4,True
1,492,7,4,KCQA,"(7, 4, 1, 0)",1096,4,280,f4d01e2fee458faf89aeab2589350169690582c658047a57fcee7a7ca1c1c3ce,KCQA,1096,4,True
1,493,7,4,KCQA,"(7, 4, 1, 1)",1455,4,336,36e10a500e29616d263808bc6ad1e8835aa9cf850c25b194ee2e08cad1dca754,KCQA,1455,4,True
1,494,7,4,KCQA,"(7, 4, 1, 2)",1505,4,390,d60f13f384a98fd0a8aa160130b73b979a3eadc130af97d1479b5d5aa8b70382,KCQA,1505,4,True
1,495,7,4,KCQA,"(7, 4, 1, 3)",1531,4,408,cee58f3ac61029d687e20a73a7101cd2292879071bbb921be363c39f3099b220,KCQA,1531,4,True
1,496,7,4,KCQA,"(7, 4, 1, 4)",6637,4,1658,0d6b4f4a8267b6b5021d5be0d745b6aa0018f86853d333f5330674d3aec7f1eb,KCQA,6637,4,True
1,497,7,4,KCQ,"(7, 4, 2)",7900,4,37,651387da7420d726428bdd089294fa45d0437a17456e8021e07101a38a78da09,KCQ,7900,4,True
1,498,7,4,KCQA,"(7, 4, 2, 1)",224,4,63,6b58b74bae2d5023d88daf22a36cf6b4781ecd182c44ced5aa86d013204cbba0,KCQA,224,4,True
1,499,7,4,KCQA,"(7, 4, 2, 2)",229,4,63,e8e914bb54b17b242700de58ed358a8c7bc86f4db7f7834a6081f89e0bfe5caf,KCQA,229,4,True
1,500,7,4,KCQA,"(7, 4, 2, 3)",445,4,111,238d96cbfc9d883e06b6f90dfbc037ae58d7b1018ab997af0572c3bd82764232,KCQA,445,4,True
1,501,7,4,KCQA,"(7, 4, 2, 4)",6871,4,1707,49aa967bc714a454bc381300e89333161bba985dc029a67aa3dc55e2326ad073,KCQA,6871,4,True
1,502,7,4,KCQ,"(7, 4, 3)",329,4,73,8aae9eb28da3da774e9b5e8a0a0aba74ba051aec4d578e9048d87438f60936a6,KCQ,329,4,True
1,503,7,4,KCA,"(7, 4, 4)",20776,4,563,97b0085f87a5ed3b081e3af77dda5f3e1a32aa8a5e2457286a16c1dca0a1b5d9,KCA,20776,4,True
1,504,7,5,KCQA,"(7, 5, 0, 0)",4405,4,1035,1f2c972a0c4440008d67e869412c1026950446e8dd115b4b721af001216758ec,KCQA,4405,4,True
1,505,7,5,KCQA,"(7, 5, 0, 1)",5063,4,1239,fcc0146e9802f91ec2bf8a48f568f8018665fb5f52d97145f70c3ab597ca5ecf,KCQA,5063,4,True
1,506,7,5,KCQA,"(7, 5, 0, 2)",5628,4,1407,0597ac973d0d5b5435d181907408c4e4ed0fb20ac80648f47387a6b7efb7c635,KCQA,5628,4,True
1,507,7,5,KCQA,"(7, 5, 0, 3)",5010,4,1265,7d54ff92c35d2c6834c9846dd4f20704e561e710d4a1d9936aeef847cccc55db,KCQA,5010,4,True
1,508,7,5,KCQA,"(7, 5, 0, 4)",5166,4,1319,bcfa34db29f83bac174aaaa0c9f0ecc896b1d5203e6a2acedd2d0f8322b2f23d,KCQA,5166,4,True
1,509,7,5,KCQA,"(7, 5, 0, 5)",5458,4,1371,0e32fbd955dcda9e1a26039d3f5cad44d48a560edcf00a8b4e4248b256aecbd1,KCQA,5458,4,True
1,510,7,5,KCQA,"(7, 5, 1, 0)",1013,4,265,cf4b4873ad91b645fb06bf8649bc6b1d9c07655cefafc5fcf4aa417c16d26223,KCQA,1013,4,True
1,511,7,5,KCQA,"(7, 5, 1, 1)",1421,4,380,260da62c3b8c5e6665063b0f428f37ab062027bcd542000093b743ffbaefa1d4,KCQA,1421,4,True
1,512,7,5,KCQA,"(7, 5, 1, 2)",1840,4,442,1b2600daed4ce19b1370048d2e66fcbe4ce13e9e1b92176061306cbd242f2419,KCQA,1840,4,True
1,513,7,5,KCQA,"(7, 5, 1, 3)",1604,4,396,267891664d0a941143c9c52443ac858eecd1a2c032ed2f2ffd2602ac000b531a,KCQA,1604,4,True
1,514,7,5,KCQA,"(7, 5, 1, 4)",1323,4,330,afa99b6ef27a7da70bdb9d5dad982fc52bfbdecce8b86f9b2d904b19fa12eed8,KCQA,1323,4,True
1,515,7,5,KCQA,"(7, 5, 1, 5)",6695,4,1663,167a5115bcf5e0b86856663a421d8a316b18067c4ae7b2293fccac103649ef22,KCQA,6695,4,True
1,516,7,5,KCQ,"(7, 5, 2)",1859,4,36,69938ee2a35733571a63d4269952a2db5062f9d83ab59efef73c09a0f8b29f62,KCQ,1859,4,True
1,517,7,5,KCQA,"(7, 5, 2, 1)",251,4,66,f41109a22076aef7b42af88150a418f561579dae08832eca00671e0762605d8d,KCQA,251,4,True
1,518,7,5,KCQA,"(7, 5, 2, 2)",265,4,62,3f0a690f404bdaea71b9ca0ff8b0d3baeeee2cd377bc5e424d3f2ca5b843c4af,KCQA,265,4,True
1,519,7,5,KCQA,"(7, 5, 2, 3)",217,4,54,cda777cb527641349daed91e143ca7962eb837528e3afb63e7b6eb6d11ece0ef,KCQA,217,4,True
1,520,7,5,KCQA,"(7, 5, 2, 4)",276,4,70,157ca63b30bfa995ab8f445a1ec8bd4a8bdd6725cc3c986821df614ea0184783,KCQA,276,4,True
1,521,7,5,KCQA,"(7, 5, 2, 5)",694,4,207,196a098ae1a26a31656edc2398e58cca019ac72b4709c0c8abd2597361a0b148,KCQA,694,4,True
1,522,7,5,KCQ,"(7, 5, 3)",307,4,19,391bb1fb4344b79ce43c794337332d1ae360241151ddc66fbfffb805476f2522,KCQ,307,4,True
1,523,7,5,KCQA,"(7, 5, 3, 5)",201,4,59,7c5d2b6373c0e6d791d8d0f23480aaac8e143dbd90723b00f54bf294ef66a261,KCQA,201,4,True
1,524,7,5,KCA,"(7, 5, 1)",6759,4,1,25a7c9fcac6807a79b2648b81fddc3bbeb18b64ce7da242dde48ca6335a136cd,KCA,6759,4,True
1,525,7,5,KCA,"(7, 5, 2)",7766,4,1,b942511c3cbe95eb9326893a4ddd6fd83666399eaf929a4ac5c3318e6a0cc0d6,KCA,7766,4,True
1,526,7,5,KCA,"(7, 5, 5)",13058,4,1,ae9e2ba430a096d73d29f171208ca0bb530b94b85f8a36bf375a04bb1681b9e5,KCA,13058,4,True
1,527,7,6,KCQA,"(7, 6, 0, 0)",3693,4,878,ba9436cf4f6dacea0babf6abc0210e3fef8c62b60ab58ec9375246e6c62c37f7,KCQA,3693,4,True
1,528,7,6,KCQA,"(7, 6, 0, 1)",6349,4,1582,b2bb09587e8d6e3d1b370414d4985e8e8685d5d3857a98115a25651e19853a58,KCQA,6349,4,True
1,529,7,6,KCQA,"(7, 6, 0, 2)",5308,4,1345,1b299a29ca550789d6ac76daa57bc2c6728d78e4de26dbb74170062ee1119de5,KCQA,5308,4,True
1,530,7,6,KCQA,"(7, 6, 0, 3)",4915,4,1209,7724648cc8baec1a79b1af871434ec9f825d7916c8096b7ff5a709e01b958a12,KCQA,4915,4,True
1,531,7,6,KCQA,"(7, 6, 0, 4)",4892,4,1165,067e38de91bb65e813a644d64bba67af128341d2ca89f8a34095b19b93124a3e,KCQA,4892,4,True
1,532,7,6,KCQA,"(7, 6, 0, 5)",5053,4,1210,a432a0e82bedd338a7cc4a1f8d3c8f6a8eeb666b10b356312fc571a6196e5522,KCQA,5053,4,True
1,533,7,6,KCQA,"(7, 6, 0, 6)",5507,4,1359,9ab3dae19c021cb6ec84dec3d0038d50c37ea9b56817b96b858e893bc62fa9cb,KCQA,5507,4,True
1,534,7,6,KCQA,"(7, 6, 1, 0)",912,4,241,abb5ef1e406ca3b5b7889b3c6d45acf26a1e14fb18637a366c3f147be25ecac5,KCQA,912,4,True
1,535,7,6,KCQA,"(7, 6, 1, 1)",1631,4,415,d31303221d73308f35d6c574a824c3ec98f9e7fe0391450ccc1f78ade283f52b,KCQA,1631,4,True
1,536,7,6,KCQA,"(7, 6, 1, 2)",1681,4,455,5f7c289c7e23a584075725f4eafbb3a827a4bf26f16b393e377d2f2300312234,KCQA,1681,4,True
1,537,7,6,KCQA,"(7, 6, 1, 3)",1553,4,463,ca426d2cf1c125a0d7c34054c076267d917d5ee7d2eea12c7050b293c2f6c7fa,KCQA,1553,4,True
1,538,7,6,KCQA,"(7, 6, 1, 4)",1388,4,395,4cdcfe59fa26e87c342b68868aff04e8081c76db5c4515c2fb30e2b89f1805bb,KCQA,1388,4,True
1,539,7,6,KCQA,"(7, 6, 1, 5)",1004,4,262,a07601d0ad0cecc6db9ce8a5c9480ccd94293f5e4760ca0d1f1543c09bc4a169,KCQA,1004,4,True
1,540,7,6,KCQA,"(7, 6, 1, 6)",383,4,131,5d840b18e48dde76e8895e39c39f991db7565cb9c727a050f3a68db1a8a0fca6,KCQA,383,4,True
1,541,7,6,KCQ,"(7, 6, 2)",1153,4,86,be96687cac846a8b84ccbf577b193eedeade6817e4c7ddd6357e3b08214faba9,KCQ,1153,4,True
1,542,7,6,KCQA,"(7, 6, 2, 1)",278,4,65,554d8a9c68c6a8bb80d407b87adf1ff744c2d3a32e1c2be40159850519d8a300,KCQA,278,4,True
1,543,7,6,KCQA,"(7, 6, 2, 2)",312,4,71,50f836d3c3180ab8d94f3adf853d904e5a0b94058afe22334561a1c375fe6bcb,KCQA,312,4,True
1,544,7,6,KCQA,"(7, 6, 2, 3)",271,4,69,0299c8274e921d23481002650d51bcef4e8cfe0446eaecfaba51a9f028503f9a,KCQA,271,4,True
1,545,7,6,KCA,"(7, 6, 0)",4753,4,7,338f9c98b0b3bb70bb8a3a135d3be8b8eaa602d99c1a9d77fd2575392332abac,KCA,4753,4,True
1,546,7,6,KCA,"(7, 6, 1)",8294,4,15,b702ec2de1e2446201b357325f459fd7fa6ecbce9b27bca56ee938c30f70cba2,KCA,8294,4,True
1,547,7,6,KCA,"(7, 6, 2)",7331,4,10,74ac64da3a337ff2c5e6a72dbdaa88cfdab6c6e1381b95445dc556ecfc542d74,KCA,7331,4,True
1,548,7,6,KCA,"(7, 6, 3)",6763,4,9,166169d183c7d969a6115a7c75c7d31ac31d28f39674c046db16c744e0935668,KCA,6763,4,True
1,549,7,6,KCA,"(7, 6, 4)",6420,4,1,1343baf7878e4b58c442710d573fba6715a0779d4ea40bd1bd61bab470e2d116,KCA,6420,4,True
1,550,7,6,KCA,"(7, 6, 6)",5901,4,1,04c954a95de7122ae060d88e89ff4eb3ac1b2949f31c10e673469417d096bdde,KCA,5901,4,True
1,551,7,7,KCQA,"(7, 7, 0, 0)",2332,4,566,98392a10dacf3db0a40a09b2dfa9d4d3f059ae1e3a38b171f025b9a3e4928368,KCQA,2332,4,True
1,552,7,7,KCQA,"(7, 7, 0, 1)",3987,4,970,5a654557d98edfe41659f3fed1bdf9f38103d69df9b9a5e0b8d046719992dc42,KCQA,3987,4,True
1,553,7,7,KCQA,"(7, 7, 0, 2)",5127,4,1260,13ef535132d4c34e6d1351f25fd199af855ba9818b76af96f551a9160898e382,KCQA,5127,4,True
1,554,7,7,KCQA,"(7, 7, 0, 3)",5565,4,1467,3f75e0f9a0cc543de82672d7842a685c9035f36bbee369a420224ec7b764def9,KCQA,5565,4,True
1,555,7,7,KCQA,"(7, 7, 0, 4)",5748,4,1480,90623f8c34470bf2bb5f744e37b33da3221a55bafc2981700b411934fd3d69d9,KCQA,5748,4,True
1,556,7,7,KCQA,"(7, 7, 0, 5)",6035,4,1462,c46b6c0cc0235ff26603a264736d826c8ae093e404dcb8c357ca3d7a913b2252,KCQA,6035,4,True
1,557,7,7,KCQA,"(7, 7, 0, 6)",6167,4,1586,b8655013297b758c058347875995cdb38b04765c52f3c91a1843e28f9af85a4d,KCQA,6167,4,True
1,558,7,7,KCQA,"(7, 7, 0, 7)",903,4,194,f5cf9fa196415ab16f32b6611579e1b3bcc6a4e2b1814fef81ce8e0b0d85027f,KCQA,903,4,True
1,559,7,7,KCQA,"(7, 7, 1, 0)",558,4,148,e398fabf411cf22a953716dc3675de19805689bd03ceae9f552ca22791dec4c1,KCQA,558,4,True
1,560,7,7,KCQA,"(7, 7, 1, 1)",1093,4,297,05157aaaa891d950a6e3acca60d82790e510f504254efce1efd3da16b9fba6ea,KCQA,1093,4,True
1,561,7,7,KCQA,"(7, 7, 1, 2)",1485,4,402,12edf007b5f76adeccc65a97c05ef5729801b55f6684d4789cece7274544208e,KCQA,1485,4,True
1,562,7,7,KCQA,"(7, 7, 1, 3)",1668,4,422,febb832e3bd28c12473ddf2e98ac86ee29ce1be8a4a1f91776a0ada5fdcbe757,KCQA,1668,4,True
1,563,7,7,KCQA,"(7, 7, 1, 4)",1601,4,421,413a874ed25cbe07d3c300c8f7c8e99c7b37af8121177db4f057319bfb1d6466,KCQA,1601,4,True
1,564,7,7,KCQA,"(7, 7, 1, 5)",1252,4,293,b4676fbbc501041ae27c04cb292b5f39e0e971d376d94a9df9d6078dec7dd015,KCQA,1252,4,True
1,565,7,7,KCQ,"(7, 7, 1)",8164,4,28,59b76afa5d1d6caa26c5561bc6e34141ffbba02b62266d67c42c8fc44e2bd802,KCQ,8164,4,True
1,566,7,7,KCQA,"(7, 7, 1, 7)",362,4,84,5720e86922826c572ef448dc4004578d9c40c22eee6c4dfa71d9a66a9dea5631,KCQA,362,4,True
1,567,7,7,KCQ,"(7, 7, 2)",1322,4,55,91b4e475338b02352d5dbd12693c7a53ccd15ceaf1cc2dc9e66f50fbfe05e357,KCQ,1322,4,True
1,568,7,7,KCQA,"(7, 7, 2, 1)",206,4,47,85664435aac75c2974ef128088eb1403bbc05e82a385bea43e8a6c1a140566d0,KCQA,206,4,True
1,569,7,7,KCQA,"(7, 7, 2, 2)",283,4,69,90c55920390c5e97a970c2c17e1b3489f8a2f69060e229923210ad6d21f7ea59,KCQA,283,4,True
1,570,7,7,KCQA,"(7, 7, 2, 3)",323,4,74,16c558343772860c170af9b5e89e6b21363ef7f0d58f752ad5714d5dfcfb588e,KCQA,323,4,True
1,571,7,7,KCQA,"(7, 7, 2, 4)",232,4,43,4eae7eaba744631e362ab5cb7054e4fbb8955affa10f4a57cb85d2490cc2b057,KCQA,232,4,True
1,572,7,7,KCA,"(7, 7, 0)",2987,4,5,d5343f8a0da7931652ce57c14caccb977c54036ba34c642d09c1ffe91745b2eb,KCA,2987,4,True
1,573,7,7,KCA,"(7, 7, 1)",5318,4,2,dd4f4f092b0bdb023b8fc30e4449173ffa5615ecb20fb87b6e864b17719e4650,KCA,5318,4,True
1,574,7,7,KCA,"(7, 7, 2)",6926,4,11,71633e65dd9024d9f6ea08628a9ff03f753583c3d3ebc96ce7250f366a672909,KCA,6926,4,True
1,575,7,7,KCA,"(7, 7, 3)",7590,4,10,66936b66646f4211d71f96e83d121c1cd7fa4501413b926fed97a220758ff1ee,KCA,7590,4,True
1,576,7,7,KCA,"(7, 7, 5)",7309,4,1,f9f69cd1c8b09475dd1b635516898b10d99b0759a904fc81ccc53b299962a0b5,KCA,7309,4,True
1,577,7,7,KCA,"(7, 7, 7)",1518,4,14,799665fde00770a9129326f1650db70bf6d7a4b1a46b56d76ddc291491726162,KCA,1518,4,True
1,578,7,8,KCQA,"(7, 8, 0, 0)",2396,4,604,926fae62c1a801d2356d8be5685b461a86d8a3ef35a55512ce3970e1ea37b6e2,KCQA,2396,4,True
1,579,7,8,KCQA,"(7, 8, 0, 1)",4248,4,1055,7402a0f2246deda910b62ba2214a2a376518e2d9bfd267e6323a847b7fd94a9f,KCQA,4248,4,True
1,580,7,8,KCQA,"(7, 8, 0, 2)",5225,4,1324,fa281c93adaeeb748ef07211138f51c8d150d018d5c66d8694f264866a324f4f,KCQA,5225,4,True
1,581,7,8,KCQA,"(7, 8, 0, 3)",5605,4,1365,644a02fd7ae589c6f8c2ea15e63942c0960a5ce0c9862fb197ed87e701195f5b,KCQA,5605,4,True
1,582,7,8,KCQA,"(7, 8, 0, 4)",5665,4,1412,938b6a6682f306c06fd9963b1f02f9e829f0077ee3e10a053b9a9a02ec055daa,KCQA,5665,4,True
1,583,7,8,KCQA,"(7, 8, 0, 5)",5673,4,1410,3346b75e918bdd980bce2ad872a0ca1cc43534117053d53efa47bb4754486731,KCQA,5673,4,True
1,584,7,8,KCQA,"(7, 8, 0, 6)",5991,4,1466,51a64023831bc005ca1e12caa8cf740edd385bb8e41b7d66aa9b06d9fe3daf47,KCQA,5991,4,True
1,585,7,8,KCQA,"(7, 8, 0, 7)",772,4,191,899c5ab92a910356371a4760bde8844e21fb7a422bf4e517842eb5f461c6d8d5,KCQA,772,4,True
1,586,7,8,KCQA,"(7, 8, 0, 8)",276,4,60,ef7167977c03d8ebc637c7276b3310eb384255e981180f9a3ac2928ad2945f2f,KCQA,276,4,True
1,587,7,8,KCQA,"(7, 8, 1, 0)",489,4,119,905a60ee42711da99657e3748895325a2db41f34594d221ceeab91eb2180527e,KCQA,489,4,True
1,588,7,8,KCQA,"(7, 8, 1, 1)",1130,4,269,98254d6a18b979518b218842d87a092cd4eef25ee1439534ae2656668aac9369,KCQA,1130,4,True
1,589,7,8,KCQA,"(7, 8, 1, 2)",1556,4,369,35cacc33dde878b3befed63557a236fb77987e135a2db26920467b04d7657d29,KCQA,1556,4,True
1,590,7,8,KCQA,"(7, 8, 1, 3)",1735,4,408,7bfc0902098d50e195ccf6b3f64c2c04a3c78fc912605cdf04c240a10dd67ce1,KCQA,1735,4,True
1,591,7,8,KCQA,"(7, 8, 1, 4)",1735,4,433,ac2ba2467392c70a054e4f24323401fc68704b92971f4f0c1d554a7e2e2c9cb6,KCQA,1735,4,True
1,592,7,8,KCQA,"(7, 8, 1, 5)",1231,4,330,840120e17acf37aa90261a35d72536920364ee70d43c5c513f9b252a9164d19c,KCQA,1231,4,True
1,593,7,8,KCQ,"(7, 8, 1)",8231,4,92,bd39fd23fb57e1509d2303c4523ea6f567b096cb5d0a60ae6257d8350b1eaa5c,KCQ,8231,4,True
1,594,7,8,KCQ,"(7, 8, 2)",1233,4,76,9784ed92118319db4da0e24518c8bcf66276ba5ac5a81d8d0eb9c49de370daa6,KCQ,1233,4,True
1,595,7,8,KCQA,"(7, 8, 2, 2)",283,4,78,21d70910ba0754162ea4d99737b400498f1e6edd120729f7026e08e6ca5b81d5,KCQA,283,4,True
1,596,7,8,KCQA,"(7, 8, 2, 3)",323,4,88,f535b69cee94e18e9b2c02e67af4b1569b87395c2f5bbf20b0bf0aecfb517888,KCQA,323,4,True
1,597,7,8,KCQA,"(7, 8, 2, 4)",261,4,68,3fa1564de04ac575c4a5d6035a148fa50fb54509704f5c160fdeff392d416b74,KCQA,261,4,True
1,598,7,8,KCA,"(7, 8, 0)",2972,4,3,dbcfa7ec67068b5781c665ee7a0f250ed07057d2346a65aa821f4637b6fa8d47,KCA,2972,4,True
1,599,7,8,KCA,"(7, 8, 1)",5602,4,14,e04cf1a23ebae6e3d5506443b3d5259a89c944f2970a7b91822dd68f0bf1a23c,KCA,5602,4,True
1,600,7,8,KCA,"(7, 8, 2)",7113,4,13,639faaaa7ab5db9e0506d8c04b2136498391e0219ba6f625ec34e6fa45d75154,KCA,7113,4,True
1,601,7,8,KCA,"(7, 8, 3)",7700,4,8,854e068d43746836fc94cfbd88ab827602ccad64031bd47cd1ef3d8cf7f1a9c5,KCA,7700,4,True
1,602,7,8,KCA,"(7, 8, 8)",496,4,4,35a9872f48d7d69030fc646bd59c297e2fab8af328e59d5d4212bc41cd7e5794,KCA,496,4,True
2,0,1,1,KCQA,"(1, 1, 0, 0)",7187,4,1796,42af5bba32042f5314e2a3637e236798a7a90f691efc6175e9d265014315b827,KCQA,7187,4,True
2,1,1,1,KC,"(1, 1)",7195,4,2,a6e79ec0530d5754c7c463c825a95c4f9123d9bd725ccc3643bab6ce9a9fe83a,KC,7195,4,True
2,2,1,2,KCQA,"(1, 2, 0, 0)",7186,4,1796,84cc29f5ca5b5f96c78837a87f1d9f629cdb1b88a486adf434626cd33ad4d61a,KCQA,7186,4,True
2,3,1,2,KCQ,"(1, 2, 0)",7191,4,2,caab4444ce3bdc046997433443f3f996e87b5308b38dd8cf844664d441bc044a,KCQ,7191,4,True
2,4,1,3,KCQA,"(1, 3, 0, 0)",7186,4,1797,8d32b064e816a23865d74fbdf81f031aca3faa8346724babff07d273bcebce48,KCQA,7186,4,True
2,5,1,3,KCQ,"(1, 3, 0)",7194,4,1,8967db05a6e8fac72bdd9351f6bd2e2b6317071cab5c52bc36cb5b254b767540,KCQ,7194,4,True
2,6,1,4,KCQA,"(1, 4, 0, 0)",7187,4,1797,a356ce7ef8afb2dfcb6d0c0e8d698ff87b73628fd18834ae1675c8a5e9c3ac7a,KCQA,7187,4,True
2,7,1,4,KCQ,"(1, 4, 0)",7193,4,2,8820a2cba54c18095a5f041a7475adbcdf59d1834114e683aa797231b0cd4c83,KCQ,7193,4,True
2,8,1,5,KCQA,"(1, 5, 0, 0)",7183,4,1796,59d385116baa2f0d10b998fe9e1b3e0bbee34c91c27314373e1b605159694957,KCQA,7183,4,True
2,9,1,5,KCQ,"(1, 5, 0)",7190,4,2,81250205f8fab759554a119f09c6810b6be69d248accc89d795282ea8192b615,KCQ,7190,4,True
2,10,1,6,KCQA,"(1, 6, 0, 0)",7176,4,1794,16a30730ec1aa4767523c4c35d333f97a168fad64df1219641c17ce4888f2c8b,KCQA,7176,4,True
2,11,1,6,KCQ,"(1, 6, 0)",7184,4,1,a6d92122c5ff72eccdf843227c0f4ba9d59cd0614c43c53a89b963e8e5489161,KCQ,7184,4,True
2,12,1,7,KCQA,"(1, 7, 0, 0)",7176,4,1794,60e97bdc03fe051a46a33f80f8c91d0c20aac7095c3a3edb1ff6aa023180f4bc,KCQA,7176,4,True
2,13,1,7,KCQ,"(1, 7, 0)",7182,4,2,afa66ec3755f04e79e534da5fa7a126be40f2594e9b036e3260ebc624808d5f8,KCQ,7182,4,True
2,14,1,8,KCQA,"(1, 8, 0, 0)",7177,4,1794,7500886b942239df977e8b1c66c2d7b6d2469c8cab23b8e7266fa1be6dbb993b,KCQA,7177,4,True
2,15,1,8,KCQ,"(1, 8, 0)",7184,4,2,407c3c6da1dd07cbd97f63a9106c3441f436e483b4437564c0051fd002352ae6,KCQ,7184,4,True
2,16,2,1,KCQA,"(2, 1, 0, 0)",7174,4,1794,b605d6f6084e7f52e3291ab398b89b0eeeae208a09679f375683d60779c6de2f,KCQA,7174,4,True
2,17,2,1,KCQA,"(2, 1, 0, 1)",5312,4,1272,6491a8832c926c52336bbc6985788c341d4b92b461e3802ad946043490de04e3,KCQA,5312,4,True
2,18,2,1,KCQA,"(2, 1, 1, 0)",1862,4,522,d964570e1e7107c2cece896fb8d0385bc481c7f950c80243c5a376e5ee46922a,KCQA,1862,4,True
2,19,2,1,KCA,"(2, 1, 1)",5330,4,4,1cfd96a8735d40b4f21203c0aba856fab8095904f41a10c53f5a65a9abb7c238,KCA,5330,4,True
2,20,2,2,KCQA,"(2, 2, 0, 0)",7177,4,1794,ca247389c85697269d9d2a3086df75f89978fd9293fe8502d7b3dbf1f4ca7710,KCQA,7177,4,True
2,21,2,2,KCQA,"(2, 2, 0, 1)",5947,4,1354,dc7f673d3c58939228c380b3e7ba5d2e39851b8173c1786e7cd8b6f11c6d674e,KCQA,5947,4,True
2,22,2,2,KCQA,"(2, 2, 1, 0)",1231,4,440,12e94315f90949d4eb629a0d26e24867f06aaced90bd12161c3c4a5785447041,KCQA,1231,4,True
2,23,2,3,KCQA,"(2, 3, 0, 0)",7179,4,1795,ae1f5f0f1d8c7bcc404f0dfcd9c4455cf7c7d7b3093d585f22be0e8a13547e75,KCQA,7179,4,True
2,24,2,3,KCQA,"(2, 3, 0, 1)",5470,4,1204,aa1e71990c99841befe313d6fb11991e415817344a6432f4203e097372f4d240,KCQA,5470,4,True
2,25,2,3,KCQ,"(2, 3, 0)",12649,4,1,e27ad4400ccdc11818dea6911e468248522f1e69f6ebfb30c8f9297c01e16504,KCQ,12649,4,True
2,26,2,3,KCQA,"(2, 3, 1, 0)",1710,4,591,487580ccb2bf5dffa88b92b873ea48c24e1f46f95a2dd41d061327d6ef564c90,KCQA,1710,4,True
2,27,2,3,KC,"(2, 3)",14361,4,1,753e2ee7a45a256e4f67dbff8dab4737e29c73da2e9c2371b9c7139c8d99dee7,KC,14361,4,True
2,28,2,4,KCQA,"(2, 4, 0, 0)",7179,4,1798,80d969695dd37e8edfee648da638e11fcad81abe9c7c2ac13363270c425a790f,KCQA,7179,4,True
2,29,2,4,KCQA,"(2, 4, 0, 1)",5429,4,1322,24b7904fec75135586ae099f8425388a0406bd88d6abe3d196dba513f29154af,KCQA,5429,4,True
2,30,2,4,KCQA,"(2, 4, 1, 0)",1748,4,472,b36735ba1b55e70b75373b3af63eb36cbb2accf1c684986ef3866abd04ece457,KCQA,1748,4,True
2,31,2,4,KCQ,"(2, 4, 1)",1749,4,1,87e00466f34ff273fa0117dd37bc5d4ebb72a459db2c0f664114fe4d438d1f2d,KCQ,1749,4,True
2,32,2,5,KCQA,"(2, 5, 0, 0)",7172,4,1794,1cdc6118bd0697a6d90b66e0cbb85c0203fd08c8ee272bc9770cd79a4e1c24ed,KCQA,7172,4,True
2,33,2,5,KCQA,"(2, 5, 0, 1)",5401,4,1519,0139b9407c87ea851c10349beb04d6ac0cb381f3c279e2874efb5c38801bb11b,KCQA,5401,4,True
2,34,2,5,KCQA,"(2, 5, 1, 0)",1773,4,275,b4f8c58c1f2793e8a61f607400352f00376b28fa580710a0c52bc37155cd00a2,KCQA,1773,4,True
2,35,2,6,KCQA,"(2, 6, 0, 0)",7157,4,1791,fb6145f03c175806fabcd4af03d4ff184061ac6d488a27361a5e5d3d87750e22,KCQA,7157,4,True
2,36,2,6,KCQA,"(2, 6, 0, 1)",5972,4,1512,65d7a7deb770d6f4a24e26461db4b05b2d0f8d0e31c2b8499d4204a4cd42e262,KCQA,5972,4,True
2,37,2,6,KCQA,"(2, 6, 1, 0)",1187,4,278,c5316afd3cf965ebf14e76f5b2d637a7d013107142a5b0a4c648da01be7b5a4e,KCQA,1187,4,True
2,38,2,7,KCQA,"(2, 7, 0, 0)",7158,4,1789,823bdbc05cbe2080a97fd04fb4064953dcc41e52ae636ef7795ee3bcc2fb98da,KCQA,7158,4,True
2,39,2,7,KCQA,"(2, 7, 0, 1)",6092,4,1715,68460492bd45f8aa56d8ef28ffc5c705d57f1e648a85fff0fc9acb3ecdc8d0f5,KCQA,6092,4,True
2,40,2,7,KCQA,"(2, 7, 1, 0)",1067,4,74,46962774332830bb8b594a188b15e28ccec3dd79587db869e90695baf4e990f2,KCQA,1067,4,True
2,41,2,8,KCQA,"(2, 8, 0, 0)",7158,4,1788,da05d0737a0bf9d939d2e41ca7c7b35fb6201fe18f70c2bfbc4fbe5625989053,KCQA,7158,4,True
2,42,2,8,KCQA,"(2, 8, 0, 1)",5882,4,1522,522096858338afe5751be4f2f0f78f1025c8de959366bf578eb554b50e640faa,KCQA,5882,4,True
2,43,2,8,KCQA,"(2, 8, 1, 0)",1277,4,269,5ad5215bbd76912732b8b2df777b686405eccfbc213474151c8e5d18d4a7c9cf,KCQA,1277,4,True
2,44,3,1,KCQA,"(3, 1, 0, 0)",7153,4,1789,572a0e224516449178d6fc9c58726ea3a6e0bd894cc51e4af5e787422278c62f,KCQA,7153,4,True
2,45,3,1,KCQA,"(3, 1, 0, 1)",6951,4,2284,10b68739f4902fae50522b90753d9f87d32fd1e2ccdeb18ee8aa0f7f0a5d0263,KCQA,6951,4,True
2,46,3,1,KCQA,"(3, 1, 1, 0)",203,4,63,82fd22ae78961acb0b15b826ffbe59ce039b7c5d9c0e4fc39a1c3543115947fa,KCQA,203,4,True
2,47,3,1,KCQA,"(3, 1, 1, 1)",7119,4,1230,9d3e5cc9a93c78772cd61cb6e53c05b20dfca8fa3654f33a4360f5aa0e91bf3b,KCQA,7119,4,True
2,48,3,1,KCA,"(3, 1, 0)",7387,4,1,5860400ec422adfc567c8837b014a3c87ce6fbdd8e6213fa8604c870d5937ae8,KCA,7387,4,True
2,49,3,1,KCA,"(3, 1, 1)",14133,4,13,51c1f6f780b3f586dbb0dbcae37c201af29157a9dd7fd26fe231ee5b3d185f5e,KCA,14133,4,True
2,50,3,2,KCQA,"(3, 2, 0, 0)",7165,4,1791,a4ea4a65d22b0f16ff6f9ad25732b6e95bc23c92ed5bbecbd585f134ebd7d79a,KCQA,7165,4,True
2,51,3,2,KCQA,"(3, 2, 0, 1)",6965,4,1725,367eeea7ae1b6d6cf21f07ce214644f17601f3fbb1cdbcb4a0f53c3dc3f6c952,KCQA,6965,4,True
2,52,3,2,KCQA,"(3, 2, 0, 2)",5142,4,1500,5c7f4f0e200805569b725cfafd2beedc6797c51030ad5a02c30d21a112d92986,KCQA,5142,4,True
2,53,3,2,KCQ,"(3, 2, 1)",2213,4,67,3e0394810c0dfc1de7a3aa2237f5a4b6f98dada6fd9cf7ee96869913a4bff504,KCQ,2213,4,True
2,54,3,2,KCQA,"(3, 2, 1, 1)",2013,4,291,4cf4b169c72bd0d7c3cb9a5649a7d764f2cd70bc86de8207f8ccbc1df12877a7,KCQA,2013,4,True
2,55,3,2,KCA,"(3, 2, 0)",7375,4,1,e375167cf2ba4d0b216f67c0453801ffd1474066da8af8785c76e4a0ddf37ec5,KCA,7375,4,True
2,56,3,2,KCA,"(3, 2, 2)",5181,4,7,89a621d2174d5403cfacc44f615dbd1f6f30d53ced42e84313b3662a57825bcd,KCA,5181,4,True
2,57,3,3,KCQA,"(3, 3, 0, 0)",7159,4,1791,ae095e13995cbe6f74f51a351ec79764a9ed0af4becd369f83986297987930a6,KCQA,7159,4,True
2,58,3,3,KCQA,"(3, 3, 0, 1)",6902,4,1762,e253d920110c661dd5f2c5973d2c892d640bfeea8780a4a7345bf07da85d9c0a,KCQA,6902,4,True
2,59,3,3,KCQA,"(3, 3, 0, 2)",5932,4,1439,0de65580d5943dc11f10316dc2a6bf22a2e67b16a0a9fe8d75724e11e1a6463a,KCQA,5932,4,True
2,60,3,3,KCQA,"(3, 3, 1, 0)",259,4,29,b4441df9dccec2cf477c3a4f70cd191370e22b2e224975d42c1d447b4da9d0f4,KCQA,259,4,True
2,61,3,3,KCQA,"(3, 3, 1, 1)",1224,4,352,24f0437b2fc90e2546b5caf1ca81697b576ace1ed4178a6fcc24ff171c29909e,KCQA,1224,4,True
2,62,3,3,KCQ,"(3, 3, 1)",1485,4,1,d19b1965bbdf2865d310bfce0a54c71d4e7b2cba400619429b5f1364534f3484,KCQ,1485,4,True
2,63,3,3,KC,"(3, 3)",21513,4,6,0af922990ad1297f45923d7213f29e1bdf6fed6d51fb3c18863eb94f38cdb9c5,KC,21513,4,True
2,64,3,4,KCQA,"(3, 4, 0, 0)",7162,4,1791,c116c54a0c5a7de2c9cda4535adaf5943506fd512659a69d5bb744bf4e5e3005,KCQA,7162,4,True
2,65,3,4,KCQA,"(3, 4, 0, 1)",6750,4,1667,2ce9cdc625afadb0b433fd05800f843e6dcd72804e6ada8f4fa67b569d894e51,KCQA,6750,4,True
2,66,3,4,KCQA,"(3, 4, 0, 2)",4983,4,1427,46f8c4cf60203e5485542dcb67b84bcfbb64cd6f3aeda7979ca13ff9d096571b,KCQA,4983,4,True
2,67,3,4,KCQ,"(3, 4, 0)",18901,4,2,0e024a0ab4e8a53e00e9eea014b92dac4bb825fd3efe417d1480a0ecb519fd76,KCQ,18901,4,True
2,68,3,4,KCQA,"(3, 4, 1, 0)",413,4,123,21838e8ac03764b60109d85aa154b0735d2d64beee50457394eba3ae710ede36,KCQA,413,4,True
2,69,3,4,KCQA,"(3, 4, 1, 1)",2162,4,362,ac63bd1c6a6209ed5a4247a3c212dfdea1f0e1997c971420a228f0a57a2fedbf,KCQA,2162,4,True
2,70,3,4,KCA,"(3, 4, 0)",7591,4,1,dfaf6cc7015c0f02ffdc6b3162504a98197c102bac3cf7400f9ac92957b4282e,KCA,7591,4,True
2,71,3,4,KC,"(3, 4)",21511,4,2,7dd0e8754be948ba521376b6d7bc10a2b0aa6a6304d54e257ab83ce56d7b9bec,KC,21511,4,True
2,72,3,5,KCQA,"(3, 5, 0, 0)",7162,4,1787,f3faa7d1cb896194d3d5a04cbf686506e651ba72bb2e0bac7b647c26602a0e9c,KCQA,7162,4,True
2,73,3,5,KCQA,"(3, 5, 0, 1)",6732,4,1716,9a074e68184daa38e10410c5515911ca56adfd9668513a246da1c1df16af7aaf,KCQA,6732,4,True
2,74,3,5,KCQA,"(3, 5, 0, 2)",5476,4,1520,d7797558bb76706e617ed26b8bb848f0ae69997239f2bcf2c5756784c98a59d4,KCQA,5476,4,True
2,75,3,5,KCQ,"(3, 5, 0)",19373,4,3,e52fafe83c33727dd5e93d250aedd75d7b663a80ae7903687f738cb53d1378ed,KCQ,19373,4,True
2,76,3,5,KCQA,"(3, 5, 1, 0)",429,4,72,cbf35de7a3cc14cc3483a94b2f79cc35a7b68cd9df6ce5e9c962a14bbaf08871,KCQA,429,4,True
2,77,3,5,KCQA,"(3, 5, 1, 1)",1666,4,266,58ad300f5605052260e2b11eea65efa33ae7f854d242ad35e80fd3ff4d60b876,KCQA,1666,4,True
2,78,3,5,KCA,"(3, 5, 0)",7614,4,1,e06b6f55929b50dcee0ec142032c855324d74e36e5fb72c10c35db72d5fbef9c,KCA,7614,4,True
2,79,3,6,KCQA,"(3, 6, 0, 0)",7137,4,1785,4762ee9c0d162ca1c3e9c500dd7e95a4a2a6e840db5a4447ac36a6a901602352,KCQA,7137,4,True
2,80,3,6,KCQA,"(3, 6, 0, 1)",6777,4,1685,5a950daf23695e4b48c47d45d83fd155406e5450f7ed6e9a4c8d41c885167cb6,KCQA,6777,4,True
2,81,3,6,KCQA,"(3, 6, 0, 2)",5860,4,1297,4d93c0a55381232ccb984e5b42a1a9ad060119eae832b74973d416940a0c48b4,KCQA,5860,4,True
2,82,3,6,KCQA,"(3, 6, 1, 0)",360,4,100,b0ee4ec87c05f72b2fa5ec1430293defb8eab01acf61805f4c227dfd74297bf3,KCQA,360,4,True
2,83,3,6,KCQA,"(3, 6, 1, 1)",1263,4,482,0bb91e123b47c1fbc955056b3d24ab5fb52c0b05f8eee0dfc8e0673e2d9c82e5,KCQA,1263,4,True
2,84,3,6,KCA,"(3, 6, 0)",7511,4,5,e05f17cb2973476399711905a9ab280ee805f9e9a22a3034e2b419ebf6954cab,KCA,7511,4,True
2,85,3,7,KCQA,"(3, 7, 0, 0)",7134,4,1783,6fced31bb6df26b090df147d3f001018c7125cd06988a6127fb2d3b72479e8b0,KCQA,7134,4,True
2,86,3,7,KCQA,"(3, 7, 0, 1)",6554,4,1559,a3e54600ab9a23fe375f65e89fc7bbe549c96476f0a239d89f9f872f54d92f3c,KCQA,6554,4,True
2,87,3,7,KCQA,"(3, 7, 0, 2)",5892,4,1523,26da9bcf48014cea605d6b02cf9be6606188372074419312156bdac87a1fa09c,KCQA,5892,4,True
2,88,3,7,KCQ,"(3, 7, 0)",19586,4,1,902a33c7b78df63fa74552b551ee05db076ee4a9b51496dc3bf46403f5f943a9,KCQ,19586,4,True
2,89,3,7,KCQA,"(3, 7, 1, 0)",580,4,227,09b20b33a4c7e80f06d8dfd55f3c79e90e4f4de6b5d02f1cdc43fa3ffd8c622a,KCQA,580,4,True
2,90,3,7,KCQA,"(3, 7, 1, 1)",1222,4,251,1f9a79975dd2109ddf3672ce9288f16f43d3d86d7beabad8b5e53049bb63abc6,KCQA,1222,4,True
2,91,3,7,KCA,"(3, 7, 0)",7733,4,9,775a875f5f0b60f765b810736b8591e62a0e5ed7b6a80904f32f1b2d873e7be3,KCA,7733,4,True
2,92,3,8,KCQA,"(3, 8, 0, 0)",7132,4,1782,fdefd7ae6b8b5fafe1721c7d3d5d115342aa65d6d5a968d2239d2ba551aacbeb,KCQA,7132,4,True
2,93,3,8,KCQA,"(3, 8, 0, 1)",6551,4,1695,bde607b39fca8e63ee154644ac42e0362300112f275a113c6c7208610b8c3efa,KCQA,6551,4,True
2,94,3,8,KCQA,"(3, 8, 0, 2)",5978,4,1452,dbf6d5a45451ddaac3fd04a991a7cc734f4676f1e7da3d655cfcca1325454493,KCQA,5978,4,True
2,95,3,8,KCQ,"(3, 8, 0)",19663,4,2,fddbca70caaa4d8f91aef7d36fe2d1683da0d7a33038b9f9f79fd2b1563974ad,KCQ,19663,4,True
2,96,3,8,KCQA,"(3, 8, 1, 0)",586,4,88,7edbaa54a8feb166892c95bd819669348f589a8d63fa6820a208638834207946,KCQA,586,4,True
2,97,3,8,KCQA,"(3, 8, 1, 1)",1145,4,329,cb27075c3675dd468763180e2163c833396526a31dfa58182246d95c86830766,KCQA,1145,4,True
2,98,4,1,KCQA,"(4, 1, 0, 0)",7138,4,1783,956901b74c4172d79b81aa67ef8f3fa35d08f1204c01b4f9e6ffa4972768d544,KCQA,7138,4,True
2,99,4,1,KCQA,"(4, 1, 0, 1)",6873,4,1757,b29ac0cb3a04b77309ddb2a1fbf9196018720494c5fb1d5041a44bb696f59c3c,KCQA,6873,4,True
2,100,4,1,KCQA,"(4, 1, 1, 0)",266,4,26,309ba57a8995ea18d6363710152a5fdc00c342a8ea6ef5346adc4608216d2566,KCQA,266,4,True
2,101,4,1,KCQA,"(4, 1, 1, 1)",7148,4,1787,45e5d31bb928b1fb2cd1294fb17f4132b84a184e963a619c58f45e2cb5e0fd50,KCQA,7148,4,True
2,102,4,1,KCQ,"(4, 1, 2)",7127,4,1,3f15a8fecebd2d43411dff8e0ba44b19eca8be0bb303d1f9b5eec706c02c8273,KCQ,7127,4,True
2,103,4,1,KCQA,"(4, 1, 2, 1)",7116,4,1778,c1ea1f48bb298352e84e2a988a25b7d87bda9fc17cda0bc44539e16cc5eae5eb,KCQA,7116,4,True
2,104,4,1,KCA,"(4, 1, 0)",7416,4,1,14b998035cf84258c518dba5484a10368ddb9bba6bfe89db993a7a70c2056382,KCA,7416,4,True
2,105,4,1,KCA,"(4, 1, 1)",21284,4,39,36d5ce14aa4ba819dec72c3af68d9fb2e0c0dab307eb252765c7fc6596cd0edf,KCA,21284,4,True
2,106,4,2,KCQA,"(4, 2, 0, 0)",7151,4,1786,53e41591506c5fe119b9bdd87829c4f3fadf413e1350716b81c3bef67686cb6e,KCQA,7151,4,True
2,107,4,2,KCQA,"(4, 2, 0, 1)",6903,4,1685,b944afd34f04182a96faccf06fc8cfa1b8ee6a5d80acb9b435c4236d4c376a41,KCQA,6903,4,True
2,108,4,2,KCQA,"(4, 2, 0, 2)",6550,4,1611,5b55ee72aa9b20eb1d99c498c2026c2c5e0b929b602f972d9e8b6d3d195b9130,KCQA,6550,4,True
2,109,4,2,KCQA,"(4, 2, 1, 0)",251,4,101,d0755f6341742483425cec1d7ba33697687526a3e518b4a8a9eb7af91f3257bd,KCQA,251,4,True
2,110,4,2,KCQA,"(4, 2, 1, 1)",890,4,172,278f5abdf0dcbb712e1337d881d673f70653ef96a4fb54ad94fa26000774b382,KCQA,890,4,True
2,111,4,2,KCQA,"(4, 2, 1, 2)",6614,4,1732,0453927c539d593525978ef7e3114a3e02079fd8683721ff569a71579c734548,KCQA,6614,4,True
2,112,4,2,KCQ,"(4, 2, 2)",260,4,8,ce36ebe03cb3d7f22387b4ca11e57aea6ca87badff2a3915252d8d1e7d493875,KCQ,260,4,True
2,113,4,2,KCQA,"(4, 2, 2, 1)",244,4,53,a409137fa2b7c0bf012a377c58561e3c3e53233455144251d0dcb6c3536240fc,KCQA,244,4,True
2,114,4,2,KCA,"(4, 2, 0)",7412,4,1,39a7ead5e55b0354bddbf8b025390ad7c7ced2d96a1179f876fea2b55631e59f,KCA,7412,4,True
2,115,4,2,KCA,"(4, 2, 2)",13254,4,25,9a932dafbf47ca294bc369bc5c10a1ab2c4f489d51cf199a9cbb66aff4831877,KCA,13254,4,True
2,116,4,3,KCQA,"(4, 3, 0, 0)",7150,4,1788,4b716d7aacc69bf315eb801afd58afd6040bac9688f1bf1ab0faa453258fb821,KCQA,7150,4,True
2,117,4,3,KCQA,"(4, 3, 0, 1)",6717,4,1647,a2ad5b62a595b9b35c3ff51feecf03fc6b7341b8222f5a49956ef81c6d1c2564,KCQA,6717,4,True
2,118,4,3,KCQA,"(4, 3, 0, 2)",6422,4,1617,bef0c7abc270dcb9e2c21ef95b52fd1337a185fcacabe51362edeef8851616c6,KCQA,6422,4,True
2,119,4,3,KCQA,"(4, 3, 0, 3)",5636,4,1368,cc831de7f47567dbea5cc224da637218c788bf0408f4cedf6ef66f798f246c22,KCQA,5636,4,True
2,120,4,3,KCQA,"(4, 3, 1, 0)",436,4,141,50d7a82166785de54cffa87329f7f2e544bc96c07acab151cee7389b818341ad,KCQA,436,4,True
2,121,4,3,KCQA,"(4, 3, 1, 1)",712,4,165,8f1e8d8778543d5b867d540449054760d0149d70f078bc2b25f259bde726975c,KCQA,712,4,True
2,122,4,3,KCQA,"(4, 3, 1, 2)",1405,4,397,d49d9d1404fd857c9760ccc031255ed5ca7e96f30aac031eff1fc938f9ffe0b1,KCQA,1405,4,True
2,123,4,3,KCQ,"(4, 3, 1)",2555,4,1,655d93d33772135fea6e2f5197cf491ad494b4eeb6fc746761d34b0a003dd627,KCQ,2555,4,True
2,124,4,3,KCA,"(4, 3, 0)",7606,4,6,0069b7d8c7f804e18aa5abf1164a2f23d9952e6b6c1399072986581f73dd2b38,KCA,7606,4,True
2,125,4,3,KCA,"(4, 3, 1)",7541,4,24,8f9774caeaa04fa7bc3783fa2fda113f28573c9738c92c99597a1fda8d01e60c,KCA,7541,4,True
2,126,4,3,KCA,"(4, 3, 3)",5722,4,19,5dc6a1d99f4525ae38a1c8a92a90635ee5410b327cfe4b228674107c0d577576,KCA,5722,4,True
2,127,4,4,KCQA,"(4, 4, 0, 0)",7158,4,1790,6a1dcf1182e76e5c98f55873d87d4a896535d19330c1c3a845fb947e4b08ca5f,KCQA,7158,4,True
2,128,4,4,KCQA,"(4, 4, 0, 1)",6699,4,1694,088db276a7dd02e40c6b29eca47fafcb06bb7ef7fd37c5e7817304c2712d731d,KCQA,6699,4,True
2,129,4,4,KCQA,"(4, 4, 0, 2)",6698,4,1640,f4b462850d4a83a7b27f7a0256f768ad2ffe7a11415754344def2f39fa396d82,KCQA,6698,4,True
2,130,4,4,KCQA,"(4, 4, 0, 3)",5852,4,1460,1801beea70f9bc21a76740992d0163a65b9a3d6a5b87b531a544bbe3dd238144,KCQA,5852,4,True
2,131,4,4,KCQ,"(4, 4, 0)",26411,4,1,2013770f6b58da946c7c92fc89f969735d354f868a468e92cc2dbd4a6b06337c,KCQ,26411,4,True
2,132,4,4,KCQA,"(4, 4, 1, 0)",460,4,97,eb4ff81b82b21cfcb9fb2791536dc561ba6074c0601496815e65a8ff21108810,KCQA,460,4,True
2,133,4,4,KCQA,"(4, 4, 1, 1)",446,4,148,196cf268ff2442ca48021bd887744a4f859422752e52a6c263c5aa951c5fe564,KCQA,446,4,True
2,134,4,4,KCQA,"(4, 4, 1, 2)",1261,4,323,1dac9946fd9e6907aadbd19e3fab74ad6c202166a89283e35500b1ba0f3469c1,KCQA,1261,4,True
2,135,4,4,KCQ,"(4, 4, 1)",2174,4,1,79c275f702561f11b6b08aa716bd29dfc838eebcfa2b467feb5a8a45ed59f1b5,KCQ,2174,4,True
2,136,4,4,KCA,"(4, 4, 0)",7633,4,3,b98b1be68cb15f31dccf291703a7b82db2465e1a7c06da89eee513e55ebbd1c6,KCA,7633,4,True
2,137,4,4,KCA,"(4, 4, 1)",7186,4,8,8df1c677ff20461934702ac1141df6aea8f01bde708b556b96a1eef96dfe9fb7,KCA,7186,4,True
2,138,4,4,KC,"(4, 4)",28691,4,13,dabd93c1653ab2ecc4afd01e7e99284f323100adef4753ab786f9809dd6216cc,KC,28691,4,True
2,139,4,5,KCQA,"(4, 5, 0, 0)",7113,4,1779,00a475299d0033c670a345c2b3a16a9cd100f5d4c0818440e10648e1a80d2bbe,KCQA,7113,4,True
2,140,4,5,KCQA,"(4, 5, 0, 1)",6244,4,1599,2a1d91394222eace505430315206415481d0481bf9f622ffa6433d9975301ee3,KCQA,6244,4,True
2,141,4,5,KCQA,"(4, 5, 0, 2)",6409,4,1600,aed8e074ed3261629167e425b9bc019aa9dc7ad57e8691c7e376dbae4ec31ada,KCQA,6409,4,True
2,142,4,5,KCQA,"(4, 5, 0, 3)",5984,4,1643,0bdb47d09ceeb386d99bc6ed941b5227e25ed7e84f5f315864eb7c223f052f5b,KCQA,5984,4,True
2,143,4,5,KCQA,"(4, 5, 1, 0)",874,4,181,bb94d56f96a9667e600669a74298c506d84a7a1739a619f3ddf8a787f1275498,KCQA,874,4,True
2,144,4,5,KCQA,"(4, 5, 1, 1)",699,4,183,76092d1fa1c5e2780b777f4123f923b2e2cffa568921289aa966f5c51d3afc4b,KCQA,699,4,True
2,145,4,5,KCQA,"(4, 5, 1, 2)",1064,4,122,4f728864fd7632fd8ecd4c5685e027a05b1b517fd65b51756e4df0c966e3eafc,KCQA,1064,4,True
2,146,4,5,KCA,"(4, 5, 0)",8016,4,5,e83e13fa1d406eaf579f3438bcac58c5b0bd7033269d576f553fc8fbc5019a77,KCA,8016,4,True
2,147,4,5,KCA,"(4, 5, 1)",6988,4,7,588335fc73324a1f1a0710552295bf3e5d8c047597a5b08d2ca6765d5c2f68a2,KCA,6988,4,True
2,148,4,6,KCQA,"(4, 6, 0, 0)",7106,4,1776,3dce15c783db8b55a60d3771290cb54b475820b661cc1332dc0e07b8ec388252,KCQA,7106,4,True
2,149,4,6,KCQA,"(4, 6, 0, 1)",6311,4,1571,d4e43c10ce1111f86ed77fc9208d00337f296964d187f45fef8632ca1a50c6b5,KCQA,6311,4,True
2,150,4,6,KCQA,"(4, 6, 0, 2)",6252,4,1542,fe02d71d7956a4c9721cb7a33797256d25be75bc6ff73ff85ce70ed7a4861240,KCQA,6252,4,True
2,151,4,6,KCQA,"(4, 6, 0, 3)",5821,4,1421,04474f26903a2ba52c637ac804eb3e42bc04136a55f19f23596908f5009c4bc7,KCQA,5821,4,True
2,152,4,6,KCQ,"(4, 6, 0)",25493,4,1,a81dc229da5f39febd4e455906ce934a45ca32968ee5eb714c26f72932f5f05b,KCQ,25493,4,True
2,153,4,6,KCQA,"(4, 6, 1, 0)",797,4,206,d20dc30181cc72dbee8dc34e2b8d72fd8ad056ed904f57ddd5ec6f152cebc0e9,KCQA,797,4,True
2,154,4,6,KCQA,"(4, 6, 1, 1)",844,4,223,3e6f26f128cf2027de21251cc6f12bf8b23aa98aa6f77bac0c34e21cd4c8a1d1,KCQA,844,4,True
2,155,4,6,KCQA,"(4, 6, 1, 2)",1198,4,332,a4c0378187965c7133c2a2e0d40b568cb438241f9589e6009579f383e767cebf,KCQA,1198,4,True
2,156,4,6,KCA,"(4, 6, 0)",7934,4,14,b5aad360c2b1b43dc4914a15e7b1ec1a9761a73e2d6f2397b6b27fcac943201b,KCA,7934,4,True
2,157,4,6,KCA,"(4, 6, 1)",7233,4,25,82f982491be4f6a0454c8bf4eef2d07bf1a6aa90b5ee1e22b1530984f038db44,KCA,7233,4,True
2,158,4,7,KCQA,"(4, 7, 0, 0)",7104,4,1775,fdf36e57e28575279468d59017d8e187335da637c45884c01f11095acaf92671,KCQA,7104,4,True
2,159,4,7,KCQA,"(4, 7, 0, 1)",6383,4,1637,8bde2e71a24dc64e32de18d6c566878d8ddaceb4881304fc39933ecc56273b01,KCQA,6383,4,True
2,160,4,7,KCQA,"(4, 7, 0, 2)",6275,4,1578,7f34dae847b8f474a17c8f99558371ae08235343e6dd84b850815ecc89efa05b,KCQA,6275,4,True
2,161,4,7,KCQA,"(4, 7, 0, 3)",5691,4,1414,62b9a758424ef0cfe866b1966730cd6e8ba0e0866368696c8e10285dbac9f9b2,KCQA,5691,4,True
2,162,4,7,KCQA,"(4, 7, 1, 0)",728,4,139,b1806cf2ba05c3c7bc021ef321f3133c7a763684babbe17d2083b164a79f3d32,KCQA,728,4,True
2,163,4,7,KCQA,"(4, 7, 1, 1)",822,4,193,54c24b050fc05550c5e177f50c56d5cf9d66120a041275bc45c52f23d1e477c5,KCQA,822,4,True
2,164,4,7,KCQA,"(4, 7, 1, 2)",1325,4,348,a2b55588313b18e0b00347197769055a1f08941287bc55583dd3b796306ffc14,KCQA,1325,4,True
2,165,4,7,KCA,"(4, 7, 0)",7859,4,9,d7426cd89856f9c1ea66a84f7c447bf1028f76c9aedff7edb0f24e28d548e09f,KCA,7859,4,True
2,166,4,7,KCA,"(4, 7, 1)",7289,4,12,4cf587f1c1fc8c4cbbc4f8ab57bbc0406b3ae46424bf3ef7042cedb007651fd8,KCA,7289,4,True
2,167,4,8,KCQA,"(4, 8, 0, 0)",7103,4,1777,550dd213009d23a63bc2cea55e668472ab3d3a4e0198c7461f9135ff4ba13c6e,KCQA,7103,4,True
2,168,4,8,KCQA,"(4, 8, 0, 1)",6527,4,1622,fc9b581d96169bea61abe7b82906cc735ac4c7cc486f6cba75114e191a532bbd,KCQA,6527,4,True
2,169,4,8,KCQA,"(4, 8, 0, 2)",6392,4,1582,6ecfab9e2e20178f4e4bc59328ba165092d6eeda20d553abff09cf30f4a786fa,KCQA,6392,4,True
2,170,4,8,KCQA,"(4, 8, 0, 3)",5820,4,1372,b34c889e42f73c617952ad4940e4cc333fe1182e9c372de1268395ad89e31113,KCQA,5820,4,True
2,171,4,8,KCQA,"(4, 8, 1, 0)",578,4,157,b2958e08e3de4f724f46951059b9fa96fdd8a2fbfdb9d95b3e623062b1f2c72b,KCQA,578,4,True
2,172,4,8,KCQA,"(4, 8, 1, 1)",694,4,193,d810b797732e6c007c29305f8c34a4da9eafc2ac9ed087372ced344dd7e246ed,KCQA,694,4,True
2,173,4,8,KCQA,"(4, 8, 1, 2)",1230,4,377,7349b7e2c9e80035f2d9a44c3eb19c6364e11e858d78c577fe5efc7b6a31b650,KCQA,1230,4,True
2,174,4,8,KCA,"(4, 8, 0)",7702,4,6,f4478e1c8f976dfac874d15edae10bea79b898bf4933a70014ab8de6e65b8d5a,KCA,7702,4,True
2,175,4,8,KCA,"(4, 8, 1)",7273,4,27,73671c379f772d31562e10b0713c543ad547d9525fc2189f63cc150d92a23f18,KCA,7273,4,True
2,176,5,1,KCQA,"(5, 1, 0, 0)",7061,4,1765,c6165d2e4954eb79c2f207463af9a2ae44c8916d617b4fa9ed0ce43ef0fd336b,KCQA,7061,4,True
2,177,5,1,KCQA,"(5, 1, 0, 1)",6811,4,1730,647223a978bf5df4bee5ff61293aad4dc322d82a573f120a8ad6c093b56f5970,KCQA,6811,4,True
2,178,5,1,KCQA,"(5, 1, 1, 0)",254,4,36,91220cbbfe4f76da47055c984b8f01eafb95f36450ab8cd877f61a811a37f8c7,KCQA,254,4,True
2,179,5,1,KCQA,"(5, 1, 1, 1)",7054,4,1767,164e2c7f7d4a7214857be5d3b96664a80cd2a11b2346251b42dd90652f631b10,KCQA,7054,4,True
2,180,5,1,KCQ,"(5, 1, 2)",7121,4,1,805a7be8479a38d9938392a910134b2bd12f1cf037cb93ac83d5d57da51c2a66,KCQ,7121,4,True
2,181,5,1,KCQA,"(5, 1, 2, 1)",7104,4,1773,9e508beb780a062112bd8d350aa8717527cc544d3d98d8336c8757e05f2f69fa,KCQA,7104,4,True
2,182,5,1,KCQ,"(5, 1, 3)",7031,4,1,c6a7206b6640cd53434e028374a98d78fc41b2c5e4724c3b95ec43db42562153,KCQ,7031,4,True
2,183,5,1,KCQA,"(5, 1, 3, 1)",7029,4,1756,d94b0f2d239f3989dc7afc0cf279bfbfd48b704c94f816046c4da47139416f1e,KCQA,7029,4,True
2,184,5,1,KCA,"(5, 1, 0)",7335,4,1,e4eafb6b0b0057547db3b3998dd041fbb2f4e691214cb5669f6b78b20ccdbc6d,KCA,7335,4,True
2,185,5,1,KCA,"(5, 1, 1)",28518,4,126,0e9e2924498256d0ee71911a5a35a3840369b24566c3726c6477d121310956b3,KCA,28518,4,True
2,186,5,2,KCQA,"(5, 2, 0, 0)",7119,4,1777,191e7497c7d7e341cbeb7ed0611bafda485b5004d8a10796a59251a7d88ea19f,KCQA,7119,4,True
2,187,5,2,KCQA,"(5, 2, 0, 1)",6632,4,1632,a2cd2526ca5258d5350d77719704c2cf1fc664a8012ddfb180ed79cc0ff86bb8,KCQA,6632,4,True
2,188,5,2,KCQA,"(5, 2, 0, 2)",6561,4,1626,78c0f26674c615503de0aa11af25fba409df53018514651d67d45dba63b22446,KCQA,6561,4,True
2,189,5,2,KCQA,"(5, 2, 1, 0)",488,4,145,96f2fec56daeef0d093f80d1a3a3590952620810465b15ba592eb77994ff507a,KCQA,488,4,True
2,190,5,2,KCQA,"(5, 2, 1, 1)",545,4,146,1b90d0d4d8c756e9c7eb19c86460f0993c202d401a4391ff571fb4c1fb801c69,KCQA,545,4,True
2,191,5,2,KCQA,"(5, 2, 1, 2)",7031,4,1784,84b4368b5aa0acfebda33e6c8b236c5943c737335d2c0a672708a400f4f83fe1,KCQA,7031,4,True
2,192,5,2,KCQ,"(5, 2, 2)",7204,4,34,aa13585a24622477f378daf556a81f5ba95db93e412f4124ae5d465d192886ac,KCQ,7204,4,True
2,193,5,2,KCQA,"(5, 2, 2, 2)",7099,4,1741,c91b69fca5cd9367661c560acd0df2c1112c8a346c089e40ab54a502650f4d8e,KCQA,7099,4,True
2,194,5,2,KCA,"(5, 2, 0)",7623,4,3,377ef7f71b1a1736b981ca1c2f26fb4464de944703353a86f4ad8ef0c23c4018,KCA,7623,4,True
2,195,5,2,KCA,"(5, 2, 1)",7293,4,1,189c47619c7747aad674f72420b03fbbf8a4d200922890c9158d749018c7180d,KCA,7293,4,True
2,196,5,2,KCA,"(5, 2, 2)",20930,4,71,b69d26871d109c8ab9297cbb75afe7d64c93f3772dd89f1d6e0647d1963bc2c5,KCA,20930,4,True
2,197,5,3,KCQA,"(5, 3, 0, 0)",7131,4,1783,28b67f5eb37e5d55577ea11e0818dce72403f8ae4a260cd10fdb2f1950f85e6d,KCQA,7131,4,True
2,198,5,3,KCQA,"(5, 3, 0, 1)",6417,4,1598,9b5ad6cbe8682960f5ed6c5f50f473086513ec123c6c3e03e7e2af2c9d42d367,KCQA,6417,4,True
2,199,5,3,KCQA,"(5, 3, 0, 2)",6379,4,1592,3d46b34e7535f1dc40db5167c187e6425d17c44b49af9f14c2bfcf818cb155c7,KCQA,6379,4,True
2,200,5,3,KCQA,"(5, 3, 0, 3)",6012,4,1598,0a28e722a43e04e1c3a052b735ca208860b83164cbc73d28756aecce77749eb0,KCQA,6012,4,True
2,201,5,3,KCQA,"(5, 3, 1, 0)",714,4,186,9376a406f45eadb3d6e357c33e0ac5bc7c9a606eea3b9663904747455328f0ef,KCQA,714,4,True
2,202,5,3,KCQA,"(5, 3, 1, 1)",731,4,192,1896f3861b3dfeed023e2d385159d89a1d375072e04b80335b3df906d3e34f7f,KCQA,731,4,True
2,203,5,3,KCQA,"(5, 3, 1, 2)",1076,4,224,d00654337b9de5a39c2a0b160895885929f49123a6b17102c2dbdf7b8c44204b,KCQA,1076,4,True
2,204,5,3,KCQA,"(5, 3, 1, 3)",6883,4,1707,2dd5a55143917b6e583142d0dd82ca6f45a6b1ea3d6554173459de32e44fb425,KCQA,6883,4,True
2,205,5,3,KCQ,"(5, 3, 2)",328,4,21,b32877a42d0889385611a4249079c7f5697c93b526a1f01c0d291602a17f2059,KCQ,328,4,True
2,206,5,3,KCQA,"(5, 3, 2, 2)",247,4,20,40bb1d1a0876765379196cbe0521407fd88eed1c209df68bf5720fef342fd73b,KCQA,247,4,True
2,207,5,3,KCA,"(5, 3, 3)",13077,4,41,b236792bba73c0774a525e8a8f068aee6894bed8fcbd557eac46c04d6d19b302,KCA,13077,4,True
2,208,5,4,KCQA,"(5, 4, 0, 0)",7130,4,1782,f48a31df7f3bb6745ec7e4dc980d37e19b4857491c6648bb8478108b1b411928,KCQA,7130,4,True
2,209,5,4,KCQA,"(5, 4, 0, 1)",6138,4,1602,77be1595d0503b2e63d12bdba53dca0faab8df59ad15ebf47e15ec24083dee5a,KCQA,6138,4,True
2,210,5,4,KCQA,"(5, 4, 0, 2)",6153,4,1461,38d010423ef1f4dc83f372e76a7d0bab0afb7bd8919f9da1442503737959ed22,KCQA,6153,4,True
2,211,5,4,KCQA,"(5, 4, 0, 3)",5995,4,1377,9a4f87433775b5f129ae2a522a60a273fa29963bd328316d324e2ff44d42d4ba,KCQA,5995,4,True
2,212,5,4,KCQA,"(5, 4, 0, 4)",6078,4,1410,2f0029ef4514d05e1e68e68eaa63deb8cd4a965f7f0c8dda0959b24984a2ce5f,KCQA,6078,4,True
2,213,5,4,KCQA,"(5, 4, 1, 0)",997,4,182,ae6abf63e41179ebcb98cd6ee298405e0b1945cbd5550675b074d793d30104bc,KCQA,997,4,True
2,214,5,4,KCQA,"(5, 4, 1, 1)",917,4,306,629baa668b520e269a0a9a95306efd1cfb2727036de9b51f541553c7edc18648,KCQA,917,4,True
2,215,5,4,KCQA,"(5, 4, 1, 2)",1104,4,363,7503763b9908d5cbe0024855320e1254ca761e72a43b77e26708be78fdbda595,KCQA,1104,4,True
2,216,5,4,KCQA,"(5, 4, 1, 3)",919,4,327,a1cd56ec1925dbac61f9b52b52eddd38b94265c97a4360a65cbab81ae8be3a92,KCQA,919,4,True
2,217,5,4,KCQ,"(5, 4, 1)",3943,4,2,fe3b2148149b588c07672aeb9508d90aad3edd49d7fa95851577ee39019786d1,KCQ,3943,4,True
2,218,5,4,KCQ,"(5, 4, 2)",240,4,102,a2d31b611dab232cbf362a9e403f23461cf58c35fa5fdba205245af3504f4c73,KCQ,240,4,True
2,219,5,4,KCA,"(5, 4, 1)",7128,4,4,a5350198d440ce53ca922c130592c611ce9c0b4a5c13539df9708a19d24fd907,KCA,7128,4,True
2,220,5,4,KCA,"(5, 4, 4)",6236,4,37,2dd35a25ecb268bdbb8c0b1638749e32990327917b0ca43fbebe581e0766528e,KCA,6236,4,True
2,221,5,5,KCQA,"(5, 5, 0, 0)",7068,4,1769,2a5d11c33ed933ef6b7f2af8cd0057dfcd76eef10fd629dbbbec9bf5ee14e628,KCQA,7068,4,True
2,222,5,5,KCQA,"(5, 5, 0, 1)",6385,4,1567,b8bd3e54d0f4152d5f5513b5f3be718f8ec41cbb0c44146a93d3ed36c3b77a0c,KCQA,6385,4,True
2,223,5,5,KCQA,"(5, 5, 0, 2)",5980,4,1524,a0fad4dcfd77de1287c4998ae814270b6a18ca342a040db1381ea20fc743d818,KCQA,5980,4,True
2,224,5,5,KCQA,"(5, 5, 0, 3)",5590,4,1413,5de39241c6679f2b536ec900defdbc8c8e359baa817d29f884686b6686bbe657,KCQA,5590,4,True
2,225,5,5,KCQA,"(5, 5, 0, 4)",5645,4,1431,96b60587791683d73748015452b6df5f220180bcd4c00a48f364f851ebee35b3,KCQA,5645,4,True
2,226,5,5,KCQ,"(5, 5, 0)",30671,4,2,ea213d4cd1db0edfecefdabfe08617e388135ff54fc250507d7c1de4ecb5927e,KCQ,30671,4,True
2,227,5,5,KCQA,"(5, 5, 1, 0)",685,4,204,0a72bf1feafed7195a4b8d08a8284147c1173d7f98e7d65a5ff7cae4798c0a35,KCQA,685,4,True
2,228,5,5,KCQA,"(5, 5, 1, 1)",1048,4,240,4539e35a72e53e0f1a49a3d5c256521acda2e14a065661ef541bf8229e6523a8,KCQA,1048,4,True
2,229,5,5,KCQA,"(5, 5, 1, 2)",1401,4,334,44b1f82835923f95c9c38be88147e6adf2817519ee5ca7396d9f077779bfca9d,KCQA,1401,4,True
2,230,5,5,KCQA,"(5, 5, 1, 3)",1282,4,301,5492cf67c9062b54b0b31f508142dcb03c9289a6de23be76d5702559b5b6ea73,KCQA,1282,4,True
2,231,5,5,KCQ,"(5, 5, 1)",4418,4,1,33e495f17265916010b79746e26eb1925764b62b84aa9242e81647fb2ba4fad5,KCQ,4418,4,True
2,232,5,5,KCQ,"(5, 5, 2)",285,4,73,ce0025b2d287fdc513a22471957ebdb44d0d1ad687d046cb39c49748a380383b,KCQ,285,4,True
2,233,5,6,KCQA,"(5, 6, 0, 0)",7051,4,1763,b15b5cfb58985319afb5a36057f62e9d0ba439abec0a42f68adb960c09c9aef0,KCQA,7051,4,True
2,234,5,6,KCQA,"(5, 6, 0, 1)",6172,4,1560,f75bab6bd11d799c0e4cdd63139b666f241df507266673a0191b5ff51e50bc4e,KCQA,6172,4,True
2,235,5,6,KCQA,"(5, 6, 0, 2)",5824,4,1465,c7ac78d7a32536a1153dfeb9cfd66868260068cb75c7e3fac2076952775b7bfe,KCQA,5824,4,True
2,236,5,6,KCQA,"(5, 6, 0, 3)",5317,4,1404,c71377f290de1830c3bf0e459d20e1abb422db894b7199a799f70b3795363930,KCQA,5317,4,True
2,237,5,6,KCQA,"(5, 6, 0, 4)",5445,4,1430,e812133ce2adc5d4de15b43561e19a38d7c7873be945b3fba3881c2d92dc1c26,KCQA,5445,4,True
2,238,5,6,KCQ,"(5, 6, 0)",29818,4,1,8695be6b653a5aa169558cd678a08ac284c5b0c5d30e2fd3684e2959aed6501b,KCQ,29818,4,True
2,239,5,6,KCQA,"(5, 6, 1, 0)",885,4,206,f761d7288c106644b48aea56222089c8a1dffd6d5be5e2e740d31af2d2a181cd,KCQA,885,4,True
2,240,5,6,KCQA,"(5, 6, 1, 1)",1180,4,290,23971b8ba24850c56901740627ff7605a9b8ea078896ae573fb68a533e215fd0,KCQA,1180,4,True
2,241,5,6,KCQA,"(5, 6, 1, 2)",1592,4,328,1a9dcfd1c66483b21963c9024207237f41f1e18b1245db7a4d425c5806a05e13,KCQA,1592,4,True
2,242,5,6,KCQA,"(5, 6, 1, 3)",1383,4,296,b5aedfa492ae4c01acac796bb1f6779826716ef77a6f7df2230eeaa7b019da3d,KCQA,1383,4,True
2,243,5,6,KCQ,"(5, 6, 1)",5040,4,1,967fcf5d27ab57f80e643ce5d2ab8928a957efe3f93e3d175e15e4a158703c43,KCQ,5040,4,True
2,244,5,6,KCQ,"(5, 6, 2)",423,4,44,c3e52ca22884f720cbf7512ef28118925453570a19d81210dd826cb60f8953ff,KCQ,423,4,True
2,245,5,6,KCQA,"(5, 6, 2, 2)",212,4,38,0c09a88c3973b56de3d45d8a4fb16f325ee73404b2bb75581628faaad494973a,KCQA,212,4,True
2,246,5,6,KCA,"(5, 6, 1)",7513,4,2,74bb588b851fa76137bfdd6621ad5947840d289245323463f9281994913291b9,KCA,7513,4,True
2,247,5,6,KC,"(5, 6)",35297,4,1,b1f93da629c5129ac74b39085bb350a5367545e16a5c8c580e8190b934e09965,KC,35297,4,True
2,248,5,7,KCQA,"(5, 7, 0, 0)",7052,4,1763,8a3618dab9b4f9995fb20d145e096514adb492ade06e406bd322f53ec7c22e26,KCQA,7052,4,True
2,249,5,7,KCQA,"(5, 7, 0, 1)",6264,4,1551,8ddecd9e259d066a9f7eec39a92bdfb187ab212171b9e2404cce0974a5d89bb6,KCQA,6264,4,True
2,250,5,7,KCQA,"(5, 7, 0, 2)",5740,4,1486,608ef963b6fc98338f8bf0a4f211ca2284b870472ddaf7f3d2f2317c170bdda2,KCQA,5740,4,True
2,251,5,7,KCQA,"(5, 7, 0, 3)",5294,4,1350,33a65d260de8b97147eddfb2b338063e339b4395a3ecb3b64baacff124c2fd49,KCQA,5294,4,True
2,252,5,7,KCQA,"(5, 7, 0, 4)",5345,4,1317,3f9797c6d3d3473ab1dca6c6af6b39a28e6566eb19ff9ef69edccb738d81346a,KCQA,5345,4,True
2,253,5,7,KCQ,"(5, 7, 0)",29703,4,1,ab438299dc01f82f45b5de77324a9723fdd295b89077716a7ca0a8e92005b2a6,KCQ,29703,4,True
2,254,5,7,KCQA,"(5, 7, 1, 0)",791,4,213,c8696886b10d6528434524415e173d44231f6d03c35f3cab5c958eaffc3076a7,KCQA,791,4,True
2,255,5,7,KCQA,"(5, 7, 1, 1)",1268,4,268,c4bb627f0ebb04f4b2d6e2317a691b4a55c57c5fea5ab541990a24bad99da3ed,KCQA,1268,4,True
2,256,5,7,KCQA,"(5, 7, 1, 2)",1620,4,379,146f539c4515ef562d2a5d6431d601b16acdc492161e5628968f480f3523e209,KCQA,1620,4,True
2,257,5,7,KCQA,"(5, 7, 1, 3)",1474,4,392,ab9b6cc3b2851cc03783c025a3ee73df0a86cd3b50b0d1b87b977d6f2c2fb0c5,KCQA,1474,4,True
2,258,5,7,KCQ,"(5, 7, 2)",416,4,46,d68717f9f69105bbc9f2dffc8a773c6abba3d1f2f747e41611e18e27fc927757,KCQ,416,4,True
2,259,5,7,KCQA,"(5, 7, 2, 2)",217,4,53,0b755fbced92a9da37e26ed6dbc90725254fc4c0e7a1524206322c8bb91c591e,KCQA,217,4,True
2,260,5,7,KCA,"(5, 7, 1)",7703,4,1,b9e23b070fa1a093c95dea868761e7bf2034b64d3920460c6bb57c1631628744,KCA,7703,4,True
2,261,5,8,KCQA,"(5, 8, 0, 0)",7049,4,1759,61c1934ae90fbb9770fc2e3be84fb2df3636da8f70af8ba92b968e9ec6fda654,KCQA,7049,4,True
2,262,5,8,KCQA,"(5, 8, 0, 1)",6112,4,1554,76fc1f47c479fda02aa7c314fd0702cd6b28dcc2cf79b68c07669c648030a9db,KCQA,6112,4,True
2,263,5,8,KCQA,"(5, 8, 0, 2)",5644,4,1501,e76d43a398420b07cb1fc92c7cc4ad55e834ddb625170f09a1f4d06feb3a5536,KCQA,5644,4,True
2,264,5,8,KCQA,"(5, 8, 0, 3)",5105,4,1442,81b14a23292e18ea476f00152ef0017aa58ffef363496c8731628ca912960311,KCQA,5105,4,True
2,265,5,8,KCQA,"(5, 8, 0, 4)",5169,4,1579,330622f323c44a4b3a6d0c644b72784cddbd3b14d0fa7be15eafe8c81a795049,KCQA,5169,4,True
2,266,5,8,KCQ,"(5, 8, 0)",29086,4,5,a7e9b5b290703f717b625739e05f6e12cd67c262c6b75e65a620a2bc7f7589d0,KCQ,29086,4,True
2,267,5,8,KCQA,"(5, 8, 1, 0)",939,4,207,a9907c9ecdaf0e897a461e7b827d715634f54285187da1f62d50139cc1b4c470,KCQA,939,4,True
2,268,5,8,KCQA,"(5, 8, 1, 1)",1345,4,245,3901894346fe36bf4edc011110807122fefc5738427bd590c4a9c593b9dd06d9,KCQA,1345,4,True
2,269,5,8,KCQA,"(5, 8, 1, 2)",1761,4,301,2cf34ff2e1c138e29214e6ffd42da8e96914fd9b5f2ba4623171292940ab07be,KCQA,1761,4,True
2,270,5,8,KCQA,"(5, 8, 1, 3)",1621,4,151,7956dad6bd604ce0800532661cc76193f6af57b3290ab4a7bbcc6f279e6fd0ca,KCQA,1621,4,True
2,271,5,8,KCQ,"(5, 8, 1)",5666,4,1,c0333ef3de80ee9a10a22b4404687694becf63cae115e7044ae3a8c175ccb556,KCQ,5666,4,True
2,272,5,8,KCQ,"(5, 8, 2)",509,4,43,19448d5b1e07d6b81419a273d8a257d0eb3449e165813e5cce6e4c6f2afc9149,KCQ,509,4,True
2,273,5,8,KCQA,"(5, 8, 2, 2)",252,4,17,c9a8f912639d8698d0285c986203694d9f84c2c650825163286c04d2163506a9,KCQA,252,4,True
2,274,5,8,KCA,"(5, 8, 1)",7661,4,1,8bc832ae3aa2bf0c74517278770be936cf3fd3fd1405f6cad6e552955811ebae,KCA,7661,4,True
2,275,6,1,KCA,"(6, 1, 1)",38055,4,1333,283576ccb2d0e49f0147527640b7b3553b1f2aa1bde99db756733b5c05467361,KCA,38055,4,True
2,276,6,1,KCQA,"(6, 1, 23, 1)",271,4,398,49db03a63c8a6d54ce5a84d5abc3358e416c2cb6b47bbc2f4cfdca649c26c58d,KCQA,271,4,True
2,277,6,1,KCQA,"(6, 1, 24, 1)",371,4,411,f43c6436f3358391d4e6df172673817d6beb095d9d8de782fb11dd7152fd0abe,KCQA,371,4,True
2,278,6,1,KCQA,"(6, 1, 25, 1)",452,4,440,3060d57c2c0edeaee79bfc5b83f1893bc9b84de8537a10388413378539f45097,KCQA,452,4,True
2,279,6,1,KCQA,"(6, 1, 26, 1)",658,4,494,6da1a50f612b198f3caace3bd75187d4d1ebfa18b4efecbec4b0460d80dfd416,KCQA,658,4,True
2,280,6,1,KCQA,"(6, 1, 27, 1)",819,4,609,52522dffbd0a3cebc1fd8c542ed22082b89caa6fd180559d1432259ee3137974,KCQA,819,4,True
2,281,6,1,KCQA,"(6, 1, 28, 1)",928,4,744,c28550570e40e70a816310ee229e5440839709eb208b0b31556d8f8afeec24fa,KCQA,928,4,True
2,282,6,1,KCQA,"(6, 1, 29, 1)",947,4,848,3dbe38e10c0fecf711bc1bc316d94ffc3181e06d42d9ccc0276678b76d4bd58a,KCQA,947,4,True
2,283,6,1,KCQA,"(6, 1, 30, 1)",971,4,938,b7b747741bc504985431e9b59ab660b50985141bc90d3804f56b06539f3e1c29,KCQA,971,4,True
2,284,6,1,KCQA,"(6, 1, 31, 1)",946,4,902,d5ce028c732bb6add3343ce3a5108b912677473f9477f98d78222cff63919a66,KCQA,946,4,True
2,285,6,1,KCQA,"(6, 1, 32, 1)",870,4,838,1552fcc0a6e2156537153da20decb041e3a1e25888a4e11ea183626852df9533,KCQA,870,4,True
2,286,6,1,KCQA,"(6, 1, 33, 1)",828,4,716,59380fe31c2f202bd4bd07cfcead1f8c70f3bb819d513ecaa7fb0eb5824abc7f,KCQA,828,4,True
2,287,6,1,KCQA,"(6, 1, 34, 1)",755,4,557,ac3ec9e7ad63f0fef341fd0e07e76be094d8dc97b24ac21b07e7af0eed1e7985,KCQA,755,4,True
2,288,6,1,KCQA,"(6, 1, 35, 1)",703,4,430,7c11f751961a1b70bfad769812844f6b3c006e37a92000e35a47da6d35a1aca5,KCQA,703,4,True
2,289,6,1,KCQA,"(6, 1, 36, 1)",628,4,373,9caaf2f1e2189ec888a6f2efca09096188e3823c6d86b14dd1cab7a4f10b37c2,KCQA,628,4,True
2,290,6,1,KCQA,"(6, 1, 37, 1)",514,4,290,7693590e6ebe8a62c552c9adf22de5e9ab8874db432f25777350dc931f42cf79,KCQA,514,4,True
2,291,6,1,KCQA,"(6, 1, 38, 1)",407,4,245,df8e69c30edd6667ecbd767eec29583830b255f1f95407fe918bebd3900c6d8c,KCQA,407,4,True
2,292,6,1,KCQA,"(6, 1, 39, 1)",305,4,194,41b9565c933858b1d4ff7f599d40529e70a226c6466cb0babc73af9149ff8fe3,KCQA,305,4,True
2,293,6,2,KCQA,"(6, 2, 0, 0)",7019,4,1761,57bd2799e99eb99644e52c055357df0e61a5b166b730be4fe47aa2dedf070aad,KCQA,7019,4,True
2,294,6,2,KCQA,"(6, 2, 0, 1)",6305,4,1600,ae38948e4978c239df20823644e1ecbfec81947116464ed1cced47426bef30b6,KCQA,6305,4,True
2,295,6,2,KCQA,"(6, 2, 0, 2)",5884,4,1467,204d48c81fbad43f56ddfc217c83e00c30e12877bae01bab5d82487128acb94d,KCQA,5884,4,True
2,296,6,2,KCQA,"(6, 2, 1, 0)",718,4,161,ed3d593d8e0bb27881cf0d4c1e65cb0962db3c606c6377ef960554a2d1959310,KCQA,718,4,True
2,297,6,2,KCQA,"(6, 2, 1, 1)",1092,4,287,a9130650c9461f2e4268f8a865dde9ff835c344b26014daabd923f253d2c481f,KCQA,1092,4,True
2,298,6,2,KCQA,"(6, 2, 1, 2)",6726,4,1682,042b473f031f260b4c2a0c225cb4600f974372ba8833bafe061e166124998470,KCQA,6726,4,True
2,299,6,2,KCQ,"(6, 2, 2)",7327,4,9,92c04eed27ab4aff62e9debac54a6b2ffefd871b948c99deee3f215953a2428d,KCQ,7327,4,True
2,300,6,2,KCQA,"(6, 2, 2, 1)",305,4,80,a7fc3daeafa28dab039b5ea01370f96e1daa95b662c7cf297d4a861d6e112683,KCQA,305,4,True
2,301,6,2,KCQA,"(6, 2, 2, 2)",6971,4,1753,8c557d319e119bfc69a8766f1e2eaa61c43635282e6c3c32df97c1adbd980619,KCQA,6971,4,True
2,302,6,2,KCQ,"(6, 2, 3)",7065,4,20,04d26c33313b8e638439143ec586be7c72df9bb6d7aa5444ff3ed54675bb5a7f,KCQ,7065,4,True
2,303,6,2,KCQA,"(6, 2, 3, 2)",6989,4,1752,941cf1b09d819d24e1ceebec1c2742cd1b2bfe45d8fd5d5be6168e0360b03c38,KCQA,6989,4,True
2,304,6,2,KCA,"(6, 2, 1)",7800,4,5,35ee905575d300fe2443cfff319dc56c0b78a40113c1eef3f8c177eb4de5aa9c,KCA,7800,4,True
2,305,6,2,KCA,"(6, 2, 2)",27385,4,177,c705225ad6c8f49260e283d499b64ed51d8b5d4aca1bcdf634a8408547bad368,KCA,27385,4,True
2,306,6,3,KCQA,"(6, 3, 0, 0)",7076,4,1763,8bdf716f63b48e53b1a14ae4942bc395dbd6ff91fa0872cdd9b91e4a60881353,KCQA,7076,4,True
2,307,6,3,KCQA,"(6, 3, 0, 1)",6375,4,1629,49fb3547397b574afa332c639bf1f1ec7869b3acfdfeaa7b9f68cbd21273530b,KCQA,6375,4,True
2,308,6,3,KCQA,"(6, 3, 0, 2)",5857,4,1519,e7660d187fdad0ddf057d93a5a674433c3c98fe6f0c01c637c69785f343204b5,KCQA,5857,4,True
2,309,6,3,KCQA,"(6, 3, 0, 3)",5362,4,1434,56b62436cf1466aadb8b03ea5c0528e733721ffcfdf56af4ba8040a0eb66b2b8,KCQA,5362,4,True
2,310,6,3,KCQA,"(6, 3, 1, 0)",711,4,134,c19b32d57126c7880b508d65efc23ce7976bcc50d0a20768bcc3d07b0c563671,KCQA,711,4,True
2,311,6,3,KCQA,"(6, 3, 1, 1)",1171,4,233,dff92a35a683c6628af75eb16bfc2c2f9d309692eddfc893ca00876b621ecd94,KCQA,1171,4,True
2,312,6,3,KCQA,"(6, 3, 1, 2)",1569,4,308,9cf0fc2b189b166aa9c95d56c0063d1650fb01eb08e46c1179dbffe5bfe02387,KCQA,1569,4,True
2,313,6,3,KCQA,"(6, 3, 1, 3)",6591,4,1680,98fe1d0671700066816fc2cbf56d5b8e3503dafd5e91dbdaa0cd65c1be46fb29,KCQA,6591,4,True
2,314,6,3,KCQ,"(6, 3, 2)",7635,4,35,6b1526d935226cf75012e64394e7efc90b3d836085db90afbf85b96afbe35587,KCQ,7635,4,True
2,315,6,3,KCQA,"(6, 3, 2, 2)",472,4,84,b2214f071c8d0851786e47f6ea3b93bbd9ab35584eaa3db8d1f22ac2bfda583c,KCQA,472,4,True
2,316,6,3,KCQA,"(6, 3, 2, 3)",6958,4,1739,76131574d47536afd7f838e4b98ababf4baaa010b6ed6e3dac6743041511e3d3,KCQA,6958,4,True
2,317,6,3,KCA,"(6, 3, 0)",7847,4,1,a6f34dcbbe3da9b00bc47a36274a77f4032aaa0b16fc065dfa28e03dc8abc7ab,KCA,7847,4,True
2,318,6,3,KCA,"(6, 3, 1)",7727,4,2,76f575248d3d3daa3b408f05c95450a02fb1b2edb9a4d2add90ac807f8175965,KCA,7727,4,True
2,319,6,3,KCA,"(6, 3, 2)",8029,4,25,4400ded9a82a93cb91bfb5f7dadc3726a6093e1634464818486fe42e0df6e532,KCA,8029,4,True
2,320,6,3,KCA,"(6, 3, 3)",19368,4,146,581abc48b3936964fa55d234ddcebe357699cfbc093a0f00e792c4929b7c44ce,KCA,19368,4,True
2,321,6,4,KCQA,"(6, 4, 0, 0)",7071,4,1770,83a997efa35dc83eea7c970bda00b61d80b7a08324661c67bd427952cd46f987,KCQA,7071,4,True
2,322,6,4,KCQA,"(6, 4, 0, 1)",5919,4,1526,eaae0ccfa2e7029295a821da14d80382b3a0aac6b937d5ceb4b9ceebc88e70f4,KCQA,5919,4,True
2,323,6,4,KCQA,"(6, 4, 0, 2)",5571,4,1417,520bb31b2669f137dbde13b196b4d957bb7b5f2ae0af644b2bafa83bc0e3ae80,KCQA,5571,4,True
2,324,6,4,KCQA,"(6, 4, 0, 3)",5450,4,1388,ddbe2aa3fe2b68cf85a2cc58328074dc0bda0415fef190ed20aa5a83f10e99b2,KCQA,5450,4,True
2,325,6,4,KCQA,"(6, 4, 0, 4)",5345,4,1347,aea027e03961b6c84ceb839c72d56db5897b0f67db63b071b13c3b54453f5e2e,KCQA,5345,4,True
2,326,6,4,KCQA,"(6, 4, 1, 0)",1169,4,244,eaf0cb0270dd9574834b13a6851552a07c6cae5b9dea73f89b633e7f236a501f,KCQA,1169,4,True
2,327,6,4,KCQA,"(6, 4, 1, 1)",1411,4,338,d691513dc4f6bc13fba41933d073ff086eb65236e4b7cb2b24ae9450b7caafa9,KCQA,1411,4,True
2,328,6,4,KCQA,"(6, 4, 1, 2)",1475,4,345,3b7f3a304e9b038b3a4d6463141d523d915f646bc03ab1d06351b3a592109ccc,KCQA,1475,4,True
2,329,6,4,KCQA,"(6, 4, 1, 3)",1533,4,370,5707621c0ff113d3e029da74758db6e2c7972a474b7ea269bcab33a5065c6538,KCQA,1533,4,True
2,330,6,4,KCQA,"(6, 4, 1, 4)",6725,4,1685,aecb8aeb1fc1df24706701933200b68b554dfffd3e8ceaf4cfa02b5f7ceeeb3e,KCQA,6725,4,True
2,331,6,4,KCQ,"(6, 4, 2)",863,4,63,c3e0079c37b67cdff763e145f1750de74723d0f2e80d3099fe43c0798ad0cb69,KCQ,863,4,True
2,332,6,4,KCQA,"(6, 4, 2, 2)",211,4,54,ceff70136086f91b49af01ee0d3c387186cb854f3b487555a95890b82311c3a4,KCQA,211,4,True
2,333,6,4,KCQA,"(6, 4, 2, 3)",342,4,82,7d91760f9eb7df63360f863dd3e8da303f97b45539945a7b9df5e7af8861f249,KCQA,342,4,True
2,334,6,4,KCA,"(6, 4, 1)",7522,4,2,125a6a4a968ea8f679335d39d03320baed3bc9f113b0433ef54d92dd311b5b4a,KCA,7522,4,True
2,335,6,4,KCA,"(6, 4, 2)",7280,4,7,a7cc2f388c7e03c51b35fbc5de590daa70a8aabde5171602859eea0870e79ca1,KCA,7280,4,True
2,336,6,4,KCA,"(6, 4, 4)",12310,4,101,44d3a4b6a9fc599b7119c2cb8cf2554c56d35957257067b8fa78200b0556c0a6,KCA,12310,4,True
2,337,6,5,KCQA,"(6, 5, 0, 0)",6915,4,1723,8550dd051aaf4893042b1bbd54fed6b8740a1eafd1a528677b835d90296c948a,KCQA,6915,4,True
2,338,6,5,KCQA,"(6, 5, 0, 1)",5969,4,1465,1356a1ec0eda47e409db68178dec454695352bc261352d6a8756df60a215041c,KCQA,5969,4,True
2,339,6,5,KCQA,"(6, 5, 0, 2)",5474,4,1374,10a494cf1a1531a4655dc78d465660067225c6553342be4dfc5ff55f7bba2367,KCQA,5474,4,True
2,340,6,5,KCQA,"(6, 5, 0, 3)",5188,4,1283,a05632511f3049de89bb266d12bedd781a808af7ecda74596639cc8945dcea0f,KCQA,5188,4,True
2,341,6,5,KCQA,"(6, 5, 0, 4)",5164,4,1262,409751c39e3536769d97dc9781c89a796888e6d2436bee2f2eda1973a8cacb03,KCQA,5164,4,True
2,342,6,5,KCQA,"(6, 5, 0, 5)",5593,4,1379,4b75f0baea5d75a458456d1dad92ab5726438b487a6e8099deddb26c4995a31c,KCQA,5593,4,True
2,343,6,5,KCQA,"(6, 5, 1, 0)",1011,4,277,abfac20d856f8217360551b6ea7e7d6f2dea6a4a2ec2a88f679ad4d357916852,KCQA,1011,4,True
2,344,6,5,KCQA,"(6, 5, 1, 1)",1421,4,346,c1bcd5fdadcd8378fba9c7d8ef9ee495649b3bfe4ebb2b56066959763c9a71f4,KCQA,1421,4,True
2,345,6,5,KCQA,"(6, 5, 1, 2)",1600,4,410,e27a2c30f6a0881dfc1df1ed8419d5de9e496d81dc339d499afa35bd31d71068,KCQA,1600,4,True
2,346,6,5,KCQA,"(6, 5, 1, 3)",1571,4,412,58f4c2ef6a68e3b789940a3108268bb14124d3ba920c96c7fbeec6d71c15c1e1,KCQA,1571,4,True
2,347,6,5,KCQA,"(6, 5, 1, 4)",1185,4,301,303e40f1856278a93f642cb987004dbfb9006b9e1bd54c31454329f69407e86c,KCQA,1185,4,True
2,348,6,5,KCQ,"(6, 5, 1)",6801,4,1,f0d47ff7d8764d077becddad25f1e937314dc0287c85d0cdde89ac20ee812d32,KCQ,6801,4,True
2,349,6,5,KCQ,"(6, 5, 2)",703,4,119,8f3e2227319307ad5ea116592ce45974e856da1ca1f9aef01fa97aa686448b5e,KCQ,703,4,True
2,350,6,5,KCQA,"(6, 5, 2, 2)",238,4,65,d67b8f9435a55c48980ffe3fea1f13adc703b0d5f7f83de0a2f08dd5c6ee00c0,KCQA,238,4,True
2,351,6,5,KCA,"(6, 5, 0)",8028,4,1,e9476f8735e12e3e30025ab26ad2036968ad1923afed5214141afa81d0ba9d08,KCA,8028,4,True
2,352,6,5,KCA,"(6, 5, 1)",7604,4,5,bd664df2dcb5a95745ab21db59450281ce8341c925727565ac16c51ce8624d6a,KCA,7604,4,True
2,353,6,5,KCA,"(6, 5, 2)",7326,4,9,6e47f62bd036106de290050c645f3bc193e7fc0d51dfcfa4881ae41d76344886,KCA,7326,4,True
2,354,6,6,KCQA,"(6, 6, 0, 0)",6920,4,1734,84e853118c53d8bf3f6605f2001b6cebc74abaf9272c4e85f454df38506aa5c7,KCQA,6920,4,True
2,355,6,6,KCQA,"(6, 6, 0, 1)",6278,4,1525,fce9e49dd6131093263b05e3c92e522593b53af56970c8451c0667b3abf44ef5,KCQA,6278,4,True
2,356,6,6,KCQA,"(6, 6, 0, 2)",5844,4,1465,c26b8bfd8ecd565c9693030ac8fda4af022e388dfd90f98a0c020b5942351df6,KCQA,5844,4,True
2,357,6,6,KCQA,"(6, 6, 0, 3)",5567,4,1381,0f454ba55b412e93fa01bfe4c2f9071901d6cb02710ad1006d16b436b21ac80c,KCQA,5567,4,True
2,358,6,6,KCQA,"(6, 6, 0, 4)",5446,4,1347,2fc2acb2a38c63ab3c35a149ca6fa342dd29ba7fffb816be13166d10630a2d5c,KCQA,5446,4,True
2,359,6,6,KCQA,"(6, 6, 0, 5)",5417,4,1379,9eecab34133f35e52f4ad4002b8e0f4b1c7939ad89f52b43a944c1f3d0b00731,KCQA,5417,4,True
2,360,6,6,KCQ,"(6, 6, 0)",35479,4,3,377c14f87d527c2411df22d4663fe9d6d28d59caaaee904f167034557ba7c71e,KCQ,35479,4,True
2,361,6,6,KCQA,"(6, 6, 1, 0)",659,4,212,0f19f7a2b0463bebac468bded6ed7619be03b511aa495a8ac5fc1e206f55d206,KCQA,659,4,True
2,362,6,6,KCQA,"(6, 6, 1, 1)",1060,4,263,3d3a43b3c280d078d3b6584d2f8174f26f4e6c2ee0b63be6c47fc0d89b2e08ac,KCQA,1060,4,True
2,363,6,6,KCQA,"(6, 6, 1, 2)",1268,4,320,1e1f82b2253ad138e2ab7fd3fb7886523134c7b878eac08bb76988dbbf392e85,KCQA,1268,4,True
2,364,6,6,KCQA,"(6, 6, 1, 3)",1334,4,342,0d97bfa116681275b850415cccc2caf25279b192122c615d4232fdd0d1f65916,KCQA,1334,4,True
2,365,6,6,KCQA,"(6, 6, 1, 4)",1349,4,313,38e233a5afc961b45650fe2d2aa3cc1866b8b69147ad43c1b0916fbf1161c8aa,KCQA,1349,4,True
2,366,6,6,KCQ,"(6, 6, 1)",5675,4,1,5ccceeb138686867aa8fa862b5f68a5c4d51392319d4b52ad36f9d8043a18634,KCQ,5675,4,True
2,367,6,6,KCQ,"(6, 6, 2)",490,4,147,1f45e14fd94a54a0716f9b4c18ec31037afa70ee86d4d88fd3c1f6e0ca102d0a,KCQ,490,4,True
2,368,6,6,KCA,"(6, 6, 0)",7622,4,1,be8cbf7a05ca4c9173dc3c1a0fb012083be7cacacab0c46fa99de4faf2435f98,KCA,7622,4,True
2,369,6,6,KCA,"(6, 6, 1)",7464,4,4,d7a3095b7b3f50db4139ba72949ddbf5dc9b3f45100a33e52253d0d792a55d0e,KCA,7464,4,True
2,370,6,6,KCA,"(6, 6, 2)",7294,4,3,602ef366b5751864a90f953b26442dc3c86ec5817611346d24b2fffb18ea7405,KCA,7294,4,True
2,371,6,7,KCQA,"(6, 7, 0, 0)",6919,4,1726,576c75abc6c3d334ff0d0499b9b6ad79ae5368d86dc60e39041c67b7c6437f28,KCQA,6919,4,True
2,372,6,7,KCQA,"(6, 7, 0, 1)",6215,4,1560,c6fe1a836e5299cdacc65ed59b424674d3ffcea40f3022fd5eefa6b758f9d81d,KCQA,6215,4,True
2,373,6,7,KCQA,"(6, 7, 0, 2)",5731,4,1428,b179449a91fadc8908d8951134dcc9d74f374316e0d35c51d6a910e01865199c,KCQA,5731,4,True
2,374,6,7,KCQA,"(6, 7, 0, 3)",5376,4,1336,6ee491f715e025e528e4d7e3486811eac6f85bf6e191e8beb64b40b9ea831069,KCQA,5376,4,True
2,375,6,7,KCQA,"(6, 7, 0, 4)",5222,4,1297,04a9944c16a535d12afa5125957285730869febd6e561083870eb66cb4e89178,KCQA,5222,4,True
2,376,6,7,KCQA,"(6, 7, 0, 5)",5341,4,1407,ebdedd0014d63cdb3818f4a7831192784ef577610475b656f3bfe95ae7f667fb,KCQA,5341,4,True
2,377,6,7,KCQ,"(6, 7, 0)",34823,4,2,a1f6fe6da816c47138ab93a955ca5cf9602b29d4156fc3a57a5898741e4d5cda,KCQ,34823,4,True
2,378,6,7,KCQA,"(6, 7, 1, 0)",721,4,175,05b2eca485bd4a27a60fb25fbcf45a20985590162505ce466f3ab8cb428ad8fe,KCQA,721,4,True
2,379,6,7,KCQA,"(6, 7, 1, 1)",1134,4,288,f7b6f65d7e4291c1b51ec4cb1572fad25cbd92efef3a1080c24f4b3727e1fff4,KCQA,1134,4,True
2,380,6,7,KCQA,"(6, 7, 1, 2)",1427,4,363,df279820284b5a8053dcdb8897756c6143d38b48a44e35f1807b2eab79658f7d,KCQA,1427,4,True
2,381,6,7,KCQA,"(6, 7, 1, 3)",1505,4,382,52f4ebda13b1f039ee6d272de091787a63a58c690f31146ab28c1111415e077f,KCQA,1505,4,True
2,382,6,7,KCQA,"(6, 7, 1, 4)",1358,4,269,c39bc94f25ea8eebd2b2b45a976b6cfab47171c3a741481e213d34682152101f,KCQA,1358,4,True
2,383,6,7,KCQ,"(6, 7, 1)",6147,4,2,7129f78ba19adb870930bb01b0d190bb42763c8bdf3333bdd7cf10228123640c,KCQ,6147,4,True
2,384,6,7,KCQ,"(6, 7, 2)",622,4,100,a411fb6507b5b06b49df294374da66acb114574060e9ce111d5f991c72d4fc20,KCQ,622,4,True
2,385,6,7,KCQA,"(6, 7, 2, 3)",220,4,55,9008aafb20aea985c3acda796c6e1abbe8d7db5526b2526a7893d9b3ea87f2d5,KCQA,220,4,True
2,386,6,7,KCA,"(6, 7, 0)",7716,4,1,dcf2297bfee20f439175adf5d14e560ba8ec3f4ada68cc6176a2a9b6d0e2a037,KCA,7716,4,True
2,387,6,7,KCA,"(6, 7, 1)",7497,4,3,f6f1725154542f306714064bc951a104055c1c65502fa766685e588f7a4d489c,KCA,7497,4,True
2,388,6,7,KCA,"(6, 7, 2)",7369,4,5,d0d00253fe82d99c58afd2922e0ef8509fd6db0b6043b2bd8d281b9a5e1f8251,KCA,7369,4,True
2,389,6,8,KCQA,"(6, 8, 0, 0)",6911,4,1731,6f0732d03760cab7f4256bb281fa0b2ad562a8fb4798660ddb166dc687cb398a,KCQA,6911,4,True
2,390,6,8,KCQA,"(6, 8, 0, 1)",6201,4,1537,cc99c843d72bceb08c9542d0b2a24c66117ab580cd4ec73fccaa5c2e81618773,KCQA,6201,4,True
2,391,6,8,KCQA,"(6, 8, 0, 2)",5797,4,1426,ddca2298143a1424cea6c33bb96152b463a3f01a208c57c5f705062b5aea49f8,KCQA,5797,4,True
2,392,6,8,KCQA,"(6, 8, 0, 3)",5437,4,1349,ec5c007c8f8c458d8e8c8871e4280d992ac4711e63ae28cc1e20a708841a0e20,KCQA,5437,4,True
2,393,6,8,KCQA,"(6, 8, 0, 4)",5324,4,1320,c2a89fb30087ca361ade70ee11318868eb92ea5b11ac04046a7b058b56b7e847,KCQA,5324,4,True
2,394,6,8,KCQA,"(6, 8, 0, 5)",5428,4,1367,efcc1a45c9e0139aff6b36e53033d0dcb2647cda3a15681b32aab91390a5e1cf,KCQA,5428,4,True
2,395,6,8,KCQ,"(6, 8, 0)",35106,4,4,4cd92dc0be42bd4299cdd1e255d22063fdcb9334f41efbe979f1438a2f9cae30,KCQ,35106,4,True
2,396,6,8,KCQA,"(6, 8, 1, 0)",734,4,199,e5d1136ffd62ee0c689ba057fbc162873d38c982417a297a310513914db4149d,KCQA,734,4,True
2,397,6,8,KCQA,"(6, 8, 1, 1)",1079,4,298,14615fc317f86450f6ea5368821180b70a74b67f9bbc8d399b768edd707a2b89,KCQA,1079,4,True
2,398,6,8,KCQA,"(6, 8, 1, 2)",1357,4,347,98c5b19a22a6396e3ced08cf8423b2b5451d7b3ea3e6f372baa8365a3bdb2853,KCQA,1357,4,True
2,399,6,8,KCQA,"(6, 8, 1, 3)",1424,4,368,31963b3337d798bdbef8abea3c7d9f83f1d95517db7c43751db739041f2849f8,KCQA,1424,4,True
2,400,6,8,KCQA,"(6, 8, 1, 4)",1312,4,326,e0161a75d25e194835c7b182f02960f6885acf23829f8ca0ad1f0777bb6364e0,KCQA,1312,4,True
2,401,6,8,KCQ,"(6, 8, 2)",577,4,133,4ead68a19a882de4e6aac29454491bc14b504c4672137f7c05bf0344af273f74,KCQ,577,4,True
2,402,6,8,KCA,"(6, 8, 0)",7715,4,2,1d740538cf2742a763eeae41661c4d8c16e48d712855aed810604a9980abe11b,KCA,7715,4,True
2,403,6,8,KCA,"(6, 8, 1)",7434,4,3,db4f967fc93457dc14c7eaff3e00ee8cf6578167493ca2146eddae99ead71820,KCA,7434,4,True
2,404,6,8,KCA,"(6, 8, 2)",7354,4,5,813cf10026d2383c0529cd1f57c17b5a122100a277db7f21e4f579407d2e2f79,KCA,7354,4,True
2,405,7,1,KCA,"(7, 1, 1)",50138,4,12519,ca1392ac15be4e4fc9878506d503a67736f42d26458ee3a80456ae12efa0d2e3,KCA,50138,4,True
2,406,7,2,KCQA,"(7, 2, 0, 0)",1398,3,411,01158c7377fb5f01a2155e58c94c009e8c5ec9af816c16162a1b8c30bbdd815f,KCQA,1398,3,True
2,407,7,2,KCQA,"(7, 2, 0, 1)",2059,3,656,3e2d7b0dbd4ece4f08c9baccc75ae6dfb3d39078cc37e6be20bdfc3740174726,KCQA,2059,3,True
2,408,7,2,KCQA,"(7, 2, 0, 2)",1757,3,551,e1143c573078257dc87c4f460ecfff7c3f177accbeefc8376718b7cef8584daf,KCQA,1757,3,True
2,409,7,2,KCQA,"(7, 2, 1, 0)",276,3,71,de755a19d574890cfed22f5fea5c093fb391cac6d8e8da451d3b76fe79a5afc9,KCQA,276,3,True
2,410,7,2,KCQA,"(7, 2, 1, 1)",404,3,128,c454e77245cf7840fff967be395a4f29880222931104cad80e93673830817230,KCQA,404,3,True
2,411,7,2,KCQA,"(7, 2, 1, 2)",1998,3,653,a78f64cd95cfa3a5fa4c663fa41638a0060aa7a5dcb1dc398190807f9b7761ba,KCQA,1998,3,True
2,412,7,2,KCQ,"(7, 2, 2)",2212,3,26,505503a64511b95f400a8fbcd678569161066f1048e3743c66ba2237d6b73d8a,KCQ,2212,3,True
2,413,7,2,KCQA,"(7, 2, 2, 2)",2083,3,667,e8afd6b78ce9ccdf34a90c9a4e9b59e46dc5fe65adae6212d398c8d49f7d7b8b,KCQA,2083,3,True
2,414,7,2,KCQ,"(7, 2, 3)",2144,3,4,b383305af8f1b99b8908079db866dbd347b709de29a7acd4f856b45e1fb044c0,KCQ,2144,3,True
2,415,7,2,KCQA,"(7, 2, 3, 2)",2122,3,670,1ffd45f46ffab1bc593b014277cd154b7c826d0ad5dfff1755a75bb9fdff4107,KCQA,2122,3,True
2,416,7,2,KCQA,"(7, 2, 4, 2)",2099,3,655,480cab9303d136b7ba79f3766c792d9d59f08b8fd79b95b923578c0ad417d48e,KCQA,2099,3,True
2,417,7,2,KCA,"(7, 2, 2)",45827,4,613,2d10725a2518e076d736e6a253f93c38fc21c21c387cf41f31d161c8041b64b7,KCA,45827,4,True
2,418,7,2,KCQA,"(7, 2, 11, 2)",239,4,180,c09e0ea1a0986c47633481a2f2ddac68db593c5de34116157f8525511ac0a0b1,KCQA,239,4,True
2,419,7,2,KCQA,"(7, 2, 12, 2)",310,4,167,a0716ae735f9ecd4200247311f17b7095edf8302266ff25058c37d093c221729,KCQA,310,4,True
2,420,7,2,KCQA,"(7, 2, 13, 2)",401,4,135,adc3f15c5d0febde01e949cc7b6990e4fd18d1447a19c0d0f0cf3e200008ba39,KCQA,401,4,True
2,421,7,2,KCQA,"(7, 2, 14, 2)",455,4,110,8b5a0de9387d76bbbc312e4b83a7099be678bd202b59b70ca15e1b8bd1ac83cf,KCQA,455,4,True
2,422,7,2,KCQA,"(7, 2, 15, 2)",484,4,105,64036bd834fb51ecb52166754de1bfed0ba114e28b296b9bbf56a8979c024928,KCQA,484,4,True
2,423,7,2,KCQA,"(7, 2, 16, 2)",497,4,112,8b60efd1a37ce828a81733a3e3e63c429dffaf430c90e8830bcc00b41228bd61,KCQA,497,4,True
2,424,7,2,KCQA,"(7, 2, 17, 2)",490,4,127,b70f25dd462463b6fea1ab42a9030bffe86798bfbe0cb6b09299a1c5c6caa3f6,KCQA,490,4,True
2,425,7,2,KCQA,"(7, 2, 18, 2)",485,4,120,d53acb3a35ebdb8938322bd34876b4dea8df03cb71d4fc0b2cbcfcd6772e8e1e,KCQA,485,4,True
2,426,7,2,KCQA,"(7, 2, 19, 2)",524,4,114,698890718b8e2b3481555cc9b77cf7f476ce95cdd321ee2f521511aa26340c16,KCQA,524,4,True
2,427,7,2,KCQA,"(7, 2, 20, 2)",636,4,92,873aafaea4ca037d6c37d26ac59b27e0d2f4be25c9fdaf4e5bf0f6ce41b30cfc,KCQA,636,4,True
2,428,7,2,KCQA,"(7, 2, 21, 2)",769,4,69,de9a4cf12088ee7358c82f549458c6bb8609ee53eecd8880080e1d7481a9ef35,KCQA,769,4,True
2,429,7,2,KCQA,"(7, 2, 22, 2)",898,4,61,a59cecc3c478b87e25f2df7b046bf7e7d8c2ce54af0f2f4da69181f6b0565de5,KCQA,898,4,True
2,430,7,2,KCQA,"(7, 2, 23, 2)",1064,4,65,1acd82b712d2336cb0fca905c228fbab0d27437efba78f53c1c678199960750a,KCQA,1064,4,True
2,431,7,2,KCQA,"(7, 2, 24, 2)",1170,4,86,2b3f7d4ede45f6891c7999fdc04c6e053d419096aaa89904f932225b782c384a,KCQA,1170,4,True
2,432,7,2,KCQA,"(7, 2, 25, 2)",1145,4,104,dd24d07a2ac9e4a6ae03238685b6501fd5160cf52c2310db07f54cea61f1c239,KCQA,1145,4,True
2,433,7,2,KCQA,"(7, 2, 26, 2)",1074,4,115,624331a9b6c539c6cd180561d9386743ac3bceab4da37c452a9c441d24d3789c,KCQA,1074,4,True
2,434,7,2,KCQA,"(7, 2, 27, 2)",1071,4,123,1952d66d6afcb0dea837c6caaf9b77cab7cb9b170ff5762bb44f285322236fef,KCQA,1071,4,True
2,435,7,2,KCQA,"(7, 2, 28, 2)",1060,4,131,e5908a83e52bde616ce804f2de3947e592aa2145ec8d0bc705c67e68d7765f73,KCQA,1060,4,True
2,436,7,2,KCQA,"(7, 2, 29, 2)",1017,4,122,4b11a622273990fd3ebbb8c7a272fa29f80d21d5d0ab8e16b0c17f41ce0e1b6a,KCQA,1017,4,True
2,437,7,2,KCQA,"(7, 2, 30, 2)",985,4,107,a33a0ab5b7b6dcca6bb0167a228626de9d508d8cdff90f7b23520ec14bbb531e,KCQA,985,4,True
2,438,7,2,KCQA,"(7, 2, 31, 2)",941,4,85,e2c9dbb1c958803f59b75821802cfa2828c10f067a3654aacb19a002eae93c3a,KCQA,941,4,True
2,439,7,2,KCQA,"(7, 2, 32, 2)",833,4,60,93f7020e4b70e285bb02287f08db1a2d0c7b23f880a581ec35b5086ec83e390b,KCQA,833,4,True
2,440,7,2,KCQA,"(7, 2, 33, 2)",716,4,56,4633f6f18a33569e4a006295ce16da6851437aec8f9da6724356b84175b303cd,KCQA,716,4,True
2,441,7,2,KCQA,"(7, 2, 34, 2)",625,4,59,798091c97dfb48133d5a04c9fc6fc4536769a3c04520a45d13b422201d29f61b,KCQA,625,4,True
2,442,7,2,KCQA,"(7, 2, 35, 2)",593,4,90,46d4a8e5424a1fcbca3b47d614c2bb9a6957392dad9dca5be3e51f639b007f5e,KCQA,593,4,True
2,443,7,2,KCQA,"(7, 2, 36, 2)",569,4,150,83ee75abffc2a22bee6c23e2c0ee858a26dbf31eb7efefe560deee2502a41003,KCQA,569,4,True
2,444,7,2,KCQA,"(7, 2, 37, 2)",612,4,213,2f286eeb3d68cc101200328db556c8fd36056fed9dff1a9c8dfc48354f267ef4,KCQA,612,4,True
2,445,7,2,KCQA,"(7, 2, 38, 2)",667,4,267,25cd804137ce2752a385512bec7416caeb1f9725bdc4ead6f88e73491fa8ca99,KCQA,667,4,True
2,446,7,2,KCQA,"(7, 2, 39, 2)",746,4,320,d000856600dcd6d7bfd85d0837e67402d0b70cf9e31e61de9a3aa5dbc617c138,KCQA,746,4,True
2,447,7,2,KCQA,"(7, 2, 40, 2)",910,4,357,f2e3ebc261af11108ee7b4f9366cecabf7d8be9e64c08f6e6723479750d90ced,KCQA,910,4,True
2,448,7,2,KCQA,"(7, 2, 41, 2)",1092,4,380,57c4d6772d86c0cd0facc369bd15d21d78fc8bab4ca834e28d24ef5e3dfaa517,KCQA,1092,4,True
2,449,7,2,KCQA,"(7, 2, 42, 2)",1247,4,390,dc5a0b2da80c2c493e6b4a11e8830f833ad4da35aa872fbd8375dd7799d53178,KCQA,1247,4,True
2,450,7,2,KCQA,"(7, 2, 43, 2)",1450,4,391,db94f182c65c4465e22d6d8c69959687930da457f932e232959896ac0f11a3c2,KCQA,1450,4,True
2,451,7,2,KCQA,"(7, 2, 44, 2)",1516,4,394,92bab9cd680056ec911aa8fc0fde0daae47eeead3c32eb970c0eaa20edd103ae,KCQA,1516,4,True
2,452,7,2,KCQA,"(7, 2, 45, 2)",1509,4,391,c343a645178bac8772126ca2ac5f37071f197fb1907b505a8a2ea4436cdbcfdb,KCQA,1509,4,True
2,453,7,2,KCQA,"(7, 2, 46, 2)",1396,4,364,bfa016c321f86590b94d04f0741efe4eef5d00471d50f9ef30e9ce1098b3e2d3,KCQA,1396,4,True
2,454,7,2,KCQA,"(7, 2, 47, 2)",1221,4,313,e3184ff3d3fa341d640338fc5a83030e910f4865e186dcbfb3128d9a65f4dc1b,KCQA,1221,4,True
2,455,7,2,KCQA,"(7, 2, 48, 2)",1006,4,281,fed3b8fbb73a796d820f7111423d9e4ce9d1e5424d7e0c6c2471eddfb2d58bb6,KCQA,1006,4,True
2,456,7,2,KCQA,"(7, 2, 49, 2)",801,4,244,dd6d8e1b06e81ffb9976477e84d474d52e9296c53e5cf916a4b296b7c87ce69c,KCQA,801,4,True
2,457,7,2,KCQA,"(7, 2, 50, 2)",562,4,188,988867056dbb6d932a3750ea0e19f28806c9f459cde0ca77557a336f123b2aec,KCQA,562,4,True
2,458,7,2,KCQA,"(7, 2, 51, 2)",376,4,113,3f142802f811f017d9ed95569201ada5d26e6c4d22a7eee2770ef70001fb686f,KCQA,376,4,True
2,459,7,2,KCQA,"(7, 2, 52, 2)",283,4,80,151f0f52884836fbff60e229b2ff87a07b0c9c8fdfd939f0b9631e417acecd94,KCQA,283,4,True
2,460,7,3,KCQA,"(7, 3, 0, 0)",4306,4,1287,57a170190d8fc6ea8becc9221bca4650e1e49bfdd397af6ec0dfeb3264399eb9,KCQA,4306,4,True
2,461,7,3,KCQA,"(7, 3, 0, 1)",5706,4,1582,6ab6f86a3fb02485c6e014bb2f405313f28773e35dd1ea7ecf034006653720ca,KCQA,5706,4,True
2,462,7,3,KCQA,"(7, 3, 0, 2)",4710,4,1338,60c5849b31646b0dceac55b86a75b8274ba59b9ade7a1e35a38ccaf9d8cd8fc6,KCQA,4710,4,True
2,463,7,3,KCQA,"(7, 3, 0, 3)",4556,4,1299,ee838b2e4beb2496c6267b8a38e2282d0ce34c91fa4d67a5d5e1b28524453ee1,KCQA,4556,4,True
2,464,7,3,KCQA,"(7, 3, 1, 0)",893,4,263,e434b551c911a5fc23ffb22f39104421b90320766e50348c23a0965955313367,KCQA,893,4,True
2,465,7,3,KCQA,"(7, 3, 1, 1)",1497,4,420,0a31b6c8c1a2c7d47ab6175dee10fb6960dd89938b932586770e9f472e615afe,KCQA,1497,4,True
2,466,7,3,KCQA,"(7, 3, 1, 2)",1447,4,395,edb573847690bb03d02950f6b607509cf967c79b972fb16148c78c46ac0b4abc,KCQA,1447,4,True
2,467,7,3,KCQA,"(7, 3, 1, 3)",5742,4,1595,b428919b3e8bb5f4c518c1554382dc04eb87454532dd7ce08900230c35d03770,KCQA,5742,4,True
2,468,7,3,KCQ,"(7, 3, 2)",6909,4,30,09d636ba07afd5c95cbb2d9b47d28a96462a78a548cd35bb82ab0ebf91c65ad3,KCQ,6909,4,True
2,469,7,3,KCQA,"(7, 3, 2, 1)",224,4,63,b692a35ae6806fc09f9abf530210cb93ffa10c18accbe314dd36290c8f14d05a,KCQA,224,4,True
2,470,7,3,KCQA,"(7, 3, 2, 2)",450,4,120,3318581eaee4235e38c32aec1733a1f6d8bdc2d15d2aa42e507f721465d7c105,KCQA,450,4,True
2,471,7,3,KCQA,"(7, 3, 2, 3)",6095,4,1693,752dad46a56f6322f19765214aa983a699d3d4c22019b5ac75493b8a1cf48192,KCQA,6095,4,True
2,472,7,3,KCQ,"(7, 3, 3)",6253,4,46,85f83b1bd5171606e61cd2f8b788d46ca2dc7695c3ee681da8a0f20665f8a35f,KCQ,6253,4,True
2,473,7,3,KCQA,"(7, 3, 3, 3)",6094,4,1717,4f3e5931b80ea5d2589c46dfd08ac54c88aad17e18748c3920af9caaaf7cb236,KCQA,6094,4,True
2,474,7,3,KCQ,"(7, 3, 4)",231,4,5,7eb535a1e04f87742f2009240034aca13bdd6ca78eed5ef13341a42d9fd349d6,KCQ,231,4,True
2,475,7,3,KCQA,"(7, 3, 4, 3)",204,4,35,6adc9e9fbe6de5d626c21e3e34a80fca10b4e10a44b24496266635263330facf,KCQA,204,4,True
2,476,7,3,KCA,"(7, 3, 3)",30569,4,351,6cdeed48c7b49bc97b79ff80bd97e56e7d3ce0b8a462694b0ff27df4b4483d65,KCA,30569,4,True
2,477,7,3,KCQA,"(7, 3, 13, 3)",200,4,15,d521abb570bef769d61ed91bfb3b90c4839307aa1a7b481a0890aa3347be9fea,KCQA,200,4,True
2,478,7,3,KCQA,"(7, 3, 14, 3)",220,4,13,829841346a96a8599991f1b16cbdc551bf7b72de2b89913be657676dd5e4978f,KCQA,220,4,True
2,479,7,3,KCQA,"(7, 3, 15, 3)",249,4,12,c7f51c7e0a32ded525147ef6c40566fb5665d5a22d348c2d69afffef321b2a5c,KCQA,249,4,True
2,480,7,3,KCQA,"(7, 3, 16, 3)",293,4,17,329cadd9be6026efcd48357753e47630db4170e47b05b06cea6b18de3440f40d,KCQA,293,4,True
2,481,7,3,KCQA,"(7, 3, 17, 3)",314,4,20,9c39d1197737a86b014454d2f9836fd7a8bb57f5f8cf90d7b7cd96ea65cffe7f,KCQA,314,4,True
2,482,7,3,KCQA,"(7, 3, 18, 3)",361,4,18,b694970069b969b7f6a04cdf95787643c3bde527776da2b57babab70d98d66af,KCQA,361,4,True
2,483,7,3,KCQA,"(7, 3, 19, 3)",389,4,21,59efe036077927b5e2e0fb505a0b877eb1cca5fc7eab51a06b91d055d54923ab,KCQA,389,4,True
2,484,7,3,KCQA,"(7, 3, 20, 3)",408,4,24,a16fd5fab12a5d5e2196b0a9c60fd2318d63515583eec0cb965cb93f6626e2fc,KCQA,408,4,True
2,485,7,3,KCQA,"(7, 3, 21, 3)",422,4,19,348f33e8323f74a3250fa89e35edaea3fdaa5922b5fdb7b87be2e789948f8fa3,KCQA,422,4,True
2,486,7,3,KCQA,"(7, 3, 22, 3)",401,4,19,d505f3bc36055bfc1acda1042754b29e9b655fcebbc92d505e40aec348fc5068,KCQA,401,4,True
2,487,7,3,KCQA,"(7, 3, 23, 3)",350,4,12,a50c232e9e58228b221ea961b249aa745b6055c4260fbafad9ae94c7d97d71ad,KCQA,350,4,True
2,488,7,3,KCQA,"(7, 3, 24, 3)",315,4,14,dcbea3ac186e20c157595c3fbef3d92d2e8425864037d077f05e780f6e6ccf9c,KCQA,315,4,True
2,489,7,3,KCQA,"(7, 3, 25, 3)",297,4,10,7201c10f73cc720fa4e1ccddf28e9dd5a07e2e121df4a4bbf8840c78b660c7c7,KCQA,297,4,True
2,490,7,3,KCQA,"(7, 3, 26, 3)",294,4,9,3a34beaf7d4a8d7ccb217231b0a9d5517388c6e6af8eca95ce63798b1436c6b7,KCQA,294,4,True
2,491,7,3,KCQA,"(7, 3, 27, 3)",299,4,11,763b2c5a943a8907a240f9299b880dbae291bdc3946bca3ee4d3eef919b477a7,KCQA,299,4,True
2,492,7,3,KCQA,"(7, 3, 28, 3)",305,4,13,1da2d6a3d412239e006f13a3e68b251a0850a18967e803341966afa1da68b7d1,KCQA,305,4,True
2,493,7,3,KCQA,"(7, 3, 29, 3)",302,4,12,0a9a3754c346b62b0bfbbc6456f620011c949cb3a8e6fdf0b702f9a920fbaea8,KCQA,302,4,True
2,494,7,3,KCQA,"(7, 3, 30, 3)",270,4,12,80a58fbb40d2dcc6515e3e42fee14fe69a0cf7dc34c3baeda9f55f3152d6d4c2,KCQA,270,4,True
2,495,7,3,KCQA,"(7, 3, 31, 3)",242,4,13,b9e498bca6b046ebdd7429e0b6356303f51fcc5683dde7886e84802eeed96510,KCQA,242,4,True
2,496,7,4,KCQA,"(7, 4, 0, 0)",5516,4,1409,e7c5e7c1c02fefc4e65422845377d484231dabea96946d7d6cfc495c5319d5a9,KCQA,5516,4,True
2,497,7,4,KCQA,"(7, 4, 0, 1)",5300,4,1357,6cea15f15a9cbf064d5f22803b230c2f122e7c4657be2ac0df680be63277cbef,KCQA,5300,4,True
2,498,7,4,KCQA,"(7, 4, 0, 2)",5336,4,1390,2a9399c48a281d0f730e1934b457e25907fe926436ce26c33c08d80b622c7ac9,KCQA,5336,4,True
2,499,7,4,KCQA,"(7, 4, 0, 3)",5744,4,1392,46d140d2356e2863e498deb9204347d468aabfeb80795234cf280d2da92b194a,KCQA,5744,4,True
2,500,7,4,KCQA,"(7, 4, 0, 4)",5391,4,1392,d324b7792aeaa13ffe344b48f21aa6957054dd9b37a6bddddc5cbc7c6f4c199d,KCQA,5391,4,True
2,501,7,4,KCQA,"(7, 4, 1, 0)",1098,4,278,eae69e670556a861ca5c775fb2d9e2cd200cf5ac652025bd4bd21b34c6e3f842,KCQA,1098,4,True
2,502,7,4,KCQA,"(7, 4, 1, 1)",1443,4,348,5ce32ae1f0101c9ea5b561136e8cfc3b6b1cee1cc7041e88ced8bb9ce7959196,KCQA,1443,4,True
2,503,7,4,KCQA,"(7, 4, 1, 2)",1504,4,391,b4772024e9719e2d01f4cc5f8430406d9e76d7cdd734e3e05d27530a035b7a7b,KCQA,1504,4,True
2,504,7,4,KCQA,"(7, 4, 1, 3)",1599,4,340,fd62f31926f4ff34b9358d078c33c8abf705ff4fd4ed9b600cdd6a22eaeb170a,KCQA,1599,4,True
2,505,7,4,KCQA,"(7, 4, 1, 4)",6619,4,1676,c54cd2c9d131e78df34b3fb1d6099db3dfcb3e97e33d57d612fe2e037a121016,KCQA,6619,4,True
2,506,7,4,KCQ,"(7, 4, 2)",7895,4,33,958722e33962385b47b7cdcd9ab99b48b24b8ae9151da91ab21083c9b83cf142,KCQ,7895,4,True
2,507,7,4,KCQA,"(7, 4, 2, 1)",240,4,47,105cee28dc84e34318351cbb9bc6f3673abeabef6f74444d8790c9fe647be2be,KCQA,240,4,True
2,508,7,4,KCQA,"(7, 4, 2, 2)",225,4,67,e63dfb6e47f097bfa92fe2edb8286f821fceb89e8822e1ae7b9d2ba1d61af778,KCQA,225,4,True
2,509,7,4,KCQA,"(7, 4, 2, 3)",448,4,108,15e2b479e92a08d176a0e5406d5190cf092ffb75a01d19500de9ab2a4f8dcbbb,KCQA,448,4,True
2,510,7,4,KCQA,"(7, 4, 2, 4)",6847,4,1731,98f11326c2fa8002be6f3c61ff34158043204f9531e7e43a16a2e0c263358ba0,KCQA,6847,4,True
2,511,7,4,KCQ,"(7, 4, 3)",309,4,93,5c1e18e081895341e3ec175972487d92d9d96eca09f1cdedb63c9df40357c71f,KCQ,309,4,True
2,512,7,4,KCA,"(7, 4, 2)",7095,4,1,644b5df91e169ee950e290740bd185ba287da3520057373f255941b59f510019,KCA,7095,4,True
2,513,7,4,KCA,"(7, 4, 3)",7883,4,1,b5e1149848cf218e48f722facd5cccdc3764d560037b02254e906b2febcd290e,KCA,7883,4,True
2,514,7,4,KCA,"(7, 4, 4)",20981,4,253,92c1442bffdf08569e01da59e2044962c8faf74135bd9ccd153879906e0b7398,KCA,20981,4,True
2,515,7,5,KCQA,"(7, 5, 0, 0)",4436,4,1004,ae552a6f5f8cae0375c4f4b7250481fff67d40e0369c1f5aeca69117da9b4349,KCQA,4436,4,True
2,516,7,5,KCQA,"(7, 5, 0, 1)",5111,4,1191,6445636a401aebfa0b4c0125a6a04b572b5fb2e9588fafc8f270cc3a312b8262,KCQA,5111,4,True
2,517,7,5,KCQA,"(7, 5, 0, 2)",5669,4,1366,93032de5b6f91263eeb48c5a6ce358aefb7285b585237889fd8bc74412198f24,KCQA,5669,4,True
2,518,7,5,KCQA,"(7, 5, 0, 3)",5049,4,1226,dc3093b28c56b1f57ba2b24e3537a8506231cd9fca670d6271103aea81e6cadd,KCQA,5049,4,True
2,519,7,5,KCQA,"(7, 5, 0, 4)",5225,4,1260,626426237a389064aa353e3c8000f259d290459a5e437a1a686a200d8a63c09c,KCQA,5225,4,True
2,520,7,5,KCQA,"(7, 5, 0, 5)",5486,4,1343,35758df156f769d785c65512a01132f09964ef2ba286b21b65cc4edfe5ab839f,KCQA,5486,4,True
2,521,7,5,KCQA,"(7, 5, 1, 0)",1015,4,263,584f73d6aeb1b2f22f90872fd0239f5b2a0d445ff4567ab27b329f08e0f309f9,KCQA,1015,4,True
2,522,7,5,KCQA,"(7, 5, 1, 1)",1405,4,396,f2e4709a0b83d8bd53f58152c8653af1772bdc80d69ebcde1aca270a6e0c9603,KCQA,1405,4,True
2,523,7,5,KCQA,"(7, 5, 1, 2)",1788,4,494,8b2ac58c59e5de7560226b36c8639833c63ea5392ca490603b172a55390195aa,KCQA,1788,4,True
2,524,7,5,KCQA,"(7, 5, 1, 3)",1577,4,423,492ba82faf3c8d2c48f8ef7cba645a2214c2bebead7b926578106c623eec4798,KCQA,1577,4,True
2,525,7,5,KCQA,"(7, 5, 1, 4)",1299,4,354,2d62b4ada8f9c4b3fbf26554bfe8cbc1b7c265acff02bdd4c7b3ac1420d38d80,KCQA,1299,4,True
2,526,7,5,KCQA,"(7, 5, 1, 5)",6678,4,1680,0526e7f9c2245bad5ac081770fe36fbe79192df138771f5d9ae01cbb7b3f5d8a,KCQA,6678,4,True
2,527,7,5,KCQ,"(7, 5, 2)",1801,4,55,fdc53f8b0d34abf0bcb3165ea64414d70219c4b3979f4b29cef0f8e5e76f46c6,KCQ,1801,4,True
2,528,7,5,KCQA,"(7, 5, 2, 1)",244,4,73,8ac56765fc55edcf9aabc125b022475fda6f814c40471da192ec66492058e715,KCQA,244,4,True
2,529,7,5,KCQA,"(7, 5, 2, 2)",247,4,80,f792eeb5caf806158d7a10213b430921dbccb7a47dd668dbfa4ecc82030c00ef,KCQA,247,4,True
2,530,7,5,KCQA,"(7, 5, 2, 3)",216,4,55,c7225e7bd085a328a56caf36ef1818ba65cc04dd64a6ff11617a2f587af411fa,KCQA,216,4,True
2,531,7,5,KCQA,"(7, 5, 2, 4)",276,4,70,8fee4e1b9c6671b05937a9a106fb862d05c096791aa379c96f05ffbcfb292775,KCQA,276,4,True
2,532,7,5,KCQA,"(7, 5, 2, 5)",681,4,220,22d4b977f6ad3abfd04ba89144dfb7663106037b81d5d4de9c181550ad415d6e,KCQA,681,4,True
2,533,7,5,KCQ,"(7, 5, 3)",272,4,113,5a79568e283b8b3f5691f05af170b9e9f79215c0765cbdfa5f3fbd4cbc8f848e,KCQ,272,4,True
2,534,7,5,KCA,"(7, 5, 2)",7724,4,2,a78f7be8220286c78f0739f207fcf503a98f22d475b1052f904095f02e1fe3b8,KCA,7724,4,True
2,535,7,6,KCQA,"(7, 6, 0, 0)",3665,4,906,8ad48b632d53bd255a933ad9f00ea526f74bc297786261aa781bed13ee023db2,KCQA,3665,4,True
2,536,7,6,KCQA,"(7, 6, 0, 1)",6353,4,1578,065da891e164914f3293dcc0d0ba6cf69b0f7e6d09a4f7addc0beeb73fe8411a,KCQA,6353,4,True
2,537,7,6,KCQA,"(7, 6, 0, 2)",5343,4,1310,9686bd9dbd394e96aaf71b34e409e07898483aa884528576a55373e353605481,KCQA,5343,4,True
2,538,7,6,KCQA,"(7, 6, 0, 3)",4899,4,1225,aeb00640c15e38782f689d44ec2df19aa0a455f950c44ed27b5e38c8fa6887ae,KCQA,4899,4,True
2,539,7,6,KCQA,"(7, 6, 0, 4)",4881,4,1176,57b3d7d8f49694cfe0ddf35920d03e3b71d724d7d34fbb7aed163bfc308f97f9,KCQA,4881,4,True
2,540,7,6,KCQA,"(7, 6, 0, 5)",5054,4,1209,27e341a709cdd188e31ab21d8497dad1591851d8309cc30d40ce1c73ba7253ab,KCQA,5054,4,True
2,541,7,6,KCQA,"(7, 6, 0, 6)",5509,4,1357,a4cb2582798be211185fa1926261394800045482450745d8632d13cfb3f54676,KCQA,5509,4,True
2,542,7,6,KCQA,"(7, 6, 1, 0)",920,4,233,ecfb77d424a700c50e9623f4119e7c0642926f260947ec5add839e706d7ad4b4,KCQA,920,4,True
2,543,7,6,KCQA,"(7, 6, 1, 1)",1622,4,424,439cb7095d525eef128e9e80fe45bd4aef2936635e49e883cc3e552ba6b00e0a,KCQA,1622,4,True
2,544,7,6,KCQA,"(7, 6, 1, 2)",1703,4,433,f030bce28dcbb944848d228c19c5e7fae0ebfde8f5ee1e000a87fbace8e96368,KCQA,1703,4,True
2,545,7,6,KCQA,"(7, 6, 1, 3)",1600,4,416,bf45e78b6a2f41e6def908420a5c2764e6a5f2c39825647baf6f65c6df4f9db9,KCQA,1600,4,True
2,546,7,6,KCQA,"(7, 6, 1, 4)",1407,4,376,99e3849a428f630a3e81f1c5642d8bea44219c72ed05804e59d0ced931c350a0,KCQA,1407,4,True
2,547,7,6,KCQA,"(7, 6, 1, 5)",1007,4,259,3432dfd52dd5e43082839069b40d5fd96f8eaa744893001d73a61c1293d58960,KCQA,1007,4,True
2,548,7,6,KCQA,"(7, 6, 1, 6)",402,4,112,ad735fde9af56942fab1f9487215bdd8e2cfcfa61f0b6f89e54f2c6e29bca244,KCQA,402,4,True
2,549,7,6,KCQ,"(7, 6, 2)",1130,4,83,11a7e1cb9a04db501cbdbdb8251d79c4ca48edaa8bc19d5fa511e1f7212a9c9a,KCQ,1130,4,True
2,550,7,6,KCQA,"(7, 6, 2, 1)",274,4,69,969ef4d629693f2a41736e75ab1f1d7a088c92fee1a87f94b85d444422d2d3d9,KCQA,274,4,True
2,551,7,6,KCQA,"(7, 6, 2, 2)",304,4,79,28e8041ea1192e74f258bfa55af612384465e47c1c308242f251acf9c489cae4,KCQA,304,4,True
2,552,7,6,KCQA,"(7, 6, 2, 3)",257,4,83,4f23ee8d84d4fa20bc4ccc67471ddca57d123bf7e624df32aab71af23a56e646,KCQA,257,4,True
2,553,7,6,KCA,"(7, 6, 0)",4738,4,3,184d5936e0d0aa7d5671ed53cea7e8d805d360f2975255ea02ff81f8db9a7ed1,KCA,4738,4,True
2,554,7,6,KCA,"(7, 6, 1)",8290,4,10,a1ba4228f94a1ab4ba55d9ef88cd7d807f581d0cec275a32422b3fd846be8573,KCA,8290,4,True
2,555,7,6,KCA,"(7, 6, 2)",7379,4,11,cb4e4dc4491f6a6ce1f4df4e77d5cd0696ecb161e6063f10f5d9754e217899a4,KCA,7379,4,True
2,556,7,6,KCA,"(7, 6, 3)",6778,4,11,8df6ae86f9e91efc3d6c006008d4f9023aef90ea5ca5d2195e18608f3b739fac,KCA,6778,4,True
2,557,7,6,KCA,"(7, 6, 4)",6423,4,2,e9307a44e3ee1f6994fb80af8b6059a08c17a5cf4aeec5610833cf282e6359b0,KCA,6423,4,True
2,558,7,7,KCQA,"(7, 7, 0, 0)",2288,4,610,eb65aeb88fbfa82d0a2eb48498e8ab39f1833bcb48b00ac7705ecc441c170596,KCQA,2288,4,True
2,559,7,7,KCQA,"(7, 7, 0, 1)",3941,4,1016,03082f151dd0c28c54363cec8c83ce70c4a91ac6fda583bf51fd66050c023b3c,KCQA,3941,4,True
2,560,7,7,KCQA,"(7, 7, 0, 2)",5073,4,1314,d6cf290e7b641f5423497a6771d8d017ba96841fcb2deef68095cd68912a1473,KCQA,5073,4,True
2,561,7,7,KCQA,"(7, 7, 0, 3)",5653,4,1379,64550419b50c159c64835b2a39988e94c879af043085ad8798e06e2b5e311de3,KCQA,5653,4,True
2,562,7,7,KCQA,"(7, 7, 0, 4)",5759,4,1469,611ec1154ccfd2bd42897831e78e7c11301c9af87c881401d34ca58a51728c15,KCQA,5759,4,True
2,563,7,7,KCQA,"(7, 7, 0, 5)",6020,4,1477,24757d148b01cb341a41718ece1dd2d907bc2858f65d49d632d944fc886ba136,KCQA,6020,4,True
2,564,7,7,KCQA,"(7, 7, 0, 6)",6245,4,1508,c6c9287fd32ccd4025902dc3e7f271b83ab31820d816f37d424740001446822a,KCQA,6245,4,True
2,565,7,7,KCQA,"(7, 7, 0, 7)",870,4,227,d8d5c02a99dac180d6aa66d1cb4d362c94f478dab93a844f657f723e96fa19a4,KCQA,870,4,True
2,566,7,7,KCQA,"(7, 7, 1, 0)",560,4,146,8ad2ba733eff560fa7835641897c34c4200db6788f59036e34d6e2a31abacc1f,KCQA,560,4,True
2,567,7,7,KCQA,"(7, 7, 1, 1)",1134,4,256,b90d3fd80018c8552c8baf7cd5ca0df2d22aa5721cc445b9d4e531180ff9f976,KCQA,1134,4,True
2,568,7,7,KCQA,"(7, 7, 1, 2)",1510,4,377,b3cccf9a1e87dc626bb2a17d41774cbcd56b9b6a93991116ec83f21034fe4c28,KCQA,1510,4,True
2,569,7,7,KCQA,"(7, 7, 1, 3)",1691,4,399,fee97f53d2d6bd405148d6688018643bea70a8fc42327191aab14e798bd6f6fd,KCQA,1691,4,True
2,570,7,7,KCQA,"(7, 7, 1, 4)",1598,4,424,f5027f2a568ae61ad1fa5887eb5a76bee37337ec278791cb695edacd58ce48bb,KCQA,1598,4,True
2,571,7,7,KCQA,"(7, 7, 1, 5)",1199,4,346,7651bb9cc4e10068c3cddd8fd0a7b8a1a0f0ec49a40b37a0d924da1c084930bb,KCQA,1199,4,True
2,572,7,7,KCQ,"(7, 7, 1)",8187,4,38,0232ecb1c9647a13bed03708948d5ca6519b63ee2c26ae9b9b50859ae6cbde9e,KCQ,8187,4,True
2,573,7,7,KCQA,"(7, 7, 1, 7)",360,4,86,3371ce0748c9c772b3859c7ea8482edba6a6d24e7c8383420aff4b568d21d241,KCQA,360,4,True
2,574,7,7,KCQ,"(7, 7, 2)",1264,4,67,df7f9f6a807832a9dbd7b3863c9f806c77f5da9a749d5e553e092725c611b4cf,KCQ,1264,4,True
2,575,7,7,KCQA,"(7, 7, 2, 1)",201,4,52,544289ba464dc3141348b46f2003fa6d1938931e27e4c308010d1abd661584da,KCQA,201,4,True
2,576,7,7,KCQA,"(7, 7, 2, 2)",266,4,86,a8fccdf36c59ca08b803ad79d16268bf2f4c28d881e8d1ee4524e56cdde896ca,KCQA,266,4,True
2,577,7,7,KCQA,"(7, 7, 2, 3)",318,4,79,e86c74d61bd6cf6e4bb91d10436b9d84da9d40a07007faf9032f3b6af1ee1aed,KCQA,318,4,True
2,578,7,7,KCQA,"(7, 7, 2, 4)",213,4,62,9e652ccffcff55cb9778defbc189e23bfe5433f96df57dab0bb7b04784aa4bbf,KCQA,213,4,True
2,579,7,7,KCA,"(7, 7, 0)",2950,4,4,c0eb77be75e06e96fefc7dd0e81eecd9193264031586698cbf1280e54292214d,KCA,2950,4,True
2,580,7,7,KCA,"(7, 7, 1)",5303,4,7,b42187e5cf607660db942b70043381f94cbfe7f26e069bb179f099374d3b760a,KCA,5303,4,True
2,581,7,7,KCA,"(7, 7, 2)",6880,4,11,126be513dc5a655d9ed10fb48f22ae99753933ec306ecef5716ab6a58b161f2e,KCA,6880,4,True
2,582,7,7,KCA,"(7, 7, 3)",7694,4,12,4c673b04ce3d1aa3a72be80924092f2993724c1d7dc49c52c8f930398ba69696,KCA,7694,4,True
2,583,7,7,KCA,"(7, 7, 7)",1444,4,34,e2605fb415549263b4afbff12d05701c29ebb07fb432ebc6ddec7837e826509d,KCA,1444,4,True
2,584,7,8,KCQA,"(7, 8, 0, 0)",2335,4,665,49de556fa83efd3b1cde89c5382b1d786ab1afa7f4a977c785ff42b114d70613,KCQA,2335,4,True
2,585,7,8,KCQA,"(7, 8, 0, 1)",4135,4,1168,238c44c35b6ce07108aa891dc12806ee6c9dad277ff47ad4ab254da0b2054fe7,KCQA,4135,4,True
2,586,7,8,KCQA,"(7, 8, 0, 2)",5159,4,1390,20c26ec77076547571ada46fd35b8f895cd6612ab53b4885ccaac03978a02731,KCQA,5159,4,True
2,587,7,8,KCQA,"(7, 8, 0, 3)",5530,4,1440,bfed65fbac4e616c83b3b5551b8bc7cd283c4447010b919fcac2e96f63c670ae,KCQA,5530,4,True
2,588,7,8,KCQA,"(7, 8, 0, 4)",5645,4,1432,0a478243489eafdb7cd654eddc825f5dfd74003dbc1c2c78714af2b13ca52690,KCQA,5645,4,True
2,589,7,8,KCQA,"(7, 8, 0, 5)",5675,4,1408,eb2dbe9929a01d6921aa017b7048261b5479824230964b49dadfdeee976fef37,KCQA,5675,4,True
2,590,7,8,KCQA,"(7, 8, 0, 6)",6015,4,1442,4293e6786b1f505bcaac775defe4624322466098e2a4c4f3ccd3a2a733c4d547,KCQA,6015,4,True
2,591,7,8,KCQA,"(7, 8, 0, 7)",837,4,126,6d92357f339384a86c75c9be609dcadf6b8423d5b8f23737f0aec2ecc6ac13c6,KCQA,837,4,True
2,592,7,8,KCQA,"(7, 8, 0, 8)",306,4,30,83ac17ffffb6017fc5a430b0cf6f2424797b136f9f0188511e6d177299f710c0,KCQA,306,4,True
2,593,7,8,KCQA,"(7, 8, 1, 0)",498,4,110,5574d21e23f9e86ba7ba9f83d7776f80d8475aa1b4ba21898317cb58d31d43a4,KCQA,498,4,True
2,594,7,8,KCQA,"(7, 8, 1, 1)",1119,4,280,300a95d97ec011c4ebeb27ba2313f7999a21746d8e61d812a6de67390f345fa7,KCQA,1119,4,True
2,595,7,8,KCQA,"(7, 8, 1, 2)",1550,4,375,0c44db687b2771c6e3639ee4cb733d4ed19171973fc562467a135facf65aed12,KCQA,1550,4,True
2,596,7,8,KCQA,"(7, 8, 1, 3)",1736,4,407,c53bdd28c786e83da7bb936f6defe6ad19d9ac1de70b99bf63c31efe00d0ecbb,KCQA,1736,4,True
2,597,7,8,KCQA,"(7, 8, 1, 4)",1732,4,436,291a20906f140619d5b7d6bbb7021824eb24375fde51b0f6858d18df704697f8,KCQA,1732,4,True
2,598,7,8,KCQA,"(7, 8, 1, 5)",1253,4,308,ec71f7b2dedd1d87c4e9b53f769272bba7208072584d34c2b3a3851beeafe409,KCQA,1253,4,True
2,599,7,8,KCQ,"(7, 8, 1)",8290,4,45,623b19fbe62ff4a9f418eaf0d1756e8e046c7a198245395366cb2a1da1d8a8f8,KCQ,8290,4,True
2,600,7,8,KCQ,"(7, 8, 2)",1298,4,24,93d6c56223e22fd77ab2a67de2f12ce30067d4a11b684237838f6b694dadf729,KCQ,1298,4,True
2,601,7,8,KCQA,"(7, 8, 2, 1)",207,4,38,6f8aaa6a55bad7aacaf4be237b16ee4e43bc01b423131aab4b56b7acd775c647,KCQA,207,4,True
2,602,7,8,KCQA,"(7, 8, 2, 2)",306,4,55,b03e5de9d96a5ff05b67e9146753c9d2fca06f8783bd484a12920a2a980821c6,KCQA,306,4,True
2,603,7,8,KCQA,"(7, 8, 2, 3)",342,4,69,a2bb3be6f3148c0c10f94b2865f606b01efc380700963dedbcd6cfeaccb148c0,KCQA,342,4,True
2,604,7,8,KCQA,"(7, 8, 2, 4)",270,4,59,24bed81b0d30f8d7505c599d2089efb33f52ab1a2f878021112132ee4d7f3e28,KCQA,270,4,True
2,605,7,8,KCA,"(7, 8, 0)",2925,4,1,033cdefcfda8417ba044f8796a85a6ec7a4400ef3575e4e487e01a7a045510b7,KCA,2925,4,True
2,606,7,8,KCA,"(7, 8, 1)",5500,4,3,cf6e98e3e49db02adb112658acec01b9666202dcdfca68f49ed094e1b600a986,KCA,5500,4,True
2,607,7,8,KCA,"(7, 8, 2)",7066,4,11,b3fc70ccadc5145679c69acb02b027340abb5b888cac9a3336f9a334de4a5ab2,KCA,7066,4,True
2,608,7,8,KCA,"(7, 8, 3)",7645,4,8,6bf8b395b64b6bb72fff3711ced2288bb6c819cfe9e20f0bfd67c62bf00795bf,KCA,7645,4,True
2,609,7,8,KCA,"(7, 8, 4)",7647,4,1,f1d72ea16e5d91bd2aa4642d63e98cccfadfd81d9fb8ddc0f1a3ccdf522f0573,KCA,7647,4,True
2,610,7,8,KCA,"(7, 8, 8)",550,4,6,38eb4277621618a02318c938c04e8205fed20c5a8dcc1b396d7c554d319ad7a3,KCA,550,4,True
3,0,1,1,KCQA,"(1, 1, 0, 0)",7186,4,1797,87041ccf5a7240fa6226b972dceb05ce336eff64d92aad6a5f0fe4ec215162c3,KCQA,7186,4,True
3,1,1,1,KCQ,"(1, 1, 0)",7191,4,2,2d6160616fb30c2de9e1f9c53bc5ed5522f18186b2a1edd2ec514329381e5bf4,KCQ,7191,4,True
3,2,1,2,KCQA,"(1, 2, 0, 0)",7185,4,1797,167e411cd639cd3a4e1808c3805928aeb8d058c7cd73ac5461220ea9bc8c788b,KCQA,7185,4,True
3,3,1,2,KCQ,"(1, 2, 0)",7191,4,1,1d2f20654f7609bcfcb76501ba60beead1b214dbfaa2e226a780a94d0b91d5a9,KCQ,7191,4,True
3,4,1,3,KCQA,"(1, 3, 0, 0)",7186,4,1797,96eb5ae6a6a1d7ccfa4a2ec9303b83b52e4d34f44ca38b0422b74e85d36f44d2,KCQA,7186,4,True
3,5,1,3,KCQ,"(1, 3, 0)",7193,4,2,438909efd320f7403a9eac9a1fa94047ab5d42c564ed1b450936e23a85ec6173,KCQ,7193,4,True
3,6,1,4,KCQA,"(1, 4, 0, 0)",7187,4,1797,9510801ab202b47cd83362469f18c085f09bdaa5be88a3f14d927004546ae4df,KCQA,7187,4,True
3,7,1,4,KCQ,"(1, 4, 0)",7194,4,1,eb8faa5361981182599bd36046b7300cecbfd80dc74b4624da497cbcb0fd4c25,KCQ,7194,4,True
3,8,1,5,KCQA,"(1, 5, 0, 0)",7183,4,1796,8015d732fbe457b133a2fbb7228d8b3cfd23f1a450907fbff4b8af2e34eeeaaa,KCQA,7183,4,True
3,9,1,5,KCQ,"(1, 5, 0)",7190,4,2,bf21f367ae9ff907811a8b792683b06366f9d01c162a027ad8a0191cc30f4f6e,KCQ,7190,4,True
3,10,1,6,KCQA,"(1, 6, 0, 0)",7176,4,1794,fab9f434c43e502344f4a38b5d822568353051182895fde6b0afa88b64de78ae,KCQA,7176,4,True
3,11,1,6,KCQ,"(1, 6, 0)",7183,4,2,78ce1cd66fbd2434a945899e1b7f597c8ab45ff27cb0be3dcb1fe1f94e4d28b8,KCQ,7183,4,True
3,12,1,7,KCQA,"(1, 7, 0, 0)",7176,4,1794,771a3608e5074f6a23f8c90d67baf05b5841528e3e2f3f42e13fb6f1dba28917,KCQA,7176,4,True
3,13,1,7,KCQ,"(1, 7, 0)",7182,4,2,d7da05b4d0503483653156d30f83c678f7ba844d41a72a266bcdf517c5a16c08,KCQ,7182,4,True
3,14,1,8,KCQA,"(1, 8, 0, 0)",7176,4,1795,c362d45f7d2a4f7e1fc7e7442295ad050003a59aade3773a8607e4f8bfce8f94,KCQA,7176,4,True
3,15,1,8,KCQ,"(1, 8, 0)",7183,4,2,04f035aecbba613e7fde091a8ac4e3192f5537562b81782a5467900d70d7a04f,KCQ,7183,4,True
3,16,2,1,KCQA,"(2, 1, 0, 0)",7175,4,1793,71882ce82edd83649454a0c0df2462f1529b2b61bc173706df59be2fbf089ea5,KCQA,7175,4,True
3,17,2,1,KCQA,"(2, 1, 0, 1)",5171,4,1413,97eb95b5ab2020fc529404aac965345cbf68f4ec53f8872e9dc461261d639060,KCQA,5171,4,True
3,18,2,1,KCQA,"(2, 1, 1, 0)",2004,4,380,6425b240de1e561316ab0bb13ccca05405f364d3773700f73205050587e9ba70,KCQA,2004,4,True
3,19,2,1,KCA,"(2, 1, 1)",5188,4,5,5688d2de5e9d280b1e89256ace7ca1b44beb0a813add012d8f4fae84823407b7,KCA,5188,4,True
3,20,2,2,KCQA,"(2, 2, 0, 0)",7176,4,1795,38bdc33e6bce6d59b114627f53ab1675a5c86a427634a55dd56b89dbaade4004,KCQA,7176,4,True
3,21,2,2,KCQA,"(2, 2, 0, 1)",5910,4,1391,a2d49843eac2421fa723c18996de21bc932b421033efe678b2d74e526cc62e6a,KCQA,5910,4,True
3,22,2,2,KCQA,"(2, 2, 1, 0)",1267,4,404,578d8e5c665e82b4ed5d542ac988abe97fe1982876741d49c5eba1488c5a91c7,KCQA,1267,4,True
3,23,2,2,KCQ,"(2, 2, 1)",1269,4,1,88159ce1ddb2d56db10a29d294655b0257401b9b94396d647142361b822306a0,KCQ,1269,4,True
3,24,2,2,KC,"(2, 2)",14363,4,2,a5861d0f8c4a56c2de13ec9444f5802835066dc2c03a2cc4369aac847e2232ad,KC,14363,4,True
3,25,2,3,KCQA,"(2, 3, 0, 0)",7177,4,1797,a379f1de70b02808002c4cc23f14c2474cb9662fea97bc1bc0abd9a1818e4a98,KCQA,7177,4,True
3,26,2,3,KCQA,"(2, 3, 0, 1)",5360,4,1314,bcea371d2f3641e8f4259756d5be0723aba4977dc178a99315fb1f9b71c0bca0,KCQA,5360,4,True
3,27,2,3,KCQA,"(2, 3, 1, 0)",1820,4,481,deb6e3055b1e896b4789dc87133dc4be18f17c5c80bc77e00d8dfd0bf46b2b10,KCQA,1820,4,True
3,28,2,3,KC,"(2, 3)",14360,4,1,7d1ae4f972ff8be7052f6c4dc6b65e7e04e79581153be3fce26e5f89826e615e,KC,14360,4,True
3,29,2,4,KCQA,"(2, 4, 0, 0)",7184,4,1793,0616b62d57054fc1ca1a4cba4606ff8c8dd35f9c478f07b08e1c21c9440f0ee8,KCQA,7184,4,True
3,30,2,4,KCQA,"(2, 4, 0, 1)",5235,4,1516,4d1502896ac8ef59b9aa86f69eb6369c0de1472aef389389d244befa6391eacd,KCQA,5235,4,True
3,31,2,4,KCQA,"(2, 4, 1, 0)",1942,4,278,4fb1952f523b1f7d17f0bc94f123a0ff4e797e4ee777de4905afff2d9bb1c29c,KCQA,1942,4,True
3,32,2,5,KCQA,"(2, 5, 0, 0)",7173,4,1793,b469be6c5496dd39157850120f916ae501df32e2377ba05ea8259ec8396a878c,KCQA,7173,4,True
3,33,2,5,KCQA,"(2, 5, 0, 1)",5759,4,1161,ca5ea387d37ffc1356eca6a9e8e371209e83405b978b68e0e73acde93f305bf0,KCQA,5759,4,True
3,34,2,5,KCQA,"(2, 5, 1, 0)",1416,4,632,50e2a43c149df48702054802c68604e6e2a9d4cc39a087642e0eb0f79037494b,KCQA,1416,4,True
3,35,2,6,KCQA,"(2, 6, 0, 0)",7159,4,1789,33567a61d4b18e75f21cbbdbf46cecdc1164bd423c00f2cdd3832ec36229650e,KCQA,7159,4,True
3,36,2,6,KCQA,"(2, 6, 0, 1)",5883,4,1601,851476a2108a92603b72a116d52a6f6f7be6edbd9c8f0ab0219e83dd56f32210,KCQA,5883,4,True
3,37,2,6,KCQ,"(2, 6, 0)",13042,4,2,48443b28a109e45b6b88415b4f1c55d71ec70527e93cfe83083db1f49d16cdf5,KCQ,13042,4,True
3,38,2,6,KCQA,"(2, 6, 1, 0)",1277,4,188,cf08b2a76b3e910eec4f3eacff12e88d3a223c295e3d22509521f3d7fde53910,KCQA,1277,4,True
3,39,2,7,KCQA,"(2, 7, 0, 0)",7157,4,1790,f17f6776c8c3af6c9ad6124b77c3fc0f8375d185f01b8ead12679e33f6a243ec,KCQA,7157,4,True
3,40,2,7,KCQA,"(2, 7, 0, 1)",6440,4,1367,f2c94141479dea6387f1123a43766acc23c45c9f69dd8e1fe7cdde1bc00afe51,KCQA,6440,4,True
3,41,2,7,KCQA,"(2, 7, 1, 0)",717,4,424,94e230243decdebecb6a8fa3a41658d52f0024d3995107904cdd70afd141ac85,KCQA,717,4,True
3,42,2,8,KCQA,"(2, 8, 0, 0)",7157,4,1789,aaf9f608d95dc078a8e80247b1d3f57eb08592ed3fb926772cfd1b0cad83e4f3,KCQA,7157,4,True
3,43,2,8,KCQA,"(2, 8, 0, 1)",5925,4,1479,8b4671ad54ced4a3dd8c77f6e09f4d30c2991186d1700d670f0aad75a96b434b,KCQA,5925,4,True
3,44,2,8,KCQ,"(2, 8, 0)",13083,4,1,a2f82f64fe295b663cd606d9d764793f9685bb400fe93b9bc8af84fe86f10ea6,KCQ,13083,4,True
3,45,2,8,KCQA,"(2, 8, 1, 0)",1236,4,310,d9c7c677428407ba04c1662bef8071d2dc42de7ad1880790e73f6b9376f1b9e6,KCQA,1236,4,True
3,46,3,1,KCQA,"(3, 1, 0, 0)",7154,4,1788,bb0dab7ce2d4e08321f1cfd444323d267dac434705c3fb84748cbc4e67d5438a,KCQA,7154,4,True
3,47,3,1,KCQA,"(3, 1, 0, 1)",7483,4,1752,a5430c059ce7857f95858159aa0280ba53a9c5dfa68d01a8b6f8899b1303dc61,KCQA,7483,4,True
3,48,3,1,KCQA,"(3, 1, 1, 0)",229,4,37,9f5eb5bd4f22458011e9b7ecc403b60002515315a46ee17d282f652c07c7828d,KCQA,229,4,True
3,49,3,1,KCQA,"(3, 1, 1, 1)",6575,4,1774,21a7c4d307950658b629cfd69c5bef7fde8ee55f9681d7607778b48a1457a112,KCQA,6575,4,True
3,50,3,1,KCA,"(3, 1, 0)",7402,4,13,8675e9b13ba2641d4efba6aad8955e5d47e5af1d6c7b441037dde55788b1f5a0,KCA,7402,4,True
3,51,3,1,KCA,"(3, 1, 1)",14119,4,15,5ce6c4367e1a29417626d42106599feaef0d21659de83d392047319628813c1c,KCA,14119,4,True
3,52,3,2,KCQA,"(3, 2, 0, 0)",7163,4,1793,1a0042a11fa472302aa0204f81e0d3d8b9ae1a160d51b5dc49f3c4e8357f5dac,KCQA,7163,4,True
3,53,3,2,KCQA,"(3, 2, 0, 1)",6929,4,1761,464fb2fd017f53c42ed3786404023b2ce7174afd8d3c9ceaed506b394406f393,KCQA,6929,4,True
3,54,3,2,KCQA,"(3, 2, 0, 2)",5123,4,1519,a7cb91ceafcc68f8c98baf3cb8be886998ddf969278614dbb0f5d45776a0b9b0,KCQA,5123,4,True
3,55,3,2,KCQA,"(3, 2, 1, 0)",234,4,31,607de44a3591c53ccb9d4950833095b7b8931ad12338af21cd551ac6e1beb80f,KCQA,234,4,True
3,56,3,2,KCQA,"(3, 2, 1, 1)",2033,4,271,0c3b47c11fe5e5abdeec439002f617913e8ee5106cfa855c53c528ad48d99e52,KCQA,2033,4,True
3,57,3,2,KCA,"(3, 2, 0)",7408,4,1,b865bf1023eeabf76b9d7e66beaae1130945fbc0e45d978628ec80a334567f68,KCA,7408,4,True
3,58,3,2,KCA,"(3, 2, 2)",5162,4,8,c1423cde60727bd761f037d08379c5ddac783e6117951f6db04ca62bc7f345fe,KCA,5162,4,True
3,59,3,3,KCQA,"(3, 3, 0, 0)",7160,4,1790,a83d8faa76787dfd1e7d66ed106ca3e670324a09ffdb4aeb0eb964024c27cd28,KCQA,7160,4,True
3,60,3,3,KCQA,"(3, 3, 0, 1)",6917,4,1747,f6d85c4511c4d17cffdc5a85e41fed1a88c73379785f738bfea1d63ed5804e48,KCQA,6917,4,True
3,61,3,3,KCQA,"(3, 3, 0, 2)",5899,4,1472,ba615615845e814e4b4174cbf1de0ed67ca436f1d57e06578b13e2a244376c6c,KCQA,5899,4,True
3,62,3,3,KCQ,"(3, 3, 0)",19977,4,1,eac24456e06d3862f454de1b004860cf43d1232cbf32e5ad046454dc94039086,KCQ,19977,4,True
3,63,3,3,KCQA,"(3, 3, 1, 0)",245,4,43,51c9284bf1a43f66aed71aa8bfeb633c22bed7535b2111d1b89162d7879195f8,KCQA,245,4,True
3,64,3,3,KCQA,"(3, 3, 1, 1)",1260,4,316,0d7a65d8494ec4ff07edc60e9ec16d1a3f4cd8ea03d95bab221f97550ec8514f,KCQA,1260,4,True
3,65,3,3,KCQ,"(3, 3, 1)",1507,4,1,3d3dcd92890a6dad352f35cad0e1d552093d383f0cb242f8f8e6a297220fd085,KCQ,1507,4,True
3,66,3,3,KCA,"(3, 3, 0)",7407,4,3,aa73be320a825d0bb0becb8553242bae3d8b6b1bf0d72e1fc5b58ebe2a5cdf46,KCA,7407,4,True
3,67,3,3,KC,"(3, 3)",21514,4,6,f0183f95d3ac4febcc8ee7f31a3fad3350a437fc57ba8d544a827bf2584b7b42,KC,21514,4,True
3,68,3,4,KCQA,"(3, 4, 0, 0)",7163,4,1790,23fcbec708c9b11a8cbdcc1c3b15cbd2cfe315e5063d5a67f493b87b94d92cf6,KCQA,7163,4,True
3,69,3,4,KCQA,"(3, 4, 0, 1)",6709,4,1708,bab6a2192a99d28e1a532f0d67a9f9b887a7e98faff93a3f61417ba04f5009a6,KCQA,6709,4,True
3,70,3,4,KCQA,"(3, 4, 0, 2)",5070,4,1340,9f25589f55a6301eb8aa89a02e619bb056feaab4341a3b0c4af7e90e2a2ac63a,KCQA,5070,4,True
3,71,3,4,KCQ,"(3, 4, 0)",18949,4,1,ce0c632c600ebf3ac695570ab24c80c0a36d9cf0d4a7a7482b55d6030c198a53,KCQ,18949,4,True
3,72,3,4,KCQA,"(3, 4, 1, 0)",454,4,82,5acdbfd9ce49a4efd78af777c562e5d5b40329db85ac672d78a904fabee21a44,KCQA,454,4,True
3,73,3,4,KCQA,"(3, 4, 1, 1)",2078,4,446,2d310346c8f5a4b5752584e47838918511a772643ce4572ed13cab85743ce71e,KCQA,2078,4,True
3,74,3,4,KCQ,"(3, 4, 1)",2534,4,1,903db46191ba3b9c37940b0297a9bdfc98bdcd3dd83c812009970ecaef8a28ef,KCQ,2534,4,True
3,75,3,4,KCA,"(3, 4, 0)",7630,4,4,aae0d3c309a2954aad1569a463cc7e7c15d084d5ee5d894d518fb52c03512f5e,KCA,7630,4,True
3,76,3,4,KC,"(3, 4)",21507,4,7,5577ccbbf55851e0f1d62372f9e7298a33cacc1b632821b7450484dafc570b21,KC,21507,4,True
3,77,3,5,KCQA,"(3, 5, 0, 0)",7161,4,1788,0c848131401f9ed2c36ea6d5e508808b5b55dac6bf5a1416e27eb7f3be384120,KCQA,7161,4,True
3,78,3,5,KCQA,"(3, 5, 0, 1)",6743,4,1705,7c6329f527b9e9f5a4e006ad1305f7343c5feb27522ff4b865b1f9c72124a96a,KCQA,6743,4,True
3,79,3,5,KCQA,"(3, 5, 0, 2)",5590,4,1406,ed3531835daedd80b8aea00e1e2291f477d69e19fedfbea8aae0a8cff74e9953,KCQA,5590,4,True
3,80,3,5,KCQA,"(3, 5, 1, 0)",418,4,83,07608a402330af9ec7421e3d8fb713107ca7f22645a423326a0ec900b86b2368,KCQA,418,4,True
3,81,3,5,KCQA,"(3, 5, 1, 1)",1548,4,384,8f3e5a504790d2b0a43437f0ad7e2cbcbc3b00508976b15ac8ac938f31f64ad7,KCQA,1548,4,True
3,82,3,5,KCA,"(3, 5, 0)",7602,4,1,6b76ad11c86e9ea550a359528a09ba22f58127747ce4542513a3f2eca9ad20fa,KCA,7602,4,True
3,83,3,6,KCQA,"(3, 6, 0, 0)",7138,4,1784,c85ed082bb3e51d9246a5d009caaeda6b556a2a503570b6e6fd8b6d1370dfcaf,KCQA,7138,4,True
3,84,3,6,KCQA,"(3, 6, 0, 1)",6767,4,1695,4f85f7fb54974d6e05c7db24cea9319404a73db7d95f79ccefd7394332f3f382,KCQA,6767,4,True
3,85,3,6,KCQA,"(3, 6, 0, 2)",5762,4,1395,6df3089f3553d81614ff80adc141c237bd47eaaee1a301d7ca292c81d7b2b658,KCQA,5762,4,True
3,86,3,6,KCQ,"(3, 6, 0)",19670,4,1,5d418c12737fdb7794aa3c1777ac0960254a876ab1507a8c6444fa77b2517fba,KCQ,19670,4,True
3,87,3,6,KCQA,"(3, 6, 1, 0)",371,4,89,858de83531eb292dc5ff7562da59e82975c006015e616a86fe78ac02c56e86d9,KCQA,371,4,True
3,88,3,6,KCQA,"(3, 6, 1, 1)",1361,4,384,b36f215c8bb8e34fa9ccc8d4623a1486be9bd8675dc1d41431ebfc22d54152bd,KCQA,1361,4,True
3,89,3,6,KCA,"(3, 6, 0)",7525,4,3,2135247285e649b8807d7adf283fe4771f20744156a5f5624f30fad93bc2d628,KCA,7525,4,True
3,90,3,7,KCQA,"(3, 7, 0, 0)",7133,4,1784,0d18dbe2b49c8442c247f4744924925a8faa0cd9144142e096f443ad5bf85bff,KCQA,7133,4,True
3,91,3,7,KCQA,"(3, 7, 0, 1)",6482,4,1631,2d47c9e270e846cd41f2b7df49282663872f78981ae04bc6750a17af62532a01,KCQA,6482,4,True
3,92,3,7,KCQA,"(3, 7, 0, 2)",5870,4,1545,4a72418c9903bec7e3fe10166a55096a2d56240e86cf741784fcc459fbbf7c34,KCQA,5870,4,True
3,93,3,7,KCQ,"(3, 7, 0)",19490,4,2,8857cf45f890c1536f286ce98b3f514763b913e83c77700f5a3a2bb8ac2fed3d,KCQ,19490,4,True
3,94,3,7,KCQA,"(3, 7, 1, 0)",655,4,152,718bc7837a22f84216e42fca95ec3b339a078b536690dcebd66530838a7d92a0,KCQA,655,4,True
3,95,3,7,KCQA,"(3, 7, 1, 1)",1242,4,231,4dec429aed8e66b506863f8a11348a445c7f36aa19868170cc73c7e72c720662,KCQA,1242,4,True
3,96,3,7,KCA,"(3, 7, 0)",7810,4,6,f8c64ddda6c1124181eb8a86d84fc0cf3004a7727566fa694c19ed522e9d4431,KCA,7810,4,True
3,97,3,8,KCQA,"(3, 8, 0, 0)",7130,4,1784,410eb47a56f355c86731b6eb8d52b45d9d260fd4dbe48ba4303420c6cb28d01c,KCQA,7130,4,True
3,98,3,8,KCQA,"(3, 8, 0, 1)",6643,4,1603,ff87829fcf2e595b8333d992f5797901192c043339f9d6a90c8381565275e351,KCQA,6643,4,True
3,99,3,8,KCQA,"(3, 8, 0, 2)",5962,4,1468,e8b88df8e10be71fb2ac5e4aaec5b198f1bf9fc5cacc1445cfa04a4067d0f88f,KCQA,5962,4,True
3,100,3,8,KCQ,"(3, 8, 0)",19737,4,2,1ee0fbeaa0dbf08281930d26b5b9feb17718b57fb40996911b1a56b11ca56378,KCQ,19737,4,True
3,101,3,8,KCQA,"(3, 8, 1, 0)",493,4,181,2ad5936e1c66f00ab3d6a1b43a8c46434d1024d3e6fdf454068e50374eb53ad4,KCQA,493,4,True
3,102,3,8,KCQA,"(3, 8, 1, 1)",1162,4,312,b090d2dbb0cd7f2d7d5d65d8191ec92eae0d82509cfdc67821ec37d5eb0b8d1d,KCQA,1162,4,True
3,103,3,8,KCA,"(3, 8, 0)",7634,4,3,e00340a6f1beb0e7b8331a79405068eb69f0a567937d46df5fcba57c0392c80e,KCA,7634,4,True
3,104,4,1,KCQA,"(4, 1, 0, 0)",7137,4,1784,2eae455172e47c5301986712480cafefa34b1eaa272b254df7f747f0c3d8a1ef,KCQA,7137,4,True
3,105,4,1,KCQA,"(4, 1, 0, 1)",6909,4,1721,9adaacc936fcfb93175c51c87b29a05c3176737eb0f77f83e63030ef8f08c72b,KCQA,6909,4,True
3,106,4,1,KCQA,"(4, 1, 1, 0)",230,4,62,7942e145c81365f6af911748fc16d11e150524a08dd3dc2aa678c871e862efb0,KCQA,230,4,True
3,107,4,1,KCQA,"(4, 1, 1, 1)",7149,4,1786,0978548a99fbbab1006ff5272cf6aa3fbe51f0eb1601440774d4db67fabd0306,KCQA,7149,4,True
3,108,4,1,KCQ,"(4, 1, 2)",7129,4,7,63daf78d4d732b000673f9a59d03936778e69521f4095f7310bb09d3a6e22c45,KCQ,7129,4,True
3,109,4,1,KCQA,"(4, 1, 2, 1)",7124,4,1770,cecf6ab12b0af5bc383e5a0b43a3de93c1b2933cf035050c6a1a72641f3fa8e9,KCQA,7124,4,True
3,110,4,1,KCA,"(4, 1, 1)",21331,4,37,bf38ff696cc31c384c5efee985171e002bdf258cb96dcf169d5f5eda78fb67da,KCA,21331,4,True
3,111,4,2,KCQA,"(4, 2, 0, 0)",7150,4,1787,f8062b55d8f79486879dcbcafcffd2d809dc2461c8e8b7ec7fda2421ef54e30b,KCQA,7150,4,True
3,112,4,2,KCQA,"(4, 2, 0, 1)",6872,4,1716,576a4fc5b0bf4f3613ded873a24ede69978d73e83c7fd8f1b90635808509146d,KCQA,6872,4,True
3,113,4,2,KCQA,"(4, 2, 0, 2)",6621,4,1540,1671eb4a4c4c4cee823f198f17d692989fb55ef3da38e0ba387167ebe2e3cd64,KCQA,6621,4,True
3,114,4,2,KCQA,"(4, 2, 1, 0)",281,4,71,017de816537513cc86b7c71aabf0a60a8431cdc5b96140a87f487ad45e4ddc0c,KCQA,281,4,True
3,115,4,2,KCQA,"(4, 2, 1, 1)",816,4,246,dc594ae28edcf7c0fa370a6a44f8b046de7670bfcf6a5ffd03731648d373ceff,KCQA,816,4,True
3,116,4,2,KCQA,"(4, 2, 1, 2)",6673,4,1673,598fb48c52ba2896802732f5397fcd020e55ea4b7a2db573fcb876714007d6fc,KCQA,6673,4,True
3,117,4,2,KCQ,"(4, 2, 2)",204,4,117,8584c52e5a639896c706cba9a8d358197fcb3eea8102444a722c157fc70efffc,KCQ,204,4,True
3,118,4,2,KCA,"(4, 2, 0)",7446,4,1,43c29af47252255c1b5cb5262a3be69c64a7a13e4efffd0c94bd688c7f1d0cd2,KCA,7446,4,True
3,119,4,2,KCA,"(4, 2, 2)",13386,4,23,89d49677c1c8f5a43289fb044e72733f6c925fc9c13e7068b448f62acf7efcd9,KCA,13386,4,True
3,120,4,3,KCQA,"(4, 3, 0, 0)",7152,4,1786,594c0f26b925ab092115cf46ee2158fe21ea23b0ddf1611ccd40e9acb1aa1032,KCQA,7152,4,True
3,121,4,3,KCQA,"(4, 3, 0, 1)",6679,4,1685,e97e7f3d8da7706e31ca67f1143a52a7a8e769afb58bd727247bb8304fa852fa,KCQA,6679,4,True
3,122,4,3,KCQA,"(4, 3, 0, 2)",6461,4,1578,23cc12d85caa71d9f32e928b64f67ecf25be570a56aba7245764c4105c033635,KCQA,6461,4,True
3,123,4,3,KCQA,"(4, 3, 0, 3)",5688,4,1316,45ea9e16e872d30176e152f1a50341ebf6addb568328b38d3b30bd671eed12b3,KCQA,5688,4,True
3,124,4,3,KCQA,"(4, 3, 1, 0)",476,4,101,2afa12a8d99c40f7acfc805e626e1fc8d0a80533a5c205e00d4cb2c5aeb395e8,KCQA,476,4,True
3,125,4,3,KCQA,"(4, 3, 1, 1)",673,4,204,a8ea25daba67dc0c903988f829ee00220dbde72f86aad55776b5b45768498f6f,KCQA,673,4,True
3,126,4,3,KCQA,"(4, 3, 1, 2)",1390,4,412,13f52cb8eb4fb1223cfc305e63d0503edf73d652f71599b8c73b0b192904e4bf,KCQA,1390,4,True
3,127,4,3,KCQ,"(4, 3, 1)",2541,4,1,b2e7aac226b27cf53c099d32c546628b7e97334641916b5b5fe39f0deb24a808,KCQ,2541,4,True
3,128,4,3,KCA,"(4, 3, 0)",7650,4,4,4fc5beeeaa46d6003a6bdaff43b604d49a458542bdf8f73704fc915d50707d71,KCA,7650,4,True
3,129,4,3,KCA,"(4, 3, 1)",7429,4,59,d82276b4d77602263ee8dd69cb154ecd21521184bbb585ed8e3ae9ccf5cfe42a,KCA,7429,4,True
3,130,4,3,KCA,"(4, 3, 3)",5771,4,22,36600da6afefb24597aaf97f4185cc8c6244b42dadd760ebee114e38fc5ac603,KCA,5771,4,True
3,131,4,4,KCQA,"(4, 4, 0, 0)",7160,4,1788,f27963032498c561beade50933ec84b27e6639b817445bf5455ec478805e8efe,KCQA,7160,4,True
3,132,4,4,KCQA,"(4, 4, 0, 1)",6705,4,1688,c4eba966e1061b760c266235b5d7bb05625c0be78fc5784c6f7fc1f62dd034c1,KCQA,6705,4,True
3,133,4,4,KCQA,"(4, 4, 0, 2)",6646,4,1692,6ef2fd0cb0cbce733ed5ef9b4fac92c8c55f09a602a5fc851b618ed964fdbae8,KCQA,6646,4,True
3,134,4,4,KCQA,"(4, 4, 0, 3)",5826,4,1486,4c42f830a3ba091cb98309778cd0161ec81adbce60d270bc562a917ce8767e42,KCQA,5826,4,True
3,135,4,4,KCQ,"(4, 4, 0)",26341,4,1,1efb4dcfb0a42b3c76e3e7d8799da46de5e31287719acb0e1cac68bfeef3be7c,KCQ,26341,4,True
3,136,4,4,KCQA,"(4, 4, 1, 0)",457,4,100,c2dc0a290390ad5b3436ef55cb5fb890cb315507493764a7b7ceea2a94210cad,KCQA,457,4,True
3,137,4,4,KCQA,"(4, 4, 1, 1)",500,4,94,d441c74038297465a6a8811ee1be09482b8f5942ae482a41fd116556087dbe31,KCQA,500,4,True
3,138,4,4,KCQA,"(4, 4, 1, 2)",1292,4,292,200825da37613fcecfb3bed642890d7f7c049a966c9181f23784ebcf1d7ab93f,KCQA,1292,4,True
3,139,4,4,KCQ,"(4, 4, 1)",2255,4,2,6f684f5b7dddf53bbe3470033ca52c709c96a35fe54875eed5e7cd894d344c63,KCQ,2255,4,True
3,140,4,4,KCA,"(4, 4, 0)",7632,4,3,38b69187e52c78afc3f5ad91ce4314ecaca36116caee1c4494c3d7473ab66c30,KCA,7632,4,True
3,141,4,4,KCA,"(4, 4, 1)",7245,4,9,ea96c6a59dd9541ab0335305b32af60417e0023ab51d45401d24899e9700ee09,KCA,7245,4,True
3,142,4,4,KC,"(4, 4)",28704,4,10,4ad14681b2ec21e35fe5ad86df4b6f180670112cb561f002a4c3265700c9dc27,KC,28704,4,True
3,143,4,5,KCQA,"(4, 5, 0, 0)",7116,4,1776,eb9ba66582dd2a97b21d2b36481d72b36d1f818c400315ef9115820135b1a43e,KCQA,7116,4,True
3,144,4,5,KCQA,"(4, 5, 0, 1)",6263,4,1580,a8c223922561bbce5a98b9263f286f4eefc6b135d3c0ac00e83ec2cf91aefc81,KCQA,6263,4,True
3,145,4,5,KCQA,"(4, 5, 0, 2)",6414,4,1595,98e605b2921454c8cddd5c5bba6519dba963f7a7de64afe35b46c87a690d0696,KCQA,6414,4,True
3,146,4,5,KCQA,"(4, 5, 0, 3)",6157,4,1470,9252737486f92171bdac1ebd517677ed19bc00b72db293db72f57dab86130bc2,KCQA,6157,4,True
3,147,4,5,KCQA,"(4, 5, 1, 0)",858,4,197,0b2f4fc69bdc4540d994844b24f41cacebe72c1f53227f5960a6229b506ed603,KCQA,858,4,True
3,148,4,5,KCQA,"(4, 5, 1, 1)",706,4,176,d51b805fae1d0d598afbd0a13549a1531618d90f950b09b856647e508394dcfa,KCQA,706,4,True
3,149,4,5,KCQA,"(4, 5, 1, 2)",893,4,293,c7c6681929d02a59d17bdddab060c069f1ca9d6b92170bc652b040455b3e4683,KCQA,893,4,True
3,150,4,5,KCA,"(4, 5, 0)",8002,4,6,b3d5cf90489cfe849458384771ec642f4e7f0dbf6f0b1a60e1de56ae99a3c6c8,KCA,8002,4,True
3,151,4,5,KCA,"(4, 5, 1)",7008,4,13,a6f105de62c6582e64f4f1f969b7afe2f86960e76a1e878440ab4d0e6c9ebadd,KCA,7008,4,True
3,152,4,6,KCQA,"(4, 6, 0, 0)",7106,4,1776,2dd8687597edf24603c86cbd9e772e3c51d9df589b334e7aea0b7fe0d7c79c56,KCQA,7106,4,True
3,153,4,6,KCQA,"(4, 6, 0, 1)",6305,4,1577,4d5e29df15db612853e604f35345be767808d2c005be6a36f4bd1f3c25c6878d,KCQA,6305,4,True
3,154,4,6,KCQA,"(4, 6, 0, 2)",6213,4,1581,0457e1775f78bd5b01df255bdd71910d1078d1f7e1608934eb9520602ecfa0b2,KCQA,6213,4,True
3,155,4,6,KCQA,"(4, 6, 0, 3)",5788,4,1454,450f64be3e52b3adc8ee9e9fb5e5fa0a14d313b2575ff1b5337b7654cfdff033,KCQA,5788,4,True
3,156,4,6,KCQ,"(4, 6, 0)",25415,4,1,c67d0f5f3ad381fc16984c5311d9bda2e4dca175077000c9b519087370f5b9ab,KCQ,25415,4,True
3,157,4,6,KCQA,"(4, 6, 1, 0)",803,4,200,416875abed7cd3144cbbbd5cd5a14d6126bd0e5234af622cde385a046b199216,KCQA,803,4,True
3,158,4,6,KCQA,"(4, 6, 1, 1)",875,4,192,7db0870e9a787e4d23c713535c20f4933937cf4f0e181c5743af68659019d867,KCQA,875,4,True
3,159,4,6,KCQA,"(4, 6, 1, 2)",1226,4,304,0f0533d1011c55de44bfd9048cb6b8fdbab95b68c5db9b37b2588e38437abb42,KCQA,1226,4,True
3,160,4,6,KCA,"(4, 6, 0)",7948,4,6,97cade8c1bbd58dda89d499ede40d933f84d4db3985b219278aa75080951c6ea,KCA,7948,4,True
3,161,4,6,KCA,"(4, 6, 1)",7263,4,20,327434dd94f8e1b997f9719eb1591d2cd40c6beea441cd8991d5ccb62556b6a5,KCA,7263,4,True
3,162,4,7,KCQA,"(4, 7, 0, 0)",7103,4,1776,3e02b3a963070b09a197cefc195858929b3a576a120748b0bd5bf079dbf44411,KCQA,7103,4,True
3,163,4,7,KCQA,"(4, 7, 0, 1)",6422,4,1598,15f25dfdd02d0d6830de27b1309e6ebfe2e2c8b16ee0d6e407f50de55d3d6ef2,KCQA,6422,4,True
3,164,4,7,KCQA,"(4, 7, 0, 2)",6339,4,1514,c9162afc9dacee738a83929d2bdc8517dd5dc9a3312844d79820f9bc66edc308,KCQA,6339,4,True
3,165,4,7,KCQA,"(4, 7, 0, 3)",5626,4,1479,4c506b7285af8e5a123125ec35c51c5c0b1c78b951b1a8585fe77a95d47acf5f,KCQA,5626,4,True
3,166,4,7,KCQ,"(4, 7, 0)",25491,4,1,a5734fcca4502f2de8dfb52ee344a459959e54f7951ea0e702b496b82021dfc1,KCQ,25491,4,True
3,167,4,7,KCQA,"(4, 7, 1, 0)",688,4,179,84d72cfbe7901b67f16b12efff2a7961ed5eb701c4f13ec09fdabe722f310e9e,KCQA,688,4,True
3,168,4,7,KCQA,"(4, 7, 1, 1)",750,4,265,58278fe8ab916278cac7b8809964c401c1bab306ccdefb937668cacccb58f9cf,KCQA,750,4,True
3,169,4,7,KCQA,"(4, 7, 1, 2)",1415,4,258,ccb278f16a9148ab986e4baf2a1b44c13746c6e7ad412c59c39cc2899c31d250,KCQA,1415,4,True
3,170,4,7,KCA,"(4, 7, 0)",7820,4,7,13285f5c0c7a2317c9987db6b783aa4b7923f027665c1cf9d5034f09323af84f,KCA,7820,4,True
3,171,4,7,KCA,"(4, 7, 1)",7234,4,34,0c8c9c5d9685f8b74b8b790a6b96b224c95a0e3cd2438532cb1bc503fba66cd1,KCA,7234,4,True
3,172,4,8,KCQA,"(4, 8, 0, 0)",7103,4,1777,d200d1b11697d08a1f6a3fb5d4f1c680d01c3c14b3b9ba8f7540ad3630c5bbff,KCQA,7103,4,True
3,173,4,8,KCQA,"(4, 8, 0, 1)",6528,4,1621,fc8ddd5e43178d3c982b3432bde34805574a153fb95f6c551f7a92ac81ded66c,KCQA,6528,4,True
3,174,4,8,KCQA,"(4, 8, 0, 2)",6366,4,1608,2123443920eba57f7c24b7ccc66b73600f31704eeb5c1d01ea14f68c1b8dbe66,KCQA,6366,4,True
3,175,4,8,KCQA,"(4, 8, 0, 3)",5732,4,1460,bb1e5a407b290a0ca2bb31fcc296266cd417900bb9ee6a0b1763462d597e4b61,KCQA,5732,4,True
3,176,4,8,KCQ,"(4, 8, 0)",25730,4,2,d29059788978f9081ee9b22d04f340c61403496e51ca83d4d64e632dec24acf1,KCQ,25730,4,True
3,177,4,8,KCQA,"(4, 8, 1, 0)",580,4,155,50aafe4ba1be3100b0765c89bfa2efccbe8372415ccc9928add771b680fbdc98,KCQA,580,4,True
3,178,4,8,KCQA,"(4, 8, 1, 1)",724,4,163,8c5222675fc4559b964b4e6d95635e3fa014984f3bbbc61920ef2eab7507ae3a,KCQA,724,4,True
3,179,4,8,KCQA,"(4, 8, 1, 2)",1301,4,306,7a85751308f64ae9f194e84a7d680620d6c0d5a115f7b9c1685a69ade080d586,KCQA,1301,4,True
3,180,4,8,KCA,"(4, 8, 0)",7703,4,7,3aca246aa8e9af7ad7e1ee9f2e05040faa43c5dbd35007e851abad8cdc3b70e6,KCA,7703,4,True
3,181,4,8,KCA,"(4, 8, 1)",7323,4,8,e1e7d44f153ad8118cb143902590154e23f18a7a106947d941fa160fb8739ccb,KCA,7323,4,True
3,182,5,1,KCQA,"(5, 1, 0, 0)",7063,4,1763,334318068382113b4469693ff0db70dd62d2063b86c96891949883d2020bd9f7,KCQA,7063,4,True
3,183,5,1,KCQA,"(5, 1, 0, 1)",6849,4,1692,68803ff4db72df764cc5002b952923b38cf4effe008c834ac77a9df461f3dfdc,KCQA,6849,4,True
3,184,5,1,KCQA,"(5, 1, 1, 0)",217,4,73,e14c22710aa6335fa983f7778c726aa09c165674261d020f21d721b7f7a3f939,KCQA,217,4,True
3,185,5,1,KCQA,"(5, 1, 1, 1)",7059,4,1762,0d63fc4bc5a4dc5918dd0b259405524688dbfd0a0dcfa8dc767447b4099134c9,KCQA,7059,4,True
3,186,5,1,KCQ,"(5, 1, 2)",7112,4,5,f6b63d303d42010f965ef26efb8b3e1e5397a2392c7b015df3b2a577c9dd3963,KCQ,7112,4,True
3,187,5,1,KCQA,"(5, 1, 2, 1)",7099,4,1778,e18dc5235b09acccec4f918e8398200541a9809ee064d2b795e50e63e40e2d1b,KCQA,7099,4,True
3,188,5,1,KCQ,"(5, 1, 3)",7039,4,1,950af7dae2c94b8d7bdf0de1db708fde88ab79b5056d70f878d8652aaae3ffe9,KCQ,7039,4,True
3,189,5,1,KCQA,"(5, 1, 3, 1)",7037,4,1748,7b6cd7c5c343ddd815134219d9c93f586d5766aa751825e714aaa45b7d25d801,KCQA,7037,4,True
3,190,5,1,KCA,"(5, 1, 1)",28551,4,139,861f054d780251c08baea3eeed7b9b9a4f0ec2d9aa6aa65b2be4c02e1f54d9aa,KCA,28551,4,True
3,191,5,2,KCQA,"(5, 2, 0, 0)",7113,4,1783,c19467c14c00091d4ae972c14a63a435493ee423693fad10f4776d9f0698b11a,KCQA,7113,4,True
3,192,5,2,KCQA,"(5, 2, 0, 1)",6565,4,1699,2cab171f61ce6a3758df528dca278efdf0c04994d5a58e43d7fb66e549cf3df4,KCQA,6565,4,True
3,193,5,2,KCQA,"(5, 2, 0, 2)",6519,4,1668,759ac191724b36beac2e26cc09d53634cbd2017d3ba8d6a24d9687cfe470c5b5,KCQA,6519,4,True
3,194,5,2,KCQA,"(5, 2, 1, 0)",549,4,84,4a42bd1e65af24770dfd490aaa1b32e6c17066892427afa5903b127b344d3923,KCQA,549,4,True
3,195,5,2,KCQA,"(5, 2, 1, 1)",579,4,112,3fb45bb94aa2807a6ed1f58f961fd2ec5027a3257859c95d7310609bf1b2d9b9,KCQA,579,4,True
3,196,5,2,KCQA,"(5, 2, 1, 2)",7052,4,1763,c4859e593d47d489ddff35b8c3002e29e03aba583b7dd26cb4fbcbe91c83437f,KCQA,7052,4,True
3,197,5,2,KCQ,"(5, 2, 2)",7175,4,24,8f4edc1a3e5715fe8ed9d0abe159dc2602d05a9f385a19f0001a9cb4e52d117a,KCQ,7175,4,True
3,198,5,2,KCQA,"(5, 2, 2, 2)",7060,4,1780,51ef3b4618d33361148abf2a7ea203234903e109986e4612a815f7ecb26dc451,KCQA,7060,4,True
3,199,5,2,KCA,"(5, 2, 1)",7263,4,4,c1c71ac7c1f35ea8f6c5cb72235541d6f85c090225ad35da7eaa1358624c1177,KCA,7263,4,True
3,200,5,2,KCA,"(5, 2, 2)",20895,4,46,36abe2d0add4988646762081c166c49880ee55fd9df3943af6797d8365f3dae0,KCA,20895,4,True
3,201,5,3,KCQA,"(5, 3, 0, 0)",7130,4,1784,f638a32f2bb8a7c94410c21fe8cf8d4427dcfe8705359e2620de052f9a6226e7,KCQA,7130,4,True
3,202,5,3,KCQA,"(5, 3, 0, 1)",6399,4,1616,bc8763ae795c0557336bd56a700dc6e0d6171e17e4d57c7d553fe22b768d4184,KCQA,6399,4,True
3,203,5,3,KCQA,"(5, 3, 0, 2)",6374,4,1597,9543ce75a954cc998121a292b963a8d60de1f97fed6584b30fca6cf1d56aa2cb,KCQA,6374,4,True
3,204,5,3,KCQA,"(5, 3, 0, 3)",6083,4,1527,ffa7f0c94987947fe6156cd413e10c00852660b32f44f3b853491e5dd70334e4,KCQA,6083,4,True
3,205,5,3,KCQA,"(5, 3, 1, 0)",732,4,168,33cf48d0fbef3fc6ba7edfd80991a389b654a7a11ea1d6ba1f07f7930b87d60c,KCQA,732,4,True
3,206,5,3,KCQA,"(5, 3, 1, 1)",737,4,186,992a13eee83163389af3859e91d92437e0ad19f68078fbf1d83dc6245c4bfb60,KCQA,737,4,True
3,207,5,3,KCQA,"(5, 3, 1, 2)",1054,4,246,a2d48bbce5e5058cd52392f3e4ab327eb85943e6471bbe04b7100633a002b70e,KCQA,1054,4,True
3,208,5,3,KCQA,"(5, 3, 1, 3)",6856,4,1734,3c630adf3979fa7ab7a2d78fa3626df4116c1705ef768b414a77b5259b53ac9f,KCQA,6856,4,True
3,209,5,3,KCQ,"(5, 3, 2)",305,4,14,0d01e96f26b33a1e4c1cd1a8359947102601e5cb48fe98ae7906382234c55dd9,KCQ,305,4,True
3,210,5,3,KCQA,"(5, 3, 2, 2)",217,4,50,5b9d2a79c479eab54ca34cf39193a82b44b993917e18f3c673f729bb8c06fa08,KCQA,217,4,True
3,211,5,3,KCA,"(5, 3, 1)",7182,4,1,c5c5c2d02f36e54027a402f413621c9b3ffd324865cf53c6b8a0cc3c14bc0438,KCA,7182,4,True
3,212,5,3,KCA,"(5, 3, 3)",13122,4,41,e6a862b1aea61e91a231b71f2fdb9e13168c25cd34ae80b4a277ec6a5596e56e,KCA,13122,4,True
3,213,5,4,KCQA,"(5, 4, 0, 0)",7129,4,1783,5b7cb065e076768c3ebd95e07a7cf339d83ffda2174a44a7a12da5851182bf36,KCQA,7129,4,True
3,214,5,4,KCQA,"(5, 4, 0, 1)",6111,4,1629,018047410dcce79ce60da5c41cae5b2599859880903ddd6322b5ee8ee1b2f7cb,KCQA,6111,4,True
3,215,5,4,KCQA,"(5, 4, 0, 2)",6035,4,1579,630f60badd3e5f68e752334974a867307edf19de32615b08689b0457114b025a,KCQA,6035,4,True
3,216,5,4,KCQA,"(5, 4, 0, 3)",5907,4,1465,d5878376551740b9463fff785013b7f2b43d111d072d63ad0d981e04f16189b5,KCQA,5907,4,True
3,217,5,4,KCQA,"(5, 4, 0, 4)",6036,4,1452,ec4ca436031ad67c3bc12ca998a712d82f35a128d101da684eb87fffd653181a,KCQA,6036,4,True
3,218,5,4,KCQA,"(5, 4, 1, 0)",1025,4,154,f53436a07cac90770f60b1f0fc3c0f6a59c654b275a4aeb294faa97068d51efb,KCQA,1025,4,True
3,219,5,4,KCQA,"(5, 4, 1, 1)",1022,4,201,096133bb5b58be199b997713be8f28a578238f5c550aaafa936021b75d6588d0,KCQA,1022,4,True
3,220,5,4,KCQA,"(5, 4, 1, 2)",1165,4,302,1619a63042578d3101acf4a2db53b1f3876630d99e950d0b510dcb3dd87a5537,KCQA,1165,4,True
3,221,5,4,KCQA,"(5, 4, 1, 3)",937,4,309,ea65b4e13c15f0ea8e27572d2482ac878dc481cc712073f53af05d2f7f605b41,KCQA,937,4,True
3,222,5,4,KCQ,"(5, 4, 1)",4155,4,2,65a26269ed81d82cf44cd1a64f00497ea58df107269aabecb4f3340ae141b3ea,KCQ,4155,4,True
3,223,5,4,KCQ,"(5, 4, 2)",298,4,44,a517d6657813a37831458cfcdd58402c49521be1377acefe2336b6544fa32b85,KCQ,298,4,True
3,224,5,4,KCA,"(5, 4, 1)",7234,4,2,56a53c6cf31ae0e3e65ab3202d84cddd0252d90109c556d8756823e36c288e9b,KCA,7234,4,True
3,225,5,4,KCA,"(5, 4, 4)",6193,4,37,2b897d43739f11893b1dafb8f4321a34761fcc6a4b22bdb378c5cebb6559d7f7,KCA,6193,4,True
3,226,5,5,KCQA,"(5, 5, 0, 0)",7070,4,1767,cae1986769fb6cce491c8b6beda6e93e132969d05bb70fd470806ba4a428f700,KCQA,7070,4,True
3,227,5,5,KCQA,"(5, 5, 0, 1)",6357,4,1595,868a9febb9db26b3b2a1641bfc476da4548396247d109bdcdc8dc53b76d12a7d,KCQA,6357,4,True
3,228,5,5,KCQA,"(5, 5, 0, 2)",6021,4,1483,a7355b165fbea6888060d82c42e5af591d434b18dfbab54c5f3bbbab9612c43b,KCQA,6021,4,True
3,229,5,5,KCQA,"(5, 5, 0, 3)",5593,4,1410,1951067aed5d49452ae4e74e4b2681984ad78243448ad1b45fa5e90717b67603,KCQA,5593,4,True
3,230,5,5,KCQA,"(5, 5, 0, 4)",5627,4,1449,f17a93052d417ca40f90e4bd087172f798458123c960d9a7228d7a086f97c4dd,KCQA,5627,4,True
3,231,5,5,KCQA,"(5, 5, 1, 0)",718,4,171,fe86a7a00d576db833104fd3c3d9a995ee7d19bf73ca8db0d86cc3134a8013ee,KCQA,718,4,True
3,232,5,5,KCQA,"(5, 5, 1, 1)",1026,4,262,5203a740e6b00fce06590946c67253fd1595a86a1267f9b1801ea9e802847ec5,KCQA,1026,4,True
3,233,5,5,KCQA,"(5, 5, 1, 2)",1397,4,338,867f63bf486cc13ce48538725ec27c40abd99d32d391176261994a82a3e85fa2,KCQA,1397,4,True
3,234,5,5,KCQA,"(5, 5, 1, 3)",1298,4,285,71fb19919be7dc8c442fc1dd36fe5cc79a050324a02fe800499fe7e19024bc7a,KCQA,1298,4,True
3,235,5,5,KCQ,"(5, 5, 2)",281,4,77,55a1f6ad7152912e906e03795cda348c2062c37463326d400ca883ed11d5283c,KCQ,281,4,True
3,236,5,5,KCA,"(5, 5, 0)",7827,4,1,f7c237fae89af7695d8d743dc6dd5383dee1fd9d021d3df4a9e02641c1e172d3,KCA,7827,4,True
3,237,5,5,KCA,"(5, 5, 1)",7486,4,2,5d1c53d31776e97b5f839465a684dbb1f80ffea899c0e333b3636e061860a290,KCA,7486,4,True
3,238,5,6,KCQA,"(5, 6, 0, 0)",7050,4,1764,28a93e96d1a7fedcf1d58498f3ef84c58788f8b9620985a604d195ff42ada3c0,KCQA,7050,4,True
3,239,5,6,KCQA,"(5, 6, 0, 1)",6135,4,1597,2f571894bafdf44bf9a2d5de7c672551c697a9712d6911fef3cd607897870998,KCQA,6135,4,True
3,240,5,6,KCQA,"(5, 6, 0, 2)",5782,4,1507,d0e917bb5764cc3bb683ffc080418a517ba0daa94e68eee9b29a752327ee3639,KCQA,5782,4,True
3,241,5,6,KCQA,"(5, 6, 0, 3)",5320,4,1401,9093ed8683185b3fd009f328e4951c1d652f700d0274775530b2aac7c9e31a95,KCQA,5320,4,True
3,242,5,6,KCQA,"(5, 6, 0, 4)",5489,4,1386,d3eef7f8e7fecb7f56074b8e0d393071f38b18c452514816714c4edc4f3b4a64,KCQA,5489,4,True
3,243,5,6,KCQ,"(5, 6, 0)",29780,4,6,5fb3173253c2dadca883f5517c0cc997bd4213fe6481b87a4a6cc44be04b0d0c,KCQ,29780,4,True
3,244,5,6,KCQA,"(5, 6, 1, 0)",924,4,167,23bba99e8e8a95eb71cf877bb49ee741b05e04d4458b7d24032226d51f804a75,KCQA,924,4,True
3,245,5,6,KCQA,"(5, 6, 1, 1)",1217,4,253,8a6de2db0372958c7b589ac451a3e65c46c15e83b39c420fde0e6cc62e938d64,KCQA,1217,4,True
3,246,5,6,KCQA,"(5, 6, 1, 2)",1575,4,345,1c647a280096d710b8ba99918e2caf2b9988404d5d86064dc849328e3c246a07,KCQA,1575,4,True
3,247,5,6,KCQA,"(5, 6, 1, 3)",1356,4,323,b3c586e91dfa2d465e0078c8771f578e07029ca0405a5bc92ffab2684be1ef00,KCQA,1356,4,True
3,248,5,6,KCQ,"(5, 6, 2)",432,4,27,2a77a21e287ca9223ef8e5e4fa5d1863b2baf3fcd99c49ba2b05da458437c008,KCQ,432,4,True
3,249,5,6,KCQA,"(5, 6, 2, 2)",204,4,46,98bc11b4c97789e9cfe2c15c886b0883eebb2fdd5d2c2487fd8c48a9340ed131,KCQA,204,4,True
3,250,5,6,KCA,"(5, 6, 0)",8044,4,1,e78193406a0b06f28ce9edb7a2ce59d2f1e5f1a508f920854b702a5b749e876d,KCA,8044,4,True
3,251,5,6,KCA,"(5, 6, 1)",7521,4,4,edb77c2d55484488a17e1a232f3f77bf6493cc7afb3a2a330b3dac350eea495a,KCA,7521,4,True
3,252,5,6,KC,"(5, 6)",35297,4,2,423937f2383bbd3c450e58098976a226da958dea8251db640b7531218579cd6d,KC,35297,4,True
3,253,5,7,KCQA,"(5, 7, 0, 0)",7051,4,1764,3584048b60a0a2af8071414992eff586b121d85ce93e3f012221685f0be866fa,KCQA,7051,4,True
3,254,5,7,KCQA,"(5, 7, 0, 1)",6219,4,1596,5b8f36877cd1462386ed73abd26d3e1716057ac7ac1b5f1b627ebabb2adddce8,KCQA,6219,4,True
3,255,5,7,KCQA,"(5, 7, 0, 2)",5756,4,1470,b22fe384234a4a8c46210e6a64eea982bc61bdf56d5139c024fd9b4d928261b7,KCQA,5756,4,True
3,256,5,7,KCQA,"(5, 7, 0, 3)",5257,4,1387,07f239e0fff5d230a4ac52de27fe452a48ebd79b3d1b20692b5f87021e002d8d,KCQA,5257,4,True
3,257,5,7,KCQA,"(5, 7, 0, 4)",5295,4,1367,9f535fdc13e8baa327b11102e705d50f09139ebc0286b26c245cc2776b3df157,KCQA,5295,4,True
3,258,5,7,KCQ,"(5, 7, 0)",29586,4,1,2f0040e3cb920b05f07dbd3dde6edcb9a494e59bc0e2c64ecab04de0ea754be3,KCQ,29586,4,True
3,259,5,7,KCQA,"(5, 7, 1, 0)",835,4,169,23a8552bb0c2aa2717bfb0bd7000191e11fffc1d3c36fae8b1e365dc930caddf,KCQA,835,4,True
3,260,5,7,KCQA,"(5, 7, 1, 1)",1245,4,291,e76550ec43ae2af4507b0ffeb0c7bd81da89d1b9ca8b7ea0ec00e7b83477c0ff,KCQA,1245,4,True
3,261,5,7,KCQA,"(5, 7, 1, 2)",1648,4,351,f90a7149faaa3a381d265525438d42f1ce8d96cf98c0e71574e8f03c1676fb79,KCQA,1648,4,True
3,262,5,7,KCQA,"(5, 7, 1, 3)",1517,4,349,948abb50a080568f1ddcc2b6841f087cf4675b4b1c53f2801a9f9b88a7fcac12,KCQA,1517,4,True
3,263,5,7,KCQ,"(5, 7, 2)",435,4,34,bfcd54944d895a3104a24e45b5abe55b22824484c6d31aae594a57468bb85dc5,KCQ,435,4,True
3,264,5,7,KCQA,"(5, 7, 2, 2)",224,4,46,5426da90fe757d5691b9ceb89f1847b6339ad28164fb49ab0b0e0cfaf0e76989,KCQA,224,4,True
3,265,5,7,KCA,"(5, 7, 1)",7636,4,5,38279a06bb81293630dd98e82bdfeb916cdd982d2ac11d6abeb52d20116732ce,KCA,7636,4,True
3,266,5,8,KCQA,"(5, 8, 0, 0)",7044,4,1764,0c37c8a9b3567dda76698e4fdcbb40309c9b925e1c239fdf3255bed6601ec866,KCQA,7044,4,True
3,267,5,8,KCQA,"(5, 8, 0, 1)",6084,4,1582,1ac1b72164f22918fa19fa19c5edfe96756ecaf50ae544d5ca2da6a13a4bbf94,KCQA,6084,4,True
3,268,5,8,KCQA,"(5, 8, 0, 2)",5701,4,1444,4b1c72996aea59a9ae434a681f843feb2f94b6dddf7ff0c2fa800cc75da8e421,KCQA,5701,4,True
3,269,5,8,KCQA,"(5, 8, 0, 3)",5272,4,1275,2f384ad9eabfa69905854c79860bd5eda3f489c997b28d5c0703513d58858e63,KCQA,5272,4,True
3,270,5,8,KCQA,"(5, 8, 0, 4)",5480,4,1268,1548387d7500b9c2d2a400e545d151ff0af70bf6d9e79d7ec6c3f9589905045a,KCQA,5480,4,True
3,271,5,8,KCQA,"(5, 8, 1, 0)",964,4,182,71872c2c26f1fcdf185e3904c4ed37da0b75bd51c5655451ffd2c958800e7180,KCQA,964,4,True
3,272,5,8,KCQA,"(5, 8, 1, 1)",1288,4,302,777f4cedd40b9d4e1b7df9be440b64de033a3418fbe28f2cf87ad8d525539c7a,KCQA,1288,4,True
3,273,5,8,KCQA,"(5, 8, 1, 2)",1611,4,451,c47cd93e9cd3f7aeec65c31efc8b3a0857bfa8bc2bf28dbf439e6be49b181abb,KCQA,1611,4,True
3,274,5,8,KCQA,"(5, 8, 1, 3)",1351,4,421,b4a008c95de466039da5d8dcfc9f315aeebf54c0e63f545b0098a0e7365d0d20,KCQA,1351,4,True
3,275,5,8,KCQ,"(5, 8, 2)",435,4,134,9c1707f0f092a680317a000abbb9d49fc980aeb23ab3cd4c8c5f528394a45aea,KCQ,435,4,True
3,276,5,8,KCA,"(5, 8, 0)",8077,4,1,fbf6c7e2630ef4624b2f7b1d63eed211d9025585878d8f03c9d88ca7ecc711ba,KCA,8077,4,True
3,277,5,8,KCA,"(5, 8, 1)",7557,4,5,f52aad3e76538036043557c0946ee8e6806b8561293b3d91e57cae86b792263d,KCA,7557,4,True
3,278,6,1,KCQA,"(6, 1, 0, 0)",4110,3,555,1ae515e2c33f8b46da6fde2bf3e53cad1864199525231c0f8382afc06d08afb4,KCQA,4110,3,True
3,279,6,1,KCQA,"(6, 1, 0, 1)",4149,3,562,da559c38258482828351dfea31ce137b8036f67c5d4db9670d40c680a26ffb7e,KCQA,4149,3,True
3,280,6,1,KCQA,"(6, 1, 1, 0)",211,3,23,30aa666d69b22e39f2ebc3e43bd0e97473c160cee84a7ed257a0193425e46dd3,KCQA,211,3,True
3,281,6,1,KCQA,"(6, 1, 1, 1)",4305,3,574,0cdff0e6e779c138a176b45d3effa8527267b07d341ec61b912217e71e54587d,KCQA,4305,3,True
3,282,6,1,KCQ,"(6, 1, 2)",4318,3,4,1e00e1d4687fead55941e4873ebc42dd7466e964fd4fb7cf0eabf7b580a03e66,KCQ,4318,3,True
3,283,6,1,KCQA,"(6, 1, 2, 1)",4304,3,579,f276429a919141fa4c0ef13445ab7a7b35f0e792b5c02fc7d0c0a4798bf9a8ac,KCQA,4304,3,True
3,284,6,1,KCQ,"(6, 1, 3)",4443,3,2,5696ca660fcaeddad3082391c8d2c08cc41cfaa98f511e67b52e4ac71f47f7d8,KCQ,4443,3,True
3,285,6,1,KCQA,"(6, 1, 3, 1)",4443,3,612,5696ca660fcaeddad3082391c8d2c08cc41cfaa98f511e67b52e4ac71f47f7d8,KCQA,4443,3,True
3,286,6,1,KCQA,"(6, 1, 4, 1)",4153,3,557,e6ea9336d22910f262b194d21097ee03564f33acd1a61d6c97210cbbd975fc7d,KCQA,4153,3,True
3,287,6,1,KCA,"(6, 1, 1)",38653,4,267,0047b6ea613cbefd53bc4012a39375b9f6d51f915080b76d76227087f9f5a8d1,KCA,38653,4,True
3,288,6,1,KCQA,"(6, 1, 19, 1)",224,4,27,5b0517c99830a80497b1ae939280dbef0488ca0962dd7c47687fc8fd35bc1dc8,KCQA,224,4,True
3,289,6,1,KCQA,"(6, 1, 20, 1)",308,4,36,3b4d0fc573213a4636bb1c902042514ae1ba3fa704bec97459790c22204421ed,KCQA,308,4,True
3,290,6,1,KCQA,"(6, 1, 21, 1)",375,4,51,570bb9b79b6ce011e0f3e0a20b44cff8a228ac9e9e45a600753016902ac6bf2b,KCQA,375,4,True
3,291,6,1,KCQA,"(6, 1, 22, 1)",445,4,104,31de5cc24c65ded45f4446d92788dac13fbf8d4dc01ae60f0bba151e592658c2,KCQA,445,4,True
3,292,6,1,KCQA,"(6, 1, 23, 1)",481,4,188,0c9c80b3f5a712ddade5a230db4dbe123378ca818681dc6f145b4fd5a24be8fd,KCQA,481,4,True
3,293,6,1,KCQA,"(6, 1, 24, 1)",512,4,270,f3c0d9a24cd80b87030e2d4902821205f6f51c0845dd69928836866f15597f3a,KCQA,512,4,True
3,294,6,1,KCQA,"(6, 1, 25, 1)",562,4,330,f46eb8fb105146bdb4b94095a4138daf66e405b71e71d621bab746fe217ee0d8,KCQA,562,4,True
3,295,6,1,KCQA,"(6, 1, 26, 1)",677,4,475,5d890c4989d9679690a5dde1e99fc2c16b94db8cebec8fd60f4037e43e3ad3e8,KCQA,677,4,True
3,296,6,1,KCQA,"(6, 1, 27, 1)",875,4,553,9c0415b5815d3ef6b6c29e7147026c3928725237c64f6636ed905b1eb1765118,KCQA,875,4,True
3,297,6,1,KCQA,"(6, 1, 28, 1)",1079,4,593,e3c87fa999b899ca7865fae6b8e440b8de0e814e7b4ded4c6154ebc267b7a5ee,KCQA,1079,4,True
3,298,6,1,KCQA,"(6, 1, 29, 1)",1209,4,586,9dfe68042589d8b64db5b0dcd3d1b2af9b9f884faced72768c854379ac439290,KCQA,1209,4,True
3,299,6,1,KCQA,"(6, 1, 30, 1)",1332,4,577,52321bd970b7f8c54f613ab0f82ab0b17ec023fce7f704ffa00722605227baa1,KCQA,1332,4,True
3,300,6,1,KCQA,"(6, 1, 31, 1)",1293,4,555,6839c3057a591710dda06528d5140d75fe0dee1a35c17e1aa3ea2e0f92b46b1c,KCQA,1293,4,True
3,301,6,1,KCQA,"(6, 1, 32, 1)",1254,4,454,939371873227f5fc34d58c416b9478d90de7883611d28b1c0f87958751112157,KCQA,1254,4,True
3,302,6,1,KCQA,"(6, 1, 33, 1)",1124,4,420,b3d08ea0b11076eebbc1662c10081e7408e14b7faef850c4532f69d3bc9502c5,KCQA,1124,4,True
3,303,6,1,KCQA,"(6, 1, 34, 1)",923,4,389,08eb1e758f78271718faf80b7a700e1fb2e624ab0022701d87458e2c1ef98c01,KCQA,923,4,True
3,304,6,1,KCQA,"(6, 1, 35, 1)",788,4,345,18ac34e2dcd5fc14150ec46c6104acd04866a108cbb4b149f05804588720b1cb,KCQA,788,4,True
3,305,6,1,KCQA,"(6, 1, 36, 1)",680,4,321,0b7652c0d8072f9a3d2ef87d41cb8a1dc5e06ed12239462bb0eb5df3ed78c07e,KCQA,680,4,True
3,306,6,1,KCQA,"(6, 1, 37, 1)",520,4,284,6378d27b1ebf5bfeb3351819d839430c1400e232fef245bbebc9eb4b2e8d713d,KCQA,520,4,True
3,307,6,1,KCQA,"(6, 1, 38, 1)",434,4,218,6b5ff015417b57b2d293b27d75f827f7ac0edcc1e4a8d6cb2860b199735f5919,KCQA,434,4,True
3,308,6,1,KCQA,"(6, 1, 39, 1)",351,4,148,8f049873f65e5198f26c68204fe70df31ad77a1ffaf9ec04f5e562e4664c3ef8,KCQA,351,4,True
3,309,6,1,KCQA,"(6, 1, 40, 1)",245,4,87,df2310b4bd3c0c845394bb68ccbf829d3dd8361402ea81e14911930afbdb24e2,KCQA,245,4,True
3,310,6,2,KCQA,"(6, 2, 0, 0)",7024,4,1756,78404f75494e80fc55ca5b17a42a3495c7745db265fe4c080a50cd86a9620bb5,KCQA,7024,4,True
3,311,6,2,KCQA,"(6, 2, 0, 1)",6326,4,1579,ec29594f0b69a5400095f7cb6d27eaaa2c50cec1316e31c1ef10bc35946137c3,KCQA,6326,4,True
3,312,6,2,KCQA,"(6, 2, 0, 2)",5857,4,1494,f17ef674b9c54842c0a4e754a8a318cffa92473569672a3a41e6f1467575d6fd,KCQA,5857,4,True
3,313,6,2,KCQA,"(6, 2, 1, 0)",702,4,177,35e1c51ee98763a47231b36694a52a038333c386d72ef749d2b8d1740e740176,KCQA,702,4,True
3,314,6,2,KCQA,"(6, 2, 1, 1)",1124,4,255,5a7c386d6cb82b599917aedb6dd6e730d7aac2039825d70f476348ec04b8deca,KCQA,1124,4,True
3,315,6,2,KCQA,"(6, 2, 1, 2)",6722,4,1686,87ea9b353f850208f57b6ce69bcea3cb7d09b463e04c798c7a0f9be6010c9dfe,KCQA,6722,4,True
3,316,6,2,KCQ,"(6, 2, 2)",7344,4,7,06a1ce0098fdbabeb4159ea4541ba184c801377ce0fe2ea68f330f7c83509aad,KCQ,7344,4,True
3,317,6,2,KCQA,"(6, 2, 2, 1)",313,4,72,e6fe3b7fb14b797679cdeaed2cc6b9989cb53b91692fcb3f18d1b3440d41177b,KCQA,313,4,True
3,318,6,2,KCQA,"(6, 2, 2, 2)",6978,4,1746,0a9f11c71291e762893ecd29e42a8d092ab604f907058e5b8f14c184133f98c0,KCQA,6978,4,True
3,319,6,2,KCQ,"(6, 2, 3)",7072,4,14,5c27c158b54235ad3b37b06255f871111ee91a3832a48177ecf2a5667144560f,KCQ,7072,4,True
3,320,6,2,KCQA,"(6, 2, 3, 2)",6990,4,1751,69405c044915a577ad11db7076ebb25a40770332a238d34da687ddc04d4788ec,KCQA,6990,4,True
3,321,6,2,KCA,"(6, 2, 1)",7865,4,6,58c734787b1d350722eeb76455152efe604041143294268dbc67c5cb1b1d38d1,KCA,7865,4,True
3,322,6,2,KCA,"(6, 2, 2)",27336,4,203,1ef811131f3ae0280d11add4c727cf469cb7bb50422d082c1a021a1c671944e5,KCA,27336,4,True
3,323,6,3,KCQA,"(6, 3, 0, 0)",7073,4,1766,2ed69c53dde525037fadab5ca7de5491b55e964ebfd42a551c8b2f5eef374d12,KCQA,7073,4,True
3,324,6,3,KCQA,"(6, 3, 0, 1)",6419,4,1585,b0924cc064f1247ab432cc17af5a8564ed23596219c9974a81f13aed7dad278e,KCQA,6419,4,True
3,325,6,3,KCQA,"(6, 3, 0, 2)",5901,4,1475,2b85a9fddf8aced147bab8f711b5e912b2e862b2e54ccbc57d833a040691b15a,KCQA,5901,4,True
3,326,6,3,KCQA,"(6, 3, 0, 3)",5437,4,1359,46b8f7e169f19c41e2a6329123a6d6850f19153ab3f87e91cbc51707e9e7a54d,KCQA,5437,4,True
3,327,6,3,KCQA,"(6, 3, 1, 0)",659,4,186,7f5f3567fa4f121080c1aa93dbcce62e379715ecd25b4ed8e2b2476f167cfc84,KCQA,659,4,True
3,328,6,3,KCQA,"(6, 3, 1, 1)",1125,4,279,22de97c05c30351730244488a301107ae4c6cfe8d54387a49f1d7de598cc8bce,KCQA,1125,4,True
3,329,6,3,KCQA,"(6, 3, 1, 2)",1503,4,374,b05d1443473320ee7b0b4aebfaf8f0a65fe7ebc7c5d11109a5aa59cead7fab5c,KCQA,1503,4,True
3,330,6,3,KCQA,"(6, 3, 1, 3)",6617,4,1654,f127ba3bc50ac4afaaaccd69ec599b3f976390b1374b1b1df651734addb9feff,KCQA,6617,4,True
3,331,6,3,KCQ,"(6, 3, 2)",7594,4,51,1ba2bda0724d90c3cef303a15f3d35a2e3964194999253eae807afffb6d85e04,KCQ,7594,4,True
3,332,6,3,KCQA,"(6, 3, 2, 2)",443,4,113,9ba809f2cf2aaf521576741e8c447019c36e80b0b6e08556401a5ca70f2c3227,KCQA,443,4,True
3,333,6,3,KCQA,"(6, 3, 2, 3)",6962,4,1735,e2c9bf8db1e2acc8b50f2dea87b7ca02c759bbda6d0962b8045ecfb1dfa1412f,KCQA,6962,4,True
3,334,6,3,KCA,"(6, 3, 0)",7789,4,2,bb41975a5ea5de2cc70794249113faf81ff17c5a5f99de3b402913f859d8c903,KCA,7789,4,True
3,335,6,3,KCA,"(6, 3, 1)",7707,4,6,7f58b7d540fc6890f96a801d9f992172c462700f2c8418e0e7017e7ecf4b409b,KCA,7707,4,True
3,336,6,3,KCA,"(6, 3, 2)",7967,4,36,f6293ef8e686f0090b996f291abd34cfb4e5adb49acca96fa4c557effd43c567,KCA,7967,4,True
3,337,6,3,KCA,"(6, 3, 3)",19495,4,124,73652ace123a9d39ee12e5fe3374464e75b8492700cfdc4998967fc70847a009,KCA,19495,4,True
3,338,6,4,KCQA,"(6, 4, 0, 0)",7068,4,1773,f699a8c8215084e287fa64cd198066bbae5f92d869e82d71898c11c4a6c22613,KCQA,7068,4,True
3,339,6,4,KCQA,"(6, 4, 0, 1)",5878,4,1567,b21f21acef13777f5e6ec6cb710b6a8252a2c527e0d5cf12029ffa0a8502632d,KCQA,5878,4,True
3,340,6,4,KCQA,"(6, 4, 0, 2)",5536,4,1452,6955a580cfbf7093b4262cbb6558b30d7d673acc52585ee274402de75d2fe054,KCQA,5536,4,True
3,341,6,4,KCQA,"(6, 4, 0, 3)",5446,4,1392,c4b436561e4a9dbb33f59fd0072dee7987b2f5fc08d141dbae6829dacc1965c9,KCQA,5446,4,True
3,342,6,4,KCQA,"(6, 4, 0, 4)",5413,4,1279,56c04898298ec95e54f3a12ebf987d2edb0e336a535b763e27dbca73867f6be9,KCQA,5413,4,True
3,343,6,4,KCQA,"(6, 4, 1, 0)",1207,4,206,2c5b580018c2bb9ba60c7f31c59c1f1c06938b4048531dfa824732cc7435b2d0,KCQA,1207,4,True
3,344,6,4,KCQA,"(6, 4, 1, 1)",1440,4,309,e8855ed3bb2fa5fa8db16361ef629ed3d9b3b1367abd4399b18532471ab2f93e,KCQA,1440,4,True
3,345,6,4,KCQA,"(6, 4, 1, 2)",1463,4,357,1457035c6903593fca6041f394d8e560f71c777de339527fc82f516f63ffee2b,KCQA,1463,4,True
3,346,6,4,KCQA,"(6, 4, 1, 3)",1458,4,445,aeb999e7800edff4a6792593fff87a085fccae773a924a52e781ac27e7cc301e,KCQA,1458,4,True
3,347,6,4,KCQA,"(6, 4, 1, 4)",6754,4,1656,282ca28f147e7c86470b8bb853468cfe125a8ad8c73cf8e683d1ded28370619a,KCQA,6754,4,True
3,348,6,4,KCQ,"(6, 4, 2)",847,4,49,89ad1af6e9dce5a63b0fb58bcb38d444627481f512b7b89afc16df979da75ab8,KCQ,847,4,True
3,349,6,4,KCQA,"(6, 4, 2, 2)",215,4,50,a79c6275c15d7761a9d6f99b3bf74f678acfb53a476d28f62c3e9d0117edb8bb,KCQA,215,4,True
3,350,6,4,KCQA,"(6, 4, 2, 3)",308,4,116,c9ef195957afee80490a56d85784f7e17309f07b56675fb11c293f8fe6adcec1,KCQA,308,4,True
3,351,6,4,KCA,"(6, 4, 1)",7519,4,2,be3909d4341e8e978a6a66c1ddad1d44337f7abab09975b8ad2529848780e72f,KCA,7519,4,True
3,352,6,4,KCA,"(6, 4, 2)",7240,4,4,4206f5bb8764b5cc473dbcb16bfb634bc2da7598ccd98db1d4ec90c100e96274,KCA,7240,4,True
3,353,6,4,KCA,"(6, 4, 4)",12496,4,14,ff5ae0e3cf4745f9b252fd736e7a50d26c8132710c079b66cdc89727a9f778ed,KCA,12496,4,True
3,354,6,5,KCQA,"(6, 5, 0, 0)",6908,4,1730,a42e611c17a29a74be9961bba7119a6b16acb7ac29dffa0d482ee5393a971b9e,KCQA,6908,4,True
3,355,6,5,KCQA,"(6, 5, 0, 1)",5937,4,1497,c2d1fa5c0be75e00d108491bfdbb3b8a0e73fa5d4ee6841c8c5dade6d6784fa3,KCQA,5937,4,True
3,356,6,5,KCQA,"(6, 5, 0, 2)",5493,4,1355,c5424a7b56063f57b8854974ffd40c379f600b0005b50f3451475782137fd830,KCQA,5493,4,True
3,357,6,5,KCQA,"(6, 5, 0, 3)",5209,4,1262,bce61e54670b4323db0677be9b8a842f9fa0a94b3e2a4c5af10058293b641324,KCQA,5209,4,True
3,358,6,5,KCQA,"(6, 5, 0, 4)",5140,4,1286,f524a0d6f58e214be9bcbbf7f054bcb3822bac45d04b7ade6aaa8d4804347fd0,KCQA,5140,4,True
3,359,6,5,KCQA,"(6, 5, 0, 5)",5579,4,1393,d3082baf2f9b23fff22194d985797442de1fdb1f65a7be68b14e6844841f2205,KCQA,5579,4,True
3,360,6,5,KCQA,"(6, 5, 1, 0)",1040,4,248,573277b725f8d3bff2ff1bbcca340db64276478f9e1f1a30969294a38b296bd1,KCQA,1040,4,True
3,361,6,5,KCQA,"(6, 5, 1, 1)",1405,4,362,0b9c233f6e86423c505371b9a07248f7b76922e0b28a9e390d29d7887df94606,KCQA,1405,4,True
3,362,6,5,KCQA,"(6, 5, 1, 2)",1570,4,440,a00c2ddd7d845b056c2e9fc82aeb175bf89bbb3bc4ea01c9fbdb69ab09bb46b9,KCQA,1570,4,True
3,363,6,5,KCQA,"(6, 5, 1, 3)",1595,4,388,14384904b3f5e023155e93cb7920ddfe38986a1cc95abeb93bbec400686943fd,KCQA,1595,4,True
3,364,6,5,KCQA,"(6, 5, 1, 4)",1199,4,287,c713b53c70eb999c2b6222d38d9517f022ff0e14577a530e3a50e3095bd8deec,KCQA,1199,4,True
3,365,6,5,KCQ,"(6, 5, 1)",6821,4,2,8fdb0a4fa579d66db3480dd34263d4c71f76f800095ab1bdb81109597d573a8e,KCQ,6821,4,True
3,366,6,5,KCQ,"(6, 5, 2)",691,4,86,a90cb563497fef4363d290ea98dbec4e191027aa8ef92705e5c23bbb4c34529d,KCQ,691,4,True
3,367,6,5,KCQA,"(6, 5, 2, 1)",204,4,41,394dde292158630e1bea79603f3c4880fe4e00e0834825d906ea7e426599da85,KCQA,204,4,True
3,368,6,5,KCQA,"(6, 5, 2, 2)",234,4,69,31238b81256d193e8b44b9816a96ced7c51e817c251777c27d1995204baaa0b4,KCQA,234,4,True
3,369,6,5,KCA,"(6, 5, 0)",8038,4,5,9ecf5c343d5952627dc9799de848b3fe804e83ebfe084f54d719bf9fb37eb6a3,KCA,8038,4,True
3,370,6,5,KCA,"(6, 5, 1)",7568,4,6,b93f333deffda33929637378a0e5f7e0d900ba881df5cdb8b742e0334f85efd7,KCA,7568,4,True
3,371,6,5,KCA,"(6, 5, 2)",7316,4,4,39a6718dc1b651eb200a7fde9a8d9eeaaaa388a5ce5ebd25bec23bbf1f844b33,KCA,7316,4,True
3,372,6,6,KCQA,"(6, 6, 0, 0)",6925,4,1729,b7d8f4be7e0f3971e43646ad21ffe9e99e745ff4057becec82bff8d2ae97948c,KCQA,6925,4,True
3,373,6,6,KCQA,"(6, 6, 0, 1)",6236,4,1567,848f95d25287741abb2eb41472f055e01239773b9fcf4339d1869212b9bd9035,KCQA,6236,4,True
3,374,6,6,KCQA,"(6, 6, 0, 2)",5861,4,1448,be7f0bab22a079f33711bb9eeda6e72c37d28fe712283e008fbb238afe60f4ed,KCQA,5861,4,True
3,375,6,6,KCQA,"(6, 6, 0, 3)",5599,4,1349,ba827846bf9c408b412caeef2011499b52e8178f1a9bbfd0bdd95df806c6df67,KCQA,5599,4,True
3,376,6,6,KCQA,"(6, 6, 0, 4)",5472,4,1321,dd7ba38f89e9b1dc2fec9e4594db319a440f221909e6a296533868101eebe362,KCQA,5472,4,True
3,377,6,6,KCQA,"(6, 6, 0, 5)",5458,4,1338,ae5ce082706bca8dd68536ec532d5a363cc111f83ec2df59e438116fa0cb4a33,KCQA,5458,4,True
3,378,6,6,KCQ,"(6, 6, 0)",35560,4,1,909f256b4bf84394a4c70b5d539011cf1e262f959c3cde665bdb05f667c21149,KCQ,35560,4,True
3,379,6,6,KCQA,"(6, 6, 1, 0)",706,4,165,6507b1cd9bc87261a0cce774d0229a92ccd51b7bc0e511ab3ed1694cd2866e1a,KCQA,706,4,True
3,380,6,6,KCQA,"(6, 6, 1, 1)",1049,4,274,76aa1f23a00c0d00f8e8b87f0d44b930ebce10601cd2f733383666995bcfb712,KCQA,1049,4,True
3,381,6,6,KCQA,"(6, 6, 1, 2)",1231,4,357,069fdfb63b771a76e38e033cd44954c53fdb690e0b86b75b6d87efaa121e151c,KCQA,1231,4,True
3,382,6,6,KCQA,"(6, 6, 1, 3)",1319,4,357,2fdc90f8c94405dfecf263fa920de3f9751829164887fbbfb050dc93585c907f,KCQA,1319,4,True
3,383,6,6,KCQA,"(6, 6, 1, 4)",1323,4,339,1903678e6fe4d3d9d4a74d9935f91d96f106421022510c342e862d1dc0f9e073,KCQA,1323,4,True
3,384,6,6,KCQ,"(6, 6, 1)",5631,4,3,6756e886c8e8ab084545d91b480674bddcfe9ebdc65e5b3bb5343167ffc6bbcf,KCQ,5631,4,True
3,385,6,6,KCQ,"(6, 6, 2)",488,4,149,d9e9916c59494caa6db5fc59ecf25178c25ca67bc98678f9eaa4f4db67cb7fa6,KCQ,488,4,True
3,386,6,6,KCA,"(6, 6, 0)",7675,4,2,49ec5f590187e6f4faa048ee27826cc37a044a3057b4188fe1c553bcf62320c5,KCA,7675,4,True
3,387,6,6,KCA,"(6, 6, 1)",7422,4,2,bf691ca935918928524b7eb4e4d5130a40c534ca61ea6a2ff71df9b6117c75a2,KCA,7422,4,True
3,388,6,6,KCA,"(6, 6, 2)",7258,4,7,71df681f17620a8ee52c4ff87c366fa76a42e92eefd2f6143e6591d79154494e,KCA,7258,4,True
3,389,6,7,KCQA,"(6, 7, 0, 0)",6918,4,1727,1ca47b742b1205811d1387ff8d41d2c004e6ff7548da6be4024607b629d8b852,KCQA,6918,4,True
3,390,6,7,KCQA,"(6, 7, 0, 1)",6222,4,1553,bc36381a6d4e6895f70181073b0dba80f1c3c9b8453731a4dc37ce0c2f1e8a36,KCQA,6222,4,True
3,391,6,7,KCQA,"(6, 7, 0, 2)",5743,4,1416,f1c3feebcaecef4df651978260cc777c98fdabae94e8ae8de2d4d7c3870def2d,KCQA,5743,4,True
3,392,6,7,KCQA,"(6, 7, 0, 3)",5382,4,1330,620b1aefa051c086bba2d1a572bef1b93cdaad482680e8b9ec31917510b72ca1,KCQA,5382,4,True
3,393,6,7,KCQA,"(6, 7, 0, 4)",5215,4,1304,7c9fa4e46340bec73369c9fd639c10ff4c9e13c187dc7f99c6489da8b4cb4647,KCQA,5215,4,True
3,394,6,7,KCQA,"(6, 7, 0, 5)",5464,4,1284,a14709ed92578f5a8d6fda0eb143c3ec05807eaf2dd78331ed22ceb9bed75785,KCQA,5464,4,True
3,395,6,7,KCQ,"(6, 7, 0)",34962,4,3,58cc1a0098cc72f20b4f14eaba9186ba982e43949bacea4d67ed1c54e5d81932,KCQ,34962,4,True
3,396,6,7,KCQA,"(6, 7, 1, 0)",719,4,177,89374cd46242ee4fc7fe13e602f1e7d1d15904f8abcf7adfb2257ae6f3d8dd98,KCQA,719,4,True
3,397,6,7,KCQA,"(6, 7, 1, 1)",1126,4,296,160b7f9f12f2e45ad36b7628fe16e5bea09bb2561121373633f1ec2503582373,KCQA,1126,4,True
3,398,6,7,KCQA,"(6, 7, 1, 2)",1435,4,355,7b5ba499049ecda9bc7db8a0471af941756546b525f8218aba614584f9661ca2,KCQA,1435,4,True
3,399,6,7,KCQA,"(6, 7, 1, 3)",1524,4,363,12e6f39a497313d5d84cfab761d48ddafc704b908f352609d2babce1e73066d7,KCQA,1524,4,True
3,400,6,7,KCQA,"(6, 7, 1, 4)",1240,4,387,552be79bf90dff24e6016edda3a8bbfdafac4c85655e75f3dd979f3d3c0fe1c2,KCQA,1240,4,True
3,401,6,7,KCQ,"(6, 7, 2)",597,4,120,2eabce8f99edbbf48b62c7d03e4e16a40bd9869ceaa5a55d1f17dac183638db2,KCQ,597,4,True
3,402,6,7,KCQA,"(6, 7, 2, 3)",215,4,60,54a21b4613c379237adee2de31d1f62a4303bd2f797681c731a0b9a4902a1c60,KCQA,215,4,True
3,403,6,7,KCA,"(6, 7, 0)",7710,4,2,9ba1a15fdff466572d500b1e472373c51b5e0b9fdcf02a7fe94442f593e1b090,KCA,7710,4,True
3,404,6,7,KCA,"(6, 7, 1)",7483,4,6,df1071b1887a38760eab6ea5ce6c78f7459b7bea4e8d8034fe2bcf734f6d6df6,KCA,7483,4,True
3,405,6,7,KCA,"(6, 7, 2)",7385,4,1,ac1fd9452d70f152dfef1b3ae09cdeece1f8335be8b9826b8472c042e9334eff,KCA,7385,4,True
3,406,6,8,KCQA,"(6, 8, 0, 0)",6910,4,1732,bdd7e910c5137962b2a76e61800e5e39e03566314be2d13f497f1f38ca1f8be9,KCQA,6910,4,True
3,407,6,8,KCQA,"(6, 8, 0, 1)",6190,4,1548,c52a92d1d265134cb71237a90c1f9c1eaf57ba06d2e9db2d8760b1b3db7af89a,KCQA,6190,4,True
3,408,6,8,KCQA,"(6, 8, 0, 2)",5765,4,1458,9676804cfc0454f90bbfe1cb97f87ea4178352ccfe68f998ce1968f3d9392255,KCQA,5765,4,True
3,409,6,8,KCQA,"(6, 8, 0, 3)",5415,4,1371,9d76ce2bf43d16165c43a9197285989b2422b3ee92677f7af7da7e63bab9ab2f,KCQA,5415,4,True
3,410,6,8,KCQA,"(6, 8, 0, 4)",5296,4,1348,5dc54739cb3a92c379b67f471f7f0557ac0cc850ca38b7ab1aabb1d3f1682ff3,KCQA,5296,4,True
3,411,6,8,KCQA,"(6, 8, 0, 5)",5410,4,1385,335b98c3d72384223005cb2e8cae6f79b211f337c990a8a98f8357b441d22f50,KCQA,5410,4,True
3,412,6,8,KCQ,"(6, 8, 0)",34996,4,2,7faf06ccfe5676f19a2014a24f3d4b04adf0d606303fe190cfe5e6aabb4d3e2e,KCQ,34996,4,True
3,413,6,8,KCQA,"(6, 8, 1, 0)",748,4,185,aaff2efd8bcbb63a322aa4b9674814683003996f7ed99862e7d48c59c29bf539,KCQA,748,4,True
3,414,6,8,KCQA,"(6, 8, 1, 1)",1107,4,270,bf5131ff90f8d0cbbb1bff680fb97e9b093deb1ad1887d967763d6768253eef1,KCQA,1107,4,True
3,415,6,8,KCQA,"(6, 8, 1, 2)",1377,4,327,904f3ec29e3e50cdaecf21cad5a1a892d3ed6c151bf6138199c899dd57efccbd,KCQA,1377,4,True
3,416,6,8,KCQA,"(6, 8, 1, 3)",1447,4,345,c59508c81e45bc28f214804b7608c3ed7a6add81c92a8f67216059c2bc9ab431,KCQA,1447,4,True
3,417,6,8,KCQA,"(6, 8, 1, 4)",1323,4,315,426dca4b6a8fc63e0aca7f0043542a8b393f60d2f87c02fc4ace21841d16f88d,KCQA,1323,4,True
3,418,6,8,KCQ,"(6, 8, 2)",584,4,126,81e101a0ff9ee396e36925ebaecc16986bc3b607a41bf01d0906b66fd7941bc4,KCQ,584,4,True
3,419,6,8,KCA,"(6, 8, 0)",7733,4,1,00a78fab7af6744ecba1b33f3159cd2719970090c6e893a4281465276be4fb55,KCA,7733,4,True
3,420,6,8,KCA,"(6, 8, 1)",7451,4,1,8fbed02416a66f53a5d3a7918f0071322099e3fb26d1d83cba5473597f878f5b,KCA,7451,4,True
3,421,6,8,KCA,"(6, 8, 2)",7342,4,3,85d5c5800d5ce71a0c929f10207eb384bba08a3727c2de83e4b82dc4bbe7e299,KCA,7342,4,True
3,422,7,1,KCA,"(7, 1, 1)",50112,4,12545,247ae5def85d363c88b0800382b19147ec7e58665d8d1c089eb27469c88200ff,KCA,50112,4,True
3,423,7,2,KCQA,"(7, 2, 0, 0)",1480,3,329,470497a336eba7d44b66d20ba6850901ba0c7265b6169ab7427e1a6275655cf7,KCQA,1480,3,True
3,424,7,2,KCQA,"(7, 2, 0, 1)",2213,3,502,b5fd644c9df61ae5d0d8293d104feeefdb4604c42a09799f8d1cad22d5def7fe,KCQA,2213,3,True
3,425,7,2,KCQA,"(7, 2, 0, 2)",1870,3,438,479c905511eedbfad2d758970d0ed5854c08c96a6d9c5308b3d216cbb8285f95,KCQA,1870,3,True
3,426,7,2,KCQA,"(7, 2, 1, 0)",283,3,64,3c76e8b6049ec7855926718e0d16a7506b0eb3453809bc943e5e313577d13d58,KCQA,283,3,True
3,427,7,2,KCQA,"(7, 2, 1, 1)",442,3,90,535c2cfacf4abbadcceb304b41499fed817d7297e25afbf0e01126c2b1d47cec,KCQA,442,3,True
3,428,7,2,KCQA,"(7, 2, 1, 2)",2155,3,496,3404b8d83ab41a8a0c61f893965f7bc433117d1497688ce6abe36129ad3f4010,KCQA,2155,3,True
3,429,7,2,KCQ,"(7, 2, 2)",2363,3,29,3cce3c268dccc2072ef08e4ced348a88d7f7c3c2c3623f05fcec9ac79bc85c12,KCQ,2363,3,True
3,430,7,2,KCQA,"(7, 2, 2, 2)",2237,3,513,57091e524bab2abd09e3a0e081923bc3f23b4244235a094e5edcfc7b9c485cff,KCQA,2237,3,True
3,431,7,2,KCQ,"(7, 2, 3)",2294,3,5,d16bb7c717de03ed22d2e4a48d45aa12144cfa4d27c6ac2842fea579ebe7672a,KCQ,2294,3,True
3,432,7,2,KCQA,"(7, 2, 3, 2)",2273,3,519,41d531361e1c64e774a076643e6d79997da9a1f938d99ec4981a23bd2377b09d,KCQA,2273,3,True
3,433,7,2,KCQ,"(7, 2, 4)",2247,3,2,037a289bb9f2e159548f3c8da4143e2783207238647f02b23302b9d24abe675e,KCQ,2247,3,True
3,434,7,2,KCQA,"(7, 2, 4, 2)",2245,3,509,e286332571c9668a2628a2c0be9f587e8763f11e12effbc4ccd0f071deee63eb,KCQA,2245,3,True
3,435,7,2,KCA,"(7, 2, 1)",2782,3,1,e8e0f93e293e60ff72f81fa12d884a3419cb0c37c8006ed9f4dfd3aaad09b2e9,KCA,2782,3,True
3,436,7,2,KCA,"(7, 2, 2)",45551,4,223,e73ad2a44abb37e1d84774fe3ff7f462e92c9ae31f5685375b3ebc68e7ecab5b,KCA,45551,4,True
3,437,7,2,KCQA,"(7, 2, 9, 2)",238,4,28,a1bf9ff799f559958ae9a525f1eca5242ceb5bca0c584842c0afa2e8609c8a1d,KCQA,238,4,True
3,438,7,2,KCQA,"(7, 2, 10, 2)",293,4,28,c0bffbb5bcb0a07036b6e3b48a827baaa72c067e8a1d0871a0e9ccea50cd83aa,KCQA,293,4,True
3,439,7,2,KCQA,"(7, 2, 11, 2)",389,4,30,c313729710c3f8ae1f6bd615af6dd120e65ed5d0b410e001874c67cd38eae338,KCQA,389,4,True
3,440,7,2,KCQA,"(7, 2, 12, 2)",451,4,26,d455cecda7fce2363aac91c15493ffa5400c4fa4b22d1727c6d1a0cc8a556695,KCQA,451,4,True
3,441,7,2,KCQA,"(7, 2, 13, 2)",507,4,29,0a172cd4c0dfd66e2a29140734e159c3b4d7a48b4f589985507374f355b71e85,KCQA,507,4,True
3,442,7,2,KCQA,"(7, 2, 14, 2)",543,4,22,ea0b93a3182a14927c6de17da03a98f4ed3fed438bbac7fef56b409caf2eaa46,KCQA,543,4,True
3,443,7,2,KCQA,"(7, 2, 15, 2)",563,4,26,65179f68f8422cbf372894408612d17c3c3a4223d28590d774be4219ad654217,KCQA,563,4,True
3,444,7,2,KCQA,"(7, 2, 16, 2)",582,4,27,4a0b109ab20f20782f351b2458ff30829ceb376e68decb831f77052c1311af12,KCQA,582,4,True
3,445,7,2,KCQA,"(7, 2, 17, 2)",590,4,27,d1218df900141c528b48a32a62c57e5302bb1e4015dd208b81b9cfbb0228377c,KCQA,590,4,True
3,446,7,2,KCQA,"(7, 2, 18, 2)",572,4,33,dafb863c6e3ebdee1569446bb001c0dea645437769fd27136cfb20730d17ea8a,KCQA,572,4,True
3,447,7,2,KCQA,"(7, 2, 19, 2)",587,4,51,3ffe44cb736ed22e85acc948ec85ae3a69917a41a11d2af97fa679a479f30c75,KCQA,587,4,True
3,448,7,2,KCQA,"(7, 2, 20, 2)",664,4,64,37ca36bef4bdc760a2afaa4e9096eaf942dd4d63dcfc1b177c7ef4dd9195e09f,KCQA,664,4,True
3,449,7,2,KCQA,"(7, 2, 21, 2)",763,4,75,7a8880b8c0bc3b0d3c95fb1b4037243dea5d9386bcd7713148bc97e0bdadd3b6,KCQA,763,4,True
3,450,7,2,KCQA,"(7, 2, 22, 2)",869,4,90,e0467900ae1b552afd1e1bf3aa9290df0d65457d5ba6bb5a782f14ac80f7b1ec,KCQA,869,4,True
3,451,7,2,KCQA,"(7, 2, 23, 2)",1024,4,105,49ae6c8d5806d41a9e210a2dabce29142b75a4b2d86482acaace1837b7843ea8,KCQA,1024,4,True
3,452,7,2,KCQA,"(7, 2, 24, 2)",1138,4,118,0921555011fa940fb484a9acec89a2cfdf9dcba0285c7bd47c3a176fb0aed429,KCQA,1138,4,True
3,453,7,2,KCQA,"(7, 2, 25, 2)",1119,4,130,f930af20fcc64d1581ed304001620d0b3fc8868efd1360732b7868ea52a3d602,KCQA,1119,4,True
3,454,7,2,KCQA,"(7, 2, 26, 2)",1042,4,147,7bc65593aee5c3484def96ca03eb2a0c3b72987235aa9327aab218f0c0ca20f6,KCQA,1042,4,True
3,455,7,2,KCQA,"(7, 2, 27, 2)",1037,4,157,3f657be1c9917c7e291994dddeccdd87e577ecda7807c67f0466fda6a9e0fbab,KCQA,1037,4,True
3,456,7,2,KCQA,"(7, 2, 28, 2)",1024,4,167,7e5e705ed9aa71ef6a2b0961a1427aa676eb154cd89afb369d2121bdfe50f03b,KCQA,1024,4,True
3,457,7,2,KCQA,"(7, 2, 29, 2)",969,4,170,210f9aeb0c37921ca5d299e9aea4269387d1bec8ab58480ad1777372456093f4,KCQA,969,4,True
3,458,7,2,KCQA,"(7, 2, 30, 2)",929,4,163,64df84f73daa81b7f1464469311931d156776cc2fd7b42c6a82f33efd8aca008,KCQA,929,4,True
3,459,7,2,KCQA,"(7, 2, 31, 2)",879,4,147,3ea0fa73c7b50854de3df28719f92c470d52df0d3b6f39760a8f295f550f2816,KCQA,879,4,True
3,460,7,2,KCQA,"(7, 2, 32, 2)",773,4,120,ca504a4b8f94b12d8a9dcbcd586fd4b665ce570992e447eee00010a6d73b798d,KCQA,773,4,True
3,461,7,2,KCQA,"(7, 2, 33, 2)",649,4,123,6ddc7f07d1db766d5d7ddc8e026d098ff9a529c619ab149bdb1a2e910cc4e1e4,KCQA,649,4,True
3,462,7,2,KCQA,"(7, 2, 34, 2)",542,4,142,37d6dffb0de2b060333cbca9712e8894db12c3f203ef0463e4704e7831d41265,KCQA,542,4,True
3,463,7,2,KCQA,"(7, 2, 35, 2)",507,4,176,393c59f975c74fb18cdbc76bfb60b986c89ba648aae309896717db907f39a551,KCQA,507,4,True
3,464,7,2,KCQA,"(7, 2, 36, 2)",512,4,207,862ea7c745ab222e44d66cb71b844c2cea3e3d5fbd43b6391be1fa3bf3a5c35f,KCQA,512,4,True
3,465,7,2,KCQA,"(7, 2, 37, 2)",589,4,236,2e89105aaae9c0efc9ce3e8a0854ba53af0e7356190b386b02c39e335aedfb85,KCQA,589,4,True
3,466,7,2,KCQA,"(7, 2, 38, 2)",649,4,285,be1689122b6f21645de43c94989883eeac785872fd3980a88af4f6feea866481,KCQA,649,4,True
3,467,7,2,KCQA,"(7, 2, 39, 2)",738,4,328,276147930594a6e70e36290405c747f6002dc648989cf2ea1733c9438edbb71f,KCQA,738,4,True
3,468,7,2,KCQA,"(7, 2, 40, 2)",857,4,410,d8da5db3aeca834cacf1406325002dda51c63bd90749d31f3a77ef665292a90c,KCQA,857,4,True
3,469,7,2,KCQA,"(7, 2, 41, 2)",978,4,494,3303621f116bbc3f57f4118e894319f231f8355017401be88907804140f7cdb6,KCQA,978,4,True
3,470,7,2,KCQA,"(7, 2, 42, 2)",1063,4,574,a8b81509d9b962ae6b9ef6ff5dd32fa43b0d56cda5b3457ce6916c53040032f3,KCQA,1063,4,True
3,471,7,2,KCQA,"(7, 2, 43, 2)",1195,4,646,2f08e57cb99b3b2edb1d3fb3f9b25d44e07247da88e834d98b74dd01bae9878d,KCQA,1195,4,True
3,472,7,2,KCQA,"(7, 2, 44, 2)",1270,4,640,34033f6f9c2a8004d60d24d7d855237cb37f0c59a12840a102b779350e801d07,KCQA,1270,4,True
3,473,7,2,KCQA,"(7, 2, 45, 2)",1294,4,606,3de3f736fe4322cd06d3242ed3b5733fde7692776b3de082670798c29f7d41f8,KCQA,1294,4,True
3,474,7,2,KCQA,"(7, 2, 46, 2)",1249,4,511,84a342ecb29463a55dbd30c9d411219f0fa3c2fba86d3b55f1a189978e5f8fab,KCQA,1249,4,True
3,475,7,2,KCQA,"(7, 2, 47, 2)",1130,4,404,f0f453738db75529217bda56eb3b59d53c01f5274f6d70d6999a0e0a2236d025,KCQA,1130,4,True
3,476,7,2,KCQA,"(7, 2, 48, 2)",961,4,326,7657ce29225077dd4d0da196306a932ad9c513e473d352b39e272d11223507f6,KCQA,961,4,True
3,477,7,2,KCQA,"(7, 2, 49, 2)",776,4,269,229e268ad7f2636968682493838ab65e485e6de98a4f1eb081509a14abbc9698,KCQA,776,4,True
3,478,7,2,KCQA,"(7, 2, 50, 2)",548,4,202,04ccbbda215068a3f671526aa694a19166c3fed808cce9a6e7cdef15e33ad23a,KCQA,548,4,True
3,479,7,2,KCQA,"(7, 2, 51, 2)",333,4,156,3e9a1c123d4a9c6de7387cd6c2be41fb8fb6462cd800f720d3efb6fd4fa38972,KCQA,333,4,True
3,480,7,2,KCQA,"(7, 2, 52, 2)",260,4,103,3ffb90c761e2878e3f30b466e0e1cdf7ef9a2c65c470cbf858ee12b9c7df3fed,KCQA,260,4,True
3,481,7,3,KCQA,"(7, 3, 0, 0)",4763,4,830,4f7370fb10db4d64e2557891c20d3576ad1922754e0f073f6aeb18b928b44ab4,KCQA,4763,4,True
3,482,7,3,KCQA,"(7, 3, 0, 1)",6135,4,1153,6924d5caad0f8fb9778c526ec271c860b8bab1d459e3aa43e94c30c927f6c2ca,KCQA,6135,4,True
3,483,7,3,KCQA,"(7, 3, 0, 2)",5074,4,974,9cd5f3b6167980a82636f46d161c2391e599f1b5af9a3c13e831063a6b3a7cb1,KCQA,5074,4,True
3,484,7,3,KCQA,"(7, 3, 0, 3)",4925,4,930,6a03babd0d21c9bd22be463d7879f64e93ffce74df18f09e7e9d5db8f43ce8f6,KCQA,4925,4,True
3,485,7,3,KCQA,"(7, 3, 1, 0)",986,4,170,dad1f97434a96f43b05e234ea8f5daa62f855f63334fd016da47d89fc61bf6bf,KCQA,986,4,True
3,486,7,3,KCQA,"(7, 3, 1, 1)",1635,4,282,d822c92485f26de104ffef5ca87121fa294e2d79fd1816a36d378a078173e286,KCQA,1635,4,True
3,487,7,3,KCQA,"(7, 3, 1, 2)",1570,4,272,894da186d6c89b42732c72d5520a853d8bfdde69c27abd7677ece334e4f8a5db,KCQA,1570,4,True
3,488,7,3,KCQA,"(7, 3, 1, 3)",6174,4,1163,99df73217a27033259cc44123a434dd3d68bda5d5b933107023859521da8b333,KCQA,6174,4,True
3,489,7,3,KCQ,"(7, 3, 2)",7453,4,25,d031893efd17e6330b9c76d0cde9e33fbab28c79f69abe55f126980e3de71efb,KCQ,7453,4,True
3,490,7,3,KCQA,"(7, 3, 2, 1)",247,4,40,7ea15b630cd986e8911584fe4872e34921f945c58900e490ad1929280862dff7,KCQA,247,4,True
3,491,7,3,KCQA,"(7, 3, 2, 2)",492,4,78,ea1668d66c54e6d286f7a930901989cd0954e4a268aa05bd9a888963ddcba81b,KCQA,492,4,True
3,492,7,3,KCQA,"(7, 3, 2, 3)",6569,4,1219,a03ca065e5c8b13b22a7dc71d4d8fb029277db4e24686e2af75872f4a961e263,KCQA,6569,4,True
3,493,7,3,KCQ,"(7, 3, 3)",6767,4,31,add7f12e7874c8d0f174d248b9a6c7fc32f12a2a5876f7b665574e550dd19bc7,KCQ,6767,4,True
3,494,7,3,KCQA,"(7, 3, 3, 3)",6593,4,1218,2f95fba7e374754c520e2cedc445373743a080ca789f50c933ff8014a1101b98,KCQA,6593,4,True
3,495,7,3,KCQ,"(7, 3, 4)",210,4,61,b9fab3b366199b713ce8ff3825fc387d9fb5d90aae5913f614d48b00318bcbdb,KCQ,210,4,True
3,496,7,3,KCA,"(7, 3, 3)",28872,4,3981,6828e8caba01b61d6cc059e9a364a422074d344a90fe031d745f988dbf16242a,KCA,28872,4,True
3,497,7,3,KCQA,"(7, 3, 16, 3)",205,4,105,19408423715159c5168826a2e31e664a678e8d60e4934a786e04c5aa6b34030e,KCQA,205,4,True
3,498,7,4,KCQA,"(7, 4, 0, 0)",5573,4,1352,0f836e2ed1063a62176720fb06b4c42049adfe6f870977821fd6ed35822186a5,KCQA,5573,4,True
3,499,7,4,KCQA,"(7, 4, 0, 1)",5360,4,1297,92ef4eb6e37ffb49e1e3ac348cd14c411ba89edf72220f2165c316053c2ef962,KCQA,5360,4,True
3,500,7,4,KCQA,"(7, 4, 0, 2)",5421,4,1305,51a1ff83293f950dccc14c9dddab9d3a2fa9b0d79a47eecba7302bded6f36ff7,KCQA,5421,4,True
3,501,7,4,KCQA,"(7, 4, 0, 3)",5710,4,1426,0218b615a003079c2260e30a381498a2c2d8d4734f3c8ad3c9644746a4f43475,KCQA,5710,4,True
3,502,7,4,KCQA,"(7, 4, 0, 4)",5455,4,1328,14cad2fd82af84310959142c19045b801f71d1179503d8a2de20f33d13a888f9,KCQA,5455,4,True
3,503,7,4,KCQA,"(7, 4, 1, 0)",1094,4,282,02d5ae1bc498d32d5718fe5dedaf3c2e85c44bd3c95a5e6c7dceba8e026319bf,KCQA,1094,4,True
3,504,7,4,KCQA,"(7, 4, 1, 1)",1419,4,372,3b44fa53cf434b0fe146a28fd72b9885534a70916cebb4111454cbb5c3a2a9f4,KCQA,1419,4,True
3,505,7,4,KCQA,"(7, 4, 1, 2)",1524,4,371,75ebf9f79dac460e94c04c0e4a0f7ad9345d5c7e301355f1dc909f709e26d18a,KCQA,1524,4,True
3,506,7,4,KCQA,"(7, 4, 1, 3)",1541,4,398,ba0cd788b85198169cca17cdb8e05bb04e2a0dbc01413c866fdec8ac0067971f,KCQA,1541,4,True
3,507,7,4,KCQA,"(7, 4, 1, 4)",6666,4,1629,f8027c9bfa3e7f62d44e84a2832cc420e78098afdbed3b3a31b8d28cf4a4d19f,KCQA,6666,4,True
3,508,7,4,KCQ,"(7, 4, 2)",7895,4,32,2bc2378946e163456378502c7c57f135705bb6885a3103da35bb32156ac158bd,KCQ,7895,4,True
3,509,7,4,KCQA,"(7, 4, 2, 1)",220,4,67,8f3e38e15cf3c1ac9ef46feb4640c42534df99b5852912d529558246686fd58e,KCQA,220,4,True
3,510,7,4,KCQA,"(7, 4, 2, 2)",227,4,65,e45137e5a1a48733071d9db42ce01be9be601db818f13c7d551484f2ae2fc1bd,KCQA,227,4,True
3,511,7,4,KCQA,"(7, 4, 2, 3)",440,4,116,533f0c435680e9f4fece1d602c691b806222b0c8cae94d44d66201283a0fd07e,KCQA,440,4,True
3,512,7,4,KCQA,"(7, 4, 2, 4)",6872,4,1706,56abcdb741382f0ac251d831db289d90b50550bba029dbd0b412c1ff27e3030c,KCQA,6872,4,True
3,513,7,4,KCQ,"(7, 4, 3)",320,4,82,98e383ea4804e2629aa70a86370f50658a1033813215d9350f46a179bca42309,KCQ,320,4,True
3,514,7,4,KCA,"(7, 4, 2)",7213,4,1,4d293ef8c6bf100db860674b8ef41757f616440e27cdaa48b8f404bcbd2739eb,KCA,7213,4,True
3,515,7,4,KCA,"(7, 4, 4)",20838,4,530,aeddc88b39524fe317b68b45ca0b9412d33780d49a3d1121d3c56db8330cc64b,KCA,20838,4,True
3,516,7,5,KCQA,"(7, 5, 0, 0)",4315,4,1125,c9ee0e644e0e8b609a1a982a70cb94134c5f93c133d8acdc1e380c04fff8b0e0,KCQA,4315,4,True
3,517,7,5,KCQA,"(7, 5, 0, 1)",5010,4,1292,5056ac1f87ff4f2c8d445e5d121c5c322f1271cbba8b10c6512a4a9c86264cec,KCQA,5010,4,True
3,518,7,5,KCQA,"(7, 5, 0, 2)",5572,4,1463,032d2ace0a8094f261348b4e69cc2f57c97575ccb88998f6782ecaea8fb1712e,KCQA,5572,4,True
3,519,7,5,KCQA,"(7, 5, 0, 3)",5019,4,1256,a59587b0d4a9e208f10840053a07722157ae52046f7ea41e5fa2d8b51be0ea73,KCQA,5019,4,True
3,520,7,5,KCQA,"(7, 5, 0, 4)",5177,4,1308,3b2820bba97d36fc80a934b0062271ce41f5288207fb4c0f4400b387acfecb2b,KCQA,5177,4,True
3,521,7,5,KCQA,"(7, 5, 0, 5)",5475,4,1354,941f5c358a591181e8b5081c62ea14501dac3b7c21352536ec2416161ae2fbb3,KCQA,5475,4,True
3,522,7,5,KCQA,"(7, 5, 1, 0)",1020,4,258,6d14a976a60ea05db5e8f6b977973ebb8b675238c2d927cb40966c85f43d6227,KCQA,1020,4,True
3,523,7,5,KCQA,"(7, 5, 1, 1)",1478,4,323,e64eaf819d7eaefbbb463c5132416d4322678a1918f5c372908b06c69e1c82ad,KCQA,1478,4,True
3,524,7,5,KCQA,"(7, 5, 1, 2)",1792,4,490,7a6b9f062c77b6d577b07916c2de062d18884bc3453a9cf0781dc8749e262b65,KCQA,1792,4,True
3,525,7,5,KCQA,"(7, 5, 1, 3)",1572,4,428,2b33aa8194b3aa25fdbcd17cc1d339fbd37fa5358f4a3813169d2be33cbf4708,KCQA,1572,4,True
3,526,7,5,KCQA,"(7, 5, 1, 4)",1292,4,361,8be4edc0cf21068788746c3da9d2bd9b4614ccbe63fa24641ea0b7c36b564a3d,KCQA,1292,4,True
3,527,7,5,KCQA,"(7, 5, 1, 5)",6656,4,1702,96ed258607790e3f95f63c1a51e224154f2c31bfabbcdf23a2224bd3d55c0f6b,KCQA,6656,4,True
3,528,7,5,KCQ,"(7, 5, 2)",1869,4,40,1bda032881cd0193abcecdc408bd3f4162b444cbf25e2fbe56666b2346341127,KCQ,1869,4,True
3,529,7,5,KCQA,"(7, 5, 2, 1)",262,4,55,521b5af9b3119860bce6d97734c4a3f5469869f93286d9367aa87a6c27b492b1,KCQA,262,4,True
3,530,7,5,KCQA,"(7, 5, 2, 2)",258,4,69,eed932a202621ac826abb6b6108be12512f3d3259893ac9a67b039f9819f790a,KCQA,258,4,True
3,531,7,5,KCQA,"(7, 5, 2, 3)",209,4,62,91da79ec4620dc749f2d2a51a60af1be0983e59165e3cc118f91fe0966891a70,KCQA,209,4,True
3,532,7,5,KCQA,"(7, 5, 2, 4)",265,4,81,a746c966fd062379e63edcfe5a2257b68141ea425e6a1d928a1e9fed088c0950,KCQA,265,4,True
3,533,7,5,KCQA,"(7, 5, 2, 5)",723,4,178,ea8b2a104f54d40a19de67cefbf7673bdcbe6ce521894bad8f7b478b6af4947c,KCQA,723,4,True
3,534,7,5,KCQ,"(7, 5, 3)",315,4,16,9b89073b45ce5f259689a4bdaa4b5f1170da995e0454bf6b53e69cdc89fdc90a,KCQ,315,4,True
3,535,7,5,KCQA,"(7, 5, 3, 5)",206,4,54,a056d5857912c6c2c4adf52da3c23275f57d530342308b72794afa0593e54fb0,KCQA,206,4,True
3,536,7,5,KCA,"(7, 5, 5)",13069,4,2,b188de60c21a0e28150dea2062b8c414544503e31862f873101d1562d8ee568f,KCA,13069,4,True
3,537,7,6,KCQA,"(7, 6, 0, 0)",3627,4,944,c7cd68466762e830aaebe85e2da45c015e332732ba451a4f6d2f562db27dcd11,KCQA,3627,4,True
3,538,7,6,KCQA,"(7, 6, 0, 1)",6316,4,1615,a39557ae38426e776a8901388b87788e47dbdfc6de25081b99617eeaf9c69b4d,KCQA,6316,4,True
3,539,7,6,KCQA,"(7, 6, 0, 2)",5323,4,1330,6d51def6d181a4dca12efb61e5cb3584a595e698b47331086917b11a79930c69,KCQA,5323,4,True
3,540,7,6,KCQA,"(7, 6, 0, 3)",4915,4,1209,0f98682d53bc4e0f85348cc06f47ed49657d107f4f8525254602bdf960b59c7d,KCQA,4915,4,True
3,541,7,6,KCQA,"(7, 6, 0, 4)",4845,4,1212,cbbf01747d966640491eb74ff8752c0f6bc9d6a888ef2e5c94e3638806b89bfd,KCQA,4845,4,True
3,542,7,6,KCQA,"(7, 6, 0, 5)",5039,4,1224,d3de67dd224116f27e1b8f827900312afdeda4e72c19d05b243a2bc275abb5e6,KCQA,5039,4,True
3,543,7,6,KCQA,"(7, 6, 0, 6)",5505,4,1361,4924b54af056037a131e745d9651160f15b61932e3369f871472175036579a12,KCQA,5505,4,True
3,544,7,6,KCQA,"(7, 6, 1, 0)",921,4,232,cebb6d3fa123b224b9f10ecfa6c6977d24a542160524ce3326a6125666300307,KCQA,921,4,True
3,545,7,6,KCQA,"(7, 6, 1, 1)",1643,4,403,b0cd1ad0d6e4ff9bc8b41218d6a65e798af1b53a66a08d408d17d21311be3b47,KCQA,1643,4,True
3,546,7,6,KCQA,"(7, 6, 1, 2)",1710,4,426,ae3f27f38f90949c2a63b2cb94944cf4a752b6223f2000beb395595523cc6ca1,KCQA,1710,4,True
3,547,7,6,KCQA,"(7, 6, 1, 3)",1642,4,374,439b4c666340a920b12b07df057e09521a51d27fea948dfb14e8ea9143069a6b,KCQA,1642,4,True
3,548,7,6,KCQA,"(7, 6, 1, 4)",1413,4,370,f839c8d34da1548fdb63a24c2e6c15ef50c561fc59111bb5fc3613284d099a6c,KCQA,1413,4,True
3,549,7,6,KCQA,"(7, 6, 1, 5)",1005,4,261,6b34b894323bc07d42c22c6d9ea22bfc1b1d67a154ec3349196c967f015b41b6,KCQA,1005,4,True
3,550,7,6,KCQA,"(7, 6, 1, 6)",424,4,90,2bde9c5dd4b99e99fa6e084d4c5e77e1150101cbf190995834fe678c23d7e551,KCQA,424,4,True
3,551,7,6,KCQ,"(7, 6, 2)",1157,4,67,a5360b5ceb548ace3cfda1a5b7f74638f4a4c82606d3013a47afa210af2b8f89,KCQ,1157,4,True
3,552,7,6,KCQA,"(7, 6, 2, 1)",273,4,70,aae5f34ff07a7a671643f5fde472b1f8812c2b3b65b8f984efae81cdff10a1a0,KCQA,273,4,True
3,553,7,6,KCQA,"(7, 6, 2, 2)",297,4,86,1988d4b7a2d146e1240bb5edf2b7472ab611b666ab64adcc76d214e14fa559b0,KCQA,297,4,True
3,554,7,6,KCQA,"(7, 6, 2, 3)",276,4,64,4c706eb8b06656d466821196e09768f476f5358794229b658ca4cee3203c0a11,KCQA,276,4,True
3,555,7,6,KCA,"(7, 6, 0)",4700,4,8,2ce421cce43f0d9380e59b9fbd13645182d46c7d8ffa5a91a489dc9d0e639204,KCA,4700,4,True
3,556,7,6,KCA,"(7, 6, 1)",8274,4,9,f0c21787017c12c479e4976f543067f3e696177951246bf877acd6924bd94388,KCA,8274,4,True
3,557,7,6,KCA,"(7, 6, 2)",7364,4,6,aa38335e52c31b765f6159e3c6cb539f80aa78df1cf5a2ad272aa902cce9dd03,KCA,7364,4,True
3,558,7,6,KCA,"(7, 6, 3)",6859,4,7,e6a6ccaa9d0a3bf03e8b85455c2997c95f6393cde19d695ecae0a54f6775bd45,KCA,6859,4,True
3,559,7,7,KCQA,"(7, 7, 0, 0)",2324,4,574,f061ea8440c7b64c7ba2f7271964bb7bc8d90bddc30f3fdd5a780c4b15f60df8,KCQA,2324,4,True
3,560,7,7,KCQA,"(7, 7, 0, 1)",3992,4,965,cbb4c06203a9affd4a44e64ed84ee7257bfc7c8851b786a2abfcc390beb10b19,KCQA,3992,4,True
3,561,7,7,KCQA,"(7, 7, 0, 2)",5139,4,1248,661f970b27cc945f290b231644fa031093cd9965d06291ef5799fcf938df889f,KCQA,5139,4,True
3,562,7,7,KCQA,"(7, 7, 0, 3)",5692,4,1340,ca42eb7adb13b04363f4bfd06c6ab8df6ad8bd4e32f9f0db7e2c07a04a210926,KCQA,5692,4,True
3,563,7,7,KCQA,"(7, 7, 0, 4)",5850,4,1378,3064d178a34f850084ca4050a46237881cc7a392975cd30b0a668ef5024dd643,KCQA,5850,4,True
3,564,7,7,KCQA,"(7, 7, 0, 5)",5987,4,1510,62409b3f92d01adf586e359817bba203aa34be0d2448b3b71f2eebd0d87557f8,KCQA,5987,4,True
3,565,7,7,KCQA,"(7, 7, 0, 6)",6171,4,1582,3365128d11aed93fad349eef898440e8811f1fbacab406719d3479a02a5a835d,KCQA,6171,4,True
3,566,7,7,KCQA,"(7, 7, 0, 7)",838,4,259,87176a47334752f7192343288f7d9a2a2b95789b3ff50ed4887828cc45ead16d,KCQA,838,4,True
3,567,7,7,KCQA,"(7, 7, 1, 0)",574,4,132,32ed3e9ef99c5c197645d4aaaad1eaef56b6ffc0c7c8fbbb3072fe74c86bdb1b,KCQA,574,4,True
3,568,7,7,KCQA,"(7, 7, 1, 1)",1119,4,271,54b8fc24947ec59efccb52367b815f23bc199aa584dac192d51bab68a7417c08,KCQA,1119,4,True
3,569,7,7,KCQA,"(7, 7, 1, 2)",1523,4,364,f598d740199b27580e979c9085994838a0a524d96db04ee84accfb89ca6ee031,KCQA,1523,4,True
3,570,7,7,KCQA,"(7, 7, 1, 3)",1675,4,415,87e1e2a3bdd2a61e1aa17b239b7ee49a6f8752daba3de223b73dd5e74e3521f3,KCQA,1675,4,True
3,571,7,7,KCQA,"(7, 7, 1, 4)",1613,4,409,ff28bb9111df7e92710c9e779f23ffa35bbc30638ce7adee80b3d4a69c998a9c,KCQA,1613,4,True
3,572,7,7,KCQA,"(7, 7, 1, 5)",1238,4,307,330e14daa8950a0463b5d85c7bf5f7540b8209594e58c80e5851d0e55ec49de2,KCQA,1238,4,True
3,573,7,7,KCQ,"(7, 7, 1)",8212,4,45,168bb344b07b14d8aebea4d546f414f16130067228477471b3658921ab094c6a,KCQ,8212,4,True
3,574,7,7,KCQA,"(7, 7, 1, 7)",342,4,104,893bb28fd07d4f085d323d5c9c31794243ed27946c70b44bba482a960dfe593e,KCQA,342,4,True
3,575,7,7,KCQ,"(7, 7, 2)",1272,4,80,0f2ff4cc067d7bdcb6906f5196a848eeb88ce15af109a3a99ee3374122c1e05b,KCQ,1272,4,True
3,576,7,7,KCQA,"(7, 7, 2, 1)",200,4,53,6e40bab5a1530ed203cc1a4af178aae9d2a2aaff117e54150f956df03e674268,KCQA,200,4,True
3,577,7,7,KCQA,"(7, 7, 2, 2)",278,4,74,7be73a042e26b6b88d0da22b0762c377ee19a40e608c4054513531fb8de1e7d9,KCQA,278,4,True
3,578,7,7,KCQA,"(7, 7, 2, 3)",319,4,78,20385ca21ab8db9361fa3827cef1ac9ff1406c271cc6ffb36992a991e48329a5,KCQA,319,4,True
3,579,7,7,KCQA,"(7, 7, 2, 4)",222,4,53,02c2d982364652149dba418eca0871faaf7b7cebb1ac07099c500a7462cc7df8,KCQA,222,4,True
3,580,7,7,KCA,"(7, 7, 0)",3000,4,1,cd87c06d68d81c567a5947080868bf5bd1e60fb9670abb9683b87bc45ea9feab,KCA,3000,4,True
3,581,7,7,KCA,"(7, 7, 1)",5336,4,9,27827a1f1d04156714c8fce28a7ed2055510de7048cf70baa6f0c54721276f65,KCA,5336,4,True
3,582,7,7,KCA,"(7, 7, 2)",6975,4,7,75ffc22305cb31f21f2e032e37725e0b5e21329d9890b1d74a9656ea25019e98,KCA,6975,4,True
3,583,7,7,KCA,"(7, 7, 3)",7719,4,11,b99b020381db936072f11c6309098cc2e9c52b7f42d05fb883c5689f976d3a33,KCA,7719,4,True
3,584,7,7,KCA,"(7, 7, 7)",1406,4,22,a6d4516ae2a522d893b50ba63458a13b907276be06bf1449a90ce9fd27743b68,KCA,1406,4,True
3,585,7,8,KCQA,"(7, 8, 0, 0)",2426,4,574,0796ae756d2e9a45a2fa269911e74dd8d37dbffe4ef45c95bbb80fa14b561a2f,KCQA,2426,4,True
3,586,7,8,KCQA,"(7, 8, 0, 1)",4313,4,990,cf05bf25e9104e3ae6077a85b67578024dba9f719bbdfcbd971c7b922d7dc13a,KCQA,4313,4,True
3,587,7,8,KCQA,"(7, 8, 0, 2)",5317,4,1232,f67c111fe0754b5901a05f088e5b72a7531df9fee9c407828371505ff0f35dc7,KCQA,5317,4,True
3,588,7,8,KCQA,"(7, 8, 0, 3)",5629,4,1341,55f832d0f8305e11920e8947bf9375237873690ed4b001913ffcb8639d04f240,KCQA,5629,4,True
3,589,7,8,KCQA,"(7, 8, 0, 4)",5724,4,1353,73e45151af08e553da9dfeda84734d60c081ad4e32cd55a633620ee31d3538a6,KCQA,5724,4,True
3,590,7,8,KCQA,"(7, 8, 0, 5)",5711,4,1372,eeb4d991fc1a6001828883fe8b92f7c1c62b486abe86c45ea5caa70ac108ae2c,KCQA,5711,4,True
3,591,7,8,KCQA,"(7, 8, 0, 6)",5981,4,1476,7b669c6306a617eccfe56544b98c9ab1671f9b82cc55563a327d8bfe50deb965,KCQA,5981,4,True
3,592,7,8,KCQA,"(7, 8, 0, 7)",730,4,233,9e8545e22480843ee62e787f34a1a2b6dc4c0d6bc5d7959150fd2cd8b83b48d4,KCQA,730,4,True
3,593,7,8,KCQA,"(7, 8, 0, 8)",255,4,81,c642e6a85bb498e99795a7ac258d741637978ad2ead046b073180869a300cb05,KCQA,255,4,True
3,594,7,8,KCQA,"(7, 8, 1, 0)",478,4,130,30ee7641fd3dc63c0519e89d669655d8884520b96965fb69d6027f1bb7abc107,KCQA,478,4,True
3,595,7,8,KCQA,"(7, 8, 1, 1)",1093,4,306,214c078220118e8842fd9b47810b8b36614480c9a7baf835d4944f719e36f7d6,KCQA,1093,4,True
3,596,7,8,KCQA,"(7, 8, 1, 2)",1516,4,409,5a6b4e7c96e7804bf3a2fe93ba9880427e05ce0c17b4b06161263b0caf2ae1c0,KCQA,1516,4,True
3,597,7,8,KCQA,"(7, 8, 1, 3)",1683,4,460,f71f823de7ab67fec3f3e2deca28951fe0695196d9aeccbd6426548faf10f92d,KCQA,1683,4,True
3,598,7,8,KCQA,"(7, 8, 1, 4)",1724,4,444,ad5d996d8aca115abcd1a2bc96039bed354173e64a7128a5dfaf2dc6bc39df41,KCQA,1724,4,True
3,599,7,8,KCQA,"(7, 8, 1, 5)",1232,4,329,1821e02ca31d4687cbe1be447382a8064068bf0a865b845912fab59c7c46ab09,KCQA,1232,4,True
3,600,7,8,KCQ,"(7, 8, 1)",8065,4,108,00949a4423a1ee45a6f693337d649cd60ae4a3a05075c8317942c52b4de97bbd,KCQ,8065,4,True
3,601,7,8,KCQ,"(7, 8, 2)",1155,4,117,c7193c4f8791a8ba06ebf4ad17807fec2a9cfd106dbefc2a5ffc5a30724b36f6,KCQ,1155,4,True
3,602,7,8,KCQA,"(7, 8, 2, 2)",258,4,103,ae45044ebf671a6b1e2ed16ba4dd4c631bba265b1b11f4cb5fb60ac6aa487d3d,KCQA,258,4,True
3,603,7,8,KCQA,"(7, 8, 2, 3)",316,4,95,9cc5678cc32f0ede26370635cad52649792c808beaf9db7abab2719076054d94,KCQA,316,4,True
3,604,7,8,KCQA,"(7, 8, 2, 4)",256,4,73,269228e0d1451ed4e9a2f9f988548107f0c8c06454a56854ebbf63b68bb23102,KCQA,256,4,True
3,605,7,8,KCA,"(7, 8, 0)",2985,4,2,ed6d041a4d4beff854b40ea87ad85de95b3cc7481da50bea78449a54a109572b,KCA,2985,4,True
3,606,7,8,KCA,"(7, 8, 1)",5619,4,10,c850b05a281513c461a449b7526f859eb442a30331d67f6c952668828a92cb7c,KCA,5619,4,True
3,607,7,8,KCA,"(7, 8, 2)",7138,4,15,1f2cb4876d5b2bb74cc344fc6b8477c87ee1b2a8194541fe41bdc9bb032ffbec,KCA,7138,4,True
3,608,7,8,KCA,"(7, 8, 3)",7661,4,12,641e4b215e892294c195513679bcdbd95b494fbdc0896b4449876d972c1d6268,KCA,7661,4,True
3,609,7,8,KCA,"(7, 8, 7)",804,4,1,0728bd947f222b237de53889fc2f2f69727fb33f9247654fb0735875e4e3febf,KCA,804,4,True
3,610,7,8,KCA,"(7, 8, 8)",469,4,2,3c22bc69201caf01afa138424c1a4d4e0f3ca50d7077da6d767e9fa16c81786b,KCA,469,4,True
4,0,1,1,KCQA,"(1, 1, 0, 0)",7186,4,1797,76c9e20b75fb2867be264d870824d6d64b26126bfffb4500e55ff83932a69cad,KCQA,7186,4,True
4,1,1,1,KCQ,"(1, 1, 0)",7191,4,2,31d9ff90aa6a4c5b93b9753250bc4513aac35083ff544e01b98f92121f52fab8,KCQ,7191,4,True
4,2,1,2,KCQA,"(1, 2, 0, 0)",7186,4,1796,7bc84264435592cdc65755096386f386a60dfa82ec0f13041b83c8430be2a70f,KCQA,7186,4,True
4,3,1,2,KCQ,"(1, 2, 0)",7191,4,2,7e2193fdc7b1dc51669a35ef7d88d9d5ebf2abaa68106fe9dadc8ec6e682cd0d,KCQ,7191,4,True
4,4,1,3,KCQA,"(1, 3, 0, 0)",7186,4,1797,fe93c40f9ae20103e68a82367b2d2de1fe3b415fb64b5865fd8acb1f8b25ae83,KCQA,7186,4,True
4,5,1,3,KCQ,"(1, 3, 0)",7193,4,2,a51b6465542f7ccfa6d41812b0897e0003f80c912f905ad7ac856ee9b567097b,KCQ,7193,4,True
4,6,1,4,KCQA,"(1, 4, 0, 0)",7187,4,1797,14c91e1ce778c72cfdf3f79a7dd19e498230e3eeca9a2d9bb68681b5add7fb09,KCQA,7187,4,True
4,7,1,4,KCQ,"(1, 4, 0)",7194,4,1,0926d487a914092b400c45e92e2a18a8feb179a90e353600ac2c3cfe4ed44a6a,KCQ,7194,4,True
4,8,1,5,KCQA,"(1, 5, 0, 0)",7182,4,1797,f7fcc971547eb2bccfcc7e7efee181537b0bc9f3dd223da42b43ac3b2cadde78,KCQA,7182,4,True
4,9,1,5,KCQ,"(1, 5, 0)",7189,4,2,9123ca8f33690024ebe18a520d6ba2de776e9a31b274724a77828daea5af4719,KCQ,7189,4,True
4,10,1,6,KCQA,"(1, 6, 0, 0)",7176,4,1794,746adcbeb7a6d26877c286c87d01f9315e991de17da9bee5d74b9c152977bb7a,KCQA,7176,4,True
4,11,1,6,KCQ,"(1, 6, 0)",7183,4,2,0401a87f999b771596c22268109b38786bb3d353ce223264e4c3f9dbc85bbb56,KCQ,7183,4,True
4,12,1,7,KCQA,"(1, 7, 0, 0)",7176,4,1794,d5aceacbc686119db56c1dd5a3671c76f0e0de336bd91e487d7033086ba41534,KCQA,7176,4,True
4,13,1,7,KCQ,"(1, 7, 0)",7183,4,1,754d7b981da6b443a71121c797a3987cfa68708abaf54d2a9ca994355f6f2264,KCQ,7183,4,True
4,14,1,8,KCQA,"(1, 8, 0, 0)",7177,4,1794,e1d4431aad0c816cad3251e921a8fa32d1245e63ff8d25d8986fd233ce96973b,KCQA,7177,4,True
4,15,1,8,KCQ,"(1, 8, 0)",7184,4,2,1118d361ab4c9ff6d3a716ee72daa846c5ab326633180f653047c5e28a86326d,KCQ,7184,4,True
4,16,2,1,KCQA,"(2, 1, 0, 0)",7175,4,1793,f4f7ffe6451ef07c16611ff6808450fc918a6ec10ab6cf139f1eb60ce8fa5950,KCQA,7175,4,True
4,17,2,1,KCQA,"(2, 1, 0, 1)",5250,4,1334,269d1f33e4749bd259328253696b8a04f5963e3e9f774c7502d9055d78f075e8,KCQA,5250,4,True
4,18,2,1,KCQA,"(2, 1, 1, 0)",1925,4,459,93da253e5858cfbb08b842fee92670f63ec3862b2b2999bf93f097dc6fc637ee,KCQA,1925,4,True
4,19,2,1,KCQ,"(2, 1, 1)",1925,4,1,93da253e5858cfbb08b842fee92670f63ec3862b2b2999bf93f097dc6fc637ee,KCQ,1925,4,True
4,20,2,1,KCA,"(2, 1, 1)",5266,4,5,f5c7e142352876d527f98d7a23d2d01394aff5180bbd9c9962de0890de58c063,KCA,5266,4,True
4,21,2,2,KCQA,"(2, 2, 0, 0)",7178,4,1793,2ccd57c1d246f5a59b84b34863b48c3f6f52f29ccaf41bb99d0da33c1c97ee4d,KCQA,7178,4,True
4,22,2,2,KCQA,"(2, 2, 0, 1)",6002,4,1299,2fe8cdf0cca97f213f67c3af01e8664bce814f8698f49d95ec3adf29e45099bd,KCQA,6002,4,True
4,23,2,2,KCQ,"(2, 2, 0)",13182,4,1,53235cee1f7a7a2b6b0b737d20ace1f5c8c75c8568e400e6c8828d5552857a33,KCQ,13182,4,True
4,24,2,2,KCQA,"(2, 2, 1, 0)",1177,4,494,07f131f3c49762f1cb9314b576a332857c9a59eea3bd861030a92cd7fb1b4570,KCQA,1177,4,True
4,25,2,2,KCQ,"(2, 2, 1)",1179,4,1,6f01c84425184c146e4862357c4b241bf438e4b31f184b8a75292af13c7ecb66,KCQ,1179,4,True
4,26,2,2,KC,"(2, 2)",14366,4,2,c17ee559af646e19944a6d1c1db968fe278b73a098200411dc97d8a83d1d9384,KC,14366,4,True
4,27,2,3,KCQA,"(2, 3, 0, 0)",7179,4,1795,0ac3b77711a09e0cc8b99c02e4118c81abe47757d9b98450c591f8e99a7f6e8e,KCQA,7179,4,True
4,28,2,3,KCQA,"(2, 3, 0, 1)",5361,4,1313,5ac442028f596893a00be6d58782c974a0bc79c06fde1d2ff33b95e0f55458dc,KCQA,5361,4,True
4,29,2,3,KCQA,"(2, 3, 1, 0)",1818,4,483,6154407333927c0b05a17b645bd3afe1cb88e07c4fc4c578a75b17e4e444fcd3,KCQA,1818,4,True
4,30,2,3,KC,"(2, 3)",14361,4,1,a5114b09deb9520cbcea9c28140f91b46d57def63565f059764774d5944b7dfe,KC,14361,4,True
4,31,2,4,KCQA,"(2, 4, 0, 0)",7182,4,1795,dc5b289100282e40d8d135b9510626bd3b1bf75c3b9b9d3dcde6516d67781279,KCQA,7182,4,True
4,32,2,4,KCQA,"(2, 4, 0, 1)",5654,4,1097,8c39e83706a1094787f96c23c4c282653c0e2df0260cac970ca11a33ebb14e84,KCQA,5654,4,True
4,33,2,4,KCQ,"(2, 4, 0)",12836,4,1,368ec6cbc459e7491140ae570c6e353d76a1f022827af4bede1d68125146a61d,KCQ,12836,4,True
4,34,2,4,KCQA,"(2, 4, 1, 0)",1523,4,697,3af1e8fdd5aad1175477881efb3c19c98615fe6acbc8af38595c7db1992374b8,KCQA,1523,4,True
4,35,2,5,KCQA,"(2, 5, 0, 0)",7173,4,1793,c5b75a8ab0c919d3d20540586a9f73cbc8c7507d98f6ab8fc7aec89503d10fe7,KCQA,7173,4,True
4,36,2,5,KCQA,"(2, 5, 0, 1)",5503,4,1417,27045fc84bb7a1f39f2b26c3d60d99f79b4e8ce0ed0c536ee88796ec2ee6df5e,KCQA,5503,4,True
4,37,2,5,KCQA,"(2, 5, 1, 0)",1672,4,376,ea3a451e3b4506ab656b90174c511fbda3f2aad78b3d21b6004dba7d022330bf,KCQA,1672,4,True
4,38,2,6,KCQA,"(2, 6, 0, 0)",7160,4,1788,e6bb2ba413597c6f5e5ee0edc3965f303351e02f63f7ba9e6ed1809db2dd7247,KCQA,7160,4,True
4,39,2,6,KCQA,"(2, 6, 0, 1)",5984,4,1500,e1003fc38071eb8ba5fe601cc7b057098b75374ab11c451766f8c280dcffdebe,KCQA,5984,4,True
4,40,2,6,KCQA,"(2, 6, 1, 0)",1177,4,288,26e4d2c13987bc1cbf350c767ca942453366f5d40972a29e7862c1a3bf7aa7f3,KCQA,1177,4,True
4,41,2,7,KCQA,"(2, 7, 0, 0)",7157,4,1790,c69eba2ab4a1b4c82fe8b5b00ed670dc932530aba336d8944a2a811e6ad0b78b,KCQA,7157,4,True
4,42,2,7,KCQA,"(2, 7, 0, 1)",6225,4,1582,c07db91cd34d9dacb98c60ee8c7c9ac2aaf81371517a8d3724717856e48d9729,KCQA,6225,4,True
4,43,2,7,KCQA,"(2, 7, 1, 0)",933,4,208,b8d565d13dc6d919746e13e3dcf2f1b9ff950a10e348c2e4afc24384802228c7,KCQA,933,4,True
4,44,2,8,KCQA,"(2, 8, 0, 0)",7158,4,1788,40f4ec8d442fbfef2d5b55d5122f99ffb9072a4f9c7346ea5d05f0cd4fd553df,KCQA,7158,4,True
4,45,2,8,KCQA,"(2, 8, 0, 1)",5800,4,1604,4572270f5b761cc20d18ca7a8e5add14aec027ff81e702d2c500b825ba4458f9,KCQA,5800,4,True
4,46,2,8,KCQA,"(2, 8, 1, 0)",1361,4,185,7869869ac202517e83e5f98c93a288cf5ea8017cd7bf44fdf1353ce3577915e2,KCQA,1361,4,True
4,47,3,1,KCQA,"(3, 1, 0, 0)",7154,4,1788,8aedd5ef55093d49e8ea43c5492d1c9a7d9d3a5ffae5d184e62d98135726a462,KCQA,7154,4,True
4,48,3,1,KCQA,"(3, 1, 0, 1)",7519,4,1716,c2d2b4da4b1b5bd53c1dca31d66987495e1329dd16ad3619c7e3a375beb9aac0,KCQA,7519,4,True
4,49,3,1,KCQ,"(3, 1, 1)",6764,4,72,062cacfbf113c2d608e69e75854e4588676b4b44d104cbe43fd593ede0845671,KCQ,6764,4,True
4,50,3,1,KCQA,"(3, 1, 1, 1)",6570,4,1779,2a38b9f0e31e3d8ddbc71611a5b7d0432d4f091010830f761714e6dbbe80a271,KCQA,6570,4,True
4,51,3,1,KCA,"(3, 1, 0)",7370,4,10,59c32be12d66f6b7a7d6183a1206924e50fef888e8990343caf0655bfdde23d6,KCA,7370,4,True
4,52,3,1,KCA,"(3, 1, 1)",14147,4,18,8e2cd1738e66dc2a5f610b135c9d6039abf936b01a19497055cb3c17d250de58,KCA,14147,4,True
4,53,3,2,KCQA,"(3, 2, 0, 0)",7164,4,1792,f12addb7d48a6cb273a1aa4e3c3a9e0722308f4c1a09ad0162325e0e104eee62,KCQA,7164,4,True
4,54,3,2,KCQA,"(3, 2, 0, 1)",6958,4,1732,2a5f4c98a7f2b2a68cc1fe7547258855ef469452ae0fa16c61562c0d4b134a3c,KCQA,6958,4,True
4,55,3,2,KCQA,"(3, 2, 0, 2)",5389,4,1253,b74aa1e307c9d517421a517414a63a3c507dcf2f90d269860d78b8e3ceeb906b,KCQA,5389,4,True
4,56,3,2,KCQA,"(3, 2, 1, 0)",205,4,60,d974e6ccbf29015fb3730b4457526ac52914a6e402fef1f43921efa3f8d3b6b8,KCQA,205,4,True
4,57,3,2,KCQA,"(3, 2, 1, 1)",1767,4,537,283b887992207f1168d81ac252e0828c61836e184b786633fa5b53203abfec3f,KCQA,1767,4,True
4,58,3,2,KCQ,"(3, 2, 1)",1973,4,1,e5e7da532d15080756e317b7456ee3594d65e75afe790288d5335a0dcf6388ed,KCQ,1973,4,True
4,59,3,2,KCA,"(3, 2, 0)",7379,4,2,0fc8b5e47b8e7d4f0359c41a15616ffc66ee16d9d3b3e08a26f0f8bf6efaba74,KCA,7379,4,True
4,60,3,2,KCA,"(3, 2, 2)",5426,4,9,bf869a0da77e0747e5ead97de6b8d32f042cbf5d4862a61799421e0fea7f03f5,KCA,5426,4,True
4,61,3,3,KCQA,"(3, 3, 0, 0)",7162,4,1788,dc83c82b56f241e527fc1af7c8040e71d137b0fbfa175ae905a644d71153705d,KCQA,7162,4,True
4,62,3,3,KCQA,"(3, 3, 0, 1)",6969,4,1695,7b5635415ba44b385a4c688f3df336c84ec646c944bd521419deeb550198353a,KCQA,6969,4,True
4,63,3,3,KCQA,"(3, 3, 0, 2)",6061,4,1310,11796f7798bcf69b758c98dc87dbdcdc8b9e514457484b0936b506db1bc6dceb,KCQA,6061,4,True
4,64,3,3,KCQ,"(3, 3, 1)",1295,4,95,4d7b343b6f8fb2be240831e9c1f7900727c7c0c18aa739f910b61dd8e0ca6144,KCQ,1295,4,True
4,65,3,3,KCQA,"(3, 3, 1, 1)",1099,4,477,bdf6e1906fae2d5c9bbc2a2c49c076b141a9e7cfb525132eeef2ae836a0f57df,KCQA,1099,4,True
4,66,3,3,KCA,"(3, 3, 0)",7358,4,2,7851ce411f1eaf8d67cf1759770e52b48012eb308d50bd5365356f4269d8b71e,KCA,7358,4,True
4,67,3,3,KC,"(3, 3)",21518,4,8,fb4342be5da268bac6c3de8f848fbd85f43f47560403033815c1b0d306be3b6d,KC,21518,4,True
4,68,3,4,KCQA,"(3, 4, 0, 0)",7163,4,1790,e08afbfba9dbe671adad512fbbb18d8a62867c7808d17824ebedb540a9b2a12a,KCQA,7163,4,True
4,69,3,4,KCQA,"(3, 4, 0, 1)",6708,4,1709,e390e608132207717c90e70179b28fbe4491214aeed893af3f348cbbba95413e,KCQA,6708,4,True
4,70,3,4,KCQA,"(3, 4, 0, 2)",5329,4,1081,4fc58643bf40b6226ef61435862820877500aa251855e70639c03ca0684a2ec2,KCQA,5329,4,True
4,71,3,4,KCQ,"(3, 4, 0)",19207,4,1,7f25ec8b4babaa781943ea0ef271d3e757753cd56cfba5ca7191bd919477c61f,KCQ,19207,4,True
4,72,3,4,KCQA,"(3, 4, 1, 0)",455,4,81,22247ad6008c1b0d18623a8d08f2629150799fce14b9a096f94b3668e1399511,KCQA,455,4,True
4,73,3,4,KCQA,"(3, 4, 1, 1)",1817,4,707,f5322630177c287e877ed60956b189caffe17419c12c08ce63f599f657b3a36f,KCQA,1817,4,True
4,74,3,4,KCQ,"(3, 4, 1)",2274,4,1,ba73c50c820e8b615a72c9b142e75cf2070028b4d02e9d961c871c0bf2513386,KCQ,2274,4,True
4,75,3,4,KCA,"(3, 4, 0)",7633,4,2,51f4afa23f5fb4e3866bad0abf976c200c505dea4ef640ff8b9c508743db467b,KCA,7633,4,True
4,76,3,4,KC,"(3, 4)",21512,4,2,f722147c172e3b9850130004438bc8e0929faff34f3aff3f0d050bd7c596ad52,KC,21512,4,True
4,77,3,5,KCQA,"(3, 5, 0, 0)",7158,4,1791,825a1cf6c46276b2044c8210c072036642d5fc7f5b622fab7e1e75ce6bafbb8f,KCQA,7158,4,True
4,78,3,5,KCQA,"(3, 5, 0, 1)",6779,4,1669,b1289ebaa992d5e66e37091337d761045ac32f26201fb91d6439e48bcde816e3,KCQA,6779,4,True
4,79,3,5,KCQA,"(3, 5, 0, 2)",5566,4,1430,00a5981de9e82a4842c26db4e2f0f1fe9cb97b9c3bfd5e964b87a2f42ad9ab46,KCQA,5566,4,True
4,80,3,5,KCQ,"(3, 5, 0)",19508,4,1,b21c62bd6c5b45059c3d5c168666e514bf90964036b24e8120c23a567d2ab215,KCQ,19508,4,True
4,81,3,5,KCQA,"(3, 5, 1, 0)",379,4,122,f9d59c5730d1f19ccf0b9a93e12f813f20ca53a8e55361e118b7ef0c2df40575,KCQA,379,4,True
4,82,3,5,KCQA,"(3, 5, 1, 1)",1576,4,356,df6252a73a8c5dae6ca35e0ed679f47ed69faaf6eec962296313c96738ea32e4,KCQA,1576,4,True
4,83,3,5,KCA,"(3, 5, 0)",7555,4,6,41720417f4bc4b82ef0c82727772ed8689887f7a96d740bb19ca987a3010a95f,KCA,7555,4,True
4,84,3,6,KCQA,"(3, 6, 0, 0)",7137,4,1785,9c4772ca8fd8b3f08c8c9b742467a9ea0490b711be09ff72a836535e19c98fff,KCQA,7137,4,True
4,85,3,6,KCQA,"(3, 6, 0, 1)",6761,4,1701,a9af732902cde9756f301f1482ecc73602d77cdd9fc59918a33d5e02a24a16ef,KCQA,6761,4,True
4,86,3,6,KCQA,"(3, 6, 0, 2)",5670,4,1487,58044f452071d11abcc88334d2795cb4e9483f69a6b3ee42f9b274836dd81138,KCQA,5670,4,True
4,87,3,6,KCQ,"(3, 6, 0)",19571,4,1,b2f9d836965d2302be744b4fcfabe9bd659fb462e29576519cbb958b18dc4c65,KCQ,19571,4,True
4,88,3,6,KCQA,"(3, 6, 1, 0)",377,4,83,be6d6a284de6252d7db9ba73c7ca92dfa4634778f0f5461186572b7a90c5106f,KCQA,377,4,True
4,89,3,6,KCQA,"(3, 6, 1, 1)",1448,4,297,54436b9d10b9fc415f37c21572047f85ee2a530cd05c53c0e61ceddd993db30a,KCQA,1448,4,True
4,90,3,6,KCA,"(3, 6, 0)",7530,4,3,c2e8e2bf6b7ccbf5c798a3581415f5d1bd982de16b369c833986d1769a62702f,KCA,7530,4,True
4,91,3,7,KCQA,"(3, 7, 0, 0)",7134,4,1783,ea6ff2a3f3ed27df086c59fc2f31d723e79853e83f41e91a422afb607303bb9e,KCQA,7134,4,True
4,92,3,7,KCQA,"(3, 7, 0, 1)",6472,4,1641,9ac2c27da3d3fd39ccbfe3f6809cec7b01f7d9e925bb822e397c9ba833d889f1,KCQA,6472,4,True
4,93,3,7,KCQA,"(3, 7, 0, 2)",5970,4,1445,119a57848dea9550df3180f147b1a630e45f5c9fc5a257bc41a32a99b0ccdf07,KCQA,5970,4,True
4,94,3,7,KCQ,"(3, 7, 0)",19582,4,1,03f6ece68ee54ff5e7cdca762486fcaf6b55da2c98e7b4b97b4a20695896265b,KCQ,19582,4,True
4,95,3,7,KCQA,"(3, 7, 1, 0)",665,4,142,3a6720feda9ff1dc5f74fa5f9f4c0daf8c7cbd2e6627d24b1ecbbf487f2c070d,KCQA,665,4,True
4,96,3,7,KCQA,"(3, 7, 1, 1)",1135,4,338,79502d087c34a7933d6344ec174e0cdf7749396a15e276ecc754435fefde722c,KCQA,1135,4,True
4,97,3,7,KCA,"(3, 7, 0)",7825,4,2,eb6d485edb1e0c565cb8740440114baf61bee2747f9b779ff15efffb86a651b2,KCA,7825,4,True
4,98,3,8,KCQA,"(3, 8, 0, 0)",7131,4,1783,1e5342760b5547ab892c3d274491e2fd9006ac7d74b938599342cedd021aca41,KCQA,7131,4,True
4,99,3,8,KCQA,"(3, 8, 0, 1)",6575,4,1671,7bb1e8687c0d103379011a2faf490f3a1277db1840eff3f24fa7a05c5a4a1c65,KCQA,6575,4,True
4,100,3,8,KCQA,"(3, 8, 0, 2)",5915,4,1515,4f35453679e6e86e9287e06c601f8957acc35d8a3f9018690838af95367d5bc1,KCQA,5915,4,True
4,101,3,8,KCQA,"(3, 8, 1, 0)",559,4,115,fd1e6c7539f9eedba61e92d915e08310b5d3ae28fc3ef852c8dc13ad38c3f164,KCQA,559,4,True
4,102,3,8,KCQA,"(3, 8, 1, 1)",1207,4,267,e550bb99dc46e516d01377613cf5aa6646ce7feb873093954f8815f09cdb2358,KCQA,1207,4,True
4,103,3,8,KCA,"(3, 8, 0)",7701,4,3,b3032325354d092fd686d22550dac4d6458e5a6e0ea433caa5d2dff7d454160c,KCA,7701,4,True
4,104,4,1,KCQA,"(4, 1, 0, 0)",7136,4,1785,8d58eb6eeb7ff1948fc7a796e64421e51b9cba05894e5ced1d7c89e870a6ae6d,KCQA,7136,4,True
4,105,4,1,KCQA,"(4, 1, 0, 1)",6908,4,1722,cf27e625350bc1b66da7e0bada95332cad2dc095ce415296faf339838f2b61ee,KCQA,6908,4,True
4,106,4,1,KCQA,"(4, 1, 1, 0)",227,4,65,5959958c63b86637a7221644bb7400eff910bc79c90578d273b0dd9243ca51f8,KCQA,227,4,True
4,107,4,1,KCQA,"(4, 1, 1, 1)",7144,4,1791,930dd708df314dd69c0a1dc8b0c94ed30a2348c31ecbfd99d80852e0de3451aa,KCQA,7144,4,True
4,108,4,1,KCQ,"(4, 1, 2)",7126,4,1,fadc6d21ef20cdfbd3bc0a43d55a8876b8066fd705158f4e2d24762fb91ac1fe,KCQ,7126,4,True
4,109,4,1,KCQA,"(4, 1, 2, 1)",7115,4,1779,c17e0eeb7ac81b3c05f3133fe5ab7a9dd8499dc9561ab15c9339ae9cefe325ff,KCQA,7115,4,True
4,110,4,1,KCA,"(4, 1, 0)",7375,4,1,c5135151371098ba53bc057224d2f60146f17353df98e0f4e302bfce70c4b89a,KCA,7375,4,True
4,111,4,1,KCA,"(4, 1, 1)",21315,4,38,ea6672f55238dcee35fd89f4ffd9305918fe5c0de9f3a6b47ab3e6a84c03053a,KCA,21315,4,True
4,112,4,2,KCQA,"(4, 2, 0, 0)",7148,4,1789,51cecf4a1344ce4b78ba37f74b94261af64503e867f5535e3329134b6de5e1d6,KCQA,7148,4,True
4,113,4,2,KCQA,"(4, 2, 0, 1)",6848,4,1740,d018532588d3fdc7c6d4bb24aadcb65ac6441f7e1d0fb70cdc10c7dc35fa9372,KCQA,6848,4,True
4,114,4,2,KCQA,"(4, 2, 0, 2)",6577,4,1584,4de2e5465f24df6e4fef6cfdbe193d8aa796a9a247f62cd3c533af908ed42b46,KCQA,6577,4,True
4,115,4,2,KCQA,"(4, 2, 1, 0)",301,4,51,3882719fa2ecef91f05ed150bac9d61afc1d18e3d25c60823efba5acbaa491e7,KCQA,301,4,True
4,116,4,2,KCQA,"(4, 2, 1, 1)",858,4,204,4362c5b7001c47c393302c968d1aee16018a2845ee271d1e1841a37fda98de8d,KCQA,858,4,True
4,117,4,2,KCQA,"(4, 2, 1, 2)",6644,4,1702,d77cb6c11c6e65b4e5ccac50e80ddaad6daa2cd36c6a409fa9669e6c1da7f54a,KCQA,6644,4,True
4,118,4,2,KCQ,"(4, 2, 2)",229,4,4,53b329e49e2649f5366f4554cbd44f7cd271466ada64b1dafec295357ddfb251,KCQ,229,4,True
4,119,4,2,KCQA,"(4, 2, 2, 1)",209,4,88,92693cff2bc09b02f63877360ef67dbb1101fd1e97c1b7a8ad54402dd818b26d,KCQA,209,4,True
4,120,4,2,KCA,"(4, 2, 0)",7463,4,1,c9db7cd4c87f353e6c693fba3e9e62aedd50e9bc15fbe1408c10a87e971f609e,KCA,7463,4,True
4,121,4,2,KCA,"(4, 2, 2)",13318,4,18,76a4a9eb4737ea8413ef963259100cb18115814173f754e3e5eae83ba0129911,KCA,13318,4,True
4,122,4,3,KCQA,"(4, 3, 0, 0)",7151,4,1787,2227f43fcee82ed76867fcc4414ef2dc6e59a595c423e809b8da5c542c765db2,KCQA,7151,4,True
4,123,4,3,KCQA,"(4, 3, 0, 1)",6662,4,1702,a24567a28a7b6c6626114f1bd5755d7b4f6924c19e7e7061bd2e5f1cb5ecd8fc,KCQA,6662,4,True
4,124,4,3,KCQA,"(4, 3, 0, 2)",6365,4,1674,ca988775b171f124dd9252dbdb503b6574ab0ea99e4e6652c6ffb75a4d0bf5a9,KCQA,6365,4,True
4,125,4,3,KCQA,"(4, 3, 0, 3)",5496,4,1508,90291867552f66602ee5b1fd8984e1ef51401dc61e59f5a29eba2455d8362b0d,KCQA,5496,4,True
4,126,4,3,KCQA,"(4, 3, 1, 0)",490,4,87,720a095ae44fcd4fcf2e92f5df837ffe18cb80ca0c401b41e9bcd630e93f530b,KCQA,490,4,True
4,127,4,3,KCQA,"(4, 3, 1, 1)",764,4,113,026a8deb919993bddf64d6096870d6c2f2d48565ab76779efff8f61dfd33256b,KCQA,764,4,True
4,128,4,3,KCQA,"(4, 3, 1, 2)",1530,4,272,9859c1f2d3dc59e581e1093e617f649a66516f0af814ca04732ba7a70510f52a,KCQA,1530,4,True
4,129,4,3,KCA,"(4, 3, 0)",7666,4,1,00bde9cf301f7f7f1f8b0cac6ced1554631bb558c36199297459fe1e80ea8042,KCA,7666,4,True
4,130,4,3,KCA,"(4, 3, 1)",7554,4,8,79e501a755ffc9dba46e8ebded7bc389f9c1d56ccd4666f07fd810d49c5ac336,KCA,7554,4,True
4,131,4,3,KCA,"(4, 3, 3)",5582,4,20,c7c4bba405f23765466de8acdea2593424ebdd012e2645600b80dc885ec14f9f,KCA,5582,4,True
4,132,4,4,KCQA,"(4, 4, 0, 0)",7161,4,1787,6493aee54aed33722fb73cd24ca2c4916d5ab9dc733d33eb09098f17c13f161c,KCQA,7161,4,True
4,133,4,4,KCQA,"(4, 4, 0, 1)",6715,4,1678,4e4558f2942cd16dfe8a83793d79a744b6569ac65755dd03de4393125da1b6ca,KCQA,6715,4,True
4,134,4,4,KCQA,"(4, 4, 0, 2)",6678,4,1660,fb6ec0cf9de17c508604c99dafa3ca17a3a81bc833da5174aed24acadaf9473a,KCQA,6678,4,True
4,135,4,4,KCQA,"(4, 4, 0, 3)",5943,4,1369,8ea9ab7b224fd44f3386ebeb59465a21bc1bd571dc8e96f14e0ee5027d1cbe83,KCQA,5943,4,True
4,136,4,4,KCQ,"(4, 4, 0)",26501,4,1,894c9efda335889928a0310038eb8baa39b7bdbdce1d5ff9bccf8b27c7cb3467,KCQ,26501,4,True
4,137,4,4,KCQA,"(4, 4, 1, 0)",448,4,109,ec07cfd5f08655e3b8fad5275d334e76f9eba90e3c70b7035be99e66660b442c,KCQA,448,4,True
4,138,4,4,KCQA,"(4, 4, 1, 1)",470,4,124,d52cc9214abbe79751187af86575e9e94f4960093ccbffa711ebb1f2332bb409,KCQA,470,4,True
4,139,4,4,KCQA,"(4, 4, 1, 2)",1186,4,398,c2782ec03631acaaf11e26511a415510b5ff9bf1f04b142c71a8097b2414ea78,KCQA,1186,4,True
4,140,4,4,KCQ,"(4, 4, 1)",2110,4,2,887fe23daf747b3312ebb2f8b8d4a60bde22dbbe7b03984e3440dce426ce4d80,KCQ,2110,4,True
4,141,4,4,KCA,"(4, 4, 0)",7623,4,4,a881eda53be7bdc744be18b8d7a8a917db009240a310cb15cafa1d633b84d23d,KCA,7623,4,True
4,142,4,4,KCA,"(4, 4, 1)",7214,4,20,fc3618f1f876fc2f7a3b16b5175de50cdefd34152c09274c819bb625f087ea7a,KCA,7214,4,True
4,143,4,4,KC,"(4, 4)",28705,4,12,c31b798cc92f79a6f8fd928c6e5c5546df54d13a93c066849b9cdb23dc5052e2,KC,28705,4,True
4,144,4,5,KCQA,"(4, 5, 0, 0)",7116,4,1776,1e4f04990918b4fc13f5006001d6ba0de6168b9939a1ab011daad5851ab18138,KCQA,7116,4,True
4,145,4,5,KCQA,"(4, 5, 0, 1)",6259,4,1584,2c97f772b55030e050fa9c91b7b5a59a984a34300ab81b65f161114753845f6d,KCQA,6259,4,True
4,146,4,5,KCQA,"(4, 5, 0, 2)",6395,4,1614,9c6f78c5b227f9ea662e7bb629e46638a87e119e6e7c3d823a3d6ab4902f265e,KCQA,6395,4,True
4,147,4,5,KCQA,"(4, 5, 0, 3)",6151,4,1476,4882c99b4c81b20f568661676fb523c51a487290bce5968165d959e74a1f179d,KCQA,6151,4,True
4,148,4,5,KCQA,"(4, 5, 1, 0)",861,4,194,42c37e5c5771c5f31f04cbc5f9e0a05ea374090670fa00d3dd37419c7f7e546a,KCQA,861,4,True
4,149,4,5,KCQA,"(4, 5, 1, 1)",725,4,157,fe8767d273a1d8d53920be4e5b50015f0235c7bab111b98245b805015cfecc72,KCQA,725,4,True
4,150,4,5,KCQA,"(4, 5, 1, 2)",894,4,292,f94cd11df9f574de25bc8521c61c7f1963fef9a9ac0f1965de3946393a28969d,KCQA,894,4,True
4,151,4,5,KCA,"(4, 5, 0)",8005,4,6,b7487a42d7ec7c65bfe09a02609771d774489d3a160b0302d59f235f50f78ec0,KCA,8005,4,True
4,152,4,5,KCA,"(4, 5, 1)",7025,4,11,5919fda6776a9577d813cbf99e04064c2a157eedb6ab336696717a79da9afd5a,KCA,7025,4,True
4,153,4,6,KCQA,"(4, 6, 0, 0)",7104,4,1778,3df73195824243340eb04d2e303042917caf2fa03a13518fccf341bbdb53746c,KCQA,7104,4,True
4,154,4,6,KCQA,"(4, 6, 0, 1)",6310,4,1572,c8768d0d1aa0c0b94e3cdcfec1dc4feb1da863f8e4ff86e52b7282594ed33fee,KCQA,6310,4,True
4,155,4,6,KCQA,"(4, 6, 0, 2)",6265,4,1529,6b691f0f04ee3b5c88e4b243939de1613973ea4e566e33294e1c5cb504db3747,KCQA,6265,4,True
4,156,4,6,KCQA,"(4, 6, 0, 3)",5854,4,1388,8bb4c40b58af63d8f6af9dbf5edc00408daefd2e977e2c917bd693553915bb1c,KCQA,5854,4,True
4,157,4,6,KCQA,"(4, 6, 1, 0)",796,4,207,5ac97af50ccc0f749aa5dca319fa615b6d2641df40b93e0a9beb93fa553ecb9b,KCQA,796,4,True
4,158,4,6,KCQA,"(4, 6, 1, 1)",828,4,239,5e07a92edd534cf365cb12b7c463a0d5f6e3528143ad388f3aba1f8cffef87cd,KCQA,828,4,True
4,159,4,6,KCQA,"(4, 6, 1, 2)",1158,4,372,41fcdc71097ffe6f3443570afce5abe46adada5632f7441a17278de92ae38c31,KCQA,1158,4,True
4,160,4,6,KCA,"(4, 6, 0)",7934,4,11,9d11668b60e446fca5b10d1e74570f43bd1def9710fe9e04add570954f333533,KCA,7934,4,True
4,161,4,6,KCA,"(4, 6, 1)",7220,4,21,a4e0cef101fe92c2ca70ab3d1d4ab3a9d6a6f4d81f957d88b1fd95a0c291ed86,KCA,7220,4,True
4,162,4,7,KCQA,"(4, 7, 0, 0)",7102,4,1777,25a1b0883350deb006592a261a46c779b65d4ed5ae8235dc145f07df9f2076a4,KCQA,7102,4,True
4,163,4,7,KCQA,"(4, 7, 0, 1)",6441,4,1579,ce793c89cef7711fce08db7698e68123e1cffa04c7ecbc320e27bbb73336e2d8,KCQA,6441,4,True
4,164,4,7,KCQA,"(4, 7, 0, 2)",6273,4,1580,47e61cae41e4ab083184106f033df6b44df0111244900ba6b7316dd524af6adb,KCQA,6273,4,True
4,165,4,7,KCQA,"(4, 7, 0, 3)",5708,4,1397,08f1d069fbb6cdc8d2e99cba58f904a8863d962ba886e6e0ad2741eb5466d321,KCQA,5708,4,True
4,166,4,7,KCQ,"(4, 7, 0)",25525,4,1,99e8e6a62813bd03456237e76a7ad2c4924794fd66e1cd5cfe52d75ccda8e9c9,KCQ,25525,4,True
4,167,4,7,KCQA,"(4, 7, 1, 0)",668,4,199,f541d06235308399950282186b6320c7bf681e07580934e53adf84213e4bd546,KCQA,668,4,True
4,168,4,7,KCQA,"(4, 7, 1, 1)",823,4,192,5fe4abbdeb55c027b1149110bde369dddfdb6716b83625ea64a9a11ddaaca7ae,KCQA,823,4,True
4,169,4,7,KCQA,"(4, 7, 1, 2)",1310,4,363,18a67672a0c594cba7317a345624fc5da747d6be29583d89ea1b947eedaa9093,KCQA,1310,4,True
4,170,4,7,KCA,"(4, 7, 0)",7798,4,8,6b69041782ae5333e9b3ebbf2312aada8f693bcc954fd94a8c5e61502f8a5914,KCA,7798,4,True
4,171,4,7,KCA,"(4, 7, 1)",7342,4,18,13707937ba6715c29c0b3cdfe4603e5d82992ce9dcdec09a31f75b2112581ad6,KCA,7342,4,True
4,172,4,8,KCQA,"(4, 8, 0, 0)",7101,4,1779,2ff078f3f76e75af6e0a41ce8b399fafe1c3025b6b21ecca6e81e196e0ed65dd,KCQA,7101,4,True
4,173,4,8,KCQA,"(4, 8, 0, 1)",6544,4,1605,49f329dda8856b58ea3bb820604092c17528884e329eb9ea99d45e6f0d3ad4af,KCQA,6544,4,True
4,174,4,8,KCQA,"(4, 8, 0, 2)",6396,4,1578,be0a34e19034a70e6b9ffc8cb004dfdd00af99a4b67868058e300130346363da,KCQA,6396,4,True
4,175,4,8,KCQA,"(4, 8, 0, 3)",5794,4,1398,d49a6b26845ad6bbb21fcb0f36cf17b081541cf696a99c43f8f17fe2c0d2710f,KCQA,5794,4,True
4,176,4,8,KCQA,"(4, 8, 1, 0)",561,4,174,d91f9b67fdbc142fdfef1c9b0546e5d82b29f1e3a42511d44a60c429321d213f,KCQA,561,4,True
4,177,4,8,KCQA,"(4, 8, 1, 1)",691,4,196,85d0d7a84c743bae905571fe21c4c98a8b7c399124c5ece42e96ab2131fd1c51,KCQA,691,4,True
4,178,4,8,KCQA,"(4, 8, 1, 2)",1243,4,364,e82f1f0eb39308d0d755c90884bbc302ba0284adc1c0b921b2b73c134c990c16,KCQA,1243,4,True
4,179,4,8,KCA,"(4, 8, 0)",7682,4,7,1021b98cef4b85d0dac2a9aacdec64474c16e5b7ff58557b07f2a147034ef99e,KCA,7682,4,True
4,180,4,8,KCA,"(4, 8, 1)",7296,4,18,c3611a929ac01554d05879b35c4915de24c344ed67f9df3e3484b6a03fc4a964,KCA,7296,4,True
4,181,5,1,KCQA,"(5, 1, 0, 0)",7059,4,1767,7ed196a4b6a0c04a65d3b1c691c3d3d703b291b5db913d8262201fdb709a4f25,KCQA,7059,4,True
4,182,5,1,KCQA,"(5, 1, 0, 1)",6830,4,1711,7179b08abcb5fab106f9344377c66973b7a729f480bbf5d5e37296383a44329e,KCQA,6830,4,True
4,183,5,1,KCQA,"(5, 1, 1, 0)",233,4,57,274d6b51da689016e2d0728cec0d2972df7d9016f446f959dad45fde4a196dfe,KCQA,233,4,True
4,184,5,1,KCQA,"(5, 1, 1, 1)",7060,4,1761,00c6dc1a3d4d5625496245270c6faa29d66a9fa331c74d5172c05234b3c89784,KCQA,7060,4,True
4,185,5,1,KCQ,"(5, 1, 2)",7113,4,7,57bfe6342311b4c106e7c79facf4adfa0b3fac6ebcecdcefc0e67ebc77581107,KCQ,7113,4,True
4,186,5,1,KCQA,"(5, 1, 2, 1)",7102,4,1775,8b58a1614c8ea91e6c816e10e75de67656ef115681d55f34529e756360e477da,KCQA,7102,4,True
4,187,5,1,KCQA,"(5, 1, 3, 1)",7021,4,1764,fd5cf9617e6e72d56babc3bf10d1af6466baa041300b7cdc94be61d2c9918aa4,KCQA,7021,4,True
4,188,5,1,KCA,"(5, 1, 1)",28537,4,122,d15f4c8913963366101299815b90aae1396fef035de3f647a778924e8ab9ac04,KCA,28537,4,True
4,189,5,2,KCQA,"(5, 2, 0, 0)",7118,4,1778,7a8b9fea4cb9d20a39cffda36d2d2c95e222de15220b90aecafded85d515194f,KCQA,7118,4,True
4,190,5,2,KCQA,"(5, 2, 0, 1)",6606,4,1658,21aa7773896a306f3a052160e5e5ece98b57169fb49cde9b583a2c05b5b8a3b3,KCQA,6606,4,True
4,191,5,2,KCQA,"(5, 2, 0, 2)",6554,4,1633,d78bcb725c48a84fe4f076659efb921e18bae83a6c5f721bdea0d3b8cc6da7d6,KCQA,6554,4,True
4,192,5,2,KCQA,"(5, 2, 1, 0)",513,4,120,59d42ab1c16f3cf34648d99f7c2f2bff225da895a91c561ae3b6fff083c49d47,KCQA,513,4,True
4,193,5,2,KCQA,"(5, 2, 1, 1)",551,4,140,039dd75ce08758b3fd9b064c3b1c5bb49fc69268fcc46a4cb1a81c8c8ac2c215,KCQA,551,4,True
4,194,5,2,KCQA,"(5, 2, 1, 2)",7056,4,1759,3a4e54fc67f6b3b4aa5c722b5efbae3c831596bd6d3b238ff151a4144e266ec3,KCQA,7056,4,True
4,195,5,2,KCQ,"(5, 2, 2)",7183,4,25,8c793dd1bb4f6cf4b724c6a271e46266d23b2c28bee2c61921727949618df00e,KCQ,7183,4,True
4,196,5,2,KCQA,"(5, 2, 2, 2)",7069,4,1771,c16ebcdde709085e01554b83451ddd24ce0b98459d8c59555c60dac14208dad7,KCQA,7069,4,True
4,197,5,2,KCA,"(5, 2, 0)",7651,4,1,24a1de1d60ad5826b332efacb759f8b3c281fbf0ade1360ccb853379f18b4f7a,KCA,7651,4,True
4,198,5,2,KCA,"(5, 2, 1)",7274,4,7,ccd8b922188b089a67ddb3252a8b5c029209c436b96ddc6860aa9de0b6de2c0c,KCA,7274,4,True
4,199,5,2,KCA,"(5, 2, 2)",20921,4,68,0021abef0a662032fe2a5a205e1a7eead9d239008f8bf4ceef4510bec79573b4,KCA,20921,4,True
4,200,5,3,KCQA,"(5, 3, 0, 0)",7130,4,1784,6b9c7180687c9c466338b8249c818296c647d4819e50b01aa2c925d694c92919,KCQA,7130,4,True
4,201,5,3,KCQA,"(5, 3, 0, 1)",6414,4,1601,90b46775f6ad3b10b06b1b057cd8c065fdb3415a000deed00e1a36558b825ac8,KCQA,6414,4,True
4,202,5,3,KCQA,"(5, 3, 0, 2)",6353,4,1618,860054706f1ef505e5aa59cbcc6eedd1ec43cfc48fbe19e2f9811bbe79adbb55,KCQA,6353,4,True
4,203,5,3,KCQA,"(5, 3, 0, 3)",6081,4,1529,75985ab799a88b7a79e47b6158dfc80008c84f9f9147a36c1bd70ac9b3a542df,KCQA,6081,4,True
4,204,5,3,KCQA,"(5, 3, 1, 0)",717,4,183,1bbb0b9b4faa59783d8290d933114f1e32989399152b511e8596059b0c1dab21,KCQA,717,4,True
4,205,5,3,KCQA,"(5, 3, 1, 1)",761,4,162,4401c537f9a7296a55036d98baccf3fa46eeaae62b83ef73988d287d08bf5312,KCQA,761,4,True
4,206,5,3,KCQA,"(5, 3, 1, 2)",1050,4,250,ad5c308dbd9dfd7851350893f02fc29058d63510d56c00c0c4deb46f9102976a,KCQA,1050,4,True
4,207,5,3,KCQA,"(5, 3, 1, 3)",6857,4,1733,e0d240590f7e52a0d28e8345558880380c72be660d12575ae72fd4ae657ac699,KCQA,6857,4,True
4,208,5,3,KCQ,"(5, 3, 2)",304,4,15,6506f394938773a95f14042696baace33b062376c82e296d2c0de16e1f348040,KCQ,304,4,True
4,209,5,3,KCQA,"(5, 3, 2, 2)",217,4,50,027f56b030b0551b2b0f841fdc231e72f509b66c26b5b67f05f33ade6ec43895,KCQA,217,4,True
4,210,5,3,KCA,"(5, 3, 3)",13128,4,33,469bb2a3d1c569e8367d65416f1f9eda464fe8d3218e5e7dac4f57a21060bed7,KCA,13128,4,True
4,211,5,4,KCQA,"(5, 4, 0, 0)",7130,4,1782,bc8cfb918ce8063fd80b0a5a0a399053b983886fba458943da42e62d8994008b,KCQA,7130,4,True
4,212,5,4,KCQA,"(5, 4, 0, 1)",6306,4,1434,01a38545ae44213a57b605e73f60b4a4d5b650b5c3c31e5f2fb59eb53d412ac8,KCQA,6306,4,True
4,213,5,4,KCQA,"(5, 4, 0, 2)",6103,4,1511,9f88688d54f361c672b661cb78850ffd6d3143bc0d60ab73f1016596b9dfdf04,KCQA,6103,4,True
4,214,5,4,KCQA,"(5, 4, 0, 3)",5847,4,1525,4017c35d3e7249c5a97c71f0ee94390e023175d9f21e77aea7032014262695d2,KCQA,5847,4,True
4,215,5,4,KCQA,"(5, 4, 0, 4)",5893,4,1595,ce6b7af9845c949a494f4ee5ea182a45dbdaa2eb9ebe210fdd787f64b1182217,KCQA,5893,4,True
4,216,5,4,KCQA,"(5, 4, 1, 0)",830,4,349,b9a80df1fe867ca0c012c217a3a05eee858d3a515534df06a7328bd7988ff690,KCQA,830,4,True
4,217,5,4,KCQA,"(5, 4, 1, 1)",975,4,248,ba0a9d6261230962d7adc106d91375334300a12eebb205436ebcf0861ae5da13,KCQA,975,4,True
4,218,5,4,KCQA,"(5, 4, 1, 2)",1214,4,253,8be0da1c16e88bf55b601fee5a2e05ce768764589e3dc17b05653b66e4cd637f,KCQA,1214,4,True
4,219,5,4,KCQA,"(5, 4, 1, 3)",1091,4,155,72d089dea9b1ae3fe9d22dfd62c201fe530240fd3f78b9e562c18abbc25e7e1f,KCQA,1091,4,True
4,220,5,4,KCQ,"(5, 4, 1)",4116,4,2,edbe9df467985c4147557598f915b82f2f9de856f4f2037e1cdc492905257a47,KCQ,4116,4,True
4,221,5,4,KCQ,"(5, 4, 2)",278,4,64,1d0ed716c4c464b23880899fc8d83adc677e3bbc3614bc19ee7398145acaa21c,KCQ,278,4,True
4,222,5,4,KCA,"(5, 4, 0)",8020,4,1,c1a9233a127d609edcc12373655eacdaf1c565b8e18b7af1b7da5bc5f320e40b,KCA,8020,4,True
4,223,5,4,KCA,"(5, 4, 4)",6055,4,32,d3cf6395292c2603d14270d346ea67e37a4f4f17086c438fb94a4d4714be6c58,KCA,6055,4,True
4,224,5,5,KCQA,"(5, 5, 0, 0)",7067,4,1770,b8e3be875169a57d17ad168f682541f1829f33cc65645f263533b6628c096c75,KCQA,7067,4,True
4,225,5,5,KCQA,"(5, 5, 0, 1)",6346,4,1606,817c0ad2e536ef21a3bbe3be971acdc954fc8306c5e128eebb11b02fa40c3b03,KCQA,6346,4,True
4,226,5,5,KCQA,"(5, 5, 0, 2)",5986,4,1518,77ce450423a3039899a2af07b1d91dc4d0b9c0e21f88e0980ace8105465f1a62,KCQA,5986,4,True
4,227,5,5,KCQA,"(5, 5, 0, 3)",5612,4,1391,71f74ee3f2069dcb2ffb5ea2380e52fd8462eb76886c9999897a8e623b85c8b3,KCQA,5612,4,True
4,228,5,5,KCQA,"(5, 5, 0, 4)",5683,4,1393,bf787648e08f12e22eefbfbbbfa91c3ff3400687b6820302c522973b401abffb,KCQA,5683,4,True
4,229,5,5,KCQA,"(5, 5, 1, 0)",722,4,167,452acc4859844b6af8c1909099fa71426bb356538e47d92b75fabd59887ee75a,KCQA,722,4,True
4,230,5,5,KCQA,"(5, 5, 1, 1)",1041,4,247,a7282c40324234d4a262511ab20b34c1a4cb13531b7edcbf54d73f28a527608a,KCQA,1041,4,True
4,231,5,5,KCQA,"(5, 5, 1, 2)",1371,4,364,8c09fb80ac69ee50d8a98a146d284203ccb7a883bb2c3d0d233fdb074ef3024a,KCQA,1371,4,True
4,232,5,5,KCQA,"(5, 5, 1, 3)",1241,4,342,543f813a000f6bba36cc9b95ad9852da53bee1f833f0a2c833c9c2c03641b59b,KCQA,1241,4,True
4,233,5,5,KCQ,"(5, 5, 2)",287,4,71,e56daf16f414a03ed4b0c8ddc257eb6f01dac1ae145adcde739ac07a87ad12fc,KCQ,287,4,True
4,234,5,6,KCQA,"(5, 6, 0, 0)",7052,4,1762,7daaeeeb05a50a3111ce8afcc2a214e9555b95e9683f9bbcc7f3c55cd456e99c,KCQA,7052,4,True
4,235,5,6,KCQA,"(5, 6, 0, 1)",6232,4,1500,10df5f6c8449ecb01d312b9a16bde5a1a525a230c43c278bd219852d24745974,KCQA,6232,4,True
4,236,5,6,KCQA,"(5, 6, 0, 2)",5822,4,1467,65fe9410711c9b117fa22ddc33130faf831794ee42682b711c500595fb576b82,KCQA,5822,4,True
4,237,5,6,KCQA,"(5, 6, 0, 3)",5388,4,1333,5e291960f625e50d16300944cce60b2b9f030089b0597e12630285a21449cbd4,KCQA,5388,4,True
4,238,5,6,KCQA,"(5, 6, 0, 4)",5512,4,1363,f2f6a30e553c3088696f24ceb02d16db6070b177d41c5756c91debd37cc02b12,KCQA,5512,4,True
4,239,5,6,KCQA,"(5, 6, 1, 0)",828,4,263,c932bb29b50a514f11a329782138110a08e852d1613c59cc526abc70c12c11dd,KCQA,828,4,True
4,240,5,6,KCQA,"(5, 6, 1, 1)",1186,4,284,3c89249255013f9a9c60bf3369ee82bfbb455b5a5d270cf32d038b93ded91fe1,KCQA,1186,4,True
4,241,5,6,KCQA,"(5, 6, 1, 2)",1520,4,400,c95a2151ddf65f06fc8a44813a42020eb32945f520d5515e6f54d6a59bf757be,KCQA,1520,4,True
4,242,5,6,KCQA,"(5, 6, 1, 3)",1327,4,352,9d17d66cefbe1b5a0a5fc7d6cd8e5ed6cedfe6c8bc0255368f2b1ea6ccc459b1,KCQA,1327,4,True
4,243,5,6,KCQ,"(5, 6, 2)",410,4,47,7a72959175a0a86f076b30ea1577ae0d878ef300bca92e56940749d1747bcf6a,KCQ,410,4,True
4,244,5,6,KCQA,"(5, 6, 2, 2)",202,4,48,898219c45c3a0095ba2ebcc66e726d43653bfd1bd7cd9285460d1c8ab931a387,KCQA,202,4,True
4,245,5,6,KCA,"(5, 6, 0)",7941,4,1,360c912c2b389e64b688ae10644381d5b0b27af4a16723ef11423b2d710864bb,KCA,7941,4,True
4,246,5,6,KCA,"(5, 6, 1)",7579,4,1,ff6143285f7df961bfdc50385a54b312b4e185029145becef7b24205c9da0fc4,KCA,7579,4,True
4,247,5,7,KCQA,"(5, 7, 0, 0)",7051,4,1764,b45dcf3329e8e245474ecbbdf8897877ac929586207a50560292eab1449db306,KCQA,7051,4,True
4,248,5,7,KCQA,"(5, 7, 0, 1)",6257,4,1558,7856ebbfc93b72ebc2068b4ff51c23a0c5f79d3ec1a1737ea06263a4c26e8f1e,KCQA,6257,4,True
4,249,5,7,KCQA,"(5, 7, 0, 2)",5823,4,1403,725713142252eaa15127537a2ec8145668b0702524763837098cbb0411a40c27,KCQA,5823,4,True
4,250,5,7,KCQA,"(5, 7, 0, 3)",5368,4,1276,bb4d944987b17f7eb60d85f0ae18e284a1f52263eac0c57a027481e9f436b247,KCQA,5368,4,True
4,251,5,7,KCQA,"(5, 7, 0, 4)",5340,4,1322,57267c2162b1fe59d496149675abf9d745c49cdc474485b86b3921088696e5b0,KCQA,5340,4,True
4,252,5,7,KCQ,"(5, 7, 0)",29844,4,4,aee99033d5a49c3201fe2c581e242c202124fcfcd577ef2c40323d0376a84b99,KCQ,29844,4,True
4,253,5,7,KCQA,"(5, 7, 1, 0)",798,4,206,3a02044e62a2579e9b9f92894bbdbdb8babbee90dff0c2ea3cb8dcd072f307c4,KCQA,798,4,True
4,254,5,7,KCQA,"(5, 7, 1, 1)",1189,4,347,59cdff230eb40c3b8fc90c5ab8b1c4194e7df6d108e764ff2b25aaa4ba44d654,KCQA,1189,4,True
4,255,5,7,KCQA,"(5, 7, 1, 2)",1566,4,433,6d2b3c318e26f0c47b108095f763d2c11dca8e2217d94bef134b509de095a9b7,KCQA,1566,4,True
4,256,5,7,KCQA,"(5, 7, 1, 3)",1495,4,371,94a27be13b2f9eca0ae6436f251f8b265b637950fadbb9fc41ff8a1086e41389,KCQA,1495,4,True
4,257,5,7,KCQ,"(5, 7, 2)",380,4,70,b5bd2314471a4d329119fda4265c1b0d4ace839ae6c8eeb1018adf419a68e8de,KCQ,380,4,True
4,258,5,7,KCQA,"(5, 7, 2, 2)",205,4,65,2706b7cc808f93f4af8f19edbaaf851ac38b7ee9cf6e6056b319ee20fe037a9d,KCQA,205,4,True
4,259,5,7,KCA,"(5, 7, 0)",7901,4,1,d6acf95da4ed4bea42b8924c51f0838f1690fc9c0a5205ccdcb04925795977a4,KCA,7901,4,True
4,260,5,7,KCA,"(5, 7, 1)",7588,4,8,dfc49ebe3efc53876ca6ccfee76ae4e6ae28dd009ea9ede8c1c4222b3de48623,KCA,7588,4,True
4,261,5,8,KCQA,"(5, 8, 0, 0)",7042,4,1766,6419397ff63fa1dd8aa45d9fe8b94be17b960573d5a506a50769732f330bf229,KCQA,7042,4,True
4,262,5,8,KCQA,"(5, 8, 0, 1)",6157,4,1509,f10f850e6d1823080cbd22127f1b202c510eb30e6f970ab7eed50a2832cf0d1b,KCQA,6157,4,True
4,263,5,8,KCQA,"(5, 8, 0, 2)",5734,4,1411,74787339439487ca70356d7788f7980dc11d8796802f2b976a7cb92c1325e0ee,KCQA,5734,4,True
4,264,5,8,KCQA,"(5, 8, 0, 3)",5275,4,1272,ac5a12398750f04be3408a0269846a284ac67e09b9c82edf17b8266ca3ff005a,KCQA,5275,4,True
4,265,5,8,KCQA,"(5, 8, 0, 4)",5454,4,1294,c39dc61b01385aec5d2ceb1fd2b9ee7a9323ef5cd4e33586c42030d35912b963,KCQA,5454,4,True
4,266,5,8,KCQ,"(5, 8, 0)",29671,4,3,52bfaafeb71cdc9eb4e96e8d786473c5f5f3daee66d05416728b688c5c667171,KCQ,29671,4,True
4,267,5,8,KCQA,"(5, 8, 1, 0)",889,4,257,f373f7d68c7ca99f89fd2d4f96c7d421589c3d1c5cc97fe678eab353ac9c3920,KCQA,889,4,True
4,268,5,8,KCQA,"(5, 8, 1, 1)",1256,4,334,9b919e060a589aea6d02c85a09a3c57fb5330f50c3e98962148e09523f25361f,KCQA,1256,4,True
4,269,5,8,KCQA,"(5, 8, 1, 2)",1625,4,437,2e31af9b0a9902dcf403200d087382f54fac2e782a65fd06dc43fc81e51e5ce3,KCQA,1625,4,True
4,270,5,8,KCQA,"(5, 8, 1, 3)",1355,4,417,497419ca15a0a4ef7864243d7ead1a86bf13f00dca080fce7cb91a9d99d37613,KCQA,1355,4,True
4,271,5,8,KCQ,"(5, 8, 2)",442,4,76,16bc92e57d46276374fb37e6f0abf7dd542ff8a82e0be2c267a1891259a0741a,KCQ,442,4,True
4,272,5,8,KCQA,"(5, 8, 2, 2)",218,4,51,1ea29f372bba8da3d88869644889d8d371ea1d48245b543b9d35b07f73c8db78,KCQA,218,4,True
4,273,5,8,KCA,"(5, 8, 0)",7996,4,3,d6ba1d159072461a1059b286c72d3a249f182fea0d5105fd640981d64b5561ef,KCA,7996,4,True
4,274,5,8,KCA,"(5, 8, 1)",7588,4,3,ff8f2f66adbdd4e6bca5b026aa8271d7a6eedf26694b3762f627293f8df85715,KCA,7588,4,True
4,275,6,1,KCQA,"(6, 1, 0, 0)",3057,3,1608,fd65d62333c8116cf3b75e06dee4c8ff062f32390730a2fc3ee7de3aebd996d5,KCQA,3057,3,True
4,276,6,1,KCQA,"(6, 1, 0, 1)",3091,3,1620,520ef4750f076b949f6f31c03cde569422eb9d91d12e143b962bddf1b7947e87,KCQA,3091,3,True
4,277,6,1,KCQ,"(6, 1, 1)",3343,3,86,ee61ca5b8895e10ca4f37a480a2fe714e08b9f339b38912c896987c938221cc4,KCQ,3343,3,True
4,278,6,1,KCQA,"(6, 1, 1, 1)",3195,3,1684,f8df71a396df354a70b88eb94f341ee1f31de3bb7fd2cf0e917dac0fcf053596,KCQA,3195,3,True
4,279,6,1,KCQ,"(6, 1, 2)",3218,3,4,ab310cadb6f68c1519ffc5812b4f0e5f80b4f52c57b8a47aaf652aa3f0f02c5c,KCQ,3218,3,True
4,280,6,1,KCQA,"(6, 1, 2, 1)",3204,3,1679,81dc8e8ae5dd5ae15dc705ab7558d4ba2e1dfa8c81796af6939fe82f214083e0,KCQA,3204,3,True
4,281,6,1,KCQA,"(6, 1, 3, 1)",3309,3,1746,41289def0dcb4086d99e5f46aad3da93530841ff896142b253f2ec5857a80f2d,KCQA,3309,3,True
4,282,6,1,KCQA,"(6, 1, 4, 1)",3098,3,1612,4e544e695ed3d7abec0ef91bc2bb6b49312991112de81426aaee709715d6551a,KCQA,3098,3,True
4,283,6,1,KCA,"(6, 1, 1)",39774,4,385,486124044dfdc84922387cea819b0fb31babe20d4c96712e2848acb11a28ae21,KCA,39774,4,True
4,284,6,1,KCQA,"(6, 1, 19, 1)",238,4,13,33fee8ab934d85df83f897615e30f968d9ef7ec5483b0e4076b5c1460cc4aa6d,KCQA,238,4,True
4,285,6,1,KCQA,"(6, 1, 20, 1)",333,4,11,0075e9a48884e92d412095b789f107c1def9d9efe424adcfe2bf223e09e3eb2d,KCQA,333,4,True
4,286,6,1,KCQA,"(6, 1, 21, 1)",415,4,11,01a7bf8b86e2077443b23b66a1f1cd888e6a622bfe4454705c3cdb394b1075aa,KCQA,415,4,True
4,287,6,1,KCQA,"(6, 1, 22, 1)",539,4,10,1dc0358ae568b826fc1c8c83c4be10267f24bd8ef57a770a6fa3558fd024d367,KCQA,539,4,True
4,288,6,1,KCQA,"(6, 1, 23, 1)",657,4,12,0891cb350c7fc2a53d5d44cca381e0651b57ecd51518e4cea66842426a04629b,KCQA,657,4,True
4,289,6,1,KCQA,"(6, 1, 24, 1)",773,4,9,0e1c6604c44746acc133ac99755b741ea3fd4c808af0508b97140379d8e96c65,KCQA,773,4,True
4,290,6,1,KCQA,"(6, 1, 25, 1)",884,4,8,33a72f27c06baa19e543b6e8696b0b54cc9bbb0d530091f6d9d059680062b64b,KCQA,884,4,True
4,291,6,1,KCQA,"(6, 1, 26, 1)",1141,4,11,0528c2c19e90ae8d47b1f9adbc838e21a3fe763f097f1d135046d693c2c89eb8,KCQA,1141,4,True
4,292,6,1,KCQA,"(6, 1, 27, 1)",1418,4,10,2b5e2a5d245cabb60daa1b1d6ccd513377f835fee0211c51dfdf3ecec60b8dd2,KCQA,1418,4,True
4,293,6,1,KCQA,"(6, 1, 28, 1)",1662,4,10,8dbe5e4be48411d10170fca3702881f2a8cfec5a401d99056f667478b5af876c,KCQA,1662,4,True
4,294,6,1,KCQA,"(6, 1, 29, 1)",1784,4,11,64591197a2363d719d7a9a707c5a2726aee80003e5df7499ddc944109eee0ece,KCQA,1784,4,True
4,295,6,1,KCQA,"(6, 1, 30, 1)",1897,4,12,f6c88e0a6b38f9e93fcf1fae36d8029f9d36f250f9dd31651c0c7f075f7e3ebb,KCQA,1897,4,True
4,296,6,1,KCQA,"(6, 1, 31, 1)",1836,4,12,07885c73bd980078d5f95f630f22b7923038b7342f343fa3eab312059049bfc8,KCQA,1836,4,True
4,297,6,1,KCQA,"(6, 1, 32, 1)",1697,4,11,5ba7b0bf98716db0c1c3f418163f9926a1225c62f8fbd4abfa781fc962b3ef38,KCQA,1697,4,True
4,298,6,1,KCQA,"(6, 1, 33, 1)",1533,4,11,6539c7d454fd951e59a8121a24103a5268482c77f71f05ba5e06bf6f1e1a4c79,KCQA,1533,4,True
4,299,6,1,KCQA,"(6, 1, 34, 1)",1298,4,14,f8539047c274ebc1c03d41042d2aafa6a8b1c95177c6d42363c4e7b9bc8c5af6,KCQA,1298,4,True
4,300,6,1,KCQA,"(6, 1, 35, 1)",1122,4,11,c58be3f27f07f5c4885655824b96400fcd31b0a6fb4490aad4ba886bc5fa206d,KCQA,1122,4,True
4,301,6,1,KCQA,"(6, 1, 36, 1)",988,4,13,3ed2dd7052b8f1dd6006235fb3f4172abb2ad5b19f4976e4529be5ac7184ec12,KCQA,988,4,True
4,302,6,1,KCQA,"(6, 1, 37, 1)",790,4,14,7a5ca2f8603012d099a69fe36e5509f65f13bc548aa0cada6e2b7e599841d0a1,KCQA,790,4,True
4,303,6,1,KCQA,"(6, 1, 38, 1)",632,4,20,18fde5c06b9c3891f86fd8e82b246f81a7be19ad92fae386eb95b4573607b7d5,KCQA,632,4,True
4,304,6,1,KCQA,"(6, 1, 39, 1)",475,4,24,6684c6883cc33bd2998fe535b1556d2f995f0bc0ef3af97fdc0ab97f4fef9277,KCQA,475,4,True
4,305,6,1,KCQA,"(6, 1, 40, 1)",304,4,28,6c9ae83260cf4d77a63e38b463f03aa8e730741c753aa7b584e5bd0e7a701642,KCQA,304,4,True
4,306,6,1,KCQA,"(6, 1, 41, 1)",213,4,29,6e10c2bee22acf0aa2c8f2498643a45ba18288960629a04d66df9edfbf1c403f,KCQA,213,4,True
4,307,6,2,KCQA,"(6, 2, 0, 0)",7024,4,1756,3a0fc62ca71f6aece3b073bbbf5945421efc738d16461eefcb42d51c0be4a3c5,KCQA,7024,4,True
4,308,6,2,KCQA,"(6, 2, 0, 1)",6313,4,1592,dd50f7a86a882ba62732c803f7e748caf2c0565c6ce332c6ba9b1c38a2f5b0f3,KCQA,6313,4,True
4,309,6,2,KCQA,"(6, 2, 0, 2)",5884,4,1467,83f7cfd89a1b4c935297e16d2f3ff180d2947d767c0763e3f6c8a978df343c29,KCQA,5884,4,True
4,310,6,2,KCQA,"(6, 2, 1, 0)",714,4,165,3f5d081e0ae86b5d4cfa63112d4a04b6bf0e2c278e58016d19cbb108bd713a7c,KCQA,714,4,True
4,311,6,2,KCQA,"(6, 2, 1, 1)",1101,4,278,63e59c710dce27bb10b32e9c4eb38306302903dfec36640f44004ff84b524e44,KCQA,1101,4,True
4,312,6,2,KCQA,"(6, 2, 1, 2)",6733,4,1675,0c592459f46741b4980c60c81bf11bcc10489ff69d3b2a4b0de0df18966664e5,KCQA,6733,4,True
4,313,6,2,KCQ,"(6, 2, 2)",7330,4,15,95c18b434e09fbf69f83e7f6075b36652aeb56cd40ed731b6ee9bf3e33e34043,KCQ,7330,4,True
4,314,6,2,KCQA,"(6, 2, 2, 1)",302,4,83,ab445fa8a8f99035a462fbd2f6da68326c4c7135ee0cbddbdb48352506bfb4a0,KCQA,302,4,True
4,315,6,2,KCQA,"(6, 2, 2, 2)",6983,4,1741,e143816ab99bb8184199c6aa36674a69044b64360f76dff59698ec5a7e896e36,KCQA,6983,4,True
4,316,6,2,KCQ,"(6, 2, 3)",7071,4,23,7137f28d8464faccf066f167afb3647a6a147c88b53412cfe2555520773d5b23,KCQ,7071,4,True
4,317,6,2,KCQA,"(6, 2, 3, 2)",6998,4,1743,f3461be9f3f68899c757e8afa44fb08ea557c067681c5d2f3c57ea8459d0f523,KCQA,6998,4,True
4,318,6,2,KCA,"(6, 2, 1)",7808,4,8,52a019363dc5ba950640e28ccb68469d5a74895fb805995da27d9d7a7bbf7be6,KCA,7808,4,True
4,319,6,2,KCA,"(6, 2, 2)",27396,4,194,2ba544d1fafac2a52da65b56dbf3dc2c8f970e087f00ccfc2a50c4d53b7179c1,KCA,27396,4,True
4,320,6,3,KCQA,"(6, 3, 0, 0)",7065,4,1774,cfb739d5fb78269213fce322342f83901be6c30fa4ed16cbbfc999371a9fee2c,KCQA,7065,4,True
4,321,6,3,KCQA,"(6, 3, 0, 1)",6393,4,1611,57ccba59ad3090dbf6ce9e6cb30783445f53806e7f7fec8098c64aa40fe07db7,KCQA,6393,4,True
4,322,6,3,KCQA,"(6, 3, 0, 2)",5895,4,1481,1e2b363b9e0c5622f24cd3e4db07654a07eb538560720e59a137f7e7a57345d2,KCQA,5895,4,True
4,323,6,3,KCQA,"(6, 3, 0, 3)",5454,4,1342,ffd32307efbe06158c74f3211a1e620e9b302f968220b4b55914e2f75a449c16,KCQA,5454,4,True
4,324,6,3,KCQA,"(6, 3, 1, 0)",681,4,164,7897b62059874ddd3823d48ca5f256939de78d14656f5772074c5555802e3226,KCQA,681,4,True
4,325,6,3,KCQA,"(6, 3, 1, 1)",1116,4,288,2d7628beaef0934aebbe4eb9472928e104c12a62e37128561902a48ae4b51a65,KCQA,1116,4,True
4,326,6,3,KCQA,"(6, 3, 1, 2)",1475,4,402,09f619bd157a35cfcacf2a73426f91b00807d89f11ce3a086fe336f271a0cd31,KCQA,1475,4,True
4,327,6,3,KCQA,"(6, 3, 1, 3)",6622,4,1649,d7d099f966bdc946f9b92e6375cf7f53c2c3b294112da7a19092fe7a01a6298c,KCQA,6622,4,True
4,328,6,3,KCQ,"(6, 3, 2)",7591,4,37,605e7f2402cbd0ef28ab3c800a2d9576465a18d8033995248d4bb349a7f75fba,KCQ,7591,4,True
4,329,6,3,KCQA,"(6, 3, 2, 2)",433,4,123,b746a3fae3e15ae893c1fb01b2f7df76e30ac3968d13d65c083d34cde68e2b62,KCQA,433,4,True
4,330,6,3,KCQA,"(6, 3, 2, 3)",6955,4,1742,edf5edfc5e87f580d9b12c312d6395fc17625b5ac7f63a2c5e28d0f762cc3c2e,KCQA,6955,4,True
4,331,6,3,KCA,"(6, 3, 0)",7814,4,1,d4ab469420a842d0912a520beaedcff59a66dded55e726b2cecb131da643a9df,KCA,7814,4,True
4,332,6,3,KCA,"(6, 3, 1)",7676,4,6,f7c4a3059235044f8ed6fdd4dc49a0d9ea9bea733d5293fa8d6e1f9697db5d7c,KCA,7676,4,True
4,333,6,3,KCA,"(6, 3, 2)",7927,4,32,edc16840d88518e00b00fe42bc23b13fa9f3b6751613336d16ee64e25d42cd07,KCA,7927,4,True
4,334,6,3,KCA,"(6, 3, 3)",19539,4,95,6a7e2a369bbb28c1529f2487ec7a1b88afb666b4eca86dcb2bf2943e7d58d30d,KCA,19539,4,True
4,335,6,4,KCQA,"(6, 4, 0, 0)",7073,4,1768,a683344ccdaafb3a7ef639ec19d6093ab4d23698dae7443dc61c0acdefc762be,KCQA,7073,4,True
4,336,6,4,KCQA,"(6, 4, 0, 1)",5925,4,1520,d5d6fd4218da2912d4be3bc2ea82909dd4be62f70e798b164239b9da755f7484,KCQA,5925,4,True
4,337,6,4,KCQA,"(6, 4, 0, 2)",5564,4,1424,3a494abc16cd9edf5283d0bf6b84175d882161042a0ebb9f4602dbc41e8756ec,KCQA,5564,4,True
4,338,6,4,KCQA,"(6, 4, 0, 3)",5487,4,1351,3e2d4494f0c8454e3b598a077ac4f81551591e8a46fc30353d59e666a7942719,KCQA,5487,4,True
4,339,6,4,KCQA,"(6, 4, 0, 4)",5376,4,1316,c4e83fda0de0f02cd92c65dddeb3f4392f043a2e9d4347b2d7c10927ac40796e,KCQA,5376,4,True
4,340,6,4,KCQA,"(6, 4, 1, 0)",1165,4,248,2f869f249164e1fd29323c4739e6f64ce67a78ad212d05b69298f6387ff79950,KCQA,1165,4,True
4,341,6,4,KCQA,"(6, 4, 1, 1)",1416,4,333,2f90cdeffb0b20a92b9193d21a1f117b4e2c1c7a2d6e6896249d5481bad69d77,KCQA,1416,4,True
4,342,6,4,KCQA,"(6, 4, 1, 2)",1440,4,380,777bb08a55bc061becc507d1192c62d4d1c1233bb452e94c9164ecea3d81f53c,KCQA,1440,4,True
4,343,6,4,KCQA,"(6, 4, 1, 3)",1513,4,390,c44b57c76648e9e1e745632b044a7aed43bf6cc1f325804456eaff10c85b7a46,KCQA,1513,4,True
4,344,6,4,KCQA,"(6, 4, 1, 4)",6735,4,1675,46477571a25e8f1e9c537d635473a0e6d5e909e1ad33677b950007facf869de6,KCQA,6735,4,True
4,345,6,4,KCQ,"(6, 4, 2)",865,4,53,08818876dec0780189783e2d7668c332b7db5b4a91f73f130c2c3afde7a37ca3,KCQ,865,4,True
4,346,6,4,KCQA,"(6, 4, 2, 2)",204,4,61,3b3518a34ce7ecb1123acab16c62b04c8034eeb49660f40e8056d6e720e7b4dd,KCQA,204,4,True
4,347,6,4,KCQA,"(6, 4, 2, 3)",341,4,83,7bf49ad186fd9c64b6ac2dbfa577ff6fabb8dcc8b813185eeb795e876d70035f,KCQA,341,4,True
4,348,6,4,KCA,"(6, 4, 1)",7533,4,3,e47ed87a11426a2d5921372bac6a476188a4840f0ff5586c6e90b60b0df7388e,KCA,7533,4,True
4,349,6,4,KCA,"(6, 4, 2)",7227,4,11,d8d8cb47e6415fdda7c6a177dd9c20a63e8ef988038003c30abb1581edb31c23,KCA,7227,4,True
4,350,6,4,KCA,"(6, 4, 4)",12330,4,124,67c0f4a9ea859ab89b29b22a29130e9cdd9350088786a4cb324d643561c53e6e,KCA,12330,4,True
4,351,6,5,KCQA,"(6, 5, 0, 0)",6909,4,1729,85f5f9555ed25a5cdfe6402e6dbc09dae67033a0ebb86afc4a9368f56363e391,KCQA,6909,4,True
4,352,6,5,KCQA,"(6, 5, 0, 1)",5956,4,1478,1cb58017b6543b8a9421d7c0f7cc2f5731edb18da8b84b1357238ef14651ebef,KCQA,5956,4,True
4,353,6,5,KCQA,"(6, 5, 0, 2)",5480,4,1368,607a3b6cae2cd46744550cafac0fd09b4ba9a07bf0c308ecab617ad5272adc03,KCQA,5480,4,True
4,354,6,5,KCQA,"(6, 5, 0, 3)",5160,4,1311,e3471a517a3e3f9de01e7013c0f62484dc056b52421b4f7477d3dab7b9d803ef,KCQA,5160,4,True
4,355,6,5,KCQA,"(6, 5, 0, 4)",5117,4,1309,d1764ab1abf0ece00b0aa3a4256716846b95de5a60a5d9d6529ed921dc5fca6a,KCQA,5117,4,True
4,356,6,5,KCQA,"(6, 5, 0, 5)",5560,4,1412,7e435344633fa3079fdb33ce89466637f56f4d84b1d79baf07a2d6d158188451,KCQA,5560,4,True
4,357,6,5,KCQA,"(6, 5, 1, 0)",1021,4,267,3c674a42eb5d3b7f6e4928d455d9583951c37305ce263e26f0e9ed4d3000c5c0,KCQA,1021,4,True
4,358,6,5,KCQA,"(6, 5, 1, 1)",1407,4,360,e27f103ac15b9397c9a98da0faaa7c72b460f60f48b6ede101473d58cb9ec337,KCQA,1407,4,True
4,359,6,5,KCQA,"(6, 5, 1, 2)",1634,4,376,d7a5823caea1974f47d012aefd6269fcf09f8732f4059f75d1d9f2dfbada0e82,KCQA,1634,4,True
4,360,6,5,KCQA,"(6, 5, 1, 3)",1606,4,377,d780c4aea703d89ede6baa77928d35a4e4b79547628957b782f42ac2f5602e20,KCQA,1606,4,True
4,361,6,5,KCQA,"(6, 5, 1, 4)",1192,4,294,268cee3cb398227082dd542feb5b31af8a7438d6697a06ef24b05ea15d285baa,KCQA,1192,4,True
4,362,6,5,KCQ,"(6, 5, 1)",6868,4,6,0b63f914579d614278f86380987967ad9b90cf06f2afa5ee762c70c5ac9a2589,KCQ,6868,4,True
4,363,6,5,KCQ,"(6, 5, 2)",713,4,118,6e7e3afc9cd7fdbf76fec6dd9a4351aaae8efaa37d75bafe64fb2ebda48735b3,KCQ,713,4,True
4,364,6,5,KCQA,"(6, 5, 2, 2)",247,4,56,a498047a19479373701b4b45ac0b9d52e40cff72f8d931c31d59a4462eaaba90,KCQA,247,4,True
4,365,6,5,KCA,"(6, 5, 0)",8031,4,4,bd2213727aa5cc5f7b5ac48893c7261316e1f66ce593677459a06048e92709fa,KCA,8031,4,True
4,366,6,5,KCA,"(6, 5, 1)",7573,4,7,5908bbf6bf4a77bf5702371a21473b94e450c513ac1afcef069742496742bc17,KCA,7573,4,True
4,367,6,5,KCA,"(6, 5, 2)",7383,4,1,298dc8af173221f6ca2ff1d549dc6e41b7e70dfbe1f3a4d53d4fe0aa7a9edc48,KCA,7383,4,True
4,368,6,6,KCQA,"(6, 6, 0, 0)",6919,4,1735,7baf24c7071e4e738c48b7333d57453091015c718daaea42aae53ab112b5ea09,KCQA,6919,4,True
4,369,6,6,KCQA,"(6, 6, 0, 1)",6198,4,1605,d3eb8546f1a1e98e097b420b7a1a0a987772320b085d5d61d3843874a80c8c4e,KCQA,6198,4,True
4,370,6,6,KCQA,"(6, 6, 0, 2)",5809,4,1500,ec31026d81cebfdcf4cd12121a0e3efd06de4326147f0c99a1582547f866c4f8,KCQA,5809,4,True
4,371,6,6,KCQA,"(6, 6, 0, 3)",5520,4,1428,d90206e4977acd08f7cae152e0a88723585693f1cc284eb420e36b739d6b9caa,KCQA,5520,4,True
4,372,6,6,KCQA,"(6, 6, 0, 4)",5363,4,1430,55d30c84c2b21f7b6aba1613c75e2099a05c5e8dc8faf3f2cdffa0f68dc1b275,KCQA,5363,4,True
4,373,6,6,KCQA,"(6, 6, 0, 5)",5426,4,1370,82be4cbbf3ecb80630253f2b20d935a1e187d6102fb4e682d88ca5d1eb90074c,KCQA,5426,4,True
4,374,6,6,KCQA,"(6, 6, 1, 0)",736,4,135,e2a167a10dd0fa088478acfb843c53030c696bf8205751801cf28b08bb8f7fe9,KCQA,736,4,True
4,375,6,6,KCQA,"(6, 6, 1, 1)",1090,4,233,85bb572ed94e0e8bc339d73c082de26cbd55a41889d339d0fed60adafd2454e9,KCQA,1090,4,True
4,376,6,6,KCQA,"(6, 6, 1, 2)",1286,4,302,09c778ff521909c51dbf472045ed2de1f4a74e7330e83e943ea0b0794c96135e,KCQA,1286,4,True
4,377,6,6,KCQA,"(6, 6, 1, 3)",1392,4,284,13ce778f4cc0c6224705a1a74f0a51f932f448d67b1b3b79da022f3d1623b11b,KCQA,1392,4,True
4,378,6,6,KCQA,"(6, 6, 1, 4)",1321,4,341,83d32db6e2a038c42d1584e7919faa159642f21a989d06bade666bca88223b43,KCQA,1321,4,True
4,379,6,6,KCQ,"(6, 6, 1)",5830,4,1,194c6e28aa534726273b5b66b3afadd6aa436d3e3f0a8fb93ae9bf0e5af470fa,KCQ,5830,4,True
4,380,6,6,KCQ,"(6, 6, 2)",557,4,80,c5da2360baa459d94f494e52d55a0762991b403d1497f43a4f98373b8c37a74a,KCQ,557,4,True
4,381,6,6,KCA,"(6, 6, 2)",7294,4,1,b494c7dc28a8b4e3ba9fdde0efc16ed826096f1794cb7404f3c32cc7eca16164,KCA,7294,4,True
4,382,6,7,KCQA,"(6, 7, 0, 0)",6917,4,1728,b3d4cc7eea4cc0468756ce81e0ea85b8efdda32f1178ac4eb893048df1169c01,KCQA,6917,4,True
4,383,6,7,KCQA,"(6, 7, 0, 1)",6213,4,1562,0bf0c2a2ae1b9b5c5b3b8a629abbc0c4324b962fe6f73114c260f74c0ba5030a,KCQA,6213,4,True
4,384,6,7,KCQA,"(6, 7, 0, 2)",5744,4,1415,a218de139d09e4196f049d104bda2499d08c515b73f2cdd31b5bc40cb101251d,KCQA,5744,4,True
4,385,6,7,KCQA,"(6, 7, 0, 3)",5364,4,1348,b4433c857b9fb5057b2356af92c25cf0d5178caea6e775a6b5743b4436c94147,KCQA,5364,4,True
4,386,6,7,KCQA,"(6, 7, 0, 4)",5228,4,1291,60bb71e20dc03326ba0767233a2e3155b44f798de63d60fbfeac47ae7fe2747e,KCQA,5228,4,True
4,387,6,7,KCQA,"(6, 7, 0, 5)",5388,4,1360,6f2635fe4544d45fb933323cb1a18d51a5fd959eca42711642837c75202b3244,KCQA,5388,4,True
4,388,6,7,KCQ,"(6, 7, 0)",34868,4,7,0a14b810bee68cc31091e4404422ace3c4caaa7976baa437ef0a409014d2b01d,KCQ,34868,4,True
4,389,6,7,KCQA,"(6, 7, 1, 0)",724,4,172,8ae44cd889f5f8650e4be825147eeef16634ca330974d5c54dbbee19775d0994,KCQA,724,4,True
4,390,6,7,KCQA,"(6, 7, 1, 1)",1128,4,294,6b7c19b7a7b7580be27fa74b854d7d5c23c58680da541dae097e865ba99dce49,KCQA,1128,4,True
4,391,6,7,KCQA,"(6, 7, 1, 2)",1436,4,354,31b8d4edc055dd91fb10c3f2d848bf4236a3505ea39275ab753d0469d4baa208,KCQA,1436,4,True
4,392,6,7,KCQA,"(6, 7, 1, 3)",1499,4,388,b99b9967a3cfcd6635e97422ee4182cd72c21e8faa6e3f90c9dc2ea999a6a2d2,KCQA,1499,4,True
4,393,6,7,KCQA,"(6, 7, 1, 4)",1312,4,315,a40e0c5155ddf88a2ec1662e88da747133a7269536d3fa0d97f5cb8a8065c3a5,KCQA,1312,4,True
4,394,6,7,KCQ,"(6, 7, 1)",6102,4,1,65ca5197f3b365512cd916c8b2e55a4ebfbeebc52cc8f6ef59457fde5babcdf2,KCQ,6102,4,True
4,395,6,7,KCQ,"(6, 7, 2)",619,4,106,0a8b72da5a7a8b93d4160dc6fd53ad93fdfe24e04237c7aa538a3835d65114fe,KCQ,619,4,True
4,396,6,7,KCQA,"(6, 7, 2, 3)",223,4,52,43c754df6183daa0df3ed652986bd5721831bb32c1a4b2f3946ebe029c2b75ba,KCQA,223,4,True
4,397,6,7,KCA,"(6, 7, 0)",7709,4,2,7ff4e6b888ebe6c8729f97f43fe32f656fc96005f804411d564286d9fec13ecf,KCA,7709,4,True
4,398,6,7,KCA,"(6, 7, 1)",7490,4,4,2d593dbc7bf256eeef7177066838cc0359158114c133a37187528796212cab29,KCA,7490,4,True
4,399,6,7,KCA,"(6, 7, 2)",7389,4,6,dea35a26c341b93e6b4630a2d32dcf0f18dcc57acbb408f66ee9e2aeec2bab66,KCA,7389,4,True
4,400,6,8,KCQA,"(6, 8, 0, 0)",6920,4,1722,d08c6d3d14ccd191dafc0bcb9ece8946ca385f01cabc6b2c26f3d8e44dafbc8d,KCQA,6920,4,True
4,401,6,8,KCQA,"(6, 8, 0, 1)",6179,4,1559,a51ac5a3a497d4132fc6a17df8f1cfe1646d77e1b67f4449101c7e15a47c5e31,KCQA,6179,4,True
4,402,6,8,KCQA,"(6, 8, 0, 2)",5780,4,1443,a7ac0dca3b55b5aec68d3e98d074913d488c3d8b927354cb259fcbc710331d91,KCQA,5780,4,True
4,403,6,8,KCQA,"(6, 8, 0, 3)",5422,4,1364,c2d039c6d9eee7e4674bc761f74ae745d87eb0cb656b17c8562160cfac81a5fd,KCQA,5422,4,True
4,404,6,8,KCQA,"(6, 8, 0, 4)",5309,4,1335,ed220f3da0cc7216f5612dbbdad5ea2870b555b62d93749ae4b89c2116e29333,KCQA,5309,4,True
4,405,6,8,KCQA,"(6, 8, 0, 5)",5464,4,1331,45e4445f8a1945b3dc8c4de48b9f439355773624f08c30fb1da544b0846491cc,KCQA,5464,4,True
4,406,6,8,KCQ,"(6, 8, 0)",35085,4,1,207576195da8780b9cfbaae895206779e96cd13f0ac3a213294050ac1b6925b1,KCQ,35085,4,True
4,407,6,8,KCQA,"(6, 8, 1, 0)",762,4,171,c95b9e6abae61d034faab5badeee617774dcccc476ae53f7b6bd45f70eb95bed,KCQA,762,4,True
4,408,6,8,KCQA,"(6, 8, 1, 1)",1107,4,270,0fb7936beccbf1fa38724f2eeb0ef715cc5cc8905ac7c6587a5f282667a8ae47,KCQA,1107,4,True
4,409,6,8,KCQA,"(6, 8, 1, 2)",1375,4,329,b29dd3ea43e0821686366c02d2a76821f8e0c57ea6e664d25f441b60d06a41b5,KCQA,1375,4,True
4,410,6,8,KCQA,"(6, 8, 1, 3)",1444,4,348,d2655f7c1e2910e7296f02ddc70f3309a396406258d701126559bb2bca6bb65d,KCQA,1444,4,True
4,411,6,8,KCQA,"(6, 8, 1, 4)",1303,4,335,166529a0e0437508f77a30f2680c495b191bea8eeb5747be311a1bcb0a0bc1ac,KCQA,1303,4,True
4,412,6,8,KCQ,"(6, 8, 2)",556,4,154,e742b51459d1a0c2e3b319d9b5362feb028094af6ea518d567caebfa9ee50c39,KCQ,556,4,True
4,413,6,8,KCA,"(6, 8, 0)",7752,4,1,5f23abc7ac6b2e4ef5866d5e679abf699c2a34e1ef07a669625d261f6b55418c,KCA,7752,4,True
4,414,6,8,KCA,"(6, 8, 1)",7433,4,5,7ba1d9219f5a010bd0e658a261c921f7fb5605d28b734dc759dcad0b200402d6,KCA,7433,4,True
4,415,6,8,KCA,"(6, 8, 2)",7356,4,4,7a0bb0a1986d0cac5e0f388c5e5c6feb86b291804a63484188380153cf1f2672,KCA,7356,4,True
4,416,7,1,KCA,"(7, 1, 1)",50133,4,12524,cfab5c1016182ad5ae5127b2cdd83beaba6891f773b82929a52e7b70eb642bd3,KCA,50133,4,True
4,417,7,2,KCQA,"(7, 2, 0, 0)",1616,3,193,2dde80cd4a231d0a550dbeb7f189ed759f514bfd4fd9596df024a2dac9bafb76,KCQA,1616,3,True
4,418,7,2,KCQA,"(7, 2, 0, 1)",2434,3,281,34d577b0259fee7fff5046909288c13fb69cab658a88aba5773288c3f10ca022,KCQA,2434,3,True
4,419,7,2,KCQA,"(7, 2, 0, 2)",2078,3,230,240303989f82d1ee80e882a8b86ea99b6687ec9274caf8d56f80ea9522f9cd49,KCQA,2078,3,True
4,420,7,2,KCQA,"(7, 2, 1, 0)",315,3,32,0e06d6da7d02007dfdb6afc606db008c1475ac8f7fb198e2c6f08950d921bb88,KCQA,315,3,True
4,421,7,2,KCQA,"(7, 2, 1, 1)",479,3,53,ee75e02398164ec9502f87e662a8fe79eba1060b4dc542d7762f8541bb0834d4,KCQA,479,3,True
4,422,7,2,KCQA,"(7, 2, 1, 2)",2376,3,275,9a8d64a1aa3d67e80edca32222c4790c2ec40cd3c2748d228dd0e668d6d45550,KCQA,2376,3,True
4,423,7,2,KCQ,"(7, 2, 2)",2603,3,19,6e2bed79f292d483300f12013fc41f02c9373909ce9da11f7c5da95a73c3d064,KCQ,2603,3,True
4,424,7,2,KCQA,"(7, 2, 2, 2)",2467,3,283,2351ff99cee3ee9fcc173833ca99d87e1f641f9e9c8f327911d21b2c2e2d9e91,KCQA,2467,3,True
4,425,7,2,KCQ,"(7, 2, 3)",2526,3,1,7b959f733e7858e6247ff8bb64be1176594d172ef87d9fe7e24a82ed57bb70ea,KCQ,2526,3,True
4,426,7,2,KCQA,"(7, 2, 3, 2)",2501,3,291,444de20627525d9cbbbed0a22937e1c998db117069da66ec6695558112ba9115,KCQA,2501,3,True
4,427,7,2,KCQA,"(7, 2, 4, 2)",2459,3,295,e6ce9dea35e666b7392d9600a4e3726273a263f3fb66349ad60a3ae45d9c2f1b,KCQA,2459,3,True
4,428,7,2,KCA,"(7, 2, 2)",45120,4,519,55ff4fb15b5c6873e8fc739b95f11bba77efaf092d0347c29e55222ea6e279c1,KCA,45120,4,True
4,429,7,2,KCQA,"(7, 2, 10, 2)",240,4,81,9b6c68d85136f6770dc5fdf783f2d3a367b57d1d06c8aca2dbd30a9be944fbdc,KCQA,240,4,True
4,430,7,2,KCQA,"(7, 2, 11, 2)",292,4,127,9e6ec856261e49840b4ad9396ae750be63280bff45bce3fd358aac0729a51922,KCQA,292,4,True
4,431,7,2,KCQA,"(7, 2, 12, 2)",309,4,168,833dcca8fed0dc2f48d3e736deddd9c97f19d9ca8fb69bd9071a8cbe39aa00e5,KCQA,309,4,True
4,432,7,2,KCQA,"(7, 2, 13, 2)",320,4,216,7701f0528a7494bc000940c9a5fabdb28ad343e402e3054a650d0f6586d36595,KCQA,320,4,True
4,433,7,2,KCQA,"(7, 2, 14, 2)",305,4,260,bb6f22950cff2d71ed612931e143f2b22fa73efcdfae6f19699c7237442d6779,KCQA,305,4,True
4,434,7,2,KCQA,"(7, 2, 15, 2)",303,4,286,62d527d355099d13ecf39adbb4f1f2936cb925e1e523704313244defeb259309,KCQA,303,4,True
4,435,7,2,KCQA,"(7, 2, 16, 2)",333,4,276,7964d1dd8b7b6a0ccf9dae12a81f9fe45a3a169e52f4a2a5adf66eada3343d78,KCQA,333,4,True
4,436,7,2,KCQA,"(7, 2, 17, 2)",366,4,251,93040e95ed143f983bb81222951b6239d7970730a0f0d2265294cabae68ccc43,KCQA,366,4,True
4,437,7,2,KCQA,"(7, 2, 18, 2)",388,4,217,37442c9938f40ac220965c64f813451ba36179fa721eab70162a2fb4db338c3c,KCQA,388,4,True
4,438,7,2,KCQA,"(7, 2, 19, 2)",472,4,166,f36da5a5dd7f732f6ca5fee772169e9e6435a50ed4e2ebe9b461be2fff26a58a,KCQA,472,4,True
4,439,7,2,KCQA,"(7, 2, 20, 2)",582,4,146,eb1d22937ddba784adbcfe0cb408381be1af2653e73b4d5b97c0b369daf2baa4,KCQA,582,4,True
4,440,7,2,KCQA,"(7, 2, 21, 2)",680,4,158,4dc72a9160d8f007485d96968ce460f37222c67faf1a19c8b6651335d87763a8,KCQA,680,4,True
4,441,7,2,KCQA,"(7, 2, 22, 2)",797,4,162,cad6cd38ee44dd499c2179e41e2b0a2ed520712be27e51b9c0796adfdeff1474,KCQA,797,4,True
4,442,7,2,KCQA,"(7, 2, 23, 2)",964,4,165,cdee3001c136a3fed1685527367433f908208e649940b271a739bfcd86fcab47,KCQA,964,4,True
4,443,7,2,KCQA,"(7, 2, 24, 2)",1091,4,165,1703750e91c6b69df91dfb4560d381fdad68e3600604cbffbc377900dee88a8a,KCQA,1091,4,True
4,444,7,2,KCQA,"(7, 2, 25, 2)",1102,4,147,37599f210395df4da3a4a053c17f6e72c4255c2725bfe0890c0b85a96fd910d9,KCQA,1102,4,True
4,445,7,2,KCQA,"(7, 2, 26, 2)",1055,4,134,8f81c08f495b819da67455b9228320cbbcc13b7e5d20e79ed07d7dc7ca6d9951,KCQA,1055,4,True
4,446,7,2,KCQA,"(7, 2, 27, 2)",1063,4,131,76a479ddc63b31c672b262954fd11a002bc4b1e73ff3006475a3108c458b9e9d,KCQA,1063,4,True
4,447,7,2,KCQA,"(7, 2, 28, 2)",1041,4,150,913587cf6431b2774aabb788f3a243ddfff859ebf7214a776e06ac43091ba193,KCQA,1041,4,True
4,448,7,2,KCQA,"(7, 2, 29, 2)",967,4,172,57df46d9eff0f52158727f9346d6a8c332486e640b6eae6296f503eecdb6aec8,KCQA,967,4,True
4,449,7,2,KCQA,"(7, 2, 30, 2)",922,4,170,4a81154c67aac286bc280e688cb22f298de130420fa69e802c629ca4f88bff82,KCQA,922,4,True
4,450,7,2,KCQA,"(7, 2, 31, 2)",843,4,183,9b20766bd8877443286938f54676db79a8c7be844824903473b52bd857e71f54,KCQA,843,4,True
4,451,7,2,KCQA,"(7, 2, 32, 2)",710,4,183,a8149a244e8a57ea155fa807c4f14afb165ee6fef1d354dd526acaff9514c231,KCQA,710,4,True
4,452,7,2,KCQA,"(7, 2, 33, 2)",600,4,172,494cffca5f4a4f19cc9ef9cbe4f411f769d752179db04aca2581f0d9634ce619,KCQA,600,4,True
4,453,7,2,KCQA,"(7, 2, 34, 2)",509,4,175,8a9265383adff11e8a9f4f10376468814de8b5f56680f3b761e027975fca4739,KCQA,509,4,True
4,454,7,2,KCQA,"(7, 2, 35, 2)",510,4,173,d0f1ee3994ef724cb3347fc6998fdd7d5f5ea57825538e7456f982e721b0eb13,KCQA,510,4,True
4,455,7,2,KCQA,"(7, 2, 36, 2)",528,4,191,cefc566bd50202eb435b1777474daf7e91d7658253357edcf1bf0a6f07c97896,KCQA,528,4,True
4,456,7,2,KCQA,"(7, 2, 37, 2)",619,4,206,eb29d505dd21c35e17f263569a3b52e89adcbd8478f1798ea777be39cc6936f4,KCQA,619,4,True
4,457,7,2,KCQA,"(7, 2, 38, 2)",714,4,220,b525aeb7bc2857f346733f55d14eec9168fc3385936ea00af0cfbb82de16051c,KCQA,714,4,True
4,458,7,2,KCQA,"(7, 2, 39, 2)",820,4,246,b57cb4c031826cb8926c212faa88c9dd165942b8321d2ea17a70adf673fb452d,KCQA,820,4,True
4,459,7,2,KCQA,"(7, 2, 40, 2)",949,4,318,3b62dcc8ab2b7bdde593f3f8036542c0cc806d85bb1f81cb5e428f94a8786201,KCQA,949,4,True
4,460,7,2,KCQA,"(7, 2, 41, 2)",1108,4,364,f154877bf41a1b2106839d55f4a9ca18c93c8734bc94dc4a025ab5d3b6922d49,KCQA,1108,4,True
4,461,7,2,KCQA,"(7, 2, 42, 2)",1235,4,402,4a14d1b4715ea918b246f91099738e59167be5b7025f5b0e9b4b332c06f9cf42,KCQA,1235,4,True
4,462,7,2,KCQA,"(7, 2, 43, 2)",1371,4,470,78d38f17704095dfb7adb264d477598c05216499208dd4c1e0521c19414375b6,KCQA,1371,4,True
4,463,7,2,KCQA,"(7, 2, 44, 2)",1395,4,515,abcda1d81e832e47a5ed9a2afe24590339231262cf9afd5def821189661272de,KCQA,1395,4,True
4,464,7,2,KCQA,"(7, 2, 45, 2)",1386,4,514,adf08f9f17e9ca4c91bcc1c9e404f94ef491ec939ec2dd572a1a68c054df2385,KCQA,1386,4,True
4,465,7,2,KCQA,"(7, 2, 46, 2)",1259,4,501,6d997ac90a399890196e98821b2184362521f151f5e4de8c35e21f082c9ae072,KCQA,1259,4,True
4,466,7,2,KCQA,"(7, 2, 47, 2)",1102,4,432,43eeaeb22b4e7c0a3e891225a7a3c16d99a93cacd2b0687cc5bd2391b8b1a325,KCQA,1102,4,True
4,467,7,2,KCQA,"(7, 2, 48, 2)",928,4,359,8a6807a93322a8228a71cd4b9f5c09999dec19be554b138f10500f5c99e4bbe8,KCQA,928,4,True
4,468,7,2,KCQA,"(7, 2, 49, 2)",765,4,280,450fff73850e6fe187ae84983883eec7f71208a8169fd491315958d9a220317c,KCQA,765,4,True
4,469,7,2,KCQA,"(7, 2, 50, 2)",568,4,182,ba01141c8605ecb0c1f4706f7f3e5ec8ba0c154641d77f75bd3521f1536ffe95,KCQA,568,4,True
4,470,7,2,KCQA,"(7, 2, 51, 2)",377,4,112,beb3531e69eeeb10687c70aeef0765714b5582252f48f9a72349be317a78fcc9,KCQA,377,4,True
4,471,7,2,KCQA,"(7, 2, 52, 2)",255,4,108,ed282aa9f50b7494680738cee6dc7e69e4ee2837d440c5438ce5b24054fba316,KCQA,255,4,True
4,472,7,3,KCQA,"(7, 3, 0, 0)",4683,4,910,5460d2f13de9ad149a67185264d70aa27dba0285bc0ea117c26ed0cdfd6fb373,KCQA,4683,4,True
4,473,7,3,KCQA,"(7, 3, 0, 1)",5670,4,1618,82b2d5612b277f81abceba6227bba9fe148fceaea9b130542b47a92f1d627490,KCQA,5670,4,True
4,474,7,3,KCQA,"(7, 3, 0, 2)",4777,4,1271,54261d5846fbbc2d61372db47e403d19e1eaec18aca8d2452edb844ccd3ac07e,KCQA,4777,4,True
4,475,7,3,KCQA,"(7, 3, 0, 3)",4590,4,1265,1863f84f18b9ec77a239b28d2a130a09289ad650d521d2ec0a34488c42a8e891,KCQA,4590,4,True
4,476,7,3,KCQA,"(7, 3, 1, 0)",904,4,252,8aee310ce364aef6de9fe1b9edd524fc6147d727b1e418c45af132e5a57d77d0,KCQA,904,4,True
4,477,7,3,KCQA,"(7, 3, 1, 1)",1411,4,506,b810eb34aeeec30513dcdc58bbbce21decf6391d49552727f57e83d3520776b6,KCQA,1411,4,True
4,478,7,3,KCQA,"(7, 3, 1, 2)",1410,4,432,b7801ddda6ad4d3829d0fc26e5284a4d72e1c50455ee8a1172f61c0c1ded974c,KCQA,1410,4,True
4,479,7,3,KCQA,"(7, 3, 1, 3)",5690,4,1647,b9e4c7e56d4c644d164f7d783294cf07a1877d750b1ce18a4f243c02ec0c187f,KCQA,5690,4,True
4,480,7,3,KCQ,"(7, 3, 2)",6790,4,146,368678e15bbd2a0b7a6d29916f67460dee8fd35eb5d012e865f434860339800a,KCQ,6790,4,True
4,481,7,3,KCQA,"(7, 3, 2, 2)",442,4,128,be3d2207a128224dfb3ecef8e643c16600ad211cc9eb4f9658f20c0257b45173,KCQA,442,4,True
4,482,7,3,KCQA,"(7, 3, 2, 3)",6037,4,1751,fce9d2cb06723efa8e5079b28cc40e5849ab3be9352ff2411b43be0743213ea6,KCQA,6037,4,True
4,483,7,3,KCQ,"(7, 3, 3)",6251,4,53,333e5cada55755e6650e85ee1b667217c83ccaedb242886b256abca65899df9b,KCQ,6251,4,True
4,484,7,3,KCQA,"(7, 3, 3, 3)",6099,4,1712,c5cdf4ab646d0be470ded781a8dd5a784bec10b725c6f654af0ae41ba123fa5f,KCQA,6099,4,True
4,485,7,3,KCQ,"(7, 3, 4)",204,4,67,8294ca819dd645097f5af95efa51eccc7d3b8e4b6aa6d520b1427a656f78df8e,KCQ,204,4,True
4,486,7,3,KCA,"(7, 3, 3)",30325,4,349,d85e586903af43250341f3ea82b6c4b1d4d83a5048817f114f078afcae4a545c,KCA,30325,4,True
4,487,7,3,KCQA,"(7, 3, 15, 3)",218,4,43,65e1a373e823e74e3a63cadf2a2e112bf2f3442cae50027dfecf5427369bc994,KCQA,218,4,True
4,488,7,3,KCQA,"(7, 3, 16, 3)",265,4,45,4de3f21844973dbae6b3656cd53162646c6d1d02164b542de11fc91056f653dd,KCQA,265,4,True
4,489,7,3,KCQA,"(7, 3, 17, 3)",296,4,38,d7c21d5b156c47bde1b01181dff191e65c8e29981232c52a5216bf07ad4a4184,KCQA,296,4,True
4,490,7,3,KCQA,"(7, 3, 18, 3)",342,4,37,02b2d6cb85b72d2efa82afd731b702cdb773e87b00312279d4742361b91f3c3b,KCQA,342,4,True
4,491,7,3,KCQA,"(7, 3, 19, 3)",383,4,27,8f27d32a5b289ea426cfc49da6e15063b8b97292f277471a6fe79bfb99fd24fa,KCQA,383,4,True
4,492,7,3,KCQA,"(7, 3, 20, 3)",409,4,23,f67e198a9a2a1d3a434b076610c0693391a013432ad1cee5467c1c923e7327cf,KCQA,409,4,True
4,493,7,3,KCQA,"(7, 3, 21, 3)",422,4,19,6fe66345fbeb9548acc8b6221b6cf04d1eca5b8a0ed2e083d3bc9e8a7210b02a,KCQA,422,4,True
4,494,7,3,KCQA,"(7, 3, 22, 3)",398,4,22,b5a4c74f5c907337d012f7df58c259543c495d2bc7ab895b14858b054f5661d6,KCQA,398,4,True
4,495,7,3,KCQA,"(7, 3, 23, 3)",342,4,20,5416843fcab522a357a737f5cd1dafe18ac90d49da0a4c52cef5ccf07ab9f9e4,KCQA,342,4,True
4,496,7,3,KCQA,"(7, 3, 24, 3)",311,4,18,543be2ab1c08dd2b3abdd818e6013018294df6933d12d09c412788a4df6a6a67,KCQA,311,4,True
4,497,7,3,KCQA,"(7, 3, 25, 3)",286,4,21,bc326100df8a879f9d3d66f48f2d78d29982e5498bc0c95f2fe7e8305e79c0fa,KCQA,286,4,True
4,498,7,3,KCQA,"(7, 3, 26, 3)",282,4,21,3797e7c9fbeb5a33cd21aef34930c01278e480920602faa50e76881ee090afe5,KCQA,282,4,True
4,499,7,3,KCQA,"(7, 3, 27, 3)",290,4,20,0eb5c81367249a2021c4a2ae5d33aea3a295b67edb27a40b93ee142bc715e5e3,KCQA,290,4,True
4,500,7,3,KCQA,"(7, 3, 28, 3)",300,4,18,0a3ae0c9905555050391999f9b867e146319f11a735b384a383155081778cfdd,KCQA,300,4,True
4,501,7,3,KCQA,"(7, 3, 29, 3)",294,4,20,67b9b957049f3699f428c87744e8d8cd8ecd817ab26fe4cb20f898cc6f89936b,KCQA,294,4,True
4,502,7,3,KCQA,"(7, 3, 30, 3)",265,4,17,1cf606d3e4e089c570c8c51b94540166ae8e86dfb17c3b441c448aeba2e00f8c,KCQA,265,4,True
4,503,7,3,KCQA,"(7, 3, 31, 3)",235,4,20,8f1a80ddf2d6dad52986c4fb3e9747e8408324b9cc9996e9bb829c9f05c90d6c,KCQA,235,4,True
4,504,7,4,KCQA,"(7, 4, 0, 0)",5493,4,1432,794a16e02906eb893e22d4bb3e208f14d8d08c531994f8932325cce5c5320095,KCQA,5493,4,True
4,505,7,4,KCQA,"(7, 4, 0, 1)",5290,4,1367,a68e9dd587a4892b8b5663bb8b33e4c84c4f0e50e5f8947dd3bc099a55c4f0c5,KCQA,5290,4,True
4,506,7,4,KCQA,"(7, 4, 0, 2)",5370,4,1356,606fa047593856d226fc53115d6c174b8941f2a1c00965a5781201ead173bee6,KCQA,5370,4,True
4,507,7,4,KCQA,"(7, 4, 0, 3)",5681,4,1455,6ef1964381129cfa0b0246aa12c62b9cf87b42a7473cc4946184dab1fd0494be,KCQA,5681,4,True
4,508,7,4,KCQA,"(7, 4, 0, 4)",5405,4,1378,06bb3d45a0d7910d1c6ec5bba6a9e44f2bb172e3d8268b78cacca72f666fd09b,KCQA,5405,4,True
4,509,7,4,KCQA,"(7, 4, 1, 0)",1105,4,271,c97b17b73a4f0d4b50c3501349ff58f5461448c679d2fb8ac081e98279ab490f,KCQA,1105,4,True
4,510,7,4,KCQA,"(7, 4, 1, 1)",1430,4,361,cc448765772c7489a8267b440f659e3f31c76172f65e8b0163f078fed4cbc50a,KCQA,1430,4,True
4,511,7,4,KCQA,"(7, 4, 1, 2)",1533,4,362,2ac28ca5336df622bb59e98d24e5aaab37adc7a52ee216ad8f41894b3f746f71,KCQA,1533,4,True
4,512,7,4,KCQA,"(7, 4, 1, 3)",1546,4,393,ef6984e0444aa8e3bf572963a0e36cdf922e5570c6dc4d93bb449f007fcaf062,KCQA,1546,4,True
4,513,7,4,KCQA,"(7, 4, 1, 4)",6614,4,1681,cbe9d9049395e1d46fc59a50cee398c9c3bab5fa2617868752131e67f363c802,KCQA,6614,4,True
4,514,7,4,KCQ,"(7, 4, 2)",7907,4,35,097555b903b682a082fb9041c41648ed2273f24f9943b4c7b43cda32f80cb776,KCQ,7907,4,True
4,515,7,4,KCQA,"(7, 4, 2, 1)",237,4,50,489193afe6de4f636a7910f503a39ce123a493b84ae675145e8af53b75700064,KCQA,237,4,True
4,516,7,4,KCQA,"(7, 4, 2, 2)",245,4,47,cdf2c6925952ca0b38654893fab5dc1901adb4acea9f19fb84ba7a7a6fc1ac95,KCQA,245,4,True
4,517,7,4,KCQA,"(7, 4, 2, 3)",446,4,110,78668653447f17f8ab553059a519c4b25199c76b84ca771f3ad7a0bca410202e,KCQA,446,4,True
4,518,7,4,KCQA,"(7, 4, 2, 4)",6846,4,1732,1a9607aa35be07e5366bc1de2076e5127cb8a4ae66f60eeb6ab8e1d58f2c4884,KCQA,6846,4,True
4,519,7,4,KCQ,"(7, 4, 3)",320,4,82,499892d22d43a14e8a03893b70b0709d4a41c76e77544fe2375b37614bb248ab,KCQ,320,4,True
4,520,7,4,KCA,"(7, 4, 1)",6993,4,1,2a1d431ad0cbe6b535c19b08c0d99ce294c8a47382754953b2a5406ad8c1846a,KCA,6993,4,True
4,521,7,4,KCA,"(7, 4, 2)",7188,4,2,88ed832aa4df1287743e8550490ce299f73180aa08aed5671e75d51b0c3d410c,KCA,7188,4,True
4,522,7,4,KCA,"(7, 4, 4)",20835,4,410,47ecf9a2c5922be6ada287a18c49506c835768226d781946a10ae2558bf997ee,KCA,20835,4,True
4,523,7,5,KCQA,"(7, 5, 0, 0)",4346,4,1094,a18ab697a9196e82bac4d392e4a7f1ec5127362d92c94a415f8fcc34676d6daa,KCQA,4346,4,True
4,524,7,5,KCQA,"(7, 5, 0, 1)",5036,4,1266,261fbee17193355cb7ae1a33e2441dc9dda7f2f469337e198d4f7a74a52c7197,KCQA,5036,4,True
4,525,7,5,KCQA,"(7, 5, 0, 2)",5638,4,1397,47291d0ce9ca3f629e5c333ef5547f29242b9df07569b387b045c9eef5455bf5,KCQA,5638,4,True
4,526,7,5,KCQA,"(7, 5, 0, 3)",4997,4,1278,19a3b28e0580b130b05a40cc4ba12f5197cabf5990c78d8370e96ffd383c0470,KCQA,4997,4,True
4,527,7,5,KCQA,"(7, 5, 0, 4)",5202,4,1283,7b233d5212d827c3cc023300446f577e549fd3d677c2d925b2690c3d55ac5bda,KCQA,5202,4,True
4,528,7,5,KCQA,"(7, 5, 0, 5)",5449,4,1380,0abaf10c8d09d8325a390a33144770ec80061d6ff4a2d26bf81d650a5e36ba45,KCQA,5449,4,True
4,529,7,5,KCQA,"(7, 5, 1, 0)",1028,4,250,022b4f969e2db42d8ca73d1c7ddb756de1a5d232b07dc634b1819895752eb71f,KCQA,1028,4,True
4,530,7,5,KCQA,"(7, 5, 1, 1)",1430,4,371,4be48360e3b9737f95b71f77ddcfbcb0cfb2e5f7dcc45c25992165ca0936edb5,KCQA,1430,4,True
4,531,7,5,KCQA,"(7, 5, 1, 2)",1841,4,441,00361ef3a88f53db0a38ddc318662fe06cf0a347c99c3327f6dd4a9ecea30bc9,KCQA,1841,4,True
4,532,7,5,KCQA,"(7, 5, 1, 3)",1615,4,385,177b936c22c8abbcb4b26215aae9440f1d4cbd9966fdbfabe27b638a522d4e38,KCQA,1615,4,True
4,533,7,5,KCQA,"(7, 5, 1, 4)",1355,4,298,6beaeb9f1f8b09f95030065428a0f74dfe16cf37a7a5abb3b5b67c807aec6b75,KCQA,1355,4,True
4,534,7,5,KCQA,"(7, 5, 1, 5)",6679,4,1679,ef704266d36cd045666a4f888b28a457c2a53f69ece4e1f41ec7d8db8c1ce808,KCQA,6679,4,True
4,535,7,5,KCQ,"(7, 5, 2)",1910,4,31,039da289babdedad5600e63314172bac5c1bf925b3a514f74d9cd903d0881fe0,KCQ,1910,4,True
4,536,7,5,KCQA,"(7, 5, 2, 1)",247,4,70,dd198ccf9a6c066627b8ca345e780988d458725a87969290a3f96a40d6c29f52,KCQA,247,4,True
4,537,7,5,KCQA,"(7, 5, 2, 2)",260,4,67,597767f1a81f646aeaa4ff8b3f02a101bbaa7131bed770abbd600275aaabb544,KCQA,260,4,True
4,538,7,5,KCQA,"(7, 5, 2, 3)",216,4,55,5f0bf89528e82a50612a00c627f4ca29a330ae0b226d1430f469c735b910c3f4,KCQA,216,4,True
4,539,7,5,KCQA,"(7, 5, 2, 4)",293,4,53,c53f34346e6161d3652f75bf96e61157bf5d1e20aea6a9e63517189ce450beac,KCQA,293,4,True
4,540,7,5,KCQA,"(7, 5, 2, 5)",733,4,168,e15b1321a7a31df81badb4bc0f2cd0c09065ca5a346fd095257df8a1432d3db7,KCQA,733,4,True
4,541,7,5,KCQ,"(7, 5, 3)",308,4,30,d89cba473fa6e99b6daa6b91734641dceb20d95c410afbd1c3d9cab9eb30bf21,KCQ,308,4,True
4,542,7,5,KCQA,"(7, 5, 3, 5)",213,4,47,7bd60c9e7097f6d1f255c23351de21c9bd47210dad455d1b8deba3dd0ddc8c7f,KCQA,213,4,True
4,543,7,5,KCA,"(7, 5, 5)",13081,4,4,3347f3623653c52085d523aef457fd58be8d48ac56da51da9f17875869feca2b,KCA,13081,4,True
4,544,7,6,KCQA,"(7, 6, 0, 0)",3577,4,994,43df920cc2e955041c89ea25f5748b97b0a8c2480b3face7aa4031e3a0febea9,KCQA,3577,4,True
4,545,7,6,KCQA,"(7, 6, 0, 1)",6318,4,1613,2c58b831c491d09bce37e9c5b0fe47430a7743fabf08be5a35556d8a83d8abfc,KCQA,6318,4,True
4,546,7,6,KCQA,"(7, 6, 0, 2)",5269,4,1384,4d417c6578da6063bc9465828cfc32faa12bb0333906fcd047d4dffed53854c6,KCQA,5269,4,True
4,547,7,6,KCQA,"(7, 6, 0, 3)",4886,4,1238,f43e5ea6d817d57551ab9edfbd67c051c5ec0004d314f4eb8836229374c90601,KCQA,4886,4,True
4,548,7,6,KCQA,"(7, 6, 0, 4)",4818,4,1239,5524fa1ae2afe7d4a24ffd20a17681a6c4b6386c825ab63a1f4e75e26bd7936c,KCQA,4818,4,True
4,549,7,6,KCQA,"(7, 6, 0, 5)",5005,4,1258,427332184fae18b8b1d50c47dd0b136bbe6251e7693b6cc7b8832be8bc13cbd9,KCQA,5005,4,True
4,550,7,6,KCQA,"(7, 6, 0, 6)",5537,4,1329,ebe135ead5aaa82bc4b8adf7a4fdce9df5412cce128762215e8f0b5b38f02aad,KCQA,5537,4,True
4,551,7,6,KCQA,"(7, 6, 1, 0)",940,4,213,dd744dbbe44f80ce0e49bdb03d44392121e7405cb1e23728fdb7a0b9f58b6123,KCQA,940,4,True
4,552,7,6,KCQA,"(7, 6, 1, 1)",1687,4,359,1f7bbdb04fa831ec4fd7db74b356039675969aace398788289c6c24db5c83d93,KCQA,1687,4,True
4,553,7,6,KCQA,"(7, 6, 1, 2)",1733,4,403,4b3dd74a9325938956ee2afa95ddebe3fcfd914e01c701912f9b39617d1f41cd,KCQA,1733,4,True
4,554,7,6,KCQA,"(7, 6, 1, 3)",1624,4,392,4f9da65581240adbd245c52148099a7a96bdbe78f469fd2f8f1511c813b8d731,KCQA,1624,4,True
4,555,7,6,KCQA,"(7, 6, 1, 4)",1441,4,342,188dc031f1d17f69a4a5d85edc1b9a824372f6a114e14960660fe78c298b5e7d,KCQA,1441,4,True
4,556,7,6,KCQA,"(7, 6, 1, 5)",989,4,277,f50fbf51fa76d35ffb8775a12d93226e8eb739ee073fefe960832e4dcdbdbdda,KCQA,989,4,True
4,557,7,6,KCQA,"(7, 6, 1, 6)",426,4,88,1983bd81239a9d5dca4970c3fbc5eb5d98a12c2198a550be0ecf2fd807b66cfc,KCQA,426,4,True
4,558,7,6,KCQ,"(7, 6, 2)",1182,4,71,829f45538cf9291eb222d2e186992a6cd5d82e48d74d210a6bf2ff677bdc7cd4,KCQ,1182,4,True
4,559,7,6,KCQA,"(7, 6, 2, 1)",284,4,59,bf3d7c9863bcf46eb6864136a780619446ddcf3e75ad061fca68e3b12e817e1b,KCQA,284,4,True
4,560,7,6,KCQA,"(7, 6, 2, 2)",316,4,67,9c0342e79b4707237b67938da0b0b319530d589a7a2dd8097c6b57e067763616,KCQA,316,4,True
4,561,7,6,KCQA,"(7, 6, 2, 3)",275,4,65,fae9f6351a3cdd1b4bca4300d7aad4148043e5274c446656315addb62900e2df,KCQA,275,4,True
4,562,7,6,KCA,"(7, 6, 0)",4680,4,3,8b2cba333217241e2c15c814648dc5ce75b2aa19e48543faba88ad005ad3e834,KCA,4680,4,True
4,563,7,6,KCA,"(7, 6, 1)",8331,4,9,568801ef48bbf4c06839fc7c46fa0ca859effaa86112a2a87ae85bb027273022,KCA,8331,4,True
4,564,7,6,KCA,"(7, 6, 2)",7352,4,6,c2fbb6ef4afd436896868e0782ea5f069089d4785c2bb1dde2aebb23f5b6115d,KCA,7352,4,True
4,565,7,6,KCA,"(7, 6, 3)",6815,4,3,7558e299800dc622ea0deed54373dec950c8459ac91522fe112fff50184405b6,KCA,6815,4,True
4,566,7,6,KCA,"(7, 6, 4)",6397,4,1,203bd94caba829cecd954ceb2d2f431737b97da7acdc503732b2d4ddb3ffcea9,KCA,6397,4,True
4,567,7,7,KCQA,"(7, 7, 0, 0)",2319,4,579,5a5cd07cc8252fdd2ddf971d6964649d0b156038b3d8f1ac64b97cc6f7e999e2,KCQA,2319,4,True
4,568,7,7,KCQA,"(7, 7, 0, 1)",3953,4,1004,f82768dc72edce72b1af783ca640cb82d128775285e549eeb3958db86114d76e,KCQA,3953,4,True
4,569,7,7,KCQA,"(7, 7, 0, 2)",5094,4,1293,22655d7db8c535f7a1ab2fcf36cc0b62bff29efc710dbe461cdc97e2bf2737c8,KCQA,5094,4,True
4,570,7,7,KCQA,"(7, 7, 0, 3)",5585,4,1447,fc6caf8330743093a879a8222dd313c9392610454bcd72291c6840d22c5417c4,KCQA,5585,4,True
4,571,7,7,KCQA,"(7, 7, 0, 4)",5797,4,1431,84db1ae2d6e69bfc462e3e45d8d626609a74cd51a68c8b3ee131d86cebf5c407,KCQA,5797,4,True
4,572,7,7,KCQA,"(7, 7, 0, 5)",5974,4,1523,38a412fb86c02a6f9e21713bc73565fc0e1d4f8612bb9f507ecb27cc9b293aae,KCQA,5974,4,True
4,573,7,7,KCQA,"(7, 7, 0, 6)",6201,4,1552,9b6555671b5eed286164c0ebd3bc753cd6ecec08cdf7f7a80ed07a9445ff95d6,KCQA,6201,4,True
4,574,7,7,KCQA,"(7, 7, 0, 7)",869,4,228,0298a4a97bb1523d7a469ad845a657513dd9fde1dce1152a20852708128bd61e,KCQA,869,4,True
4,575,7,7,KCQA,"(7, 7, 1, 0)",559,4,147,11211ed75ddb3b994b994f705ddb7a312305f32d2adefaf45ce2db512d6955d2,KCQA,559,4,True
4,576,7,7,KCQA,"(7, 7, 1, 1)",1108,4,282,c3f9b3f0b9ccaabf48201489a26e9dcfd2102279e16f426e239fe02414093e86,KCQA,1108,4,True
4,577,7,7,KCQA,"(7, 7, 1, 2)",1515,4,372,75900ef4e5f9c649c8d4946a37ffbfdb615ac0d2f259643fcc0d7378aacb34bf,KCQA,1515,4,True
4,578,7,7,KCQA,"(7, 7, 1, 3)",1644,4,446,4ca4fba12585a8a9750d7d47409c8111f8cd36e9d1736299e3b5156bb7f95870,KCQA,1644,4,True
4,579,7,7,KCQA,"(7, 7, 1, 4)",1637,4,385,2b280f32cf16a3e022e6e6ff09f531edc95c20b567c8df17ea7dd2d50f9561d2,KCQA,1637,4,True
4,580,7,7,KCQA,"(7, 7, 1, 5)",1252,4,293,6e3b3da8f4b81022becf94dc6f5b289278e10971fcf0347611395f42eee30bfd,KCQA,1252,4,True
4,581,7,7,KCQ,"(7, 7, 1)",8216,4,31,a1613292dbcaf13d8c24f86409312f8fdc222aad304b2718de1b529456acef74,KCQ,8216,4,True
4,582,7,7,KCQA,"(7, 7, 1, 7)",359,4,87,f5300284796ed30762b619c3cae2cb8fa9d95a47b4c803eba909192ef6c903f1,KCQA,359,4,True
4,583,7,7,KCQ,"(7, 7, 2)",1304,4,63,a1c1cf1b61cb70f18e8519737b5000b00a2bf86e5fee0f428c93898f26191c97,KCQ,1304,4,True
4,584,7,7,KCQA,"(7, 7, 2, 1)",208,4,45,79c577112ed698c95874c761f512cdab68449bc2219fddf4424426e728ecc2eb,KCQA,208,4,True
4,585,7,7,KCQA,"(7, 7, 2, 2)",295,4,57,2a25bd51bf74cb8044bcac6b53dcef8a861e9ee4fad5d1f48d22140476e88170,KCQA,295,4,True
4,586,7,7,KCQA,"(7, 7, 2, 3)",312,4,85,d722135e431e2909367efd51002522cbf9fecc087e7617f8e63c94d3827bb8a0,KCQA,312,4,True
4,587,7,7,KCQA,"(7, 7, 2, 4)",219,4,56,55700b5d864bca2346b55f124280eaa847cbf50c39dbd5c29edfd909b290ea86,KCQA,219,4,True
4,588,7,7,KCA,"(7, 7, 1)",5296,4,7,7d40ca1d208b13639e786c3a64db81e109ef183ac1c6d10890b2b90ed342a937,KCA,5296,4,True
4,589,7,7,KCA,"(7, 7, 2)",6939,4,7,b36de9aad45f8d34d565b1053bae825015e5acae9d3bd0a474f4545f51bf3994,KCA,6939,4,True
4,590,7,7,KCA,"(7, 7, 3)",7582,4,3,cb5d133937eb780566168cf4253bcd4e9a00828ad57f7b28a116654aecb42156,KCA,7582,4,True
4,591,7,7,KCA,"(7, 7, 6)",6357,4,1,7c0ce69c911992f9120e331c63a1811e7dad1646a66edad7a1a366aa1b6458bd,KCA,6357,4,True
4,592,7,7,KCA,"(7, 7, 7)",1454,4,29,3fc532f88564768f27e8b8fbdfde5e0a25cf66e3d1b4851f3bab29ce935a488a,KCA,1454,4,True
4,593,7,8,KCQA,"(7, 8, 0, 0)",2379,4,621,36195470d341c0fa720c0c74f9fdbfc8265c8616d2a730f5a5d98b04abd10163,KCQA,2379,4,True
4,594,7,8,KCQA,"(7, 8, 0, 1)",4251,4,1052,f7b869d9bb0d181824518343e6e7877a323f833d9a78110d51a7c1f5a50202bf,KCQA,4251,4,True
4,595,7,8,KCQA,"(7, 8, 0, 2)",5214,4,1335,f10d9b63a3e1efa26a86ac7ec948bb8bac2b4ae16972e40f022970f731f3345b,KCQA,5214,4,True
4,596,7,8,KCQA,"(7, 8, 0, 3)",5539,4,1431,c84ecd0fba6a6b62374e1fafc11a475c12927ff6676d841b137980c9d664150d,KCQA,5539,4,True
4,597,7,8,KCQA,"(7, 8, 0, 4)",5628,4,1449,002c3c6fe3951f98548db414cdaa2291489b98879f369dc2a2c6a1ad51e483f3,KCQA,5628,4,True
4,598,7,8,KCQA,"(7, 8, 0, 5)",5649,4,1434,4dbc62733a581b6f3ca16aa4cee04237efae23f9055ff203da4f20a53a5e91b9,KCQA,5649,4,True
4,599,7,8,KCQA,"(7, 8, 0, 6)",5971,4,1486,33029beb561249228e2e659e075f0a4cbac2397ae541519ca577192bc432e97a,KCQA,5971,4,True
4,600,7,8,KCQA,"(7, 8, 0, 7)",778,4,185,04e5471dd212becbd344c5454d0c4d594e9e81dde2cefb746781fd7f1eaf7410,KCQA,778,4,True
4,601,7,8,KCQA,"(7, 8, 0, 8)",253,4,83,40751e0c5f92d93d6158ed1c2381f84056967e60b537b495ef66e6a906457059,KCQA,253,4,True
4,602,7,8,KCQA,"(7, 8, 1, 0)",493,4,115,a86cc8efc24f97fe8bf82e0275cfee5740a29afb3551a157dd6ad61855e44e23,KCQA,493,4,True
4,603,7,8,KCQA,"(7, 8, 1, 1)",1135,4,264,e9edfcbc4b5523d56bbb4d38611b231f6280aa6285c5d59684f84b39b5f49cb4,KCQA,1135,4,True
4,604,7,8,KCQA,"(7, 8, 1, 2)",1546,4,379,d1d4796d8a6a5cb3dead7356349dc138de53598089701fb565d13f556aca04d3,KCQA,1546,4,True
4,605,7,8,KCQA,"(7, 8, 1, 3)",1717,4,426,a77cca79ab53ddcb7e5fce14d93a1b02218478b7082d6b0ed7df76d698d0cb10,KCQA,1717,4,True
4,606,7,8,KCQA,"(7, 8, 1, 4)",1753,4,415,7e1afb276763d23a7f3a9a755f90328a16c920787d814f27063115661309ab3c,KCQA,1753,4,True
4,607,7,8,KCQA,"(7, 8, 1, 5)",1268,4,293,cab415d833048a7841065adda90e585bcb2bb0abca8e9bf9bf0ca24f14f10e2b,KCQA,1268,4,True
4,608,7,8,KCQ,"(7, 8, 1)",8279,4,80,9e018d630afbd3fc72b8e8bf201dd9847c097c02df39cba2fb2ba21f318ddaa1,KCQ,8279,4,True
4,609,7,8,KCQ,"(7, 8, 2)",1239,4,94,b9748f0e041f3fa4a975ae80e1383e4b69343701230bbadf69980940ad82a868,KCQ,1239,4,True
4,610,7,8,KCQA,"(7, 8, 2, 2)",299,4,62,aaa88e033655fbb6dd1baa199a44612c73b6a1b9c0a627990bc27f18191c9da5,KCQA,299,4,True
4,611,7,8,KCQA,"(7, 8, 2, 3)",330,4,81,874f71bb4ccde36055e659795cdfdc2c355e0d13053098a2814d7abd332030d0,KCQA,330,4,True
4,612,7,8,KCQA,"(7, 8, 2, 4)",262,4,67,6f069bb56258b8f9f9264d7e43beba13dd30f8c3d0969aafba8c67343a3bced7,KCQA,262,4,True
4,613,7,8,KCA,"(7, 8, 0)",2952,4,1,9a6542dc6dc9e4339572288893c9521d31335204fc12d769b6d1927992212dfa,KCA,2952,4,True
4,614,7,8,KCA,"(7, 8, 1)",5618,4,9,1ab257efef3014a062cdcf54f046ac674808de0ccf1aa478eb326ab3de17a5c7,KCA,5618,4,True
4,615,7,8,KCA,"(7, 8, 2)",7107,4,14,01b57958f06582f1dea6ba56b9ea735964d5882577e36360d6958361bcc11803,KCA,7107,4,True
4,616,7,8,KCA,"(7, 8, 3)",7622,4,9,1b7052e2625c10c990df5b88a9953cba85c40da8d0dd89218cdb1ffae9b82fb7,KCA,7622,4,True
4,617,7,8,KCA,"(7, 8, 8)",467,4,9,2eafa282593bf7645632ec1af179d8f714ccf8a0568ccc666f3d0c8e7108009d,KCA,467,4,True
5,0,1,1,KCQA,"(1, 1, 0, 0)",7186,4,1797,f787b977798da13c12beb052779437d87a7e282ee5844152696521bd5bd5d403,KCQA,7186,4,True
5,1,1,1,KCQ,"(1, 1, 0)",7191,4,2,78ee07efcc8395b94f3426905283839b842debe1dd79b3b93d1e3b7709111bdb,KCQ,7191,4,True
5,2,1,2,KCQA,"(1, 2, 0, 0)",7185,4,1797,4ca3eb9281c5dd26678edd639f1eb781dbe2d837b54252041d08171021dbd84d,KCQA,7185,4,True
5,3,1,2,KCQ,"(1, 2, 0)",7191,4,1,f17ea63c00a9684d4dfd810d935bd86ca773b273ffad1eea15a36910690a38cf,KCQ,7191,4,True
5,4,1,3,KCQA,"(1, 3, 0, 0)",7187,4,1796,58ba9ba2886c8f72491b5a8aec5396bcf2bddfcf598e5151aecc7353452d73df,KCQA,7187,4,True
5,5,1,3,KCQ,"(1, 3, 0)",7194,4,2,4d16d91fe2baeba9480710ca03a255691becd426249395495604e64399c161fc,KCQ,7194,4,True
5,6,1,4,KCQA,"(1, 4, 0, 0)",7188,4,1796,ac3d75b9a09c5f55784099b028879a25643dcbe4726f46ee5bfe4967d476a895,KCQA,7188,4,True
5,7,1,4,KCQ,"(1, 4, 0)",7194,4,2,f46a28e9f8c84ed5551e2421aee5ffb8cd7243a1a3fdda223d8471555d2eddeb,KCQ,7194,4,True
5,8,1,5,KCQA,"(1, 5, 0, 0)",7185,4,1794,b4ab59e2e4fe421863d12a28ee9141b8c3720ad9b068a617d6266761a09ff1f9,KCQA,7185,4,True
5,9,1,5,KCQ,"(1, 5, 0)",7193,4,1,728674bfcc42ffd0ac8b87bb1e0c7d649cf0ebad786336a7ac2ca6e5fc0fec64,KCQ,7193,4,True
5,10,1,6,KCQA,"(1, 6, 0, 0)",7176,4,1794,1d6a29ce3027bebe6a4926c9158f4a61842a867fc57a25ccbd1ed20ffe12a55a,KCQA,7176,4,True
5,11,1,6,KCQ,"(1, 6, 0)",7184,4,1,42a2dbcf4b0bbfea0cb8118fd7c4ac25cbf518f8bf21a825bddfd82a5772bf4b,KCQ,7184,4,True
5,12,1,7,KCQA,"(1, 7, 0, 0)",7176,4,1794,37615e3e1e80b6c1f4ffdf9b66669209f8db599c311655c81956381fe64f09a8,KCQA,7176,4,True
5,13,1,7,KCQ,"(1, 7, 0)",7182,4,2,fe0f14bdc066ffd263e11da57c973973497192349daa3a092a814ed207fd7aeb,KCQ,7182,4,True
5,14,1,8,KCQA,"(1, 8, 0, 0)",7177,4,1794,5d883e768182ab0528779e970b4aa26f9b9eb6fb6bd3d1b177bbb2f043de9069,KCQA,7177,4,True
5,15,1,8,KCQ,"(1, 8, 0)",7185,4,1,077c392a06ccd5cdba52d6e3f248aa9d78d5af047bc7b7f3f99c9fd1ca2cf0c8,KCQ,7185,4,True
5,16,2,1,KCQA,"(2, 1, 0, 0)",7175,4,1793,c4fb2aeff4a63cae1b5677737e2409badf97b06aa7027f01bd980981e80d689a,KCQA,7175,4,True
5,17,2,1,KCQA,"(2, 1, 0, 1)",5147,4,1437,3373612ba4d89a97c413573b1410fcf584a69aed4a1e9625113d100ac892bd6f,KCQA,5147,4,True
5,18,2,1,KCQA,"(2, 1, 1, 0)",2028,4,356,de207d5b957e347969a9636ded543e5fb43ab062ef880f41901f663284020b4f,KCQA,2028,4,True
5,19,2,1,KCA,"(2, 1, 1)",5165,4,4,d4291000674e76a31d0596530bce2fe6714bcaf15fd2cf80464af581f59a1f8c,KCA,5165,4,True
5,20,2,2,KCQA,"(2, 2, 0, 0)",7176,4,1795,cb802919d14bb38a31e0540f3aafdef964b4a798c45b75d1aaea3cc35340ea79,KCQA,7176,4,True
5,21,2,2,KCQA,"(2, 2, 0, 1)",5820,4,1481,b0ccf518e43577fc0d9288238fd5c16c94df49b652e519b63b1cd8e610ab8805,KCQA,5820,4,True
5,22,2,2,KCQ,"(2, 2, 0)",12998,4,1,438e03fc0fe76f7edbdd765411db9ff837be145606a894e637c2f7eed36bfa54,KCQ,12998,4,True
5,23,2,2,KCQA,"(2, 2, 1, 0)",1357,4,314,fd39176b12140aa7ed4e458a000eb2f7f48404884b23c2fcc3c4b639e4c96f8a,KCQA,1357,4,True
5,24,2,2,KC,"(2, 2)",14364,4,1,38ae68bd7ddbf723debaa6b1544f15e2c059bbfffe51ab67340a2d3478826c88,KC,14364,4,True
5,25,2,3,KCQA,"(2, 3, 0, 0)",7180,4,1794,7f519d79228cd2068044da34031d2d7cbb664f48dc02f109a2f4b4cefdbee328,KCQA,7180,4,True
5,26,2,3,KCQA,"(2, 3, 0, 1)",5243,4,1431,daa8e9d3d017c9188ac4f92622cc09d3e610a8daac1d487957304a1495fce34f,KCQA,5243,4,True
5,27,2,3,KCQA,"(2, 3, 1, 0)",1938,4,363,4a4d88821d407edc1a58be6542aaa4e3a5e1c0a20679655d94ffb1e4abd31bb7,KCQA,1938,4,True
5,28,2,4,KCQA,"(2, 4, 0, 0)",7181,4,1796,63d1dc1055227e122e9726592de67cb2e1d33bef0bb8b92dceeae8c6fe814c93,KCQA,7181,4,True
5,29,2,4,KCQA,"(2, 4, 0, 1)",5274,4,1477,12c547b814244d6aa9c4dd66a4b8b98e1a33ae677912a5669d1e6ec9e06cf16e,KCQA,5274,4,True
5,30,2,4,KCQA,"(2, 4, 1, 0)",1902,4,318,8b078f38c1cc17139762355d074374b26eb721213b8dd8f981a559400d7c388f,KCQA,1902,4,True
5,31,2,4,KCQ,"(2, 4, 1)",1903,4,1,8067ba04f86917aa138bd8399f2967156a2fd0442aba1fc407beb23265730491,KCQ,1903,4,True
5,32,2,5,KCQA,"(2, 5, 0, 0)",7173,4,1793,256ccdd4ff526ad293d01e10a737c8b61b034c9c582d7e175cab15677b347688,KCQA,7173,4,True
5,33,2,5,KCQA,"(2, 5, 0, 1)",5565,4,1355,4be387f167b3d73e7cb68cb78550a914289209640b145f2706eb61204da1ac39,KCQA,5565,4,True
5,34,2,5,KCQA,"(2, 5, 1, 0)",1609,4,439,41d5f0c40da159ad5404e4316d06e80f7ee968c7b522b016dca95ab1bc06dfdf,KCQA,1609,4,True
5,35,2,6,KCQA,"(2, 6, 0, 0)",7157,4,1791,31319e67e0fdbd337be38e91d520b30e0399819bce3d07e37c2148639ff8f153,KCQA,7157,4,True
5,36,2,6,KCQA,"(2, 6, 0, 1)",5956,4,1528,7e049147ff9819b4ceb633fe6103b80b6a7932e9ee346436e6699057f45352cf,KCQA,5956,4,True
5,37,2,6,KCQA,"(2, 6, 1, 0)",1202,4,263,fca5bf513d5bc3d29e28305eef46319c93171ffc1f94672b678485727b35e959,KCQA,1202,4,True
5,38,2,7,KCQA,"(2, 7, 0, 0)",7157,4,1790,3100d5e007f5b827f2d83b4ae4e2c00ad637ec0ac99b4792204837aa2ea9c40a,KCQA,7157,4,True
5,39,2,7,KCQA,"(2, 7, 0, 1)",6329,4,1478,583b65a7999dc507256f83ab498e53061c57f46db7bd05876f733e1d6b1ab564,KCQA,6329,4,True
5,40,2,7,KCQA,"(2, 7, 1, 0)",829,4,312,8ed57821db9a45ee819884adca6b3ad3691808350492183c091fe71e9a52a582,KCQA,829,4,True
5,41,2,8,KCQA,"(2, 8, 0, 0)",7156,4,1790,f4337989ee1183b59af4a38e3faec50f03923d1a3f1fe181aabddaa95ff4fd8d,KCQA,7156,4,True
5,42,2,8,KCQA,"(2, 8, 0, 1)",5991,4,1413,77946f63a2e398ab8fb6e4838fc57d01d6fefa0ed8bd0a87321c9b2db42d8bd4,KCQA,5991,4,True
5,43,2,8,KCQA,"(2, 8, 1, 0)",1168,4,378,901a461f22b375d93beb0dcf0c09b6dad608cb0a893b7343f8089cba7b52d5e5,KCQA,1168,4,True
5,44,3,1,KCQA,"(3, 1, 0, 0)",7152,4,1790,efe141fa65580447dfd1486e546c63cefaa12cfd2fc093cfdae19848ed4e7121,KCQA,7152,4,True
5,45,3,1,KCQA,"(3, 1, 0, 1)",7475,4,1760,786f823f54e3cc49a7869b618092825a39738166bc94b3a7954827193cd25d27,KCQA,7475,4,True
5,46,3,1,KCQA,"(3, 1, 1, 0)",237,4,29,c0a8d7ca7eb669478c0f1663fcf9af617a3420525876cf230c5c3c5a5f3597d9,KCQA,237,4,True
5,47,3,1,KCQA,"(3, 1, 1, 1)",6563,4,1786,bdfc38a37dfa63611798a48cb730e52ce545d3e461675b8e04938239635a0ea0,KCQA,6563,4,True
5,48,3,1,KCA,"(3, 1, 0)",7419,4,2,17d337b583ea05fe46d9c5b713e31b98fa01a8f6c28cf8a7d72339d0ef2aa37e,KCA,7419,4,True
5,49,3,1,KCA,"(3, 1, 1)",14102,4,12,730014cb70ae4bdeb2dc1ff2d8de87b9c3cdce60b288e3eee8ba7058f430faa6,KCA,14102,4,True
5,50,3,2,KCQA,"(3, 2, 0, 0)",7165,4,1791,70087a10f5367b240409c6ca7f20efd670ddefeab9399cf28f785daa4ed5930d,KCQA,7165,4,True
5,51,3,2,KCQA,"(3, 2, 0, 1)",6935,4,1755,83974aa6e22ca2dda84c48822e3b4ddcc1d01fb65dd05e53d26290a5dad4fd98,KCQA,6935,4,True
5,52,3,2,KCQA,"(3, 2, 0, 2)",5403,4,1239,207f24101169c7cc30ce9836bb938fe35f977983fb4b031207e264180bea866d,KCQA,5403,4,True
5,53,3,2,KCQA,"(3, 2, 1, 0)",229,4,36,6e0eb95fcc3c192df74447d6c875c50179c88448f6bc1863db5f024d40feab9d,KCQA,229,4,True
5,54,3,2,KCQA,"(3, 2, 1, 1)",1750,4,554,35b45abd190459266afaec146c7acf8493a8987d7cc570381ba14bf73ab32ba6,KCQA,1750,4,True
5,55,3,2,KCA,"(3, 2, 0)",7405,4,1,d6f824cd1828030dbedf4fb79f6c3c04a30aa874a66f832504f44693f4724a5f,KCA,7405,4,True
5,56,3,2,KCA,"(3, 2, 2)",5441,4,9,1b54b9823ad887cf9c228210c072ce8ed08752fc7ec27501b54fdf773b0f14ac,KCA,5441,4,True
5,57,3,3,KCQA,"(3, 3, 0, 0)",7160,4,1790,32341a3f4dc4750d2b55a8e2bc75158fea9ed2115979e70e1ec208c60dd74823,KCQA,7160,4,True
5,58,3,3,KCQA,"(3, 3, 0, 1)",6914,4,1750,6d271e62f449de0dee2f2d4b2ab32e471a8ac4121363cd3d4b5cbd00d3da6dba,KCQA,6914,4,True
5,59,3,3,KCQA,"(3, 3, 0, 2)",5764,4,1607,e018df9bf2f90fc4022b44b0da9eb7d0c76cdf10b115e9dc0fc3496ca664c024,KCQA,5764,4,True
5,60,3,3,KCQ,"(3, 3, 0)",19839,4,1,104693844c93853255059f6bccf27964296cfc6ea3fa1fe076a6603e6327f41f,KCQ,19839,4,True
5,61,3,3,KCQA,"(3, 3, 1, 0)",248,4,40,8c26aba2722e12fc8c5a4a62cec182b42dcdf8f9197760a72ebe9fe3f795eef4,KCQA,248,4,True
5,62,3,3,KCQA,"(3, 3, 1, 1)",1393,4,183,a7ef22f9d3705485b77bf5acf820c6dcb628fce4bf0c5fd78a95dd6d912d6b3e,KCQA,1393,4,True
5,63,3,3,KCQ,"(3, 3, 1)",1643,4,1,a2f9d46ca474f7fcdca8652b2c1e3b5c182221d43605ab509f80feaa019998f8,KCQ,1643,4,True
5,64,3,3,KC,"(3, 3)",21514,4,7,5d8a79dbcedff2972a866faef90c670fd95244726048f4f484d21458d2c17c2e,KC,21514,4,True
5,65,3,4,KCQA,"(3, 4, 0, 0)",7162,4,1791,5f9e675058dd6f61986f208c0b3ab7ce4fe71e19fe061e80f6531d0ea4ec6789,KCQA,7162,4,True
5,66,3,4,KCQA,"(3, 4, 0, 1)",6715,4,1702,a7f923039bc199e51fbfb18619dd48aafe80159035213ef6cb93d01a545f308a,KCQA,6715,4,True
5,67,3,4,KCQA,"(3, 4, 0, 2)",5005,4,1405,02f7b51ebf6737d312e0d546ce15a8e89a5724cb3d6a1784bb6efc2b1c964e2e,KCQA,5005,4,True
5,68,3,4,KCQ,"(3, 4, 0)",18889,4,1,61e603754f5e847d8e4521af766987fb0fa97888dd15c2f9880acd6a954f78a8,KCQ,18889,4,True
5,69,3,4,KCQA,"(3, 4, 1, 0)",446,4,90,15eef6d7e93118b24971e7d82fedb55aefe134cd32946884b4c0d674ed04a10b,KCQA,446,4,True
5,70,3,4,KCQA,"(3, 4, 1, 1)",2140,4,384,1f41728cf39bb33df8726d8f97f5dd6862f60578af371b6b105cee0d62cb471c,KCQA,2140,4,True
5,71,3,4,KCQ,"(3, 4, 1)",2588,4,1,d2db322be62e7127db37e77bed8fc440848a9a21c65fac1ec46ae66196408503,KCQ,2588,4,True
5,72,3,4,KCA,"(3, 4, 0)",7624,4,1,a7116f73a97aec8bf66cc99d0fc32f6039c87c6f634685683d82ab49b0b0cd9a,KCA,7624,4,True
5,73,3,4,KC,"(3, 4)",21508,4,3,b96a2d140f518e2784ce22d38224007edc16c2a4c432ca1570072e05302e303c,KC,21508,4,True
5,74,3,5,KCQA,"(3, 5, 0, 0)",7159,4,1790,a8393adefc5b64e5ea9e43cadeee66c674f70307867882057fba0719e0a665ab,KCQA,7159,4,True
5,75,3,5,KCQA,"(3, 5, 0, 1)",6775,4,1673,72e811f70f16ed3762fde65a26b212c35bf597ea13b6944093bc7e031068fea8,KCQA,6775,4,True
5,76,3,5,KCQA,"(3, 5, 0, 2)",5662,4,1334,d936ee3233b37e2de8b6c0d7331429bcf6d7a4f4a42117f468f049f41ab725df,KCQA,5662,4,True
5,77,3,5,KCQ,"(3, 5, 0)",19601,4,1,e977ab181a78f67568f988b4207759562b5f7812a8513088f6d92e55bb9821fb,KCQ,19601,4,True
5,78,3,5,KCQA,"(3, 5, 1, 0)",384,4,117,f3858788b8ad94e8926a2125c0bd7d3eaf94d613aa08d523e0bf832b8a91f1d1,KCQA,384,4,True
5,79,3,5,KCQA,"(3, 5, 1, 1)",1480,4,452,a28d62c865aa2c519056e55f43f166da717af851e796a2b293791a0a30fe5794,KCQA,1480,4,True
5,80,3,5,KCA,"(3, 5, 0)",7562,4,5,8dfce8d5bcbf198ebaa073060c9969072b76a4981b4fd593f2f9739f42a3d686,KCA,7562,4,True
5,81,3,5,KC,"(3, 5)",21488,4,2,fb3c4124f698b313a2ff24e5f3516cf3bd95c0874e80503135a38f77b78e0a34,KC,21488,4,True
5,82,3,6,KCQA,"(3, 6, 0, 0)",7139,4,1783,5975cc6b2ad2fc63dd0acf554249722972020b09a1c52c67a5b74a8f4170d62a,KCQA,7139,4,True
5,83,3,6,KCQA,"(3, 6, 0, 1)",6743,4,1719,663a5a58494d8fae9e9f940bfbd60640de64f7ad035c0a94d6aed4799f0b7ef0,KCQA,6743,4,True
5,84,3,6,KCQA,"(3, 6, 0, 2)",5578,4,1579,3674d4181d38c0db959baf2618b4e5ddb9590cac9b25c826b3a55585cbebdd02,KCQA,5578,4,True
5,85,3,6,KCQ,"(3, 6, 0)",19462,4,2,5eb9d6f31004b24b01188d520abb78c85ecf7926c0e7aadcc9c21db16a774e93,KCQ,19462,4,True
5,86,3,6,KCQA,"(3, 6, 1, 0)",395,4,65,5e3dc428b3b5c5b0f02607632177e79d090b7e062bde2553216b4d4943a354e3,KCQA,395,4,True
5,87,3,6,KCQA,"(3, 6, 1, 1)",1544,4,201,09c8e67a105c5c4bb132bbadc17396618b7c64bda3ebff4455855fcfb1b5a032,KCQA,1544,4,True
5,88,3,6,KCA,"(3, 6, 0)",7550,4,3,5b767a683eb8e80da636832611a8dce77f318eff483ad2fc5006e2df240b3758,KCA,7550,4,True
5,89,3,7,KCQA,"(3, 7, 0, 0)",7132,4,1785,f0f08172efce1bd7fba005d485f27464351e4cbfbc5d4009b702ec5ceaa3b8f2,KCQA,7132,4,True
5,90,3,7,KCQA,"(3, 7, 0, 1)",6507,4,1606,05aec98abbce938f59c426f74336c685e0514b0355901df5b0300cc4da848884,KCQA,6507,4,True
5,91,3,7,KCQA,"(3, 7, 0, 2)",6019,4,1396,b0ea9451b9ee043417ebadd5d1a7458e0ecdcf149800829498ef9d099e478c06,KCQA,6019,4,True
5,92,3,7,KCQ,"(3, 7, 0)",19664,4,1,ac0626afe224469fcb649b7cd81ffb07ea540db6a121c83698bf54036f9f01d6,KCQ,19664,4,True
5,93,3,7,KCQA,"(3, 7, 1, 0)",627,4,180,ba6a5118115599d3fddd176d48a90cfea953a7351ce98c13d10f9d418af729d1,KCQA,627,4,True
5,94,3,7,KCQA,"(3, 7, 1, 1)",1092,4,381,db4c0c75f883e9f0db11abdf3d64f9087b49df7d06c82ecf640123efd5a1a83f,KCQA,1092,4,True
5,95,3,7,KCA,"(3, 7, 0)",7781,4,6,a59dfe078859f0303aaa0b49b6d3390f6d33114ae102627945806d6b70477e9e,KCA,7781,4,True
5,96,3,8,KCQA,"(3, 8, 0, 0)",7131,4,1783,85ef593174112038fec53a4e1a43541ded00860d2931927849d1afc863251dff,KCQA,7131,4,True
5,97,3,8,KCQA,"(3, 8, 0, 1)",6603,4,1643,ec7e08a997801c1bcf92bfd9a1a6cac413882d5e31783d804ff896ae79d3270c,KCQA,6603,4,True
5,98,3,8,KCQA,"(3, 8, 0, 2)",5952,4,1478,f8ceb692976393022932be124c847f613692c2f031f02fd839530d62f3b0779e,KCQA,5952,4,True
5,99,3,8,KCQA,"(3, 8, 1, 0)",532,4,142,ba6c802751fc4648200f970f0166a5ee900b080b3d84124ec02793caf68955c1,KCQA,532,4,True
5,100,3,8,KCQA,"(3, 8, 1, 1)",1171,4,303,70b6cc54d632e35373dafba859b2516bba054be9b8add93f22a87f5ec16ea01b,KCQA,1171,4,True
5,101,3,8,KCA,"(3, 8, 0)",7673,4,4,c8f32c42dac23868fe9a5fea5789777e25c02186caddb8c8b84f698cac60373b,KCA,7673,4,True
5,102,4,1,KCQA,"(4, 1, 0, 0)",7134,4,1787,dbc125805e230f7dc8f65aba7573e7b693e62fc63cfc438b0ec19e7d689587cd,KCQA,7134,4,True
5,103,4,1,KCQA,"(4, 1, 0, 1)",6909,4,1721,400df9b05e601138a093663b974a133f942cad777e776ada080716d0320462d8,KCQA,6909,4,True
5,104,4,1,KCQA,"(4, 1, 1, 0)",226,4,66,626ca7ec5904b4b9779d32317755991f6b1d6385c2fc5c4a56c55882086f429a,KCQA,226,4,True
5,105,4,1,KCQA,"(4, 1, 1, 1)",7149,4,1786,4646169d7720acb4fd1ecd685809f3a5658941a5f858f88a80897243c7ddc977,KCQA,7149,4,True
5,106,4,1,KCQ,"(4, 1, 2)",7116,4,2,e1360ff3cefdf55bbbd4a727319359646ac2b16286784c134af3d645d346a640,KCQ,7116,4,True
5,107,4,1,KCQA,"(4, 1, 2, 1)",7106,4,1788,58e6ad34145aa0da189dfdf7bba1e92154f15ad8308b7e8c37aed3de6d1e893c,KCQA,7106,4,True
5,108,4,1,KCA,"(4, 1, 1)",21321,4,29,6130ea89227aaf312cad5891be480d0819d10481af4c607038d19dac72ca7b18,KCA,21321,4,True
5,109,4,2,KCQA,"(4, 2, 0, 0)",7151,4,1786,fe273885c1af4e8d69091c45be90d0253f81ebe0e8c1e13fe58e1027aa010c4d,KCQA,7151,4,True
5,110,4,2,KCQA,"(4, 2, 0, 1)",6854,4,1734,29005b3ab7d3ba87730e319ce3c6750c3114a3de8ec6cb971ba812e345cc9b5b,KCQA,6854,4,True
5,111,4,2,KCQA,"(4, 2, 0, 2)",6507,4,1654,1e804cafbca2cfbf8aabc53a29830e167712ed2c5a215d80e4a97c29b0a743e5,KCQA,6507,4,True
5,112,4,2,KCQA,"(4, 2, 1, 0)",300,4,52,9a1d135c179eac2a241374256e9419b635c25789c7bf835f686c0007587d927c,KCQA,300,4,True
5,113,4,2,KCQA,"(4, 2, 1, 1)",931,4,131,5104d33679fe3b25722601a98143dac474162e58387f810ee6be204e87ac3583,KCQA,931,4,True
5,114,4,2,KCQA,"(4, 2, 1, 2)",6583,4,1763,e990484bfc689b95d5078aed200af08ffe8d515e9da7a588a56dab72cd20a796,KCQA,6583,4,True
5,115,4,2,KCQ,"(4, 2, 2)",294,4,3,1ca5f188af01bbb7a05b51d230e054d2e9f47f189584062430a031bc1c54b24e,KCQ,294,4,True
5,116,4,2,KCQA,"(4, 2, 2, 1)",273,4,24,d875d6ee50e24aa9c086c4fe6f3209a5433bc0730f7b5d8a3ed8ad1ffe48860f,KCQA,273,4,True
5,117,4,2,KCA,"(4, 2, 2)",13181,4,24,3b9461b0941cad0f5a2c585bd621ef765cf931ec8480127502b3f60de0d69e29,KCA,13181,4,True
5,118,4,3,KCQA,"(4, 3, 0, 0)",7151,4,1787,28287737082a5fc1132cd03fb50fe7948a6631e3616ff2286cbd2b28fef42293,KCQA,7151,4,True
5,119,4,3,KCQA,"(4, 3, 0, 1)",6699,4,1665,1da810e9861d894fd86002b2c5c0a01cf955594ddcfac6ea95429c2eebc06bc1,KCQA,6699,4,True
5,120,4,3,KCQA,"(4, 3, 0, 2)",6427,4,1612,debf3779fd1501b6bb555d1d3b9028a4afbe6ab138a574fed818c42e9b38f4f5,KCQA,6427,4,True
5,121,4,3,KCQA,"(4, 3, 0, 3)",5557,4,1447,e2055c9bd746b41448d332896a3d42fe32f3a316bf3af3d892c43df352f7337d,KCQA,5557,4,True
5,122,4,3,KCQA,"(4, 3, 1, 0)",455,4,122,35ec090aebf65f6da0a944a9b19ed0de4c070393c7ed0c1ccfd01ef08148195e,KCQA,455,4,True
5,123,4,3,KCQA,"(4, 3, 1, 1)",708,4,169,02ef8afbe777bcbc9ce3cec70c6631b9b4f9c62a29d6a995ad123871631950e5,KCQA,708,4,True
5,124,4,3,KCQA,"(4, 3, 1, 2)",1484,4,318,4a5826b0949b45a33cacffff2d481b3dbb51783db6fce3f730efc42f060641e7,KCQA,1484,4,True
5,125,4,3,KCQ,"(4, 3, 1)",2649,4,1,782c9db53e1e8237b18750de0bb6f3b2abcc3f29835b1f7d9ed9f467d5f925e0,KCQ,2649,4,True
5,126,4,3,KCA,"(4, 3, 0)",7625,4,7,4f95d9808e29182025faf12466c5e8a6944ce184f7332225a93cf0157ee1e3f5,KCA,7625,4,True
5,127,4,3,KCA,"(4, 3, 1)",7521,4,22,0794e2a242cf731a56f820d3dbd3fc52a78bf02b22adbac3f9dc85bd2d7f37b4,KCA,7521,4,True
5,128,4,3,KCA,"(4, 3, 3)",5638,4,24,e57bcbf48805243e28b27c974e587bc9d1cea1ee58bd9da8cf425c968b250754,KCA,5638,4,True
5,129,4,4,KCQA,"(4, 4, 0, 0)",7156,4,1792,6bbead60939664c75114b3837de9a8010760cd6c60715ae6e0293c198d8201b7,KCQA,7156,4,True
5,130,4,4,KCQA,"(4, 4, 0, 1)",6720,4,1673,fd9a14c8ef14fba83569cf1d903c183e948b7028b56f92ff3b7b690e57e5de72,KCQA,6720,4,True
5,131,4,4,KCQA,"(4, 4, 0, 2)",6651,4,1687,e8aa38c3d516bb3a2e33dbf5ecc88783ff738afb4c6302c3c364bc3255784a6e,KCQA,6651,4,True
5,132,4,4,KCQA,"(4, 4, 0, 3)",5844,4,1468,6670a613b48368f9226fe5fa3a7516b9092cad22857d5e508d947e1fe3998ef6,KCQA,5844,4,True
5,133,4,4,KCQ,"(4, 4, 0)",26374,4,2,4631cd6cf9e96f1ddb37836fb2c61e22580e06829b5c8891dc0d9a5cb0081699,KCQ,26374,4,True
5,134,4,4,KCQA,"(4, 4, 1, 0)",439,4,118,8c45914fa4db4400f4ba313c63d6bb5b3c18de847dd118f2123606ccf11b5ee2,KCQA,439,4,True
5,135,4,4,KCQA,"(4, 4, 1, 1)",492,4,102,bfd8562bd54868522f56561e2b278a2c17bd583fac2bb7f6db3c035849a9773e,KCQA,492,4,True
5,136,4,4,KCQA,"(4, 4, 1, 2)",1268,4,316,80c4b340d2f9fd58b9bc6728dfa17c3b7ba279e4ffde29134e51dc26edd01d63,KCQA,1268,4,True
5,137,4,4,KCQ,"(4, 4, 1)",2206,4,1,b5ffb8bd3e6089a5755cc6e10c5d7ff2a47708e816ff3a6045d5a9d065e3818c,KCQ,2206,4,True
5,138,4,4,KCA,"(4, 4, 0)",7611,4,2,1461efe3193f3300252facb1996782fc3f94fb9669edcdf9292e7855813c7ecc,KCA,7611,4,True
5,139,4,4,KCA,"(4, 4, 1)",7254,4,7,8eea9542850bc0fb4ad99419f442688e733e65dfb05765d35a29100dde80ddd4,KCA,7254,4,True
5,140,4,4,KC,"(4, 4)",28686,4,15,a367f8d5753242e04428b2671493bbeef0a80771b77d60abfc959e6bd3565e21,KC,28686,4,True
5,141,4,5,KCQA,"(4, 5, 0, 0)",7112,4,1780,32f060f5724782fe35e63e609088f9a8d45de885b87e5472da4e96e9d5daa6b8,KCQA,7112,4,True
5,142,4,5,KCQA,"(4, 5, 0, 1)",6278,4,1565,6e9408671bd62bd076ac1874b78b1421a460cc9ae1e08e5b06f0a848cd8b2816,KCQA,6278,4,True
5,143,4,5,KCQA,"(4, 5, 0, 2)",6403,4,1606,d6948fc160effc34ab331e1e7d85004a277e83518dbd8f5237d9013f037fca74,KCQA,6403,4,True
5,144,4,5,KCQA,"(4, 5, 0, 3)",6162,4,1465,db55c416b9720f87c5d7250e2e282c17729523498fe8c8aecbd0510518161083,KCQA,6162,4,True
5,145,4,5,KCQA,"(4, 5, 1, 0)",837,4,218,4d33590838e2edb7e9b4ca83d2a9239d9aced63b7b2c0cdf7c16310653fac48d,KCQA,837,4,True
5,146,4,5,KCQA,"(4, 5, 1, 1)",714,4,168,bb41e025ff020561131f066240f2b09065b21e3667764aad1813fcbfb0cbbfb9,KCQA,714,4,True
5,147,4,5,KCQA,"(4, 5, 1, 2)",881,4,305,138de79a84fa8a116296516f63c081b4cf14a268edbd99403bd980ec5d39ca38,KCQA,881,4,True
5,148,4,5,KCA,"(4, 5, 0)",7973,4,10,f61ebaf6d6a1b50a8673798b2ed63933c18bbb6ed780fba8b6e9e5d24bad2417,KCA,7973,4,True
5,149,4,5,KCA,"(4, 5, 1)",7034,4,10,7a5d1fcdaf8b0f6293ede75df67260b2edc6f69b5b59ad76349bb2ac665ee91d,KCA,7034,4,True
5,150,4,6,KCQA,"(4, 6, 0, 0)",7109,4,1773,e40cb997fb5038fa4205af5358345adfe6567a498e2c56f90f963c55f60c50af,KCQA,7109,4,True
5,151,4,6,KCQA,"(4, 6, 0, 1)",6281,4,1601,55e7a6a6618e7f44b8a320ea5b591c939ffdc3192a203dcc9f55f1449ae33f03,KCQA,6281,4,True
5,152,4,6,KCQA,"(4, 6, 0, 2)",6214,4,1580,c75825c3a39418a18ac3e3aa66816e1819c134480b99509a78c891770e4e4490,KCQA,6214,4,True
5,153,4,6,KCQA,"(4, 6, 0, 3)",5653,4,1589,d3028b5da02470e327b7c0dd06a60caf4cb415fb798f94889c0e4ba8952ec18c,KCQA,5653,4,True
5,154,4,6,KCQ,"(4, 6, 0)",25259,4,2,5761310201d8627c498e48b7a56b4501cfa26903e086b1aefdf87778725f16bc,KCQ,25259,4,True
5,155,4,6,KCQA,"(4, 6, 1, 0)",832,4,171,be40f716440bec13d99f9a350a055f608d2a59a9741bf11d91ddfe3c64e567b1,KCQA,832,4,True
5,156,4,6,KCQA,"(4, 6, 1, 1)",870,4,197,06a6369ada36a06724fff1fa181b96d9bc403c7692e86356903109994e9a5990,KCQA,870,4,True
5,157,4,6,KCQA,"(4, 6, 1, 2)",1371,4,159,9bcca269c941876a48782e956d61da693f4ce06dca99306838285ed6bc9e0218,KCQA,1371,4,True
5,158,4,6,KCA,"(4, 6, 0)",7979,4,7,f833c8675c0f9c9e2cdaaf4644b6643e62d7a373a51c354ced6f2dd3ab4ca4e1,KCA,7979,4,True
5,159,4,6,KCA,"(4, 6, 1)",7245,4,9,0506dc1ad2b0153e840d0ccf80b75a58e544087fc225faea87389ae9316992a0,KCA,7245,4,True
5,160,4,7,KCQA,"(4, 7, 0, 0)",7103,4,1776,82d074d25273a484af58b73134b71bd3220fcba71101cab0dad53274709ea934,KCQA,7103,4,True
5,161,4,7,KCQA,"(4, 7, 0, 1)",6402,4,1618,d0b7f997648aa69e0e7778ddc7b86411b9a2363642cc71b8ddc67a27dd8065b4,KCQA,6402,4,True
5,162,4,7,KCQA,"(4, 7, 0, 2)",6238,4,1615,bd303d8740101491c4c2310fa9986628eaf14861b20328be2afc2f6f84c42533,KCQA,6238,4,True
5,163,4,7,KCQA,"(4, 7, 0, 3)",5717,4,1388,bc177d54a7061badae4f8170991990c58395d570a930afc3d879f0a317b8f1f7,KCQA,5717,4,True
5,164,4,7,KCQA,"(4, 7, 1, 0)",708,4,159,92f7e7f55f0d37ca5365d44b1e7c56b371e86e2faa48b23d0c838f96b20b7ee9,KCQA,708,4,True
5,165,4,7,KCQA,"(4, 7, 1, 1)",855,4,160,9cfac8a075a832abf32918aa3503fdc3cc6ef452ad7b444e401eaec5f33bf900,KCQA,855,4,True
5,166,4,7,KCQA,"(4, 7, 1, 2)",1295,4,378,6dd8214dd159482711daa3d98e8d445005f08184422299a0c17341006ad2b024,KCQA,1295,4,True
5,167,4,7,KCA,"(4, 7, 0)",7843,4,4,c7b9bbabcb108ab0aeeb9dd93c33874d8b7993d54440878c75f4e3e737e31003,KCA,7843,4,True
5,168,4,7,KCA,"(4, 7, 1)",7342,4,11,cdb7bbf37b98265ce5c6c566647671b6d9ea6759fb68437170670b857b086413,KCA,7342,4,True
5,169,4,8,KCQA,"(4, 8, 0, 0)",7107,4,1773,964577c37d356f777fb26f6eee398d22c50d1d330dc99f31984e8371e6c01765,KCQA,7107,4,True
5,170,4,8,KCQA,"(4, 8, 0, 1)",6499,4,1650,716bc1cfc760e06cf4d1c87b1270d5d61da92afeb8da7de5e414eed5330a08df,KCQA,6499,4,True
5,171,4,8,KCQA,"(4, 8, 0, 2)",6372,4,1602,4b93c4aefaa2c4cb07c2a0043009ecd39b57fc356622f100cb41b6c55fc207ae,KCQA,6372,4,True
5,172,4,8,KCQA,"(4, 8, 0, 3)",5727,4,1465,d79954a1be9832b087015b8176f1509d3fa9a24ae92426b5f0118a63a8135101,KCQA,5727,4,True
5,173,4,8,KCQ,"(4, 8, 0)",25707,4,1,c692b1f3f3e7ac9f5609aca2b4d91e553cd3d0e5d77de584b0d1449177320fd7,KCQ,25707,4,True
5,174,4,8,KCQA,"(4, 8, 1, 0)",610,4,125,83f05f22dd2ed8349d0346014ec6aabdb9c63a96051bf9003400ea858b5cf344,KCQA,610,4,True
5,175,4,8,KCQA,"(4, 8, 1, 1)",717,4,170,942c7081eb52cb2f6980a8f4a6700d36efe6a708603394fd9dc35705af5b079f,KCQA,717,4,True
5,176,4,8,KCQA,"(4, 8, 1, 2)",1312,4,295,147af25e2fb6734dff63dcd52493193ae3dca1d6b60665729c8bcc81fb8b9600,KCQA,1312,4,True
5,177,4,8,KCA,"(4, 8, 0)",7742,4,2,7324a5d34379280830b3eb6eec8bbf11b17d7cecdf24f42d065dc36ef12907ea,KCA,7742,4,True
5,178,4,8,KCA,"(4, 8, 1)",7281,4,14,7a41f044689e362ef18624ba42e351875a920bf12ccaaf2faab8b10ddb457ba0,KCA,7281,4,True
5,179,5,1,KCQA,"(5, 1, 0, 0)",7064,4,1762,b593ded205173b5e6638f25d61f0ff7c060c1e6d62a0712a75883a5e27e50e16,KCQA,7064,4,True
5,180,5,1,KCQA,"(5, 1, 0, 1)",6835,4,1706,9405012651894e928b32da9c17479dd820b1793a1c76e1e7822217d9494ce8b7,KCQA,6835,4,True
5,181,5,1,KCQA,"(5, 1, 1, 0)",234,4,56,444c7235d785118dc072a1af9294ec8986e9e8c22d3e6b83c87be658e5278892,KCQA,234,4,True
5,182,5,1,KCQA,"(5, 1, 1, 1)",7059,4,1762,faeb0253514a24b668d0bb3d833efdc4e95c472eb17a20e1d337d0d876ea182d,KCQA,7059,4,True
5,183,5,1,KCQ,"(5, 1, 2)",7122,4,2,fb1cba33bf645328958b6eb0edd2d1881688e82750758041a787d78748682794,KCQ,7122,4,True
5,184,5,1,KCQA,"(5, 1, 2, 1)",7106,4,1771,3f13db3b8c0b751dc4489bac96047a8ad79de7c25b25af018d768724e2400dee,KCQA,7106,4,True
5,185,5,1,KCQ,"(5, 1, 3)",7031,4,1,388375bef92dc9cf1dfdb9902a66981a65aac9f0756fb95a467238b45b928991,KCQ,7031,4,True
5,186,5,1,KCQA,"(5, 1, 3, 1)",7029,4,1756,aa9be8bb3a12c61ea4b358829b093525f9db8f9ac64260aca268699cc42947e5,KCQA,7029,4,True
5,187,5,1,KCA,"(5, 1, 0)",7317,4,1,b26c8c63afab5c609b98f33fc6bb961c5c4927dce9a48f6d8dd77eb45daeff5b,KCA,7317,4,True
5,188,5,1,KCA,"(5, 1, 1)",28534,4,141,d27365e6d9d4885cc12311c97247f8d7bdac099f226f22414e88efdaab94514e,KCA,28534,4,True
5,189,5,2,KCQA,"(5, 2, 0, 0)",7118,4,1778,dbad0fc920261d529aaf3d67266ed77c44fce3b67e5cbf27bd9ebcc3dc1fb33d,KCQA,7118,4,True
5,190,5,2,KCQA,"(5, 2, 0, 1)",6627,4,1637,4f045f9ebb72d8b0378810ed48d32b8dfd0acea55cf38b14d89210617dd5830f,KCQA,6627,4,True
5,191,5,2,KCQA,"(5, 2, 0, 2)",6577,4,1610,a2a4bc9d43f2941e226395aae15e7d95b5fb1bd1fe53b83d93299b986e1b1242,KCQA,6577,4,True
5,192,5,2,KCQA,"(5, 2, 1, 0)",492,4,141,79669938f4913c642ffdd50c776ab22e12d6118404b69a21b89f33d6175837f3,KCQA,492,4,True
5,193,5,2,KCQA,"(5, 2, 1, 1)",527,4,164,bccd9593357e6e3cc0e82ebc2eeef28866cd27863b3ac648dd177e829ed16b42,KCQA,527,4,True
5,194,5,2,KCQA,"(5, 2, 1, 2)",7065,4,1750,3c3f53d6bbca604a52e34b22fb0b83f5c5a2ae0a448c1e0b6f607dab4164804e,KCQA,7065,4,True
5,195,5,2,KCQ,"(5, 2, 2)",7177,4,32,25b510deda526d9c0f5faf2b94485d589c5577ed0aadfa29ae0ba41c092b7b56,KCQ,7177,4,True
5,196,5,2,KCQA,"(5, 2, 2, 2)",7070,4,1770,8342f51d970ba517d8c4241d72c0f4f387033a3e893a62ba28eaacef6e26c235,KCQA,7070,4,True
5,197,5,2,KCA,"(5, 2, 0)",7631,4,1,ba30661e38a4f55a5b5d451f15f35bb260aa464c3c8836af34c45a787f988cc3,KCA,7631,4,True
5,198,5,2,KCA,"(5, 2, 1)",7260,4,10,f59d2b2217a92b19d6003152f6972ed47b432bc51024530bb570467b69401646,KCA,7260,4,True
5,199,5,2,KCA,"(5, 2, 2)",20953,4,69,32e00a2f084dd8930b794393b3016f299523af742c4633d81d2f2951120279d0,KCA,20953,4,True
5,200,5,3,KCQA,"(5, 3, 0, 0)",7133,4,1781,f15475395eee5f8c6eb08e2be5208a609907f8c274d56016790e0da2f442f1a9,KCQA,7133,4,True
5,201,5,3,KCQA,"(5, 3, 0, 1)",6403,4,1612,b34d301631c9b8b966d8d692a791f938cde57326274c8597c3b42a7ad95f5fd0,KCQA,6403,4,True
5,202,5,3,KCQA,"(5, 3, 0, 2)",6372,4,1599,d8f87e0c137f28fdd9cb47825ef25e72c05ee7897ed11508a3f470832bf2f9db,KCQA,6372,4,True
5,203,5,3,KCQA,"(5, 3, 0, 3)",6165,4,1445,dfc9e907461e0f2c284c89145b2cd3f60eb5bfd429e8c1b76e19e9b2275f79c2,KCQA,6165,4,True
5,204,5,3,KCQA,"(5, 3, 1, 0)",731,4,169,6f044a819a15209c557fe3960a5ea1f3146ff70a4c577b5c768006efde22e434,KCQA,731,4,True
5,205,5,3,KCQA,"(5, 3, 1, 1)",747,4,176,e1b1de132b405ca263685fcc48d11c51df10cbe4faab6cb6586daaee31b55600,KCQA,747,4,True
5,206,5,3,KCQA,"(5, 3, 1, 2)",973,4,327,9ed707ce434ca8c2d2bdbe17fd709f5ceb1be1358a6155c0268db974784c2540,KCQA,973,4,True
5,207,5,3,KCQA,"(5, 3, 1, 3)",6898,4,1692,d5d7077c9eb2caec929ecc2b2fa30c59eff5e5f3a2ceefee2c5bf204b4312e2b,KCQA,6898,4,True
5,208,5,3,KCQ,"(5, 3, 2)",259,4,110,001d8eb6aa646c99a8aa58fb2f5850496d079f0d3efb71e8014bccc3525e6f09,KCQ,259,4,True
5,209,5,3,KCA,"(5, 3, 3)",13235,4,52,84a2299fe5d88c46510f9cefbed79d7a090498db37e6c929982e7ad64fdaca80,KCA,13235,4,True
5,210,5,4,KCQA,"(5, 4, 0, 0)",7128,4,1784,ff2d1b6d1667ad54d64ea3e903663d2a63f555142014285cbc159c5423ffb713,KCQA,7128,4,True
5,211,5,4,KCQA,"(5, 4, 0, 1)",6108,4,1632,db9dfbf3c8cdc328a14a777038ec06f40c84ae329abe9375eabbc0bd53ce8c86,KCQA,6108,4,True
5,212,5,4,KCQA,"(5, 4, 0, 2)",6019,4,1595,7de1b2fd8e81c8eaa38af70a5477c6479ad81750dad51297eca8b6521c96d1a7,KCQA,6019,4,True
5,213,5,4,KCQA,"(5, 4, 0, 3)",5893,4,1479,3f66e3a8fe5068b470aaf901da6136ef53c9a99ab164630ceb107205f209366e,KCQA,5893,4,True
5,214,5,4,KCQA,"(5, 4, 0, 4)",5993,4,1495,43790fdce8cec6dcf39399eee30871347c0c3e8f2cef58d34d3ae4c3aa9ddc1a,KCQA,5993,4,True
5,215,5,4,KCQA,"(5, 4, 1, 0)",1027,4,152,eed4a89a10a9dfff13e07b3f6786e10f57a93227ff64b874a05b68f89906bc41,KCQA,1027,4,True
5,216,5,4,KCQA,"(5, 4, 1, 1)",1042,4,181,0bd9ce630ce93b12d044f1496b222ba08e967fc047d30464bd9484da55a164c0,KCQA,1042,4,True
5,217,5,4,KCQA,"(5, 4, 1, 2)",1173,4,294,4776e45f279246d30f952b29bac8f49c094378139b5405d6fbd625b7d9acb11c,KCQA,1173,4,True
5,218,5,4,KCQA,"(5, 4, 1, 3)",986,4,260,3da9e258603a52f3c64b1ed2c5c87f54dc2314840990c4706fe922654f688780,KCQA,986,4,True
5,219,5,4,KCQ,"(5, 4, 1)",4235,4,1,57cb52a695d0d25a6daa3fdc03d4d10e1a3801717aac10fd7c000d7c4451fbe7,KCQ,4235,4,True
5,220,5,4,KCQ,"(5, 4, 2)",289,4,53,b9dc5bfc808bac617caf072273fa046026cb359865e2ae7c0cc3052a79973b2b,KCQ,289,4,True
5,221,5,4,KCA,"(5, 4, 4)",6153,4,34,f50493248a99d645c8f34fd00c9dd00995e9174d50dc02d20640f7e1de638b96,KCA,6153,4,True
5,222,5,5,KCQA,"(5, 5, 0, 0)",7073,4,1764,ae607532f83768e2580482703ac89c0637ca9f60bcad9ec5423ce87a6a3f4269,KCQA,7073,4,True
5,223,5,5,KCQA,"(5, 5, 0, 1)",6341,4,1611,0ca9316bbe1acc9d88bbcd6c3386eb82011a7ef7d4809e730db3d74378375d71,KCQA,6341,4,True
5,224,5,5,KCQA,"(5, 5, 0, 2)",5995,4,1509,534fdddf0ab4a48ca104d64381bd5a6b5763ab1cb27707838a80262b5dfd8bd0,KCQA,5995,4,True
5,225,5,5,KCQA,"(5, 5, 0, 3)",5623,4,1380,73f13ad5e2c80ba321f57d66ce3d2842be125fafb3eb8f1fb891be1757e21e87,KCQA,5623,4,True
5,226,5,5,KCQA,"(5, 5, 0, 4)",5709,4,1367,d88818505986720407b984592d8e13c485a01f510afb1d04c37191190eefe1e3,KCQA,5709,4,True
5,227,5,5,KCQ,"(5, 5, 0)",30743,4,3,0e7886bf499f0895fda8d8ff2ef9bf7701fde3244e49df3d8db534a1db907a6e,KCQ,30743,4,True
5,228,5,5,KCQA,"(5, 5, 1, 0)",737,4,152,8805f6598f20b4bf745e8658aa25ca0e9f288da28b716710f6ce830baa8196c3,KCQA,737,4,True
5,229,5,5,KCQA,"(5, 5, 1, 1)",1040,4,248,111d6520626803278c2ecb14a5f5c923209a113dc5f7bc5864d2b714923bf416,KCQA,1040,4,True
5,230,5,5,KCQA,"(5, 5, 1, 2)",1375,4,360,358887705ffdb161b2ace0d6bf84f20d361df87cde378bde9d7a14ed49ece095,KCQA,1375,4,True
5,231,5,5,KCQA,"(5, 5, 1, 3)",1229,4,354,a5d3b61b5804cea7e8f1acf79b74fe10f4b088c7efae96d47d56b87f5f0f6d04,KCQA,1229,4,True
5,232,5,5,KCQ,"(5, 5, 1)",4382,4,2,b1eb22d8b7e1f7508fab21ce4623d63b87d1f6c492a2454846d55e58ed65cc2e,KCQ,4382,4,True
5,233,5,5,KCQ,"(5, 5, 2)",284,4,74,4991e42bb1becd9cdac4a3c8bbd708d8d3276099982e558a5604879325de9d8f,KCQ,284,4,True
5,234,5,5,KCA,"(5, 5, 1)",7482,4,2,d1d6ed36694e7838fbcc538277683263451733eaa5dfc6d8d2b9aa49900f57ed,KCA,7482,4,True
5,235,5,6,KCQA,"(5, 6, 0, 0)",7050,4,1764,d19cc32308352b0d912f622e39283170bfe2e3c0250abf500e62955647bf2730,KCQA,7050,4,True
5,236,5,6,KCQA,"(5, 6, 0, 1)",6190,4,1542,6065cec44b8efbe99f734e18b4b09f5516eff00ecd15d655e84099ea27d13d9c,KCQA,6190,4,True
5,237,5,6,KCQA,"(5, 6, 0, 2)",5866,4,1423,98dbe4bbcff7ee9479070649f93507eb12cc70a1396ca0dd4cfffa4e9898d6cc,KCQA,5866,4,True
5,238,5,6,KCQA,"(5, 6, 0, 3)",5446,4,1275,846ac613d1d7eda70c5315bca46c657d199d63854ffaa77cbc04ceb5104ebadc,KCQA,5446,4,True
5,239,5,6,KCQA,"(5, 6, 0, 4)",5564,4,1311,26077234fb3d8e364650c77f156994d77dc3fc6af4bbc58f66e702a2c91d4a69,KCQA,5564,4,True
5,240,5,6,KCQ,"(5, 6, 0)",30124,4,2,65f0c72db3e23e5db27928d786d60d1d6d22bc1c1f7be3282f7250820fdcbbf2,KCQ,30124,4,True
5,241,5,6,KCQA,"(5, 6, 1, 0)",867,4,224,4b7856b62ad2c711c88bd9b346d644ce3a394fe3b9e01b08e540caa12e2dd886,KCQA,867,4,True
5,242,5,6,KCQA,"(5, 6, 1, 1)",1146,4,324,5400897fee30a2f91a58fdd9607b02c4f4b2cecd3ffbb3f1bff8e0291e657f7e,KCQA,1146,4,True
5,243,5,6,KCQA,"(5, 6, 1, 2)",1476,4,444,61fcee2b72bc1b8b577799bb228d5f435ea1a08f60a5685f09891e3c5fec4d46,KCQA,1476,4,True
5,244,5,6,KCQA,"(5, 6, 1, 3)",1292,4,387,28e4bfb5f100c6b597d4a4209f8aba930df3fe951950c2476e29ae567f5974bf,KCQA,1292,4,True
5,245,5,6,KCQ,"(5, 6, 2)",374,4,131,1a86ad79c20775b89b0596858af3a9e987c19ca83d557e3a8b171ef715f26b52,KCQ,374,4,True
5,246,5,6,KCA,"(5, 6, 0)",7970,4,1,9cd40f2833f72e391375b77821cd5e9b4803b668cf224721b7f1ed6187f354d6,KCA,7970,4,True
5,247,5,6,KCA,"(5, 6, 1)",7482,4,3,eb175648c36a9df37e83c09eb19bc8f8c90d1f226afe27a23a2323de3b65b6eb,KCA,7482,4,True
5,248,5,7,KCQA,"(5, 7, 0, 0)",7052,4,1763,df52a01f9c8a9e181419532d406e97d1caff7a1d253b62d5d10839eed14e6c03,KCQA,7052,4,True
5,249,5,7,KCQA,"(5, 7, 0, 1)",6258,4,1557,cb956ef42a112573dff8a525272d7bb8eaccf39d8ccfdc0b527b7990077348a0,KCQA,6258,4,True
5,250,5,7,KCQA,"(5, 7, 0, 2)",5777,4,1449,4daad875cd0f117984850cc3c507e08f79e4ba76df0acbb5032322de8ebf71f4,KCQA,5777,4,True
5,251,5,7,KCQA,"(5, 7, 0, 3)",5339,4,1305,35ce1f427989054dcc3a3eed2922ec22fd646ef9d073f19d39546235725b24c7,KCQA,5339,4,True
5,252,5,7,KCQA,"(5, 7, 0, 4)",5325,4,1337,30229e371065996b8045d9613e7530618bb5a2ea5ea7be0a543dda0740fca8ea,KCQA,5325,4,True
5,253,5,7,KCQ,"(5, 7, 0)",29759,4,1,d110ce7bee0c77dc7c2ad5798b846d3b36e57fdeb19fac603c64cb96421e4f5f,KCQ,29759,4,True
5,254,5,7,KCQA,"(5, 7, 1, 0)",799,4,205,17067972a9d28fd9a51b19655731f86d0abfbf3cceab602f2585a6c24c014522,KCQA,799,4,True
5,255,5,7,KCQA,"(5, 7, 1, 1)",1244,4,292,eba648efda77d41334e59a5ec570d9e73687eff20fb27e2710cb3d81cddae3fe,KCQA,1244,4,True
5,256,5,7,KCQA,"(5, 7, 1, 2)",1565,4,434,2c1348aa8958bee99f38995a7dc25efb9de0e7da4c5d45102d7931ad49e5bedb,KCQA,1565,4,True
5,257,5,7,KCQA,"(5, 7, 1, 3)",1505,4,361,19401b002c2513f99a71ecbc5f6c92fc4fd8f48cf3911117204dd192fd61b020,KCQA,1505,4,True
5,258,5,7,KCQ,"(5, 7, 2)",405,4,51,9137c44b4813fe570e9c52cc7c56dfbf09ed3ef7973c976ab3d9efc6e6d2f452,KCQ,405,4,True
5,259,5,7,KCQA,"(5, 7, 2, 2)",211,4,59,f828c4fc7801cc65dd5145b3a3e2f25ec15b5b8e8abef614788ed13a920ab57e,KCQA,211,4,True
5,260,5,7,KCA,"(5, 7, 0)",7891,4,3,e0218e04eac0dafbb75a68c397cf1b950c94ca6df3fa42368bbee4d903cca114,KCA,7891,4,True
5,261,5,7,KCA,"(5, 7, 1)",7676,4,5,20e459bc71fcb84d58ec8e9e8415415c1ce3521c5654dbaf0e4602da20e083b0,KCA,7676,4,True
5,262,5,8,KCQA,"(5, 8, 0, 0)",7050,4,1758,f6fd3897661589118b4d48872d597c56f38afec49c4d21119f65a9f17fac8695,KCQA,7050,4,True
5,263,5,8,KCQA,"(5, 8, 0, 1)",6134,4,1532,7560f78afa4205d1551f1bb8b41ad73bf4cb6394be69105d74562ccd6c7a15d5,KCQA,6134,4,True
5,264,5,8,KCQA,"(5, 8, 0, 2)",5768,4,1377,d7fed87671c75b303614d635c98036bc12b2c47d1bb50c53c96158cb184bb40d,KCQA,5768,4,True
5,265,5,8,KCQA,"(5, 8, 0, 3)",5275,4,1272,0d5d5312ce9a96357828fc65c404808fbffd2b93845bbb6623464331084415ae,KCQA,5275,4,True
5,266,5,8,KCQA,"(5, 8, 0, 4)",5459,4,1289,fc43cc6fe52bde46043a1898e6883fff9e3e7b00839ba442ea9068da3d2ca7c0,KCQA,5459,4,True
5,267,5,8,KCQ,"(5, 8, 0)",29694,4,4,29544f47c1d050927af1e0b43b10c487f77ad33ba698f324d316ee0647460e64,KCQ,29694,4,True
5,268,5,8,KCQA,"(5, 8, 1, 0)",920,4,226,b192f8e7ed91cf2d875b40d04f32041e3aabf6ed79224839e08462c5989d9a15,KCQA,920,4,True
5,269,5,8,KCQA,"(5, 8, 1, 1)",1222,4,368,efe09cf7b517c0bf65ff2f8012a0de99f701c8f454118b98c32580a3fa37ad1d,KCQA,1222,4,True
5,270,5,8,KCQA,"(5, 8, 1, 2)",1627,4,435,f975937a4bc9a8117f92b926e433caf37f2fa2b6bf41786abec51ddfad8c3d16,KCQA,1627,4,True
5,271,5,8,KCQA,"(5, 8, 1, 3)",1372,4,400,a17318dd4534cef9f3f1a8f005befc62da8ab644f9c3fed4796cbf3103672704,KCQA,1372,4,True
5,272,5,8,KCQ,"(5, 8, 2)",435,4,65,1471861e8192a1570017544c5427c4c0b993da8f440082c542cdc0dff348224b,KCQ,435,4,True
5,273,5,8,KCQA,"(5, 8, 2, 2)",200,4,69,8e9318a24379974221ec7e3645b848d4a19ec5768ad6abe123d9e3bd66105adf,KCQA,200,4,True
5,274,5,8,KCA,"(5, 8, 0)",8044,4,1,98633a7ed5d0eb8eea0502d75a3638b18b61c3302ed1bfefd81fc26a4c880b89,KCA,8044,4,True
5,275,5,8,KCA,"(5, 8, 1)",7533,4,5,5184f699073632630bf4a4b8ff783fa638f855293e28e08990c188393015de13,KCA,7533,4,True
5,276,6,1,KCQA,"(6, 1, 0, 0)",3069,3,1596,7892ba2350c2ba7c47c60c247cba772b46da6e00eeb2f28921b4f8469da1be23,KCQA,3069,3,True
5,277,6,1,KCQA,"(6, 1, 0, 1)",3103,3,1608,0b9b2dcdc8aad478e63eb76f30877df9202ebf53908ffc9a655ea326f374b74a,KCQA,3103,3,True
5,278,6,1,KCQ,"(6, 1, 1)",3355,3,85,7b723bd57668b4ede56aafb72c32e69e5bb91ce87d8a1b258c9bd27bd1da9bfa,KCQ,3355,3,True
5,279,6,1,KCQA,"(6, 1, 1, 1)",3206,3,1673,f25713158a6c9b1a2d1eadd525ddfc7f00c8356ff3f2e7030bab832d54e198a1,KCQA,3206,3,True
5,280,6,1,KCQ,"(6, 1, 2)",3226,3,5,3cfca65b05cc6e81280bc706f4844f15ae657461675cc63698457757fed4a34e,KCQ,3226,3,True
5,281,6,1,KCQA,"(6, 1, 2, 1)",3213,3,1670,54e1414e51f40a55004e31384c5e4edfac1bbabb3169834b5def2a16ba7f9e32,KCQA,3213,3,True
5,282,6,1,KCQA,"(6, 1, 3, 1)",3342,3,1713,281d2f32fb3325213c3257cbcf1e314e04d04da41b6ed07309721f0ccc4177c3,KCQA,3342,3,True
5,283,6,1,KCQA,"(6, 1, 4, 1)",3084,3,1626,084278db9f3f6bef6d64f69bc0c1bc31ad5293268a87c2072dca889009272ff2,KCQA,3084,3,True
5,284,6,1,KCA,"(6, 1, 1)",39756,4,327,f86147fcbbdf3541ad899ac13ecc0225c516645e6a4183e36add16f42ef016cc,KCA,39756,4,True
5,285,6,1,KCQA,"(6, 1, 19, 1)",237,4,14,c025e27978b4384de9675c61321f1659dc00abc12c35e117452e9c9b73088c9e,KCQA,237,4,True
5,286,6,1,KCQA,"(6, 1, 20, 1)",330,4,14,5b0a0aaaa39cfcc574b972eaf550731e459aea7772b4f7fa64983a9ca8977d4d,KCQA,330,4,True
5,287,6,1,KCQA,"(6, 1, 21, 1)",411,4,15,45b9576da3d97ed3aa2488a9664cb71074e1c38168b671236b468689a9cacd1d,KCQA,411,4,True
5,288,6,1,KCQA,"(6, 1, 22, 1)",530,4,19,8922e19c751f01cc9e992d99998a35efc97debcc865b4a4cffd2f94e6452c7b8,KCQA,530,4,True
5,289,6,1,KCQA,"(6, 1, 23, 1)",649,4,20,ef6dffb03e1f6da7e7e8d68e763dc6e1d2c71ad429e22074970e73b83fe61780,KCQA,649,4,True
5,290,6,1,KCQA,"(6, 1, 24, 1)",757,4,25,abb60378150ccc24c59b63cc9974b612ba321c8bbcb98f93dabae587471d74e6,KCQA,757,4,True
5,291,6,1,KCQA,"(6, 1, 25, 1)",869,4,23,ec50f326fb68c828b64bed1579ad6393eb027c7e70819fd7dd0a9ebeae82c586,KCQA,869,4,True
5,292,6,1,KCQA,"(6, 1, 26, 1)",1129,4,23,769f9a20e844cb11a0534a54d32e203d40a8c593cbc1606013ede56fcdcb489d,KCQA,1129,4,True
5,293,6,1,KCQA,"(6, 1, 27, 1)",1404,4,24,9e9527b092e235ce55dd1fc64dda34a21085a24726c4822c6d6dcd36abda691b,KCQA,1404,4,True
5,294,6,1,KCQA,"(6, 1, 28, 1)",1650,4,22,bb3970b9ccebb29805d437871043ea9d70930141177199c739cfc577bff43bb1,KCQA,1650,4,True
5,295,6,1,KCQA,"(6, 1, 29, 1)",1775,4,20,040961e93b7cf94cd007f64c632ac0858dc922c2ed8465c470e2462c12950821,KCQA,1775,4,True
5,296,6,1,KCQA,"(6, 1, 30, 1)",1887,4,22,aa64839fcf72c1e754781354888e2138a30f0768f1c35451ce13337213396aa4,KCQA,1887,4,True
5,297,6,1,KCQA,"(6, 1, 31, 1)",1836,4,12,7185503ad1756fb7d7d1f462626634e575f5714f7a0b5be90c6ce54609b205a5,KCQA,1836,4,True
5,298,6,1,KCQA,"(6, 1, 32, 1)",1698,4,10,a126852af9fe09c7ac7548ce1f042eb0cd07d2138f3956942e4dc8b9a3bb2432,KCQA,1698,4,True
5,299,6,1,KCQA,"(6, 1, 33, 1)",1531,4,13,10c63874d95ee7f953c751116888ea869c3802fafb61dd1641e23b4d6a6c8930,KCQA,1531,4,True
5,300,6,1,KCQA,"(6, 1, 34, 1)",1297,4,15,1be186247b90ef1c3513b2085be6481c2c171c10e6c24fc44a8f6d6f6ba857fd,KCQA,1297,4,True
5,301,6,1,KCQA,"(6, 1, 35, 1)",1115,4,18,78012fde24968dc149a2cfd0c439936c8c4e8ad5b1222cff485a901714b5eef1,KCQA,1115,4,True
5,302,6,1,KCQA,"(6, 1, 36, 1)",976,4,25,361020ea524dce5d0473ec0cbacea6f9f52b8b8d20e9b8fb8c62fb758fa8aab4,KCQA,976,4,True
5,303,6,1,KCQA,"(6, 1, 37, 1)",779,4,25,b8dcaf50cfeb249cce2f57cc1dfd6a4d1f388533a5f1d4b466ccd53b44ceabc5,KCQA,779,4,True
5,304,6,1,KCQA,"(6, 1, 38, 1)",630,4,22,2cfad51c83e94faf6d333c77434bd5081154afd91500ef44452665457005f861,KCQA,630,4,True
5,305,6,1,KCQA,"(6, 1, 39, 1)",475,4,24,763b76ef36ec13d71ae1eafb937a89109886fda9274cc73137b53638c5cb0e6d,KCQA,475,4,True
5,306,6,1,KCQA,"(6, 1, 40, 1)",309,4,23,fbe71350798916fcaccf0275b0316daf8d8be4aeba211d2b0df51ffc36a18379,KCQA,309,4,True
5,307,6,1,KCQA,"(6, 1, 41, 1)",228,4,14,f36e277bc550f45125aa732f8bd230679e4dd07306b85896944ef5a47dcc3fe6,KCQA,228,4,True
5,308,6,2,KCQA,"(6, 2, 0, 0)",7023,4,1757,534f52859b9b1d3b1fc2b691ce84ff00cdad3a11cff09745787bcbc0658a6429,KCQA,7023,4,True
5,309,6,2,KCQA,"(6, 2, 0, 1)",6351,4,1554,4c580390a1974f1e8bd4623af2216415231fcb7d3997717e3a2bd33540780133,KCQA,6351,4,True
5,310,6,2,KCQA,"(6, 2, 0, 2)",5901,4,1450,528d90f6dc7eca56dc90dfc8d9e3d2f2d25b994f07e104c0dc9053c2d1193a3a,KCQA,5901,4,True
5,311,6,2,KCQA,"(6, 2, 1, 0)",675,4,204,857ee29220da0eb6af86165859717a1c0c3f64eec2e61806a7b7b070aa45c3a7,KCQA,675,4,True
5,312,6,2,KCQA,"(6, 2, 1, 1)",1090,4,289,07b240389085669f3e8cf7cc7db1c4f78c467fec250ca0a03b720c78e293bca8,KCQA,1090,4,True
5,313,6,2,KCQA,"(6, 2, 1, 2)",6726,4,1682,93c62152f049030a1951f0c7502b6f3f7c8755f7a66c5d01447110c61be71d33,KCQA,6726,4,True
5,314,6,2,KCQ,"(6, 2, 2)",7325,4,19,69439d25d4ca394301603dd73ca36b47628207e7d83b5353c5f12a186b236304,KCQ,7325,4,True
5,315,6,2,KCQA,"(6, 2, 2, 1)",307,4,78,63015c950f1d57d6d6893d58bf1975a9018a034ac46ba1784f2349fe426d95a8,KCQA,307,4,True
5,316,6,2,KCQA,"(6, 2, 2, 2)",6977,4,1747,ea7b07b7ad6f920fad29660e13711759c2e30971044e0707a4edd636e5266cf6,KCQA,6977,4,True
5,317,6,2,KCQ,"(6, 2, 3)",7064,4,19,f2eb83132e0777167a3a3dec82f161f251fc4af5dfcc1b3431c17076f5b45794,KCQ,7064,4,True
5,318,6,2,KCQA,"(6, 2, 3, 2)",6987,4,1754,111fbebd7ffa5780a3ae67d3a326630bfdf0676df58ef6147c531eac6172ee70,KCQA,6987,4,True
5,319,6,2,KCA,"(6, 2, 1)",7849,4,3,241b6a51594b0016ac945ab2d4d817a271204fe1ecad33f835c88a897e570b73,KCA,7849,4,True
5,320,6,2,KCA,"(6, 2, 2)",27390,4,193,6cee501c1ed7c7b1f3533526964af6cd837b006e7d1ea8838bc556a4a7654d3c,KCA,27390,4,True
5,321,6,3,KCQA,"(6, 3, 0, 0)",7075,4,1764,4299ae2e42bf7ca465d61e74386aff2d76f17982d9c73e48a3715769a9fffbf9,KCQA,7075,4,True
5,322,6,3,KCQA,"(6, 3, 0, 1)",6407,4,1597,385a08ae37eeb7af9460aa33e43b81ce452db2e7761a10770a22c2828e12e41e,KCQA,6407,4,True
5,323,6,3,KCQA,"(6, 3, 0, 2)",5903,4,1473,22cc301c876dbac124bb3bed9095826069879dc6aed454ed4996fb56e4be2225,KCQA,5903,4,True
5,324,6,3,KCQA,"(6, 3, 0, 3)",5453,4,1343,5a6773528be9202ac781c4e13c450b3b9ca46bd379b765fea7aa7ede3b7f688c,KCQA,5453,4,True
5,325,6,3,KCQA,"(6, 3, 1, 0)",676,4,169,01c9a8eef57804875460edd3bdabb2dad3a73e90af4c506f4561938bbf3b22e0,KCQA,676,4,True
5,326,6,3,KCQA,"(6, 3, 1, 1)",1123,4,281,d9b0a75d30ed466c29038af4f7df0c49c6a0829b23d3403f451bd9b3c4e2919a,KCQA,1123,4,True
5,327,6,3,KCQA,"(6, 3, 1, 2)",1490,4,387,25577e4f6b963ac63ca032132a5c4914cd7daabab27be4ababc74f63cbd24a8f,KCQA,1490,4,True
5,328,6,3,KCQA,"(6, 3, 1, 3)",6624,4,1647,4ed10aac7494967af0bb6f542f498f53e5e7b7d6558cc43f4b2a42b80fc12aa0,KCQA,6624,4,True
5,329,6,3,KCQ,"(6, 3, 2)",7595,4,47,055a028432f6d2976c62b9e336a79f99c8b81190b4e1efd810f2d78153ed039e,KCQ,7595,4,True
5,330,6,3,KCQA,"(6, 3, 2, 2)",444,4,112,fee0f1bafb1710dacc8e6be8a8fcd5196fa94c3e7c67533af88a8468dcfbff6a,KCQA,444,4,True
5,331,6,3,KCQA,"(6, 3, 2, 3)",6958,4,1739,ffa3b9cea84c9d8c731cf751f6c35ce15c39654c8e7ade47a8796350c45341d4,KCQA,6958,4,True
5,332,6,3,KCA,"(6, 3, 1)",7689,4,9,f0a47e5497e775c32495c2b48090e3d49a2598488898c0bfe0d0cb1de74851f7,KCA,7689,4,True
5,333,6,3,KCA,"(6, 3, 2)",7963,4,30,494426556de528c711fe1e692b0faf54b8475aeb515661c170876051bc44e5ec,KCA,7963,4,True
5,334,6,3,KCA,"(6, 3, 3)",19508,4,130,2c4ff545ecfdbd7cf62a5f864b56ef0e787c76ca221a5273f632d96ec4cfa48e,KCA,19508,4,True
5,335,6,4,KCQA,"(6, 4, 0, 0)",7081,4,1760,693a7f696b85806d31a0fbeb44eca0a829f3d103152af490b2b973c5632fe42b,KCQA,7081,4,True
5,336,6,4,KCQA,"(6, 4, 0, 1)",6163,4,1282,93569eb060777e19691ac8a5c4370cc47c3f10a65ff253baa8db4f4da92dd1e4,KCQA,6163,4,True
5,337,6,4,KCQA,"(6, 4, 0, 2)",5736,4,1252,4b7b6e0d364e9d1578b51640a715bcec8789b6958db06408852cc6896dbf434d,KCQA,5736,4,True
5,338,6,4,KCQA,"(6, 4, 0, 3)",5483,4,1355,69ddbab2840b6c53f0016e463bb304944fb4f5d4052db3ab99cc13feb89ada53,KCQA,5483,4,True
5,339,6,4,KCQA,"(6, 4, 0, 4)",5260,4,1432,a101c7fa846844ae553bb3e20943fc31c159ef5e5e4a1737b26c87051ea8df50,KCQA,5260,4,True
5,340,6,4,KCQA,"(6, 4, 1, 0)",924,4,489,fa837ce21d34833f0eef3571d8b70f9eb6b1c1e67aea09442eab24dd38bce7b9,KCQA,924,4,True
5,341,6,4,KCQA,"(6, 4, 1, 1)",1296,4,453,e614829bfba7b778bc11d93b3503f279e71cbb1839c94cfebf5235d5a8e6fe1b,KCQA,1296,4,True
5,342,6,4,KCQA,"(6, 4, 1, 2)",1470,4,350,4384c644b362268ba9967b64aa982b287c2e7b4032b062e60d9a63d62121fcd8,KCQA,1470,4,True
5,343,6,4,KCQA,"(6, 4, 1, 3)",1608,4,295,0afa0ff3b0c15342a17bb9af526028bca2e52cc3fc01d444a93dfc29d7a2b552,KCQA,1608,4,True
5,344,6,4,KCQA,"(6, 4, 1, 4)",6679,4,1731,89408f50dcdfbe14a2dd9da6cca8a19094bf752bf0448a7a2055ae574b57e2ef,KCQA,6679,4,True
5,345,6,4,KCQ,"(6, 4, 2)",828,4,147,35beeb3d2dd1afe0843e1678415ebf3c91d142747e547d1e8830da8ed484b984,KCQ,828,4,True
5,346,6,4,KCQA,"(6, 4, 2, 2)",214,4,51,cb19f8f785620354ff82a4195efa575353d8f9305e8a10631fe430fcd0651029,KCQA,214,4,True
5,347,6,4,KCQA,"(6, 4, 2, 3)",388,4,36,10799003f663dea04d54d0870300be6ebc2bd9f0618b53e98858f122f5fb886e,KCQA,388,4,True
5,348,6,4,KCA,"(6, 4, 0)",8069,4,12,d5715aa0627e5b15867967dcaf1da18dc87a70aeb30708934d359f38cb98e78a,KCA,8069,4,True
5,349,6,4,KCA,"(6, 4, 1)",7619,4,8,a1f8173cc6bf44427dfbfdc0b5a82042e32a158426e3af524fec050fcfab9a57,KCA,7619,4,True
5,350,6,4,KCA,"(6, 4, 2)",7448,4,2,4d3ff3691e706beb2ef313e0eb4d03c004a28dd3e5b52b38f78e8adb0c8121dd,KCA,7448,4,True
5,351,6,4,KCA,"(6, 4, 4)",12192,4,89,38a1652436e4559f5980eda5216296176ebcc4371af6e5fe3657c60d6274c6eb,KCA,12192,4,True
5,352,6,5,KCQA,"(6, 5, 0, 0)",6903,4,1735,5719c259e9246d7fe8200248975a7b72ead3f5be689b2cba4ddc67655927f6c5,KCQA,6903,4,True
5,353,6,5,KCQA,"(6, 5, 0, 1)",5918,4,1516,1a84f8c2256975603bf19980557e677f9e11927a17603f55eb697cdd181896b2,KCQA,5918,4,True
5,354,6,5,KCQA,"(6, 5, 0, 2)",5487,4,1361,3674051c9846c041c2c76684fdd16d4d9b076f531b1be0ecd3627154dbeee0df,KCQA,5487,4,True
5,355,6,5,KCQA,"(6, 5, 0, 3)",5148,4,1323,bf1fe246c80510ccc3a72b6c38f10d1078bd3563a154afbdc6d63002ccd05962,KCQA,5148,4,True
5,356,6,5,KCQA,"(6, 5, 0, 4)",5134,4,1292,95ed94b91c7dfb68fdf17b0e396b31f383b228a5c24b61ac04b2639fb82024ad,KCQA,5134,4,True
5,357,6,5,KCQA,"(6, 5, 0, 5)",5565,4,1407,1e512c4c6424491881ea65cd55a97bf7eee698a46d92530b7a21b2c7b1c8564d,KCQA,5565,4,True
5,358,6,5,KCQA,"(6, 5, 1, 0)",1057,4,231,6304d4889b188e51213c8e16f28e0502d57c8ff37670af9ba1ea3281490c3e4a,KCQA,1057,4,True
5,359,6,5,KCQA,"(6, 5, 1, 1)",1400,4,367,a031c62443dc91ea5094b1d7d8f7a4508d932438318c25fda9c9353eef4ac30c,KCQA,1400,4,True
5,360,6,5,KCQA,"(6, 5, 1, 2)",1623,4,387,720af658122ab96558bf37cbf13536afd8689866ab9713a5297650c6cc78c778,KCQA,1623,4,True
5,361,6,5,KCQA,"(6, 5, 1, 3)",1585,4,398,c21a4997d7d74c93d1edfdf79b0e1232dd42088bb62e78389fe31e463f8afe0d,KCQA,1585,4,True
5,362,6,5,KCQA,"(6, 5, 1, 4)",1200,4,286,2879bf4011dc94c82c938528d41591af57a674f65a96ba74210d2b6e0d75ec76,KCQA,1200,4,True
5,363,6,5,KCQ,"(6, 5, 1)",6878,4,1,4ca28c4bb850f3b8dd23866f518515a1abe4f1d1dd78f7dbe361ae99f279dda6,KCQ,6878,4,True
5,364,6,5,KCQ,"(6, 5, 2)",721,4,67,e8230bb10b1b4b4e74c32b13d8d304e679668c457464ea712d8729d50bcf43a9,KCQ,721,4,True
5,365,6,5,KCQA,"(6, 5, 2, 1)",201,4,44,68c2b0025fbaf75af1fc7243fea68394a4ac6e6becd0293574cceeb36675c8eb,KCQA,201,4,True
5,366,6,5,KCQA,"(6, 5, 2, 2)",248,4,55,0f810bf4725d40cb09cacd1ac60b5a195b7f615970a82d0f011de1783593be95,KCQA,248,4,True
5,367,6,5,KCA,"(6, 5, 1)",7543,4,4,d3a11df899448a24255e8825c00710b2e84768fa7d60cb9326f7a0a30c9784ff,KCA,7543,4,True
5,368,6,5,KCA,"(6, 5, 2)",7377,4,4,5ef1a86ae2ccbc07c9f84b28816acdb8815ec69b75b1a0eef5f58af9f14167cc,KCA,7377,4,True
5,369,6,6,KCQA,"(6, 6, 0, 0)",6924,4,1730,59b68948188beef1cff188e759758b142db65ad21a27aef59c9bd06e147755cb,KCQA,6924,4,True
5,370,6,6,KCQA,"(6, 6, 0, 1)",6219,4,1584,d1bdb92a38e97e8a901e826f7e47575d5dd533c29de023ebbc8fc3d2095065a5,KCQA,6219,4,True
5,371,6,6,KCQA,"(6, 6, 0, 2)",5836,4,1473,598dc6ac053e835dc33e815a99e812a2db102c0cd1706b6a6ad5e9ef42c68d27,KCQA,5836,4,True
5,372,6,6,KCQA,"(6, 6, 0, 3)",5529,4,1419,4c0cee09b996e9ad6b31da8c621fa05cddd2dcfb4339fee65c422f1e2f08d529,KCQA,5529,4,True
5,373,6,6,KCQA,"(6, 6, 0, 4)",5416,4,1377,5fae24319901b23b1033193d1ed89bf7f2a0825b1f91266d77c87d19e6e33ac8,KCQA,5416,4,True
5,374,6,6,KCQA,"(6, 6, 0, 5)",5446,4,1350,23b962541b8acff568c1aa7213de5ee635dc3d5cf92ae5a003a7dc0aed85cf81,KCQA,5446,4,True
5,375,6,6,KCQ,"(6, 6, 0)",35378,4,2,c6b220871aa73efbf676a9ddac93b3e263936e439c8af14435da9982a3cae997,KCQ,35378,4,True
5,376,6,6,KCQA,"(6, 6, 1, 0)",720,4,151,94ee352449beb405d75b399cb8796e5aa956d5b5016532b27ed197ed13bd4311,KCQA,720,4,True
5,377,6,6,KCQA,"(6, 6, 1, 1)",1062,4,261,55109e14ab3f62435cc29b6e5e931fec9e29c9ced2aeb2f3e1ad130f535edf55,KCQA,1062,4,True
5,378,6,6,KCQA,"(6, 6, 1, 2)",1295,4,293,3103a0d9e711055a4e6d29d04553afc2ce92f9b0608da96680e6b748fd7d64dc,KCQA,1295,4,True
5,379,6,6,KCQA,"(6, 6, 1, 3)",1347,4,329,3aedff550e999b95275e36b7fc8ea0a1ccaa7c08e2f5a05899bfe621e4effe77,KCQA,1347,4,True
5,380,6,6,KCQA,"(6, 6, 1, 4)",1319,4,343,2797ae4e71273e84c4f07f92150e6d319308d81c44148c9990fa1078c27d4e01,KCQA,1319,4,True
5,381,6,6,KCQ,"(6, 6, 1)",5748,4,1,c0d3321d77bf9701216d6ba7f86a1b5193d1383b886420943febe6f6a85e6909,KCQ,5748,4,True
5,382,6,6,KCQ,"(6, 6, 2)",528,4,109,dd1cb2d73fb3cb6abbfdf6524b2460828da0deffee9a86e22a189811d897799b,KCQ,528,4,True
5,383,6,6,KCA,"(6, 6, 1)",7419,4,1,8b0d49aa09499af721f6dad205721400cc5a0af13c424fab7fd81728ee6690bb,KCA,7419,4,True
5,384,6,6,KCA,"(6, 6, 2)",7327,4,1,33ca1d5d5d91fa79a551b60866b6c8b3a851ebeca49b5200e52ac3938006fff7,KCA,7327,4,True
5,385,6,7,KCQA,"(6, 7, 0, 0)",6912,4,1733,8be827150f8382c969c86e953173c3a2c90a8b3ffd89cb34ff6e104bd7c06b1a,KCQA,6912,4,True
5,386,6,7,KCQA,"(6, 7, 0, 1)",6228,4,1547,f8679f94097e6699336c67d81400deaa47b8110a8f3daa5d8dd305081cefbcca,KCQA,6228,4,True
5,387,6,7,KCQA,"(6, 7, 0, 2)",5693,4,1466,91f2216d443af94720425e8c8b2c2dd096d14c1ba8ba1e7d5550fefc5371846d,KCQA,5693,4,True
5,388,6,7,KCQA,"(6, 7, 0, 3)",5370,4,1342,6b332f5cd42ef0b367ce435d7f78939e0cadccb767684b57bd28ca5941603cc9,KCQA,5370,4,True
5,389,6,7,KCQA,"(6, 7, 0, 4)",5226,4,1293,0481fe88d1e120ebbafd07a3c7e4ceec80decb9e3a08f1c717deff0c05a85b07,KCQA,5226,4,True
5,390,6,7,KCQA,"(6, 7, 0, 5)",5402,4,1346,201e19c87257a9c09e0a90a0758c4252d974087069c05ded4bdaa97b0570a636,KCQA,5402,4,True
5,391,6,7,KCQ,"(6, 7, 0)",34850,4,2,577a5b8d52816511611b4b2879ac8e13f9b577e9d907f0af7c9c91914e4ede55,KCQ,34850,4,True
5,392,6,7,KCQA,"(6, 7, 1, 0)",710,4,186,7fcc041c8793a515f0a4c772cc8bb198d9fb717c6eb5a885f74c7129d71ff850,KCQA,710,4,True
5,393,6,7,KCQA,"(6, 7, 1, 1)",1161,4,261,0a230127ca92c01a92673aa24fb1f50392c3f67ebe058e055a45bedd12b33eb2,KCQA,1161,4,True
5,394,6,7,KCQA,"(6, 7, 1, 2)",1418,4,372,1391f240f879306eacca3a10e132ac8126f96d07b31069864d45f12eadaa37e7,KCQA,1418,4,True
5,395,6,7,KCQA,"(6, 7, 1, 3)",1484,4,403,7a21a86baa84a40b85c6f6b922fab101f6e11ff0d074ac80ff8916d0d378a0e2,KCQA,1484,4,True
5,396,6,7,KCQA,"(6, 7, 1, 4)",1295,4,332,68e6e040b6a33526ffb768c4419e9e3b6a149e0cce2821e51275999cfeb91920,KCQA,1295,4,True
5,397,6,7,KCQ,"(6, 7, 1)",6071,4,1,8ff63629193b6ac1ef00af6fa29a45aa02460b8b6759a3927c9a2590578f38a4,KCQ,6071,4,True
5,398,6,7,KCQ,"(6, 7, 2)",647,4,33,eb3c0ad75bdd2c01a3c016f145b69123ec51d6d315cdb0e83db55323c4067773,KCQ,647,4,True
5,399,6,7,KCQA,"(6, 7, 2, 2)",209,4,40,d25d5692080ac2cfbf06182bc25312fa046760aa0fbfac2e3b274ca605513166,KCQA,209,4,True
5,400,6,7,KCQA,"(6, 7, 2, 3)",218,4,57,2415572122786aaace0ab4172bd0fca4a529a92d7bda073f73affaef4087530a,KCQA,218,4,True
5,401,6,7,KCA,"(6, 7, 1)",7550,4,2,d32f89e786bbdd6c02a18635a30ba8b1d7067a8044d47f9fde37616a7f8f7c30,KCA,7550,4,True
5,402,6,7,KCA,"(6, 7, 2)",7336,4,1,f3a285f3c2a5eb6eb29b8cb81b4d1da9f30509d5e2593901daaa51c862d69571,KCA,7336,4,True
5,403,6,7,KC,"(6, 7)",41607,4,2,9a5cae3ac2ccbe21b5b539ffff3fd3890e3aba868fe97b07b37475345abb2d66,KC,41607,4,True
5,404,6,8,KCQA,"(6, 8, 0, 0)",6912,4,1730,4389527b83b89a4978a7e164e3738cbb229ec66b9de223087f3903417d336155,KCQA,6912,4,True
5,405,6,8,KCQA,"(6, 8, 0, 1)",6177,4,1561,6531cb9dcacce8ae884609629b4549f7c4715722da2d16b9a9846a54af929ee1,KCQA,6177,4,True
5,406,6,8,KCQA,"(6, 8, 0, 2)",5765,4,1458,fa4272e5b6458416d4d0cb0723bf42cabbe13cd1ab852bfa9c12a8a313d50cdf,KCQA,5765,4,True
5,407,6,8,KCQA,"(6, 8, 0, 3)",5426,4,1360,bcc22555ff8dbb9475d0696e589b2718600179f6717e27c3441c407fb28efa9e,KCQA,5426,4,True
5,408,6,8,KCQA,"(6, 8, 0, 4)",5319,4,1325,28b970acfdadfa1f9d5a7fec15c9e67e8ea6ea793c585564caff82855fac6e0b,KCQA,5319,4,True
5,409,6,8,KCQA,"(6, 8, 0, 5)",5436,4,1359,972773f9effe5ee1e522755e51947631eedfa29d6c89974cbf3a95121d4e29a6,KCQA,5436,4,True
5,410,6,8,KCQ,"(6, 8, 0)",35046,4,1,a9124cdebc71dd9a6fd0a6017db299a1c28f96d29ac592b4c3f3eb03f3e5d881,KCQ,35046,4,True
5,411,6,8,KCQA,"(6, 8, 1, 0)",759,4,174,bb78ab27288fcfb45c0761ee2b6b7af734b5de5203e9e95cd252cc604efd25c7,KCQA,759,4,True
5,412,6,8,KCQA,"(6, 8, 1, 1)",1116,4,261,e9cef68bb08bcd9251c7e0e58e10194a2d82db05e7f4f7374f2562b109d184b8,KCQA,1116,4,True
5,413,6,8,KCQA,"(6, 8, 1, 2)",1363,4,341,3f57faa12d32cb80842f3d5774259d9ca7e95c39be2f52cf4ae79f02a353cae7,KCQA,1363,4,True
5,414,6,8,KCQA,"(6, 8, 1, 3)",1419,4,373,3111900742d9bae6d98908d2c5a0ddeef7226ef15acdc15c6e9fc02fb6bf329b,KCQA,1419,4,True
5,415,6,8,KCQA,"(6, 8, 1, 4)",1313,4,325,2fa9498f5aa7682a3252194d3a7e49a9b415ef3ca7f747b53d05f3c72e578930,KCQA,1313,4,True
5,416,6,8,KCQ,"(6, 8, 2)",573,4,137,86de5c2141323e951f1786d259191ca8fe086e48dabd7602bb06b1d074628035,KCQ,573,4,True
5,417,6,8,KCA,"(6, 8, 0)",7738,4,1,3c4206e60501f6094f2a242e7402c8fab8b8054c011a90cc817e2b9e4cc3207d,KCA,7738,4,True
5,418,6,8,KCA,"(6, 8, 1)",7449,4,3,c7b83376ba88a8204b6e6d15c2005c7fd167b36bb67372ccf437f651c4e14f1b,KCA,7449,4,True
5,419,6,8,KCA,"(6, 8, 2)",7339,4,1,f049efa6995c9bbaeff9ba286fded3f793d918e60554ed2b8a289f6e018b0aa2,KCA,7339,4,True
5,420,7,1,KCA,"(7, 1, 1)",50115,4,12542,2cfe9051092f3fbbab74e67035e131a9bab81992d5a6ff5f35056c96d09ee3ce,KCA,50115,4,True
5,421,7,2,KCQA,"(7, 2, 0, 0)",933,3,876,e63ff2567303d8008cc846a93af51461b7a3e46901f57c21099989ba728b58db,KCQA,933,3,True
5,422,7,2,KCQA,"(7, 2, 0, 1)",1439,3,1276,587a2e10e3c909e462e80b5ea6cd8b8af6c4f5c397a5f30f7f1c363f6b7a98b4,KCQA,1439,3,True
5,423,7,2,KCQA,"(7, 2, 0, 2)",1219,3,1089,5df17e1851f0b0eeb71aaae14a36efd10f5339f5187f5cc59f335f4e86aa993c,KCQA,1219,3,True
5,424,7,2,KCQ,"(7, 2, 1)",1862,3,180,99248d1fc6fb3440ce9df82574a74c04d74d86511cde155ee9fd9f4bc4a3e3fb,KCQ,1862,3,True
5,425,7,2,KCQA,"(7, 2, 1, 1)",271,3,261,db2aa7429c58d320006391e97235f8376e58d5e1aa0a0aa67cab6ebe8975ed9e,KCQA,271,3,True
5,426,7,2,KCQA,"(7, 2, 1, 2)",1424,3,1227,4b5d6085155a5856445cead91ccb6f9890b34d07a8fb990c5b1dd4be331b875b,KCQA,1424,3,True
5,427,7,2,KCQ,"(7, 2, 2)",1537,3,81,5041653b2c6f1a54666dbaf19f37992ab0ba459550bbdef6fff0161cd762a51d,KCQ,1537,3,True
5,428,7,2,KCQA,"(7, 2, 2, 2)",1463,3,1287,060e2c221172dfc2a3c80e86a45c37bdb4926742d4ba80263b662929d429c3ec,KCQA,1463,3,True
5,429,7,2,KCQ,"(7, 2, 3)",1490,3,16,2f82c4594642ad68eac209b28abb083caa1e99f0909134588d96702440e0f7a1,KCQ,1490,3,True
5,430,7,2,KCQA,"(7, 2, 3, 2)",1480,3,1312,f889aad3e841b1ad2c584fbe3d0cc030b349c39ea5694ab27a35e53cbeaf586e,KCQA,1480,3,True
5,431,7,2,KCQ,"(7, 2, 4)",1461,3,2,ff0d47a82bd2a54019d8ce0500e47ce3f94b552d9eeecd68674a64fa24f859f5,KCQ,1461,3,True
5,432,7,2,KCQA,"(7, 2, 4, 2)",1459,3,1295,e95888303f5b5b461838f3ddb4064c1a619e05bb0a2b0a36ae252b72f0355578,KCQA,1459,3,True
5,433,7,2,KCA,"(7, 2, 2)",47223,4,106,16f3388ada3bf35e3e2e657e154c83e4699bfd2df729f4c628e1db6c6d5b94c2,KCA,47223,4,True
5,434,7,2,KCQA,"(7, 2, 9, 2)",240,4,26,da2f59022e755d17a0fa91c5fc6dc1a26894847d11a2fd382ddab9fc6be50eb9,KCQA,240,4,True
5,435,7,2,KCQA,"(7, 2, 10, 2)",296,4,25,91725d915b46a5bac22dca84f1f21ac3071a0392bf55dc09a213f5d31a916fec,KCQA,296,4,True
5,436,7,2,KCQA,"(7, 2, 11, 2)",395,4,24,2986f3961cccb372bf327932731964c5b0bd8a2b728de825afb21fcd1b920431,KCQA,395,4,True
5,437,7,2,KCQA,"(7, 2, 12, 2)",453,4,24,1f5cf7297da6dda58226032537f360766d9b4dc07c9bb806d00b36f0ef3bd7a7,KCQA,453,4,True
5,438,7,2,KCQA,"(7, 2, 13, 2)",506,4,30,c3d7bd39197bd3cc2023225c2728caabae963a1e806f8e9b86b126499bf69dfc,KCQA,506,4,True
5,439,7,2,KCQA,"(7, 2, 14, 2)",539,4,26,d7ab8586ec84a528ec336a1d4ad1a082d85e65a4e3a4495a3d318a20de69258b,KCQA,539,4,True
5,440,7,2,KCQA,"(7, 2, 15, 2)",565,4,24,3add0a0334ce17e3930c3113d16c4ad3e402b2280d29f2e28483117469b2986e,KCQA,565,4,True
5,441,7,2,KCQA,"(7, 2, 16, 2)",584,4,25,c6f5cb1ec85e5a7a407d5f2bc2b65b8dd588b8546afb477df5a025385cb4c03b,KCQA,584,4,True
5,442,7,2,KCQA,"(7, 2, 17, 2)",591,4,26,b7db079002fa5f20f485ca86b87d17b32417e5f2a023dd05bf3c09c3fd098827,KCQA,591,4,True
5,443,7,2,KCQA,"(7, 2, 18, 2)",591,4,14,2a5e9b2a67b897380bb57c15e32ba0c584966af92fd6f89601fe52ad17b5daf4,KCQA,591,4,True
5,444,7,2,KCQA,"(7, 2, 19, 2)",627,4,11,b4c77e42d8a9e110369e4b825dafd24cde06d45e70a7e23d5593b57aa6f6aa80,KCQA,627,4,True
5,445,7,2,KCQA,"(7, 2, 20, 2)",713,4,15,3e699547986b6e4f1b0e85412f1ccfc03665408376c5981b7a90c38fbfdcf733,KCQA,713,4,True
5,446,7,2,KCQA,"(7, 2, 21, 2)",810,4,28,b93d2a84a0df8f3bcd46f4e09e0b3b1fafbf8c2876b1e26ed8312c51a3d696ae,KCQA,810,4,True
5,447,7,2,KCQA,"(7, 2, 22, 2)",919,4,40,bd3919dc8230f6455e568e308523b98afd847a8b3a67c8449db0b3def6e37239,KCQA,919,4,True
5,448,7,2,KCQA,"(7, 2, 23, 2)",1089,4,40,700ec5d714b80bc1d5fd3ceca6a3b8fa2da84d1178007436d8a92f6ff71df32b,KCQA,1089,4,True
5,449,7,2,KCQA,"(7, 2, 24, 2)",1211,4,45,a55a07ec0759cd6c0f6283d2d48b0bfa45d7af1ddf61202ee004a62aad47210d,KCQA,1211,4,True
5,450,7,2,KCQA,"(7, 2, 25, 2)",1204,4,45,90fa396adceac8b8555f448646a7e04ea9e32bdff2d3705c803c8e84fbcf0bc3,KCQA,1204,4,True
5,451,7,2,KCQA,"(7, 2, 26, 2)",1156,4,33,a7eb34d00b9f76a20fb0a254cdf7f8bd96c482ec52c56d00fd265a092e4862a3,KCQA,1156,4,True
5,452,7,2,KCQA,"(7, 2, 27, 2)",1172,4,22,8e62e739948a7b4c1f12cb2afe98da5e8a75d834eac2df95528eefbed4b9d37b,KCQA,1172,4,True
5,453,7,2,KCQA,"(7, 2, 28, 2)",1172,4,19,b9291df00bb15bec72018e6ddaf4788ebd5737813cdd3a4dafed54b5ee0a19d0,KCQA,1172,4,True
5,454,7,2,KCQA,"(7, 2, 29, 2)",1120,4,19,b043a696b5976db517c69a408565afef68b985e34d246e43df36dfdc99246f3a,KCQA,1120,4,True
5,455,7,2,KCQA,"(7, 2, 30, 2)",1077,4,15,2fc8726678a923a3ee247139c722d1d3a8386c37ecffa04389c0260785e4c817,KCQA,1077,4,True
5,456,7,2,KCQA,"(7, 2, 31, 2)",1003,4,23,c518cf8b77daf4ef1277975418520f2092836fc076251574a6fddefd47f397c3,KCQA,1003,4,True
5,457,7,2,KCQA,"(7, 2, 32, 2)",866,4,27,8e1b58ec763df35d2df1b5b80e3d301764a23629bb315a57b6c2f1467b4ff243,KCQA,866,4,True
5,458,7,2,KCQA,"(7, 2, 33, 2)",743,4,29,1c9de115973d14f0f75c598618a1a718f1d3cf3ee6fbb125759db18907928349,KCQA,743,4,True
5,459,7,2,KCQA,"(7, 2, 34, 2)",656,4,28,e006fc0b30fa13db4c871741ea27f62815d57e90cfa4704e05e2795437154310,KCQA,656,4,True
5,460,7,2,KCQA,"(7, 2, 35, 2)",649,4,34,e4afa602e387eed74bb8c8414b6ba288d8fb023a383218146e7f6f5d6616f9b2,KCQA,649,4,True
5,461,7,2,KCQA,"(7, 2, 36, 2)",690,4,29,2c25253da6a2070dbccec709361b6652b8edff2441d1b597441b611141744397,KCQA,690,4,True
5,462,7,2,KCQA,"(7, 2, 37, 2)",798,4,27,cf0a60d9f786fd263fe93bd2625ea2466f1d0b37cf227d5ce9c8b30442515fb4,KCQA,798,4,True
5,463,7,2,KCQA,"(7, 2, 38, 2)",885,4,49,61f5771ca33db0e431f703c11b9001afa72002f63346cb96418c093aa9060413,KCQA,885,4,True
5,464,7,2,KCQA,"(7, 2, 39, 2)",988,4,78,112569d8d042cb372b52a2bb85402cb7e7941144389aa36e68995f4b4f982bb9,KCQA,988,4,True
5,465,7,2,KCQA,"(7, 2, 40, 2)",1157,4,110,d4481b991c275034137a65878d0b6eb2bdf571ef935aa918bd33c918f47b7c9c,KCQA,1157,4,True
5,466,7,2,KCQA,"(7, 2, 41, 2)",1317,4,155,ed6c79d29f791c12f30153235c984e26c4f008b5ce0efd8dab1ffb74c4de5305,KCQA,1317,4,True
5,467,7,2,KCQA,"(7, 2, 42, 2)",1438,4,199,85e8680d77f31a2086c241ea1217799cbfcbc38d995cdd98e8a435ddc765879d,KCQA,1438,4,True
5,468,7,2,KCQA,"(7, 2, 43, 2)",1580,4,261,91578955a4b69fa16e2d38d227fa1fae8cd7c71a5ab281855fe51ed36055eb15,KCQA,1580,4,True
5,469,7,2,KCQA,"(7, 2, 44, 2)",1615,4,295,3c73ea7267530870409054a47be985c04ff3b081c691d588d4de30e4ba809893,KCQA,1615,4,True
5,470,7,2,KCQA,"(7, 2, 45, 2)",1596,4,304,48df1b2c2692aaffe600e20ec757362bafdad2e1940e7668f11119e9d498cacd,KCQA,1596,4,True
5,471,7,2,KCQA,"(7, 2, 46, 2)",1442,4,318,8660a0d0e6cfd13af5a68c745dff8d67ebed843d11d94e307ac6e0370b4f393e,KCQA,1442,4,True
5,472,7,2,KCQA,"(7, 2, 47, 2)",1211,4,323,286e40ff766c2f40d788495e7f3960bb2224f144cbb4e35a60b0a9b6d39e9ac0,KCQA,1211,4,True
5,473,7,2,KCQA,"(7, 2, 48, 2)",1021,4,266,b30b0bc717c770491bffddcf626b46b3f7dc3ba09b3fc4a8b97a924969d3bdf3,KCQA,1021,4,True
5,474,7,2,KCQA,"(7, 2, 49, 2)",862,4,183,97260c2c1146a30bfbcac9adcf3edc840fdacc849ec4c966e3489c82ada0303d,KCQA,862,4,True
5,475,7,2,KCQA,"(7, 2, 50, 2)",635,4,115,ea7f1040df57c8f682b6e5bc29425bbb451f85591443de7197fe994e9de10279,KCQA,635,4,True
5,476,7,2,KCQA,"(7, 2, 51, 2)",427,4,62,dc2fc8871edc3c7b34fb473c64655d48ea1586ed502ceaeab0db7c33ded201e3,KCQA,427,4,True
5,477,7,2,KCQA,"(7, 2, 52, 2)",332,4,31,e5ce5b1ab3acc51251cf3eee474ad169fa97b9c568485a69f69d89f1c5ac87ec,KCQA,332,4,True
5,478,7,2,KCQA,"(7, 2, 53, 2)",247,4,6,b571ab39caa5e539764db72cf9fea2c0b2e9a4ae9f2671dc54f95beb573d69b1,KCQA,247,4,True
5,479,7,3,KCQA,"(7, 3, 0, 0)",4240,4,1353,b85c236c08c1f096faa286a3208437efa60cceaa481ce182a89d6517d3975d8f,KCQA,4240,4,True
5,480,7,3,KCQA,"(7, 3, 0, 1)",5729,4,1559,7daf6790890925c607f68f011dc48a0fdb67756c9d3dbdc1bcafe3743335683d,KCQA,5729,4,True
5,481,7,3,KCQA,"(7, 3, 0, 2)",4744,4,1304,d2e0ab4e55460d0e3e9b7a9b9ac3ca0ce65a9cb0c7e9dea2cf1c2e7aaaa2d8db,KCQA,4744,4,True
5,482,7,3,KCQA,"(7, 3, 0, 3)",4590,4,1265,dfbf46f687a389a1a7e0333c750a088f1967ad44e23015a39def43b69b3bcb2d,KCQA,4590,4,True
5,483,7,3,KCQA,"(7, 3, 1, 0)",905,4,251,9fe75113f52b0aeae18ac66cbf2921081ff84431d3408ee5bcff37aa41e64f4f,KCQA,905,4,True
5,484,7,3,KCQA,"(7, 3, 1, 1)",1534,4,383,9d04e0ba1cb5e52e63f9166f072beb7dea7c82a0703ed92a6c8011a079256375,KCQA,1534,4,True
5,485,7,3,KCQA,"(7, 3, 1, 2)",1459,4,383,de96a47631e91b9748df6c3bd2e1afa43c82c2d2a907566c6e7e519755fad62b,KCQA,1459,4,True
5,486,7,3,KCQA,"(7, 3, 1, 3)",5773,4,1564,058f976839aa8240e595d0a7b42373156c61876e378b803abcd3e43bd665419c,KCQA,5773,4,True
5,487,7,3,KCQ,"(7, 3, 2)",6950,4,30,1f22decec4c12d8f0ff854fdf3d195d55fae312a547e8faddb52418fcd2e1601,KCQ,6950,4,True
5,488,7,3,KCQA,"(7, 3, 2, 1)",239,4,48,520c576eff4f8c62ed205e2974aa07cb6531d71d817373a229e8021340cd59d2,KCQA,239,4,True
5,489,7,3,KCQA,"(7, 3, 2, 2)",450,4,120,840e25c33c2e31110adfcaf9902cfffe555d9ef2faa16d4a2e2678d12d7652c8,KCQA,450,4,True
5,490,7,3,KCQA,"(7, 3, 2, 3)",6121,4,1667,432384a56ae2107cdac9aa3da5bf1c1d05f88f5f93a47d086da57781f21fc128,KCQA,6121,4,True
5,491,7,3,KCQ,"(7, 3, 3)",6302,4,35,bd616730f8cfd5e65d54a3f1a89dcbaff6bf74e3a72ad9ab7cf1c4ede534e231,KCQ,6302,4,True
5,492,7,3,KCQA,"(7, 3, 3, 3)",6132,4,1679,55fd926dd8b9f24b358560ea49d3f2f84652fe17bc62eed256e5605c619beebb,KCQA,6132,4,True
5,493,7,3,KCQ,"(7, 3, 4)",221,4,50,3470b90e2203dc7a486f690d10b85d4b66a73f91aca25f88b3e31c55bbf5a0a4,KCQ,221,4,True
5,494,7,3,KCA,"(7, 3, 3)",30497,4,402,ef715426ad65879a40db0ce13e8105b9d7ffc79aa36c677c0244c72d261a72cd,KCA,30497,4,True
5,495,7,3,KCQA,"(7, 3, 13, 3)",207,4,8,2715777ffd9a5ec75cf1d89365abe96ac055d1f6665f28161c91e55d4ea8eecb,KCQA,207,4,True
5,496,7,3,KCQA,"(7, 3, 14, 3)",222,4,11,6835b6315f737e853a5101350e48c4cff479ca5926e4036dab0628b6f7eafd14,KCQA,222,4,True
5,497,7,3,KCQA,"(7, 3, 15, 3)",248,4,13,9dfd5897562d5600062f0db091dc5ac576a159e61bfabf69c331fde047fe7b42,KCQA,248,4,True
5,498,7,3,KCQA,"(7, 3, 16, 3)",293,4,17,804539bbcfdeb20888ba330dbfd40f31bc6cc640cabda0cd14ef0490dd9db177,KCQA,293,4,True
5,499,7,3,KCQA,"(7, 3, 17, 3)",313,4,21,6af38378cda0c48cba0f56b49caac4492864c097fd87670209be28b5f165628e,KCQA,313,4,True
5,500,7,3,KCQA,"(7, 3, 18, 3)",352,4,27,37831f48f6be3f9b16ab1da2fbabdf3f41456bfa4ca02d4ff90a7e03e62ea195,KCQA,352,4,True
5,501,7,3,KCQA,"(7, 3, 19, 3)",386,4,24,a2a57f826d548ec332f690ef6d143d4ea311100c1be2c6bb7f25a520ea777ebe,KCQA,386,4,True
5,502,7,3,KCQA,"(7, 3, 20, 3)",407,4,25,ebd58dd8187f58cf5ab73c59831afbcdfa5c363ac2e4d24300aba089e11ad515,KCQA,407,4,True
5,503,7,3,KCQA,"(7, 3, 21, 3)",417,4,24,3c2c03aeff8ef37ccb083bb11aa5ed91ff7f36c1c41f3165f53409621d2caf10,KCQA,417,4,True
5,504,7,3,KCQA,"(7, 3, 22, 3)",400,4,20,d8a0ec296ceee398fe67462c49be1676e63c9d2559a69b6b62d62dc157f9e579,KCQA,400,4,True
5,505,7,3,KCQA,"(7, 3, 23, 3)",346,4,16,4e7809923d77c1206dc35e3145ae20e603b88163d9b292affea3ca555ee736dd,KCQA,346,4,True
5,506,7,3,KCQA,"(7, 3, 24, 3)",310,4,19,de9842ce9e2e54f813b298f4ba848dce41d91ba68515caed69d1744506ccf308,KCQA,310,4,True
5,507,7,3,KCQA,"(7, 3, 25, 3)",284,4,23,1d6c73655fc8eddb352035ddd07645f7578c16619fd2e9568ad4502aff84b8b3,KCQA,284,4,True
5,508,7,3,KCQA,"(7, 3, 26, 3)",281,4,22,544e3ef0355e7968d80dd350f54c8262a67acc4fa6a3a1e3d690c81b5d258998,KCQA,281,4,True
5,509,7,3,KCQA,"(7, 3, 27, 3)",282,4,28,583b793673c9612749af8607beec33e795385d5129c7c7ab027dbc683313fbc1,KCQA,282,4,True
5,510,7,3,KCQA,"(7, 3, 28, 3)",287,4,31,b40835ebcff581ddf5bf13ba68ff347f009e173c244ac95eef84cb79c4c6784a,KCQA,287,4,True
5,511,7,3,KCQA,"(7, 3, 29, 3)",280,4,34,4331a3dad9d3efecce4a1dfed61307ab99d43cab62a99a5621971bbfaae7ea63,KCQA,280,4,True
5,512,7,3,KCQA,"(7, 3, 30, 3)",248,4,34,10ea577e3eef75ecc059ca261e2f54fd532f95f5138b553c2ffa24cf56f62d30,KCQA,248,4,True
5,513,7,3,KCQA,"(7, 3, 31, 3)",223,4,32,05aa1d679c856251ed79493a6ad5f2d731fe43cca2bc2448beb728b9a779d947,KCQA,223,4,True
5,514,7,4,KCQA,"(7, 4, 0, 0)",5532,4,1393,1ddc754bc5114f0dace6336fd0ba7c8b450e6653f320138e051e4eab9373a0ba,KCQA,5532,4,True
5,515,7,4,KCQA,"(7, 4, 0, 1)",5322,4,1335,08fe9b88c3b862f928e4a818ba887ac5561869f36cc3f8234c122f8ef512e97a,KCQA,5322,4,True
5,516,7,4,KCQA,"(7, 4, 0, 2)",5404,4,1322,6eb459f4a06eee7bb6f7e8ba39ab5c672382df1cdbad8bce256807cbf9f00435,KCQA,5404,4,True
5,517,7,4,KCQA,"(7, 4, 0, 3)",5715,4,1421,df36cfcce75570e83140412273b9edc6326c52e03ac95bd0cb1671435573ba57,KCQA,5715,4,True
5,518,7,4,KCQA,"(7, 4, 0, 4)",5435,4,1348,fb18a6027b18e2dc8aecd3d9c9e1e7ee18314d58121647920a3bc0da5a808308,KCQA,5435,4,True
5,519,7,4,KCQA,"(7, 4, 1, 0)",1111,4,265,5a87a526dffca09431093d7f21109c626ac54fd3bb20b03332b7cdd6fe97d6f5,KCQA,1111,4,True
5,520,7,4,KCQA,"(7, 4, 1, 1)",1417,4,374,cd70e3e547753e4c25ed4bc3f179e17c4d243870d832c6e14f4b9530b4b3a4e2,KCQA,1417,4,True
5,521,7,4,KCQA,"(7, 4, 1, 2)",1514,4,381,7f61556a81b1ec7eed1f879962df952f3d8513c77af6f5b15e2979962c0044b3,KCQA,1514,4,True
5,522,7,4,KCQA,"(7, 4, 1, 3)",1539,4,400,4b46f2964ad577a4400f0377e7763ffc27291ad1ef0f2b64d62e148deb6c2013,KCQA,1539,4,True
5,523,7,4,KCQA,"(7, 4, 1, 4)",6644,4,1651,1acbd0fa73214e7c88969f2871ddb2103ed16c6dc6d76ba521ff38928956ee38,KCQA,6644,4,True
5,524,7,4,KCQ,"(7, 4, 2)",7927,4,31,72552b05d26a5a4e1ab09e6c2d0233c8b5df8b3ed94554365a059eca808e5818,KCQ,7927,4,True
5,525,7,4,KCQA,"(7, 4, 2, 1)",227,4,60,87966cd850b44779891bffe1058851d7d24859853e2418bfd29064a81986a885,KCQA,227,4,True
5,526,7,4,KCQA,"(7, 4, 2, 2)",242,4,50,3fd96ce8e315c01c8c4bbf5df09dbb2d227312eb9d78d86418d1263ee2e771e5,KCQA,242,4,True
5,527,7,4,KCQA,"(7, 4, 2, 3)",445,4,111,d75cd34e74046ead013d4f02fb75bf2e7a18b1c1c687cb9cbe9353b70923afa6,KCQA,445,4,True
5,528,7,4,KCQA,"(7, 4, 2, 4)",6876,4,1702,a403e37ce6617222e57ff3907184e16a830338f750e93fdd2365309a04c427f5,KCQA,6876,4,True
5,529,7,4,KCQ,"(7, 4, 3)",330,4,72,e8599a53a1274ed547bb03b9b63d42557a9074fab7328b454c10dd373e3dd36b,KCQ,330,4,True
5,530,7,4,KCA,"(7, 4, 1)",7003,4,1,4eeb5b8cf83883ad26dade35ebc3c5410cf48502a6ef9ff8d2e2525829945791,KCA,7003,4,True
5,531,7,4,KCA,"(7, 4, 4)",20862,4,477,920cdc19f504a8ccdc531e7346f6d334bfe9762eaef0db2f4e293d2896e2ee85,KCA,20862,4,True
5,532,7,5,KCQA,"(7, 5, 0, 0)",4258,4,1182,18b82db07f9b7839189240adf987b776d57c07440f25832ac5b8f384c800d6bc,KCQA,4258,4,True
5,533,7,5,KCQA,"(7, 5, 0, 1)",4988,4,1314,d104f1b7f3fa942f4b6001e7c18d23b207b3691f47b3d52ab5790cf83803d2e7,KCQA,4988,4,True
5,534,7,5,KCQA,"(7, 5, 0, 2)",5633,4,1402,ea40936a8e931884d5bf584ed77367a3a971643779aeaf9814229386e61f6651,KCQA,5633,4,True
5,535,7,5,KCQA,"(7, 5, 0, 3)",5025,4,1250,6b6bb2c6f9c7a3fb709810acd280b1e5dc30910b66bc269a10adfc8981851d1a,KCQA,5025,4,True
5,536,7,5,KCQA,"(7, 5, 0, 4)",5170,4,1315,19145ca67a7ffdd01c9880c56ba5472d137a8ff271e1262f71f89db39c231fc4,KCQA,5170,4,True
5,537,7,5,KCQA,"(7, 5, 0, 5)",5448,4,1381,78be6028fa3c8b137619b5563019a808059ae98f9a2bd98d501e1f8b7e360234,KCQA,5448,4,True
5,538,7,5,KCQA,"(7, 5, 1, 0)",1036,4,242,f1676cf38a431093a51e8303209d0d3acd7bd861f6463d9361e6f85b8f18c89e,KCQA,1036,4,True
5,539,7,5,KCQA,"(7, 5, 1, 1)",1470,4,331,fc8fd223680812547ef99a04926fa2c83a82c219a4378d09258421dd23993223,KCQA,1470,4,True
5,540,7,5,KCQA,"(7, 5, 1, 2)",1867,4,415,b2716e4fc72f798ae90489a49f7cf3037298fbebbab83eecf4a04ee60ffd4064,KCQA,1867,4,True
5,541,7,5,KCQA,"(7, 5, 1, 3)",1632,4,368,50e2e05d2a70dbe0df47d979abed070c672d30b4e15e72bafa0b4a074c86edcb,KCQA,1632,4,True
5,542,7,5,KCQA,"(7, 5, 1, 4)",1343,4,310,dbb6c6d698ec2414f11a3b039dbbc21ef0fe086305156f0dfe7c024677203808,KCQA,1343,4,True
5,543,7,5,KCQA,"(7, 5, 1, 5)",6724,4,1634,68671a9ee2f8a57731eba9fbfdac159821dae13a68b35d7a9fc3abaad468eba1,KCQA,6724,4,True
5,544,7,5,KCQ,"(7, 5, 2)",1977,4,30,42ed48f93918bdcdc466cef6c7e5e2d0781e51972b8c0a71da2b5cc143a3aa7a,KCQ,1977,4,True
5,545,7,5,KCQA,"(7, 5, 2, 1)",264,4,53,89ad482be438fa3212630f8d6cf8f2ba3d7d99c103d2d9f3b4f36c6a16ca7378,KCQA,264,4,True
5,546,7,5,KCQA,"(7, 5, 2, 2)",278,4,49,5ba29758b8f8830b64c3ef99f66f2f3f579a7b10c59f107813a40bc6eb848356,KCQA,278,4,True
5,547,7,5,KCQA,"(7, 5, 2, 3)",226,4,45,ec8af865358ded8f061544eef26ada639caf3709e7f67106dc33b01ff3b84325,KCQA,226,4,True
5,548,7,5,KCQA,"(7, 5, 2, 4)",274,4,72,6d17b68f91badc619ed9a3f554f4b96a415126979053f1049023120750efa8a9,KCQA,274,4,True
5,549,7,5,KCQA,"(7, 5, 2, 5)",773,4,128,5b685405a82cdadc74d568a752cc4dba4040b477a23ca047e0b511e95f06feb1,KCQA,773,4,True
5,550,7,5,KCQ,"(7, 5, 3)",338,4,16,cb338b0065b27aff1223f62983968b452cf99d2dfb972345fc7dfebb0f234606,KCQ,338,4,True
5,551,7,5,KCQA,"(7, 5, 3, 5)",229,4,31,dc1901464f92e2bd38e1220bf39453a778cc29083accee3a3ee6e918c02fabb1,KCQA,229,4,True
5,552,7,5,KCA,"(7, 5, 2)",7807,4,1,0ec80189edc76c2b955a5dc01b9782d48e0444ea7a0b9bf0b818e33d248b942e,KCA,7807,4,True
5,553,7,5,KCA,"(7, 5, 5)",13181,4,4,0bc69a6a985015acac995594d46944a5f46bb0947b33d2399f09416b179263f2,KCA,13181,4,True
5,554,7,6,KCQA,"(7, 6, 0, 0)",3722,4,849,a4af888e45a658c6f1e5b73db994fffd1884fb378628515c29b3ac5dde00502d,KCQA,3722,4,True
5,555,7,6,KCQA,"(7, 6, 0, 1)",6388,4,1543,330622e095ce3eac79904b32c96f24b4cd4a68e7777ff8c32db689a057313039,KCQA,6388,4,True
5,556,7,6,KCQA,"(7, 6, 0, 2)",5369,4,1284,14eb87ead25407994a8b2cff7286eb07954cebee81273b0a958f2bff213b71dc,KCQA,5369,4,True
5,557,7,6,KCQA,"(7, 6, 0, 3)",4881,4,1243,5d9556cd4e0295028d986f7beca2a8dc75b3aaf1f44cb5bdf89be66a46410540,KCQA,4881,4,True
5,558,7,6,KCQA,"(7, 6, 0, 4)",4792,4,1265,a209a5d7dc37d04f9494d430b11955885ddfadf267101a53c0a8d966384fca9f,KCQA,4792,4,True
5,559,7,6,KCQA,"(7, 6, 0, 5)",4901,4,1362,d063be2fa42e79d50d682d5f883ba2bfb57c898d138fcc5ded588f0e7637e7ae,KCQA,4901,4,True
5,560,7,6,KCQA,"(7, 6, 0, 6)",5406,4,1460,831f879ae3ac4e8492f065b37ba32000165d619c45433cb6743f728f4e2260f9,KCQA,5406,4,True
5,561,7,6,KCQA,"(7, 6, 1, 0)",919,4,234,da0230e410e4e6d292e66e1a551c9d6ac674ecb104f4eaac7f18a361f9ab3879,KCQA,919,4,True
5,562,7,6,KCQA,"(7, 6, 1, 1)",1601,4,445,20cb0f9c9f7f82995ea342a66fe03e86f0f2e4d14c9b3a66795108c4e108f53e,KCQA,1601,4,True
5,563,7,6,KCQA,"(7, 6, 1, 2)",1717,4,419,97c18ef207b6a468875f9ffce4667a7c16aa271c9b30a6f4df4d07ad267d1a7e,KCQA,1717,4,True
5,564,7,6,KCQA,"(7, 6, 1, 3)",1645,4,371,4c66ad283b431a70d42aef63bddc1b4340f316ab13a4a8ce521a81422bd33108,KCQA,1645,4,True
5,565,7,6,KCQA,"(7, 6, 1, 4)",1483,4,300,9a92ab34c6dcf3b639b3fcd4b68b2a4bc35dd6a6f1c61b9e877bec993690039b,KCQA,1483,4,True
5,566,7,6,KCQA,"(7, 6, 1, 5)",1059,4,207,75feea53a1099f25530b1c57da4e9b79dce65255778cba9ce5c4ba77b8fa4ebe,KCQA,1059,4,True
5,567,7,6,KCQA,"(7, 6, 1, 6)",421,4,93,8eafa28a8e0a6a75057236997e54cabb980c0ead9b6ab3ee7af22f144759e6ec,KCQA,421,4,True
5,568,7,6,KCQ,"(7, 6, 2)",1154,4,71,c501d8a6af1a8cf4ecb7fce714bf32b90920189267e4907662902324058822e4,KCQ,1154,4,True
5,569,7,6,KCQA,"(7, 6, 2, 1)",263,4,80,f80ccb7f696bf023afe62dd96d018734500bc9f5e23d6a3b4163db8a774516a6,KCQA,263,4,True
5,570,7,6,KCQA,"(7, 6, 2, 2)",303,4,80,74d7015ace5270575c9862db513a4bc625f0ef77d82028b031963556d894af65,KCQA,303,4,True
5,571,7,6,KCQA,"(7, 6, 2, 3)",281,4,59,56c226fbbf3d77c67d623bab0596a1f0a92fdd4c25f4cf6c352c5f84b16121d1,KCQA,281,4,True
5,572,7,6,KCA,"(7, 6, 0)",4785,4,6,7c2bb3cab31614b49297bdf2e123482298bc41d5cdac26cc996a6076685e5ec0,KCA,4785,4,True
5,573,7,6,KCA,"(7, 6, 1)",8295,4,8,bf4cb85e7f55e827c26eb465369792bbce0ed0337e354b8b08ff7257a6826074,KCA,8295,4,True
5,574,7,6,KCA,"(7, 6, 2)",7422,4,7,0714b57c78c5e0d588d5e9923fb93fe7ae0cba24355b08d14b55da81a9ff8b88,KCA,7422,4,True
5,575,7,6,KCA,"(7, 6, 3)",6837,4,3,e88ce2346a7570bc69751102ed49d1567599346953d715156b62505986f07921,KCA,6837,4,True
5,576,7,6,KCA,"(7, 6, 6)",5834,4,2,786f4c254a7876a9e0b409d9e266909c291631a4b582265e9bae547af81d50c7,KCA,5834,4,True
5,577,7,7,KCQA,"(7, 7, 0, 0)",2329,4,569,f9212ffcac37f73ca55694ca213ee7b62944792475d4b79a10cac6966d4452a4,KCQA,2329,4,True
5,578,7,7,KCQA,"(7, 7, 0, 1)",3955,4,1002,347a2a03c4dc4f169d9c570ae6307b7a2c88bb04ed03f32846b3207134153209,KCQA,3955,4,True
5,579,7,7,KCQA,"(7, 7, 0, 2)",5115,4,1272,78a6967dfe8906b0402a67d16d84b7af9664042a549b73716d36015602c0f8f3,KCQA,5115,4,True
5,580,7,7,KCQA,"(7, 7, 0, 3)",5633,4,1399,f3337ad51349c8c66a79b3aaef96ea4a70267b859fad829dd7b0a96d6de92925,KCQA,5633,4,True
5,581,7,7,KCQA,"(7, 7, 0, 4)",5758,4,1470,f42231ec93f48d67e25a9b89ed21415312d3e8a4f8b734a3a75498a27a84c040,KCQA,5758,4,True
5,582,7,7,KCQA,"(7, 7, 0, 5)",5972,4,1525,928948496d04ab043dd66e9d814538c07a68a6a431a3a07f52d9f23ac0943b4f,KCQA,5972,4,True
5,583,7,7,KCQA,"(7, 7, 0, 6)",6228,4,1525,23f7e52a22357401f5ed80f16eed5e93802a955dce4f9aaae2f356fd2ee17eb9,KCQA,6228,4,True
5,584,7,7,KCQA,"(7, 7, 0, 7)",908,4,189,d3ef01d36e83b274f24da6affa1fbb77356ae00a41fa1f96b8c2cb333001373a,KCQA,908,4,True
5,585,7,7,KCQA,"(7, 7, 1, 0)",573,4,133,54129d332433de2316b55f96653842bfe1329fdadc3e081690e41a30098c7dc0,KCQA,573,4,True
5,586,7,7,KCQA,"(7, 7, 1, 1)",1106,4,284,3ccd4c8ecce194c459f761f7d8b67d574bab12d62847d146273bc8e028bae6e9,KCQA,1106,4,True
5,587,7,7,KCQA,"(7, 7, 1, 2)",1515,4,372,8371a2118431d7698478b7e36228d723855272837ae6d50bfcc7817216b41d2f,KCQA,1515,4,True
5,588,7,7,KCQA,"(7, 7, 1, 3)",1682,4,408,e946f48c2c3b62a7e1d0887a8298d95bfc62f1e26a5212bd7b5b4750139e0c2e,KCQA,1682,4,True
5,589,7,7,KCQA,"(7, 7, 1, 4)",1639,4,383,87192d1e98644e3e4878a7fb9f34d0b97ebbafe17a9813664ad6b85cc9436521,KCQA,1639,4,True
5,590,7,7,KCQA,"(7, 7, 1, 5)",1239,4,306,fa374e14d3e716ab216c231909f263c43c4bb032a1ae7d693618ee3149e7d82d,KCQA,1239,4,True
5,591,7,7,KCQ,"(7, 7, 1)",8257,4,31,c49e56a6d4abf9331b72bfaa6321a07381283472caf8a27777df82d48cc11d4d,KCQ,8257,4,True
5,592,7,7,KCQA,"(7, 7, 1, 7)",361,4,85,247d3fb591d7786ef6686f8a8373cd058725a8245ab49037d031aa775429a063,KCQA,361,4,True
5,593,7,7,KCQ,"(7, 7, 2)",1278,4,124,061e7da8261d90fa797e3a32dcce7a11b3e60423753ec150c3741dd184c9bee0,KCQ,1278,4,True
5,594,7,7,KCQA,"(7, 7, 2, 2)",286,4,66,7d1cb7b08b5022d08a4311d072cedf85135eb11a5b27a0ca9713a2c0bc161f26,KCQA,286,4,True
5,595,7,7,KCQA,"(7, 7, 2, 3)",316,4,81,1f2474b827506b26db811e2e5f410ad2eba961e443f084a07dc988e1160c9f55,KCQA,316,4,True
5,596,7,7,KCQA,"(7, 7, 2, 4)",214,4,61,c38370f934f0b61f30c8f6049ecf557e5fb0f6c4d6240aca306623a4ab4cbb8f,KCQA,214,4,True
5,597,7,7,KCA,"(7, 7, 0)",3002,4,2,2765c36524f0e1aaf91b8027545a0964a68af464afd347f099b73dfa3883e8f9,KCA,3002,4,True
5,598,7,7,KCA,"(7, 7, 1)",5283,4,9,2055c90bbac47e1ab0821b9cc9799c224337294634625aa183f5ca38890c1da5,KCA,5283,4,True
5,599,7,7,KCA,"(7, 7, 2)",6952,4,6,a8bafc42f751eb227c10aba002134510b74f80ab9bef002a250c34fcd574c485,KCA,6952,4,True
5,600,7,7,KCA,"(7, 7, 3)",7667,4,8,20275a3c060219b9afe3b3662125e573c3fa66791823a01e78fee4771596f567,KCA,7667,4,True
5,601,7,7,KCA,"(7, 7, 5)",7233,4,1,5944fb97a9ae80c96db4bef603039317dc473cf0937780b75c2eafdd82d7c70a,KCA,7233,4,True
5,602,7,7,KCA,"(7, 7, 6)",6387,4,1,361d87e32fb8876fa083e118e04a825365803ae4ea5ff5bffcc119e61b4ac481,KCA,6387,4,True
5,603,7,7,KCA,"(7, 7, 7)",1506,4,16,4bbd49d7bd297a3ff6aa0593ce523cae394583e34f9d8adec7f9632a7e810a00,KCA,1506,4,True
5,604,7,8,KCQA,"(7, 8, 0, 0)",2464,4,536,a36c678573aa74e28ea49221985a9f86880a0f5526facee9fbf0d1b4fa020962,KCQA,2464,4,True
5,605,7,8,KCQA,"(7, 8, 0, 1)",4265,4,1038,171283da2565e10623550d703b808254cbf24ccf30b1c6d87407516e430c3b44,KCQA,4265,4,True
5,606,7,8,KCQA,"(7, 8, 0, 2)",5281,4,1268,02ff82b58662a4f685a7aa2c1eff76ead226506510bc47ebc18a523839eb0a35,KCQA,5281,4,True
5,607,7,8,KCQA,"(7, 8, 0, 3)",5577,4,1393,4e9453d62c20abb5e17ba948fab683489e3f716ce189276b92e6c52aabc02cbd,KCQA,5577,4,True
5,608,7,8,KCQA,"(7, 8, 0, 4)",5646,4,1431,b50a777b6dccb4f342d6ffd3f2cc6628f88e4f22654e6ed818396ee9c59dfdfe,KCQA,5646,4,True
5,609,7,8,KCQA,"(7, 8, 0, 5)",5624,4,1459,965fb3d971f0dce9e26f28db89c3694ca9f6bb91ad8a092f95377e9fdc74665c,KCQA,5624,4,True
5,610,7,8,KCQA,"(7, 8, 0, 6)",5870,4,1587,7f1edd5ef32d997485fefc3abe4f9b31e1850d6324c315c02b36ec116085f847,KCQA,5870,4,True
5,611,7,8,KCQA,"(7, 8, 0, 7)",735,4,228,b8f5b5ee22125df203611706ea83e6a09d65cb85b4c0aec430589f61c1938c77,KCQA,735,4,True
5,612,7,8,KCQA,"(7, 8, 0, 8)",254,4,82,52516666d6dc07bf90c7dc176c27e96d0641a8c86fd0990964068bdd31c7a3da,KCQA,254,4,True
5,613,7,8,KCQA,"(7, 8, 1, 0)",474,4,134,8f3de690cb2ce729bf37f5b99a643651590ff1ae32912fa8d3579ad48b2263d4,KCQA,474,4,True
5,614,7,8,KCQA,"(7, 8, 1, 1)",1119,4,280,3155953a3e510d9d87945b281505d3a836b13ad4b627eeaff6a4380ce04e3647,KCQA,1119,4,True
5,615,7,8,KCQA,"(7, 8, 1, 2)",1532,4,393,d0566c724741f97682d282760620b35d16e510ef45f905e2d6d9c808a61f6906,KCQA,1532,4,True
5,616,7,8,KCQA,"(7, 8, 1, 3)",1701,4,442,887e04e8146d1a83fb442e44fb76d04fc8b58d1a30ed163f71a24b682a1c9830,KCQA,1701,4,True
5,617,7,8,KCQA,"(7, 8, 1, 4)",1728,4,440,4bb60f995a0705fb9b5d000a4919edee2cfa839409b203077ff7e0fa5752dc69,KCQA,1728,4,True
5,618,7,8,KCQA,"(7, 8, 1, 5)",1260,4,301,7316e5e82af9639d19bcb9ab116f99dc7b848451756fcee409a91390a8730d4c,KCQA,1260,4,True
5,619,7,8,KCQ,"(7, 8, 1)",8139,4,122,a8cb592742e0a984385d3b217e744b9b89039a3c0c0a3391093eb47ce8c47930,KCQ,8139,4,True
5,620,7,8,KCQ,"(7, 8, 2)",1247,4,93,39956dd1a41772bb573939127438c3f9f00461af68a5cf55ae16d8bcc551e660,KCQ,1247,4,True
5,621,7,8,KCQA,"(7, 8, 2, 2)",298,4,63,9f2f3fde0a5a38eb3bcf4509da846b53ff94cacdf6202ed85df2986042517c40,KCQA,298,4,True
5,622,7,8,KCQA,"(7, 8, 2, 3)",333,4,78,499c6118c24db8d30784d21015d85471f2616209321ac36cae65d6945c1e8c56,KCQA,333,4,True
5,623,7,8,KCQA,"(7, 8, 2, 4)",267,4,62,51cab386fb32294e55d55199c9fd71f5a8dd228f27271b8315a53c2edcc4db79,KCQA,267,4,True
5,624,7,8,KCA,"(7, 8, 0)",3018,4,2,b9c814a6530297ed781a5be374478b9486f6a0a6204e6be351ca586d8f86d69d,KCA,3018,4,True
5,625,7,8,KCA,"(7, 8, 1)",5617,4,6,7dde64555882d795d4c8554e41c57cee655897a9b6593cb25652270afd0b72e2,KCA,5617,4,True
5,626,7,8,KCA,"(7, 8, 2)",7164,4,9,8f3896f23e940c725079c9699756b48cf57c70cb84a96fc5bfdcd998d88c1a16,KCA,7164,4,True
5,627,7,8,KCA,"(7, 8, 3)",7648,4,8,e9682d26eae4d4a7d50a5bde27e70c75ce4c74ee3043755574f4aa431fd6db84,KCA,7648,4,True
5,628,7,8,KCA,"(7, 8, 8)",450,4,11,747b2710c5258202dde7df3972296f65d1e7b2ce761d0b49f474276917fbb338,KCA,450,4,True
