fold,transition_group_id,K,C,level,key,training_samples,training_runs,test_frames,service_mixture
1,0,1,1,KCQA,"(1, 1, 0, 0)",7187,4,1796,"[{""A_start"": 0, ""service_lookup_id"": 0, ""transition_samples"": 7187}]"
1,1,1,1,KCQ,"(1, 1, 0)",7193,4,1,"[{""A_start"": 0, ""service_lookup_id"": 0, ""transition_samples"": 7193}]"
1,2,1,1,KC,"(1, 1)",7195,4,1,"[{""A_start"": 0, ""service_lookup_id"": 0, ""transition_samples"": 7195}]"
1,3,1,2,KCQA,"(1, 2, 0, 0)",7186,4,1796,"[{""A_start"": 0, ""service_lookup_id"": 1, ""transition_samples"": 7186}]"
1,4,1,2,KCQ,"(1, 2, 0)",7192,4,1,"[{""A_start"": 0, ""service_lookup_id"": 1, ""transition_samples"": 7186}, {""A_start"": 1, ""service_lookup_id"": 2, ""transition_samples"": 6}]"
1,5,1,3,KCQA,"(1, 3, 0, 0)",7187,4,1796,"[{""A_start"": 0, ""service_lookup_id"": 3, ""transition_samples"": 7187}]"
1,6,1,3,KCQ,"(1, 3, 0)",7194,4,2,"[{""A_start"": 0, ""service_lookup_id"": 3, ""transition_samples"": 7187}, {""A_start"": 1, ""service_lookup_id"": 4, ""transition_samples"": 3}, {""A_start"": 2, ""service_lookup_id"": 5, ""transition_samples"": 4}]"
1,7,1,4,KCQA,"(1, 4, 0, 0)",7187,4,1797,"[{""A_start"": 0, ""service_lookup_id"": 6, ""transition_samples"": 7187}]"
1,8,1,4,KCQ,"(1, 4, 0)",7193,4,2,"[{""A_start"": 0, ""service_lookup_id"": 6, ""transition_samples"": 7187}, {""A_start"": 1, ""service_lookup_id"": 7, ""transition_samples"": 3}, {""A_start"": 2, ""service_lookup_id"": 8, ""transition_samples"": 3}]"
1,9,1,5,KCQA,"(1, 5, 0, 0)",7183,4,1796,"[{""A_start"": 0, ""service_lookup_id"": 10, ""transition_samples"": 7183}]"
1,10,1,5,KCQ,"(1, 5, 0)",7190,4,2,"[{""A_start"": 0, ""service_lookup_id"": 10, ""transition_samples"": 7183}, {""A_start"": 1, ""service_lookup_id"": 11, ""transition_samples"": 4}, {""A_start"": 2, ""service_lookup_id"": 12, ""transition_samples"": 3}]"
1,11,1,6,KCQA,"(1, 6, 0, 0)",7176,4,1794,"[{""A_start"": 0, ""service_lookup_id"": 15, ""transition_samples"": 7176}]"
1,12,1,6,KCQ,"(1, 6, 0)",7182,4,3,"[{""A_start"": 0, ""service_lookup_id"": 15, ""transition_samples"": 7176}, {""A_start"": 2, ""service_lookup_id"": 17, ""transition_samples"": 2}, {""A_start"": 3, ""service_lookup_id"": 18, ""transition_samples"": 4}]"
1,13,1,7,KCQA,"(1, 7, 0, 0)",7176,4,1794,"[{""A_start"": 0, ""service_lookup_id"": 21, ""transition_samples"": 7176}]"
1,14,1,7,KCQ,"(1, 7, 0)",7183,4,1,"[{""A_start"": 0, ""service_lookup_id"": 21, ""transition_samples"": 7176}, {""A_start"": 2, ""service_lookup_id"": 23, ""transition_samples"": 1}, {""A_start"": 3, ""service_lookup_id"": 24, ""transition_samples"": 2}, {""A_start"": 4, ""service_lookup_id"": 25, ""transition_samples"": 2}, {""A_start"": 5, ""service_lookup_id"": 26, ""transition_samples"": 2}]"
1,15,1,8,KCQA,"(1, 8, 0, 0)",7177,4,1794,"[{""A_start"": 0, ""service_lookup_id"": 28, ""transition_samples"": 7177}]"
1,16,1,8,KCQ,"(1, 8, 0)",7184,4,2,"[{""A_start"": 0, ""service_lookup_id"": 28, ""transition_samples"": 7177}, {""A_start"": 2, ""service_lookup_id"": 30, ""transition_samples"": 1}, {""A_start"": 3, ""service_lookup_id"": 31, ""transition_samples"": 6}]"
1,17,2,1,KCQA,"(2, 1, 0, 0)",7173,4,1795,"[{""A_start"": 0, ""service_lookup_id"": 36, ""transition_samples"": 7173}]"
1,18,2,1,KCQA,"(2, 1, 0, 1)",5456,4,1128,"[{""A_start"": 0, ""service_lookup_id"": 36, ""transition_samples"": 5456}]"
1,19,2,1,KCQA,"(2, 1, 1, 0)",1717,4,667,"[{""A_start"": 0, ""service_lookup_id"": 36, ""transition_samples"": 1717}]"
1,20,2,1,KCA,"(2, 1, 1)",5475,4,3,"[{""A_start"": 0, ""service_lookup_id"": 36, ""transition_samples"": 5475}]"
1,21,2,2,KCQA,"(2, 2, 0, 0)",7177,4,1794,"[{""A_start"": 0, ""service_lookup_id"": 37, ""transition_samples"": 7177}]"
1,22,2,2,KCQA,"(2, 2, 0, 1)",5525,4,1776,"[{""A_start"": 1, ""service_lookup_id"": 38, ""transition_samples"": 5525}]"
1,23,2,2,KCQ,"(2, 2, 0)",12704,4,1,"[{""A_start"": 0, ""service_lookup_id"": 37, ""transition_samples"": 7177}, {""A_start"": 1, ""service_lookup_id"": 38, ""transition_samples"": 5527}]"
1,24,2,2,KCQA,"(2, 2, 1, 0)",1652,4,19,"[{""A_start"": 1, ""service_lookup_id"": 38, ""transition_samples"": 1652}]"
1,25,2,2,KCQ,"(2, 2, 1)",1654,4,1,"[{""A_start"": 1, ""service_lookup_id"": 38, ""transition_samples"": 1654}]"
1,26,2,2,KC,"(2, 2)",14363,4,2,"[{""A_start"": 0, ""service_lookup_id"": 37, ""transition_samples"": 7177}, {""A_start"": 1, ""service_lookup_id"": 38, ""transition_samples"": 7186}]"
1,27,2,3,KCQA,"(2, 3, 0, 0)",7181,4,1793,"[{""A_start"": 0, ""service_lookup_id"": 39, ""transition_samples"": 7181}]"
1,28,2,3,KCQA,"(2, 3, 0, 1)",5262,4,1412,"[{""A_start"": 1, ""service_lookup_id"": 40, ""transition_samples"": 5262}]"
1,29,2,3,KCQA,"(2, 3, 1, 0)",1918,4,383,"[{""A_start"": 1, ""service_lookup_id"": 40, ""transition_samples"": 1918}]"
1,30,2,4,KCQA,"(2, 4, 0, 0)",7182,4,1795,"[{""A_start"": 0, ""service_lookup_id"": 42, ""transition_samples"": 7182}]"
1,31,2,4,KCQA,"(2, 4, 0, 1)",5412,4,1339,"[{""A_start"": 1, ""service_lookup_id"": 43, ""transition_samples"": 5412}]"
1,32,2,4,KCQA,"(2, 4, 1, 0)",1765,4,455,"[{""A_start"": 1, ""service_lookup_id"": 43, ""transition_samples"": 1765}]"
1,33,2,5,KCQA,"(2, 5, 0, 0)",7173,4,1793,"[{""A_start"": 0, ""service_lookup_id"": 46, ""transition_samples"": 7173}]"
1,34,2,5,KCQA,"(2, 5, 0, 1)",5452,4,1468,"[{""A_start"": 1, ""service_lookup_id"": 47, ""transition_samples"": 5452}]"
1,35,2,5,KCQA,"(2, 5, 1, 0)",1722,4,326,"[{""A_start"": 1, ""service_lookup_id"": 47, ""transition_samples"": 1722}]"
1,36,2,6,KCQA,"(2, 6, 0, 0)",7159,4,1789,"[{""A_start"": 0, ""service_lookup_id"": 51, ""transition_samples"": 7159}]"
1,37,2,6,KCQA,"(2, 6, 0, 1)",6141,4,1343,"[{""A_start"": 1, ""service_lookup_id"": 52, ""transition_samples"": 6141}]"
1,38,2,6,KCQA,"(2, 6, 1, 0)",1017,4,448,"[{""A_start"": 1, ""service_lookup_id"": 52, ""transition_samples"": 1017}]"
1,39,2,7,KCQA,"(2, 7, 0, 0)",7159,4,1788,"[{""A_start"": 0, ""service_lookup_id"": 57, ""transition_samples"": 7159}]"
1,40,2,7,KCQA,"(2, 7, 0, 1)",6142,4,1665,"[{""A_start"": 1, ""service_lookup_id"": 58, ""transition_samples"": 6142}]"
1,41,2,7,KCQA,"(2, 7, 1, 0)",1018,4,123,"[{""A_start"": 1, ""service_lookup_id"": 58, ""transition_samples"": 1018}]"
1,42,2,8,KCQA,"(2, 8, 0, 0)",7155,4,1791,"[{""A_start"": 0, ""service_lookup_id"": 64, ""transition_samples"": 7155}]"
1,43,2,8,KCQA,"(2, 8, 0, 1)",6018,4,1386,"[{""A_start"": 0, ""service_lookup_id"": 64, ""transition_samples"": 1}, {""A_start"": 1, ""service_lookup_id"": 65, ""transition_samples"": 6017}]"
1,44,2,8,KCQ,"(2, 8, 0)",13174,4,1,"[{""A_start"": 0, ""service_lookup_id"": 64, ""transition_samples"": 7156}, {""A_start"": 1, ""service_lookup_id"": 65, ""transition_samples"": 6018}]"
1,45,2,8,KCQA,"(2, 8, 1, 0)",1142,4,404,"[{""A_start"": 1, ""service_lookup_id"": 65, ""transition_samples"": 1142}]"
1,46,3,1,KCQA,"(3, 1, 0, 0)",7155,4,1787,"[{""A_start"": 0, ""service_lookup_id"": 72, ""transition_samples"": 7155}]"
1,47,3,1,KCQA,"(3, 1, 0, 1)",7512,4,1723,"[{""A_start"": 0, ""service_lookup_id"": 72, ""transition_samples"": 7512}]"
1,48,3,1,KCQA,"(3, 1, 1, 0)",201,4,65,"[{""A_start"": 0, ""service_lookup_id"": 72, ""transition_samples"": 201}]"
1,49,3,1,KCQA,"(3, 1, 1, 1)",6569,4,1780,"[{""A_start"": 0, ""service_lookup_id"": 72, ""transition_samples"": 6569}]"
1,50,3,1,KCA,"(3, 1, 0)",7382,4,6,"[{""A_start"": 0, ""service_lookup_id"": 72, ""transition_samples"": 7382}]"
1,51,3,1,KCA,"(3, 1, 1)",14139,4,18,"[{""A_start"": 0, ""service_lookup_id"": 72, ""transition_samples"": 14139}]"
1,52,3,2,KCQA,"(3, 2, 0, 0)",7167,4,1789,"[{""A_start"": 0, ""service_lookup_id"": 73, ""transition_samples"": 7167}]"
1,53,3,2,KCQA,"(3, 2, 0, 1)",6973,4,1717,"[{""A_start"": 1, ""service_lookup_id"": 74, ""transition_samples"": 6973}]"
1,54,3,2,KCQA,"(3, 2, 0, 2)",5511,4,1131,"[{""A_start"": 1, ""service_lookup_id"": 74, ""transition_samples"": 5511}]"
1,55,3,2,KCQ,"(3, 2, 1)",1848,4,72,"[{""A_start"": 1, ""service_lookup_id"": 74, ""transition_samples"": 1848}]"
1,56,3,2,KCQA,"(3, 2, 1, 1)",1653,4,651,"[{""A_start"": 1, ""service_lookup_id"": 74, ""transition_samples"": 1653}]"
1,57,3,2,KCA,"(3, 2, 0)",7365,4,7,"[{""A_start"": 0, ""service_lookup_id"": 73, ""transition_samples"": 7167}, {""A_start"": 1, ""service_lookup_id"": 74, ""transition_samples"": 198}]"
1,58,3,2,KCA,"(3, 2, 2)",5546,4,12,"[{""A_start"": 1, ""service_lookup_id"": 74, ""transition_samples"": 5546}]"
1,59,3,3,KCQA,"(3, 3, 0, 0)",7159,4,1791,"[{""A_start"": 0, ""service_lookup_id"": 75, ""transition_samples"": 7159}]"
1,60,3,3,KCQA,"(3, 3, 0, 1)",6954,4,1710,"[{""A_start"": 1, ""service_lookup_id"": 76, ""transition_samples"": 6954}]"
1,61,3,3,KCQA,"(3, 3, 0, 2)",5828,4,1543,"[{""A_start"": 2, ""service_lookup_id"": 77, ""transition_samples"": 5828}]"
1,62,3,3,KCQA,"(3, 3, 1, 0)",207,4,81,"[{""A_start"": 1, ""service_lookup_id"": 76, ""transition_samples"": 207}]"
1,63,3,3,KCQA,"(3, 3, 1, 1)",1328,4,248,"[{""A_start"": 2, ""service_lookup_id"": 77, ""transition_samples"": 1328}]"
1,64,3,3,KC,"(3, 3)",21513,4,7,"[{""A_start"": 0, ""service_lookup_id"": 75, ""transition_samples"": 7159}, {""A_start"": 1, ""service_lookup_id"": 76, ""transition_samples"": 7161}, {""A_start"": 2, ""service_lookup_id"": 77, ""transition_samples"": 7193}]"
1,65,3,4,KCQA,"(3, 4, 0, 0)",7162,4,1791,"[{""A_start"": 0, ""service_lookup_id"": 78, ""transition_samples"": 7162}]"
1,66,3,4,KCQA,"(3, 4, 0, 1)",6786,4,1631,"[{""A_start"": 0, ""service_lookup_id"": 78, ""transition_samples"": 1}, {""A_start"": 1, ""service_lookup_id"": 79, ""transition_samples"": 6785}]"
1,67,3,4,KCQA,"(3, 4, 0, 2)",5253,4,1157,"[{""A_start"": 2, ""service_lookup_id"": 80, ""transition_samples"": 5253}]"
1,68,3,4,KCQ,"(3, 4, 0)",19206,4,3,"[{""A_start"": 0, ""service_lookup_id"": 78, ""transition_samples"": 7163}, {""A_start"": 1, ""service_lookup_id"": 79, ""transition_samples"": 6785}, {""A_start"": 2, ""service_lookup_id"": 80, ""transition_samples"": 5253}, {""A_start"": 3, ""service_lookup_id"": 81, ""transition_samples"": 5}]"
1,69,3,4,KCQA,"(3, 4, 1, 0)",376,4,160,"[{""A_start"": 1, ""service_lookup_id"": 79, ""transition_samples"": 376}]"
1,70,3,4,KCQA,"(3, 4, 1, 1)",1899,4,625,"[{""A_start"": 2, ""service_lookup_id"": 80, ""transition_samples"": 1899}]"
1,71,3,4,KCA,"(3, 4, 0)",7546,4,9,"[{""A_start"": 0, ""service_lookup_id"": 78, ""transition_samples"": 7162}, {""A_start"": 1, ""service_lookup_id"": 79, ""transition_samples"": 376}, {""A_start"": 2, ""service_lookup_id"": 80, ""transition_samples"": 8}]"
1,72,3,4,KC,"(3, 4)",21506,4,4,"[{""A_start"": 0, ""service_lookup_id"": 78, ""transition_samples"": 7163}, {""A_start"": 1, ""service_lookup_id"": 79, ""transition_samples"": 7161}, {""A_start"": 2, ""service_lookup_id"": 80, ""transition_samples"": 7160}, {""A_start"": 3, ""service_lookup_id"": 81, ""transition_samples"": 22}]"
1,73,3,5,KCQA,"(3, 5, 0, 0)",7156,4,1793,"[{""A_start"": 0, ""service_lookup_id"": 82, ""transition_samples"": 7156}]"
1,74,3,5,KCQA,"(3, 5, 0, 1)",6763,4,1685,"[{""A_start"": 1, ""service_lookup_id"": 83, ""transition_samples"": 6763}]"
1,75,3,5,KCQA,"(3, 5, 0, 2)",5690,4,1306,"[{""A_start"": 2, ""service_lookup_id"": 84, ""transition_samples"": 5690}]"
1,76,3,5,KCQ,"(3, 5, 0)",19614,4,1,"[{""A_start"": 0, ""service_lookup_id"": 82, ""transition_samples"": 7156}, {""A_start"": 1, ""service_lookup_id"": 83, ""transition_samples"": 6763}, {""A_start"": 2, ""service_lookup_id"": 84, ""transition_samples"": 5690}, {""A_start"": 3, ""service_lookup_id"": 85, ""transition_samples"": 3}, {""A_start"": 4, ""service_lookup_id"": 86, ""transition_samples"": 2}]"
1,77,3,5,KCQA,"(3, 5, 1, 0)",394,4,107,"[{""A_start"": 1, ""service_lookup_id"": 83, ""transition_samples"": 394}]"
1,78,3,5,KCQA,"(3, 5, 1, 1)",1458,4,474,"[{""A_start"": 2, ""service_lookup_id"": 84, ""transition_samples"": 1458}]"
1,79,3,5,KCQ,"(3, 5, 1)",1852,4,1,"[{""A_start"": 1, ""service_lookup_id"": 83, ""transition_samples"": 394}, {""A_start"": 2, ""service_lookup_id"": 84, ""transition_samples"": 1458}]"
1,80,3,5,KCA,"(3, 5, 0)",7563,4,11,"[{""A_start"": 0, ""service_lookup_id"": 82, ""transition_samples"": 7156}, {""A_start"": 1, ""service_lookup_id"": 83, ""transition_samples"": 394}, {""A_start"": 2, ""service_lookup_id"": 84, ""transition_samples"": 13}]"
1,81,3,5,KC,"(3, 5)",21481,4,3,"[{""A_start"": 0, ""service_lookup_id"": 82, ""transition_samples"": 7156}, {""A_start"": 1, ""service_lookup_id"": 83, ""transition_samples"": 7157}, {""A_start"": 2, ""service_lookup_id"": 84, ""transition_samples"": 7161}, {""A_start"": 3, ""service_lookup_id"": 85, ""transition_samples"": 3}, {""A_start"": 4, ""service_lookup_id"": 86, ""transition_samples"": 4}]"
1,82,3,6,KCQA,"(3, 6, 0, 0)",7137,4,1785,"[{""A_start"": 0, ""service_lookup_id"": 87, ""transition_samples"": 7137}]"
1,83,3,6,KCQA,"(3, 6, 0, 1)",6800,4,1662,"[{""A_start"": 1, ""service_lookup_id"": 88, ""transition_samples"": 6800}]"
1,84,3,6,KCQA,"(3, 6, 0, 2)",5758,4,1399,"[{""A_start"": 1, ""service_lookup_id"": 88, ""transition_samples"": 1}, {""A_start"": 2, ""service_lookup_id"": 89, ""transition_samples"": 5757}]"
1,85,3,6,KCQA,"(3, 6, 1, 0)",337,4,123,"[{""A_start"": 1, ""service_lookup_id"": 88, ""transition_samples"": 337}]"
1,86,3,6,KCQA,"(3, 6, 1, 1)",1364,4,381,"[{""A_start"": 2, ""service_lookup_id"": 89, ""transition_samples"": 1364}]"
1,87,3,6,KCA,"(3, 6, 0)",7488,4,5,"[{""A_start"": 0, ""service_lookup_id"": 87, ""transition_samples"": 7137}, {""A_start"": 1, ""service_lookup_id"": 88, ""transition_samples"": 337}, {""A_start"": 2, ""service_lookup_id"": 89, ""transition_samples"": 14}]"
1,88,3,7,KCQA,"(3, 7, 0, 0)",7135,4,1782,"[{""A_start"": 0, ""service_lookup_id"": 93, ""transition_samples"": 7135}]"
1,89,3,7,KCQA,"(3, 7, 0, 1)",6437,4,1676,"[{""A_start"": 1, ""service_lookup_id"": 94, ""transition_samples"": 6437}]"
1,90,3,7,KCQA,"(3, 7, 0, 2)",5909,4,1506,"[{""A_start"": 2, ""service_lookup_id"": 95, ""transition_samples"": 5909}]"
1,91,3,7,KCQ,"(3, 7, 0)",19486,4,2,"[{""A_start"": 0, ""service_lookup_id"": 93, ""transition_samples"": 7135}, {""A_start"": 1, ""service_lookup_id"": 94, ""transition_samples"": 6437}, {""A_start"": 2, ""service_lookup_id"": 95, ""transition_samples"": 5909}, {""A_start"": 3, ""service_lookup_id"": 96, ""transition_samples"": 5}]"
1,92,3,7,KCQA,"(3, 7, 1, 0)",701,4,106,"[{""A_start"": 1, ""service_lookup_id"": 94, ""transition_samples"": 701}]"
1,93,3,7,KCQA,"(3, 7, 1, 1)",1201,4,272,"[{""A_start"": 2, ""service_lookup_id"": 95, ""transition_samples"": 1201}]"
1,94,3,7,KCA,"(3, 7, 0)",7859,4,5,"[{""A_start"": 0, ""service_lookup_id"": 93, ""transition_samples"": 7135}, {""A_start"": 1, ""service_lookup_id"": 94, ""transition_samples"": 701}, {""A_start"": 2, ""service_lookup_id"": 95, ""transition_samples"": 23}]"
1,95,3,8,KCQA,"(3, 8, 0, 0)",7132,4,1782,"[{""A_start"": 0, ""service_lookup_id"": 100, ""transition_samples"": 7132}]"
1,96,3,8,KCQA,"(3, 8, 0, 1)",6612,4,1634,"[{""A_start"": 1, ""service_lookup_id"": 101, ""transition_samples"": 6612}]"
1,97,3,8,KCQA,"(3, 8, 0, 2)",5913,4,1517,"[{""A_start"": 1, ""service_lookup_id"": 101, ""transition_samples"": 1}, {""A_start"": 2, ""service_lookup_id"": 102, ""transition_samples"": 5912}]"
1,98,3,8,KCQA,"(3, 8, 1, 0)",526,4,148,"[{""A_start"": 1, ""service_lookup_id"": 101, ""transition_samples"": 526}]"
1,99,3,8,KCQA,"(3, 8, 1, 1)",1211,4,263,"[{""A_start"": 2, ""service_lookup_id"": 102, ""transition_samples"": 1211}]"
1,100,3,8,KCQ,"(3, 8, 1)",1737,4,1,"[{""A_start"": 1, ""service_lookup_id"": 101, ""transition_samples"": 526}, {""A_start"": 2, ""service_lookup_id"": 102, ""transition_samples"": 1211}]"
1,101,3,8,KCA,"(3, 8, 0)",7668,4,4,"[{""A_start"": 0, ""service_lookup_id"": 100, ""transition_samples"": 7132}, {""A_start"": 1, ""service_lookup_id"": 101, ""transition_samples"": 526}, {""A_start"": 2, ""service_lookup_id"": 102, ""transition_samples"": 10}]"
1,102,4,1,KCQA,"(4, 1, 0, 0)",7139,4,1782,"[{""A_start"": 0, ""service_lookup_id"": 108, ""transition_samples"": 7139}]"
1,103,4,1,KCQA,"(4, 1, 0, 1)",6921,4,1709,"[{""A_start"": 0, ""service_lookup_id"": 108, ""transition_samples"": 6921}]"
1,104,4,1,KCQA,"(4, 1, 1, 0)",219,4,73,"[{""A_start"": 0, ""service_lookup_id"": 108, ""transition_samples"": 219}]"
1,105,4,1,KCQA,"(4, 1, 1, 1)",7150,4,1785,"[{""A_start"": 0, ""service_lookup_id"": 108, ""transition_samples"": 7150}]"
1,106,4,1,KCQ,"(4, 1, 2)",7126,4,1,"[{""A_start"": 0, ""service_lookup_id"": 108, ""transition_samples"": 7126}]"
1,107,4,1,KCQA,"(4, 1, 2, 1)",7115,4,1779,"[{""A_start"": 0, ""service_lookup_id"": 108, ""transition_samples"": 7115}]"
1,108,4,1,KCA,"(4, 1, 1)",21329,4,43,"[{""A_start"": 0, ""service_lookup_id"": 108, ""transition_samples"": 21329}]"
1,109,4,2,KCQA,"(4, 2, 0, 0)",7148,4,1789,"[{""A_start"": 0, ""service_lookup_id"": 109, ""transition_samples"": 7148}]"
1,110,4,2,KCQA,"(4, 2, 0, 1)",6875,4,1713,"[{""A_start"": 1, ""service_lookup_id"": 110, ""transition_samples"": 6875}]"
1,111,4,2,KCQA,"(4, 2, 0, 2)",6389,4,1772,"[{""A_start"": 1, ""service_lookup_id"": 110, ""transition_samples"": 6389}]"
1,112,4,2,KCQA,"(4, 2, 1, 0)",275,4,77,"[{""A_start"": 1, ""service_lookup_id"": 110, ""transition_samples"": 275}]"
1,113,4,2,KCQA,"(4, 2, 1, 1)",753,4,309,"[{""A_start"": 1, ""service_lookup_id"": 110, ""transition_samples"": 753}]"
1,114,4,2,KCQA,"(4, 2, 1, 2)",6870,4,1476,"[{""A_start"": 1, ""service_lookup_id"": 110, ""transition_samples"": 6870}]"
1,115,4,2,KCQ,"(4, 2, 2)",297,4,6,"[{""A_start"": 1, ""service_lookup_id"": 110, ""transition_samples"": 297}]"
1,116,4,2,KCQA,"(4, 2, 2, 1)",279,4,18,"[{""A_start"": 1, ""service_lookup_id"": 110, ""transition_samples"": 279}]"
1,117,4,2,KCA,"(4, 2, 2)",13357,4,17,"[{""A_start"": 1, ""service_lookup_id"": 110, ""transition_samples"": 13357}]"
1,118,4,3,KCQA,"(4, 3, 0, 0)",7148,4,1790,"[{""A_start"": 0, ""service_lookup_id"": 111, ""transition_samples"": 7148}]"
1,119,4,3,KCQA,"(4, 3, 0, 1)",6699,4,1665,"[{""A_start"": 1, ""service_lookup_id"": 112, ""transition_samples"": 6699}]"
1,120,4,3,KCQA,"(4, 3, 0, 2)",6481,4,1558,"[{""A_start"": 2, ""service_lookup_id"": 113, ""transition_samples"": 6481}]"
1,121,4,3,KCQA,"(4, 3, 0, 3)",5639,4,1365,"[{""A_start"": 2, ""service_lookup_id"": 113, ""transition_samples"": 5639}]"
1,122,4,3,KCQA,"(4, 3, 1, 0)",451,4,126,"[{""A_start"": 1, ""service_lookup_id"": 112, ""transition_samples"": 451}]"
1,123,4,3,KCQA,"(4, 3, 1, 1)",651,4,226,"[{""A_start"": 2, ""service_lookup_id"": 113, ""transition_samples"": 651}]"
1,124,4,3,KCQA,"(4, 3, 1, 2)",1399,4,403,"[{""A_start"": 2, ""service_lookup_id"": 113, ""transition_samples"": 1399}]"
1,125,4,3,KCA,"(4, 3, 0)",7617,4,8,"[{""A_start"": 0, ""service_lookup_id"": 111, ""transition_samples"": 7148}, {""A_start"": 1, ""service_lookup_id"": 112, ""transition_samples"": 451}, {""A_start"": 2, ""service_lookup_id"": 113, ""transition_samples"": 18}]"
1,126,4,3,KCA,"(4, 3, 1)",7463,4,23,"[{""A_start"": 1, ""service_lookup_id"": 112, ""transition_samples"": 6699}, {""A_start"": 2, ""service_lookup_id"": 113, ""transition_samples"": 764}]"
1,127,4,3,KCA,"(4, 3, 3)",5727,4,18,"[{""A_start"": 2, ""service_lookup_id"": 113, ""transition_samples"": 5727}]"
1,128,4,4,KCQA,"(4, 4, 0, 0)",7157,4,1791,"[{""A_start"": 0, ""service_lookup_id"": 114, ""transition_samples"": 7157}]"
1,129,4,4,KCQA,"(4, 4, 0, 1)",6733,4,1660,"[{""A_start"": 1, ""service_lookup_id"": 115, ""transition_samples"": 6733}]"
1,130,4,4,KCQA,"(4, 4, 0, 2)",6679,4,1659,"[{""A_start"": 2, ""service_lookup_id"": 116, ""transition_samples"": 6679}]"
1,131,4,4,KCQA,"(4, 4, 0, 3)",5783,4,1529,"[{""A_start"": 3, ""service_lookup_id"": 117, ""transition_samples"": 5783}]"
1,132,4,4,KCQA,"(4, 4, 1, 0)",424,4,133,"[{""A_start"": 1, ""service_lookup_id"": 115, ""transition_samples"": 424}]"
1,133,4,4,KCQA,"(4, 4, 1, 1)",468,4,126,"[{""A_start"": 2, ""service_lookup_id"": 116, ""transition_samples"": 468}]"
1,134,4,4,KCQA,"(4, 4, 1, 2)",1329,4,255,"[{""A_start"": 3, ""service_lookup_id"": 117, ""transition_samples"": 1329}]"
1,135,4,4,KCQ,"(4, 4, 1)",2227,4,2,"[{""A_start"": 1, ""service_lookup_id"": 115, ""transition_samples"": 424}, {""A_start"": 2, ""service_lookup_id"": 116, ""transition_samples"": 468}, {""A_start"": 3, ""service_lookup_id"": 117, ""transition_samples"": 1335}]"
1,136,4,4,KCA,"(4, 4, 0)",7593,4,6,"[{""A_start"": 0, ""service_lookup_id"": 114, ""transition_samples"": 7157}, {""A_start"": 1, ""service_lookup_id"": 115, ""transition_samples"": 424}, {""A_start"": 2, ""service_lookup_id"": 116, ""transition_samples"": 10}, {""A_start"": 3, ""service_lookup_id"": 117, ""transition_samples"": 2}]"
1,137,4,4,KCA,"(4, 4, 1)",7245,4,5,"[{""A_start"": 1, ""service_lookup_id"": 115, ""transition_samples"": 6733}, {""A_start"": 2, ""service_lookup_id"": 116, ""transition_samples"": 468}, {""A_start"": 3, ""service_lookup_id"": 117, ""transition_samples"": 44}]"
1,138,4,4,KC,"(4, 4)",28690,4,13,"[{""A_start"": 0, ""service_lookup_id"": 114, ""transition_samples"": 7157}, {""A_start"": 1, ""service_lookup_id"": 115, ""transition_samples"": 7157}, {""A_start"": 2, ""service_lookup_id"": 116, ""transition_samples"": 7157}, {""A_start"": 3, ""service_lookup_id"": 117, ""transition_samples"": 7219}]"
1,139,4,5,KCQA,"(4, 5, 0, 0)",7111,4,1781,"[{""A_start"": 0, ""service_lookup_id"": 118, ""transition_samples"": 7111}]"
1,140,4,5,KCQA,"(4, 5, 0, 1)",6328,4,1515,"[{""A_start"": 1, ""service_lookup_id"": 119, ""transition_samples"": 6328}]"
1,141,4,5,KCQA,"(4, 5, 0, 2)",6415,4,1594,"[{""A_start"": 2, ""service_lookup_id"": 120, ""transition_samples"": 6415}]"
1,142,4,5,KCQA,"(4, 5, 0, 3)",6054,4,1573,"[{""A_start"": 2, ""service_lookup_id"": 120, ""transition_samples"": 2}, {""A_start"": 3, ""service_lookup_id"": 121, ""transition_samples"": 6052}]"
1,143,4,5,KCQ,"(4, 5, 0)",25908,4,1,"[{""A_start"": 0, ""service_lookup_id"": 118, ""transition_samples"": 7111}, {""A_start"": 1, ""service_lookup_id"": 119, ""transition_samples"": 6328}, {""A_start"": 2, ""service_lookup_id"": 120, ""transition_samples"": 6417}, {""A_start"": 3, ""service_lookup_id"": 121, ""transition_samples"": 6052}]"
1,144,4,5,KCQA,"(4, 5, 1, 0)",790,4,265,"[{""A_start"": 1, ""service_lookup_id"": 119, ""transition_samples"": 790}]"
1,145,4,5,KCQA,"(4, 5, 1, 1)",684,4,198,"[{""A_start"": 2, ""service_lookup_id"": 120, ""transition_samples"": 684}]"
1,146,4,5,KCQA,"(4, 5, 1, 2)",1012,4,174,"[{""A_start"": 3, ""service_lookup_id"": 121, ""transition_samples"": 1012}]"
1,147,4,5,KCA,"(4, 5, 0)",7928,4,7,"[{""A_start"": 0, ""service_lookup_id"": 118, ""transition_samples"": 7111}, {""A_start"": 1, ""service_lookup_id"": 119, ""transition_samples"": 790}, {""A_start"": 2, ""service_lookup_id"": 120, ""transition_samples"": 26}, {""A_start"": 3, ""service_lookup_id"": 121, ""transition_samples"": 1}]"
1,148,4,5,KCA,"(4, 5, 1)",7053,4,11,"[{""A_start"": 1, ""service_lookup_id"": 119, ""transition_samples"": 6328}, {""A_start"": 2, ""service_lookup_id"": 120, ""transition_samples"": 685}, {""A_start"": 3, ""service_lookup_id"": 121, ""transition_samples"": 40}]"
1,149,4,6,KCQA,"(4, 6, 0, 0)",7103,4,1779,"[{""A_start"": 0, ""service_lookup_id"": 123, ""transition_samples"": 7103}]"
1,150,4,6,KCQA,"(4, 6, 0, 1)",6321,4,1561,"[{""A_start"": 1, ""service_lookup_id"": 124, ""transition_samples"": 6321}]"
1,151,4,6,KCQA,"(4, 6, 0, 2)",6232,4,1562,"[{""A_start"": 1, ""service_lookup_id"": 124, ""transition_samples"": 2}, {""A_start"": 2, ""service_lookup_id"": 125, ""transition_samples"": 6230}]"
1,152,4,6,KCQA,"(4, 6, 0, 3)",5852,4,1390,"[{""A_start"": 2, ""service_lookup_id"": 125, ""transition_samples"": 2}, {""A_start"": 3, ""service_lookup_id"": 126, ""transition_samples"": 5850}]"
1,153,4,6,KCQA,"(4, 6, 1, 0)",784,4,219,"[{""A_start"": 1, ""service_lookup_id"": 124, ""transition_samples"": 784}]"
1,154,4,6,KCQA,"(4, 6, 1, 1)",851,4,216,"[{""A_start"": 2, ""service_lookup_id"": 125, ""transition_samples"": 851}]"
1,155,4,6,KCQA,"(4, 6, 1, 2)",1167,4,363,"[{""A_start"": 2, ""service_lookup_id"": 125, ""transition_samples"": 1}, {""A_start"": 3, ""service_lookup_id"": 126, ""transition_samples"": 1166}]"
1,156,4,6,KCA,"(4, 6, 0)",7925,4,7,"[{""A_start"": 0, ""service_lookup_id"": 123, ""transition_samples"": 7103}, {""A_start"": 1, ""service_lookup_id"": 124, ""transition_samples"": 784}, {""A_start"": 2, ""service_lookup_id"": 125, ""transition_samples"": 38}]"
1,157,4,6,KCA,"(4, 6, 1)",7247,4,28,"[{""A_start"": 1, ""service_lookup_id"": 124, ""transition_samples"": 6321}, {""A_start"": 2, ""service_lookup_id"": 125, ""transition_samples"": 852}, {""A_start"": 3, ""service_lookup_id"": 126, ""transition_samples"": 74}]"
1,158,4,7,KCQA,"(4, 7, 0, 0)",7104,4,1775,"[{""A_start"": 0, ""service_lookup_id"": 129, ""transition_samples"": 7104}]"
1,159,4,7,KCQA,"(4, 7, 0, 1)",6432,4,1588,"[{""A_start"": 1, ""service_lookup_id"": 130, ""transition_samples"": 6432}]"
1,160,4,7,KCQA,"(4, 7, 0, 2)",6287,4,1566,"[{""A_start"": 1, ""service_lookup_id"": 130, ""transition_samples"": 1}, {""A_start"": 2, ""service_lookup_id"": 131, ""transition_samples"": 6286}]"
1,161,4,7,KCQA,"(4, 7, 0, 3)",5678,4,1427,"[{""A_start"": 2, ""service_lookup_id"": 131, ""transition_samples"": 2}, {""A_start"": 3, ""service_lookup_id"": 132, ""transition_samples"": 5676}]"
1,162,4,7,KCQA,"(4, 7, 1, 0)",676,4,191,"[{""A_start"": 1, ""service_lookup_id"": 130, ""transition_samples"": 676}]"
1,163,4,7,KCQA,"(4, 7, 1, 1)",810,4,205,"[{""A_start"": 1, ""service_lookup_id"": 130, ""transition_samples"": 1}, {""A_start"": 2, ""service_lookup_id"": 131, ""transition_samples"": 809}]"
1,164,4,7,KCQA,"(4, 7, 1, 2)",1347,4,326,"[{""A_start"": 3, ""service_lookup_id"": 132, ""transition_samples"": 1347}]"
1,165,4,7,KCA,"(4, 7, 0)",7808,4,8,"[{""A_start"": 0, ""service_lookup_id"": 129, ""transition_samples"": 7104}, {""A_start"": 1, ""service_lookup_id"": 130, ""transition_samples"": 676}, {""A_start"": 2, ""service_lookup_id"": 131, ""transition_samples"": 27}, {""A_start"": 3, ""service_lookup_id"": 132, ""transition_samples"": 1}]"
1,166,4,7,KCA,"(4, 7, 1)",7317,4,21,"[{""A_start"": 1, ""service_lookup_id"": 130, ""transition_samples"": 6433}, {""A_start"": 2, ""service_lookup_id"": 131, ""transition_samples"": 809}, {""A_start"": 3, ""service_lookup_id"": 132, ""transition_samples"": 75}]"
1,167,4,8,KCQA,"(4, 8, 0, 0)",7106,4,1774,"[{""A_start"": 0, ""service_lookup_id"": 136, ""transition_samples"": 7106}]"
1,168,4,8,KCQA,"(4, 8, 0, 1)",6498,4,1651,"[{""A_start"": 1, ""service_lookup_id"": 137, ""transition_samples"": 6498}]"
1,169,4,8,KCQA,"(4, 8, 0, 2)",6370,4,1604,"[{""A_start"": 1, ""service_lookup_id"": 137, ""transition_samples"": 1}, {""A_start"": 2, ""service_lookup_id"": 138, ""transition_samples"": 6369}]"
1,170,4,8,KCQA,"(4, 8, 0, 3)",5695,4,1497,"[{""A_start"": 2, ""service_lookup_id"": 138, ""transition_samples"": 1}, {""A_start"": 3, ""service_lookup_id"": 139, ""transition_samples"": 5694}]"
1,171,4,8,KCQA,"(4, 8, 1, 0)",611,4,124,"[{""A_start"": 1, ""service_lookup_id"": 137, ""transition_samples"": 611}]"
1,172,4,8,KCQA,"(4, 8, 1, 1)",722,4,165,"[{""A_start"": 2, ""service_lookup_id"": 138, ""transition_samples"": 722}]"
1,173,4,8,KCQA,"(4, 8, 1, 2)",1342,4,265,"[{""A_start"": 3, ""service_lookup_id"": 139, ""transition_samples"": 1342}]"
1,174,4,8,KCA,"(4, 8, 0)",7739,4,5,"[{""A_start"": 0, ""service_lookup_id"": 136, ""transition_samples"": 7106}, {""A_start"": 1, ""service_lookup_id"": 137, ""transition_samples"": 611}, {""A_start"": 2, ""service_lookup_id"": 138, ""transition_samples"": 21}, {""A_start"": 3, ""service_lookup_id"": 139, ""transition_samples"": 1}]"
1,175,4,8,KCA,"(4, 8, 1)",7287,4,12,"[{""A_start"": 1, ""service_lookup_id"": 137, ""transition_samples"": 6498}, {""A_start"": 2, ""service_lookup_id"": 138, ""transition_samples"": 722}, {""A_start"": 3, ""service_lookup_id"": 139, ""transition_samples"": 67}]"
1,176,5,1,KCQA,"(5, 1, 0, 0)",7057,4,1769,"[{""A_start"": 0, ""service_lookup_id"": 144, ""transition_samples"": 7057}]"
1,177,5,1,KCQA,"(5, 1, 0, 1)",6839,4,1702,"[{""A_start"": 0, ""service_lookup_id"": 144, ""transition_samples"": 6839}]"
1,178,5,1,KCQA,"(5, 1, 1, 0)",222,4,68,"[{""A_start"": 0, ""service_lookup_id"": 144, ""transition_samples"": 222}]"
1,179,5,1,KCQA,"(5, 1, 1, 1)",7052,4,1769,"[{""A_start"": 0, ""service_lookup_id"": 144, ""transition_samples"": 7052}]"
1,180,5,1,KCQ,"(5, 1, 2)",7112,4,3,"[{""A_start"": 0, ""service_lookup_id"": 144, ""transition_samples"": 7112}]"
1,181,5,1,KCQA,"(5, 1, 2, 1)",7097,4,1780,"[{""A_start"": 0, ""service_lookup_id"": 144, ""transition_samples"": 7097}]"
1,182,5,1,KCQA,"(5, 1, 3, 1)",7024,4,1761,"[{""A_start"": 0, ""service_lookup_id"": 144, ""transition_samples"": 7024}]"
1,183,5,1,KCA,"(5, 1, 1)",28540,4,118,"[{""A_start"": 0, ""service_lookup_id"": 144, ""transition_samples"": 28540}]"
1,184,5,2,KCQA,"(5, 2, 0, 0)",7116,4,1780,"[{""A_start"": 0, ""service_lookup_id"": 145, ""transition_samples"": 7116}]"
1,185,5,2,KCQA,"(5, 2, 0, 1)",6626,4,1638,"[{""A_start"": 1, ""service_lookup_id"": 146, ""transition_samples"": 6626}]"
1,186,5,2,KCQA,"(5, 2, 0, 2)",6537,4,1650,"[{""A_start"": 1, ""service_lookup_id"": 146, ""transition_samples"": 6537}]"
1,187,5,2,KCQA,"(5, 2, 1, 0)",490,4,143,"[{""A_start"": 1, ""service_lookup_id"": 146, ""transition_samples"": 490}]"
1,188,5,2,KCQA,"(5, 2, 1, 1)",562,4,129,"[{""A_start"": 1, ""service_lookup_id"": 146, ""transition_samples"": 562}]"
1,189,5,2,KCQA,"(5, 2, 1, 2)",7056,4,1759,"[{""A_start"": 1, ""service_lookup_id"": 146, ""transition_samples"": 7056}]"
1,190,5,2,KCQ,"(5, 2, 2)",7177,4,24,"[{""A_start"": 1, ""service_lookup_id"": 146, ""transition_samples"": 7177}]"
1,191,5,2,KCQA,"(5, 2, 2, 2)",7062,4,1778,"[{""A_start"": 1, ""service_lookup_id"": 146, ""transition_samples"": 7062}]"
1,192,5,2,KCA,"(5, 2, 1)",7306,4,4,"[{""A_start"": 1, ""service_lookup_id"": 146, ""transition_samples"": 7306}]"
1,193,5,2,KCA,"(5, 2, 2)",20909,4,56,"[{""A_start"": 1, ""service_lookup_id"": 146, ""transition_samples"": 20909}]"
1,194,5,3,KCQA,"(5, 3, 0, 0)",7132,4,1782,"[{""A_start"": 0, ""service_lookup_id"": 147, ""transition_samples"": 7132}]"
1,195,5,3,KCQA,"(5, 3, 0, 1)",6427,4,1588,"[{""A_start"": 1, ""service_lookup_id"": 148, ""transition_samples"": 6427}]"
1,196,5,3,KCQA,"(5, 3, 0, 2)",6406,4,1565,"[{""A_start"": 1, ""service_lookup_id"": 148, ""transition_samples"": 2}, {""A_start"": 2, ""service_lookup_id"": 149, ""transition_samples"": 6404}]"
1,197,5,3,KCQA,"(5, 3, 0, 3)",6099,4,1511,"[{""A_start"": 2, ""service_lookup_id"": 149, ""transition_samples"": 6099}]"
1,198,5,3,KCQA,"(5, 3, 1, 0)",706,4,194,"[{""A_start"": 1, ""service_lookup_id"": 148, ""transition_samples"": 706}]"
1,199,5,3,KCQA,"(5, 3, 1, 1)",716,4,207,"[{""A_start"": 1, ""service_lookup_id"": 148, ""transition_samples"": 1}, {""A_start"": 2, ""service_lookup_id"": 149, ""transition_samples"": 715}]"
1,200,5,3,KCQA,"(5, 3, 1, 2)",1047,4,253,"[{""A_start"": 2, ""service_lookup_id"": 149, ""transition_samples"": 1047}]"
1,201,5,3,KCQA,"(5, 3, 1, 3)",6866,4,1724,"[{""A_start"": 2, ""service_lookup_id"": 149, ""transition_samples"": 6866}]"
1,202,5,3,KCQ,"(5, 3, 2)",280,4,31,"[{""A_start"": 2, ""service_lookup_id"": 149, ""transition_samples"": 280}]"
1,203,5,3,KCQA,"(5, 3, 2, 2)",209,4,58,"[{""A_start"": 2, ""service_lookup_id"": 149, ""transition_samples"": 209}]"
1,204,5,3,KCA,"(5, 3, 0)",7859,4,1,"[{""A_start"": 0, ""service_lookup_id"": 147, ""transition_samples"": 7132}, {""A_start"": 1, ""service_lookup_id"": 148, ""transition_samples"": 706}, {""A_start"": 2, ""service_lookup_id"": 149, ""transition_samples"": 21}]"
1,205,5,3,KCA,"(5, 3, 3)",13142,4,46,"[{""A_start"": 2, ""service_lookup_id"": 149, ""transition_samples"": 13142}]"
1,206,5,4,KCQA,"(5, 4, 0, 0)",7131,4,1781,"[{""A_start"": 0, ""service_lookup_id"": 150, ""transition_samples"": 7131}]"
1,207,5,4,KCQA,"(5, 4, 0, 1)",6297,4,1443,"[{""A_start"": 0, ""service_lookup_id"": 150, ""transition_samples"": 1}, {""A_start"": 1, ""service_lookup_id"": 151, ""transition_samples"": 6296}]"
1,208,5,4,KCQA,"(5, 4, 0, 2)",6146,4,1468,"[{""A_start"": 1, ""service_lookup_id"": 151, ""transition_samples"": 3}, {""A_start"": 2, ""service_lookup_id"": 152, ""transition_samples"": 6143}]"
1,209,5,4,KCQA,"(5, 4, 0, 3)",5846,4,1526,"[{""A_start"": 2, ""service_lookup_id"": 152, ""transition_samples"": 1}, {""A_start"": 3, ""service_lookup_id"": 153, ""transition_samples"": 5845}]"
1,210,5,4,KCQA,"(5, 4, 0, 4)",5952,4,1536,"[{""A_start"": 3, ""service_lookup_id"": 153, ""transition_samples"": 5952}]"
1,211,5,4,KCQA,"(5, 4, 1, 0)",837,4,342,"[{""A_start"": 1, ""service_lookup_id"": 151, ""transition_samples"": 837}]"
1,212,5,4,KCQA,"(5, 4, 1, 1)",936,4,287,"[{""A_start"": 2, ""service_lookup_id"": 152, ""transition_samples"": 936}]"
1,213,5,4,KCQA,"(5, 4, 1, 2)",1212,4,255,"[{""A_start"": 2, ""service_lookup_id"": 152, ""transition_samples"": 6}, {""A_start"": 3, ""service_lookup_id"": 153, ""transition_samples"": 1206}]"
1,214,5,4,KCQA,"(5, 4, 1, 3)",1051,4,195,"[{""A_start"": 3, ""service_lookup_id"": 153, ""transition_samples"": 1051}]"
1,215,5,4,KCQ,"(5, 4, 1)",4043,4,1,"[{""A_start"": 1, ""service_lookup_id"": 151, ""transition_samples"": 837}, {""A_start"": 2, ""service_lookup_id"": 152, ""transition_samples"": 942}, {""A_start"": 3, ""service_lookup_id"": 153, ""transition_samples"": 2264}]"
1,216,5,4,KCQ,"(5, 4, 2)",263,4,79,"[{""A_start"": 2, ""service_lookup_id"": 152, ""transition_samples"": 55}, {""A_start"": 3, ""service_lookup_id"": 153, ""transition_samples"": 208}]"
1,217,5,4,KCA,"(5, 4, 0)",8023,4,1,"[{""A_start"": 0, ""service_lookup_id"": 150, ""transition_samples"": 7131}, {""A_start"": 1, ""service_lookup_id"": 151, ""transition_samples"": 837}, {""A_start"": 2, ""service_lookup_id"": 152, ""transition_samples"": 54}, {""A_start"": 3, ""service_lookup_id"": 153, ""transition_samples"": 1}]"
1,218,5,4,KCA,"(5, 4, 1)",7330,4,1,"[{""A_start"": 0, ""service_lookup_id"": 150, ""transition_samples"": 1}, {""A_start"": 1, ""service_lookup_id"": 151, ""transition_samples"": 6296}, {""A_start"": 2, ""service_lookup_id"": 152, ""transition_samples"": 936}, {""A_start"": 3, ""service_lookup_id"": 153, ""transition_samples"": 97}]"
1,219,5,4,KCA,"(5, 4, 4)",6107,4,40,"[{""A_start"": 3, ""service_lookup_id"": 153, ""transition_samples"": 6107}]"
1,220,5,5,KCQA,"(5, 5, 0, 0)",7070,4,1767,"[{""A_start"": 0, ""service_lookup_id"": 154, ""transition_samples"": 7070}]"
1,221,5,5,KCQA,"(5, 5, 0, 1)",6379,4,1573,"[{""A_start"": 1, ""service_lookup_id"": 155, ""transition_samples"": 6379}]"
1,222,5,5,KCQA,"(5, 5, 0, 2)",6034,4,1470,"[{""A_start"": 2, ""service_lookup_id"": 156, ""transition_samples"": 6034}]"
1,223,5,5,KCQA,"(5, 5, 0, 3)",5594,4,1409,"[{""A_start"": 3, ""service_lookup_id"": 157, ""transition_samples"": 5594}]"
1,224,5,5,KCQA,"(5, 5, 0, 4)",5640,4,1436,"[{""A_start"": 4, ""service_lookup_id"": 158, ""transition_samples"": 5640}]"
1,225,5,5,KCQA,"(5, 5, 1, 0)",694,4,195,"[{""A_start"": 1, ""service_lookup_id"": 155, ""transition_samples"": 694}]"
1,226,5,5,KCQA,"(5, 5, 1, 1)",997,4,291,"[{""A_start"": 1, ""service_lookup_id"": 155, ""transition_samples"": 1}, {""A_start"": 2, ""service_lookup_id"": 156, ""transition_samples"": 996}]"
1,227,5,5,KCQA,"(5, 5, 1, 2)",1396,4,339,"[{""A_start"": 2, ""service_lookup_id"": 156, ""transition_samples"": 2}, {""A_start"": 3, ""service_lookup_id"": 157, ""transition_samples"": 1394}]"
1,228,5,5,KCQA,"(5, 5, 1, 3)",1282,4,301,"[{""A_start"": 4, ""service_lookup_id"": 158, ""transition_samples"": 1282}]"
1,229,5,5,KCQ,"(5, 5, 2)",295,4,63,"[{""A_start"": 2, ""service_lookup_id"": 156, ""transition_samples"": 50}, {""A_start"": 3, ""service_lookup_id"": 157, ""transition_samples"": 98}, {""A_start"": 4, ""service_lookup_id"": 158, ""transition_samples"": 147}]"
1,230,5,5,KCA,"(5, 5, 1)",7478,4,3,"[{""A_start"": 1, ""service_lookup_id"": 155, ""transition_samples"": 6380}, {""A_start"": 2, ""service_lookup_id"": 156, ""transition_samples"": 996}, {""A_start"": 3, ""service_lookup_id"": 157, ""transition_samples"": 98}, {""A_start"": 4, ""service_lookup_id"": 158, ""transition_samples"": 4}]"
1,231,5,6,KCQA,"(5, 6, 0, 0)",7053,4,1761,"[{""A_start"": 0, ""service_lookup_id"": 159, ""transition_samples"": 7053}]"
1,232,5,6,KCQA,"(5, 6, 0, 1)",6199,4,1533,"[{""A_start"": 0, ""service_lookup_id"": 159, ""transition_samples"": 1}, {""A_start"": 1, ""service_lookup_id"": 160, ""transition_samples"": 6198}]"
1,233,5,6,KCQA,"(5, 6, 0, 2)",5862,4,1427,"[{""A_start"": 1, ""service_lookup_id"": 160, ""transition_samples"": 1}, {""A_start"": 2, ""service_lookup_id"": 161, ""transition_samples"": 5861}]"
1,234,5,6,KCQA,"(5, 6, 0, 3)",5413,4,1308,"[{""A_start"": 3, ""service_lookup_id"": 162, ""transition_samples"": 5413}]"
1,235,5,6,KCQA,"(5, 6, 0, 4)",5490,4,1385,"[{""A_start"": 4, ""service_lookup_id"": 163, ""transition_samples"": 5490}]"
1,236,5,6,KCQ,"(5, 6, 0)",30026,4,1,"[{""A_start"": 0, ""service_lookup_id"": 159, ""transition_samples"": 7054}, {""A_start"": 1, ""service_lookup_id"": 160, ""transition_samples"": 6199}, {""A_start"": 2, ""service_lookup_id"": 161, ""transition_samples"": 5861}, {""A_start"": 3, ""service_lookup_id"": 162, ""transition_samples"": 5413}, {""A_start"": 4, ""service_lookup_id"": 163, ""transition_samples"": 5490}, {""A_start"": 5, ""service_lookup_id"": 164, ""transition_samples"": 9}]"
1,237,5,6,KCQA,"(5, 6, 1, 0)",860,4,231,"[{""A_start"": 1, ""service_lookup_id"": 160, ""transition_samples"": 860}]"
1,238,5,6,KCQA,"(5, 6, 1, 1)",1151,4,319,"[{""A_start"": 2, ""service_lookup_id"": 161, ""transition_samples"": 1151}]"
1,239,5,6,KCQA,"(5, 6, 1, 2)",1517,4,403,"[{""A_start"": 3, ""service_lookup_id"": 162, ""transition_samples"": 1517}]"
1,240,5,6,KCQA,"(5, 6, 1, 3)",1358,4,321,"[{""A_start"": 3, ""service_lookup_id"": 162, ""transition_samples"": 1}, {""A_start"": 4, ""service_lookup_id"": 163, ""transition_samples"": 1357}]"
1,241,5,6,KCQ,"(5, 6, 2)",381,4,124,"[{""A_start"": 2, ""service_lookup_id"": 161, ""transition_samples"": 53}, {""A_start"": 3, ""service_lookup_id"": 162, ""transition_samples"": 133}, {""A_start"": 4, ""service_lookup_id"": 163, ""transition_samples"": 195}]"
1,242,5,6,KCA,"(5, 6, 0)",7969,4,1,"[{""A_start"": 0, ""service_lookup_id"": 159, ""transition_samples"": 7053}, {""A_start"": 1, ""service_lookup_id"": 160, ""transition_samples"": 860}, {""A_start"": 2, ""service_lookup_id"": 161, ""transition_samples"": 53}, {""A_start"": 3, ""service_lookup_id"": 162, ""transition_samples"": 3}]"
1,243,5,6,KCA,"(5, 6, 1)",7493,4,2,"[{""A_start"": 0, ""service_lookup_id"": 159, ""transition_samples"": 1}, {""A_start"": 1, ""service_lookup_id"": 160, ""transition_samples"": 6198}, {""A_start"": 2, ""service_lookup_id"": 161, ""transition_samples"": 1151}, {""A_start"": 3, ""service_lookup_id"": 162, ""transition_samples"": 133}, {""A_start"": 4, ""service_lookup_id"": 163, ""transition_samples"": 10}]"
1,244,5,7,KCQA,"(5, 7, 0, 0)",7054,4,1761,"[{""A_start"": 0, ""service_lookup_id"": 165, ""transition_samples"": 7054}]"
1,245,5,7,KCQA,"(5, 7, 0, 1)",6262,4,1553,"[{""A_start"": 1, ""service_lookup_id"": 166, ""transition_samples"": 6262}]"
1,246,5,7,KCQA,"(5, 7, 0, 2)",5808,4,1418,"[{""A_start"": 1, ""service_lookup_id"": 166, ""transition_samples"": 1}, {""A_start"": 2, ""service_lookup_id"": 167, ""transition_samples"": 5807}]"
1,247,5,7,KCQA,"(5, 7, 0, 3)",5318,4,1326,"[{""A_start"": 2, ""service_lookup_id"": 167, ""transition_samples"": 1}, {""A_start"": 3, ""service_lookup_id"": 168, ""transition_samples"": 5317}]"
1,248,5,7,KCQA,"(5, 7, 0, 4)",5343,4,1319,"[{""A_start"": 4, ""service_lookup_id"": 169, ""transition_samples"": 5343}]"
1,249,5,7,KCQ,"(5, 7, 0)",29792,4,2,"[{""A_start"": 0, ""service_lookup_id"": 165, ""transition_samples"": 7054}, {""A_start"": 1, ""service_lookup_id"": 166, ""transition_samples"": 6263}, {""A_start"": 2, ""service_lookup_id"": 167, ""transition_samples"": 5808}, {""A_start"": 3, ""service_lookup_id"": 168, ""transition_samples"": 5317}, {""A_start"": 4, ""service_lookup_id"": 169, ""transition_samples"": 5343}, {""A_start"": 5, ""service_lookup_id"": 170, ""transition_samples"": 4}, {""A_start"": 6, ""service_lookup_id"": 171, ""transition_samples"": 3}]"
1,250,5,7,KCQA,"(5, 7, 1, 0)",793,4,211,"[{""A_start"": 1, ""service_lookup_id"": 166, ""transition_samples"": 793}]"
1,251,5,7,KCQA,"(5, 7, 1, 1)",1198,4,338,"[{""A_start"": 2, ""service_lookup_id"": 167, ""transition_samples"": 1198}]"
1,252,5,7,KCQA,"(5, 7, 1, 2)",1597,4,402,"[{""A_start"": 3, ""service_lookup_id"": 168, ""transition_samples"": 1597}]"
1,253,5,7,KCQA,"(5, 7, 1, 3)",1473,4,393,"[{""A_start"": 3, ""service_lookup_id"": 168, ""transition_samples"": 1}, {""A_start"": 4, ""service_lookup_id"": 169, ""transition_samples"": 1472}]"
1,254,5,7,KCQ,"(5, 7, 2)",424,4,44,"[{""A_start"": 2, ""service_lookup_id"": 167, ""transition_samples"": 55}, {""A_start"": 3, ""service_lookup_id"": 168, ""transition_samples"": 146}, {""A_start"": 4, ""service_lookup_id"": 169, ""transition_samples"": 223}]"
1,255,5,7,KCQA,"(5, 7, 2, 2)",223,4,47,"[{""A_start"": 4, ""service_lookup_id"": 169, ""transition_samples"": 223}]"
1,256,5,7,KCA,"(5, 7, 1)",7625,4,5,"[{""A_start"": 1, ""service_lookup_id"": 166, ""transition_samples"": 6262}, {""A_start"": 2, ""service_lookup_id"": 167, ""transition_samples"": 1198}, {""A_start"": 3, ""service_lookup_id"": 168, ""transition_samples"": 146}, {""A_start"": 4, ""service_lookup_id"": 169, ""transition_samples"": 19}]"
1,257,5,8,KCQA,"(5, 8, 0, 0)",7047,4,1761,"[{""A_start"": 0, ""service_lookup_id"": 172, ""transition_samples"": 7047}]"
1,258,5,8,KCQA,"(5, 8, 0, 1)",6177,4,1489,"[{""A_start"": 1, ""service_lookup_id"": 173, ""transition_samples"": 6177}]"
1,259,5,8,KCQA,"(5, 8, 0, 2)",5733,4,1412,"[{""A_start"": 1, ""service_lookup_id"": 173, ""transition_samples"": 1}, {""A_start"": 2, ""service_lookup_id"": 174, ""transition_samples"": 5732}]"
1,260,5,8,KCQA,"(5, 8, 0, 3)",5261,4,1286,"[{""A_start"": 3, ""service_lookup_id"": 175, ""transition_samples"": 5261}]"
1,261,5,8,KCQA,"(5, 8, 0, 4)",5430,4,1318,"[{""A_start"": 3, ""service_lookup_id"": 175, ""transition_samples"": 5}, {""A_start"": 4, ""service_lookup_id"": 176, ""transition_samples"": 5425}]"
1,262,5,8,KCQA,"(5, 8, 1, 0)",872,4,274,"[{""A_start"": 1, ""service_lookup_id"": 173, ""transition_samples"": 872}]"
1,263,5,8,KCQA,"(5, 8, 1, 1)",1249,4,341,"[{""A_start"": 2, ""service_lookup_id"": 174, ""transition_samples"": 1249}]"
1,264,5,8,KCQA,"(5, 8, 1, 2)",1624,4,438,"[{""A_start"": 3, ""service_lookup_id"": 175, ""transition_samples"": 1624}]"
1,265,5,8,KCQA,"(5, 8, 1, 3)",1389,4,383,"[{""A_start"": 3, ""service_lookup_id"": 175, ""transition_samples"": 2}, {""A_start"": 4, ""service_lookup_id"": 176, ""transition_samples"": 1387}]"
1,266,5,8,KCQ,"(5, 8, 2)",455,4,54,"[{""A_start"": 2, ""service_lookup_id"": 174, ""transition_samples"": 69}, {""A_start"": 3, ""service_lookup_id"": 175, ""transition_samples"": 177}, {""A_start"": 4, ""service_lookup_id"": 176, ""transition_samples"": 209}]"
1,267,5,8,KCQA,"(5, 8, 2, 2)",209,4,60,"[{""A_start"": 4, ""service_lookup_id"": 176, ""transition_samples"": 209}]"
1,268,5,8,KCA,"(5, 8, 0)",7993,4,2,"[{""A_start"": 0, ""service_lookup_id"": 172, ""transition_samples"": 7047}, {""A_start"": 1, ""service_lookup_id"": 173, ""transition_samples"": 872}, {""A_start"": 2, ""service_lookup_id"": 174, ""transition_samples"": 69}, {""A_start"": 3, ""service_lookup_id"": 175, ""transition_samples"": 5}]"
1,269,5,8,KCA,"(5, 8, 1)",7617,4,1,"[{""A_start"": 1, ""service_lookup_id"": 173, ""transition_samples"": 6177}, {""A_start"": 2, ""service_lookup_id"": 174, ""transition_samples"": 1249}, {""A_start"": 3, ""service_lookup_id"": 175, ""transition_samples"": 177}, {""A_start"": 4, ""service_lookup_id"": 176, ""transition_samples"": 14}]"
1,270,6,1,KCQA,"(6, 1, 0, 0)",3759,3,906,"[{""A_start"": 0, ""service_lookup_id"": 180, ""transition_samples"": 3759}]"
1,271,6,1,KCQA,"(6, 1, 0, 1)",3790,3,921,"[{""A_start"": 0, ""service_lookup_id"": 180, ""transition_samples"": 3790}]"
1,272,6,1,KCQ,"(6, 1, 1)",4125,3,40,"[{""A_start"": 0, ""service_lookup_id"": 180, ""transition_samples"": 4125}]"
1,273,6,1,KCQA,"(6, 1, 1, 1)",3931,3,948,"[{""A_start"": 0, ""service_lookup_id"": 180, ""transition_samples"": 3931}]"
1,274,6,1,KCQ,"(6, 1, 2)",3941,3,5,"[{""A_start"": 0, ""service_lookup_id"": 180, ""transition_samples"": 3941}]"
1,275,6,1,KCQA,"(6, 1, 2, 1)",3928,3,955,"[{""A_start"": 0, ""service_lookup_id"": 180, ""transition_samples"": 3928}]"
1,276,6,1,KCQA,"(6, 1, 3, 1)",4071,3,984,"[{""A_start"": 0, ""service_lookup_id"": 180, ""transition_samples"": 4071}]"
1,277,6,1,KCQA,"(6, 1, 4, 1)",3795,3,915,"[{""A_start"": 0, ""service_lookup_id"": 180, ""transition_samples"": 3795}]"
1,278,6,1,KCA,"(6, 1, 1)",39022,4,690,"[{""A_start"": 0, ""service_lookup_id"": 180, ""transition_samples"": 39022}]"
1,279,6,1,KCQA,"(6, 1, 20, 1)",261,4,83,"[{""A_start"": 0, ""service_lookup_id"": 180, ""transition_samples"": 261}]"
1,280,6,1,KCQA,"(6, 1, 21, 1)",362,4,64,"[{""A_start"": 0, ""service_lookup_id"": 180, ""transition_samples"": 362}]"
1,281,6,1,KCQA,"(6, 1, 22, 1)",486,4,63,"[{""A_start"": 0, ""service_lookup_id"": 180, ""transition_samples"": 486}]"
1,282,6,1,KCQA,"(6, 1, 23, 1)",618,4,51,"[{""A_start"": 0, ""service_lookup_id"": 180, ""transition_samples"": 618}]"
1,283,6,1,KCQA,"(6, 1, 24, 1)",715,4,67,"[{""A_start"": 0, ""service_lookup_id"": 180, ""transition_samples"": 715}]"
1,284,6,1,KCQA,"(6, 1, 25, 1)",801,4,91,"[{""A_start"": 0, ""service_lookup_id"": 180, ""transition_samples"": 801}]"
1,285,6,1,KCQA,"(6, 1, 26, 1)",1003,4,149,"[{""A_start"": 0, ""service_lookup_id"": 180, ""transition_samples"": 1003}]"
1,286,6,1,KCQA,"(6, 1, 27, 1)",1196,4,232,"[{""A_start"": 0, ""service_lookup_id"": 180, ""transition_samples"": 1196}]"
1,287,6,1,KCQA,"(6, 1, 28, 1)",1369,4,303,"[{""A_start"": 0, ""service_lookup_id"": 180, ""transition_samples"": 1369}]"
1,288,6,1,KCQA,"(6, 1, 29, 1)",1465,4,330,"[{""A_start"": 0, ""service_lookup_id"": 180, ""transition_samples"": 1465}]"
1,289,6,1,KCQA,"(6, 1, 30, 1)",1549,4,360,"[{""A_start"": 0, ""service_lookup_id"": 180, ""transition_samples"": 1549}]"
1,290,6,1,KCQA,"(6, 1, 31, 1)",1481,4,367,"[{""A_start"": 0, ""service_lookup_id"": 180, ""transition_samples"": 1481}]"
1,291,6,1,KCQA,"(6, 1, 32, 1)",1313,4,395,"[{""A_start"": 0, ""service_lookup_id"": 180, ""transition_samples"": 1313}]"
1,292,6,1,KCQA,"(6, 1, 33, 1)",1160,4,384,"[{""A_start"": 0, ""service_lookup_id"": 180, ""transition_samples"": 1160}]"
1,293,6,1,KCQA,"(6, 1, 34, 1)",975,4,337,"[{""A_start"": 0, ""service_lookup_id"": 180, ""transition_samples"": 975}]"
1,294,6,1,KCQA,"(6, 1, 35, 1)",804,4,329,"[{""A_start"": 0, ""service_lookup_id"": 180, ""transition_samples"": 804}]"
1,295,6,1,KCQA,"(6, 1, 36, 1)",732,4,269,"[{""A_start"": 0, ""service_lookup_id"": 180, ""transition_samples"": 732}]"
1,296,6,1,KCQA,"(6, 1, 37, 1)",613,4,191,"[{""A_start"": 0, ""service_lookup_id"": 180, ""transition_samples"": 613}]"
1,297,6,1,KCQA,"(6, 1, 38, 1)",505,4,147,"[{""A_start"": 0, ""service_lookup_id"": 180, ""transition_samples"": 505}]"
1,298,6,1,KCQA,"(6, 1, 39, 1)",390,4,109,"[{""A_start"": 0, ""service_lookup_id"": 180, ""transition_samples"": 390}]"
1,299,6,1,KCQA,"(6, 1, 40, 1)",273,4,59,"[{""A_start"": 0, ""service_lookup_id"": 180, ""transition_samples"": 273}]"
1,300,6,2,KCQA,"(6, 2, 0, 0)",7030,4,1750,"[{""A_start"": 0, ""service_lookup_id"": 181, ""transition_samples"": 7030}]"
1,301,6,2,KCQA,"(6, 2, 0, 1)",6325,4,1580,"[{""A_start"": 1, ""service_lookup_id"": 182, ""transition_samples"": 6325}]"
1,302,6,2,KCQA,"(6, 2, 0, 2)",5878,4,1473,"[{""A_start"": 1, ""service_lookup_id"": 182, ""transition_samples"": 5878}]"
1,303,6,2,KCQA,"(6, 2, 1, 0)",707,4,172,"[{""A_start"": 1, ""service_lookup_id"": 182, ""transition_samples"": 707}]"
1,304,6,2,KCQA,"(6, 2, 1, 1)",1109,4,270,"[{""A_start"": 1, ""service_lookup_id"": 182, ""transition_samples"": 1109}]"
1,305,6,2,KCQA,"(6, 2, 1, 2)",6725,4,1683,"[{""A_start"": 1, ""service_lookup_id"": 182, ""transition_samples"": 6725}]"
1,306,6,2,KCQ,"(6, 2, 2)",7350,4,10,"[{""A_start"": 1, ""service_lookup_id"": 182, ""transition_samples"": 7350}]"
1,307,6,2,KCQA,"(6, 2, 2, 1)",313,4,72,"[{""A_start"": 1, ""service_lookup_id"": 182, ""transition_samples"": 313}]"
1,308,6,2,KCQA,"(6, 2, 2, 2)",6987,4,1737,"[{""A_start"": 1, ""service_lookup_id"": 182, ""transition_samples"": 6987}]"
1,309,6,2,KCQ,"(6, 2, 3)",7076,4,20,"[{""A_start"": 1, ""service_lookup_id"": 182, ""transition_samples"": 7076}]"
1,310,6,2,KCQA,"(6, 2, 3, 2)",7000,4,1741,"[{""A_start"": 1, ""service_lookup_id"": 182, ""transition_samples"": 7000}]"
1,311,6,2,KCA,"(6, 2, 1)",7842,4,7,"[{""A_start"": 1, ""service_lookup_id"": 182, ""transition_samples"": 7842}]"
1,312,6,2,KCA,"(6, 2, 2)",27357,4,225,"[{""A_start"": 1, ""service_lookup_id"": 182, ""transition_samples"": 27357}]"
1,313,6,3,KCQA,"(6, 3, 0, 0)",7067,4,1772,"[{""A_start"": 0, ""service_lookup_id"": 183, ""transition_samples"": 7067}]"
1,314,6,3,KCQA,"(6, 3, 0, 1)",6422,4,1582,"[{""A_start"": 0, ""service_lookup_id"": 183, ""transition_samples"": 1}, {""A_start"": 1, ""service_lookup_id"": 184, ""transition_samples"": 6421}]"
1,315,6,3,KCQA,"(6, 3, 0, 2)",5948,4,1428,"[{""A_start"": 1, ""service_lookup_id"": 184, ""transition_samples"": 1}, {""A_start"": 2, ""service_lookup_id"": 185, ""transition_samples"": 5947}]"
1,316,6,3,KCQA,"(6, 3, 0, 3)",5478,4,1318,"[{""A_start"": 2, ""service_lookup_id"": 185, ""transition_samples"": 5478}]"
1,317,6,3,KCQA,"(6, 3, 1, 0)",653,4,192,"[{""A_start"": 1, ""service_lookup_id"": 184, ""transition_samples"": 653}]"
1,318,6,3,KCQA,"(6, 3, 1, 1)",1081,4,323,"[{""A_start"": 2, ""service_lookup_id"": 185, ""transition_samples"": 1081}]"
1,319,6,3,KCQA,"(6, 3, 1, 2)",1471,4,406,"[{""A_start"": 2, ""service_lookup_id"": 185, ""transition_samples"": 1471}]"
1,320,6,3,KCQA,"(6, 3, 1, 3)",6630,4,1641,"[{""A_start"": 2, ""service_lookup_id"": 185, ""transition_samples"": 6630}]"
1,321,6,3,KCQ,"(6, 3, 2)",7557,4,70,"[{""A_start"": 2, ""service_lookup_id"": 185, ""transition_samples"": 7557}]"
1,322,6,3,KCQA,"(6, 3, 2, 2)",432,4,124,"[{""A_start"": 2, ""service_lookup_id"": 185, ""transition_samples"": 432}]"
1,323,6,3,KCQA,"(6, 3, 2, 3)",6955,4,1742,"[{""A_start"": 2, ""service_lookup_id"": 185, ""transition_samples"": 6955}]"
1,324,6,3,KCA,"(6, 3, 0)",7771,4,2,"[{""A_start"": 0, ""service_lookup_id"": 183, ""transition_samples"": 7067}, {""A_start"": 1, ""service_lookup_id"": 184, ""transition_samples"": 653}, {""A_start"": 2, ""service_lookup_id"": 185, ""transition_samples"": 51}]"
1,325,6,3,KCA,"(6, 3, 1)",7649,4,10,"[{""A_start"": 0, ""service_lookup_id"": 183, ""transition_samples"": 1}, {""A_start"": 1, ""service_lookup_id"": 184, ""transition_samples"": 6421}, {""A_start"": 2, ""service_lookup_id"": 185, ""transition_samples"": 1227}]"
1,326,6,3,KCA,"(6, 3, 2)",7974,4,33,"[{""A_start"": 1, ""service_lookup_id"": 184, ""transition_samples"": 1}, {""A_start"": 2, ""service_lookup_id"": 185, ""transition_samples"": 7973}]"
1,327,6,3,KCA,"(6, 3, 3)",19558,4,108,"[{""A_start"": 2, ""service_lookup_id"": 185, ""transition_samples"": 19558}]"
1,328,6,4,KCQA,"(6, 4, 0, 0)",7071,4,1770,"[{""A_start"": 0, ""service_lookup_id"": 186, ""transition_samples"": 7071}]"
1,329,6,4,KCQA,"(6, 4, 0, 1)",5895,4,1550,"[{""A_start"": 0, ""service_lookup_id"": 186, ""transition_samples"": 2}, {""A_start"": 1, ""service_lookup_id"": 187, ""transition_samples"": 5893}]"
1,330,6,4,KCQA,"(6, 4, 0, 2)",5545,4,1443,"[{""A_start"": 1, ""service_lookup_id"": 187, ""transition_samples"": 4}, {""A_start"": 2, ""service_lookup_id"": 188, ""transition_samples"": 5541}]"
1,331,6,4,KCQA,"(6, 4, 0, 3)",5486,4,1352,"[{""A_start"": 3, ""service_lookup_id"": 189, ""transition_samples"": 5486}]"
1,332,6,4,KCQA,"(6, 4, 0, 4)",5374,4,1318,"[{""A_start"": 3, ""service_lookup_id"": 189, ""transition_samples"": 5374}]"
1,333,6,4,KCQA,"(6, 4, 1, 0)",1187,4,226,"[{""A_start"": 1, ""service_lookup_id"": 187, ""transition_samples"": 1187}]"
1,334,6,4,KCQA,"(6, 4, 1, 1)",1433,4,316,"[{""A_start"": 1, ""service_lookup_id"": 187, ""transition_samples"": 2}, {""A_start"": 2, ""service_lookup_id"": 188, ""transition_samples"": 1431}]"
1,335,6,4,KCQA,"(6, 4, 1, 2)",1432,4,388,"[{""A_start"": 2, ""service_lookup_id"": 188, ""transition_samples"": 1}, {""A_start"": 3, ""service_lookup_id"": 189, ""transition_samples"": 1431}]"
1,336,6,4,KCQA,"(6, 4, 1, 3)",1500,4,403,"[{""A_start"": 3, ""service_lookup_id"": 189, ""transition_samples"": 1500}]"
1,337,6,4,KCQA,"(6, 4, 1, 4)",6747,4,1663,"[{""A_start"": 3, ""service_lookup_id"": 189, ""transition_samples"": 6747}]"
1,338,6,4,KCQ,"(6, 4, 2)",845,4,61,"[{""A_start"": 2, ""service_lookup_id"": 188, ""transition_samples"": 121}, {""A_start"": 3, ""service_lookup_id"": 189, ""transition_samples"": 724}]"
1,339,6,4,KCQA,"(6, 4, 2, 2)",216,4,49,"[{""A_start"": 3, ""service_lookup_id"": 189, ""transition_samples"": 216}]"
1,340,6,4,KCQA,"(6, 4, 2, 3)",317,4,107,"[{""A_start"": 3, ""service_lookup_id"": 189, ""transition_samples"": 317}]"
1,341,6,4,KCA,"(6, 4, 1)",7515,4,5,"[{""A_start"": 0, ""service_lookup_id"": 186, ""transition_samples"": 2}, {""A_start"": 1, ""service_lookup_id"": 187, ""transition_samples"": 5895}, {""A_start"": 2, ""service_lookup_id"": 188, ""transition_samples"": 1431}, {""A_start"": 3, ""service_lookup_id"": 189, ""transition_samples"": 187}]"
1,342,6,4,KCA,"(6, 4, 2)",7217,4,6,"[{""A_start"": 1, ""service_lookup_id"": 187, ""transition_samples"": 4}, {""A_start"": 2, ""service_lookup_id"": 188, ""transition_samples"": 5542}, {""A_start"": 3, ""service_lookup_id"": 189, ""transition_samples"": 1671}]"
1,343,6,5,KCQA,"(6, 5, 0, 0)",6917,4,1721,"[{""A_start"": 0, ""service_lookup_id"": 190, ""transition_samples"": 6917}]"
1,344,6,5,KCQA,"(6, 5, 0, 1)",5956,4,1478,"[{""A_start"": 0, ""service_lookup_id"": 190, ""transition_samples"": 8}, {""A_start"": 1, ""service_lookup_id"": 191, ""transition_samples"": 5948}]"
1,345,6,5,KCQA,"(6, 5, 0, 2)",5458,4,1390,"[{""A_start"": 1, ""service_lookup_id"": 191, ""transition_samples"": 5}, {""A_start"": 2, ""service_lookup_id"": 192, ""transition_samples"": 5453}]"
1,346,6,5,KCQA,"(6, 5, 0, 3)",5179,4,1292,"[{""A_start"": 2, ""service_lookup_id"": 192, ""transition_samples"": 3}, {""A_start"": 3, ""service_lookup_id"": 193, ""transition_samples"": 5176}]"
1,347,6,5,KCQA,"(6, 5, 0, 4)",5149,4,1277,"[{""A_start"": 3, ""service_lookup_id"": 193, ""transition_samples"": 3}, {""A_start"": 4, ""service_lookup_id"": 194, ""transition_samples"": 5146}]"
1,348,6,5,KCQA,"(6, 5, 0, 5)",5591,4,1381,"[{""A_start"": 4, ""service_lookup_id"": 194, ""transition_samples"": 5591}]"
1,349,6,5,KCQA,"(6, 5, 1, 0)",1023,4,265,"[{""A_start"": 1, ""service_lookup_id"": 191, ""transition_samples"": 1023}]"
1,350,6,5,KCQA,"(6, 5, 1, 1)",1435,4,332,"[{""A_start"": 2, ""service_lookup_id"": 192, ""transition_samples"": 1435}]"
1,351,6,5,KCQA,"(6, 5, 1, 2)",1613,4,397,"[{""A_start"": 2, ""service_lookup_id"": 192, ""transition_samples"": 1}, {""A_start"": 3, ""service_lookup_id"": 193, ""transition_samples"": 1612}]"
1,352,6,5,KCQA,"(6, 5, 1, 3)",1575,4,408,"[{""A_start"": 4, ""service_lookup_id"": 194, ""transition_samples"": 1575}]"
1,353,6,5,KCQA,"(6, 5, 1, 4)",1168,4,318,"[{""A_start"": 4, ""service_lookup_id"": 194, ""transition_samples"": 1168}]"
1,354,6,5,KCQ,"(6, 5, 1)",6824,4,4,"[{""A_start"": 1, ""service_lookup_id"": 191, ""transition_samples"": 1023}, {""A_start"": 2, ""service_lookup_id"": 192, ""transition_samples"": 1436}, {""A_start"": 3, ""service_lookup_id"": 193, ""transition_samples"": 1612}, {""A_start"": 4, ""service_lookup_id"": 194, ""transition_samples"": 2753}]"
1,355,6,5,KCQ,"(6, 5, 2)",720,4,109,"[{""A_start"": 2, ""service_lookup_id"": 192, ""transition_samples"": 92}, {""A_start"": 3, ""service_lookup_id"": 193, ""transition_samples"": 195}, {""A_start"": 4, ""service_lookup_id"": 194, ""transition_samples"": 433}]"
1,356,6,5,KCQA,"(6, 5, 2, 2)",245,4,58,"[{""A_start"": 4, ""service_lookup_id"": 194, ""transition_samples"": 245}]"
1,357,6,5,KCA,"(6, 5, 0)",8042,4,2,"[{""A_start"": 0, ""service_lookup_id"": 190, ""transition_samples"": 6917}, {""A_start"": 1, ""service_lookup_id"": 191, ""transition_samples"": 1023}, {""A_start"": 2, ""service_lookup_id"": 192, ""transition_samples"": 92}, {""A_start"": 3, ""service_lookup_id"": 193, ""transition_samples"": 8}, {""A_start"": 4, ""service_lookup_id"": 194, ""transition_samples"": 2}]"
1,358,6,5,KCA,"(6, 5, 1)",7608,4,6,"[{""A_start"": 0, ""service_lookup_id"": 190, ""transition_samples"": 8}, {""A_start"": 1, ""service_lookup_id"": 191, ""transition_samples"": 5948}, {""A_start"": 2, ""service_lookup_id"": 192, ""transition_samples"": 1435}, {""A_start"": 3, ""service_lookup_id"": 193, ""transition_samples"": 195}, {""A_start"": 4, ""service_lookup_id"": 194, ""transition_samples"": 22}]"
1,359,6,5,KCA,"(6, 5, 2)",7334,4,5,"[{""A_start"": 1, ""service_lookup_id"": 191, ""transition_samples"": 5}, {""A_start"": 2, ""service_lookup_id"": 192, ""transition_samples"": 5454}, {""A_start"": 3, ""service_lookup_id"": 193, ""transition_samples"": 1612}, {""A_start"": 4, ""service_lookup_id"": 194, ""transition_samples"": 263}]"
1,360,6,6,KCQA,"(6, 6, 0, 0)",6928,4,1726,"[{""A_start"": 0, ""service_lookup_id"": 195, ""transition_samples"": 6928}]"
1,361,6,6,KCQA,"(6, 6, 0, 1)",6281,4,1522,"[{""A_start"": 0, ""service_lookup_id"": 195, ""transition_samples"": 3}, {""A_start"": 1, ""service_lookup_id"": 196, ""transition_samples"": 6278}]"
1,362,6,6,KCQA,"(6, 6, 0, 2)",5886,4,1423,"[{""A_start"": 1, ""service_lookup_id"": 196, ""transition_samples"": 3}, {""A_start"": 2, ""service_lookup_id"": 197, ""transition_samples"": 5883}]"
1,363,6,6,KCQA,"(6, 6, 0, 3)",5577,4,1371,"[{""A_start"": 2, ""service_lookup_id"": 197, ""transition_samples"": 1}, {""A_start"": 3, ""service_lookup_id"": 198, ""transition_samples"": 5576}]"
1,364,6,6,KCQA,"(6, 6, 0, 4)",5475,4,1318,"[{""A_start"": 3, ""service_lookup_id"": 198, ""transition_samples"": 1}, {""A_start"": 4, ""service_lookup_id"": 199, ""transition_samples"": 5474}]"
1,365,6,6,KCQA,"(6, 6, 0, 5)",5437,4,1359,"[{""A_start"": 5, ""service_lookup_id"": 200, ""transition_samples"": 5437}]"
1,366,6,6,KCQ,"(6, 6, 0)",35590,4,4,"[{""A_start"": 0, ""service_lookup_id"": 195, ""transition_samples"": 6931}, {""A_start"": 1, ""service_lookup_id"": 196, ""transition_samples"": 6281}, {""A_start"": 2, ""service_lookup_id"": 197, ""transition_samples"": 5884}, {""A_start"": 3, ""service_lookup_id"": 198, ""transition_samples"": 5577}, {""A_start"": 4, ""service_lookup_id"": 199, ""transition_samples"": 5474}, {""A_start"": 5, ""service_lookup_id"": 200, ""transition_samples"": 5443}]"
1,367,6,6,KCQA,"(6, 6, 1, 0)",663,4,208,"[{""A_start"": 1, ""service_lookup_id"": 196, ""transition_samples"": 663}]"
1,368,6,6,KCQA,"(6, 6, 1, 1)",1031,4,292,"[{""A_start"": 2, ""service_lookup_id"": 197, ""transition_samples"": 1031}]"
1,369,6,6,KCQA,"(6, 6, 1, 2)",1272,4,316,"[{""A_start"": 2, ""service_lookup_id"": 197, ""transition_samples"": 1}, {""A_start"": 3, ""service_lookup_id"": 198, ""transition_samples"": 1271}]"
1,370,6,6,KCQA,"(6, 6, 1, 3)",1312,4,364,"[{""A_start"": 3, ""service_lookup_id"": 198, ""transition_samples"": 1}, {""A_start"": 4, ""service_lookup_id"": 199, ""transition_samples"": 1311}]"
1,371,6,6,KCQA,"(6, 6, 1, 4)",1336,4,326,"[{""A_start"": 5, ""service_lookup_id"": 200, ""transition_samples"": 1336}]"
1,372,6,6,KCQ,"(6, 6, 2)",485,4,152,"[{""A_start"": 2, ""service_lookup_id"": 197, ""transition_samples"": 37}, {""A_start"": 3, ""service_lookup_id"": 198, ""transition_samples"": 112}, {""A_start"": 4, ""service_lookup_id"": 199, ""transition_samples"": 169}, {""A_start"": 5, ""service_lookup_id"": 200, ""transition_samples"": 167}]"
1,373,6,6,KCA,"(6, 6, 0)",7631,4,1,"[{""A_start"": 0, ""service_lookup_id"": 195, ""transition_samples"": 6928}, {""A_start"": 1, ""service_lookup_id"": 196, ""transition_samples"": 663}, {""A_start"": 2, ""service_lookup_id"": 197, ""transition_samples"": 37}, {""A_start"": 3, ""service_lookup_id"": 198, ""transition_samples"": 3}]"
1,374,6,6,KCA,"(6, 6, 1)",7431,4,4,"[{""A_start"": 0, ""service_lookup_id"": 195, ""transition_samples"": 3}, {""A_start"": 1, ""service_lookup_id"": 196, ""transition_samples"": 6278}, {""A_start"": 2, ""service_lookup_id"": 197, ""transition_samples"": 1031}, {""A_start"": 3, ""service_lookup_id"": 198, ""transition_samples"": 112}, {""A_start"": 4, ""service_lookup_id"": 199, ""transition_samples"": 7}]"
1,375,6,6,KCA,"(6, 6, 2)",7339,4,3,"[{""A_start"": 1, ""service_lookup_id"": 196, ""transition_samples"": 3}, {""A_start"": 2, ""service_lookup_id"": 197, ""transition_samples"": 5884}, {""A_start"": 3, ""service_lookup_id"": 198, ""transition_samples"": 1271}, {""A_start"": 4, ""service_lookup_id"": 199, ""transition_samples"": 169}, {""A_start"": 5, ""service_lookup_id"": 200, ""transition_samples"": 12}]"
1,376,6,7,KCQA,"(6, 7, 0, 0)",6914,4,1731,"[{""A_start"": 0, ""service_lookup_id"": 201, ""transition_samples"": 6914}]"
1,377,6,7,KCQA,"(6, 7, 0, 1)",6222,4,1553,"[{""A_start"": 0, ""service_lookup_id"": 201, ""transition_samples"": 4}, {""A_start"": 1, ""service_lookup_id"": 202, ""transition_samples"": 6218}]"
1,378,6,7,KCQA,"(6, 7, 0, 2)",5725,4,1434,"[{""A_start"": 1, ""service_lookup_id"": 202, ""transition_samples"": 1}, {""A_start"": 2, ""service_lookup_id"": 203, ""transition_samples"": 5724}]"
1,379,6,7,KCQA,"(6, 7, 0, 3)",5356,4,1356,"[{""A_start"": 2, ""service_lookup_id"": 203, ""transition_samples"": 2}, {""A_start"": 3, ""service_lookup_id"": 204, ""transition_samples"": 5354}]"
1,380,6,7,KCQA,"(6, 7, 0, 4)",5185,4,1334,"[{""A_start"": 3, ""service_lookup_id"": 204, ""transition_samples"": 1}, {""A_start"": 4, ""service_lookup_id"": 205, ""transition_samples"": 5184}]"
1,381,6,7,KCQA,"(6, 7, 0, 5)",5397,4,1351,"[{""A_start"": 5, ""service_lookup_id"": 206, ""transition_samples"": 5397}]"
1,382,6,7,KCQ,"(6, 7, 0)",34813,4,7,"[{""A_start"": 0, ""service_lookup_id"": 201, ""transition_samples"": 6918}, {""A_start"": 1, ""service_lookup_id"": 202, ""transition_samples"": 6219}, {""A_start"": 2, ""service_lookup_id"": 203, ""transition_samples"": 5726}, {""A_start"": 3, ""service_lookup_id"": 204, ""transition_samples"": 5355}, {""A_start"": 4, ""service_lookup_id"": 205, ""transition_samples"": 5184}, {""A_start"": 5, ""service_lookup_id"": 206, ""transition_samples"": 5398}, {""A_start"": 6, ""service_lookup_id"": 207, ""transition_samples"": 13}]"
1,383,6,7,KCQA,"(6, 7, 1, 0)",710,4,186,"[{""A_start"": 1, ""service_lookup_id"": 202, ""transition_samples"": 710}]"
1,384,6,7,KCQA,"(6, 7, 1, 1)",1139,4,283,"[{""A_start"": 2, ""service_lookup_id"": 203, ""transition_samples"": 1139}]"
1,385,6,7,KCQA,"(6, 7, 1, 2)",1444,4,346,"[{""A_start"": 3, ""service_lookup_id"": 204, ""transition_samples"": 1444}]"
1,386,6,7,KCQA,"(6, 7, 1, 3)",1536,4,351,"[{""A_start"": 4, ""service_lookup_id"": 205, ""transition_samples"": 1536}]"
1,387,6,7,KCQA,"(6, 7, 1, 4)",1303,4,324,"[{""A_start"": 5, ""service_lookup_id"": 206, ""transition_samples"": 1303}]"
1,388,6,7,KCQ,"(6, 7, 2)",623,4,103,"[{""A_start"": 2, ""service_lookup_id"": 203, ""transition_samples"": 64}, {""A_start"": 3, ""service_lookup_id"": 204, ""transition_samples"": 136}, {""A_start"": 4, ""service_lookup_id"": 205, ""transition_samples"": 199}, {""A_start"": 5, ""service_lookup_id"": 206, ""transition_samples"": 224}]"
1,389,6,7,KCQA,"(6, 7, 2, 3)",224,4,51,"[{""A_start"": 5, ""service_lookup_id"": 206, ""transition_samples"": 224}]"
1,390,6,7,KCA,"(6, 7, 0)",7693,4,3,"[{""A_start"": 0, ""service_lookup_id"": 201, ""transition_samples"": 6914}, {""A_start"": 1, ""service_lookup_id"": 202, ""transition_samples"": 710}, {""A_start"": 2, ""service_lookup_id"": 203, ""transition_samples"": 64}, {""A_start"": 3, ""service_lookup_id"": 204, ""transition_samples"": 4}, {""A_start"": 4, ""service_lookup_id"": 205, ""transition_samples"": 1}]"
1,391,6,7,KCA,"(6, 7, 1)",7512,4,2,"[{""A_start"": 0, ""service_lookup_id"": 201, ""transition_samples"": 4}, {""A_start"": 1, ""service_lookup_id"": 202, ""transition_samples"": 6218}, {""A_start"": 2, ""service_lookup_id"": 203, ""transition_samples"": 1139}, {""A_start"": 3, ""service_lookup_id"": 204, ""transition_samples"": 136}, {""A_start"": 4, ""service_lookup_id"": 205, ""transition_samples"": 14}, {""A_start"": 5, ""service_lookup_id"": 206, ""transition_samples"": 1}]"
1,392,6,7,KCA,"(6, 7, 2)",7381,4,4,"[{""A_start"": 1, ""service_lookup_id"": 202, ""transition_samples"": 1}, {""A_start"": 2, ""service_lookup_id"": 203, ""transition_samples"": 5724}, {""A_start"": 3, ""service_lookup_id"": 204, ""transition_samples"": 1444}, {""A_start"": 4, ""service_lookup_id"": 205, ""transition_samples"": 199}, {""A_start"": 5, ""service_lookup_id"": 206, ""transition_samples"": 13}]"
1,393,6,8,KCQA,"(6, 8, 0, 0)",6915,4,1727,"[{""A_start"": 0, ""service_lookup_id"": 208, ""transition_samples"": 6915}]"
1,394,6,8,KCQA,"(6, 8, 0, 1)",6205,4,1533,"[{""A_start"": 0, ""service_lookup_id"": 208, ""transition_samples"": 3}, {""A_start"": 1, ""service_lookup_id"": 209, ""transition_samples"": 6202}]"
1,395,6,8,KCQA,"(6, 8, 0, 2)",5785,4,1438,"[{""A_start"": 1, ""service_lookup_id"": 209, ""transition_samples"": 2}, {""A_start"": 2, ""service_lookup_id"": 210, ""transition_samples"": 5783}]"
1,396,6,8,KCQA,"(6, 8, 0, 3)",5444,4,1342,"[{""A_start"": 2, ""service_lookup_id"": 210, ""transition_samples"": 2}, {""A_start"": 3, ""service_lookup_id"": 211, ""transition_samples"": 5442}]"
1,397,6,8,KCQA,"(6, 8, 0, 4)",5328,4,1316,"[{""A_start"": 4, ""service_lookup_id"": 212, ""transition_samples"": 5328}]"
1,398,6,8,KCQA,"(6, 8, 0, 5)",5442,4,1353,"[{""A_start"": 5, ""service_lookup_id"": 213, ""transition_samples"": 5442}]"
1,399,6,8,KCQ,"(6, 8, 0)",35127,4,4,"[{""A_start"": 0, ""service_lookup_id"": 208, ""transition_samples"": 6918}, {""A_start"": 1, ""service_lookup_id"": 209, ""transition_samples"": 6204}, {""A_start"": 2, ""service_lookup_id"": 210, ""transition_samples"": 5785}, {""A_start"": 3, ""service_lookup_id"": 211, ""transition_samples"": 5442}, {""A_start"": 4, ""service_lookup_id"": 212, ""transition_samples"": 5328}, {""A_start"": 5, ""service_lookup_id"": 213, ""transition_samples"": 5442}, {""A_start"": 6, ""service_lookup_id"": 214, ""transition_samples"": 6}, {""A_start"": 7, ""service_lookup_id"": 215, ""transition_samples"": 2}]"
1,400,6,8,KCQA,"(6, 8, 1, 0)",729,4,204,"[{""A_start"": 1, ""service_lookup_id"": 209, ""transition_samples"": 729}]"
1,401,6,8,KCQA,"(6, 8, 1, 1)",1099,4,278,"[{""A_start"": 1, ""service_lookup_id"": 209, ""transition_samples"": 1}, {""A_start"": 2, ""service_lookup_id"": 210, ""transition_samples"": 1098}]"
1,402,6,8,KCQA,"(6, 8, 1, 2)",1344,4,360,"[{""A_start"": 3, ""service_lookup_id"": 211, ""transition_samples"": 1344}]"
1,403,6,8,KCQA,"(6, 8, 1, 3)",1434,4,358,"[{""A_start"": 3, ""service_lookup_id"": 211, ""transition_samples"": 1}, {""A_start"": 4, ""service_lookup_id"": 212, ""transition_samples"": 1433}]"
1,404,6,8,KCQA,"(6, 8, 1, 4)",1301,4,337,"[{""A_start"": 5, ""service_lookup_id"": 213, ""transition_samples"": 1301}]"
1,405,6,8,KCQ,"(6, 8, 2)",550,4,160,"[{""A_start"": 2, ""service_lookup_id"": 210, ""transition_samples"": 57}, {""A_start"": 3, ""service_lookup_id"": 211, ""transition_samples"": 149}, {""A_start"": 4, ""service_lookup_id"": 212, ""transition_samples"": 171}, {""A_start"": 5, ""service_lookup_id"": 213, ""transition_samples"": 172}, {""A_start"": 7, ""service_lookup_id"": 215, ""transition_samples"": 1}]"
1,406,6,8,KCA,"(6, 8, 0)",7706,4,2,"[{""A_start"": 0, ""service_lookup_id"": 208, ""transition_samples"": 6915}, {""A_start"": 1, ""service_lookup_id"": 209, ""transition_samples"": 729}, {""A_start"": 2, ""service_lookup_id"": 210, ""transition_samples"": 57}, {""A_start"": 3, ""service_lookup_id"": 211, ""transition_samples"": 5}]"
1,407,6,8,KCA,"(6, 8, 2)",7313,4,4,"[{""A_start"": 1, ""service_lookup_id"": 209, ""transition_samples"": 2}, {""A_start"": 2, ""service_lookup_id"": 210, ""transition_samples"": 5783}, {""A_start"": 3, ""service_lookup_id"": 211, ""transition_samples"": 1344}, {""A_start"": 4, ""service_lookup_id"": 212, ""transition_samples"": 171}, {""A_start"": 5, ""service_lookup_id"": 213, ""transition_samples"": 13}]"
1,408,7,1,KCA,"(7, 1, 1)",50130,4,12527,"[{""A_start"": 0, ""service_lookup_id"": 216, ""transition_samples"": 50130}]"
1,409,7,2,KCQA,"(7, 2, 9, 2)",255,4,11,"[{""A_start"": 1, ""service_lookup_id"": 218, ""transition_samples"": 255}]"
1,410,7,2,KCQA,"(7, 2, 10, 2)",290,4,31,"[{""A_start"": 1, ""service_lookup_id"": 218, ""transition_samples"": 290}]"
1,411,7,2,KCQA,"(7, 2, 11, 2)",361,4,58,"[{""A_start"": 1, ""service_lookup_id"": 218, ""transition_samples"": 361}]"
1,412,7,2,KCQA,"(7, 2, 12, 2)",385,4,92,"[{""A_start"": 1, ""service_lookup_id"": 218, ""transition_samples"": 385}]"
1,413,7,2,KCQA,"(7, 2, 13, 2)",410,4,126,"[{""A_start"": 1, ""service_lookup_id"": 218, ""transition_samples"": 410}]"
1,414,7,2,KCQA,"(7, 2, 14, 2)",418,4,147,"[{""A_start"": 1, ""service_lookup_id"": 218, ""transition_samples"": 418}]"
1,415,7,2,KCQA,"(7, 2, 15, 2)",441,4,148,"[{""A_start"": 1, ""service_lookup_id"": 218, ""transition_samples"": 441}]"
1,416,7,2,KCQA,"(7, 2, 16, 2)",440,4,169,"[{""A_start"": 1, ""service_lookup_id"": 218, ""transition_samples"": 440}]"
1,417,7,2,KCQA,"(7, 2, 17, 2)",431,4,186,"[{""A_start"": 1, ""service_lookup_id"": 218, ""transition_samples"": 431}]"
1,418,7,2,KCQA,"(7, 2, 18, 2)",384,4,221,"[{""A_start"": 1, ""service_lookup_id"": 218, ""transition_samples"": 384}]"
1,419,7,2,KCQA,"(7, 2, 19, 2)",342,4,296,"[{""A_start"": 1, ""service_lookup_id"": 218, ""transition_samples"": 342}]"
1,420,7,2,KCQA,"(7, 2, 20, 2)",317,4,411,"[{""A_start"": 1, ""service_lookup_id"": 218, ""transition_samples"": 317}]"
1,421,7,2,KCQA,"(7, 2, 21, 2)",330,4,508,"[{""A_start"": 1, ""service_lookup_id"": 218, ""transition_samples"": 330}]"
1,422,7,2,KCQA,"(7, 2, 22, 2)",353,4,606,"[{""A_start"": 1, ""service_lookup_id"": 218, ""transition_samples"": 353}]"
1,423,7,2,KCQA,"(7, 2, 23, 2)",375,4,754,"[{""A_start"": 1, ""service_lookup_id"": 218, ""transition_samples"": 375}]"
1,424,7,2,KCQA,"(7, 2, 24, 2)",414,4,842,"[{""A_start"": 1, ""service_lookup_id"": 218, ""transition_samples"": 414}]"
1,425,7,2,KCQA,"(7, 2, 25, 2)",426,4,823,"[{""A_start"": 1, ""service_lookup_id"": 218, ""transition_samples"": 426}]"
1,426,7,2,KCQA,"(7, 2, 26, 2)",429,4,760,"[{""A_start"": 1, ""service_lookup_id"": 218, ""transition_samples"": 429}]"
1,427,7,2,KCQA,"(7, 2, 27, 2)",433,4,761,"[{""A_start"": 1, ""service_lookup_id"": 218, ""transition_samples"": 433}]"
1,428,7,2,KCQA,"(7, 2, 28, 2)",467,4,724,"[{""A_start"": 1, ""service_lookup_id"": 218, ""transition_samples"": 467}]"
1,429,7,2,KCQA,"(7, 2, 29, 2)",483,4,656,"[{""A_start"": 1, ""service_lookup_id"": 218, ""transition_samples"": 483}]"
1,430,7,2,KCQA,"(7, 2, 30, 2)",455,4,637,"[{""A_start"": 1, ""service_lookup_id"": 218, ""transition_samples"": 455}]"
1,431,7,2,KCQA,"(7, 2, 31, 2)",438,4,588,"[{""A_start"": 1, ""service_lookup_id"": 218, ""transition_samples"": 438}]"
1,432,7,2,KCQA,"(7, 2, 32, 2)",390,4,503,"[{""A_start"": 1, ""service_lookup_id"": 218, ""transition_samples"": 390}]"
1,433,7,2,KCQA,"(7, 2, 33, 2)",380,4,392,"[{""A_start"": 1, ""service_lookup_id"": 218, ""transition_samples"": 380}]"
1,434,7,2,KCQA,"(7, 2, 34, 2)",404,4,280,"[{""A_start"": 1, ""service_lookup_id"": 218, ""transition_samples"": 404}]"
1,435,7,2,KCQA,"(7, 2, 35, 2)",473,4,210,"[{""A_start"": 1, ""service_lookup_id"": 218, ""transition_samples"": 473}]"
1,436,7,2,KCQA,"(7, 2, 36, 2)",577,4,142,"[{""A_start"": 1, ""service_lookup_id"": 218, ""transition_samples"": 577}]"
1,437,7,2,KCQA,"(7, 2, 37, 2)",682,4,143,"[{""A_start"": 1, ""service_lookup_id"": 218, ""transition_samples"": 682}]"
1,438,7,2,KCQA,"(7, 2, 38, 2)",821,4,113,"[{""A_start"": 1, ""service_lookup_id"": 218, ""transition_samples"": 821}]"
1,439,7,2,KCQA,"(7, 2, 39, 2)",972,4,94,"[{""A_start"": 1, ""service_lookup_id"": 218, ""transition_samples"": 972}]"
1,440,7,2,KCQA,"(7, 2, 40, 2)",1195,4,72,"[{""A_start"": 1, ""service_lookup_id"": 218, ""transition_samples"": 1195}]"
1,441,7,2,KCQA,"(7, 2, 41, 2)",1393,4,79,"[{""A_start"": 1, ""service_lookup_id"": 218, ""transition_samples"": 1393}]"
1,442,7,2,KCQA,"(7, 2, 42, 2)",1565,4,72,"[{""A_start"": 1, ""service_lookup_id"": 218, ""transition_samples"": 1565}]"
1,443,7,2,KCQA,"(7, 2, 43, 2)",1768,4,73,"[{""A_start"": 1, ""service_lookup_id"": 218, ""transition_samples"": 1768}]"
1,444,7,2,KCQA,"(7, 2, 44, 2)",1844,4,66,"[{""A_start"": 1, ""service_lookup_id"": 218, ""transition_samples"": 1844}]"
1,445,7,2,KCQA,"(7, 2, 45, 2)",1815,4,85,"[{""A_start"": 1, ""service_lookup_id"": 218, ""transition_samples"": 1815}]"
1,446,7,2,KCQA,"(7, 2, 46, 2)",1694,4,66,"[{""A_start"": 1, ""service_lookup_id"": 218, ""transition_samples"": 1694}]"
1,447,7,2,KCQA,"(7, 2, 47, 2)",1472,4,62,"[{""A_start"": 1, ""service_lookup_id"": 218, ""transition_samples"": 1472}]"
1,448,7,2,KCQA,"(7, 2, 48, 2)",1232,4,55,"[{""A_start"": 1, ""service_lookup_id"": 218, ""transition_samples"": 1232}]"
1,449,7,2,KCQA,"(7, 2, 49, 2)",976,4,69,"[{""A_start"": 1, ""service_lookup_id"": 218, ""transition_samples"": 976}]"
1,450,7,2,KCQA,"(7, 2, 50, 2)",687,4,63,"[{""A_start"": 1, ""service_lookup_id"": 218, ""transition_samples"": 687}]"
1,451,7,2,KCQA,"(7, 2, 51, 2)",443,4,46,"[{""A_start"": 1, ""service_lookup_id"": 218, ""transition_samples"": 443}]"
1,452,7,2,KCQA,"(7, 2, 52, 2)",322,4,41,"[{""A_start"": 1, ""service_lookup_id"": 218, ""transition_samples"": 322}]"
1,453,7,2,KCQA,"(7, 2, 53, 2)",207,4,46,"[{""A_start"": 1, ""service_lookup_id"": 218, ""transition_samples"": 207}]"
1,454,7,2,KCA,"(7, 2, 2)",44547,4,193,"[{""A_start"": 1, ""service_lookup_id"": 218, ""transition_samples"": 44547}]"
1,455,7,3,KCQA,"(7, 3, 0, 0)",4380,4,1213,"[{""A_start"": 0, ""service_lookup_id"": 219, ""transition_samples"": 4380}]"
1,456,7,3,KCQA,"(7, 3, 0, 1)",5912,4,1376,"[{""A_start"": 0, ""service_lookup_id"": 219, ""transition_samples"": 229}, {""A_start"": 1, ""service_lookup_id"": 220, ""transition_samples"": 5683}]"
1,457,7,3,KCQA,"(7, 3, 0, 2)",4887,4,1161,"[{""A_start"": 1, ""service_lookup_id"": 220, ""transition_samples"": 114}, {""A_start"": 2, ""service_lookup_id"": 221, ""transition_samples"": 4773}]"
1,458,7,3,KCQA,"(7, 3, 0, 3)",4759,4,1096,"[{""A_start"": 2, ""service_lookup_id"": 221, ""transition_samples"": 4759}]"
1,459,7,3,KCQA,"(7, 3, 1, 0)",936,4,220,"[{""A_start"": 1, ""service_lookup_id"": 220, ""transition_samples"": 936}]"
1,460,7,3,KCQA,"(7, 3, 1, 1)",1591,4,326,"[{""A_start"": 1, ""service_lookup_id"": 220, ""transition_samples"": 135}, {""A_start"": 2, ""service_lookup_id"": 221, ""transition_samples"": 1456}]"
1,461,7,3,KCQA,"(7, 3, 1, 2)",1482,4,360,"[{""A_start"": 2, ""service_lookup_id"": 221, ""transition_samples"": 1482}]"
1,462,7,3,KCQA,"(7, 3, 1, 3)",5969,4,1368,"[{""A_start"": 2, ""service_lookup_id"": 221, ""transition_samples"": 5969}]"
1,463,7,3,KCQ,"(7, 3, 2)",7158,4,32,"[{""A_start"": 2, ""service_lookup_id"": 221, ""transition_samples"": 7158}]"
1,464,7,3,KCQA,"(7, 3, 2, 1)",244,4,43,"[{""A_start"": 2, ""service_lookup_id"": 221, ""transition_samples"": 244}]"
1,465,7,3,KCQA,"(7, 3, 2, 2)",446,4,124,"[{""A_start"": 2, ""service_lookup_id"": 221, ""transition_samples"": 446}]"
1,466,7,3,KCQA,"(7, 3, 2, 3)",6330,4,1458,"[{""A_start"": 2, ""service_lookup_id"": 221, ""transition_samples"": 6330}]"
1,467,7,3,KCQ,"(7, 3, 3)",6491,4,40,"[{""A_start"": 2, ""service_lookup_id"": 221, ""transition_samples"": 6491}]"
1,468,7,3,KCQA,"(7, 3, 3, 3)",6326,4,1485,"[{""A_start"": 2, ""service_lookup_id"": 221, ""transition_samples"": 6326}]"
1,469,7,3,KCQ,"(7, 3, 4)",218,4,53,"[{""A_start"": 2, ""service_lookup_id"": 221, ""transition_samples"": 218}]"
1,470,7,3,KCA,"(7, 3, 1)",7804,4,1,"[{""A_start"": 0, ""service_lookup_id"": 219, ""transition_samples"": 229}, {""A_start"": 1, ""service_lookup_id"": 220, ""transition_samples"": 5818}, {""A_start"": 2, ""service_lookup_id"": 221, ""transition_samples"": 1757}]"
1,471,7,3,KCA,"(7, 3, 3)",29909,4,1194,"[{""A_start"": 2, ""service_lookup_id"": 221, ""transition_samples"": 29909}]"
1,472,7,3,KCQA,"(7, 3, 17, 3)",223,4,111,"[{""A_start"": 2, ""service_lookup_id"": 221, ""transition_samples"": 223}]"
1,473,7,3,KCQA,"(7, 3, 18, 3)",278,4,101,"[{""A_start"": 2, ""service_lookup_id"": 221, ""transition_samples"": 278}]"
1,474,7,3,KCQA,"(7, 3, 19, 3)",324,4,86,"[{""A_start"": 2, ""service_lookup_id"": 221, ""transition_samples"": 324}]"
1,475,7,3,KCQA,"(7, 3, 20, 3)",349,4,83,"[{""A_start"": 2, ""service_lookup_id"": 221, ""transition_samples"": 349}]"
1,476,7,3,KCQA,"(7, 3, 21, 3)",367,4,74,"[{""A_start"": 2, ""service_lookup_id"": 221, ""transition_samples"": 367}]"
1,477,7,3,KCQA,"(7, 3, 22, 3)",351,4,69,"[{""A_start"": 2, ""service_lookup_id"": 221, ""transition_samples"": 351}]"
1,478,7,3,KCQA,"(7, 3, 23, 3)",306,4,56,"[{""A_start"": 2, ""service_lookup_id"": 221, ""transition_samples"": 306}]"
1,479,7,3,KCQA,"(7, 3, 24, 3)",278,4,51,"[{""A_start"": 2, ""service_lookup_id"": 221, ""transition_samples"": 278}]"
1,480,7,3,KCQA,"(7, 3, 25, 3)",251,4,56,"[{""A_start"": 2, ""service_lookup_id"": 221, ""transition_samples"": 251}]"
1,481,7,3,KCQA,"(7, 3, 26, 3)",245,4,58,"[{""A_start"": 2, ""service_lookup_id"": 221, ""transition_samples"": 245}]"
1,482,7,3,KCQA,"(7, 3, 27, 3)",254,4,56,"[{""A_start"": 2, ""service_lookup_id"": 221, ""transition_samples"": 254}]"
1,483,7,3,KCQA,"(7, 3, 28, 3)",266,4,52,"[{""A_start"": 2, ""service_lookup_id"": 221, ""transition_samples"": 266}]"
1,484,7,3,KCQA,"(7, 3, 29, 3)",262,4,52,"[{""A_start"": 2, ""service_lookup_id"": 221, ""transition_samples"": 262}]"
1,485,7,3,KCQA,"(7, 3, 30, 3)",240,4,42,"[{""A_start"": 2, ""service_lookup_id"": 221, ""transition_samples"": 240}]"
1,486,7,3,KCQA,"(7, 3, 31, 3)",213,4,42,"[{""A_start"": 2, ""service_lookup_id"": 221, ""transition_samples"": 213}]"
1,487,7,4,KCQA,"(7, 4, 0, 0)",5586,4,1339,"[{""A_start"": 0, ""service_lookup_id"": 222, ""transition_samples"": 5586}]"
1,488,7,4,KCQA,"(7, 4, 0, 1)",5356,4,1301,"[{""A_start"": 0, ""service_lookup_id"": 222, ""transition_samples"": 127}, {""A_start"": 1, ""service_lookup_id"": 223, ""transition_samples"": 5229}]"
1,489,7,4,KCQA,"(7, 4, 0, 2)",5373,4,1353,"[{""A_start"": 1, ""service_lookup_id"": 223, ""transition_samples"": 156}, {""A_start"": 2, ""service_lookup_id"": 224, ""transition_samples"": 5217}]"
1,490,7,4,KCQA,"(7, 4, 0, 3)",5694,4,1442,"[{""A_start"": 2, ""service_lookup_id"": 224, ""transition_samples"": 185}, {""A_start"": 3, ""service_lookup_id"": 225, ""transition_samples"": 5509}]"
1,491,7,4,KCQA,"(7, 4, 0, 4)",5446,4,1337,"[{""A_start"": 3, ""service_lookup_id"": 225, ""transition_samples"": 5446}]"
1,492,7,4,KCQA,"(7, 4, 1, 0)",1096,4,280,"[{""A_start"": 1, ""service_lookup_id"": 223, ""transition_samples"": 1096}]"
1,493,7,4,KCQA,"(7, 4, 1, 1)",1455,4,336,"[{""A_start"": 1, ""service_lookup_id"": 223, ""transition_samples"": 37}, {""A_start"": 2, ""service_lookup_id"": 224, ""transition_samples"": 1418}]"
1,494,7,4,KCQA,"(7, 4, 1, 2)",1505,4,390,"[{""A_start"": 1, ""service_lookup_id"": 223, ""transition_samples"": 3}, {""A_start"": 2, ""service_lookup_id"": 224, ""transition_samples"": 37}, {""A_start"": 3, ""service_lookup_id"": 225, ""transition_samples"": 1465}]"
1,495,7,4,KCQA,"(7, 4, 1, 3)",1531,4,408,"[{""A_start"": 2, ""service_lookup_id"": 224, ""transition_samples"": 16}, {""A_start"": 3, ""service_lookup_id"": 225, ""transition_samples"": 1515}]"
1,496,7,4,KCQA,"(7, 4, 1, 4)",6637,4,1658,"[{""A_start"": 3, ""service_lookup_id"": 225, ""transition_samples"": 6637}]"
1,497,7,4,KCQ,"(7, 4, 2)",7900,4,37,"[{""A_start"": 2, ""service_lookup_id"": 224, ""transition_samples"": 137}, {""A_start"": 3, ""service_lookup_id"": 225, ""transition_samples"": 7763}]"
1,498,7,4,KCQA,"(7, 4, 2, 1)",224,4,63,"[{""A_start"": 2, ""service_lookup_id"": 224, ""transition_samples"": 4}, {""A_start"": 3, ""service_lookup_id"": 225, ""transition_samples"": 220}]"
1,499,7,4,KCQA,"(7, 4, 2, 2)",229,4,63,"[{""A_start"": 3, ""service_lookup_id"": 225, ""transition_samples"": 229}]"
1,500,7,4,KCQA,"(7, 4, 2, 3)",445,4,111,"[{""A_start"": 2, ""service_lookup_id"": 224, ""transition_samples"": 2}, {""A_start"": 3, ""service_lookup_id"": 225, ""transition_samples"": 443}]"
1,501,7,4,KCQA,"(7, 4, 2, 4)",6871,4,1707,"[{""A_start"": 3, ""service_lookup_id"": 225, ""transition_samples"": 6871}]"
1,502,7,4,KCQ,"(7, 4, 3)",329,4,73,"[{""A_start"": 3, ""service_lookup_id"": 225, ""transition_samples"": 329}]"
1,503,7,4,KCA,"(7, 4, 4)",20776,4,563,"[{""A_start"": 3, ""service_lookup_id"": 225, ""transition_samples"": 20776}]"
1,504,7,5,KCQA,"(7, 5, 0, 0)",4405,4,1035,"[{""A_start"": 0, ""service_lookup_id"": 226, ""transition_samples"": 4405}]"
1,505,7,5,KCQA,"(7, 5, 0, 1)",5063,4,1239,"[{""A_start"": 0, ""service_lookup_id"": 226, ""transition_samples"": 190}, {""A_start"": 1, ""service_lookup_id"": 227, ""transition_samples"": 4873}]"
1,506,7,5,KCQA,"(7, 5, 0, 2)",5628,4,1407,"[{""A_start"": 1, ""service_lookup_id"": 227, ""transition_samples"": 231}, {""A_start"": 2, ""service_lookup_id"": 228, ""transition_samples"": 5397}]"
1,507,7,5,KCQA,"(7, 5, 0, 3)",5010,4,1265,"[{""A_start"": 2, ""service_lookup_id"": 228, ""transition_samples"": 116}, {""A_start"": 3, ""service_lookup_id"": 229, ""transition_samples"": 4894}]"
1,508,7,5,KCQA,"(7, 5, 0, 4)",5166,4,1319,"[{""A_start"": 3, ""service_lookup_id"": 229, ""transition_samples"": 74}, {""A_start"": 4, ""service_lookup_id"": 230, ""transition_samples"": 5092}]"
1,509,7,5,KCQA,"(7, 5, 0, 5)",5458,4,1371,"[{""A_start"": 4, ""service_lookup_id"": 230, ""transition_samples"": 5458}]"
1,510,7,5,KCQA,"(7, 5, 1, 0)",1013,4,265,"[{""A_start"": 1, ""service_lookup_id"": 227, ""transition_samples"": 1013}]"
1,511,7,5,KCQA,"(7, 5, 1, 1)",1421,4,380,"[{""A_start"": 1, ""service_lookup_id"": 227, ""transition_samples"": 68}, {""A_start"": 2, ""service_lookup_id"": 228, ""transition_samples"": 1353}]"
1,512,7,5,KCQA,"(7, 5, 1, 2)",1840,4,442,"[{""A_start"": 1, ""service_lookup_id"": 227, ""transition_samples"": 2}, {""A_start"": 2, ""service_lookup_id"": 228, ""transition_samples"": 107}, {""A_start"": 3, ""service_lookup_id"": 229, ""transition_samples"": 1731}]"
1,513,7,5,KCQA,"(7, 5, 1, 3)",1604,4,396,"[{""A_start"": 2, ""service_lookup_id"": 228, ""transition_samples"": 4}, {""A_start"": 3, ""service_lookup_id"": 229, ""transition_samples"": 80}, {""A_start"": 4, ""service_lookup_id"": 230, ""transition_samples"": 1520}]"
1,514,7,5,KCQA,"(7, 5, 1, 4)",1323,4,330,"[{""A_start"": 3, ""service_lookup_id"": 229, ""transition_samples"": 2}, {""A_start"": 4, ""service_lookup_id"": 230, ""transition_samples"": 1321}]"
1,515,7,5,KCQA,"(7, 5, 1, 5)",6695,4,1663,"[{""A_start"": 4, ""service_lookup_id"": 230, ""transition_samples"": 6695}]"
1,516,7,5,KCQ,"(7, 5, 2)",1859,4,36,"[{""A_start"": 2, ""service_lookup_id"": 228, ""transition_samples"": 174}, {""A_start"": 3, ""service_lookup_id"": 229, ""transition_samples"": 251}, {""A_start"": 4, ""service_lookup_id"": 230, ""transition_samples"": 1434}]"
1,517,7,5,KCQA,"(7, 5, 2, 1)",251,4,66,"[{""A_start"": 2, ""service_lookup_id"": 228, ""transition_samples"": 18}, {""A_start"": 3, ""service_lookup_id"": 229, ""transition_samples"": 233}]"
1,518,7,5,KCQA,"(7, 5, 2, 2)",265,4,62,"[{""A_start"": 3, ""service_lookup_id"": 229, ""transition_samples"": 18}, {""A_start"": 4, ""service_lookup_id"": 230, ""transition_samples"": 247}]"
1,519,7,5,KCQA,"(7, 5, 2, 3)",217,4,54,"[{""A_start"": 4, ""service_lookup_id"": 230, ""transition_samples"": 217}]"
1,520,7,5,KCQA,"(7, 5, 2, 4)",276,4,70,"[{""A_start"": 4, ""service_lookup_id"": 230, ""transition_samples"": 276}]"
1,521,7,5,KCQA,"(7, 5, 2, 5)",694,4,207,"[{""A_start"": 4, ""service_lookup_id"": 230, ""transition_samples"": 694}]"
1,522,7,5,KCQ,"(7, 5, 3)",307,4,19,"[{""A_start"": 3, ""service_lookup_id"": 229, ""transition_samples"": 17}, {""A_start"": 4, ""service_lookup_id"": 230, ""transition_samples"": 290}]"
1,523,7,5,KCQA,"(7, 5, 3, 5)",201,4,59,"[{""A_start"": 4, ""service_lookup_id"": 230, ""transition_samples"": 201}]"
1,524,7,5,KCA,"(7, 5, 1)",6759,4,1,"[{""A_start"": 0, ""service_lookup_id"": 226, ""transition_samples"": 190}, {""A_start"": 1, ""service_lookup_id"": 227, ""transition_samples"": 4941}, {""A_start"": 2, ""service_lookup_id"": 228, ""transition_samples"": 1371}, {""A_start"": 3, ""service_lookup_id"": 229, ""transition_samples"": 234}, {""A_start"": 4, ""service_lookup_id"": 230, ""transition_samples"": 23}]"
1,525,7,5,KCA,"(7, 5, 2)",7766,4,1,"[{""A_start"": 1, ""service_lookup_id"": 227, ""transition_samples"": 233}, {""A_start"": 2, ""service_lookup_id"": 228, ""transition_samples"": 5504}, {""A_start"": 3, ""service_lookup_id"": 229, ""transition_samples"": 1749}, {""A_start"": 4, ""service_lookup_id"": 230, ""transition_samples"": 280}]"
1,526,7,5,KCA,"(7, 5, 5)",13058,4,1,"[{""A_start"": 4, ""service_lookup_id"": 230, ""transition_samples"": 13058}]"
1,527,7,6,KCQA,"(7, 6, 0, 0)",3693,4,878,"[{""A_start"": 0, ""service_lookup_id"": 231, ""transition_samples"": 3693}]"
1,528,7,6,KCQA,"(7, 6, 0, 1)",6349,4,1582,"[{""A_start"": 0, ""service_lookup_id"": 231, ""transition_samples"": 271}, {""A_start"": 1, ""service_lookup_id"": 232, ""transition_samples"": 6078}]"
1,529,7,6,KCQA,"(7, 6, 0, 2)",5308,4,1345,"[{""A_start"": 1, ""service_lookup_id"": 232, ""transition_samples"": 189}, {""A_start"": 2, ""service_lookup_id"": 233, ""transition_samples"": 5119}]"
1,530,7,6,KCQA,"(7, 6, 0, 3)",4915,4,1209,"[{""A_start"": 2, ""service_lookup_id"": 233, ""transition_samples"": 88}, {""A_start"": 3, ""service_lookup_id"": 234, ""transition_samples"": 4827}]"
1,531,7,6,KCQA,"(7, 6, 0, 4)",4892,4,1165,"[{""A_start"": 3, ""service_lookup_id"": 234, ""transition_samples"": 60}, {""A_start"": 4, ""service_lookup_id"": 235, ""transition_samples"": 4832}]"
1,532,7,6,KCQA,"(7, 6, 0, 5)",5053,4,1210,"[{""A_start"": 4, ""service_lookup_id"": 235, ""transition_samples"": 48}, {""A_start"": 5, ""service_lookup_id"": 236, ""transition_samples"": 5005}]"
1,533,7,6,KCQA,"(7, 6, 0, 6)",5507,4,1359,"[{""A_start"": 5, ""service_lookup_id"": 236, ""transition_samples"": 5507}]"
1,534,7,6,KCQA,"(7, 6, 1, 0)",912,4,241,"[{""A_start"": 1, ""service_lookup_id"": 232, ""transition_samples"": 912}]"
1,535,7,6,KCQA,"(7, 6, 1, 1)",1631,4,415,"[{""A_start"": 1, ""service_lookup_id"": 232, ""transition_samples"": 110}, {""A_start"": 2, ""service_lookup_id"": 233, ""transition_samples"": 1521}]"
1,536,7,6,KCQA,"(7, 6, 1, 2)",1681,4,455,"[{""A_start"": 2, ""service_lookup_id"": 233, ""transition_samples"": 96}, {""A_start"": 3, ""service_lookup_id"": 234, ""transition_samples"": 1585}]"
1,537,7,6,KCQA,"(7, 6, 1, 3)",1553,4,463,"[{""A_start"": 3, ""service_lookup_id"": 234, ""transition_samples"": 49}, {""A_start"": 4, ""service_lookup_id"": 235, ""transition_samples"": 1504}]"
1,538,7,6,KCQA,"(7, 6, 1, 4)",1388,4,395,"[{""A_start"": 4, ""service_lookup_id"": 235, ""transition_samples"": 52}, {""A_start"": 5, ""service_lookup_id"": 236, ""transition_samples"": 1336}]"
1,539,7,6,KCQA,"(7, 6, 1, 5)",1004,4,262,"[{""A_start"": 4, ""service_lookup_id"": 235, ""transition_samples"": 1}, {""A_start"": 5, ""service_lookup_id"": 236, ""transition_samples"": 1003}]"
1,540,7,6,KCQA,"(7, 6, 1, 6)",383,4,131,"[{""A_start"": 5, ""service_lookup_id"": 236, ""transition_samples"": 383}]"
1,541,7,6,KCQ,"(7, 6, 2)",1153,4,86,"[{""A_start"": 2, ""service_lookup_id"": 233, ""transition_samples"": 145}, {""A_start"": 3, ""service_lookup_id"": 234, ""transition_samples"": 288}, {""A_start"": 4, ""service_lookup_id"": 235, ""transition_samples"": 307}, {""A_start"": 5, ""service_lookup_id"": 236, ""transition_samples"": 413}]"
1,542,7,6,KCQA,"(7, 6, 2, 1)",278,4,65,"[{""A_start"": 2, ""service_lookup_id"": 233, ""transition_samples"": 17}, {""A_start"": 3, ""service_lookup_id"": 234, ""transition_samples"": 261}]"
1,543,7,6,KCQA,"(7, 6, 2, 2)",312,4,71,"[{""A_start"": 3, ""service_lookup_id"": 234, ""transition_samples"": 27}, {""A_start"": 4, ""service_lookup_id"": 235, ""transition_samples"": 285}]"
1,544,7,6,KCQA,"(7, 6, 2, 3)",271,4,69,"[{""A_start"": 4, ""service_lookup_id"": 235, ""transition_samples"": 21}, {""A_start"": 5, ""service_lookup_id"": 236, ""transition_samples"": 250}]"
1,545,7,6,KCA,"(7, 6, 0)",4753,4,7,"[{""A_start"": 0, ""service_lookup_id"": 231, ""transition_samples"": 3693}, {""A_start"": 1, ""service_lookup_id"": 232, ""transition_samples"": 912}, {""A_start"": 2, ""service_lookup_id"": 233, ""transition_samples"": 128}, {""A_start"": 3, ""service_lookup_id"": 234, ""transition_samples"": 18}, {""A_start"": 4, ""service_lookup_id"": 235, ""transition_samples"": 2}]"
1,546,7,6,KCA,"(7, 6, 1)",8294,4,15,"[{""A_start"": 0, ""service_lookup_id"": 231, ""transition_samples"": 271}, {""A_start"": 1, ""service_lookup_id"": 232, ""transition_samples"": 6188}, {""A_start"": 2, ""service_lookup_id"": 233, ""transition_samples"": 1538}, {""A_start"": 3, ""service_lookup_id"": 234, ""transition_samples"": 264}, {""A_start"": 4, ""service_lookup_id"": 235, ""transition_samples"": 30}, {""A_start"": 5, ""service_lookup_id"": 236, ""transition_samples"": 3}]"
1,547,7,6,KCA,"(7, 6, 2)",7331,4,10,"[{""A_start"": 1, ""service_lookup_id"": 232, ""transition_samples"": 189}, {""A_start"": 2, ""service_lookup_id"": 233, ""transition_samples"": 5215}, {""A_start"": 3, ""service_lookup_id"": 234, ""transition_samples"": 1612}, {""A_start"": 4, ""service_lookup_id"": 235, ""transition_samples"": 289}, {""A_start"": 5, ""service_lookup_id"": 236, ""transition_samples"": 26}]"
1,548,7,6,KCA,"(7, 6, 3)",6763,4,9,"[{""A_start"": 2, ""service_lookup_id"": 233, ""transition_samples"": 88}, {""A_start"": 3, ""service_lookup_id"": 234, ""transition_samples"": 4876}, {""A_start"": 4, ""service_lookup_id"": 235, ""transition_samples"": 1525}, {""A_start"": 5, ""service_lookup_id"": 236, ""transition_samples"": 274}]"
1,549,7,6,KCA,"(7, 6, 4)",6420,4,1,"[{""A_start"": 3, ""service_lookup_id"": 234, ""transition_samples"": 60}, {""A_start"": 4, ""service_lookup_id"": 235, ""transition_samples"": 4885}, {""A_start"": 5, ""service_lookup_id"": 236, ""transition_samples"": 1475}]"
1,550,7,6,KCA,"(7, 6, 6)",5901,4,1,"[{""A_start"": 5, ""service_lookup_id"": 236, ""transition_samples"": 5901}]"
1,551,7,7,KCQA,"(7, 7, 0, 0)",2332,4,566,"[{""A_start"": 0, ""service_lookup_id"": 237, ""transition_samples"": 2332}]"
1,552,7,7,KCQA,"(7, 7, 0, 1)",3987,4,970,"[{""A_start"": 0, ""service_lookup_id"": 237, ""transition_samples"": 368}, {""A_start"": 1, ""service_lookup_id"": 238, ""transition_samples"": 3619}]"
1,553,7,7,KCQA,"(7, 7, 0, 2)",5127,4,1260,"[{""A_start"": 1, ""service_lookup_id"": 238, ""transition_samples"": 696}, {""A_start"": 2, ""service_lookup_id"": 239, ""transition_samples"": 4431}]"
1,554,7,7,KCQA,"(7, 7, 0, 3)",5565,4,1467,"[{""A_start"": 2, ""service_lookup_id"": 239, ""transition_samples"": 715}, {""A_start"": 3, ""service_lookup_id"": 240, ""transition_samples"": 4850}]"
1,555,7,7,KCQA,"(7, 7, 0, 4)",5748,4,1480,"[{""A_start"": 3, ""service_lookup_id"": 240, ""transition_samples"": 623}, {""A_start"": 4, ""service_lookup_id"": 241, ""transition_samples"": 5125}]"
1,556,7,7,KCQA,"(7, 7, 0, 5)",6035,4,1462,"[{""A_start"": 4, ""service_lookup_id"": 241, ""transition_samples"": 614}, {""A_start"": 5, ""service_lookup_id"": 242, ""transition_samples"": 5421}]"
1,557,7,7,KCQA,"(7, 7, 0, 6)",6167,4,1586,"[{""A_start"": 5, ""service_lookup_id"": 242, ""transition_samples"": 387}, {""A_start"": 6, ""service_lookup_id"": 243, ""transition_samples"": 5780}]"
1,558,7,7,KCQA,"(7, 7, 0, 7)",903,4,194,"[{""A_start"": 6, ""service_lookup_id"": 243, ""transition_samples"": 903}]"
1,559,7,7,KCQA,"(7, 7, 1, 0)",558,4,148,"[{""A_start"": 1, ""service_lookup_id"": 238, ""transition_samples"": 558}]"
1,560,7,7,KCQA,"(7, 7, 1, 1)",1093,4,297,"[{""A_start"": 1, ""service_lookup_id"": 238, ""transition_samples"": 83}, {""A_start"": 2, ""service_lookup_id"": 239, ""transition_samples"": 1010}]"
1,561,7,7,KCQA,"(7, 7, 1, 2)",1485,4,402,"[{""A_start"": 1, ""service_lookup_id"": 238, ""transition_samples"": 11}, {""A_start"": 2, ""service_lookup_id"": 239, ""transition_samples"": 147}, {""A_start"": 3, ""service_lookup_id"": 240, ""transition_samples"": 1327}]"
1,562,7,7,KCQA,"(7, 7, 1, 3)",1668,4,422,"[{""A_start"": 2, ""service_lookup_id"": 239, ""transition_samples"": 22}, {""A_start"": 3, ""service_lookup_id"": 240, ""transition_samples"": 148}, {""A_start"": 4, ""service_lookup_id"": 241, ""transition_samples"": 1498}]"
1,563,7,7,KCQA,"(7, 7, 1, 4)",1601,4,421,"[{""A_start"": 3, ""service_lookup_id"": 240, ""transition_samples"": 15}, {""A_start"": 4, ""service_lookup_id"": 241, ""transition_samples"": 120}, {""A_start"": 5, ""service_lookup_id"": 242, ""transition_samples"": 1466}]"
1,564,7,7,KCQA,"(7, 7, 1, 5)",1252,4,293,"[{""A_start"": 4, ""service_lookup_id"": 241, ""transition_samples"": 22}, {""A_start"": 5, ""service_lookup_id"": 242, ""transition_samples"": 118}, {""A_start"": 6, ""service_lookup_id"": 243, ""transition_samples"": 1112}]"
1,565,7,7,KCQ,"(7, 7, 1)",8164,4,28,"[{""A_start"": 1, ""service_lookup_id"": 238, ""transition_samples"": 652}, {""A_start"": 2, ""service_lookup_id"": 239, ""transition_samples"": 1179}, {""A_start"": 3, ""service_lookup_id"": 240, ""transition_samples"": 1490}, {""A_start"": 4, ""service_lookup_id"": 241, ""transition_samples"": 1640}, {""A_start"": 5, ""service_lookup_id"": 242, ""transition_samples"": 1607}, {""A_start"": 6, ""service_lookup_id"": 243, ""transition_samples"": 1596}]"
1,566,7,7,KCQA,"(7, 7, 1, 7)",362,4,84,"[{""A_start"": 6, ""service_lookup_id"": 243, ""transition_samples"": 362}]"
1,567,7,7,KCQ,"(7, 7, 2)",1322,4,55,"[{""A_start"": 2, ""service_lookup_id"": 239, ""transition_samples"": 100}, {""A_start"": 3, ""service_lookup_id"": 240, ""transition_samples"": 226}, {""A_start"": 4, ""service_lookup_id"": 241, ""transition_samples"": 287}, {""A_start"": 5, ""service_lookup_id"": 242, ""transition_samples"": 321}, {""A_start"": 6, ""service_lookup_id"": 243, ""transition_samples"": 388}]"
1,568,7,7,KCQA,"(7, 7, 2, 1)",206,4,47,"[{""A_start"": 2, ""service_lookup_id"": 239, ""transition_samples"": 7}, {""A_start"": 3, ""service_lookup_id"": 240, ""transition_samples"": 199}]"
1,569,7,7,KCQA,"(7, 7, 2, 2)",283,4,69,"[{""A_start"": 2, ""service_lookup_id"": 239, ""transition_samples"": 3}, {""A_start"": 3, ""service_lookup_id"": 240, ""transition_samples"": 24}, {""A_start"": 4, ""service_lookup_id"": 241, ""transition_samples"": 256}]"
1,570,7,7,KCQA,"(7, 7, 2, 3)",323,4,74,"[{""A_start"": 3, ""service_lookup_id"": 240, ""transition_samples"": 3}, {""A_start"": 4, ""service_lookup_id"": 241, ""transition_samples"": 28}, {""A_start"": 5, ""service_lookup_id"": 242, ""transition_samples"": 292}]"
1,571,7,7,KCQA,"(7, 7, 2, 4)",232,4,43,"[{""A_start"": 4, ""service_lookup_id"": 241, ""transition_samples"": 2}, {""A_start"": 5, ""service_lookup_id"": 242, ""transition_samples"": 22}, {""A_start"": 6, ""service_lookup_id"": 243, ""transition_samples"": 208}]"
1,572,7,7,KCA,"(7, 7, 0)",2987,4,5,"[{""A_start"": 0, ""service_lookup_id"": 237, ""transition_samples"": 2332}, {""A_start"": 1, ""service_lookup_id"": 238, ""transition_samples"": 558}, {""A_start"": 2, ""service_lookup_id"": 239, ""transition_samples"": 90}, {""A_start"": 3, ""service_lookup_id"": 240, ""transition_samples"": 7}]"
1,573,7,7,KCA,"(7, 7, 1)",5318,4,2,"[{""A_start"": 0, ""service_lookup_id"": 237, ""transition_samples"": 368}, {""A_start"": 1, ""service_lookup_id"": 238, ""transition_samples"": 3702}, {""A_start"": 2, ""service_lookup_id"": 239, ""transition_samples"": 1017}, {""A_start"": 3, ""service_lookup_id"": 240, ""transition_samples"": 199}, {""A_start"": 4, ""service_lookup_id"": 241, ""transition_samples"": 25}, {""A_start"": 5, ""service_lookup_id"": 242, ""transition_samples"": 7}]"
1,574,7,7,KCA,"(7, 7, 2)",6926,4,11,"[{""A_start"": 1, ""service_lookup_id"": 238, ""transition_samples"": 707}, {""A_start"": 2, ""service_lookup_id"": 239, ""transition_samples"": 4581}, {""A_start"": 3, ""service_lookup_id"": 240, ""transition_samples"": 1351}, {""A_start"": 4, ""service_lookup_id"": 241, ""transition_samples"": 261}, {""A_start"": 5, ""service_lookup_id"": 242, ""transition_samples"": 25}, {""A_start"": 6, ""service_lookup_id"": 243, ""transition_samples"": 1}]"
1,575,7,7,KCA,"(7, 7, 3)",7590,4,10,"[{""A_start"": 2, ""service_lookup_id"": 239, ""transition_samples"": 737}, {""A_start"": 3, ""service_lookup_id"": 240, ""transition_samples"": 5001}, {""A_start"": 4, ""service_lookup_id"": 241, ""transition_samples"": 1526}, {""A_start"": 5, ""service_lookup_id"": 242, ""transition_samples"": 296}, {""A_start"": 6, ""service_lookup_id"": 243, ""transition_samples"": 30}]"
1,576,7,7,KCA,"(7, 7, 5)",7309,4,1,"[{""A_start"": 4, ""service_lookup_id"": 241, ""transition_samples"": 637}, {""A_start"": 5, ""service_lookup_id"": 242, ""transition_samples"": 5545}, {""A_start"": 6, ""service_lookup_id"": 243, ""transition_samples"": 1127}]"
1,577,7,7,KCA,"(7, 7, 7)",1518,4,14,"[{""A_start"": 6, ""service_lookup_id"": 243, ""transition_samples"": 1518}]"
1,578,7,8,KCQA,"(7, 8, 0, 0)",2396,4,604,"[{""A_start"": 0, ""service_lookup_id"": 244, ""transition_samples"": 2396}]"
1,579,7,8,KCQA,"(7, 8, 0, 1)",4248,4,1055,"[{""A_start"": 0, ""service_lookup_id"": 244, ""transition_samples"": 343}, {""A_start"": 1, ""service_lookup_id"": 245, ""transition_samples"": 3905}]"
1,580,7,8,KCQA,"(7, 8, 0, 2)",5225,4,1324,"[{""A_start"": 1, ""service_lookup_id"": 245, ""transition_samples"": 629}, {""A_start"": 2, ""service_lookup_id"": 246, ""transition_samples"": 4596}]"
1,581,7,8,KCQA,"(7, 8, 0, 3)",5605,4,1365,"[{""A_start"": 2, ""service_lookup_id"": 246, ""transition_samples"": 715}, {""A_start"": 3, ""service_lookup_id"": 247, ""transition_samples"": 4890}]"
1,582,7,8,KCQA,"(7, 8, 0, 4)",5665,4,1412,"[{""A_start"": 3, ""service_lookup_id"": 247, ""transition_samples"": 599}, {""A_start"": 4, ""service_lookup_id"": 248, ""transition_samples"": 5066}]"
1,583,7,8,KCQA,"(7, 8, 0, 5)",5673,4,1410,"[{""A_start"": 4, ""service_lookup_id"": 248, ""transition_samples"": 532}, {""A_start"": 5, ""service_lookup_id"": 249, ""transition_samples"": 5141}]"
1,584,7,8,KCQA,"(7, 8, 0, 6)",5991,4,1466,"[{""A_start"": 5, ""service_lookup_id"": 249, ""transition_samples"": 360}, {""A_start"": 6, ""service_lookup_id"": 250, ""transition_samples"": 5631}]"
1,585,7,8,KCQA,"(7, 8, 0, 7)",772,4,191,"[{""A_start"": 6, ""service_lookup_id"": 250, ""transition_samples"": 233}, {""A_start"": 7, ""service_lookup_id"": 251, ""transition_samples"": 539}]"
1,586,7,8,KCQA,"(7, 8, 0, 8)",276,4,60,"[{""A_start"": 7, ""service_lookup_id"": 251, ""transition_samples"": 276}]"
1,587,7,8,KCQA,"(7, 8, 1, 0)",489,4,119,"[{""A_start"": 1, ""service_lookup_id"": 245, ""transition_samples"": 489}]"
1,588,7,8,KCQA,"(7, 8, 1, 1)",1130,4,269,"[{""A_start"": 1, ""service_lookup_id"": 245, ""transition_samples"": 79}, {""A_start"": 2, ""service_lookup_id"": 246, ""transition_samples"": 1051}]"
1,589,7,8,KCQA,"(7, 8, 1, 2)",1556,4,369,"[{""A_start"": 1, ""service_lookup_id"": 245, ""transition_samples"": 13}, {""A_start"": 2, ""service_lookup_id"": 246, ""transition_samples"": 138}, {""A_start"": 3, ""service_lookup_id"": 247, ""transition_samples"": 1405}]"
1,590,7,8,KCQA,"(7, 8, 1, 3)",1735,4,408,"[{""A_start"": 2, ""service_lookup_id"": 246, ""transition_samples"": 14}, {""A_start"": 3, ""service_lookup_id"": 247, ""transition_samples"": 149}, {""A_start"": 4, ""service_lookup_id"": 248, ""transition_samples"": 1572}]"
1,591,7,8,KCQA,"(7, 8, 1, 4)",1735,4,433,"[{""A_start"": 3, ""service_lookup_id"": 247, ""transition_samples"": 15}, {""A_start"": 4, ""service_lookup_id"": 248, ""transition_samples"": 121}, {""A_start"": 5, ""service_lookup_id"": 249, ""transition_samples"": 1599}]"
1,592,7,8,KCQA,"(7, 8, 1, 5)",1231,4,330,"[{""A_start"": 4, ""service_lookup_id"": 248, ""transition_samples"": 17}, {""A_start"": 5, ""service_lookup_id"": 249, ""transition_samples"": 91}, {""A_start"": 6, ""service_lookup_id"": 250, ""transition_samples"": 1123}]"
1,593,7,8,KCQ,"(7, 8, 1)",8231,4,92,"[{""A_start"": 1, ""service_lookup_id"": 245, ""transition_samples"": 581}, {""A_start"": 2, ""service_lookup_id"": 246, ""transition_samples"": 1203}, {""A_start"": 3, ""service_lookup_id"": 247, ""transition_samples"": 1569}, {""A_start"": 4, ""service_lookup_id"": 248, ""transition_samples"": 1710}, {""A_start"": 5, ""service_lookup_id"": 249, ""transition_samples"": 1704}, {""A_start"": 6, ""service_lookup_id"": 250, ""transition_samples"": 1209}, {""A_start"": 7, ""service_lookup_id"": 251, ""transition_samples"": 255}]"
1,594,7,8,KCQ,"(7, 8, 2)",1233,4,76,"[{""A_start"": 2, ""service_lookup_id"": 246, ""transition_samples"": 91}, {""A_start"": 3, ""service_lookup_id"": 247, ""transition_samples"": 209}, {""A_start"": 4, ""service_lookup_id"": 248, ""transition_samples"": 284}, {""A_start"": 5, ""service_lookup_id"": 249, ""transition_samples"": 318}, {""A_start"": 6, ""service_lookup_id"": 250, ""transition_samples"": 260}, {""A_start"": 7, ""service_lookup_id"": 251, ""transition_samples"": 71}]"
1,595,7,8,KCQA,"(7, 8, 2, 2)",283,4,78,"[{""A_start"": 2, ""service_lookup_id"": 246, ""transition_samples"": 1}, {""A_start"": 3, ""service_lookup_id"": 247, ""transition_samples"": 20}, {""A_start"": 4, ""service_lookup_id"": 248, ""transition_samples"": 262}]"
1,596,7,8,KCQA,"(7, 8, 2, 3)",323,4,88,"[{""A_start"": 3, ""service_lookup_id"": 247, ""transition_samples"": 2}, {""A_start"": 4, ""service_lookup_id"": 248, ""transition_samples"": 19}, {""A_start"": 5, ""service_lookup_id"": 249, ""transition_samples"": 302}]"
1,597,7,8,KCQA,"(7, 8, 2, 4)",261,4,68,"[{""A_start"": 4, ""service_lookup_id"": 248, ""transition_samples"": 2}, {""A_start"": 5, ""service_lookup_id"": 249, ""transition_samples"": 15}, {""A_start"": 6, ""service_lookup_id"": 250, ""transition_samples"": 244}]"
1,598,7,8,KCA,"(7, 8, 0)",2972,4,3,"[{""A_start"": 0, ""service_lookup_id"": 244, ""transition_samples"": 2396}, {""A_start"": 1, ""service_lookup_id"": 245, ""transition_samples"": 489}, {""A_start"": 2, ""service_lookup_id"": 246, ""transition_samples"": 81}, {""A_start"": 3, ""service_lookup_id"": 247, ""transition_samples"": 6}]"
1,599,7,8,KCA,"(7, 8, 1)",5602,4,14,"[{""A_start"": 0, ""service_lookup_id"": 244, ""transition_samples"": 343}, {""A_start"": 1, ""service_lookup_id"": 245, ""transition_samples"": 3984}, {""A_start"": 2, ""service_lookup_id"": 246, ""transition_samples"": 1060}, {""A_start"": 3, ""service_lookup_id"": 247, ""transition_samples"": 187}, {""A_start"": 4, ""service_lookup_id"": 248, ""transition_samples"": 26}, {""A_start"": 5, ""service_lookup_id"": 249, ""transition_samples"": 2}]"
1,600,7,8,KCA,"(7, 8, 2)",7113,4,13,"[{""A_start"": 1, ""service_lookup_id"": 245, ""transition_samples"": 642}, {""A_start"": 2, ""service_lookup_id"": 246, ""transition_samples"": 4735}, {""A_start"": 3, ""service_lookup_id"": 247, ""transition_samples"": 1425}, {""A_start"": 4, ""service_lookup_id"": 248, ""transition_samples"": 265}, {""A_start"": 5, ""service_lookup_id"": 249, ""transition_samples"": 44}, {""A_start"": 6, ""service_lookup_id"": 250, ""transition_samples"": 2}]"
1,601,7,8,KCA,"(7, 8, 3)",7700,4,8,"[{""A_start"": 2, ""service_lookup_id"": 246, ""transition_samples"": 729}, {""A_start"": 3, ""service_lookup_id"": 247, ""transition_samples"": 5041}, {""A_start"": 4, ""service_lookup_id"": 248, ""transition_samples"": 1591}, {""A_start"": 5, ""service_lookup_id"": 249, ""transition_samples"": 303}, {""A_start"": 6, ""service_lookup_id"": 250, ""transition_samples"": 36}]"
1,602,7,8,KCA,"(7, 8, 8)",496,4,4,"[{""A_start"": 7, ""service_lookup_id"": 251, ""transition_samples"": 496}]"
2,0,1,1,KCQA,"(1, 1, 0, 0)",7187,4,1796,"[{""A_start"": 0, ""service_lookup_id"": 0, ""transition_samples"": 7187}]"
2,1,1,1,KC,"(1, 1)",7195,4,2,"[{""A_start"": 0, ""service_lookup_id"": 0, ""transition_samples"": 7195}]"
2,2,1,2,KCQA,"(1, 2, 0, 0)",7186,4,1796,"[{""A_start"": 0, ""service_lookup_id"": 1, ""transition_samples"": 7186}]"
2,3,1,2,KCQ,"(1, 2, 0)",7191,4,2,"[{""A_start"": 0, ""service_lookup_id"": 1, ""transition_samples"": 7186}, {""A_start"": 1, ""service_lookup_id"": 2, ""transition_samples"": 5}]"
2,4,1,3,KCQA,"(1, 3, 0, 0)",7186,4,1797,"[{""A_start"": 0, ""service_lookup_id"": 3, ""transition_samples"": 7186}]"
2,5,1,3,KCQ,"(1, 3, 0)",7194,4,1,"[{""A_start"": 0, ""service_lookup_id"": 3, ""transition_samples"": 7186}, {""A_start"": 1, ""service_lookup_id"": 4, ""transition_samples"": 4}, {""A_start"": 2, ""service_lookup_id"": 5, ""transition_samples"": 4}]"
2,6,1,4,KCQA,"(1, 4, 0, 0)",7187,4,1797,"[{""A_start"": 0, ""service_lookup_id"": 6, ""transition_samples"": 7187}]"
2,7,1,4,KCQ,"(1, 4, 0)",7193,4,2,"[{""A_start"": 0, ""service_lookup_id"": 6, ""transition_samples"": 7187}, {""A_start"": 1, ""service_lookup_id"": 7, ""transition_samples"": 4}, {""A_start"": 2, ""service_lookup_id"": 8, ""transition_samples"": 2}]"
2,8,1,5,KCQA,"(1, 5, 0, 0)",7183,4,1796,"[{""A_start"": 0, ""service_lookup_id"": 10, ""transition_samples"": 7183}]"
2,9,1,5,KCQ,"(1, 5, 0)",7190,4,2,"[{""A_start"": 0, ""service_lookup_id"": 10, ""transition_samples"": 7183}, {""A_start"": 1, ""service_lookup_id"": 11, ""transition_samples"": 3}, {""A_start"": 2, ""service_lookup_id"": 12, ""transition_samples"": 3}, {""A_start"": 3, ""service_lookup_id"": 13, ""transition_samples"": 1}]"
2,10,1,6,KCQA,"(1, 6, 0, 0)",7176,4,1794,"[{""A_start"": 0, ""service_lookup_id"": 15, ""transition_samples"": 7176}]"
2,11,1,6,KCQ,"(1, 6, 0)",7184,4,1,"[{""A_start"": 0, ""service_lookup_id"": 15, ""transition_samples"": 7176}, {""A_start"": 2, ""service_lookup_id"": 17, ""transition_samples"": 2}, {""A_start"": 3, ""service_lookup_id"": 18, ""transition_samples"": 4}, {""A_start"": 4, ""service_lookup_id"": 19, ""transition_samples"": 1}, {""A_start"": 5, ""service_lookup_id"": 20, ""transition_samples"": 1}]"
2,12,1,7,KCQA,"(1, 7, 0, 0)",7176,4,1794,"[{""A_start"": 0, ""service_lookup_id"": 21, ""transition_samples"": 7176}]"
2,13,1,7,KCQ,"(1, 7, 0)",7182,4,2,"[{""A_start"": 0, ""service_lookup_id"": 21, ""transition_samples"": 7176}, {""A_start"": 2, ""service_lookup_id"": 23, ""transition_samples"": 1}, {""A_start"": 3, ""service_lookup_id"": 24, ""transition_samples"": 3}, {""A_start"": 4, ""service_lookup_id"": 25, ""transition_samples"": 1}, {""A_start"": 5, ""service_lookup_id"": 26, ""transition_samples"": 1}]"
2,14,1,8,KCQA,"(1, 8, 0, 0)",7177,4,1794,"[{""A_start"": 0, ""service_lookup_id"": 28, ""transition_samples"": 7177}]"
2,15,1,8,KCQ,"(1, 8, 0)",7184,4,2,"[{""A_start"": 0, ""service_lookup_id"": 28, ""transition_samples"": 7177}, {""A_start"": 3, ""service_lookup_id"": 31, ""transition_samples"": 5}, {""A_start"": 4, ""service_lookup_id"": 32, ""transition_samples"": 1}, {""A_start"": 5, ""service_lookup_id"": 33, ""transition_samples"": 1}]"
2,16,2,1,KCQA,"(2, 1, 0, 0)",7174,4,1794,"[{""A_start"": 0, ""service_lookup_id"": 36, ""transition_samples"": 7174}]"
2,17,2,1,KCQA,"(2, 1, 0, 1)",5312,4,1272,"[{""A_start"": 0, ""service_lookup_id"": 36, ""transition_samples"": 5312}]"
2,18,2,1,KCQA,"(2, 1, 1, 0)",1862,4,522,"[{""A_start"": 0, ""service_lookup_id"": 36, ""transition_samples"": 1862}]"
2,19,2,1,KCA,"(2, 1, 1)",5330,4,4,"[{""A_start"": 0, ""service_lookup_id"": 36, ""transition_samples"": 5330}]"
2,20,2,2,KCQA,"(2, 2, 0, 0)",7177,4,1794,"[{""A_start"": 0, ""service_lookup_id"": 37, ""transition_samples"": 7177}]"
2,21,2,2,KCQA,"(2, 2, 0, 1)",5947,4,1354,"[{""A_start"": 1, ""service_lookup_id"": 38, ""transition_samples"": 5947}]"
2,22,2,2,KCQA,"(2, 2, 1, 0)",1231,4,440,"[{""A_start"": 1, ""service_lookup_id"": 38, ""transition_samples"": 1231}]"
2,23,2,3,KCQA,"(2, 3, 0, 0)",7179,4,1795,"[{""A_start"": 0, ""service_lookup_id"": 39, ""transition_samples"": 7179}]"
2,24,2,3,KCQA,"(2, 3, 0, 1)",5470,4,1204,"[{""A_start"": 1, ""service_lookup_id"": 40, ""transition_samples"": 5470}]"
2,25,2,3,KCQ,"(2, 3, 0)",12649,4,1,"[{""A_start"": 0, ""service_lookup_id"": 39, ""transition_samples"": 7179}, {""A_start"": 1, ""service_lookup_id"": 40, ""transition_samples"": 5470}]"
2,26,2,3,KCQA,"(2, 3, 1, 0)",1710,4,591,"[{""A_start"": 1, ""service_lookup_id"": 40, ""transition_samples"": 1710}]"
2,27,2,3,KC,"(2, 3)",14361,4,1,"[{""A_start"": 0, ""service_lookup_id"": 39, ""transition_samples"": 7179}, {""A_start"": 1, ""service_lookup_id"": 40, ""transition_samples"": 7180}, {""A_start"": 2, ""service_lookup_id"": 41, ""transition_samples"": 2}]"
2,28,2,4,KCQA,"(2, 4, 0, 0)",7179,4,1798,"[{""A_start"": 0, ""service_lookup_id"": 42, ""transition_samples"": 7179}]"
2,29,2,4,KCQA,"(2, 4, 0, 1)",5429,4,1322,"[{""A_start"": 1, ""service_lookup_id"": 43, ""transition_samples"": 5429}]"
2,30,2,4,KCQA,"(2, 4, 1, 0)",1748,4,472,"[{""A_start"": 1, ""service_lookup_id"": 43, ""transition_samples"": 1748}]"
2,31,2,4,KCQ,"(2, 4, 1)",1749,4,1,"[{""A_start"": 1, ""service_lookup_id"": 43, ""transition_samples"": 1748}, {""A_start"": 3, ""service_lookup_id"": 45, ""transition_samples"": 1}]"
2,32,2,5,KCQA,"(2, 5, 0, 0)",7172,4,1794,"[{""A_start"": 0, ""service_lookup_id"": 46, ""transition_samples"": 7172}]"
2,33,2,5,KCQA,"(2, 5, 0, 1)",5401,4,1519,"[{""A_start"": 1, ""service_lookup_id"": 47, ""transition_samples"": 5401}]"
2,34,2,5,KCQA,"(2, 5, 1, 0)",1773,4,275,"[{""A_start"": 1, ""service_lookup_id"": 47, ""transition_samples"": 1773}]"
2,35,2,6,KCQA,"(2, 6, 0, 0)",7157,4,1791,"[{""A_start"": 0, ""service_lookup_id"": 51, ""transition_samples"": 7157}]"
2,36,2,6,KCQA,"(2, 6, 0, 1)",5972,4,1512,"[{""A_start"": 1, ""service_lookup_id"": 52, ""transition_samples"": 5972}]"
2,37,2,6,KCQA,"(2, 6, 1, 0)",1187,4,278,"[{""A_start"": 1, ""service_lookup_id"": 52, ""transition_samples"": 1187}]"
2,38,2,7,KCQA,"(2, 7, 0, 0)",7158,4,1789,"[{""A_start"": 0, ""service_lookup_id"": 57, ""transition_samples"": 7158}]"
2,39,2,7,KCQA,"(2, 7, 0, 1)",6092,4,1715,"[{""A_start"": 1, ""service_lookup_id"": 58, ""transition_samples"": 6092}]"
2,40,2,7,KCQA,"(2, 7, 1, 0)",1067,4,74,"[{""A_start"": 1, ""service_lookup_id"": 58, ""transition_samples"": 1067}]"
2,41,2,8,KCQA,"(2, 8, 0, 0)",7158,4,1788,"[{""A_start"": 0, ""service_lookup_id"": 64, ""transition_samples"": 7158}]"
2,42,2,8,KCQA,"(2, 8, 0, 1)",5882,4,1522,"[{""A_start"": 1, ""service_lookup_id"": 65, ""transition_samples"": 5882}]"
2,43,2,8,KCQA,"(2, 8, 1, 0)",1277,4,269,"[{""A_start"": 1, ""service_lookup_id"": 65, ""transition_samples"": 1277}]"
2,44,3,1,KCQA,"(3, 1, 0, 0)",7153,4,1789,"[{""A_start"": 0, ""service_lookup_id"": 72, ""transition_samples"": 7153}]"
2,45,3,1,KCQA,"(3, 1, 0, 1)",6951,4,2284,"[{""A_start"": 0, ""service_lookup_id"": 72, ""transition_samples"": 6951}]"
2,46,3,1,KCQA,"(3, 1, 1, 0)",203,4,63,"[{""A_start"": 0, ""service_lookup_id"": 72, ""transition_samples"": 203}]"
2,47,3,1,KCQA,"(3, 1, 1, 1)",7119,4,1230,"[{""A_start"": 0, ""service_lookup_id"": 72, ""transition_samples"": 7119}]"
2,48,3,1,KCA,"(3, 1, 0)",7387,4,1,"[{""A_start"": 0, ""service_lookup_id"": 72, ""transition_samples"": 7387}]"
2,49,3,1,KCA,"(3, 1, 1)",14133,4,13,"[{""A_start"": 0, ""service_lookup_id"": 72, ""transition_samples"": 14133}]"
2,50,3,2,KCQA,"(3, 2, 0, 0)",7165,4,1791,"[{""A_start"": 0, ""service_lookup_id"": 73, ""transition_samples"": 7165}]"
2,51,3,2,KCQA,"(3, 2, 0, 1)",6965,4,1725,"[{""A_start"": 1, ""service_lookup_id"": 74, ""transition_samples"": 6965}]"
2,52,3,2,KCQA,"(3, 2, 0, 2)",5142,4,1500,"[{""A_start"": 1, ""service_lookup_id"": 74, ""transition_samples"": 5142}]"
2,53,3,2,KCQ,"(3, 2, 1)",2213,4,67,"[{""A_start"": 1, ""service_lookup_id"": 74, ""transition_samples"": 2213}]"
2,54,3,2,KCQA,"(3, 2, 1, 1)",2013,4,291,"[{""A_start"": 1, ""service_lookup_id"": 74, ""transition_samples"": 2013}]"
2,55,3,2,KCA,"(3, 2, 0)",7375,4,1,"[{""A_start"": 0, ""service_lookup_id"": 73, ""transition_samples"": 7165}, {""A_start"": 1, ""service_lookup_id"": 74, ""transition_samples"": 210}]"
2,56,3,2,KCA,"(3, 2, 2)",5181,4,7,"[{""A_start"": 1, ""service_lookup_id"": 74, ""transition_samples"": 5181}]"
2,57,3,3,KCQA,"(3, 3, 0, 0)",7159,4,1791,"[{""A_start"": 0, ""service_lookup_id"": 75, ""transition_samples"": 7159}]"
2,58,3,3,KCQA,"(3, 3, 0, 1)",6902,4,1762,"[{""A_start"": 1, ""service_lookup_id"": 76, ""transition_samples"": 6902}]"
2,59,3,3,KCQA,"(3, 3, 0, 2)",5932,4,1439,"[{""A_start"": 2, ""service_lookup_id"": 77, ""transition_samples"": 5932}]"
2,60,3,3,KCQA,"(3, 3, 1, 0)",259,4,29,"[{""A_start"": 1, ""service_lookup_id"": 76, ""transition_samples"": 259}]"
2,61,3,3,KCQA,"(3, 3, 1, 1)",1224,4,352,"[{""A_start"": 2, ""service_lookup_id"": 77, ""transition_samples"": 1224}]"
2,62,3,3,KCQ,"(3, 3, 1)",1485,4,1,"[{""A_start"": 1, ""service_lookup_id"": 76, ""transition_samples"": 259}, {""A_start"": 2, ""service_lookup_id"": 77, ""transition_samples"": 1226}]"
2,63,3,3,KC,"(3, 3)",21513,4,6,"[{""A_start"": 0, ""service_lookup_id"": 75, ""transition_samples"": 7159}, {""A_start"": 1, ""service_lookup_id"": 76, ""transition_samples"": 7161}, {""A_start"": 2, ""service_lookup_id"": 77, ""transition_samples"": 7193}]"
2,64,3,4,KCQA,"(3, 4, 0, 0)",7162,4,1791,"[{""A_start"": 0, ""service_lookup_id"": 78, ""transition_samples"": 7162}]"
2,65,3,4,KCQA,"(3, 4, 0, 1)",6750,4,1667,"[{""A_start"": 0, ""service_lookup_id"": 78, ""transition_samples"": 1}, {""A_start"": 1, ""service_lookup_id"": 79, ""transition_samples"": 6749}]"
2,66,3,4,KCQA,"(3, 4, 0, 2)",4983,4,1427,"[{""A_start"": 2, ""service_lookup_id"": 80, ""transition_samples"": 4983}]"
2,67,3,4,KCQ,"(3, 4, 0)",18901,4,2,"[{""A_start"": 0, ""service_lookup_id"": 78, ""transition_samples"": 7163}, {""A_start"": 1, ""service_lookup_id"": 79, ""transition_samples"": 6749}, {""A_start"": 2, ""service_lookup_id"": 80, ""transition_samples"": 4983}, {""A_start"": 3, ""service_lookup_id"": 81, ""transition_samples"": 6}]"
2,68,3,4,KCQA,"(3, 4, 1, 0)",413,4,123,"[{""A_start"": 1, ""service_lookup_id"": 79, ""transition_samples"": 413}]"
2,69,3,4,KCQA,"(3, 4, 1, 1)",2162,4,362,"[{""A_start"": 2, ""service_lookup_id"": 80, ""transition_samples"": 2162}]"
2,70,3,4,KCA,"(3, 4, 0)",7591,4,1,"[{""A_start"": 0, ""service_lookup_id"": 78, ""transition_samples"": 7162}, {""A_start"": 1, ""service_lookup_id"": 79, ""transition_samples"": 413}, {""A_start"": 2, ""service_lookup_id"": 80, ""transition_samples"": 16}]"
2,71,3,4,KC,"(3, 4)",21511,4,2,"[{""A_start"": 0, ""service_lookup_id"": 78, ""transition_samples"": 7163}, {""A_start"": 1, ""service_lookup_id"": 79, ""transition_samples"": 7162}, {""A_start"": 2, ""service_lookup_id"": 80, ""transition_samples"": 7161}, {""A_start"": 3, ""service_lookup_id"": 81, ""transition_samples"": 25}]"
2,72,3,5,KCQA,"(3, 5, 0, 0)",7162,4,1787,"[{""A_start"": 0, ""service_lookup_id"": 82, ""transition_samples"": 7162}]"
2,73,3,5,KCQA,"(3, 5, 0, 1)",6732,4,1716,"[{""A_start"": 1, ""service_lookup_id"": 83, ""transition_samples"": 6732}]"
2,74,3,5,KCQA,"(3, 5, 0, 2)",5476,4,1520,"[{""A_start"": 2, ""service_lookup_id"": 84, ""transition_samples"": 5476}]"
2,75,3,5,KCQ,"(3, 5, 0)",19373,4,3,"[{""A_start"": 0, ""service_lookup_id"": 82, ""transition_samples"": 7162}, {""A_start"": 1, ""service_lookup_id"": 83, ""transition_samples"": 6732}, {""A_start"": 2, ""service_lookup_id"": 84, ""transition_samples"": 5476}, {""A_start"": 3, ""service_lookup_id"": 85, ""transition_samples"": 1}, {""A_start"": 4, ""service_lookup_id"": 86, ""transition_samples"": 2}]"
2,76,3,5,KCQA,"(3, 5, 1, 0)",429,4,72,"[{""A_start"": 1, ""service_lookup_id"": 83, ""transition_samples"": 429}]"
2,77,3,5,KCQA,"(3, 5, 1, 1)",1666,4,266,"[{""A_start"": 2, ""service_lookup_id"": 84, ""transition_samples"": 1666}]"
2,78,3,5,KCA,"(3, 5, 0)",7614,4,1,"[{""A_start"": 0, ""service_lookup_id"": 82, ""transition_samples"": 7162}, {""A_start"": 1, ""service_lookup_id"": 83, ""transition_samples"": 429}, {""A_start"": 2, ""service_lookup_id"": 84, ""transition_samples"": 23}]"
2,79,3,6,KCQA,"(3, 6, 0, 0)",7137,4,1785,"[{""A_start"": 0, ""service_lookup_id"": 87, ""transition_samples"": 7137}]"
2,80,3,6,KCQA,"(3, 6, 0, 1)",6777,4,1685,"[{""A_start"": 1, ""service_lookup_id"": 88, ""transition_samples"": 6777}]"
2,81,3,6,KCQA,"(3, 6, 0, 2)",5860,4,1297,"[{""A_start"": 1, ""service_lookup_id"": 88, ""transition_samples"": 1}, {""A_start"": 2, ""service_lookup_id"": 89, ""transition_samples"": 5859}]"
2,82,3,6,KCQA,"(3, 6, 1, 0)",360,4,100,"[{""A_start"": 1, ""service_lookup_id"": 88, ""transition_samples"": 360}]"
2,83,3,6,KCQA,"(3, 6, 1, 1)",1263,4,482,"[{""A_start"": 2, ""service_lookup_id"": 89, ""transition_samples"": 1263}]"
2,84,3,6,KCA,"(3, 6, 0)",7511,4,5,"[{""A_start"": 0, ""service_lookup_id"": 87, ""transition_samples"": 7137}, {""A_start"": 1, ""service_lookup_id"": 88, ""transition_samples"": 360}, {""A_start"": 2, ""service_lookup_id"": 89, ""transition_samples"": 14}]"
2,85,3,7,KCQA,"(3, 7, 0, 0)",7134,4,1783,"[{""A_start"": 0, ""service_lookup_id"": 93, ""transition_samples"": 7134}]"
2,86,3,7,KCQA,"(3, 7, 0, 1)",6554,4,1559,"[{""A_start"": 1, ""service_lookup_id"": 94, ""transition_samples"": 6554}]"
2,87,3,7,KCQA,"(3, 7, 0, 2)",5892,4,1523,"[{""A_start"": 2, ""service_lookup_id"": 95, ""transition_samples"": 5892}]"
2,88,3,7,KCQ,"(3, 7, 0)",19586,4,1,"[{""A_start"": 0, ""service_lookup_id"": 93, ""transition_samples"": 7134}, {""A_start"": 1, ""service_lookup_id"": 94, ""transition_samples"": 6554}, {""A_start"": 2, ""service_lookup_id"": 95, ""transition_samples"": 5893}, {""A_start"": 3, ""service_lookup_id"": 96, ""transition_samples"": 5}]"
2,89,3,7,KCQA,"(3, 7, 1, 0)",580,4,227,"[{""A_start"": 1, ""service_lookup_id"": 94, ""transition_samples"": 580}]"
2,90,3,7,KCQA,"(3, 7, 1, 1)",1222,4,251,"[{""A_start"": 2, ""service_lookup_id"": 95, ""transition_samples"": 1222}]"
2,91,3,7,KCA,"(3, 7, 0)",7733,4,9,"[{""A_start"": 0, ""service_lookup_id"": 93, ""transition_samples"": 7134}, {""A_start"": 1, ""service_lookup_id"": 94, ""transition_samples"": 580}, {""A_start"": 2, ""service_lookup_id"": 95, ""transition_samples"": 19}]"
2,92,3,8,KCQA,"(3, 8, 0, 0)",7132,4,1782,"[{""A_start"": 0, ""service_lookup_id"": 100, ""transition_samples"": 7132}]"
2,93,3,8,KCQA,"(3, 8, 0, 1)",6551,4,1695,"[{""A_start"": 1, ""service_lookup_id"": 101, ""transition_samples"": 6551}]"
2,94,3,8,KCQA,"(3, 8, 0, 2)",5978,4,1452,"[{""A_start"": 2, ""service_lookup_id"": 102, ""transition_samples"": 5978}]"
2,95,3,8,KCQ,"(3, 8, 0)",19663,4,2,"[{""A_start"": 0, ""service_lookup_id"": 100, ""transition_samples"": 7132}, {""A_start"": 1, ""service_lookup_id"": 101, ""transition_samples"": 6551}, {""A_start"": 2, ""service_lookup_id"": 102, ""transition_samples"": 5978}, {""A_start"": 3, ""service_lookup_id"": 103, ""transition_samples"": 2}]"
2,96,3,8,KCQA,"(3, 8, 1, 0)",586,4,88,"[{""A_start"": 1, ""service_lookup_id"": 101, ""transition_samples"": 586}]"
2,97,3,8,KCQA,"(3, 8, 1, 1)",1145,4,329,"[{""A_start"": 2, ""service_lookup_id"": 102, ""transition_samples"": 1145}]"
2,98,4,1,KCQA,"(4, 1, 0, 0)",7138,4,1783,"[{""A_start"": 0, ""service_lookup_id"": 108, ""transition_samples"": 7138}]"
2,99,4,1,KCQA,"(4, 1, 0, 1)",6873,4,1757,"[{""A_start"": 0, ""service_lookup_id"": 108, ""transition_samples"": 6873}]"
2,100,4,1,KCQA,"(4, 1, 1, 0)",266,4,26,"[{""A_start"": 0, ""service_lookup_id"": 108, ""transition_samples"": 266}]"
2,101,4,1,KCQA,"(4, 1, 1, 1)",7148,4,1787,"[{""A_start"": 0, ""service_lookup_id"": 108, ""transition_samples"": 7148}]"
2,102,4,1,KCQ,"(4, 1, 2)",7127,4,1,"[{""A_start"": 0, ""service_lookup_id"": 108, ""transition_samples"": 7127}]"
2,103,4,1,KCQA,"(4, 1, 2, 1)",7116,4,1778,"[{""A_start"": 0, ""service_lookup_id"": 108, ""transition_samples"": 7116}]"
2,104,4,1,KCA,"(4, 1, 0)",7416,4,1,"[{""A_start"": 0, ""service_lookup_id"": 108, ""transition_samples"": 7416}]"
2,105,4,1,KCA,"(4, 1, 1)",21284,4,39,"[{""A_start"": 0, ""service_lookup_id"": 108, ""transition_samples"": 21284}]"
2,106,4,2,KCQA,"(4, 2, 0, 0)",7151,4,1786,"[{""A_start"": 0, ""service_lookup_id"": 109, ""transition_samples"": 7151}]"
2,107,4,2,KCQA,"(4, 2, 0, 1)",6903,4,1685,"[{""A_start"": 1, ""service_lookup_id"": 110, ""transition_samples"": 6903}]"
2,108,4,2,KCQA,"(4, 2, 0, 2)",6550,4,1611,"[{""A_start"": 1, ""service_lookup_id"": 110, ""transition_samples"": 6550}]"
2,109,4,2,KCQA,"(4, 2, 1, 0)",251,4,101,"[{""A_start"": 1, ""service_lookup_id"": 110, ""transition_samples"": 251}]"
2,110,4,2,KCQA,"(4, 2, 1, 1)",890,4,172,"[{""A_start"": 1, ""service_lookup_id"": 110, ""transition_samples"": 890}]"
2,111,4,2,KCQA,"(4, 2, 1, 2)",6614,4,1732,"[{""A_start"": 1, ""service_lookup_id"": 110, ""transition_samples"": 6614}]"
2,112,4,2,KCQ,"(4, 2, 2)",260,4,8,"[{""A_start"": 1, ""service_lookup_id"": 110, ""transition_samples"": 260}]"
2,113,4,2,KCQA,"(4, 2, 2, 1)",244,4,53,"[{""A_start"": 1, ""service_lookup_id"": 110, ""transition_samples"": 244}]"
2,114,4,2,KCA,"(4, 2, 0)",7412,4,1,"[{""A_start"": 0, ""service_lookup_id"": 109, ""transition_samples"": 7151}, {""A_start"": 1, ""service_lookup_id"": 110, ""transition_samples"": 261}]"
2,115,4,2,KCA,"(4, 2, 2)",13254,4,25,"[{""A_start"": 1, ""service_lookup_id"": 110, ""transition_samples"": 13254}]"
2,116,4,3,KCQA,"(4, 3, 0, 0)",7150,4,1788,"[{""A_start"": 0, ""service_lookup_id"": 111, ""transition_samples"": 7150}]"
2,117,4,3,KCQA,"(4, 3, 0, 1)",6717,4,1647,"[{""A_start"": 1, ""service_lookup_id"": 112, ""transition_samples"": 6717}]"
2,118,4,3,KCQA,"(4, 3, 0, 2)",6422,4,1617,"[{""A_start"": 2, ""service_lookup_id"": 113, ""transition_samples"": 6422}]"
2,119,4,3,KCQA,"(4, 3, 0, 3)",5636,4,1368,"[{""A_start"": 2, ""service_lookup_id"": 113, ""transition_samples"": 5636}]"
2,120,4,3,KCQA,"(4, 3, 1, 0)",436,4,141,"[{""A_start"": 1, ""service_lookup_id"": 112, ""transition_samples"": 436}]"
2,121,4,3,KCQA,"(4, 3, 1, 1)",712,4,165,"[{""A_start"": 2, ""service_lookup_id"": 113, ""transition_samples"": 712}]"
2,122,4,3,KCQA,"(4, 3, 1, 2)",1405,4,397,"[{""A_start"": 2, ""service_lookup_id"": 113, ""transition_samples"": 1405}]"
2,123,4,3,KCQ,"(4, 3, 1)",2555,4,1,"[{""A_start"": 1, ""service_lookup_id"": 112, ""transition_samples"": 436}, {""A_start"": 2, ""service_lookup_id"": 113, ""transition_samples"": 2119}]"
2,124,4,3,KCA,"(4, 3, 0)",7606,4,6,"[{""A_start"": 0, ""service_lookup_id"": 111, ""transition_samples"": 7150}, {""A_start"": 1, ""service_lookup_id"": 112, ""transition_samples"": 436}, {""A_start"": 2, ""service_lookup_id"": 113, ""transition_samples"": 20}]"
2,125,4,3,KCA,"(4, 3, 1)",7541,4,24,"[{""A_start"": 1, ""service_lookup_id"": 112, ""transition_samples"": 6717}, {""A_start"": 2, ""service_lookup_id"": 113, ""transition_samples"": 824}]"
2,126,4,3,KCA,"(4, 3, 3)",5722,4,19,"[{""A_start"": 2, ""service_lookup_id"": 113, ""transition_samples"": 5722}]"
2,127,4,4,KCQA,"(4, 4, 0, 0)",7158,4,1790,"[{""A_start"": 0, ""service_lookup_id"": 114, ""transition_samples"": 7158}]"
2,128,4,4,KCQA,"(4, 4, 0, 1)",6699,4,1694,"[{""A_start"": 1, ""service_lookup_id"": 115, ""transition_samples"": 6699}]"
2,129,4,4,KCQA,"(4, 4, 0, 2)",6698,4,1640,"[{""A_start"": 2, ""service_lookup_id"": 116, ""transition_samples"": 6698}]"
2,130,4,4,KCQA,"(4, 4, 0, 3)",5852,4,1460,"[{""A_start"": 3, ""service_lookup_id"": 117, ""transition_samples"": 5852}]"
2,131,4,4,KCQ,"(4, 4, 0)",26411,4,1,"[{""A_start"": 0, ""service_lookup_id"": 114, ""transition_samples"": 7158}, {""A_start"": 1, ""service_lookup_id"": 115, ""transition_samples"": 6699}, {""A_start"": 2, ""service_lookup_id"": 116, ""transition_samples"": 6698}, {""A_start"": 3, ""service_lookup_id"": 117, ""transition_samples"": 5856}]"
2,132,4,4,KCQA,"(4, 4, 1, 0)",460,4,97,"[{""A_start"": 1, ""service_lookup_id"": 115, ""transition_samples"": 460}]"
2,133,4,4,KCQA,"(4, 4, 1, 1)",446,4,148,"[{""A_start"": 2, ""service_lookup_id"": 116, ""transition_samples"": 446}]"
2,134,4,4,KCQA,"(4, 4, 1, 2)",1261,4,323,"[{""A_start"": 3, ""service_lookup_id"": 117, ""transition_samples"": 1261}]"
2,135,4,4,KCQ,"(4, 4, 1)",2174,4,1,"[{""A_start"": 1, ""service_lookup_id"": 115, ""transition_samples"": 460}, {""A_start"": 2, ""service_lookup_id"": 116, ""transition_samples"": 446}, {""A_start"": 3, ""service_lookup_id"": 117, ""transition_samples"": 1268}]"
2,136,4,4,KCA,"(4, 4, 0)",7633,4,3,"[{""A_start"": 0, ""service_lookup_id"": 114, ""transition_samples"": 7158}, {""A_start"": 1, ""service_lookup_id"": 115, ""transition_samples"": 460}, {""A_start"": 2, ""service_lookup_id"": 116, ""transition_samples"": 13}, {""A_start"": 3, ""service_lookup_id"": 117, ""transition_samples"": 2}]"
2,137,4,4,KCA,"(4, 4, 1)",7186,4,8,"[{""A_start"": 1, ""service_lookup_id"": 115, ""transition_samples"": 6699}, {""A_start"": 2, ""service_lookup_id"": 116, ""transition_samples"": 446}, {""A_start"": 3, ""service_lookup_id"": 117, ""transition_samples"": 41}]"
2,138,4,4,KC,"(4, 4)",28691,4,13,"[{""A_start"": 0, ""service_lookup_id"": 114, ""transition_samples"": 7158}, {""A_start"": 1, ""service_lookup_id"": 115, ""transition_samples"": 7159}, {""A_start"": 2, ""service_lookup_id"": 116, ""transition_samples"": 7157}, {""A_start"": 3, ""service_lookup_id"": 117, ""transition_samples"": 7217}]"
2,139,4,5,KCQA,"(4, 5, 0, 0)",7113,4,1779,"[{""A_start"": 0, ""service_lookup_id"": 118, ""transition_samples"": 7113}]"
2,140,4,5,KCQA,"(4, 5, 0, 1)",6244,4,1599,"[{""A_start"": 1, ""service_lookup_id"": 119, ""transition_samples"": 6244}]"
2,141,4,5,KCQA,"(4, 5, 0, 2)",6409,4,1600,"[{""A_start"": 1, ""service_lookup_id"": 119, ""transition_samples"": 3}, {""A_start"": 2, ""service_lookup_id"": 120, ""transition_samples"": 6406}]"
2,142,4,5,KCQA,"(4, 5, 0, 3)",5984,4,1643,"[{""A_start"": 2, ""service_lookup_id"": 120, ""transition_samples"": 4}, {""A_start"": 3, ""service_lookup_id"": 121, ""transition_samples"": 5980}]"
2,143,4,5,KCQA,"(4, 5, 1, 0)",874,4,181,"[{""A_start"": 1, ""service_lookup_id"": 119, ""transition_samples"": 874}]"
2,144,4,5,KCQA,"(4, 5, 1, 1)",699,4,183,"[{""A_start"": 1, ""service_lookup_id"": 119, ""transition_samples"": 1}, {""A_start"": 2, ""service_lookup_id"": 120, ""transition_samples"": 698}]"
2,145,4,5,KCQA,"(4, 5, 1, 2)",1064,4,122,"[{""A_start"": 2, ""service_lookup_id"": 120, ""transition_samples"": 1}, {""A_start"": 3, ""service_lookup_id"": 121, ""transition_samples"": 1063}]"
2,146,4,5,KCA,"(4, 5, 0)",8016,4,5,"[{""A_start"": 0, ""service_lookup_id"": 118, ""transition_samples"": 7113}, {""A_start"": 1, ""service_lookup_id"": 119, ""transition_samples"": 874}, {""A_start"": 2, ""service_lookup_id"": 120, ""transition_samples"": 28}, {""A_start"": 3, ""service_lookup_id"": 121, ""transition_samples"": 1}]"
2,147,4,5,KCA,"(4, 5, 1)",6988,4,7,"[{""A_start"": 1, ""service_lookup_id"": 119, ""transition_samples"": 6245}, {""A_start"": 2, ""service_lookup_id"": 120, ""transition_samples"": 698}, {""A_start"": 3, ""service_lookup_id"": 121, ""transition_samples"": 45}]"
2,148,4,6,KCQA,"(4, 6, 0, 0)",7106,4,1776,"[{""A_start"": 0, ""service_lookup_id"": 123, ""transition_samples"": 7106}]"
2,149,4,6,KCQA,"(4, 6, 0, 1)",6311,4,1571,"[{""A_start"": 1, ""service_lookup_id"": 124, ""transition_samples"": 6311}]"
2,150,4,6,KCQA,"(4, 6, 0, 2)",6252,4,1542,"[{""A_start"": 1, ""service_lookup_id"": 124, ""transition_samples"": 1}, {""A_start"": 2, ""service_lookup_id"": 125, ""transition_samples"": 6251}]"
2,151,4,6,KCQA,"(4, 6, 0, 3)",5821,4,1421,"[{""A_start"": 2, ""service_lookup_id"": 125, ""transition_samples"": 2}, {""A_start"": 3, ""service_lookup_id"": 126, ""transition_samples"": 5819}]"
2,152,4,6,KCQ,"(4, 6, 0)",25493,4,1,"[{""A_start"": 0, ""service_lookup_id"": 123, ""transition_samples"": 7106}, {""A_start"": 1, ""service_lookup_id"": 124, ""transition_samples"": 6312}, {""A_start"": 2, ""service_lookup_id"": 125, ""transition_samples"": 6253}, {""A_start"": 3, ""service_lookup_id"": 126, ""transition_samples"": 5819}, {""A_start"": 4, ""service_lookup_id"": 127, ""transition_samples"": 3}]"
2,153,4,6,KCQA,"(4, 6, 1, 0)",797,4,206,"[{""A_start"": 1, ""service_lookup_id"": 124, ""transition_samples"": 797}]"
2,154,4,6,KCQA,"(4, 6, 1, 1)",844,4,223,"[{""A_start"": 2, ""service_lookup_id"": 125, ""transition_samples"": 844}]"
2,155,4,6,KCQA,"(4, 6, 1, 2)",1198,4,332,"[{""A_start"": 2, ""service_lookup_id"": 125, ""transition_samples"": 1}, {""A_start"": 3, ""service_lookup_id"": 126, ""transition_samples"": 1197}]"
2,156,4,6,KCA,"(4, 6, 0)",7934,4,14,"[{""A_start"": 0, ""service_lookup_id"": 123, ""transition_samples"": 7106}, {""A_start"": 1, ""service_lookup_id"": 124, ""transition_samples"": 797}, {""A_start"": 2, ""service_lookup_id"": 125, ""transition_samples"": 31}]"
2,157,4,6,KCA,"(4, 6, 1)",7233,4,25,"[{""A_start"": 1, ""service_lookup_id"": 124, ""transition_samples"": 6311}, {""A_start"": 2, ""service_lookup_id"": 125, ""transition_samples"": 845}, {""A_start"": 3, ""service_lookup_id"": 126, ""transition_samples"": 77}]"
2,158,4,7,KCQA,"(4, 7, 0, 0)",7104,4,1775,"[{""A_start"": 0, ""service_lookup_id"": 129, ""transition_samples"": 7104}]"
2,159,4,7,KCQA,"(4, 7, 0, 1)",6383,4,1637,"[{""A_start"": 1, ""service_lookup_id"": 130, ""transition_samples"": 6383}]"
2,160,4,7,KCQA,"(4, 7, 0, 2)",6275,4,1578,"[{""A_start"": 1, ""service_lookup_id"": 130, ""transition_samples"": 1}, {""A_start"": 2, ""service_lookup_id"": 131, ""transition_samples"": 6274}]"
2,161,4,7,KCQA,"(4, 7, 0, 3)",5691,4,1414,"[{""A_start"": 2, ""service_lookup_id"": 131, ""transition_samples"": 2}, {""A_start"": 3, ""service_lookup_id"": 132, ""transition_samples"": 5689}]"
2,162,4,7,KCQA,"(4, 7, 1, 0)",728,4,139,"[{""A_start"": 1, ""service_lookup_id"": 130, ""transition_samples"": 728}]"
2,163,4,7,KCQA,"(4, 7, 1, 1)",822,4,193,"[{""A_start"": 1, ""service_lookup_id"": 130, ""transition_samples"": 1}, {""A_start"": 2, ""service_lookup_id"": 131, ""transition_samples"": 821}]"
2,164,4,7,KCQA,"(4, 7, 1, 2)",1325,4,348,"[{""A_start"": 2, ""service_lookup_id"": 131, ""transition_samples"": 1}, {""A_start"": 3, ""service_lookup_id"": 132, ""transition_samples"": 1324}]"
2,165,4,7,KCA,"(4, 7, 0)",7859,4,9,"[{""A_start"": 0, ""service_lookup_id"": 129, ""transition_samples"": 7104}, {""A_start"": 1, ""service_lookup_id"": 130, ""transition_samples"": 728}, {""A_start"": 2, ""service_lookup_id"": 131, ""transition_samples"": 26}, {""A_start"": 3, ""service_lookup_id"": 132, ""transition_samples"": 1}]"
2,166,4,7,KCA,"(4, 7, 1)",7289,4,12,"[{""A_start"": 1, ""service_lookup_id"": 130, ""transition_samples"": 6384}, {""A_start"": 2, ""service_lookup_id"": 131, ""transition_samples"": 821}, {""A_start"": 3, ""service_lookup_id"": 132, ""transition_samples"": 84}]"
2,167,4,8,KCQA,"(4, 8, 0, 0)",7103,4,1777,"[{""A_start"": 0, ""service_lookup_id"": 136, ""transition_samples"": 7103}]"
2,168,4,8,KCQA,"(4, 8, 0, 1)",6527,4,1622,"[{""A_start"": 1, ""service_lookup_id"": 137, ""transition_samples"": 6527}]"
2,169,4,8,KCQA,"(4, 8, 0, 2)",6392,4,1582,"[{""A_start"": 1, ""service_lookup_id"": 137, ""transition_samples"": 1}, {""A_start"": 2, ""service_lookup_id"": 138, ""transition_samples"": 6391}]"
2,170,4,8,KCQA,"(4, 8, 0, 3)",5820,4,1372,"[{""A_start"": 2, ""service_lookup_id"": 138, ""transition_samples"": 2}, {""A_start"": 3, ""service_lookup_id"": 139, ""transition_samples"": 5818}]"
2,171,4,8,KCQA,"(4, 8, 1, 0)",578,4,157,"[{""A_start"": 1, ""service_lookup_id"": 137, ""transition_samples"": 578}]"
2,172,4,8,KCQA,"(4, 8, 1, 1)",694,4,193,"[{""A_start"": 2, ""service_lookup_id"": 138, ""transition_samples"": 694}]"
2,173,4,8,KCQA,"(4, 8, 1, 2)",1230,4,377,"[{""A_start"": 3, ""service_lookup_id"": 139, ""transition_samples"": 1230}]"
2,174,4,8,KCA,"(4, 8, 0)",7702,4,6,"[{""A_start"": 0, ""service_lookup_id"": 136, ""transition_samples"": 7103}, {""A_start"": 1, ""service_lookup_id"": 137, ""transition_samples"": 578}, {""A_start"": 2, ""service_lookup_id"": 138, ""transition_samples"": 20}, {""A_start"": 3, ""service_lookup_id"": 139, ""transition_samples"": 1}]"
2,175,4,8,KCA,"(4, 8, 1)",7273,4,27,"[{""A_start"": 1, ""service_lookup_id"": 137, ""transition_samples"": 6527}, {""A_start"": 2, ""service_lookup_id"": 138, ""transition_samples"": 694}, {""A_start"": 3, ""service_lookup_id"": 139, ""transition_samples"": 52}]"
2,176,5,1,KCQA,"(5, 1, 0, 0)",7061,4,1765,"[{""A_start"": 0, ""service_lookup_id"": 144, ""transition_samples"": 7061}]"
2,177,5,1,KCQA,"(5, 1, 0, 1)",6811,4,1730,"[{""A_start"": 0, ""service_lookup_id"": 144, ""transition_samples"": 6811}]"
2,178,5,1,KCQA,"(5, 1, 1, 0)",254,4,36,"[{""A_start"": 0, ""service_lookup_id"": 144, ""transition_samples"": 254}]"
2,179,5,1,KCQA,"(5, 1, 1, 1)",7054,4,1767,"[{""A_start"": 0, ""service_lookup_id"": 144, ""transition_samples"": 7054}]"
2,180,5,1,KCQ,"(5, 1, 2)",7121,4,1,"[{""A_start"": 0, ""service_lookup_id"": 144, ""transition_samples"": 7121}]"
2,181,5,1,KCQA,"(5, 1, 2, 1)",7104,4,1773,"[{""A_start"": 0, ""service_lookup_id"": 144, ""transition_samples"": 7104}]"
2,182,5,1,KCQ,"(5, 1, 3)",7031,4,1,"[{""A_start"": 0, ""service_lookup_id"": 144, ""transition_samples"": 7031}]"
2,183,5,1,KCQA,"(5, 1, 3, 1)",7029,4,1756,"[{""A_start"": 0, ""service_lookup_id"": 144, ""transition_samples"": 7029}]"
2,184,5,1,KCA,"(5, 1, 0)",7335,4,1,"[{""A_start"": 0, ""service_lookup_id"": 144, ""transition_samples"": 7335}]"
2,185,5,1,KCA,"(5, 1, 1)",28518,4,126,"[{""A_start"": 0, ""service_lookup_id"": 144, ""transition_samples"": 28518}]"
2,186,5,2,KCQA,"(5, 2, 0, 0)",7119,4,1777,"[{""A_start"": 0, ""service_lookup_id"": 145, ""transition_samples"": 7119}]"
2,187,5,2,KCQA,"(5, 2, 0, 1)",6632,4,1632,"[{""A_start"": 1, ""service_lookup_id"": 146, ""transition_samples"": 6632}]"
2,188,5,2,KCQA,"(5, 2, 0, 2)",6561,4,1626,"[{""A_start"": 1, ""service_lookup_id"": 146, ""transition_samples"": 6561}]"
2,189,5,2,KCQA,"(5, 2, 1, 0)",488,4,145,"[{""A_start"": 1, ""service_lookup_id"": 146, ""transition_samples"": 488}]"
2,190,5,2,KCQA,"(5, 2, 1, 1)",545,4,146,"[{""A_start"": 1, ""service_lookup_id"": 146, ""transition_samples"": 545}]"
2,191,5,2,KCQA,"(5, 2, 1, 2)",7031,4,1784,"[{""A_start"": 1, ""service_lookup_id"": 146, ""transition_samples"": 7031}]"
2,192,5,2,KCQ,"(5, 2, 2)",7204,4,34,"[{""A_start"": 1, ""service_lookup_id"": 146, ""transition_samples"": 7204}]"
2,193,5,2,KCQA,"(5, 2, 2, 2)",7099,4,1741,"[{""A_start"": 1, ""service_lookup_id"": 146, ""transition_samples"": 7099}]"
2,194,5,2,KCA,"(5, 2, 0)",7623,4,3,"[{""A_start"": 0, ""service_lookup_id"": 145, ""transition_samples"": 7119}, {""A_start"": 1, ""service_lookup_id"": 146, ""transition_samples"": 504}]"
2,195,5,2,KCA,"(5, 2, 1)",7293,4,1,"[{""A_start"": 1, ""service_lookup_id"": 146, ""transition_samples"": 7293}]"
2,196,5,2,KCA,"(5, 2, 2)",20930,4,71,"[{""A_start"": 1, ""service_lookup_id"": 146, ""transition_samples"": 20930}]"
2,197,5,3,KCQA,"(5, 3, 0, 0)",7131,4,1783,"[{""A_start"": 0, ""service_lookup_id"": 147, ""transition_samples"": 7131}]"
2,198,5,3,KCQA,"(5, 3, 0, 1)",6417,4,1598,"[{""A_start"": 1, ""service_lookup_id"": 148, ""transition_samples"": 6417}]"
2,199,5,3,KCQA,"(5, 3, 0, 2)",6379,4,1592,"[{""A_start"": 1, ""service_lookup_id"": 148, ""transition_samples"": 1}, {""A_start"": 2, ""service_lookup_id"": 149, ""transition_samples"": 6378}]"
2,200,5,3,KCQA,"(5, 3, 0, 3)",6012,4,1598,"[{""A_start"": 2, ""service_lookup_id"": 149, ""transition_samples"": 6012}]"
2,201,5,3,KCQA,"(5, 3, 1, 0)",714,4,186,"[{""A_start"": 1, ""service_lookup_id"": 148, ""transition_samples"": 714}]"
2,202,5,3,KCQA,"(5, 3, 1, 1)",731,4,192,"[{""A_start"": 2, ""service_lookup_id"": 149, ""transition_samples"": 731}]"
2,203,5,3,KCQA,"(5, 3, 1, 2)",1076,4,224,"[{""A_start"": 2, ""service_lookup_id"": 149, ""transition_samples"": 1076}]"
2,204,5,3,KCQA,"(5, 3, 1, 3)",6883,4,1707,"[{""A_start"": 2, ""service_lookup_id"": 149, ""transition_samples"": 6883}]"
2,205,5,3,KCQ,"(5, 3, 2)",328,4,21,"[{""A_start"": 2, ""service_lookup_id"": 149, ""transition_samples"": 328}]"
2,206,5,3,KCQA,"(5, 3, 2, 2)",247,4,20,"[{""A_start"": 2, ""service_lookup_id"": 149, ""transition_samples"": 247}]"
2,207,5,3,KCA,"(5, 3, 3)",13077,4,41,"[{""A_start"": 2, ""service_lookup_id"": 149, ""transition_samples"": 13077}]"
2,208,5,4,KCQA,"(5, 4, 0, 0)",7130,4,1782,"[{""A_start"": 0, ""service_lookup_id"": 150, ""transition_samples"": 7130}]"
2,209,5,4,KCQA,"(5, 4, 0, 1)",6138,4,1602,"[{""A_start"": 1, ""service_lookup_id"": 151, ""transition_samples"": 6138}]"
2,210,5,4,KCQA,"(5, 4, 0, 2)",6153,4,1461,"[{""A_start"": 1, ""service_lookup_id"": 151, ""transition_samples"": 4}, {""A_start"": 2, ""service_lookup_id"": 152, ""transition_samples"": 6149}]"
2,211,5,4,KCQA,"(5, 4, 0, 3)",5995,4,1377,"[{""A_start"": 2, ""service_lookup_id"": 152, ""transition_samples"": 1}, {""A_start"": 3, ""service_lookup_id"": 153, ""transition_samples"": 5994}]"
2,212,5,4,KCQA,"(5, 4, 0, 4)",6078,4,1410,"[{""A_start"": 3, ""service_lookup_id"": 153, ""transition_samples"": 6078}]"
2,213,5,4,KCQA,"(5, 4, 1, 0)",997,4,182,"[{""A_start"": 1, ""service_lookup_id"": 151, ""transition_samples"": 997}]"
2,214,5,4,KCQA,"(5, 4, 1, 1)",917,4,306,"[{""A_start"": 2, ""service_lookup_id"": 152, ""transition_samples"": 917}]"
2,215,5,4,KCQA,"(5, 4, 1, 2)",1104,4,363,"[{""A_start"": 2, ""service_lookup_id"": 152, ""transition_samples"": 6}, {""A_start"": 3, ""service_lookup_id"": 153, ""transition_samples"": 1098}]"
2,216,5,4,KCQA,"(5, 4, 1, 3)",919,4,327,"[{""A_start"": 3, ""service_lookup_id"": 153, ""transition_samples"": 919}]"
2,217,5,4,KCQ,"(5, 4, 1)",3943,4,2,"[{""A_start"": 1, ""service_lookup_id"": 151, ""transition_samples"": 997}, {""A_start"": 2, ""service_lookup_id"": 152, ""transition_samples"": 923}, {""A_start"": 3, ""service_lookup_id"": 153, ""transition_samples"": 2023}]"
2,218,5,4,KCQ,"(5, 4, 2)",240,4,102,"[{""A_start"": 2, ""service_lookup_id"": 152, ""transition_samples"": 70}, {""A_start"": 3, ""service_lookup_id"": 153, ""transition_samples"": 170}]"
2,219,5,4,KCA,"(5, 4, 1)",7128,4,4,"[{""A_start"": 1, ""service_lookup_id"": 151, ""transition_samples"": 6138}, {""A_start"": 2, ""service_lookup_id"": 152, ""transition_samples"": 918}, {""A_start"": 3, ""service_lookup_id"": 153, ""transition_samples"": 72}]"
2,220,5,4,KCA,"(5, 4, 4)",6236,4,37,"[{""A_start"": 3, ""service_lookup_id"": 153, ""transition_samples"": 6236}]"
2,221,5,5,KCQA,"(5, 5, 0, 0)",7068,4,1769,"[{""A_start"": 0, ""service_lookup_id"": 154, ""transition_samples"": 7068}]"
2,222,5,5,KCQA,"(5, 5, 0, 1)",6385,4,1567,"[{""A_start"": 1, ""service_lookup_id"": 155, ""transition_samples"": 6385}]"
2,223,5,5,KCQA,"(5, 5, 0, 2)",5980,4,1524,"[{""A_start"": 1, ""service_lookup_id"": 155, ""transition_samples"": 1}, {""A_start"": 2, ""service_lookup_id"": 156, ""transition_samples"": 5979}]"
2,224,5,5,KCQA,"(5, 5, 0, 3)",5590,4,1413,"[{""A_start"": 3, ""service_lookup_id"": 157, ""transition_samples"": 5590}]"
2,225,5,5,KCQA,"(5, 5, 0, 4)",5645,4,1431,"[{""A_start"": 4, ""service_lookup_id"": 158, ""transition_samples"": 5645}]"
2,226,5,5,KCQ,"(5, 5, 0)",30671,4,2,"[{""A_start"": 0, ""service_lookup_id"": 154, ""transition_samples"": 7068}, {""A_start"": 1, ""service_lookup_id"": 155, ""transition_samples"": 6386}, {""A_start"": 2, ""service_lookup_id"": 156, ""transition_samples"": 5979}, {""A_start"": 3, ""service_lookup_id"": 157, ""transition_samples"": 5590}, {""A_start"": 4, ""service_lookup_id"": 158, ""transition_samples"": 5648}]"
2,227,5,5,KCQA,"(5, 5, 1, 0)",685,4,204,"[{""A_start"": 1, ""service_lookup_id"": 155, ""transition_samples"": 685}]"
2,228,5,5,KCQA,"(5, 5, 1, 1)",1048,4,240,"[{""A_start"": 1, ""service_lookup_id"": 155, ""transition_samples"": 1}, {""A_start"": 2, ""service_lookup_id"": 156, ""transition_samples"": 1047}]"
2,229,5,5,KCQA,"(5, 5, 1, 2)",1401,4,334,"[{""A_start"": 2, ""service_lookup_id"": 156, ""transition_samples"": 3}, {""A_start"": 3, ""service_lookup_id"": 157, ""transition_samples"": 1398}]"
2,230,5,5,KCQA,"(5, 5, 1, 3)",1282,4,301,"[{""A_start"": 4, ""service_lookup_id"": 158, ""transition_samples"": 1282}]"
2,231,5,5,KCQ,"(5, 5, 1)",4418,4,1,"[{""A_start"": 1, ""service_lookup_id"": 155, ""transition_samples"": 686}, {""A_start"": 2, ""service_lookup_id"": 156, ""transition_samples"": 1050}, {""A_start"": 3, ""service_lookup_id"": 157, ""transition_samples"": 1398}, {""A_start"": 4, ""service_lookup_id"": 158, ""transition_samples"": 1284}]"
2,232,5,5,KCQ,"(5, 5, 2)",285,4,73,"[{""A_start"": 2, ""service_lookup_id"": 156, ""transition_samples"": 50}, {""A_start"": 3, ""service_lookup_id"": 157, ""transition_samples"": 94}, {""A_start"": 4, ""service_lookup_id"": 158, ""transition_samples"": 141}]"
2,233,5,6,KCQA,"(5, 6, 0, 0)",7051,4,1763,"[{""A_start"": 0, ""service_lookup_id"": 159, ""transition_samples"": 7051}]"
2,234,5,6,KCQA,"(5, 6, 0, 1)",6172,4,1560,"[{""A_start"": 1, ""service_lookup_id"": 160, ""transition_samples"": 6172}]"
2,235,5,6,KCQA,"(5, 6, 0, 2)",5824,4,1465,"[{""A_start"": 1, ""service_lookup_id"": 160, ""transition_samples"": 1}, {""A_start"": 2, ""service_lookup_id"": 161, ""transition_samples"": 5823}]"
2,236,5,6,KCQA,"(5, 6, 0, 3)",5317,4,1404,"[{""A_start"": 3, ""service_lookup_id"": 162, ""transition_samples"": 5317}]"
2,237,5,6,KCQA,"(5, 6, 0, 4)",5445,4,1430,"[{""A_start"": 4, ""service_lookup_id"": 163, ""transition_samples"": 5445}]"
2,238,5,6,KCQ,"(5, 6, 0)",29818,4,1,"[{""A_start"": 0, ""service_lookup_id"": 159, ""transition_samples"": 7051}, {""A_start"": 1, ""service_lookup_id"": 160, ""transition_samples"": 6173}, {""A_start"": 2, ""service_lookup_id"": 161, ""transition_samples"": 5823}, {""A_start"": 3, ""service_lookup_id"": 162, ""transition_samples"": 5317}, {""A_start"": 4, ""service_lookup_id"": 163, ""transition_samples"": 5445}, {""A_start"": 5, ""service_lookup_id"": 164, ""transition_samples"": 9}]"
2,239,5,6,KCQA,"(5, 6, 1, 0)",885,4,206,"[{""A_start"": 1, ""service_lookup_id"": 160, ""transition_samples"": 885}]"
2,240,5,6,KCQA,"(5, 6, 1, 1)",1180,4,290,"[{""A_start"": 2, ""service_lookup_id"": 161, ""transition_samples"": 1180}]"
2,241,5,6,KCQA,"(5, 6, 1, 2)",1592,4,328,"[{""A_start"": 3, ""service_lookup_id"": 162, ""transition_samples"": 1592}]"
2,242,5,6,KCQA,"(5, 6, 1, 3)",1383,4,296,"[{""A_start"": 3, ""service_lookup_id"": 162, ""transition_samples"": 1}, {""A_start"": 4, ""service_lookup_id"": 163, ""transition_samples"": 1382}]"
2,243,5,6,KCQ,"(5, 6, 1)",5040,4,1,"[{""A_start"": 1, ""service_lookup_id"": 160, ""transition_samples"": 885}, {""A_start"": 2, ""service_lookup_id"": 161, ""transition_samples"": 1180}, {""A_start"": 3, ""service_lookup_id"": 162, ""transition_samples"": 1593}, {""A_start"": 4, ""service_lookup_id"": 163, ""transition_samples"": 1382}]"
2,244,5,6,KCQ,"(5, 6, 2)",423,4,44,"[{""A_start"": 2, ""service_lookup_id"": 161, ""transition_samples"": 60}, {""A_start"": 3, ""service_lookup_id"": 162, ""transition_samples"": 151}, {""A_start"": 4, ""service_lookup_id"": 163, ""transition_samples"": 212}]"
2,245,5,6,KCQA,"(5, 6, 2, 2)",212,4,38,"[{""A_start"": 4, ""service_lookup_id"": 163, ""transition_samples"": 212}]"
2,246,5,6,KCA,"(5, 6, 1)",7513,4,2,"[{""A_start"": 1, ""service_lookup_id"": 160, ""transition_samples"": 6172}, {""A_start"": 2, ""service_lookup_id"": 161, ""transition_samples"": 1180}, {""A_start"": 3, ""service_lookup_id"": 162, ""transition_samples"": 151}, {""A_start"": 4, ""service_lookup_id"": 163, ""transition_samples"": 10}]"
2,247,5,6,KC,"(5, 6)",35297,4,1,"[{""A_start"": 0, ""service_lookup_id"": 159, ""transition_samples"": 7051}, {""A_start"": 1, ""service_lookup_id"": 160, ""transition_samples"": 7058}, {""A_start"": 2, ""service_lookup_id"": 161, ""transition_samples"": 7063}, {""A_start"": 3, ""service_lookup_id"": 162, ""transition_samples"": 7065}, {""A_start"": 4, ""service_lookup_id"": 163, ""transition_samples"": 7049}, {""A_start"": 5, ""service_lookup_id"": 164, ""transition_samples"": 11}]"
2,248,5,7,KCQA,"(5, 7, 0, 0)",7052,4,1763,"[{""A_start"": 0, ""service_lookup_id"": 165, ""transition_samples"": 7052}]"
2,249,5,7,KCQA,"(5, 7, 0, 1)",6264,4,1551,"[{""A_start"": 1, ""service_lookup_id"": 166, ""transition_samples"": 6264}]"
2,250,5,7,KCQA,"(5, 7, 0, 2)",5740,4,1486,"[{""A_start"": 2, ""service_lookup_id"": 167, ""transition_samples"": 5740}]"
2,251,5,7,KCQA,"(5, 7, 0, 3)",5294,4,1350,"[{""A_start"": 2, ""service_lookup_id"": 167, ""transition_samples"": 1}, {""A_start"": 3, ""service_lookup_id"": 168, ""transition_samples"": 5293}]"
2,252,5,7,KCQA,"(5, 7, 0, 4)",5345,4,1317,"[{""A_start"": 4, ""service_lookup_id"": 169, ""transition_samples"": 5345}]"
2,253,5,7,KCQ,"(5, 7, 0)",29703,4,1,"[{""A_start"": 0, ""service_lookup_id"": 165, ""transition_samples"": 7052}, {""A_start"": 1, ""service_lookup_id"": 166, ""transition_samples"": 6264}, {""A_start"": 2, ""service_lookup_id"": 167, ""transition_samples"": 5741}, {""A_start"": 3, ""service_lookup_id"": 168, ""transition_samples"": 5293}, {""A_start"": 4, ""service_lookup_id"": 169, ""transition_samples"": 5345}, {""A_start"": 5, ""service_lookup_id"": 170, ""transition_samples"": 6}, {""A_start"": 6, ""service_lookup_id"": 171, ""transition_samples"": 2}]"
2,254,5,7,KCQA,"(5, 7, 1, 0)",791,4,213,"[{""A_start"": 1, ""service_lookup_id"": 166, ""transition_samples"": 791}]"
2,255,5,7,KCQA,"(5, 7, 1, 1)",1268,4,268,"[{""A_start"": 2, ""service_lookup_id"": 167, ""transition_samples"": 1268}]"
2,256,5,7,KCQA,"(5, 7, 1, 2)",1620,4,379,"[{""A_start"": 3, ""service_lookup_id"": 168, ""transition_samples"": 1620}]"
2,257,5,7,KCQA,"(5, 7, 1, 3)",1474,4,392,"[{""A_start"": 3, ""service_lookup_id"": 168, ""transition_samples"": 1}, {""A_start"": 4, ""service_lookup_id"": 169, ""transition_samples"": 1473}]"
2,258,5,7,KCQ,"(5, 7, 2)",416,4,46,"[{""A_start"": 2, ""service_lookup_id"": 167, ""transition_samples"": 51}, {""A_start"": 3, ""service_lookup_id"": 168, ""transition_samples"": 148}, {""A_start"": 4, ""service_lookup_id"": 169, ""transition_samples"": 217}]"
2,259,5,7,KCQA,"(5, 7, 2, 2)",217,4,53,"[{""A_start"": 4, ""service_lookup_id"": 169, ""transition_samples"": 217}]"
2,260,5,7,KCA,"(5, 7, 1)",7703,4,1,"[{""A_start"": 1, ""service_lookup_id"": 166, ""transition_samples"": 6264}, {""A_start"": 2, ""service_lookup_id"": 167, ""transition_samples"": 1268}, {""A_start"": 3, ""service_lookup_id"": 168, ""transition_samples"": 148}, {""A_start"": 4, ""service_lookup_id"": 169, ""transition_samples"": 23}]"
2,261,5,8,KCQA,"(5, 8, 0, 0)",7049,4,1759,"[{""A_start"": 0, ""service_lookup_id"": 172, ""transition_samples"": 7049}]"
2,262,5,8,KCQA,"(5, 8, 0, 1)",6112,4,1554,"[{""A_start"": 1, ""service_lookup_id"": 173, ""transition_samples"": 6112}]"
2,263,5,8,KCQA,"(5, 8, 0, 2)",5644,4,1501,"[{""A_start"": 1, ""service_lookup_id"": 173, ""transition_samples"": 1}, {""A_start"": 2, ""service_lookup_id"": 174, ""transition_samples"": 5643}]"
2,264,5,8,KCQA,"(5, 8, 0, 3)",5105,4,1442,"[{""A_start"": 2, ""service_lookup_id"": 174, ""transition_samples"": 1}, {""A_start"": 3, ""service_lookup_id"": 175, ""transition_samples"": 5104}]"
2,265,5,8,KCQA,"(5, 8, 0, 4)",5169,4,1579,"[{""A_start"": 3, ""service_lookup_id"": 175, ""transition_samples"": 1}, {""A_start"": 4, ""service_lookup_id"": 176, ""transition_samples"": 5168}]"
2,266,5,8,KCQ,"(5, 8, 0)",29086,4,5,"[{""A_start"": 0, ""service_lookup_id"": 172, ""transition_samples"": 7049}, {""A_start"": 1, ""service_lookup_id"": 173, ""transition_samples"": 6113}, {""A_start"": 2, ""service_lookup_id"": 174, ""transition_samples"": 5644}, {""A_start"": 3, ""service_lookup_id"": 175, ""transition_samples"": 5105}, {""A_start"": 4, ""service_lookup_id"": 176, ""transition_samples"": 5168}, {""A_start"": 5, ""service_lookup_id"": 177, ""transition_samples"": 4}, {""A_start"": 6, ""service_lookup_id"": 178, ""transition_samples"": 3}]"
2,267,5,8,KCQA,"(5, 8, 1, 0)",939,4,207,"[{""A_start"": 1, ""service_lookup_id"": 173, ""transition_samples"": 939}]"
2,268,5,8,KCQA,"(5, 8, 1, 1)",1345,4,245,"[{""A_start"": 2, ""service_lookup_id"": 174, ""transition_samples"": 1345}]"
2,269,5,8,KCQA,"(5, 8, 1, 2)",1761,4,301,"[{""A_start"": 3, ""service_lookup_id"": 175, ""transition_samples"": 1761}]"
2,270,5,8,KCQA,"(5, 8, 1, 3)",1621,4,151,"[{""A_start"": 4, ""service_lookup_id"": 176, ""transition_samples"": 1621}]"
2,271,5,8,KCQ,"(5, 8, 1)",5666,4,1,"[{""A_start"": 1, ""service_lookup_id"": 173, ""transition_samples"": 939}, {""A_start"": 2, ""service_lookup_id"": 174, ""transition_samples"": 1345}, {""A_start"": 3, ""service_lookup_id"": 175, ""transition_samples"": 1761}, {""A_start"": 4, ""service_lookup_id"": 176, ""transition_samples"": 1621}]"
2,272,5,8,KCQ,"(5, 8, 2)",509,4,43,"[{""A_start"": 2, ""service_lookup_id"": 174, ""transition_samples"": 67}, {""A_start"": 3, ""service_lookup_id"": 175, ""transition_samples"": 190}, {""A_start"": 4, ""service_lookup_id"": 176, ""transition_samples"": 252}]"
2,273,5,8,KCQA,"(5, 8, 2, 2)",252,4,17,"[{""A_start"": 4, ""service_lookup_id"": 176, ""transition_samples"": 252}]"
2,274,5,8,KCA,"(5, 8, 1)",7661,4,1,"[{""A_start"": 1, ""service_lookup_id"": 173, ""transition_samples"": 6112}, {""A_start"": 2, ""service_lookup_id"": 174, ""transition_samples"": 1345}, {""A_start"": 3, ""service_lookup_id"": 175, ""transition_samples"": 190}, {""A_start"": 4, ""service_lookup_id"": 176, ""transition_samples"": 14}]"
2,275,6,1,KCA,"(6, 1, 1)",38055,4,1333,"[{""A_start"": 0, ""service_lookup_id"": 180, ""transition_samples"": 38055}]"
2,276,6,1,KCQA,"(6, 1, 23, 1)",271,4,398,"[{""A_start"": 0, ""service_lookup_id"": 180, ""transition_samples"": 271}]"
2,277,6,1,KCQA,"(6, 1, 24, 1)",371,4,411,"[{""A_start"": 0, ""service_lookup_id"": 180, ""transition_samples"": 371}]"
2,278,6,1,KCQA,"(6, 1, 25, 1)",452,4,440,"[{""A_start"": 0, ""service_lookup_id"": 180, ""transition_samples"": 452}]"
2,279,6,1,KCQA,"(6, 1, 26, 1)",658,4,494,"[{""A_start"": 0, ""service_lookup_id"": 180, ""transition_samples"": 658}]"
2,280,6,1,KCQA,"(6, 1, 27, 1)",819,4,609,"[{""A_start"": 0, ""service_lookup_id"": 180, ""transition_samples"": 819}]"
2,281,6,1,KCQA,"(6, 1, 28, 1)",928,4,744,"[{""A_start"": 0, ""service_lookup_id"": 180, ""transition_samples"": 928}]"
2,282,6,1,KCQA,"(6, 1, 29, 1)",947,4,848,"[{""A_start"": 0, ""service_lookup_id"": 180, ""transition_samples"": 947}]"
2,283,6,1,KCQA,"(6, 1, 30, 1)",971,4,938,"[{""A_start"": 0, ""service_lookup_id"": 180, ""transition_samples"": 971}]"
2,284,6,1,KCQA,"(6, 1, 31, 1)",946,4,902,"[{""A_start"": 0, ""service_lookup_id"": 180, ""transition_samples"": 946}]"
2,285,6,1,KCQA,"(6, 1, 32, 1)",870,4,838,"[{""A_start"": 0, ""service_lookup_id"": 180, ""transition_samples"": 870}]"
2,286,6,1,KCQA,"(6, 1, 33, 1)",828,4,716,"[{""A_start"": 0, ""service_lookup_id"": 180, ""transition_samples"": 828}]"
2,287,6,1,KCQA,"(6, 1, 34, 1)",755,4,557,"[{""A_start"": 0, ""service_lookup_id"": 180, ""transition_samples"": 755}]"
2,288,6,1,KCQA,"(6, 1, 35, 1)",703,4,430,"[{""A_start"": 0, ""service_lookup_id"": 180, ""transition_samples"": 703}]"
2,289,6,1,KCQA,"(6, 1, 36, 1)",628,4,373,"[{""A_start"": 0, ""service_lookup_id"": 180, ""transition_samples"": 628}]"
2,290,6,1,KCQA,"(6, 1, 37, 1)",514,4,290,"[{""A_start"": 0, ""service_lookup_id"": 180, ""transition_samples"": 514}]"
2,291,6,1,KCQA,"(6, 1, 38, 1)",407,4,245,"[{""A_start"": 0, ""service_lookup_id"": 180, ""transition_samples"": 407}]"
2,292,6,1,KCQA,"(6, 1, 39, 1)",305,4,194,"[{""A_start"": 0, ""service_lookup_id"": 180, ""transition_samples"": 305}]"
2,293,6,2,KCQA,"(6, 2, 0, 0)",7019,4,1761,"[{""A_start"": 0, ""service_lookup_id"": 181, ""transition_samples"": 7019}]"
2,294,6,2,KCQA,"(6, 2, 0, 1)",6305,4,1600,"[{""A_start"": 1, ""service_lookup_id"": 182, ""transition_samples"": 6305}]"
2,295,6,2,KCQA,"(6, 2, 0, 2)",5884,4,1467,"[{""A_start"": 1, ""service_lookup_id"": 182, ""transition_samples"": 5884}]"
2,296,6,2,KCQA,"(6, 2, 1, 0)",718,4,161,"[{""A_start"": 1, ""service_lookup_id"": 182, ""transition_samples"": 718}]"
2,297,6,2,KCQA,"(6, 2, 1, 1)",1092,4,287,"[{""A_start"": 1, ""service_lookup_id"": 182, ""transition_samples"": 1092}]"
2,298,6,2,KCQA,"(6, 2, 1, 2)",6726,4,1682,"[{""A_start"": 1, ""service_lookup_id"": 182, ""transition_samples"": 6726}]"
2,299,6,2,KCQ,"(6, 2, 2)",7327,4,9,"[{""A_start"": 1, ""service_lookup_id"": 182, ""transition_samples"": 7327}]"
2,300,6,2,KCQA,"(6, 2, 2, 1)",305,4,80,"[{""A_start"": 1, ""service_lookup_id"": 182, ""transition_samples"": 305}]"
2,301,6,2,KCQA,"(6, 2, 2, 2)",6971,4,1753,"[{""A_start"": 1, ""service_lookup_id"": 182, ""transition_samples"": 6971}]"
2,302,6,2,KCQ,"(6, 2, 3)",7065,4,20,"[{""A_start"": 1, ""service_lookup_id"": 182, ""transition_samples"": 7065}]"
2,303,6,2,KCQA,"(6, 2, 3, 2)",6989,4,1752,"[{""A_start"": 1, ""service_lookup_id"": 182, ""transition_samples"": 6989}]"
2,304,6,2,KCA,"(6, 2, 1)",7800,4,5,"[{""A_start"": 1, ""service_lookup_id"": 182, ""transition_samples"": 7800}]"
2,305,6,2,KCA,"(6, 2, 2)",27385,4,177,"[{""A_start"": 1, ""service_lookup_id"": 182, ""transition_samples"": 27385}]"
2,306,6,3,KCQA,"(6, 3, 0, 0)",7076,4,1763,"[{""A_start"": 0, ""service_lookup_id"": 183, ""transition_samples"": 7076}]"
2,307,6,3,KCQA,"(6, 3, 0, 1)",6375,4,1629,"[{""A_start"": 0, ""service_lookup_id"": 183, ""transition_samples"": 1}, {""A_start"": 1, ""service_lookup_id"": 184, ""transition_samples"": 6374}]"
2,308,6,3,KCQA,"(6, 3, 0, 2)",5857,4,1519,"[{""A_start"": 1, ""service_lookup_id"": 184, ""transition_samples"": 1}, {""A_start"": 2, ""service_lookup_id"": 185, ""transition_samples"": 5856}]"
2,309,6,3,KCQA,"(6, 3, 0, 3)",5362,4,1434,"[{""A_start"": 2, ""service_lookup_id"": 185, ""transition_samples"": 5362}]"
2,310,6,3,KCQA,"(6, 3, 1, 0)",711,4,134,"[{""A_start"": 1, ""service_lookup_id"": 184, ""transition_samples"": 711}]"
2,311,6,3,KCQA,"(6, 3, 1, 1)",1171,4,233,"[{""A_start"": 2, ""service_lookup_id"": 185, ""transition_samples"": 1171}]"
2,312,6,3,KCQA,"(6, 3, 1, 2)",1569,4,308,"[{""A_start"": 2, ""service_lookup_id"": 185, ""transition_samples"": 1569}]"
2,313,6,3,KCQA,"(6, 3, 1, 3)",6591,4,1680,"[{""A_start"": 2, ""service_lookup_id"": 185, ""transition_samples"": 6591}]"
2,314,6,3,KCQ,"(6, 3, 2)",7635,4,35,"[{""A_start"": 2, ""service_lookup_id"": 185, ""transition_samples"": 7635}]"
2,315,6,3,KCQA,"(6, 3, 2, 2)",472,4,84,"[{""A_start"": 2, ""service_lookup_id"": 185, ""transition_samples"": 472}]"
2,316,6,3,KCQA,"(6, 3, 2, 3)",6958,4,1739,"[{""A_start"": 2, ""service_lookup_id"": 185, ""transition_samples"": 6958}]"
2,317,6,3,KCA,"(6, 3, 0)",7847,4,1,"[{""A_start"": 0, ""service_lookup_id"": 183, ""transition_samples"": 7076}, {""A_start"": 1, ""service_lookup_id"": 184, ""transition_samples"": 711}, {""A_start"": 2, ""service_lookup_id"": 185, ""transition_samples"": 60}]"
2,318,6,3,KCA,"(6, 3, 1)",7727,4,2,"[{""A_start"": 0, ""service_lookup_id"": 183, ""transition_samples"": 1}, {""A_start"": 1, ""service_lookup_id"": 184, ""transition_samples"": 6374}, {""A_start"": 2, ""service_lookup_id"": 185, ""transition_samples"": 1352}]"
2,319,6,3,KCA,"(6, 3, 2)",8029,4,25,"[{""A_start"": 1, ""service_lookup_id"": 184, ""transition_samples"": 1}, {""A_start"": 2, ""service_lookup_id"": 185, ""transition_samples"": 8028}]"
2,320,6,3,KCA,"(6, 3, 3)",19368,4,146,"[{""A_start"": 2, ""service_lookup_id"": 185, ""transition_samples"": 19368}]"
2,321,6,4,KCQA,"(6, 4, 0, 0)",7071,4,1770,"[{""A_start"": 0, ""service_lookup_id"": 186, ""transition_samples"": 7071}]"
2,322,6,4,KCQA,"(6, 4, 0, 1)",5919,4,1526,"[{""A_start"": 0, ""service_lookup_id"": 186, ""transition_samples"": 3}, {""A_start"": 1, ""service_lookup_id"": 187, ""transition_samples"": 5916}]"
2,323,6,4,KCQA,"(6, 4, 0, 2)",5571,4,1417,"[{""A_start"": 1, ""service_lookup_id"": 187, ""transition_samples"": 3}, {""A_start"": 2, ""service_lookup_id"": 188, ""transition_samples"": 5568}]"
2,324,6,4,KCQA,"(6, 4, 0, 3)",5450,4,1388,"[{""A_start"": 2, ""service_lookup_id"": 188, ""transition_samples"": 1}, {""A_start"": 3, ""service_lookup_id"": 189, ""transition_samples"": 5449}]"
2,325,6,4,KCQA,"(6, 4, 0, 4)",5345,4,1347,"[{""A_start"": 3, ""service_lookup_id"": 189, ""transition_samples"": 5345}]"
2,326,6,4,KCQA,"(6, 4, 1, 0)",1169,4,244,"[{""A_start"": 1, ""service_lookup_id"": 187, ""transition_samples"": 1169}]"
2,327,6,4,KCQA,"(6, 4, 1, 1)",1411,4,338,"[{""A_start"": 1, ""service_lookup_id"": 187, ""transition_samples"": 3}, {""A_start"": 2, ""service_lookup_id"": 188, ""transition_samples"": 1408}]"
2,328,6,4,KCQA,"(6, 4, 1, 2)",1475,4,345,"[{""A_start"": 2, ""service_lookup_id"": 188, ""transition_samples"": 1}, {""A_start"": 3, ""service_lookup_id"": 189, ""transition_samples"": 1474}]"
2,329,6,4,KCQA,"(6, 4, 1, 3)",1533,4,370,"[{""A_start"": 3, ""service_lookup_id"": 189, ""transition_samples"": 1533}]"
2,330,6,4,KCQA,"(6, 4, 1, 4)",6725,4,1685,"[{""A_start"": 3, ""service_lookup_id"": 189, ""transition_samples"": 6725}]"
2,331,6,4,KCQ,"(6, 4, 2)",863,4,63,"[{""A_start"": 2, ""service_lookup_id"": 188, ""transition_samples"": 123}, {""A_start"": 3, ""service_lookup_id"": 189, ""transition_samples"": 740}]"
2,332,6,4,KCQA,"(6, 4, 2, 2)",211,4,54,"[{""A_start"": 3, ""service_lookup_id"": 189, ""transition_samples"": 211}]"
2,333,6,4,KCQA,"(6, 4, 2, 3)",342,4,82,"[{""A_start"": 3, ""service_lookup_id"": 189, ""transition_samples"": 342}]"
2,334,6,4,KCA,"(6, 4, 1)",7522,4,2,"[{""A_start"": 0, ""service_lookup_id"": 186, ""transition_samples"": 3}, {""A_start"": 1, ""service_lookup_id"": 187, ""transition_samples"": 5919}, {""A_start"": 2, ""service_lookup_id"": 188, ""transition_samples"": 1408}, {""A_start"": 3, ""service_lookup_id"": 189, ""transition_samples"": 192}]"
2,335,6,4,KCA,"(6, 4, 2)",7280,4,7,"[{""A_start"": 1, ""service_lookup_id"": 187, ""transition_samples"": 3}, {""A_start"": 2, ""service_lookup_id"": 188, ""transition_samples"": 5569}, {""A_start"": 3, ""service_lookup_id"": 189, ""transition_samples"": 1708}]"
2,336,6,4,KCA,"(6, 4, 4)",12310,4,101,"[{""A_start"": 3, ""service_lookup_id"": 189, ""transition_samples"": 12310}]"
2,337,6,5,KCQA,"(6, 5, 0, 0)",6915,4,1723,"[{""A_start"": 0, ""service_lookup_id"": 190, ""transition_samples"": 6915}]"
2,338,6,5,KCQA,"(6, 5, 0, 1)",5969,4,1465,"[{""A_start"": 0, ""service_lookup_id"": 190, ""transition_samples"": 7}, {""A_start"": 1, ""service_lookup_id"": 191, ""transition_samples"": 5962}]"
2,339,6,5,KCQA,"(6, 5, 0, 2)",5474,4,1374,"[{""A_start"": 1, ""service_lookup_id"": 191, ""transition_samples"": 4}, {""A_start"": 2, ""service_lookup_id"": 192, ""transition_samples"": 5470}]"
2,340,6,5,KCQA,"(6, 5, 0, 3)",5188,4,1283,"[{""A_start"": 2, ""service_lookup_id"": 192, ""transition_samples"": 2}, {""A_start"": 3, ""service_lookup_id"": 193, ""transition_samples"": 5186}]"
2,341,6,5,KCQA,"(6, 5, 0, 4)",5164,4,1262,"[{""A_start"": 3, ""service_lookup_id"": 193, ""transition_samples"": 2}, {""A_start"": 4, ""service_lookup_id"": 194, ""transition_samples"": 5162}]"
2,342,6,5,KCQA,"(6, 5, 0, 5)",5593,4,1379,"[{""A_start"": 4, ""service_lookup_id"": 194, ""transition_samples"": 5593}]"
2,343,6,5,KCQA,"(6, 5, 1, 0)",1011,4,277,"[{""A_start"": 1, ""service_lookup_id"": 191, ""transition_samples"": 1011}]"
2,344,6,5,KCQA,"(6, 5, 1, 1)",1421,4,346,"[{""A_start"": 1, ""service_lookup_id"": 191, ""transition_samples"": 2}, {""A_start"": 2, ""service_lookup_id"": 192, ""transition_samples"": 1419}]"
2,345,6,5,KCQA,"(6, 5, 1, 2)",1600,4,410,"[{""A_start"": 2, ""service_lookup_id"": 192, ""transition_samples"": 2}, {""A_start"": 3, ""service_lookup_id"": 193, ""transition_samples"": 1598}]"
2,346,6,5,KCQA,"(6, 5, 1, 3)",1571,4,412,"[{""A_start"": 4, ""service_lookup_id"": 194, ""transition_samples"": 1571}]"
2,347,6,5,KCQA,"(6, 5, 1, 4)",1185,4,301,"[{""A_start"": 4, ""service_lookup_id"": 194, ""transition_samples"": 1185}]"
2,348,6,5,KCQ,"(6, 5, 1)",6801,4,1,"[{""A_start"": 1, ""service_lookup_id"": 191, ""transition_samples"": 1013}, {""A_start"": 2, ""service_lookup_id"": 192, ""transition_samples"": 1421}, {""A_start"": 3, ""service_lookup_id"": 193, ""transition_samples"": 1598}, {""A_start"": 4, ""service_lookup_id"": 194, ""transition_samples"": 2769}]"
2,349,6,5,KCQ,"(6, 5, 2)",703,4,119,"[{""A_start"": 2, ""service_lookup_id"": 192, ""transition_samples"": 91}, {""A_start"": 3, ""service_lookup_id"": 193, ""transition_samples"": 191}, {""A_start"": 4, ""service_lookup_id"": 194, ""transition_samples"": 421}]"
2,350,6,5,KCQA,"(6, 5, 2, 2)",238,4,65,"[{""A_start"": 4, ""service_lookup_id"": 194, ""transition_samples"": 238}]"
2,351,6,5,KCA,"(6, 5, 0)",8028,4,1,"[{""A_start"": 0, ""service_lookup_id"": 190, ""transition_samples"": 6915}, {""A_start"": 1, ""service_lookup_id"": 191, ""transition_samples"": 1011}, {""A_start"": 2, ""service_lookup_id"": 192, ""transition_samples"": 91}, {""A_start"": 3, ""service_lookup_id"": 193, ""transition_samples"": 9}, {""A_start"": 4, ""service_lookup_id"": 194, ""transition_samples"": 2}]"
2,352,6,5,KCA,"(6, 5, 1)",7604,4,5,"[{""A_start"": 0, ""service_lookup_id"": 190, ""transition_samples"": 7}, {""A_start"": 1, ""service_lookup_id"": 191, ""transition_samples"": 5964}, {""A_start"": 2, ""service_lookup_id"": 192, ""transition_samples"": 1419}, {""A_start"": 3, ""service_lookup_id"": 193, ""transition_samples"": 192}, {""A_start"": 4, ""service_lookup_id"": 194, ""transition_samples"": 22}]"
2,353,6,5,KCA,"(6, 5, 2)",7326,4,9,"[{""A_start"": 1, ""service_lookup_id"": 191, ""transition_samples"": 4}, {""A_start"": 2, ""service_lookup_id"": 192, ""transition_samples"": 5472}, {""A_start"": 3, ""service_lookup_id"": 193, ""transition_samples"": 1598}, {""A_start"": 4, ""service_lookup_id"": 194, ""transition_samples"": 252}]"
2,354,6,6,KCQA,"(6, 6, 0, 0)",6920,4,1734,"[{""A_start"": 0, ""service_lookup_id"": 195, ""transition_samples"": 6920}]"
2,355,6,6,KCQA,"(6, 6, 0, 1)",6278,4,1525,"[{""A_start"": 0, ""service_lookup_id"": 195, ""transition_samples"": 3}, {""A_start"": 1, ""service_lookup_id"": 196, ""transition_samples"": 6275}]"
2,356,6,6,KCQA,"(6, 6, 0, 2)",5844,4,1465,"[{""A_start"": 1, ""service_lookup_id"": 196, ""transition_samples"": 2}, {""A_start"": 2, ""service_lookup_id"": 197, ""transition_samples"": 5842}]"
2,357,6,6,KCQA,"(6, 6, 0, 3)",5567,4,1381,"[{""A_start"": 2, ""service_lookup_id"": 197, ""transition_samples"": 2}, {""A_start"": 3, ""service_lookup_id"": 198, ""transition_samples"": 5565}]"
2,358,6,6,KCQA,"(6, 6, 0, 4)",5446,4,1347,"[{""A_start"": 3, ""service_lookup_id"": 198, ""transition_samples"": 1}, {""A_start"": 4, ""service_lookup_id"": 199, ""transition_samples"": 5445}]"
2,359,6,6,KCQA,"(6, 6, 0, 5)",5417,4,1379,"[{""A_start"": 5, ""service_lookup_id"": 200, ""transition_samples"": 5417}]"
2,360,6,6,KCQ,"(6, 6, 0)",35479,4,3,"[{""A_start"": 0, ""service_lookup_id"": 195, ""transition_samples"": 6923}, {""A_start"": 1, ""service_lookup_id"": 196, ""transition_samples"": 6277}, {""A_start"": 2, ""service_lookup_id"": 197, ""transition_samples"": 5844}, {""A_start"": 3, ""service_lookup_id"": 198, ""transition_samples"": 5566}, {""A_start"": 4, ""service_lookup_id"": 199, ""transition_samples"": 5445}, {""A_start"": 5, ""service_lookup_id"": 200, ""transition_samples"": 5424}]"
2,361,6,6,KCQA,"(6, 6, 1, 0)",659,4,212,"[{""A_start"": 1, ""service_lookup_id"": 196, ""transition_samples"": 659}]"
2,362,6,6,KCQA,"(6, 6, 1, 1)",1060,4,263,"[{""A_start"": 2, ""service_lookup_id"": 197, ""transition_samples"": 1060}]"
2,363,6,6,KCQA,"(6, 6, 1, 2)",1268,4,320,"[{""A_start"": 3, ""service_lookup_id"": 198, ""transition_samples"": 1268}]"
2,364,6,6,KCQA,"(6, 6, 1, 3)",1334,4,342,"[{""A_start"": 3, ""service_lookup_id"": 198, ""transition_samples"": 1}, {""A_start"": 4, ""service_lookup_id"": 199, ""transition_samples"": 1333}]"
2,365,6,6,KCQA,"(6, 6, 1, 4)",1349,4,313,"[{""A_start"": 4, ""service_lookup_id"": 199, ""transition_samples"": 1}, {""A_start"": 5, ""service_lookup_id"": 200, ""transition_samples"": 1348}]"
2,366,6,6,KCQ,"(6, 6, 1)",5675,4,1,"[{""A_start"": 1, ""service_lookup_id"": 196, ""transition_samples"": 659}, {""A_start"": 2, ""service_lookup_id"": 197, ""transition_samples"": 1060}, {""A_start"": 3, ""service_lookup_id"": 198, ""transition_samples"": 1269}, {""A_start"": 4, ""service_lookup_id"": 199, ""transition_samples"": 1334}, {""A_start"": 5, ""service_lookup_id"": 200, ""transition_samples"": 1353}]"
2,367,6,6,KCQ,"(6, 6, 2)",490,4,147,"[{""A_start"": 2, ""service_lookup_id"": 197, ""transition_samples"": 40}, {""A_start"": 3, ""service_lookup_id"": 198, ""transition_samples"": 119}, {""A_start"": 4, ""service_lookup_id"": 199, ""transition_samples"": 170}, {""A_start"": 5, ""service_lookup_id"": 200, ""transition_samples"": 161}]"
2,368,6,6,KCA,"(6, 6, 0)",7622,4,1,"[{""A_start"": 0, ""service_lookup_id"": 195, ""transition_samples"": 6920}, {""A_start"": 1, ""service_lookup_id"": 196, ""transition_samples"": 659}, {""A_start"": 2, ""service_lookup_id"": 197, ""transition_samples"": 40}, {""A_start"": 3, ""service_lookup_id"": 198, ""transition_samples"": 3}]"
2,369,6,6,KCA,"(6, 6, 1)",7464,4,4,"[{""A_start"": 0, ""service_lookup_id"": 195, ""transition_samples"": 3}, {""A_start"": 1, ""service_lookup_id"": 196, ""transition_samples"": 6275}, {""A_start"": 2, ""service_lookup_id"": 197, ""transition_samples"": 1060}, {""A_start"": 3, ""service_lookup_id"": 198, ""transition_samples"": 119}, {""A_start"": 4, ""service_lookup_id"": 199, ""transition_samples"": 7}]"
2,370,6,6,KCA,"(6, 6, 2)",7294,4,3,"[{""A_start"": 1, ""service_lookup_id"": 196, ""transition_samples"": 2}, {""A_start"": 2, ""service_lookup_id"": 197, ""transition_samples"": 5842}, {""A_start"": 3, ""service_lookup_id"": 198, ""transition_samples"": 1268}, {""A_start"": 4, ""service_lookup_id"": 199, ""transition_samples"": 170}, {""A_start"": 5, ""service_lookup_id"": 200, ""transition_samples"": 12}]"
2,371,6,7,KCQA,"(6, 7, 0, 0)",6919,4,1726,"[{""A_start"": 0, ""service_lookup_id"": 201, ""transition_samples"": 6919}]"
2,372,6,7,KCQA,"(6, 7, 0, 1)",6215,4,1560,"[{""A_start"": 0, ""service_lookup_id"": 201, ""transition_samples"": 2}, {""A_start"": 1, ""service_lookup_id"": 202, ""transition_samples"": 6213}]"
2,373,6,7,KCQA,"(6, 7, 0, 2)",5731,4,1428,"[{""A_start"": 2, ""service_lookup_id"": 203, ""transition_samples"": 5731}]"
2,374,6,7,KCQA,"(6, 7, 0, 3)",5376,4,1336,"[{""A_start"": 2, ""service_lookup_id"": 203, ""transition_samples"": 2}, {""A_start"": 3, ""service_lookup_id"": 204, ""transition_samples"": 5374}]"
2,375,6,7,KCQA,"(6, 7, 0, 4)",5222,4,1297,"[{""A_start"": 3, ""service_lookup_id"": 204, ""transition_samples"": 2}, {""A_start"": 4, ""service_lookup_id"": 205, ""transition_samples"": 5220}]"
2,376,6,7,KCQA,"(6, 7, 0, 5)",5341,4,1407,"[{""A_start"": 5, ""service_lookup_id"": 206, ""transition_samples"": 5341}]"
2,377,6,7,KCQ,"(6, 7, 0)",34823,4,2,"[{""A_start"": 0, ""service_lookup_id"": 201, ""transition_samples"": 6921}, {""A_start"": 1, ""service_lookup_id"": 202, ""transition_samples"": 6213}, {""A_start"": 2, ""service_lookup_id"": 203, ""transition_samples"": 5733}, {""A_start"": 3, ""service_lookup_id"": 204, ""transition_samples"": 5376}, {""A_start"": 4, ""service_lookup_id"": 205, ""transition_samples"": 5220}, {""A_start"": 5, ""service_lookup_id"": 206, ""transition_samples"": 5342}, {""A_start"": 6, ""service_lookup_id"": 207, ""transition_samples"": 18}]"
2,378,6,7,KCQA,"(6, 7, 1, 0)",721,4,175,"[{""A_start"": 1, ""service_lookup_id"": 202, ""transition_samples"": 721}]"
2,379,6,7,KCQA,"(6, 7, 1, 1)",1134,4,288,"[{""A_start"": 2, ""service_lookup_id"": 203, ""transition_samples"": 1134}]"
2,380,6,7,KCQA,"(6, 7, 1, 2)",1427,4,363,"[{""A_start"": 3, ""service_lookup_id"": 204, ""transition_samples"": 1427}]"
2,381,6,7,KCQA,"(6, 7, 1, 3)",1505,4,382,"[{""A_start"": 4, ""service_lookup_id"": 205, ""transition_samples"": 1505}]"
2,382,6,7,KCQA,"(6, 7, 1, 4)",1358,4,269,"[{""A_start"": 5, ""service_lookup_id"": 206, ""transition_samples"": 1358}]"
2,383,6,7,KCQ,"(6, 7, 1)",6147,4,2,"[{""A_start"": 1, ""service_lookup_id"": 202, ""transition_samples"": 721}, {""A_start"": 2, ""service_lookup_id"": 203, ""transition_samples"": 1134}, {""A_start"": 3, ""service_lookup_id"": 204, ""transition_samples"": 1427}, {""A_start"": 4, ""service_lookup_id"": 205, ""transition_samples"": 1505}, {""A_start"": 5, ""service_lookup_id"": 206, ""transition_samples"": 1358}, {""A_start"": 6, ""service_lookup_id"": 207, ""transition_samples"": 2}]"
2,384,6,7,KCQ,"(6, 7, 2)",622,4,100,"[{""A_start"": 2, ""service_lookup_id"": 203, ""transition_samples"": 69}, {""A_start"": 3, ""service_lookup_id"": 204, ""transition_samples"": 134}, {""A_start"": 4, ""service_lookup_id"": 205, ""transition_samples"": 199}, {""A_start"": 5, ""service_lookup_id"": 206, ""transition_samples"": 220}]"
2,385,6,7,KCQA,"(6, 7, 2, 3)",220,4,55,"[{""A_start"": 5, ""service_lookup_id"": 206, ""transition_samples"": 220}]"
2,386,6,7,KCA,"(6, 7, 0)",7716,4,1,"[{""A_start"": 0, ""service_lookup_id"": 201, ""transition_samples"": 6919}, {""A_start"": 1, ""service_lookup_id"": 202, ""transition_samples"": 721}, {""A_start"": 2, ""service_lookup_id"": 203, ""transition_samples"": 69}, {""A_start"": 3, ""service_lookup_id"": 204, ""transition_samples"": 6}, {""A_start"": 4, ""service_lookup_id"": 205, ""transition_samples"": 1}]"
2,387,6,7,KCA,"(6, 7, 1)",7497,4,3,"[{""A_start"": 0, ""service_lookup_id"": 201, ""transition_samples"": 2}, {""A_start"": 1, ""service_lookup_id"": 202, ""transition_samples"": 6213}, {""A_start"": 2, ""service_lookup_id"": 203, ""transition_samples"": 1134}, {""A_start"": 3, ""service_lookup_id"": 204, ""transition_samples"": 134}, {""A_start"": 4, ""service_lookup_id"": 205, ""transition_samples"": 13}, {""A_start"": 5, ""service_lookup_id"": 206, ""transition_samples"": 1}]"
2,388,6,7,KCA,"(6, 7, 2)",7369,4,5,"[{""A_start"": 2, ""service_lookup_id"": 203, ""transition_samples"": 5731}, {""A_start"": 3, ""service_lookup_id"": 204, ""transition_samples"": 1427}, {""A_start"": 4, ""service_lookup_id"": 205, ""transition_samples"": 199}, {""A_start"": 5, ""service_lookup_id"": 206, ""transition_samples"": 12}]"
2,389,6,8,KCQA,"(6, 8, 0, 0)",6911,4,1731,"[{""A_start"": 0, ""service_lookup_id"": 208, ""transition_samples"": 6911}]"
2,390,6,8,KCQA,"(6, 8, 0, 1)",6201,4,1537,"[{""A_start"": 0, ""service_lookup_id"": 208, ""transition_samples"": 4}, {""A_start"": 1, ""service_lookup_id"": 209, ""transition_samples"": 6197}]"
2,391,6,8,KCQA,"(6, 8, 0, 2)",5797,4,1426,"[{""A_start"": 1, ""service_lookup_id"": 209, ""transition_samples"": 3}, {""A_start"": 2, ""service_lookup_id"": 210, ""transition_samples"": 5794}]"
2,392,6,8,KCQA,"(6, 8, 0, 3)",5437,4,1349,"[{""A_start"": 2, ""service_lookup_id"": 210, ""transition_samples"": 2}, {""A_start"": 3, ""service_lookup_id"": 211, ""transition_samples"": 5435}]"
2,393,6,8,KCQA,"(6, 8, 0, 4)",5324,4,1320,"[{""A_start"": 4, ""service_lookup_id"": 212, ""transition_samples"": 5324}]"
2,394,6,8,KCQA,"(6, 8, 0, 5)",5428,4,1367,"[{""A_start"": 4, ""service_lookup_id"": 212, ""transition_samples"": 1}, {""A_start"": 5, ""service_lookup_id"": 213, ""transition_samples"": 5427}]"
2,395,6,8,KCQ,"(6, 8, 0)",35106,4,4,"[{""A_start"": 0, ""service_lookup_id"": 208, ""transition_samples"": 6915}, {""A_start"": 1, ""service_lookup_id"": 209, ""transition_samples"": 6200}, {""A_start"": 2, ""service_lookup_id"": 210, ""transition_samples"": 5796}, {""A_start"": 3, ""service_lookup_id"": 211, ""transition_samples"": 5435}, {""A_start"": 4, ""service_lookup_id"": 212, ""transition_samples"": 5325}, {""A_start"": 5, ""service_lookup_id"": 213, ""transition_samples"": 5427}, {""A_start"": 6, ""service_lookup_id"": 214, ""transition_samples"": 7}, {""A_start"": 7, ""service_lookup_id"": 215, ""transition_samples"": 1}]"
2,396,6,8,KCQA,"(6, 8, 1, 0)",734,4,199,"[{""A_start"": 1, ""service_lookup_id"": 209, ""transition_samples"": 734}]"
2,397,6,8,KCQA,"(6, 8, 1, 1)",1079,4,298,"[{""A_start"": 2, ""service_lookup_id"": 210, ""transition_samples"": 1079}]"
2,398,6,8,KCQA,"(6, 8, 1, 2)",1357,4,347,"[{""A_start"": 3, ""service_lookup_id"": 211, ""transition_samples"": 1357}]"
2,399,6,8,KCQA,"(6, 8, 1, 3)",1424,4,368,"[{""A_start"": 3, ""service_lookup_id"": 211, ""transition_samples"": 1}, {""A_start"": 4, ""service_lookup_id"": 212, ""transition_samples"": 1423}]"
2,400,6,8,KCQA,"(6, 8, 1, 4)",1312,4,326,"[{""A_start"": 5, ""service_lookup_id"": 213, ""transition_samples"": 1312}]"
2,401,6,8,KCQ,"(6, 8, 2)",577,4,133,"[{""A_start"": 2, ""service_lookup_id"": 210, ""transition_samples"": 65}, {""A_start"": 3, ""service_lookup_id"": 211, ""transition_samples"": 145}, {""A_start"": 4, ""service_lookup_id"": 212, ""transition_samples"": 188}, {""A_start"": 5, ""service_lookup_id"": 213, ""transition_samples"": 179}]"
2,402,6,8,KCA,"(6, 8, 0)",7715,4,2,"[{""A_start"": 0, ""service_lookup_id"": 208, ""transition_samples"": 6911}, {""A_start"": 1, ""service_lookup_id"": 209, ""transition_samples"": 734}, {""A_start"": 2, ""service_lookup_id"": 210, ""transition_samples"": 65}, {""A_start"": 3, ""service_lookup_id"": 211, ""transition_samples"": 5}]"
2,403,6,8,KCA,"(6, 8, 1)",7434,4,3,"[{""A_start"": 0, ""service_lookup_id"": 208, ""transition_samples"": 4}, {""A_start"": 1, ""service_lookup_id"": 209, ""transition_samples"": 6197}, {""A_start"": 2, ""service_lookup_id"": 210, ""transition_samples"": 1079}, {""A_start"": 3, ""service_lookup_id"": 211, ""transition_samples"": 145}, {""A_start"": 4, ""service_lookup_id"": 212, ""transition_samples"": 9}]"
2,404,6,8,KCA,"(6, 8, 2)",7354,4,5,"[{""A_start"": 1, ""service_lookup_id"": 209, ""transition_samples"": 3}, {""A_start"": 2, ""service_lookup_id"": 210, ""transition_samples"": 5794}, {""A_start"": 3, ""service_lookup_id"": 211, ""transition_samples"": 1357}, {""A_start"": 4, ""service_lookup_id"": 212, ""transition_samples"": 188}, {""A_start"": 5, ""service_lookup_id"": 213, ""transition_samples"": 12}]"
2,405,7,1,KCA,"(7, 1, 1)",50138,4,12519,"[{""A_start"": 0, ""service_lookup_id"": 216, ""transition_samples"": 50138}]"
2,406,7,2,KCQA,"(7, 2, 0, 0)",1398,3,411,"[{""A_start"": 0, ""service_lookup_id"": 217, ""transition_samples"": 1398}]"
2,407,7,2,KCQA,"(7, 2, 0, 1)",2059,3,656,"[{""A_start"": 0, ""service_lookup_id"": 217, ""transition_samples"": 104}, {""A_start"": 1, ""service_lookup_id"": 218, ""transition_samples"": 1955}]"
2,408,7,2,KCQA,"(7, 2, 0, 2)",1757,3,551,"[{""A_start"": 1, ""service_lookup_id"": 218, ""transition_samples"": 1757}]"
2,409,7,2,KCQA,"(7, 2, 1, 0)",276,3,71,"[{""A_start"": 1, ""service_lookup_id"": 218, ""transition_samples"": 276}]"
2,410,7,2,KCQA,"(7, 2, 1, 1)",404,3,128,"[{""A_start"": 1, ""service_lookup_id"": 218, ""transition_samples"": 404}]"
2,411,7,2,KCQA,"(7, 2, 1, 2)",1998,3,653,"[{""A_start"": 1, ""service_lookup_id"": 218, ""transition_samples"": 1998}]"
2,412,7,2,KCQ,"(7, 2, 2)",2212,3,26,"[{""A_start"": 1, ""service_lookup_id"": 218, ""transition_samples"": 2212}]"
2,413,7,2,KCQA,"(7, 2, 2, 2)",2083,3,667,"[{""A_start"": 1, ""service_lookup_id"": 218, ""transition_samples"": 2083}]"
2,414,7,2,KCQ,"(7, 2, 3)",2144,3,4,"[{""A_start"": 1, ""service_lookup_id"": 218, ""transition_samples"": 2144}]"
2,415,7,2,KCQA,"(7, 2, 3, 2)",2122,3,670,"[{""A_start"": 1, ""service_lookup_id"": 218, ""transition_samples"": 2122}]"
2,416,7,2,KCQA,"(7, 2, 4, 2)",2099,3,655,"[{""A_start"": 1, ""service_lookup_id"": 218, ""transition_samples"": 2099}]"
2,417,7,2,KCA,"(7, 2, 2)",45827,4,613,"[{""A_start"": 1, ""service_lookup_id"": 218, ""transition_samples"": 45827}]"
2,418,7,2,KCQA,"(7, 2, 11, 2)",239,4,180,"[{""A_start"": 1, ""service_lookup_id"": 218, ""transition_samples"": 239}]"
2,419,7,2,KCQA,"(7, 2, 12, 2)",310,4,167,"[{""A_start"": 1, ""service_lookup_id"": 218, ""transition_samples"": 310}]"
2,420,7,2,KCQA,"(7, 2, 13, 2)",401,4,135,"[{""A_start"": 1, ""service_lookup_id"": 218, ""transition_samples"": 401}]"
2,421,7,2,KCQA,"(7, 2, 14, 2)",455,4,110,"[{""A_start"": 1, ""service_lookup_id"": 218, ""transition_samples"": 455}]"
2,422,7,2,KCQA,"(7, 2, 15, 2)",484,4,105,"[{""A_start"": 1, ""service_lookup_id"": 218, ""transition_samples"": 484}]"
2,423,7,2,KCQA,"(7, 2, 16, 2)",497,4,112,"[{""A_start"": 1, ""service_lookup_id"": 218, ""transition_samples"": 497}]"
2,424,7,2,KCQA,"(7, 2, 17, 2)",490,4,127,"[{""A_start"": 1, ""service_lookup_id"": 218, ""transition_samples"": 490}]"
2,425,7,2,KCQA,"(7, 2, 18, 2)",485,4,120,"[{""A_start"": 1, ""service_lookup_id"": 218, ""transition_samples"": 485}]"
2,426,7,2,KCQA,"(7, 2, 19, 2)",524,4,114,"[{""A_start"": 1, ""service_lookup_id"": 218, ""transition_samples"": 524}]"
2,427,7,2,KCQA,"(7, 2, 20, 2)",636,4,92,"[{""A_start"": 1, ""service_lookup_id"": 218, ""transition_samples"": 636}]"
2,428,7,2,KCQA,"(7, 2, 21, 2)",769,4,69,"[{""A_start"": 1, ""service_lookup_id"": 218, ""transition_samples"": 769}]"
2,429,7,2,KCQA,"(7, 2, 22, 2)",898,4,61,"[{""A_start"": 1, ""service_lookup_id"": 218, ""transition_samples"": 898}]"
2,430,7,2,KCQA,"(7, 2, 23, 2)",1064,4,65,"[{""A_start"": 1, ""service_lookup_id"": 218, ""transition_samples"": 1064}]"
2,431,7,2,KCQA,"(7, 2, 24, 2)",1170,4,86,"[{""A_start"": 1, ""service_lookup_id"": 218, ""transition_samples"": 1170}]"
2,432,7,2,KCQA,"(7, 2, 25, 2)",1145,4,104,"[{""A_start"": 1, ""service_lookup_id"": 218, ""transition_samples"": 1145}]"
2,433,7,2,KCQA,"(7, 2, 26, 2)",1074,4,115,"[{""A_start"": 1, ""service_lookup_id"": 218, ""transition_samples"": 1074}]"
2,434,7,2,KCQA,"(7, 2, 27, 2)",1071,4,123,"[{""A_start"": 1, ""service_lookup_id"": 218, ""transition_samples"": 1071}]"
2,435,7,2,KCQA,"(7, 2, 28, 2)",1060,4,131,"[{""A_start"": 1, ""service_lookup_id"": 218, ""transition_samples"": 1060}]"
2,436,7,2,KCQA,"(7, 2, 29, 2)",1017,4,122,"[{""A_start"": 1, ""service_lookup_id"": 218, ""transition_samples"": 1017}]"
2,437,7,2,KCQA,"(7, 2, 30, 2)",985,4,107,"[{""A_start"": 1, ""service_lookup_id"": 218, ""transition_samples"": 985}]"
2,438,7,2,KCQA,"(7, 2, 31, 2)",941,4,85,"[{""A_start"": 1, ""service_lookup_id"": 218, ""transition_samples"": 941}]"
2,439,7,2,KCQA,"(7, 2, 32, 2)",833,4,60,"[{""A_start"": 1, ""service_lookup_id"": 218, ""transition_samples"": 833}]"
2,440,7,2,KCQA,"(7, 2, 33, 2)",716,4,56,"[{""A_start"": 1, ""service_lookup_id"": 218, ""transition_samples"": 716}]"
2,441,7,2,KCQA,"(7, 2, 34, 2)",625,4,59,"[{""A_start"": 1, ""service_lookup_id"": 218, ""transition_samples"": 625}]"
2,442,7,2,KCQA,"(7, 2, 35, 2)",593,4,90,"[{""A_start"": 1, ""service_lookup_id"": 218, ""transition_samples"": 593}]"
2,443,7,2,KCQA,"(7, 2, 36, 2)",569,4,150,"[{""A_start"": 1, ""service_lookup_id"": 218, ""transition_samples"": 569}]"
2,444,7,2,KCQA,"(7, 2, 37, 2)",612,4,213,"[{""A_start"": 1, ""service_lookup_id"": 218, ""transition_samples"": 612}]"
2,445,7,2,KCQA,"(7, 2, 38, 2)",667,4,267,"[{""A_start"": 1, ""service_lookup_id"": 218, ""transition_samples"": 667}]"
2,446,7,2,KCQA,"(7, 2, 39, 2)",746,4,320,"[{""A_start"": 1, ""service_lookup_id"": 218, ""transition_samples"": 746}]"
2,447,7,2,KCQA,"(7, 2, 40, 2)",910,4,357,"[{""A_start"": 1, ""service_lookup_id"": 218, ""transition_samples"": 910}]"
2,448,7,2,KCQA,"(7, 2, 41, 2)",1092,4,380,"[{""A_start"": 1, ""service_lookup_id"": 218, ""transition_samples"": 1092}]"
2,449,7,2,KCQA,"(7, 2, 42, 2)",1247,4,390,"[{""A_start"": 1, ""service_lookup_id"": 218, ""transition_samples"": 1247}]"
2,450,7,2,KCQA,"(7, 2, 43, 2)",1450,4,391,"[{""A_start"": 1, ""service_lookup_id"": 218, ""transition_samples"": 1450}]"
2,451,7,2,KCQA,"(7, 2, 44, 2)",1516,4,394,"[{""A_start"": 1, ""service_lookup_id"": 218, ""transition_samples"": 1516}]"
2,452,7,2,KCQA,"(7, 2, 45, 2)",1509,4,391,"[{""A_start"": 1, ""service_lookup_id"": 218, ""transition_samples"": 1509}]"
2,453,7,2,KCQA,"(7, 2, 46, 2)",1396,4,364,"[{""A_start"": 1, ""service_lookup_id"": 218, ""transition_samples"": 1396}]"
2,454,7,2,KCQA,"(7, 2, 47, 2)",1221,4,313,"[{""A_start"": 1, ""service_lookup_id"": 218, ""transition_samples"": 1221}]"
2,455,7,2,KCQA,"(7, 2, 48, 2)",1006,4,281,"[{""A_start"": 1, ""service_lookup_id"": 218, ""transition_samples"": 1006}]"
2,456,7,2,KCQA,"(7, 2, 49, 2)",801,4,244,"[{""A_start"": 1, ""service_lookup_id"": 218, ""transition_samples"": 801}]"
2,457,7,2,KCQA,"(7, 2, 50, 2)",562,4,188,"[{""A_start"": 1, ""service_lookup_id"": 218, ""transition_samples"": 562}]"
2,458,7,2,KCQA,"(7, 2, 51, 2)",376,4,113,"[{""A_start"": 1, ""service_lookup_id"": 218, ""transition_samples"": 376}]"
2,459,7,2,KCQA,"(7, 2, 52, 2)",283,4,80,"[{""A_start"": 1, ""service_lookup_id"": 218, ""transition_samples"": 283}]"
2,460,7,3,KCQA,"(7, 3, 0, 0)",4306,4,1287,"[{""A_start"": 0, ""service_lookup_id"": 219, ""transition_samples"": 4306}]"
2,461,7,3,KCQA,"(7, 3, 0, 1)",5706,4,1582,"[{""A_start"": 0, ""service_lookup_id"": 219, ""transition_samples"": 215}, {""A_start"": 1, ""service_lookup_id"": 220, ""transition_samples"": 5491}]"
2,462,7,3,KCQA,"(7, 3, 0, 2)",4710,4,1338,"[{""A_start"": 1, ""service_lookup_id"": 220, ""transition_samples"": 106}, {""A_start"": 2, ""service_lookup_id"": 221, ""transition_samples"": 4604}]"
2,463,7,3,KCQA,"(7, 3, 0, 3)",4556,4,1299,"[{""A_start"": 2, ""service_lookup_id"": 221, ""transition_samples"": 4556}]"
2,464,7,3,KCQA,"(7, 3, 1, 0)",893,4,263,"[{""A_start"": 1, ""service_lookup_id"": 220, ""transition_samples"": 893}]"
2,465,7,3,KCQA,"(7, 3, 1, 1)",1497,4,420,"[{""A_start"": 1, ""service_lookup_id"": 220, ""transition_samples"": 114}, {""A_start"": 2, ""service_lookup_id"": 221, ""transition_samples"": 1383}]"
2,466,7,3,KCQA,"(7, 3, 1, 2)",1447,4,395,"[{""A_start"": 2, ""service_lookup_id"": 221, ""transition_samples"": 1447}]"
2,467,7,3,KCQA,"(7, 3, 1, 3)",5742,4,1595,"[{""A_start"": 2, ""service_lookup_id"": 221, ""transition_samples"": 5742}]"
2,468,7,3,KCQ,"(7, 3, 2)",6909,4,30,"[{""A_start"": 2, ""service_lookup_id"": 221, ""transition_samples"": 6909}]"
2,469,7,3,KCQA,"(7, 3, 2, 1)",224,4,63,"[{""A_start"": 2, ""service_lookup_id"": 221, ""transition_samples"": 224}]"
2,470,7,3,KCQA,"(7, 3, 2, 2)",450,4,120,"[{""A_start"": 2, ""service_lookup_id"": 221, ""transition_samples"": 450}]"
2,471,7,3,KCQA,"(7, 3, 2, 3)",6095,4,1693,"[{""A_start"": 2, ""service_lookup_id"": 221, ""transition_samples"": 6095}]"
2,472,7,3,KCQ,"(7, 3, 3)",6253,4,46,"[{""A_start"": 2, ""service_lookup_id"": 221, ""transition_samples"": 6253}]"
2,473,7,3,KCQA,"(7, 3, 3, 3)",6094,4,1717,"[{""A_start"": 2, ""service_lookup_id"": 221, ""transition_samples"": 6094}]"
2,474,7,3,KCQ,"(7, 3, 4)",231,4,5,"[{""A_start"": 2, ""service_lookup_id"": 221, ""transition_samples"": 231}]"
2,475,7,3,KCQA,"(7, 3, 4, 3)",204,4,35,"[{""A_start"": 2, ""service_lookup_id"": 221, ""transition_samples"": 204}]"
2,476,7,3,KCA,"(7, 3, 3)",30569,4,351,"[{""A_start"": 2, ""service_lookup_id"": 221, ""transition_samples"": 30569}]"
2,477,7,3,KCQA,"(7, 3, 13, 3)",200,4,15,"[{""A_start"": 2, ""service_lookup_id"": 221, ""transition_samples"": 200}]"
2,478,7,3,KCQA,"(7, 3, 14, 3)",220,4,13,"[{""A_start"": 2, ""service_lookup_id"": 221, ""transition_samples"": 220}]"
2,479,7,3,KCQA,"(7, 3, 15, 3)",249,4,12,"[{""A_start"": 2, ""service_lookup_id"": 221, ""transition_samples"": 249}]"
2,480,7,3,KCQA,"(7, 3, 16, 3)",293,4,17,"[{""A_start"": 2, ""service_lookup_id"": 221, ""transition_samples"": 293}]"
2,481,7,3,KCQA,"(7, 3, 17, 3)",314,4,20,"[{""A_start"": 2, ""service_lookup_id"": 221, ""transition_samples"": 314}]"
2,482,7,3,KCQA,"(7, 3, 18, 3)",361,4,18,"[{""A_start"": 2, ""service_lookup_id"": 221, ""transition_samples"": 361}]"
2,483,7,3,KCQA,"(7, 3, 19, 3)",389,4,21,"[{""A_start"": 2, ""service_lookup_id"": 221, ""transition_samples"": 389}]"
2,484,7,3,KCQA,"(7, 3, 20, 3)",408,4,24,"[{""A_start"": 2, ""service_lookup_id"": 221, ""transition_samples"": 408}]"
2,485,7,3,KCQA,"(7, 3, 21, 3)",422,4,19,"[{""A_start"": 2, ""service_lookup_id"": 221, ""transition_samples"": 422}]"
2,486,7,3,KCQA,"(7, 3, 22, 3)",401,4,19,"[{""A_start"": 2, ""service_lookup_id"": 221, ""transition_samples"": 401}]"
2,487,7,3,KCQA,"(7, 3, 23, 3)",350,4,12,"[{""A_start"": 2, ""service_lookup_id"": 221, ""transition_samples"": 350}]"
2,488,7,3,KCQA,"(7, 3, 24, 3)",315,4,14,"[{""A_start"": 2, ""service_lookup_id"": 221, ""transition_samples"": 315}]"
2,489,7,3,KCQA,"(7, 3, 25, 3)",297,4,10,"[{""A_start"": 2, ""service_lookup_id"": 221, ""transition_samples"": 297}]"
2,490,7,3,KCQA,"(7, 3, 26, 3)",294,4,9,"[{""A_start"": 2, ""service_lookup_id"": 221, ""transition_samples"": 294}]"
2,491,7,3,KCQA,"(7, 3, 27, 3)",299,4,11,"[{""A_start"": 2, ""service_lookup_id"": 221, ""transition_samples"": 299}]"
2,492,7,3,KCQA,"(7, 3, 28, 3)",305,4,13,"[{""A_start"": 2, ""service_lookup_id"": 221, ""transition_samples"": 305}]"
2,493,7,3,KCQA,"(7, 3, 29, 3)",302,4,12,"[{""A_start"": 2, ""service_lookup_id"": 221, ""transition_samples"": 302}]"
2,494,7,3,KCQA,"(7, 3, 30, 3)",270,4,12,"[{""A_start"": 2, ""service_lookup_id"": 221, ""transition_samples"": 270}]"
2,495,7,3,KCQA,"(7, 3, 31, 3)",242,4,13,"[{""A_start"": 2, ""service_lookup_id"": 221, ""transition_samples"": 242}]"
2,496,7,4,KCQA,"(7, 4, 0, 0)",5516,4,1409,"[{""A_start"": 0, ""service_lookup_id"": 222, ""transition_samples"": 5516}]"
2,497,7,4,KCQA,"(7, 4, 0, 1)",5300,4,1357,"[{""A_start"": 0, ""service_lookup_id"": 222, ""transition_samples"": 132}, {""A_start"": 1, ""service_lookup_id"": 223, ""transition_samples"": 5168}]"
2,498,7,4,KCQA,"(7, 4, 0, 2)",5336,4,1390,"[{""A_start"": 1, ""service_lookup_id"": 223, ""transition_samples"": 149}, {""A_start"": 2, ""service_lookup_id"": 224, ""transition_samples"": 5187}]"
2,499,7,4,KCQA,"(7, 4, 0, 3)",5744,4,1392,"[{""A_start"": 2, ""service_lookup_id"": 224, ""transition_samples"": 223}, {""A_start"": 3, ""service_lookup_id"": 225, ""transition_samples"": 5521}]"
2,500,7,4,KCQA,"(7, 4, 0, 4)",5391,4,1392,"[{""A_start"": 3, ""service_lookup_id"": 225, ""transition_samples"": 5391}]"
2,501,7,4,KCQA,"(7, 4, 1, 0)",1098,4,278,"[{""A_start"": 1, ""service_lookup_id"": 223, ""transition_samples"": 1098}]"
2,502,7,4,KCQA,"(7, 4, 1, 1)",1443,4,348,"[{""A_start"": 1, ""service_lookup_id"": 223, ""transition_samples"": 38}, {""A_start"": 2, ""service_lookup_id"": 224, ""transition_samples"": 1405}]"
2,503,7,4,KCQA,"(7, 4, 1, 2)",1504,4,391,"[{""A_start"": 1, ""service_lookup_id"": 223, ""transition_samples"": 4}, {""A_start"": 2, ""service_lookup_id"": 224, ""transition_samples"": 37}, {""A_start"": 3, ""service_lookup_id"": 225, ""transition_samples"": 1463}]"
2,504,7,4,KCQA,"(7, 4, 1, 3)",1599,4,340,"[{""A_start"": 2, ""service_lookup_id"": 224, ""transition_samples"": 21}, {""A_start"": 3, ""service_lookup_id"": 225, ""transition_samples"": 1578}]"
2,505,7,4,KCQA,"(7, 4, 1, 4)",6619,4,1676,"[{""A_start"": 3, ""service_lookup_id"": 225, ""transition_samples"": 6619}]"
2,506,7,4,KCQ,"(7, 4, 2)",7895,4,33,"[{""A_start"": 2, ""service_lookup_id"": 224, ""transition_samples"": 145}, {""A_start"": 3, ""service_lookup_id"": 225, ""transition_samples"": 7750}]"
2,507,7,4,KCQA,"(7, 4, 2, 1)",240,4,47,"[{""A_start"": 2, ""service_lookup_id"": 224, ""transition_samples"": 4}, {""A_start"": 3, ""service_lookup_id"": 225, ""transition_samples"": 236}]"
2,508,7,4,KCQA,"(7, 4, 2, 2)",225,4,67,"[{""A_start"": 2, ""service_lookup_id"": 224, ""transition_samples"": 1}, {""A_start"": 3, ""service_lookup_id"": 225, ""transition_samples"": 224}]"
2,509,7,4,KCQA,"(7, 4, 2, 3)",448,4,108,"[{""A_start"": 2, ""service_lookup_id"": 224, ""transition_samples"": 5}, {""A_start"": 3, ""service_lookup_id"": 225, ""transition_samples"": 443}]"
2,510,7,4,KCQA,"(7, 4, 2, 4)",6847,4,1731,"[{""A_start"": 3, ""service_lookup_id"": 225, ""transition_samples"": 6847}]"
2,511,7,4,KCQ,"(7, 4, 3)",309,4,93,"[{""A_start"": 3, ""service_lookup_id"": 225, ""transition_samples"": 309}]"
2,512,7,4,KCA,"(7, 4, 2)",7095,4,1,"[{""A_start"": 1, ""service_lookup_id"": 223, ""transition_samples"": 153}, {""A_start"": 2, ""service_lookup_id"": 224, ""transition_samples"": 5225}, {""A_start"": 3, ""service_lookup_id"": 225, ""transition_samples"": 1717}]"
2,513,7,4,KCA,"(7, 4, 3)",7883,4,1,"[{""A_start"": 2, ""service_lookup_id"": 224, ""transition_samples"": 249}, {""A_start"": 3, ""service_lookup_id"": 225, ""transition_samples"": 7634}]"
2,514,7,4,KCA,"(7, 4, 4)",20981,4,253,"[{""A_start"": 3, ""service_lookup_id"": 225, ""transition_samples"": 20981}]"
2,515,7,5,KCQA,"(7, 5, 0, 0)",4436,4,1004,"[{""A_start"": 0, ""service_lookup_id"": 226, ""transition_samples"": 4436}]"
2,516,7,5,KCQA,"(7, 5, 0, 1)",5111,4,1191,"[{""A_start"": 0, ""service_lookup_id"": 226, ""transition_samples"": 204}, {""A_start"": 1, ""service_lookup_id"": 227, ""transition_samples"": 4907}]"
2,517,7,5,KCQA,"(7, 5, 0, 2)",5669,4,1366,"[{""A_start"": 1, ""service_lookup_id"": 227, ""transition_samples"": 227}, {""A_start"": 2, ""service_lookup_id"": 228, ""transition_samples"": 5442}]"
2,518,7,5,KCQA,"(7, 5, 0, 3)",5049,4,1226,"[{""A_start"": 2, ""service_lookup_id"": 228, ""transition_samples"": 104}, {""A_start"": 3, ""service_lookup_id"": 229, ""transition_samples"": 4945}]"
2,519,7,5,KCQA,"(7, 5, 0, 4)",5225,4,1260,"[{""A_start"": 3, ""service_lookup_id"": 229, ""transition_samples"": 86}, {""A_start"": 4, ""service_lookup_id"": 230, ""transition_samples"": 5139}]"
2,520,7,5,KCQA,"(7, 5, 0, 5)",5486,4,1343,"[{""A_start"": 4, ""service_lookup_id"": 230, ""transition_samples"": 5486}]"
2,521,7,5,KCQA,"(7, 5, 1, 0)",1015,4,263,"[{""A_start"": 1, ""service_lookup_id"": 227, ""transition_samples"": 1015}]"
2,522,7,5,KCQA,"(7, 5, 1, 1)",1405,4,396,"[{""A_start"": 1, ""service_lookup_id"": 227, ""transition_samples"": 64}, {""A_start"": 2, ""service_lookup_id"": 228, ""transition_samples"": 1341}]"
2,523,7,5,KCQA,"(7, 5, 1, 2)",1788,4,494,"[{""A_start"": 1, ""service_lookup_id"": 227, ""transition_samples"": 1}, {""A_start"": 2, ""service_lookup_id"": 228, ""transition_samples"": 96}, {""A_start"": 3, ""service_lookup_id"": 229, ""transition_samples"": 1691}]"
2,524,7,5,KCQA,"(7, 5, 1, 3)",1577,4,423,"[{""A_start"": 2, ""service_lookup_id"": 228, ""transition_samples"": 4}, {""A_start"": 3, ""service_lookup_id"": 229, ""transition_samples"": 74}, {""A_start"": 4, ""service_lookup_id"": 230, ""transition_samples"": 1499}]"
2,525,7,5,KCQA,"(7, 5, 1, 4)",1299,4,354,"[{""A_start"": 3, ""service_lookup_id"": 229, ""transition_samples"": 6}, {""A_start"": 4, ""service_lookup_id"": 230, ""transition_samples"": 1293}]"
2,526,7,5,KCQA,"(7, 5, 1, 5)",6678,4,1680,"[{""A_start"": 4, ""service_lookup_id"": 230, ""transition_samples"": 6678}]"
2,527,7,5,KCQ,"(7, 5, 2)",1801,4,55,"[{""A_start"": 2, ""service_lookup_id"": 228, ""transition_samples"": 154}, {""A_start"": 3, ""service_lookup_id"": 229, ""transition_samples"": 244}, {""A_start"": 4, ""service_lookup_id"": 230, ""transition_samples"": 1403}]"
2,528,7,5,KCQA,"(7, 5, 2, 1)",244,4,73,"[{""A_start"": 2, ""service_lookup_id"": 228, ""transition_samples"": 16}, {""A_start"": 3, ""service_lookup_id"": 229, ""transition_samples"": 228}]"
2,529,7,5,KCQA,"(7, 5, 2, 2)",247,4,80,"[{""A_start"": 2, ""service_lookup_id"": 228, ""transition_samples"": 1}, {""A_start"": 3, ""service_lookup_id"": 229, ""transition_samples"": 15}, {""A_start"": 4, ""service_lookup_id"": 230, ""transition_samples"": 231}]"
2,530,7,5,KCQA,"(7, 5, 2, 3)",216,4,55,"[{""A_start"": 3, ""service_lookup_id"": 229, ""transition_samples"": 1}, {""A_start"": 4, ""service_lookup_id"": 230, ""transition_samples"": 215}]"
2,531,7,5,KCQA,"(7, 5, 2, 4)",276,4,70,"[{""A_start"": 4, ""service_lookup_id"": 230, ""transition_samples"": 276}]"
2,532,7,5,KCQA,"(7, 5, 2, 5)",681,4,220,"[{""A_start"": 4, ""service_lookup_id"": 230, ""transition_samples"": 681}]"
2,533,7,5,KCQ,"(7, 5, 3)",272,4,113,"[{""A_start"": 3, ""service_lookup_id"": 229, ""transition_samples"": 10}, {""A_start"": 4, ""service_lookup_id"": 230, ""transition_samples"": 262}]"
2,534,7,5,KCA,"(7, 5, 2)",7724,4,2,"[{""A_start"": 1, ""service_lookup_id"": 227, ""transition_samples"": 228}, {""A_start"": 2, ""service_lookup_id"": 228, ""transition_samples"": 5539}, {""A_start"": 3, ""service_lookup_id"": 229, ""transition_samples"": 1706}, {""A_start"": 4, ""service_lookup_id"": 230, ""transition_samples"": 251}]"
2,535,7,6,KCQA,"(7, 6, 0, 0)",3665,4,906,"[{""A_start"": 0, ""service_lookup_id"": 231, ""transition_samples"": 3665}]"
2,536,7,6,KCQA,"(7, 6, 0, 1)",6353,4,1578,"[{""A_start"": 0, ""service_lookup_id"": 231, ""transition_samples"": 272}, {""A_start"": 1, ""service_lookup_id"": 232, ""transition_samples"": 6081}]"
2,537,7,6,KCQA,"(7, 6, 0, 2)",5343,4,1310,"[{""A_start"": 1, ""service_lookup_id"": 232, ""transition_samples"": 183}, {""A_start"": 2, ""service_lookup_id"": 233, ""transition_samples"": 5160}]"
2,538,7,6,KCQA,"(7, 6, 0, 3)",4899,4,1225,"[{""A_start"": 2, ""service_lookup_id"": 233, ""transition_samples"": 93}, {""A_start"": 3, ""service_lookup_id"": 234, ""transition_samples"": 4806}]"
2,539,7,6,KCQA,"(7, 6, 0, 4)",4881,4,1176,"[{""A_start"": 3, ""service_lookup_id"": 234, ""transition_samples"": 66}, {""A_start"": 4, ""service_lookup_id"": 235, ""transition_samples"": 4815}]"
2,540,7,6,KCQA,"(7, 6, 0, 5)",5054,4,1209,"[{""A_start"": 4, ""service_lookup_id"": 235, ""transition_samples"": 42}, {""A_start"": 5, ""service_lookup_id"": 236, ""transition_samples"": 5012}]"
2,541,7,6,KCQA,"(7, 6, 0, 6)",5509,4,1357,"[{""A_start"": 5, ""service_lookup_id"": 236, ""transition_samples"": 5509}]"
2,542,7,6,KCQA,"(7, 6, 1, 0)",920,4,233,"[{""A_start"": 1, ""service_lookup_id"": 232, ""transition_samples"": 920}]"
2,543,7,6,KCQA,"(7, 6, 1, 1)",1622,4,424,"[{""A_start"": 1, ""service_lookup_id"": 232, ""transition_samples"": 102}, {""A_start"": 2, ""service_lookup_id"": 233, ""transition_samples"": 1520}]"
2,544,7,6,KCQA,"(7, 6, 1, 2)",1703,4,433,"[{""A_start"": 1, ""service_lookup_id"": 232, ""transition_samples"": 1}, {""A_start"": 2, ""service_lookup_id"": 233, ""transition_samples"": 87}, {""A_start"": 3, ""service_lookup_id"": 234, ""transition_samples"": 1615}]"
2,545,7,6,KCQA,"(7, 6, 1, 3)",1600,4,416,"[{""A_start"": 3, ""service_lookup_id"": 234, ""transition_samples"": 59}, {""A_start"": 4, ""service_lookup_id"": 235, ""transition_samples"": 1541}]"
2,546,7,6,KCQA,"(7, 6, 1, 4)",1407,4,376,"[{""A_start"": 4, ""service_lookup_id"": 235, ""transition_samples"": 53}, {""A_start"": 5, ""service_lookup_id"": 236, ""transition_samples"": 1354}]"
2,547,7,6,KCQA,"(7, 6, 1, 5)",1007,4,259,"[{""A_start"": 4, ""service_lookup_id"": 235, ""transition_samples"": 2}, {""A_start"": 5, ""service_lookup_id"": 236, ""transition_samples"": 1005}]"
2,548,7,6,KCQA,"(7, 6, 1, 6)",402,4,112,"[{""A_start"": 5, ""service_lookup_id"": 236, ""transition_samples"": 402}]"
2,549,7,6,KCQ,"(7, 6, 2)",1130,4,83,"[{""A_start"": 2, ""service_lookup_id"": 233, ""transition_samples"": 147}, {""A_start"": 3, ""service_lookup_id"": 234, ""transition_samples"": 277}, {""A_start"": 4, ""service_lookup_id"": 235, ""transition_samples"": 304}, {""A_start"": 5, ""service_lookup_id"": 236, ""transition_samples"": 402}]"
2,550,7,6,KCQA,"(7, 6, 2, 1)",274,4,69,"[{""A_start"": 2, ""service_lookup_id"": 233, ""transition_samples"": 17}, {""A_start"": 3, ""service_lookup_id"": 234, ""transition_samples"": 257}]"
2,551,7,6,KCQA,"(7, 6, 2, 2)",304,4,79,"[{""A_start"": 2, ""service_lookup_id"": 233, ""transition_samples"": 1}, {""A_start"": 3, ""service_lookup_id"": 234, ""transition_samples"": 20}, {""A_start"": 4, ""service_lookup_id"": 235, ""transition_samples"": 283}]"
2,552,7,6,KCQA,"(7, 6, 2, 3)",257,4,83,"[{""A_start"": 4, ""service_lookup_id"": 235, ""transition_samples"": 21}, {""A_start"": 5, ""service_lookup_id"": 236, ""transition_samples"": 236}]"
2,553,7,6,KCA,"(7, 6, 0)",4738,4,3,"[{""A_start"": 0, ""service_lookup_id"": 231, ""transition_samples"": 3665}, {""A_start"": 1, ""service_lookup_id"": 232, ""transition_samples"": 920}, {""A_start"": 2, ""service_lookup_id"": 233, ""transition_samples"": 129}, {""A_start"": 3, ""service_lookup_id"": 234, ""transition_samples"": 19}, {""A_start"": 4, ""service_lookup_id"": 235, ""transition_samples"": 4}, {""A_start"": 5, ""service_lookup_id"": 236, ""transition_samples"": 1}]"
2,554,7,6,KCA,"(7, 6, 1)",8290,4,10,"[{""A_start"": 0, ""service_lookup_id"": 231, ""transition_samples"": 272}, {""A_start"": 1, ""service_lookup_id"": 232, ""transition_samples"": 6183}, {""A_start"": 2, ""service_lookup_id"": 233, ""transition_samples"": 1537}, {""A_start"": 3, ""service_lookup_id"": 234, ""transition_samples"": 262}, {""A_start"": 4, ""service_lookup_id"": 235, ""transition_samples"": 32}, {""A_start"": 5, ""service_lookup_id"": 236, ""transition_samples"": 4}]"
2,555,7,6,KCA,"(7, 6, 2)",7379,4,11,"[{""A_start"": 1, ""service_lookup_id"": 232, ""transition_samples"": 184}, {""A_start"": 2, ""service_lookup_id"": 233, ""transition_samples"": 5248}, {""A_start"": 3, ""service_lookup_id"": 234, ""transition_samples"": 1635}, {""A_start"": 4, ""service_lookup_id"": 235, ""transition_samples"": 287}, {""A_start"": 5, ""service_lookup_id"": 236, ""transition_samples"": 25}]"
2,556,7,6,KCA,"(7, 6, 3)",6778,4,11,"[{""A_start"": 2, ""service_lookup_id"": 233, ""transition_samples"": 93}, {""A_start"": 3, ""service_lookup_id"": 234, ""transition_samples"": 4865}, {""A_start"": 4, ""service_lookup_id"": 235, ""transition_samples"": 1562}, {""A_start"": 5, ""service_lookup_id"": 236, ""transition_samples"": 258}]"
2,557,7,6,KCA,"(7, 6, 4)",6423,4,2,"[{""A_start"": 3, ""service_lookup_id"": 234, ""transition_samples"": 66}, {""A_start"": 4, ""service_lookup_id"": 235, ""transition_samples"": 4868}, {""A_start"": 5, ""service_lookup_id"": 236, ""transition_samples"": 1489}]"
2,558,7,7,KCQA,"(7, 7, 0, 0)",2288,4,610,"[{""A_start"": 0, ""service_lookup_id"": 237, ""transition_samples"": 2288}]"
2,559,7,7,KCQA,"(7, 7, 0, 1)",3941,4,1016,"[{""A_start"": 0, ""service_lookup_id"": 237, ""transition_samples"": 373}, {""A_start"": 1, ""service_lookup_id"": 238, ""transition_samples"": 3568}]"
2,560,7,7,KCQA,"(7, 7, 0, 2)",5073,4,1314,"[{""A_start"": 1, ""service_lookup_id"": 238, ""transition_samples"": 677}, {""A_start"": 2, ""service_lookup_id"": 239, ""transition_samples"": 4396}]"
2,561,7,7,KCQA,"(7, 7, 0, 3)",5653,4,1379,"[{""A_start"": 2, ""service_lookup_id"": 239, ""transition_samples"": 789}, {""A_start"": 3, ""service_lookup_id"": 240, ""transition_samples"": 4864}]"
2,562,7,7,KCQA,"(7, 7, 0, 4)",5759,4,1469,"[{""A_start"": 3, ""service_lookup_id"": 240, ""transition_samples"": 625}, {""A_start"": 4, ""service_lookup_id"": 241, ""transition_samples"": 5134}]"
2,563,7,7,KCQA,"(7, 7, 0, 5)",6020,4,1477,"[{""A_start"": 4, ""service_lookup_id"": 241, ""transition_samples"": 598}, {""A_start"": 5, ""service_lookup_id"": 242, ""transition_samples"": 5422}]"
2,564,7,7,KCQA,"(7, 7, 0, 6)",6245,4,1508,"[{""A_start"": 5, ""service_lookup_id"": 242, ""transition_samples"": 404}, {""A_start"": 6, ""service_lookup_id"": 243, ""transition_samples"": 5841}]"
2,565,7,7,KCQA,"(7, 7, 0, 7)",870,4,227,"[{""A_start"": 6, ""service_lookup_id"": 243, ""transition_samples"": 870}]"
2,566,7,7,KCQA,"(7, 7, 1, 0)",560,4,146,"[{""A_start"": 1, ""service_lookup_id"": 238, ""transition_samples"": 560}]"
2,567,7,7,KCQA,"(7, 7, 1, 1)",1134,4,256,"[{""A_start"": 1, ""service_lookup_id"": 238, ""transition_samples"": 97}, {""A_start"": 2, ""service_lookup_id"": 239, ""transition_samples"": 1037}]"
2,568,7,7,KCQA,"(7, 7, 1, 2)",1510,4,377,"[{""A_start"": 1, ""service_lookup_id"": 238, ""transition_samples"": 11}, {""A_start"": 2, ""service_lookup_id"": 239, ""transition_samples"": 148}, {""A_start"": 3, ""service_lookup_id"": 240, ""transition_samples"": 1351}]"
2,569,7,7,KCQA,"(7, 7, 1, 3)",1691,4,399,"[{""A_start"": 2, ""service_lookup_id"": 239, ""transition_samples"": 24}, {""A_start"": 3, ""service_lookup_id"": 240, ""transition_samples"": 162}, {""A_start"": 4, ""service_lookup_id"": 241, ""transition_samples"": 1505}]"
2,570,7,7,KCQA,"(7, 7, 1, 4)",1598,4,424,"[{""A_start"": 3, ""service_lookup_id"": 240, ""transition_samples"": 19}, {""A_start"": 4, ""service_lookup_id"": 241, ""transition_samples"": 122}, {""A_start"": 5, ""service_lookup_id"": 242, ""transition_samples"": 1457}]"
2,571,7,7,KCQA,"(7, 7, 1, 5)",1199,4,346,"[{""A_start"": 4, ""service_lookup_id"": 241, ""transition_samples"": 19}, {""A_start"": 5, ""service_lookup_id"": 242, ""transition_samples"": 109}, {""A_start"": 6, ""service_lookup_id"": 243, ""transition_samples"": 1071}]"
2,572,7,7,KCQ,"(7, 7, 1)",8187,4,38,"[{""A_start"": 1, ""service_lookup_id"": 238, ""transition_samples"": 668}, {""A_start"": 2, ""service_lookup_id"": 239, ""transition_samples"": 1209}, {""A_start"": 3, ""service_lookup_id"": 240, ""transition_samples"": 1532}, {""A_start"": 4, ""service_lookup_id"": 241, ""transition_samples"": 1646}, {""A_start"": 5, ""service_lookup_id"": 242, ""transition_samples"": 1590}, {""A_start"": 6, ""service_lookup_id"": 243, ""transition_samples"": 1542}]"
2,573,7,7,KCQA,"(7, 7, 1, 7)",360,4,86,"[{""A_start"": 6, ""service_lookup_id"": 243, ""transition_samples"": 360}]"
2,574,7,7,KCQ,"(7, 7, 2)",1264,4,67,"[{""A_start"": 2, ""service_lookup_id"": 239, ""transition_samples"": 107}, {""A_start"": 3, ""service_lookup_id"": 240, ""transition_samples"": 215}, {""A_start"": 4, ""service_lookup_id"": 241, ""transition_samples"": 282}, {""A_start"": 5, ""service_lookup_id"": 242, ""transition_samples"": 313}, {""A_start"": 6, ""service_lookup_id"": 243, ""transition_samples"": 347}]"
2,575,7,7,KCQA,"(7, 7, 2, 1)",201,4,52,"[{""A_start"": 2, ""service_lookup_id"": 239, ""transition_samples"": 11}, {""A_start"": 3, ""service_lookup_id"": 240, ""transition_samples"": 190}]"
2,576,7,7,KCQA,"(7, 7, 2, 2)",266,4,86,"[{""A_start"": 2, ""service_lookup_id"": 239, ""transition_samples"": 2}, {""A_start"": 3, ""service_lookup_id"": 240, ""transition_samples"": 21}, {""A_start"": 4, ""service_lookup_id"": 241, ""transition_samples"": 243}]"
2,577,7,7,KCQA,"(7, 7, 2, 3)",318,4,79,"[{""A_start"": 3, ""service_lookup_id"": 240, ""transition_samples"": 4}, {""A_start"": 4, ""service_lookup_id"": 241, ""transition_samples"": 32}, {""A_start"": 5, ""service_lookup_id"": 242, ""transition_samples"": 282}]"
2,578,7,7,KCQA,"(7, 7, 2, 4)",213,4,62,"[{""A_start"": 4, ""service_lookup_id"": 241, ""transition_samples"": 5}, {""A_start"": 5, ""service_lookup_id"": 242, ""transition_samples"": 22}, {""A_start"": 6, ""service_lookup_id"": 243, ""transition_samples"": 186}]"
2,579,7,7,KCA,"(7, 7, 0)",2950,4,4,"[{""A_start"": 0, ""service_lookup_id"": 237, ""transition_samples"": 2288}, {""A_start"": 1, ""service_lookup_id"": 238, ""transition_samples"": 560}, {""A_start"": 2, ""service_lookup_id"": 239, ""transition_samples"": 94}, {""A_start"": 3, ""service_lookup_id"": 240, ""transition_samples"": 8}]"
2,580,7,7,KCA,"(7, 7, 1)",5303,4,7,"[{""A_start"": 0, ""service_lookup_id"": 237, ""transition_samples"": 373}, {""A_start"": 1, ""service_lookup_id"": 238, ""transition_samples"": 3665}, {""A_start"": 2, ""service_lookup_id"": 239, ""transition_samples"": 1048}, {""A_start"": 3, ""service_lookup_id"": 240, ""transition_samples"": 190}, {""A_start"": 4, ""service_lookup_id"": 241, ""transition_samples"": 21}, {""A_start"": 5, ""service_lookup_id"": 242, ""transition_samples"": 6}]"
2,581,7,7,KCA,"(7, 7, 2)",6880,4,11,"[{""A_start"": 1, ""service_lookup_id"": 238, ""transition_samples"": 688}, {""A_start"": 2, ""service_lookup_id"": 239, ""transition_samples"": 4546}, {""A_start"": 3, ""service_lookup_id"": 240, ""transition_samples"": 1372}, {""A_start"": 4, ""service_lookup_id"": 241, ""transition_samples"": 247}, {""A_start"": 5, ""service_lookup_id"": 242, ""transition_samples"": 26}, {""A_start"": 6, ""service_lookup_id"": 243, ""transition_samples"": 1}]"
2,582,7,7,KCA,"(7, 7, 3)",7694,4,12,"[{""A_start"": 2, ""service_lookup_id"": 239, ""transition_samples"": 813}, {""A_start"": 3, ""service_lookup_id"": 240, ""transition_samples"": 5030}, {""A_start"": 4, ""service_lookup_id"": 241, ""transition_samples"": 1537}, {""A_start"": 5, ""service_lookup_id"": 242, ""transition_samples"": 286}, {""A_start"": 6, ""service_lookup_id"": 243, ""transition_samples"": 28}]"
2,583,7,7,KCA,"(7, 7, 7)",1444,4,34,"[{""A_start"": 6, ""service_lookup_id"": 243, ""transition_samples"": 1444}]"
2,584,7,8,KCQA,"(7, 8, 0, 0)",2335,4,665,"[{""A_start"": 0, ""service_lookup_id"": 244, ""transition_samples"": 2335}]"
2,585,7,8,KCQA,"(7, 8, 0, 1)",4135,4,1168,"[{""A_start"": 0, ""service_lookup_id"": 244, ""transition_samples"": 313}, {""A_start"": 1, ""service_lookup_id"": 245, ""transition_samples"": 3822}]"
2,586,7,8,KCQA,"(7, 8, 0, 2)",5159,4,1390,"[{""A_start"": 1, ""service_lookup_id"": 245, ""transition_samples"": 637}, {""A_start"": 2, ""service_lookup_id"": 246, ""transition_samples"": 4522}]"
2,587,7,8,KCQA,"(7, 8, 0, 3)",5530,4,1440,"[{""A_start"": 2, ""service_lookup_id"": 246, ""transition_samples"": 694}, {""A_start"": 3, ""service_lookup_id"": 247, ""transition_samples"": 4836}]"
2,588,7,8,KCQA,"(7, 8, 0, 4)",5645,4,1432,"[{""A_start"": 3, ""service_lookup_id"": 247, ""transition_samples"": 606}, {""A_start"": 4, ""service_lookup_id"": 248, ""transition_samples"": 5039}]"
2,589,7,8,KCQA,"(7, 8, 0, 5)",5675,4,1408,"[{""A_start"": 4, ""service_lookup_id"": 248, ""transition_samples"": 536}, {""A_start"": 5, ""service_lookup_id"": 249, ""transition_samples"": 5139}]"
2,590,7,8,KCQA,"(7, 8, 0, 6)",6015,4,1442,"[{""A_start"": 5, ""service_lookup_id"": 249, ""transition_samples"": 362}, {""A_start"": 6, ""service_lookup_id"": 250, ""transition_samples"": 5653}]"
2,591,7,8,KCQA,"(7, 8, 0, 7)",837,4,126,"[{""A_start"": 6, ""service_lookup_id"": 250, ""transition_samples"": 248}, {""A_start"": 7, ""service_lookup_id"": 251, ""transition_samples"": 589}]"
2,592,7,8,KCQA,"(7, 8, 0, 8)",306,4,30,"[{""A_start"": 7, ""service_lookup_id"": 251, ""transition_samples"": 306}]"
2,593,7,8,KCQA,"(7, 8, 1, 0)",498,4,110,"[{""A_start"": 1, ""service_lookup_id"": 245, ""transition_samples"": 498}]"
2,594,7,8,KCQA,"(7, 8, 1, 1)",1119,4,280,"[{""A_start"": 1, ""service_lookup_id"": 245, ""transition_samples"": 78}, {""A_start"": 2, ""service_lookup_id"": 246, ""transition_samples"": 1041}]"
2,595,7,8,KCQA,"(7, 8, 1, 2)",1550,4,375,"[{""A_start"": 1, ""service_lookup_id"": 245, ""transition_samples"": 11}, {""A_start"": 2, ""service_lookup_id"": 246, ""transition_samples"": 140}, {""A_start"": 3, ""service_lookup_id"": 247, ""transition_samples"": 1399}]"
2,596,7,8,KCQA,"(7, 8, 1, 3)",1736,4,407,"[{""A_start"": 2, ""service_lookup_id"": 246, ""transition_samples"": 14}, {""A_start"": 3, ""service_lookup_id"": 247, ""transition_samples"": 152}, {""A_start"": 4, ""service_lookup_id"": 248, ""transition_samples"": 1570}]"
2,597,7,8,KCQA,"(7, 8, 1, 4)",1732,4,436,"[{""A_start"": 3, ""service_lookup_id"": 247, ""transition_samples"": 15}, {""A_start"": 4, ""service_lookup_id"": 248, ""transition_samples"": 123}, {""A_start"": 5, ""service_lookup_id"": 249, ""transition_samples"": 1594}]"
2,598,7,8,KCQA,"(7, 8, 1, 5)",1253,4,308,"[{""A_start"": 4, ""service_lookup_id"": 248, ""transition_samples"": 13}, {""A_start"": 5, ""service_lookup_id"": 249, ""transition_samples"": 101}, {""A_start"": 6, ""service_lookup_id"": 250, ""transition_samples"": 1139}]"
2,599,7,8,KCQ,"(7, 8, 1)",8290,4,45,"[{""A_start"": 1, ""service_lookup_id"": 245, ""transition_samples"": 587}, {""A_start"": 2, ""service_lookup_id"": 246, ""transition_samples"": 1195}, {""A_start"": 3, ""service_lookup_id"": 247, ""transition_samples"": 1566}, {""A_start"": 4, ""service_lookup_id"": 248, ""transition_samples"": 1706}, {""A_start"": 5, ""service_lookup_id"": 249, ""transition_samples"": 1708}, {""A_start"": 6, ""service_lookup_id"": 250, ""transition_samples"": 1229}, {""A_start"": 7, ""service_lookup_id"": 251, ""transition_samples"": 299}]"
2,600,7,8,KCQ,"(7, 8, 2)",1298,4,24,"[{""A_start"": 2, ""service_lookup_id"": 246, ""transition_samples"": 96}, {""A_start"": 3, ""service_lookup_id"": 247, ""transition_samples"": 219}, {""A_start"": 4, ""service_lookup_id"": 248, ""transition_samples"": 308}, {""A_start"": 5, ""service_lookup_id"": 249, ""transition_samples"": 336}, {""A_start"": 6, ""service_lookup_id"": 250, ""transition_samples"": 267}, {""A_start"": 7, ""service_lookup_id"": 251, ""transition_samples"": 72}]"
2,601,7,8,KCQA,"(7, 8, 2, 1)",207,4,38,"[{""A_start"": 2, ""service_lookup_id"": 246, ""transition_samples"": 11}, {""A_start"": 3, ""service_lookup_id"": 247, ""transition_samples"": 196}]"
2,602,7,8,KCQA,"(7, 8, 2, 2)",306,4,55,"[{""A_start"": 2, ""service_lookup_id"": 246, ""transition_samples"": 1}, {""A_start"": 3, ""service_lookup_id"": 247, ""transition_samples"": 20}, {""A_start"": 4, ""service_lookup_id"": 248, ""transition_samples"": 285}]"
2,603,7,8,KCQA,"(7, 8, 2, 3)",342,4,69,"[{""A_start"": 3, ""service_lookup_id"": 247, ""transition_samples"": 3}, {""A_start"": 4, ""service_lookup_id"": 248, ""transition_samples"": 19}, {""A_start"": 5, ""service_lookup_id"": 249, ""transition_samples"": 320}]"
2,604,7,8,KCQA,"(7, 8, 2, 4)",270,4,59,"[{""A_start"": 4, ""service_lookup_id"": 248, ""transition_samples"": 4}, {""A_start"": 5, ""service_lookup_id"": 249, ""transition_samples"": 15}, {""A_start"": 6, ""service_lookup_id"": 250, ""transition_samples"": 251}]"
2,605,7,8,KCA,"(7, 8, 0)",2925,4,1,"[{""A_start"": 0, ""service_lookup_id"": 244, ""transition_samples"": 2335}, {""A_start"": 1, ""service_lookup_id"": 245, ""transition_samples"": 498}, {""A_start"": 2, ""service_lookup_id"": 246, ""transition_samples"": 84}, {""A_start"": 3, ""service_lookup_id"": 247, ""transition_samples"": 8}]"
2,606,7,8,KCA,"(7, 8, 1)",5500,4,3,"[{""A_start"": 0, ""service_lookup_id"": 244, ""transition_samples"": 313}, {""A_start"": 1, ""service_lookup_id"": 245, ""transition_samples"": 3900}, {""A_start"": 2, ""service_lookup_id"": 246, ""transition_samples"": 1052}, {""A_start"": 3, ""service_lookup_id"": 247, ""transition_samples"": 196}, {""A_start"": 4, ""service_lookup_id"": 248, ""transition_samples"": 34}, {""A_start"": 5, ""service_lookup_id"": 249, ""transition_samples"": 5}]"
2,607,7,8,KCA,"(7, 8, 2)",7066,4,11,"[{""A_start"": 1, ""service_lookup_id"": 245, ""transition_samples"": 648}, {""A_start"": 2, ""service_lookup_id"": 246, ""transition_samples"": 4663}, {""A_start"": 3, ""service_lookup_id"": 247, ""transition_samples"": 1419}, {""A_start"": 4, ""service_lookup_id"": 248, ""transition_samples"": 288}, {""A_start"": 5, ""service_lookup_id"": 249, ""transition_samples"": 46}, {""A_start"": 6, ""service_lookup_id"": 250, ""transition_samples"": 2}]"
2,608,7,8,KCA,"(7, 8, 3)",7645,4,8,"[{""A_start"": 2, ""service_lookup_id"": 246, ""transition_samples"": 708}, {""A_start"": 3, ""service_lookup_id"": 247, ""transition_samples"": 4991}, {""A_start"": 4, ""service_lookup_id"": 248, ""transition_samples"": 1589}, {""A_start"": 5, ""service_lookup_id"": 249, ""transition_samples"": 321}, {""A_start"": 6, ""service_lookup_id"": 250, ""transition_samples"": 36}]"
2,609,7,8,KCA,"(7, 8, 4)",7647,4,1,"[{""A_start"": 3, ""service_lookup_id"": 247, ""transition_samples"": 621}, {""A_start"": 4, ""service_lookup_id"": 248, ""transition_samples"": 5166}, {""A_start"": 5, ""service_lookup_id"": 249, ""transition_samples"": 1609}, {""A_start"": 6, ""service_lookup_id"": 250, ""transition_samples"": 251}]"
2,610,7,8,KCA,"(7, 8, 8)",550,4,6,"[{""A_start"": 7, ""service_lookup_id"": 251, ""transition_samples"": 550}]"
3,0,1,1,KCQA,"(1, 1, 0, 0)",7186,4,1797,"[{""A_start"": 0, ""service_lookup_id"": 0, ""transition_samples"": 7186}]"
3,1,1,1,KCQ,"(1, 1, 0)",7191,4,2,"[{""A_start"": 0, ""service_lookup_id"": 0, ""transition_samples"": 7191}]"
3,2,1,2,KCQA,"(1, 2, 0, 0)",7185,4,1797,"[{""A_start"": 0, ""service_lookup_id"": 1, ""transition_samples"": 7185}]"
3,3,1,2,KCQ,"(1, 2, 0)",7191,4,1,"[{""A_start"": 0, ""service_lookup_id"": 1, ""transition_samples"": 7185}, {""A_start"": 1, ""service_lookup_id"": 2, ""transition_samples"": 6}]"
3,4,1,3,KCQA,"(1, 3, 0, 0)",7186,4,1797,"[{""A_start"": 0, ""service_lookup_id"": 3, ""transition_samples"": 7186}]"
3,5,1,3,KCQ,"(1, 3, 0)",7193,4,2,"[{""A_start"": 0, ""service_lookup_id"": 3, ""transition_samples"": 7186}, {""A_start"": 1, ""service_lookup_id"": 4, ""transition_samples"": 2}, {""A_start"": 2, ""service_lookup_id"": 5, ""transition_samples"": 5}]"
3,6,1,4,KCQA,"(1, 4, 0, 0)",7187,4,1797,"[{""A_start"": 0, ""service_lookup_id"": 6, ""transition_samples"": 7187}]"
3,7,1,4,KCQ,"(1, 4, 0)",7194,4,1,"[{""A_start"": 0, ""service_lookup_id"": 6, ""transition_samples"": 7187}, {""A_start"": 1, ""service_lookup_id"": 7, ""transition_samples"": 5}, {""A_start"": 2, ""service_lookup_id"": 8, ""transition_samples"": 2}]"
3,8,1,5,KCQA,"(1, 5, 0, 0)",7183,4,1796,"[{""A_start"": 0, ""service_lookup_id"": 10, ""transition_samples"": 7183}]"
3,9,1,5,KCQ,"(1, 5, 0)",7190,4,2,"[{""A_start"": 0, ""service_lookup_id"": 10, ""transition_samples"": 7183}, {""A_start"": 1, ""service_lookup_id"": 11, ""transition_samples"": 3}, {""A_start"": 2, ""service_lookup_id"": 12, ""transition_samples"": 3}, {""A_start"": 3, ""service_lookup_id"": 13, ""transition_samples"": 1}]"
3,10,1,6,KCQA,"(1, 6, 0, 0)",7176,4,1794,"[{""A_start"": 0, ""service_lookup_id"": 15, ""transition_samples"": 7176}]"
3,11,1,6,KCQ,"(1, 6, 0)",7183,4,2,"[{""A_start"": 0, ""service_lookup_id"": 15, ""transition_samples"": 7176}, {""A_start"": 2, ""service_lookup_id"": 17, ""transition_samples"": 1}, {""A_start"": 3, ""service_lookup_id"": 18, ""transition_samples"": 4}, {""A_start"": 4, ""service_lookup_id"": 19, ""transition_samples"": 1}, {""A_start"": 5, ""service_lookup_id"": 20, ""transition_samples"": 1}]"
3,12,1,7,KCQA,"(1, 7, 0, 0)",7176,4,1794,"[{""A_start"": 0, ""service_lookup_id"": 21, ""transition_samples"": 7176}]"
3,13,1,7,KCQ,"(1, 7, 0)",7182,4,2,"[{""A_start"": 0, ""service_lookup_id"": 21, ""transition_samples"": 7176}, {""A_start"": 3, ""service_lookup_id"": 24, ""transition_samples"": 2}, {""A_start"": 4, ""service_lookup_id"": 25, ""transition_samples"": 2}, {""A_start"": 5, ""service_lookup_id"": 26, ""transition_samples"": 2}]"
3,14,1,8,KCQA,"(1, 8, 0, 0)",7176,4,1795,"[{""A_start"": 0, ""service_lookup_id"": 28, ""transition_samples"": 7176}]"
3,15,1,8,KCQ,"(1, 8, 0)",7183,4,2,"[{""A_start"": 0, ""service_lookup_id"": 28, ""transition_samples"": 7176}, {""A_start"": 2, ""service_lookup_id"": 30, ""transition_samples"": 1}, {""A_start"": 3, ""service_lookup_id"": 31, ""transition_samples"": 4}, {""A_start"": 4, ""service_lookup_id"": 32, ""transition_samples"": 1}, {""A_start"": 5, ""service_lookup_id"": 33, ""transition_samples"": 1}]"
3,16,2,1,KCQA,"(2, 1, 0, 0)",7175,4,1793,"[{""A_start"": 0, ""service_lookup_id"": 36, ""transition_samples"": 7175}]"
3,17,2,1,KCQA,"(2, 1, 0, 1)",5171,4,1413,"[{""A_start"": 0, ""service_lookup_id"": 36, ""transition_samples"": 5171}]"
3,18,2,1,KCQA,"(2, 1, 1, 0)",2004,4,380,"[{""A_start"": 0, ""service_lookup_id"": 36, ""transition_samples"": 2004}]"
3,19,2,1,KCA,"(2, 1, 1)",5188,4,5,"[{""A_start"": 0, ""service_lookup_id"": 36, ""transition_samples"": 5188}]"
3,20,2,2,KCQA,"(2, 2, 0, 0)",7176,4,1795,"[{""A_start"": 0, ""service_lookup_id"": 37, ""transition_samples"": 7176}]"
3,21,2,2,KCQA,"(2, 2, 0, 1)",5910,4,1391,"[{""A_start"": 1, ""service_lookup_id"": 38, ""transition_samples"": 5910}]"
3,22,2,2,KCQA,"(2, 2, 1, 0)",1267,4,404,"[{""A_start"": 1, ""service_lookup_id"": 38, ""transition_samples"": 1267}]"
3,23,2,2,KCQ,"(2, 2, 1)",1269,4,1,"[{""A_start"": 1, ""service_lookup_id"": 38, ""transition_samples"": 1269}]"
3,24,2,2,KC,"(2, 2)",14363,4,2,"[{""A_start"": 0, ""service_lookup_id"": 37, ""transition_samples"": 7176}, {""A_start"": 1, ""service_lookup_id"": 38, ""transition_samples"": 7187}]"
3,25,2,3,KCQA,"(2, 3, 0, 0)",7177,4,1797,"[{""A_start"": 0, ""service_lookup_id"": 39, ""transition_samples"": 7177}]"
3,26,2,3,KCQA,"(2, 3, 0, 1)",5360,4,1314,"[{""A_start"": 1, ""service_lookup_id"": 40, ""transition_samples"": 5360}]"
3,27,2,3,KCQA,"(2, 3, 1, 0)",1820,4,481,"[{""A_start"": 1, ""service_lookup_id"": 40, ""transition_samples"": 1820}]"
3,28,2,3,KC,"(2, 3)",14360,4,1,"[{""A_start"": 0, ""service_lookup_id"": 39, ""transition_samples"": 7177}, {""A_start"": 1, ""service_lookup_id"": 40, ""transition_samples"": 7180}, {""A_start"": 2, ""service_lookup_id"": 41, ""transition_samples"": 3}]"
3,29,2,4,KCQA,"(2, 4, 0, 0)",7184,4,1793,"[{""A_start"": 0, ""service_lookup_id"": 42, ""transition_samples"": 7184}]"
3,30,2,4,KCQA,"(2, 4, 0, 1)",5235,4,1516,"[{""A_start"": 1, ""service_lookup_id"": 43, ""transition_samples"": 5235}]"
3,31,2,4,KCQA,"(2, 4, 1, 0)",1942,4,278,"[{""A_start"": 1, ""service_lookup_id"": 43, ""transition_samples"": 1942}]"
3,32,2,5,KCQA,"(2, 5, 0, 0)",7173,4,1793,"[{""A_start"": 0, ""service_lookup_id"": 46, ""transition_samples"": 7173}]"
3,33,2,5,KCQA,"(2, 5, 0, 1)",5759,4,1161,"[{""A_start"": 1, ""service_lookup_id"": 47, ""transition_samples"": 5759}]"
3,34,2,5,KCQA,"(2, 5, 1, 0)",1416,4,632,"[{""A_start"": 1, ""service_lookup_id"": 47, ""transition_samples"": 1416}]"
3,35,2,6,KCQA,"(2, 6, 0, 0)",7159,4,1789,"[{""A_start"": 0, ""service_lookup_id"": 51, ""transition_samples"": 7159}]"
3,36,2,6,KCQA,"(2, 6, 0, 1)",5883,4,1601,"[{""A_start"": 1, ""service_lookup_id"": 52, ""transition_samples"": 5883}]"
3,37,2,6,KCQ,"(2, 6, 0)",13042,4,2,"[{""A_start"": 0, ""service_lookup_id"": 51, ""transition_samples"": 7159}, {""A_start"": 1, ""service_lookup_id"": 52, ""transition_samples"": 5883}]"
3,38,2,6,KCQA,"(2, 6, 1, 0)",1277,4,188,"[{""A_start"": 1, ""service_lookup_id"": 52, ""transition_samples"": 1277}]"
3,39,2,7,KCQA,"(2, 7, 0, 0)",7157,4,1790,"[{""A_start"": 0, ""service_lookup_id"": 57, ""transition_samples"": 7157}]"
3,40,2,7,KCQA,"(2, 7, 0, 1)",6440,4,1367,"[{""A_start"": 1, ""service_lookup_id"": 58, ""transition_samples"": 6440}]"
3,41,2,7,KCQA,"(2, 7, 1, 0)",717,4,424,"[{""A_start"": 1, ""service_lookup_id"": 58, ""transition_samples"": 717}]"
3,42,2,8,KCQA,"(2, 8, 0, 0)",7157,4,1789,"[{""A_start"": 0, ""service_lookup_id"": 64, ""transition_samples"": 7157}]"
3,43,2,8,KCQA,"(2, 8, 0, 1)",5925,4,1479,"[{""A_start"": 0, ""service_lookup_id"": 64, ""transition_samples"": 1}, {""A_start"": 1, ""service_lookup_id"": 65, ""transition_samples"": 5924}]"
3,44,2,8,KCQ,"(2, 8, 0)",13083,4,1,"[{""A_start"": 0, ""service_lookup_id"": 64, ""transition_samples"": 7158}, {""A_start"": 1, ""service_lookup_id"": 65, ""transition_samples"": 5924}, {""A_start"": 2, ""service_lookup_id"": 66, ""transition_samples"": 1}]"
3,45,2,8,KCQA,"(2, 8, 1, 0)",1236,4,310,"[{""A_start"": 1, ""service_lookup_id"": 65, ""transition_samples"": 1236}]"
3,46,3,1,KCQA,"(3, 1, 0, 0)",7154,4,1788,"[{""A_start"": 0, ""service_lookup_id"": 72, ""transition_samples"": 7154}]"
3,47,3,1,KCQA,"(3, 1, 0, 1)",7483,4,1752,"[{""A_start"": 0, ""service_lookup_id"": 72, ""transition_samples"": 7483}]"
3,48,3,1,KCQA,"(3, 1, 1, 0)",229,4,37,"[{""A_start"": 0, ""service_lookup_id"": 72, ""transition_samples"": 229}]"
3,49,3,1,KCQA,"(3, 1, 1, 1)",6575,4,1774,"[{""A_start"": 0, ""service_lookup_id"": 72, ""transition_samples"": 6575}]"
3,50,3,1,KCA,"(3, 1, 0)",7402,4,13,"[{""A_start"": 0, ""service_lookup_id"": 72, ""transition_samples"": 7402}]"
3,51,3,1,KCA,"(3, 1, 1)",14119,4,15,"[{""A_start"": 0, ""service_lookup_id"": 72, ""transition_samples"": 14119}]"
3,52,3,2,KCQA,"(3, 2, 0, 0)",7163,4,1793,"[{""A_start"": 0, ""service_lookup_id"": 73, ""transition_samples"": 7163}]"
3,53,3,2,KCQA,"(3, 2, 0, 1)",6929,4,1761,"[{""A_start"": 1, ""service_lookup_id"": 74, ""transition_samples"": 6929}]"
3,54,3,2,KCQA,"(3, 2, 0, 2)",5123,4,1519,"[{""A_start"": 1, ""service_lookup_id"": 74, ""transition_samples"": 5123}]"
3,55,3,2,KCQA,"(3, 2, 1, 0)",234,4,31,"[{""A_start"": 1, ""service_lookup_id"": 74, ""transition_samples"": 234}]"
3,56,3,2,KCQA,"(3, 2, 1, 1)",2033,4,271,"[{""A_start"": 1, ""service_lookup_id"": 74, ""transition_samples"": 2033}]"
3,57,3,2,KCA,"(3, 2, 0)",7408,4,1,"[{""A_start"": 0, ""service_lookup_id"": 73, ""transition_samples"": 7163}, {""A_start"": 1, ""service_lookup_id"": 74, ""transition_samples"": 245}]"
3,58,3,2,KCA,"(3, 2, 2)",5162,4,8,"[{""A_start"": 1, ""service_lookup_id"": 74, ""transition_samples"": 5162}]"
3,59,3,3,KCQA,"(3, 3, 0, 0)",7160,4,1790,"[{""A_start"": 0, ""service_lookup_id"": 75, ""transition_samples"": 7160}]"
3,60,3,3,KCQA,"(3, 3, 0, 1)",6917,4,1747,"[{""A_start"": 1, ""service_lookup_id"": 76, ""transition_samples"": 6917}]"
3,61,3,3,KCQA,"(3, 3, 0, 2)",5899,4,1472,"[{""A_start"": 2, ""service_lookup_id"": 77, ""transition_samples"": 5899}]"
3,62,3,3,KCQ,"(3, 3, 0)",19977,4,1,"[{""A_start"": 0, ""service_lookup_id"": 75, ""transition_samples"": 7160}, {""A_start"": 1, ""service_lookup_id"": 76, ""transition_samples"": 6917}, {""A_start"": 2, ""service_lookup_id"": 77, ""transition_samples"": 5900}]"
3,63,3,3,KCQA,"(3, 3, 1, 0)",245,4,43,"[{""A_start"": 1, ""service_lookup_id"": 76, ""transition_samples"": 245}]"
3,64,3,3,KCQA,"(3, 3, 1, 1)",1260,4,316,"[{""A_start"": 2, ""service_lookup_id"": 77, ""transition_samples"": 1260}]"
3,65,3,3,KCQ,"(3, 3, 1)",1507,4,1,"[{""A_start"": 1, ""service_lookup_id"": 76, ""transition_samples"": 245}, {""A_start"": 2, ""service_lookup_id"": 77, ""transition_samples"": 1262}]"
3,66,3,3,KCA,"(3, 3, 0)",7407,4,3,"[{""A_start"": 0, ""service_lookup_id"": 75, ""transition_samples"": 7160}, {""A_start"": 1, ""service_lookup_id"": 76, ""transition_samples"": 245}, {""A_start"": 2, ""service_lookup_id"": 77, ""transition_samples"": 2}]"
3,67,3,3,KC,"(3, 3)",21514,4,6,"[{""A_start"": 0, ""service_lookup_id"": 75, ""transition_samples"": 7160}, {""A_start"": 1, ""service_lookup_id"": 76, ""transition_samples"": 7162}, {""A_start"": 2, ""service_lookup_id"": 77, ""transition_samples"": 7192}]"
3,68,3,4,KCQA,"(3, 4, 0, 0)",7163,4,1790,"[{""A_start"": 0, ""service_lookup_id"": 78, ""transition_samples"": 7163}]"
3,69,3,4,KCQA,"(3, 4, 0, 1)",6709,4,1708,"[{""A_start"": 0, ""service_lookup_id"": 78, ""transition_samples"": 1}, {""A_start"": 1, ""service_lookup_id"": 79, ""transition_samples"": 6708}]"
3,70,3,4,KCQA,"(3, 4, 0, 2)",5070,4,1340,"[{""A_start"": 2, ""service_lookup_id"": 80, ""transition_samples"": 5070}]"
3,71,3,4,KCQ,"(3, 4, 0)",18949,4,1,"[{""A_start"": 0, ""service_lookup_id"": 78, ""transition_samples"": 7164}, {""A_start"": 1, ""service_lookup_id"": 79, ""transition_samples"": 6708}, {""A_start"": 2, ""service_lookup_id"": 80, ""transition_samples"": 5070}, {""A_start"": 3, ""service_lookup_id"": 81, ""transition_samples"": 7}]"
3,72,3,4,KCQA,"(3, 4, 1, 0)",454,4,82,"[{""A_start"": 1, ""service_lookup_id"": 79, ""transition_samples"": 454}]"
3,73,3,4,KCQA,"(3, 4, 1, 1)",2078,4,446,"[{""A_start"": 2, ""service_lookup_id"": 80, ""transition_samples"": 2078}]"
3,74,3,4,KCQ,"(3, 4, 1)",2534,4,1,"[{""A_start"": 1, ""service_lookup_id"": 79, ""transition_samples"": 454}, {""A_start"": 2, ""service_lookup_id"": 80, ""transition_samples"": 2078}, {""A_start"": 3, ""service_lookup_id"": 81, ""transition_samples"": 2}]"
3,75,3,4,KCA,"(3, 4, 0)",7630,4,4,"[{""A_start"": 0, ""service_lookup_id"": 78, ""transition_samples"": 7163}, {""A_start"": 1, ""service_lookup_id"": 79, ""transition_samples"": 454}, {""A_start"": 2, ""service_lookup_id"": 80, ""transition_samples"": 13}]"
3,76,3,4,KC,"(3, 4)",21507,4,7,"[{""A_start"": 0, ""service_lookup_id"": 78, ""transition_samples"": 7164}, {""A_start"": 1, ""service_lookup_id"": 79, ""transition_samples"": 7162}, {""A_start"": 2, ""service_lookup_id"": 80, ""transition_samples"": 7161}, {""A_start"": 3, ""service_lookup_id"": 81, ""transition_samples"": 20}]"
3,77,3,5,KCQA,"(3, 5, 0, 0)",7161,4,1788,"[{""A_start"": 0, ""service_lookup_id"": 82, ""transition_samples"": 7161}]"
3,78,3,5,KCQA,"(3, 5, 0, 1)",6743,4,1705,"[{""A_start"": 1, ""service_lookup_id"": 83, ""transition_samples"": 6743}]"
3,79,3,5,KCQA,"(3, 5, 0, 2)",5590,4,1406,"[{""A_start"": 2, ""service_lookup_id"": 84, ""transition_samples"": 5590}]"
3,80,3,5,KCQA,"(3, 5, 1, 0)",418,4,83,"[{""A_start"": 1, ""service_lookup_id"": 83, ""transition_samples"": 418}]"
3,81,3,5,KCQA,"(3, 5, 1, 1)",1548,4,384,"[{""A_start"": 2, ""service_lookup_id"": 84, ""transition_samples"": 1548}]"
3,82,3,5,KCA,"(3, 5, 0)",7602,4,1,"[{""A_start"": 0, ""service_lookup_id"": 82, ""transition_samples"": 7161}, {""A_start"": 1, ""service_lookup_id"": 83, ""transition_samples"": 418}, {""A_start"": 2, ""service_lookup_id"": 84, ""transition_samples"": 23}]"
3,83,3,6,KCQA,"(3, 6, 0, 0)",7138,4,1784,"[{""A_start"": 0, ""service_lookup_id"": 87, ""transition_samples"": 7138}]"
3,84,3,6,KCQA,"(3, 6, 0, 1)",6767,4,1695,"[{""A_start"": 1, ""service_lookup_id"": 88, ""transition_samples"": 6767}]"
3,85,3,6,KCQA,"(3, 6, 0, 2)",5762,4,1395,"[{""A_start"": 1, ""service_lookup_id"": 88, ""transition_samples"": 1}, {""A_start"": 2, ""service_lookup_id"": 89, ""transition_samples"": 5761}]"
3,86,3,6,KCQ,"(3, 6, 0)",19670,4,1,"[{""A_start"": 0, ""service_lookup_id"": 87, ""transition_samples"": 7138}, {""A_start"": 1, ""service_lookup_id"": 88, ""transition_samples"": 6768}, {""A_start"": 2, ""service_lookup_id"": 89, ""transition_samples"": 5761}, {""A_start"": 3, ""service_lookup_id"": 90, ""transition_samples"": 2}, {""A_start"": 5, ""service_lookup_id"": 92, ""transition_samples"": 1}]"
3,87,3,6,KCQA,"(3, 6, 1, 0)",371,4,89,"[{""A_start"": 1, ""service_lookup_id"": 88, ""transition_samples"": 371}]"
3,88,3,6,KCQA,"(3, 6, 1, 1)",1361,4,384,"[{""A_start"": 2, ""service_lookup_id"": 89, ""transition_samples"": 1361}]"
3,89,3,6,KCA,"(3, 6, 0)",7525,4,3,"[{""A_start"": 0, ""service_lookup_id"": 87, ""transition_samples"": 7138}, {""A_start"": 1, ""service_lookup_id"": 88, ""transition_samples"": 371}, {""A_start"": 2, ""service_lookup_id"": 89, ""transition_samples"": 16}]"
3,90,3,7,KCQA,"(3, 7, 0, 0)",7133,4,1784,"[{""A_start"": 0, ""service_lookup_id"": 93, ""transition_samples"": 7133}]"
3,91,3,7,KCQA,"(3, 7, 0, 1)",6482,4,1631,"[{""A_start"": 1, ""service_lookup_id"": 94, ""transition_samples"": 6482}]"
3,92,3,7,KCQA,"(3, 7, 0, 2)",5870,4,1545,"[{""A_start"": 2, ""service_lookup_id"": 95, ""transition_samples"": 5870}]"
3,93,3,7,KCQ,"(3, 7, 0)",19490,4,2,"[{""A_start"": 0, ""service_lookup_id"": 93, ""transition_samples"": 7133}, {""A_start"": 1, ""service_lookup_id"": 94, ""transition_samples"": 6482}, {""A_start"": 2, ""service_lookup_id"": 95, ""transition_samples"": 5871}, {""A_start"": 3, ""service_lookup_id"": 96, ""transition_samples"": 4}]"
3,94,3,7,KCQA,"(3, 7, 1, 0)",655,4,152,"[{""A_start"": 1, ""service_lookup_id"": 94, ""transition_samples"": 655}]"
3,95,3,7,KCQA,"(3, 7, 1, 1)",1242,4,231,"[{""A_start"": 2, ""service_lookup_id"": 95, ""transition_samples"": 1242}]"
3,96,3,7,KCA,"(3, 7, 0)",7810,4,6,"[{""A_start"": 0, ""service_lookup_id"": 93, ""transition_samples"": 7133}, {""A_start"": 1, ""service_lookup_id"": 94, ""transition_samples"": 655}, {""A_start"": 2, ""service_lookup_id"": 95, ""transition_samples"": 22}]"
3,97,3,8,KCQA,"(3, 8, 0, 0)",7130,4,1784,"[{""A_start"": 0, ""service_lookup_id"": 100, ""transition_samples"": 7130}]"
3,98,3,8,KCQA,"(3, 8, 0, 1)",6643,4,1603,"[{""A_start"": 1, ""service_lookup_id"": 101, ""transition_samples"": 6643}]"
3,99,3,8,KCQA,"(3, 8, 0, 2)",5962,4,1468,"[{""A_start"": 1, ""service_lookup_id"": 101, ""transition_samples"": 1}, {""A_start"": 2, ""service_lookup_id"": 102, ""transition_samples"": 5961}]"
3,100,3,8,KCQ,"(3, 8, 0)",19737,4,2,"[{""A_start"": 0, ""service_lookup_id"": 100, ""transition_samples"": 7130}, {""A_start"": 1, ""service_lookup_id"": 101, ""transition_samples"": 6644}, {""A_start"": 2, ""service_lookup_id"": 102, ""transition_samples"": 5961}, {""A_start"": 3, ""service_lookup_id"": 103, ""transition_samples"": 1}, {""A_start"": 4, ""service_lookup_id"": 104, ""transition_samples"": 1}]"
3,101,3,8,KCQA,"(3, 8, 1, 0)",493,4,181,"[{""A_start"": 1, ""service_lookup_id"": 101, ""transition_samples"": 493}]"
3,102,3,8,KCQA,"(3, 8, 1, 1)",1162,4,312,"[{""A_start"": 2, ""service_lookup_id"": 102, ""transition_samples"": 1162}]"
3,103,3,8,KCA,"(3, 8, 0)",7634,4,3,"[{""A_start"": 0, ""service_lookup_id"": 100, ""transition_samples"": 7130}, {""A_start"": 1, ""service_lookup_id"": 101, ""transition_samples"": 493}, {""A_start"": 2, ""service_lookup_id"": 102, ""transition_samples"": 11}]"
3,104,4,1,KCQA,"(4, 1, 0, 0)",7137,4,1784,"[{""A_start"": 0, ""service_lookup_id"": 108, ""transition_samples"": 7137}]"
3,105,4,1,KCQA,"(4, 1, 0, 1)",6909,4,1721,"[{""A_start"": 0, ""service_lookup_id"": 108, ""transition_samples"": 6909}]"
3,106,4,1,KCQA,"(4, 1, 1, 0)",230,4,62,"[{""A_start"": 0, ""service_lookup_id"": 108, ""transition_samples"": 230}]"
3,107,4,1,KCQA,"(4, 1, 1, 1)",7149,4,1786,"[{""A_start"": 0, ""service_lookup_id"": 108, ""transition_samples"": 7149}]"
3,108,4,1,KCQ,"(4, 1, 2)",7129,4,7,"[{""A_start"": 0, ""service_lookup_id"": 108, ""transition_samples"": 7129}]"
3,109,4,1,KCQA,"(4, 1, 2, 1)",7124,4,1770,"[{""A_start"": 0, ""service_lookup_id"": 108, ""transition_samples"": 7124}]"
3,110,4,1,KCA,"(4, 1, 1)",21331,4,37,"[{""A_start"": 0, ""service_lookup_id"": 108, ""transition_samples"": 21331}]"
3,111,4,2,KCQA,"(4, 2, 0, 0)",7150,4,1787,"[{""A_start"": 0, ""service_lookup_id"": 109, ""transition_samples"": 7150}]"
3,112,4,2,KCQA,"(4, 2, 0, 1)",6872,4,1716,"[{""A_start"": 1, ""service_lookup_id"": 110, ""transition_samples"": 6872}]"
3,113,4,2,KCQA,"(4, 2, 0, 2)",6621,4,1540,"[{""A_start"": 1, ""service_lookup_id"": 110, ""transition_samples"": 6621}]"
3,114,4,2,KCQA,"(4, 2, 1, 0)",281,4,71,"[{""A_start"": 1, ""service_lookup_id"": 110, ""transition_samples"": 281}]"
3,115,4,2,KCQA,"(4, 2, 1, 1)",816,4,246,"[{""A_start"": 1, ""service_lookup_id"": 110, ""transition_samples"": 816}]"
3,116,4,2,KCQA,"(4, 2, 1, 2)",6673,4,1673,"[{""A_start"": 1, ""service_lookup_id"": 110, ""transition_samples"": 6673}]"
3,117,4,2,KCQ,"(4, 2, 2)",204,4,117,"[{""A_start"": 1, ""service_lookup_id"": 110, ""transition_samples"": 204}]"
3,118,4,2,KCA,"(4, 2, 0)",7446,4,1,"[{""A_start"": 0, ""service_lookup_id"": 109, ""transition_samples"": 7150}, {""A_start"": 1, ""service_lookup_id"": 110, ""transition_samples"": 296}]"
3,119,4,2,KCA,"(4, 2, 2)",13386,4,23,"[{""A_start"": 1, ""service_lookup_id"": 110, ""transition_samples"": 13386}]"
3,120,4,3,KCQA,"(4, 3, 0, 0)",7152,4,1786,"[{""A_start"": 0, ""service_lookup_id"": 111, ""transition_samples"": 7152}]"
3,121,4,3,KCQA,"(4, 3, 0, 1)",6679,4,1685,"[{""A_start"": 1, ""service_lookup_id"": 112, ""transition_samples"": 6679}]"
3,122,4,3,KCQA,"(4, 3, 0, 2)",6461,4,1578,"[{""A_start"": 2, ""service_lookup_id"": 113, ""transition_samples"": 6461}]"
3,123,4,3,KCQA,"(4, 3, 0, 3)",5688,4,1316,"[{""A_start"": 2, ""service_lookup_id"": 113, ""transition_samples"": 5688}]"
3,124,4,3,KCQA,"(4, 3, 1, 0)",476,4,101,"[{""A_start"": 1, ""service_lookup_id"": 112, ""transition_samples"": 476}]"
3,125,4,3,KCQA,"(4, 3, 1, 1)",673,4,204,"[{""A_start"": 2, ""service_lookup_id"": 113, ""transition_samples"": 673}]"
3,126,4,3,KCQA,"(4, 3, 1, 2)",1390,4,412,"[{""A_start"": 2, ""service_lookup_id"": 113, ""transition_samples"": 1390}]"
3,127,4,3,KCQ,"(4, 3, 1)",2541,4,1,"[{""A_start"": 1, ""service_lookup_id"": 112, ""transition_samples"": 476}, {""A_start"": 2, ""service_lookup_id"": 113, ""transition_samples"": 2065}]"
3,128,4,3,KCA,"(4, 3, 0)",7650,4,4,"[{""A_start"": 0, ""service_lookup_id"": 111, ""transition_samples"": 7152}, {""A_start"": 1, ""service_lookup_id"": 112, ""transition_samples"": 476}, {""A_start"": 2, ""service_lookup_id"": 113, ""transition_samples"": 22}]"
3,129,4,3,KCA,"(4, 3, 1)",7429,4,59,"[{""A_start"": 1, ""service_lookup_id"": 112, ""transition_samples"": 6679}, {""A_start"": 2, ""service_lookup_id"": 113, ""transition_samples"": 750}]"
3,130,4,3,KCA,"(4, 3, 3)",5771,4,22,"[{""A_start"": 2, ""service_lookup_id"": 113, ""transition_samples"": 5771}]"
3,131,4,4,KCQA,"(4, 4, 0, 0)",7160,4,1788,"[{""A_start"": 0, ""service_lookup_id"": 114, ""transition_samples"": 7160}]"
3,132,4,4,KCQA,"(4, 4, 0, 1)",6705,4,1688,"[{""A_start"": 1, ""service_lookup_id"": 115, ""transition_samples"": 6705}]"
3,133,4,4,KCQA,"(4, 4, 0, 2)",6646,4,1692,"[{""A_start"": 2, ""service_lookup_id"": 116, ""transition_samples"": 6646}]"
3,134,4,4,KCQA,"(4, 4, 0, 3)",5826,4,1486,"[{""A_start"": 3, ""service_lookup_id"": 117, ""transition_samples"": 5826}]"
3,135,4,4,KCQ,"(4, 4, 0)",26341,4,1,"[{""A_start"": 0, ""service_lookup_id"": 114, ""transition_samples"": 7160}, {""A_start"": 1, ""service_lookup_id"": 115, ""transition_samples"": 6705}, {""A_start"": 2, ""service_lookup_id"": 116, ""transition_samples"": 6646}, {""A_start"": 3, ""service_lookup_id"": 117, ""transition_samples"": 5830}]"
3,136,4,4,KCQA,"(4, 4, 1, 0)",457,4,100,"[{""A_start"": 1, ""service_lookup_id"": 115, ""transition_samples"": 457}]"
3,137,4,4,KCQA,"(4, 4, 1, 1)",500,4,94,"[{""A_start"": 2, ""service_lookup_id"": 116, ""transition_samples"": 500}]"
3,138,4,4,KCQA,"(4, 4, 1, 2)",1292,4,292,"[{""A_start"": 3, ""service_lookup_id"": 117, ""transition_samples"": 1292}]"
3,139,4,4,KCQ,"(4, 4, 1)",2255,4,2,"[{""A_start"": 1, ""service_lookup_id"": 115, ""transition_samples"": 457}, {""A_start"": 2, ""service_lookup_id"": 116, ""transition_samples"": 500}, {""A_start"": 3, ""service_lookup_id"": 117, ""transition_samples"": 1298}]"
3,140,4,4,KCA,"(4, 4, 0)",7632,4,3,"[{""A_start"": 0, ""service_lookup_id"": 114, ""transition_samples"": 7160}, {""A_start"": 1, ""service_lookup_id"": 115, ""transition_samples"": 457}, {""A_start"": 2, ""service_lookup_id"": 116, ""transition_samples"": 14}, {""A_start"": 3, ""service_lookup_id"": 117, ""transition_samples"": 1}]"
3,141,4,4,KCA,"(4, 4, 1)",7245,4,9,"[{""A_start"": 1, ""service_lookup_id"": 115, ""transition_samples"": 6705}, {""A_start"": 2, ""service_lookup_id"": 116, ""transition_samples"": 500}, {""A_start"": 3, ""service_lookup_id"": 117, ""transition_samples"": 40}]"
3,142,4,4,KC,"(4, 4)",28704,4,10,"[{""A_start"": 0, ""service_lookup_id"": 114, ""transition_samples"": 7160}, {""A_start"": 1, ""service_lookup_id"": 115, ""transition_samples"": 7162}, {""A_start"": 2, ""service_lookup_id"": 116, ""transition_samples"": 7160}, {""A_start"": 3, ""service_lookup_id"": 117, ""transition_samples"": 7222}]"
3,143,4,5,KCQA,"(4, 5, 0, 0)",7116,4,1776,"[{""A_start"": 0, ""service_lookup_id"": 118, ""transition_samples"": 7116}]"
3,144,4,5,KCQA,"(4, 5, 0, 1)",6263,4,1580,"[{""A_start"": 1, ""service_lookup_id"": 119, ""transition_samples"": 6263}]"
3,145,4,5,KCQA,"(4, 5, 0, 2)",6414,4,1595,"[{""A_start"": 1, ""service_lookup_id"": 119, ""transition_samples"": 3}, {""A_start"": 2, ""service_lookup_id"": 120, ""transition_samples"": 6411}]"
3,146,4,5,KCQA,"(4, 5, 0, 3)",6157,4,1470,"[{""A_start"": 2, ""service_lookup_id"": 120, ""transition_samples"": 5}, {""A_start"": 3, ""service_lookup_id"": 121, ""transition_samples"": 6152}]"
3,147,4,5,KCQA,"(4, 5, 1, 0)",858,4,197,"[{""A_start"": 1, ""service_lookup_id"": 119, ""transition_samples"": 858}]"
3,148,4,5,KCQA,"(4, 5, 1, 1)",706,4,176,"[{""A_start"": 1, ""service_lookup_id"": 119, ""transition_samples"": 1}, {""A_start"": 2, ""service_lookup_id"": 120, ""transition_samples"": 705}]"
3,149,4,5,KCQA,"(4, 5, 1, 2)",893,4,293,"[{""A_start"": 2, ""service_lookup_id"": 120, ""transition_samples"": 1}, {""A_start"": 3, ""service_lookup_id"": 121, ""transition_samples"": 892}]"
3,150,4,5,KCA,"(4, 5, 0)",8002,4,6,"[{""A_start"": 0, ""service_lookup_id"": 118, ""transition_samples"": 7116}, {""A_start"": 1, ""service_lookup_id"": 119, ""transition_samples"": 858}, {""A_start"": 2, ""service_lookup_id"": 120, ""transition_samples"": 27}, {""A_start"": 3, ""service_lookup_id"": 121, ""transition_samples"": 1}]"
3,151,4,5,KCA,"(4, 5, 1)",7008,4,13,"[{""A_start"": 1, ""service_lookup_id"": 119, ""transition_samples"": 6264}, {""A_start"": 2, ""service_lookup_id"": 120, ""transition_samples"": 706}, {""A_start"": 3, ""service_lookup_id"": 121, ""transition_samples"": 38}]"
3,152,4,6,KCQA,"(4, 6, 0, 0)",7106,4,1776,"[{""A_start"": 0, ""service_lookup_id"": 123, ""transition_samples"": 7106}]"
3,153,4,6,KCQA,"(4, 6, 0, 1)",6305,4,1577,"[{""A_start"": 1, ""service_lookup_id"": 124, ""transition_samples"": 6305}]"
3,154,4,6,KCQA,"(4, 6, 0, 2)",6213,4,1581,"[{""A_start"": 1, ""service_lookup_id"": 124, ""transition_samples"": 2}, {""A_start"": 2, ""service_lookup_id"": 125, ""transition_samples"": 6211}]"
3,155,4,6,KCQA,"(4, 6, 0, 3)",5788,4,1454,"[{""A_start"": 2, ""service_lookup_id"": 125, ""transition_samples"": 2}, {""A_start"": 3, ""service_lookup_id"": 126, ""transition_samples"": 5786}]"
3,156,4,6,KCQ,"(4, 6, 0)",25415,4,1,"[{""A_start"": 0, ""service_lookup_id"": 123, ""transition_samples"": 7106}, {""A_start"": 1, ""service_lookup_id"": 124, ""transition_samples"": 6307}, {""A_start"": 2, ""service_lookup_id"": 125, ""transition_samples"": 6213}, {""A_start"": 3, ""service_lookup_id"": 126, ""transition_samples"": 5786}, {""A_start"": 4, ""service_lookup_id"": 127, ""transition_samples"": 3}]"
3,157,4,6,KCQA,"(4, 6, 1, 0)",803,4,200,"[{""A_start"": 1, ""service_lookup_id"": 124, ""transition_samples"": 803}]"
3,158,4,6,KCQA,"(4, 6, 1, 1)",875,4,192,"[{""A_start"": 2, ""service_lookup_id"": 125, ""transition_samples"": 875}]"
3,159,4,6,KCQA,"(4, 6, 1, 2)",1226,4,304,"[{""A_start"": 2, ""service_lookup_id"": 125, ""transition_samples"": 1}, {""A_start"": 3, ""service_lookup_id"": 126, ""transition_samples"": 1225}]"
3,160,4,6,KCA,"(4, 6, 0)",7948,4,6,"[{""A_start"": 0, ""service_lookup_id"": 123, ""transition_samples"": 7106}, {""A_start"": 1, ""service_lookup_id"": 124, ""transition_samples"": 803}, {""A_start"": 2, ""service_lookup_id"": 125, ""transition_samples"": 39}]"
3,161,4,6,KCA,"(4, 6, 1)",7263,4,20,"[{""A_start"": 1, ""service_lookup_id"": 124, ""transition_samples"": 6305}, {""A_start"": 2, ""service_lookup_id"": 125, ""transition_samples"": 876}, {""A_start"": 3, ""service_lookup_id"": 126, ""transition_samples"": 82}]"
3,162,4,7,KCQA,"(4, 7, 0, 0)",7103,4,1776,"[{""A_start"": 0, ""service_lookup_id"": 129, ""transition_samples"": 7103}]"
3,163,4,7,KCQA,"(4, 7, 0, 1)",6422,4,1598,"[{""A_start"": 1, ""service_lookup_id"": 130, ""transition_samples"": 6422}]"
3,164,4,7,KCQA,"(4, 7, 0, 2)",6339,4,1514,"[{""A_start"": 1, ""service_lookup_id"": 130, ""transition_samples"": 2}, {""A_start"": 2, ""service_lookup_id"": 131, ""transition_samples"": 6337}]"
3,165,4,7,KCQA,"(4, 7, 0, 3)",5626,4,1479,"[{""A_start"": 3, ""service_lookup_id"": 132, ""transition_samples"": 5626}]"
3,166,4,7,KCQ,"(4, 7, 0)",25491,4,1,"[{""A_start"": 0, ""service_lookup_id"": 129, ""transition_samples"": 7103}, {""A_start"": 1, ""service_lookup_id"": 130, ""transition_samples"": 6424}, {""A_start"": 2, ""service_lookup_id"": 131, ""transition_samples"": 6337}, {""A_start"": 3, ""service_lookup_id"": 132, ""transition_samples"": 5626}, {""A_start"": 4, ""service_lookup_id"": 133, ""transition_samples"": 1}]"
3,167,4,7,KCQA,"(4, 7, 1, 0)",688,4,179,"[{""A_start"": 1, ""service_lookup_id"": 130, ""transition_samples"": 688}]"
3,168,4,7,KCQA,"(4, 7, 1, 1)",750,4,265,"[{""A_start"": 2, ""service_lookup_id"": 131, ""transition_samples"": 750}]"
3,169,4,7,KCQA,"(4, 7, 1, 2)",1415,4,258,"[{""A_start"": 2, ""service_lookup_id"": 131, ""transition_samples"": 1}, {""A_start"": 3, ""service_lookup_id"": 132, ""transition_samples"": 1414}]"
3,170,4,7,KCA,"(4, 7, 0)",7820,4,7,"[{""A_start"": 0, ""service_lookup_id"": 129, ""transition_samples"": 7103}, {""A_start"": 1, ""service_lookup_id"": 130, ""transition_samples"": 688}, {""A_start"": 2, ""service_lookup_id"": 131, ""transition_samples"": 29}]"
3,171,4,7,KCA,"(4, 7, 1)",7234,4,34,"[{""A_start"": 1, ""service_lookup_id"": 130, ""transition_samples"": 6422}, {""A_start"": 2, ""service_lookup_id"": 131, ""transition_samples"": 750}, {""A_start"": 3, ""service_lookup_id"": 132, ""transition_samples"": 62}]"
3,172,4,8,KCQA,"(4, 8, 0, 0)",7103,4,1777,"[{""A_start"": 0, ""service_lookup_id"": 136, ""transition_samples"": 7103}]"
3,173,4,8,KCQA,"(4, 8, 0, 1)",6528,4,1621,"[{""A_start"": 1, ""service_lookup_id"": 137, ""transition_samples"": 6528}]"
3,174,4,8,KCQA,"(4, 8, 0, 2)",6366,4,1608,"[{""A_start"": 2, ""service_lookup_id"": 138, ""transition_samples"": 6366}]"
3,175,4,8,KCQA,"(4, 8, 0, 3)",5732,4,1460,"[{""A_start"": 2, ""service_lookup_id"": 138, ""transition_samples"": 1}, {""A_start"": 3, ""service_lookup_id"": 139, ""transition_samples"": 5731}]"
3,176,4,8,KCQ,"(4, 8, 0)",25730,4,2,"[{""A_start"": 0, ""service_lookup_id"": 136, ""transition_samples"": 7103}, {""A_start"": 1, ""service_lookup_id"": 137, ""transition_samples"": 6528}, {""A_start"": 2, ""service_lookup_id"": 138, ""transition_samples"": 6367}, {""A_start"": 3, ""service_lookup_id"": 139, ""transition_samples"": 5731}, {""A_start"": 4, ""service_lookup_id"": 140, ""transition_samples"": 1}]"
3,177,4,8,KCQA,"(4, 8, 1, 0)",580,4,155,"[{""A_start"": 1, ""service_lookup_id"": 137, ""transition_samples"": 580}]"
3,178,4,8,KCQA,"(4, 8, 1, 1)",724,4,163,"[{""A_start"": 2, ""service_lookup_id"": 138, ""transition_samples"": 724}]"
3,179,4,8,KCQA,"(4, 8, 1, 2)",1301,4,306,"[{""A_start"": 3, ""service_lookup_id"": 139, ""transition_samples"": 1301}]"
3,180,4,8,KCA,"(4, 8, 0)",7703,4,7,"[{""A_start"": 0, ""service_lookup_id"": 136, ""transition_samples"": 7103}, {""A_start"": 1, ""service_lookup_id"": 137, ""transition_samples"": 580}, {""A_start"": 2, ""service_lookup_id"": 138, ""transition_samples"": 20}]"
3,181,4,8,KCA,"(4, 8, 1)",7323,4,8,"[{""A_start"": 1, ""service_lookup_id"": 137, ""transition_samples"": 6528}, {""A_start"": 2, ""service_lookup_id"": 138, ""transition_samples"": 724}, {""A_start"": 3, ""service_lookup_id"": 139, ""transition_samples"": 71}]"
3,182,5,1,KCQA,"(5, 1, 0, 0)",7063,4,1763,"[{""A_start"": 0, ""service_lookup_id"": 144, ""transition_samples"": 7063}]"
3,183,5,1,KCQA,"(5, 1, 0, 1)",6849,4,1692,"[{""A_start"": 0, ""service_lookup_id"": 144, ""transition_samples"": 6849}]"
3,184,5,1,KCQA,"(5, 1, 1, 0)",217,4,73,"[{""A_start"": 0, ""service_lookup_id"": 144, ""transition_samples"": 217}]"
3,185,5,1,KCQA,"(5, 1, 1, 1)",7059,4,1762,"[{""A_start"": 0, ""service_lookup_id"": 144, ""transition_samples"": 7059}]"
3,186,5,1,KCQ,"(5, 1, 2)",7112,4,5,"[{""A_start"": 0, ""service_lookup_id"": 144, ""transition_samples"": 7112}]"
3,187,5,1,KCQA,"(5, 1, 2, 1)",7099,4,1778,"[{""A_start"": 0, ""service_lookup_id"": 144, ""transition_samples"": 7099}]"
3,188,5,1,KCQ,"(5, 1, 3)",7039,4,1,"[{""A_start"": 0, ""service_lookup_id"": 144, ""transition_samples"": 7039}]"
3,189,5,1,KCQA,"(5, 1, 3, 1)",7037,4,1748,"[{""A_start"": 0, ""service_lookup_id"": 144, ""transition_samples"": 7037}]"
3,190,5,1,KCA,"(5, 1, 1)",28551,4,139,"[{""A_start"": 0, ""service_lookup_id"": 144, ""transition_samples"": 28551}]"
3,191,5,2,KCQA,"(5, 2, 0, 0)",7113,4,1783,"[{""A_start"": 0, ""service_lookup_id"": 145, ""transition_samples"": 7113}]"
3,192,5,2,KCQA,"(5, 2, 0, 1)",6565,4,1699,"[{""A_start"": 1, ""service_lookup_id"": 146, ""transition_samples"": 6565}]"
3,193,5,2,KCQA,"(5, 2, 0, 2)",6519,4,1668,"[{""A_start"": 1, ""service_lookup_id"": 146, ""transition_samples"": 6519}]"
3,194,5,2,KCQA,"(5, 2, 1, 0)",549,4,84,"[{""A_start"": 1, ""service_lookup_id"": 146, ""transition_samples"": 549}]"
3,195,5,2,KCQA,"(5, 2, 1, 1)",579,4,112,"[{""A_start"": 1, ""service_lookup_id"": 146, ""transition_samples"": 579}]"
3,196,5,2,KCQA,"(5, 2, 1, 2)",7052,4,1763,"[{""A_start"": 1, ""service_lookup_id"": 146, ""transition_samples"": 7052}]"
3,197,5,2,KCQ,"(5, 2, 2)",7175,4,24,"[{""A_start"": 1, ""service_lookup_id"": 146, ""transition_samples"": 7175}]"
3,198,5,2,KCQA,"(5, 2, 2, 2)",7060,4,1780,"[{""A_start"": 1, ""service_lookup_id"": 146, ""transition_samples"": 7060}]"
3,199,5,2,KCA,"(5, 2, 1)",7263,4,4,"[{""A_start"": 1, ""service_lookup_id"": 146, ""transition_samples"": 7263}]"
3,200,5,2,KCA,"(5, 2, 2)",20895,4,46,"[{""A_start"": 1, ""service_lookup_id"": 146, ""transition_samples"": 20895}]"
3,201,5,3,KCQA,"(5, 3, 0, 0)",7130,4,1784,"[{""A_start"": 0, ""service_lookup_id"": 147, ""transition_samples"": 7130}]"
3,202,5,3,KCQA,"(5, 3, 0, 1)",6399,4,1616,"[{""A_start"": 1, ""service_lookup_id"": 148, ""transition_samples"": 6399}]"
3,203,5,3,KCQA,"(5, 3, 0, 2)",6374,4,1597,"[{""A_start"": 1, ""service_lookup_id"": 148, ""transition_samples"": 2}, {""A_start"": 2, ""service_lookup_id"": 149, ""transition_samples"": 6372}]"
3,204,5,3,KCQA,"(5, 3, 0, 3)",6083,4,1527,"[{""A_start"": 2, ""service_lookup_id"": 149, ""transition_samples"": 6083}]"
3,205,5,3,KCQA,"(5, 3, 1, 0)",732,4,168,"[{""A_start"": 1, ""service_lookup_id"": 148, ""transition_samples"": 732}]"
3,206,5,3,KCQA,"(5, 3, 1, 1)",737,4,186,"[{""A_start"": 1, ""service_lookup_id"": 148, ""transition_samples"": 1}, {""A_start"": 2, ""service_lookup_id"": 149, ""transition_samples"": 736}]"
3,207,5,3,KCQA,"(5, 3, 1, 2)",1054,4,246,"[{""A_start"": 2, ""service_lookup_id"": 149, ""transition_samples"": 1054}]"
3,208,5,3,KCQA,"(5, 3, 1, 3)",6856,4,1734,"[{""A_start"": 2, ""service_lookup_id"": 149, ""transition_samples"": 6856}]"
3,209,5,3,KCQ,"(5, 3, 2)",305,4,14,"[{""A_start"": 2, ""service_lookup_id"": 149, ""transition_samples"": 305}]"
3,210,5,3,KCQA,"(5, 3, 2, 2)",217,4,50,"[{""A_start"": 2, ""service_lookup_id"": 149, ""transition_samples"": 217}]"
3,211,5,3,KCA,"(5, 3, 1)",7182,4,1,"[{""A_start"": 1, ""service_lookup_id"": 148, ""transition_samples"": 6400}, {""A_start"": 2, ""service_lookup_id"": 149, ""transition_samples"": 782}]"
3,212,5,3,KCA,"(5, 3, 3)",13122,4,41,"[{""A_start"": 2, ""service_lookup_id"": 149, ""transition_samples"": 13122}]"
3,213,5,4,KCQA,"(5, 4, 0, 0)",7129,4,1783,"[{""A_start"": 0, ""service_lookup_id"": 150, ""transition_samples"": 7129}]"
3,214,5,4,KCQA,"(5, 4, 0, 1)",6111,4,1629,"[{""A_start"": 0, ""service_lookup_id"": 150, ""transition_samples"": 1}, {""A_start"": 1, ""service_lookup_id"": 151, ""transition_samples"": 6110}]"
3,215,5,4,KCQA,"(5, 4, 0, 2)",6035,4,1579,"[{""A_start"": 1, ""service_lookup_id"": 151, ""transition_samples"": 4}, {""A_start"": 2, ""service_lookup_id"": 152, ""transition_samples"": 6031}]"
3,216,5,4,KCQA,"(5, 4, 0, 3)",5907,4,1465,"[{""A_start"": 2, ""service_lookup_id"": 152, ""transition_samples"": 1}, {""A_start"": 3, ""service_lookup_id"": 153, ""transition_samples"": 5906}]"
3,217,5,4,KCQA,"(5, 4, 0, 4)",6036,4,1452,"[{""A_start"": 3, ""service_lookup_id"": 153, ""transition_samples"": 6036}]"
3,218,5,4,KCQA,"(5, 4, 1, 0)",1025,4,154,"[{""A_start"": 1, ""service_lookup_id"": 151, ""transition_samples"": 1025}]"
3,219,5,4,KCQA,"(5, 4, 1, 1)",1022,4,201,"[{""A_start"": 2, ""service_lookup_id"": 152, ""transition_samples"": 1022}]"
3,220,5,4,KCQA,"(5, 4, 1, 2)",1165,4,302,"[{""A_start"": 2, ""service_lookup_id"": 152, ""transition_samples"": 7}, {""A_start"": 3, ""service_lookup_id"": 153, ""transition_samples"": 1158}]"
3,221,5,4,KCQA,"(5, 4, 1, 3)",937,4,309,"[{""A_start"": 3, ""service_lookup_id"": 153, ""transition_samples"": 937}]"
3,222,5,4,KCQ,"(5, 4, 1)",4155,4,2,"[{""A_start"": 1, ""service_lookup_id"": 151, ""transition_samples"": 1025}, {""A_start"": 2, ""service_lookup_id"": 152, ""transition_samples"": 1029}, {""A_start"": 3, ""service_lookup_id"": 153, ""transition_samples"": 2101}]"
3,223,5,4,KCQ,"(5, 4, 2)",298,4,44,"[{""A_start"": 2, ""service_lookup_id"": 152, ""transition_samples"": 84}, {""A_start"": 3, ""service_lookup_id"": 153, ""transition_samples"": 214}]"
3,224,5,4,KCA,"(5, 4, 1)",7234,4,2,"[{""A_start"": 0, ""service_lookup_id"": 150, ""transition_samples"": 1}, {""A_start"": 1, ""service_lookup_id"": 151, ""transition_samples"": 6110}, {""A_start"": 2, ""service_lookup_id"": 152, ""transition_samples"": 1023}, {""A_start"": 3, ""service_lookup_id"": 153, ""transition_samples"": 100}]"
3,225,5,4,KCA,"(5, 4, 4)",6193,4,37,"[{""A_start"": 3, ""service_lookup_id"": 153, ""transition_samples"": 6193}]"
3,226,5,5,KCQA,"(5, 5, 0, 0)",7070,4,1767,"[{""A_start"": 0, ""service_lookup_id"": 154, ""transition_samples"": 7070}]"
3,227,5,5,KCQA,"(5, 5, 0, 1)",6357,4,1595,"[{""A_start"": 1, ""service_lookup_id"": 155, ""transition_samples"": 6357}]"
3,228,5,5,KCQA,"(5, 5, 0, 2)",6021,4,1483,"[{""A_start"": 1, ""service_lookup_id"": 155, ""transition_samples"": 1}, {""A_start"": 2, ""service_lookup_id"": 156, ""transition_samples"": 6020}]"
3,229,5,5,KCQA,"(5, 5, 0, 3)",5593,4,1410,"[{""A_start"": 3, ""service_lookup_id"": 157, ""transition_samples"": 5593}]"
3,230,5,5,KCQA,"(5, 5, 0, 4)",5627,4,1449,"[{""A_start"": 4, ""service_lookup_id"": 158, ""transition_samples"": 5627}]"
3,231,5,5,KCQA,"(5, 5, 1, 0)",718,4,171,"[{""A_start"": 1, ""service_lookup_id"": 155, ""transition_samples"": 718}]"
3,232,5,5,KCQA,"(5, 5, 1, 1)",1026,4,262,"[{""A_start"": 1, ""service_lookup_id"": 155, ""transition_samples"": 1}, {""A_start"": 2, ""service_lookup_id"": 156, ""transition_samples"": 1025}]"
3,233,5,5,KCQA,"(5, 5, 1, 2)",1397,4,338,"[{""A_start"": 2, ""service_lookup_id"": 156, ""transition_samples"": 2}, {""A_start"": 3, ""service_lookup_id"": 157, ""transition_samples"": 1395}]"
3,234,5,5,KCQA,"(5, 5, 1, 3)",1298,4,285,"[{""A_start"": 4, ""service_lookup_id"": 158, ""transition_samples"": 1298}]"
3,235,5,5,KCQ,"(5, 5, 2)",281,4,77,"[{""A_start"": 2, ""service_lookup_id"": 156, ""transition_samples"": 39}, {""A_start"": 3, ""service_lookup_id"": 157, ""transition_samples"": 98}, {""A_start"": 4, ""service_lookup_id"": 158, ""transition_samples"": 144}]"
3,236,5,5,KCA,"(5, 5, 0)",7827,4,1,"[{""A_start"": 0, ""service_lookup_id"": 154, ""transition_samples"": 7070}, {""A_start"": 1, ""service_lookup_id"": 155, ""transition_samples"": 718}, {""A_start"": 2, ""service_lookup_id"": 156, ""transition_samples"": 39}]"
3,237,5,5,KCA,"(5, 5, 1)",7486,4,2,"[{""A_start"": 1, ""service_lookup_id"": 155, ""transition_samples"": 6358}, {""A_start"": 2, ""service_lookup_id"": 156, ""transition_samples"": 1025}, {""A_start"": 3, ""service_lookup_id"": 157, ""transition_samples"": 98}, {""A_start"": 4, ""service_lookup_id"": 158, ""transition_samples"": 5}]"
3,238,5,6,KCQA,"(5, 6, 0, 0)",7050,4,1764,"[{""A_start"": 0, ""service_lookup_id"": 159, ""transition_samples"": 7050}]"
3,239,5,6,KCQA,"(5, 6, 0, 1)",6135,4,1597,"[{""A_start"": 0, ""service_lookup_id"": 159, ""transition_samples"": 1}, {""A_start"": 1, ""service_lookup_id"": 160, ""transition_samples"": 6134}]"
3,240,5,6,KCQA,"(5, 6, 0, 2)",5782,4,1507,"[{""A_start"": 1, ""service_lookup_id"": 160, ""transition_samples"": 1}, {""A_start"": 2, ""service_lookup_id"": 161, ""transition_samples"": 5781}]"
3,241,5,6,KCQA,"(5, 6, 0, 3)",5320,4,1401,"[{""A_start"": 3, ""service_lookup_id"": 162, ""transition_samples"": 5320}]"
3,242,5,6,KCQA,"(5, 6, 0, 4)",5489,4,1386,"[{""A_start"": 4, ""service_lookup_id"": 163, ""transition_samples"": 5489}]"
3,243,5,6,KCQ,"(5, 6, 0)",29780,4,6,"[{""A_start"": 0, ""service_lookup_id"": 159, ""transition_samples"": 7051}, {""A_start"": 1, ""service_lookup_id"": 160, ""transition_samples"": 6135}, {""A_start"": 2, ""service_lookup_id"": 161, ""transition_samples"": 5781}, {""A_start"": 3, ""service_lookup_id"": 162, ""transition_samples"": 5320}, {""A_start"": 4, ""service_lookup_id"": 163, ""transition_samples"": 5489}, {""A_start"": 5, ""service_lookup_id"": 164, ""transition_samples"": 4}]"
3,244,5,6,KCQA,"(5, 6, 1, 0)",924,4,167,"[{""A_start"": 1, ""service_lookup_id"": 160, ""transition_samples"": 924}]"
3,245,5,6,KCQA,"(5, 6, 1, 1)",1217,4,253,"[{""A_start"": 2, ""service_lookup_id"": 161, ""transition_samples"": 1217}]"
3,246,5,6,KCQA,"(5, 6, 1, 2)",1575,4,345,"[{""A_start"": 3, ""service_lookup_id"": 162, ""transition_samples"": 1575}]"
3,247,5,6,KCQA,"(5, 6, 1, 3)",1356,4,323,"[{""A_start"": 3, ""service_lookup_id"": 162, ""transition_samples"": 1}, {""A_start"": 4, ""service_lookup_id"": 163, ""transition_samples"": 1355}]"
3,248,5,6,KCQ,"(5, 6, 2)",432,4,27,"[{""A_start"": 2, ""service_lookup_id"": 161, ""transition_samples"": 67}, {""A_start"": 3, ""service_lookup_id"": 162, ""transition_samples"": 161}, {""A_start"": 4, ""service_lookup_id"": 163, ""transition_samples"": 204}]"
3,249,5,6,KCQA,"(5, 6, 2, 2)",204,4,46,"[{""A_start"": 4, ""service_lookup_id"": 163, ""transition_samples"": 204}]"
3,250,5,6,KCA,"(5, 6, 0)",8044,4,1,"[{""A_start"": 0, ""service_lookup_id"": 159, ""transition_samples"": 7050}, {""A_start"": 1, ""service_lookup_id"": 160, ""transition_samples"": 924}, {""A_start"": 2, ""service_lookup_id"": 161, ""transition_samples"": 67}, {""A_start"": 3, ""service_lookup_id"": 162, ""transition_samples"": 3}]"
3,251,5,6,KCA,"(5, 6, 1)",7521,4,4,"[{""A_start"": 0, ""service_lookup_id"": 159, ""transition_samples"": 1}, {""A_start"": 1, ""service_lookup_id"": 160, ""transition_samples"": 6134}, {""A_start"": 2, ""service_lookup_id"": 161, ""transition_samples"": 1217}, {""A_start"": 3, ""service_lookup_id"": 162, ""transition_samples"": 161}, {""A_start"": 4, ""service_lookup_id"": 163, ""transition_samples"": 8}]"
3,252,5,6,KC,"(5, 6)",35297,4,2,"[{""A_start"": 0, ""service_lookup_id"": 159, ""transition_samples"": 7051}, {""A_start"": 1, ""service_lookup_id"": 160, ""transition_samples"": 7059}, {""A_start"": 2, ""service_lookup_id"": 161, ""transition_samples"": 7065}, {""A_start"": 3, ""service_lookup_id"": 162, ""transition_samples"": 7060}, {""A_start"": 4, ""service_lookup_id"": 163, ""transition_samples"": 7056}, {""A_start"": 5, ""service_lookup_id"": 164, ""transition_samples"": 6}]"
3,253,5,7,KCQA,"(5, 7, 0, 0)",7051,4,1764,"[{""A_start"": 0, ""service_lookup_id"": 165, ""transition_samples"": 7051}]"
3,254,5,7,KCQA,"(5, 7, 0, 1)",6219,4,1596,"[{""A_start"": 1, ""service_lookup_id"": 166, ""transition_samples"": 6219}]"
3,255,5,7,KCQA,"(5, 7, 0, 2)",5756,4,1470,"[{""A_start"": 1, ""service_lookup_id"": 166, ""transition_samples"": 1}, {""A_start"": 2, ""service_lookup_id"": 167, ""transition_samples"": 5755}]"
3,256,5,7,KCQA,"(5, 7, 0, 3)",5257,4,1387,"[{""A_start"": 2, ""service_lookup_id"": 167, ""transition_samples"": 1}, {""A_start"": 3, ""service_lookup_id"": 168, ""transition_samples"": 5256}]"
3,257,5,7,KCQA,"(5, 7, 0, 4)",5295,4,1367,"[{""A_start"": 4, ""service_lookup_id"": 169, ""transition_samples"": 5295}]"
3,258,5,7,KCQ,"(5, 7, 0)",29586,4,1,"[{""A_start"": 0, ""service_lookup_id"": 165, ""transition_samples"": 7051}, {""A_start"": 1, ""service_lookup_id"": 166, ""transition_samples"": 6220}, {""A_start"": 2, ""service_lookup_id"": 167, ""transition_samples"": 5756}, {""A_start"": 3, ""service_lookup_id"": 168, ""transition_samples"": 5256}, {""A_start"": 4, ""service_lookup_id"": 169, ""transition_samples"": 5295}, {""A_start"": 5, ""service_lookup_id"": 170, ""transition_samples"": 5}, {""A_start"": 6, ""service_lookup_id"": 171, ""transition_samples"": 3}]"
3,259,5,7,KCQA,"(5, 7, 1, 0)",835,4,169,"[{""A_start"": 1, ""service_lookup_id"": 166, ""transition_samples"": 835}]"
3,260,5,7,KCQA,"(5, 7, 1, 1)",1245,4,291,"[{""A_start"": 2, ""service_lookup_id"": 167, ""transition_samples"": 1245}]"
3,261,5,7,KCQA,"(5, 7, 1, 2)",1648,4,351,"[{""A_start"": 3, ""service_lookup_id"": 168, ""transition_samples"": 1648}]"
3,262,5,7,KCQA,"(5, 7, 1, 3)",1517,4,349,"[{""A_start"": 3, ""service_lookup_id"": 168, ""transition_samples"": 1}, {""A_start"": 4, ""service_lookup_id"": 169, ""transition_samples"": 1516}]"
3,263,5,7,KCQ,"(5, 7, 2)",435,4,34,"[{""A_start"": 2, ""service_lookup_id"": 167, ""transition_samples"": 58}, {""A_start"": 3, ""service_lookup_id"": 168, ""transition_samples"": 153}, {""A_start"": 4, ""service_lookup_id"": 169, ""transition_samples"": 224}]"
3,264,5,7,KCQA,"(5, 7, 2, 2)",224,4,46,"[{""A_start"": 4, ""service_lookup_id"": 169, ""transition_samples"": 224}]"
3,265,5,7,KCA,"(5, 7, 1)",7636,4,5,"[{""A_start"": 1, ""service_lookup_id"": 166, ""transition_samples"": 6219}, {""A_start"": 2, ""service_lookup_id"": 167, ""transition_samples"": 1245}, {""A_start"": 3, ""service_lookup_id"": 168, ""transition_samples"": 153}, {""A_start"": 4, ""service_lookup_id"": 169, ""transition_samples"": 19}]"
3,266,5,8,KCQA,"(5, 8, 0, 0)",7044,4,1764,"[{""A_start"": 0, ""service_lookup_id"": 172, ""transition_samples"": 7044}]"
3,267,5,8,KCQA,"(5, 8, 0, 1)",6084,4,1582,"[{""A_start"": 1, ""service_lookup_id"": 173, ""transition_samples"": 6084}]"
3,268,5,8,KCQA,"(5, 8, 0, 2)",5701,4,1444,"[{""A_start"": 1, ""service_lookup_id"": 173, ""transition_samples"": 2}, {""A_start"": 2, ""service_lookup_id"": 174, ""transition_samples"": 5699}]"
3,269,5,8,KCQA,"(5, 8, 0, 3)",5272,4,1275,"[{""A_start"": 2, ""service_lookup_id"": 174, ""transition_samples"": 1}, {""A_start"": 3, ""service_lookup_id"": 175, ""transition_samples"": 5271}]"
3,270,5,8,KCQA,"(5, 8, 0, 4)",5480,4,1268,"[{""A_start"": 3, ""service_lookup_id"": 175, ""transition_samples"": 5}, {""A_start"": 4, ""service_lookup_id"": 176, ""transition_samples"": 5475}]"
3,271,5,8,KCQA,"(5, 8, 1, 0)",964,4,182,"[{""A_start"": 1, ""service_lookup_id"": 173, ""transition_samples"": 964}]"
3,272,5,8,KCQA,"(5, 8, 1, 1)",1288,4,302,"[{""A_start"": 2, ""service_lookup_id"": 174, ""transition_samples"": 1288}]"
3,273,5,8,KCQA,"(5, 8, 1, 2)",1611,4,451,"[{""A_start"": 3, ""service_lookup_id"": 175, ""transition_samples"": 1611}]"
3,274,5,8,KCQA,"(5, 8, 1, 3)",1351,4,421,"[{""A_start"": 3, ""service_lookup_id"": 175, ""transition_samples"": 2}, {""A_start"": 4, ""service_lookup_id"": 176, ""transition_samples"": 1349}]"
3,275,5,8,KCQ,"(5, 8, 2)",435,4,134,"[{""A_start"": 2, ""service_lookup_id"": 174, ""transition_samples"": 63}, {""A_start"": 3, ""service_lookup_id"": 175, ""transition_samples"": 175}, {""A_start"": 4, ""service_lookup_id"": 176, ""transition_samples"": 197}]"
3,276,5,8,KCA,"(5, 8, 0)",8077,4,1,"[{""A_start"": 0, ""service_lookup_id"": 172, ""transition_samples"": 7044}, {""A_start"": 1, ""service_lookup_id"": 173, ""transition_samples"": 964}, {""A_start"": 2, ""service_lookup_id"": 174, ""transition_samples"": 63}, {""A_start"": 3, ""service_lookup_id"": 175, ""transition_samples"": 5}, {""A_start"": 4, ""service_lookup_id"": 176, ""transition_samples"": 1}]"
3,277,5,8,KCA,"(5, 8, 1)",7557,4,5,"[{""A_start"": 1, ""service_lookup_id"": 173, ""transition_samples"": 6084}, {""A_start"": 2, ""service_lookup_id"": 174, ""transition_samples"": 1288}, {""A_start"": 3, ""service_lookup_id"": 175, ""transition_samples"": 175}, {""A_start"": 4, ""service_lookup_id"": 176, ""transition_samples"": 10}]"
3,278,6,1,KCQA,"(6, 1, 0, 0)",4110,3,555,"[{""A_start"": 0, ""service_lookup_id"": 180, ""transition_samples"": 4110}]"
3,279,6,1,KCQA,"(6, 1, 0, 1)",4149,3,562,"[{""A_start"": 0, ""service_lookup_id"": 180, ""transition_samples"": 4149}]"
3,280,6,1,KCQA,"(6, 1, 1, 0)",211,3,23,"[{""A_start"": 0, ""service_lookup_id"": 180, ""transition_samples"": 211}]"
3,281,6,1,KCQA,"(6, 1, 1, 1)",4305,3,574,"[{""A_start"": 0, ""service_lookup_id"": 180, ""transition_samples"": 4305}]"
3,282,6,1,KCQ,"(6, 1, 2)",4318,3,4,"[{""A_start"": 0, ""service_lookup_id"": 180, ""transition_samples"": 4318}]"
3,283,6,1,KCQA,"(6, 1, 2, 1)",4304,3,579,"[{""A_start"": 0, ""service_lookup_id"": 180, ""transition_samples"": 4304}]"
3,284,6,1,KCQ,"(6, 1, 3)",4443,3,2,"[{""A_start"": 0, ""service_lookup_id"": 180, ""transition_samples"": 4443}]"
3,285,6,1,KCQA,"(6, 1, 3, 1)",4443,3,612,"[{""A_start"": 0, ""service_lookup_id"": 180, ""transition_samples"": 4443}]"
3,286,6,1,KCQA,"(6, 1, 4, 1)",4153,3,557,"[{""A_start"": 0, ""service_lookup_id"": 180, ""transition_samples"": 4153}]"
3,287,6,1,KCA,"(6, 1, 1)",38653,4,267,"[{""A_start"": 0, ""service_lookup_id"": 180, ""transition_samples"": 38653}]"
3,288,6,1,KCQA,"(6, 1, 19, 1)",224,4,27,"[{""A_start"": 0, ""service_lookup_id"": 180, ""transition_samples"": 224}]"
3,289,6,1,KCQA,"(6, 1, 20, 1)",308,4,36,"[{""A_start"": 0, ""service_lookup_id"": 180, ""transition_samples"": 308}]"
3,290,6,1,KCQA,"(6, 1, 21, 1)",375,4,51,"[{""A_start"": 0, ""service_lookup_id"": 180, ""transition_samples"": 375}]"
3,291,6,1,KCQA,"(6, 1, 22, 1)",445,4,104,"[{""A_start"": 0, ""service_lookup_id"": 180, ""transition_samples"": 445}]"
3,292,6,1,KCQA,"(6, 1, 23, 1)",481,4,188,"[{""A_start"": 0, ""service_lookup_id"": 180, ""transition_samples"": 481}]"
3,293,6,1,KCQA,"(6, 1, 24, 1)",512,4,270,"[{""A_start"": 0, ""service_lookup_id"": 180, ""transition_samples"": 512}]"
3,294,6,1,KCQA,"(6, 1, 25, 1)",562,4,330,"[{""A_start"": 0, ""service_lookup_id"": 180, ""transition_samples"": 562}]"
3,295,6,1,KCQA,"(6, 1, 26, 1)",677,4,475,"[{""A_start"": 0, ""service_lookup_id"": 180, ""transition_samples"": 677}]"
3,296,6,1,KCQA,"(6, 1, 27, 1)",875,4,553,"[{""A_start"": 0, ""service_lookup_id"": 180, ""transition_samples"": 875}]"
3,297,6,1,KCQA,"(6, 1, 28, 1)",1079,4,593,"[{""A_start"": 0, ""service_lookup_id"": 180, ""transition_samples"": 1079}]"
3,298,6,1,KCQA,"(6, 1, 29, 1)",1209,4,586,"[{""A_start"": 0, ""service_lookup_id"": 180, ""transition_samples"": 1209}]"
3,299,6,1,KCQA,"(6, 1, 30, 1)",1332,4,577,"[{""A_start"": 0, ""service_lookup_id"": 180, ""transition_samples"": 1332}]"
3,300,6,1,KCQA,"(6, 1, 31, 1)",1293,4,555,"[{""A_start"": 0, ""service_lookup_id"": 180, ""transition_samples"": 1293}]"
3,301,6,1,KCQA,"(6, 1, 32, 1)",1254,4,454,"[{""A_start"": 0, ""service_lookup_id"": 180, ""transition_samples"": 1254}]"
3,302,6,1,KCQA,"(6, 1, 33, 1)",1124,4,420,"[{""A_start"": 0, ""service_lookup_id"": 180, ""transition_samples"": 1124}]"
3,303,6,1,KCQA,"(6, 1, 34, 1)",923,4,389,"[{""A_start"": 0, ""service_lookup_id"": 180, ""transition_samples"": 923}]"
3,304,6,1,KCQA,"(6, 1, 35, 1)",788,4,345,"[{""A_start"": 0, ""service_lookup_id"": 180, ""transition_samples"": 788}]"
3,305,6,1,KCQA,"(6, 1, 36, 1)",680,4,321,"[{""A_start"": 0, ""service_lookup_id"": 180, ""transition_samples"": 680}]"
3,306,6,1,KCQA,"(6, 1, 37, 1)",520,4,284,"[{""A_start"": 0, ""service_lookup_id"": 180, ""transition_samples"": 520}]"
3,307,6,1,KCQA,"(6, 1, 38, 1)",434,4,218,"[{""A_start"": 0, ""service_lookup_id"": 180, ""transition_samples"": 434}]"
3,308,6,1,KCQA,"(6, 1, 39, 1)",351,4,148,"[{""A_start"": 0, ""service_lookup_id"": 180, ""transition_samples"": 351}]"
3,309,6,1,KCQA,"(6, 1, 40, 1)",245,4,87,"[{""A_start"": 0, ""service_lookup_id"": 180, ""transition_samples"": 245}]"
3,310,6,2,KCQA,"(6, 2, 0, 0)",7024,4,1756,"[{""A_start"": 0, ""service_lookup_id"": 181, ""transition_samples"": 7024}]"
3,311,6,2,KCQA,"(6, 2, 0, 1)",6326,4,1579,"[{""A_start"": 1, ""service_lookup_id"": 182, ""transition_samples"": 6326}]"
3,312,6,2,KCQA,"(6, 2, 0, 2)",5857,4,1494,"[{""A_start"": 1, ""service_lookup_id"": 182, ""transition_samples"": 5857}]"
3,313,6,2,KCQA,"(6, 2, 1, 0)",702,4,177,"[{""A_start"": 1, ""service_lookup_id"": 182, ""transition_samples"": 702}]"
3,314,6,2,KCQA,"(6, 2, 1, 1)",1124,4,255,"[{""A_start"": 1, ""service_lookup_id"": 182, ""transition_samples"": 1124}]"
3,315,6,2,KCQA,"(6, 2, 1, 2)",6722,4,1686,"[{""A_start"": 1, ""service_lookup_id"": 182, ""transition_samples"": 6722}]"
3,316,6,2,KCQ,"(6, 2, 2)",7344,4,7,"[{""A_start"": 1, ""service_lookup_id"": 182, ""transition_samples"": 7344}]"
3,317,6,2,KCQA,"(6, 2, 2, 1)",313,4,72,"[{""A_start"": 1, ""service_lookup_id"": 182, ""transition_samples"": 313}]"
3,318,6,2,KCQA,"(6, 2, 2, 2)",6978,4,1746,"[{""A_start"": 1, ""service_lookup_id"": 182, ""transition_samples"": 6978}]"
3,319,6,2,KCQ,"(6, 2, 3)",7072,4,14,"[{""A_start"": 1, ""service_lookup_id"": 182, ""transition_samples"": 7072}]"
3,320,6,2,KCQA,"(6, 2, 3, 2)",6990,4,1751,"[{""A_start"": 1, ""service_lookup_id"": 182, ""transition_samples"": 6990}]"
3,321,6,2,KCA,"(6, 2, 1)",7865,4,6,"[{""A_start"": 1, ""service_lookup_id"": 182, ""transition_samples"": 7865}]"
3,322,6,2,KCA,"(6, 2, 2)",27336,4,203,"[{""A_start"": 1, ""service_lookup_id"": 182, ""transition_samples"": 27336}]"
3,323,6,3,KCQA,"(6, 3, 0, 0)",7073,4,1766,"[{""A_start"": 0, ""service_lookup_id"": 183, ""transition_samples"": 7073}]"
3,324,6,3,KCQA,"(6, 3, 0, 1)",6419,4,1585,"[{""A_start"": 1, ""service_lookup_id"": 184, ""transition_samples"": 6419}]"
3,325,6,3,KCQA,"(6, 3, 0, 2)",5901,4,1475,"[{""A_start"": 2, ""service_lookup_id"": 185, ""transition_samples"": 5901}]"
3,326,6,3,KCQA,"(6, 3, 0, 3)",5437,4,1359,"[{""A_start"": 2, ""service_lookup_id"": 185, ""transition_samples"": 5437}]"
3,327,6,3,KCQA,"(6, 3, 1, 0)",659,4,186,"[{""A_start"": 1, ""service_lookup_id"": 184, ""transition_samples"": 659}]"
3,328,6,3,KCQA,"(6, 3, 1, 1)",1125,4,279,"[{""A_start"": 2, ""service_lookup_id"": 185, ""transition_samples"": 1125}]"
3,329,6,3,KCQA,"(6, 3, 1, 2)",1503,4,374,"[{""A_start"": 2, ""service_lookup_id"": 185, ""transition_samples"": 1503}]"
3,330,6,3,KCQA,"(6, 3, 1, 3)",6617,4,1654,"[{""A_start"": 2, ""service_lookup_id"": 185, ""transition_samples"": 6617}]"
3,331,6,3,KCQ,"(6, 3, 2)",7594,4,51,"[{""A_start"": 2, ""service_lookup_id"": 185, ""transition_samples"": 7594}]"
3,332,6,3,KCQA,"(6, 3, 2, 2)",443,4,113,"[{""A_start"": 2, ""service_lookup_id"": 185, ""transition_samples"": 443}]"
3,333,6,3,KCQA,"(6, 3, 2, 3)",6962,4,1735,"[{""A_start"": 2, ""service_lookup_id"": 185, ""transition_samples"": 6962}]"
3,334,6,3,KCA,"(6, 3, 0)",7789,4,2,"[{""A_start"": 0, ""service_lookup_id"": 183, ""transition_samples"": 7073}, {""A_start"": 1, ""service_lookup_id"": 184, ""transition_samples"": 659}, {""A_start"": 2, ""service_lookup_id"": 185, ""transition_samples"": 57}]"
3,335,6,3,KCA,"(6, 3, 1)",7707,4,6,"[{""A_start"": 1, ""service_lookup_id"": 184, ""transition_samples"": 6419}, {""A_start"": 2, ""service_lookup_id"": 185, ""transition_samples"": 1288}]"
3,336,6,3,KCA,"(6, 3, 2)",7967,4,36,"[{""A_start"": 2, ""service_lookup_id"": 185, ""transition_samples"": 7967}]"
3,337,6,3,KCA,"(6, 3, 3)",19495,4,124,"[{""A_start"": 2, ""service_lookup_id"": 185, ""transition_samples"": 19495}]"
3,338,6,4,KCQA,"(6, 4, 0, 0)",7068,4,1773,"[{""A_start"": 0, ""service_lookup_id"": 186, ""transition_samples"": 7068}]"
3,339,6,4,KCQA,"(6, 4, 0, 1)",5878,4,1567,"[{""A_start"": 0, ""service_lookup_id"": 186, ""transition_samples"": 3}, {""A_start"": 1, ""service_lookup_id"": 187, ""transition_samples"": 5875}]"
3,340,6,4,KCQA,"(6, 4, 0, 2)",5536,4,1452,"[{""A_start"": 1, ""service_lookup_id"": 187, ""transition_samples"": 4}, {""A_start"": 2, ""service_lookup_id"": 188, ""transition_samples"": 5532}]"
3,341,6,4,KCQA,"(6, 4, 0, 3)",5446,4,1392,"[{""A_start"": 2, ""service_lookup_id"": 188, ""transition_samples"": 1}, {""A_start"": 3, ""service_lookup_id"": 189, ""transition_samples"": 5445}]"
3,342,6,4,KCQA,"(6, 4, 0, 4)",5413,4,1279,"[{""A_start"": 3, ""service_lookup_id"": 189, ""transition_samples"": 5413}]"
3,343,6,4,KCQA,"(6, 4, 1, 0)",1207,4,206,"[{""A_start"": 1, ""service_lookup_id"": 187, ""transition_samples"": 1207}]"
3,344,6,4,KCQA,"(6, 4, 1, 1)",1440,4,309,"[{""A_start"": 1, ""service_lookup_id"": 187, ""transition_samples"": 3}, {""A_start"": 2, ""service_lookup_id"": 188, ""transition_samples"": 1437}]"
3,345,6,4,KCQA,"(6, 4, 1, 2)",1463,4,357,"[{""A_start"": 2, ""service_lookup_id"": 188, ""transition_samples"": 1}, {""A_start"": 3, ""service_lookup_id"": 189, ""transition_samples"": 1462}]"
3,346,6,4,KCQA,"(6, 4, 1, 3)",1458,4,445,"[{""A_start"": 3, ""service_lookup_id"": 189, ""transition_samples"": 1458}]"
3,347,6,4,KCQA,"(6, 4, 1, 4)",6754,4,1656,"[{""A_start"": 3, ""service_lookup_id"": 189, ""transition_samples"": 6754}]"
3,348,6,4,KCQ,"(6, 4, 2)",847,4,49,"[{""A_start"": 2, ""service_lookup_id"": 188, ""transition_samples"": 126}, {""A_start"": 3, ""service_lookup_id"": 189, ""transition_samples"": 721}]"
3,349,6,4,KCQA,"(6, 4, 2, 2)",215,4,50,"[{""A_start"": 3, ""service_lookup_id"": 189, ""transition_samples"": 215}]"
3,350,6,4,KCQA,"(6, 4, 2, 3)",308,4,116,"[{""A_start"": 3, ""service_lookup_id"": 189, ""transition_samples"": 308}]"
3,351,6,4,KCA,"(6, 4, 1)",7519,4,2,"[{""A_start"": 0, ""service_lookup_id"": 186, ""transition_samples"": 3}, {""A_start"": 1, ""service_lookup_id"": 187, ""transition_samples"": 5878}, {""A_start"": 2, ""service_lookup_id"": 188, ""transition_samples"": 1437}, {""A_start"": 3, ""service_lookup_id"": 189, ""transition_samples"": 201}]"
3,352,6,4,KCA,"(6, 4, 2)",7240,4,4,"[{""A_start"": 1, ""service_lookup_id"": 187, ""transition_samples"": 4}, {""A_start"": 2, ""service_lookup_id"": 188, ""transition_samples"": 5533}, {""A_start"": 3, ""service_lookup_id"": 189, ""transition_samples"": 1703}]"
3,353,6,4,KCA,"(6, 4, 4)",12496,4,14,"[{""A_start"": 3, ""service_lookup_id"": 189, ""transition_samples"": 12496}]"
3,354,6,5,KCQA,"(6, 5, 0, 0)",6908,4,1730,"[{""A_start"": 0, ""service_lookup_id"": 190, ""transition_samples"": 6908}]"
3,355,6,5,KCQA,"(6, 5, 0, 1)",5937,4,1497,"[{""A_start"": 0, ""service_lookup_id"": 190, ""transition_samples"": 5}, {""A_start"": 1, ""service_lookup_id"": 191, ""transition_samples"": 5932}]"
3,356,6,5,KCQA,"(6, 5, 0, 2)",5493,4,1355,"[{""A_start"": 1, ""service_lookup_id"": 191, ""transition_samples"": 3}, {""A_start"": 2, ""service_lookup_id"": 192, ""transition_samples"": 5490}]"
3,357,6,5,KCQA,"(6, 5, 0, 3)",5209,4,1262,"[{""A_start"": 2, ""service_lookup_id"": 192, ""transition_samples"": 1}, {""A_start"": 3, ""service_lookup_id"": 193, ""transition_samples"": 5208}]"
3,358,6,5,KCQA,"(6, 5, 0, 4)",5140,4,1286,"[{""A_start"": 3, ""service_lookup_id"": 193, ""transition_samples"": 2}, {""A_start"": 4, ""service_lookup_id"": 194, ""transition_samples"": 5138}]"
3,359,6,5,KCQA,"(6, 5, 0, 5)",5579,4,1393,"[{""A_start"": 4, ""service_lookup_id"": 194, ""transition_samples"": 5579}]"
3,360,6,5,KCQA,"(6, 5, 1, 0)",1040,4,248,"[{""A_start"": 1, ""service_lookup_id"": 191, ""transition_samples"": 1040}]"
3,361,6,5,KCQA,"(6, 5, 1, 1)",1405,4,362,"[{""A_start"": 1, ""service_lookup_id"": 191, ""transition_samples"": 2}, {""A_start"": 2, ""service_lookup_id"": 192, ""transition_samples"": 1403}]"
3,362,6,5,KCQA,"(6, 5, 1, 2)",1570,4,440,"[{""A_start"": 2, ""service_lookup_id"": 192, ""transition_samples"": 2}, {""A_start"": 3, ""service_lookup_id"": 193, ""transition_samples"": 1568}]"
3,363,6,5,KCQA,"(6, 5, 1, 3)",1595,4,388,"[{""A_start"": 4, ""service_lookup_id"": 194, ""transition_samples"": 1595}]"
3,364,6,5,KCQA,"(6, 5, 1, 4)",1199,4,287,"[{""A_start"": 4, ""service_lookup_id"": 194, ""transition_samples"": 1199}]"
3,365,6,5,KCQ,"(6, 5, 1)",6821,4,2,"[{""A_start"": 1, ""service_lookup_id"": 191, ""transition_samples"": 1042}, {""A_start"": 2, ""service_lookup_id"": 192, ""transition_samples"": 1405}, {""A_start"": 3, ""service_lookup_id"": 193, ""transition_samples"": 1568}, {""A_start"": 4, ""service_lookup_id"": 194, ""transition_samples"": 2806}]"
3,366,6,5,KCQ,"(6, 5, 2)",691,4,86,"[{""A_start"": 2, ""service_lookup_id"": 192, ""transition_samples"": 83}, {""A_start"": 3, ""service_lookup_id"": 193, ""transition_samples"": 204}, {""A_start"": 4, ""service_lookup_id"": 194, ""transition_samples"": 404}]"
3,367,6,5,KCQA,"(6, 5, 2, 1)",204,4,41,"[{""A_start"": 3, ""service_lookup_id"": 193, ""transition_samples"": 204}]"
3,368,6,5,KCQA,"(6, 5, 2, 2)",234,4,69,"[{""A_start"": 4, ""service_lookup_id"": 194, ""transition_samples"": 234}]"
3,369,6,5,KCA,"(6, 5, 0)",8038,4,5,"[{""A_start"": 0, ""service_lookup_id"": 190, ""transition_samples"": 6908}, {""A_start"": 1, ""service_lookup_id"": 191, ""transition_samples"": 1040}, {""A_start"": 2, ""service_lookup_id"": 192, ""transition_samples"": 83}, {""A_start"": 3, ""service_lookup_id"": 193, ""transition_samples"": 6}, {""A_start"": 4, ""service_lookup_id"": 194, ""transition_samples"": 1}]"
3,370,6,5,KCA,"(6, 5, 1)",7568,4,6,"[{""A_start"": 0, ""service_lookup_id"": 190, ""transition_samples"": 5}, {""A_start"": 1, ""service_lookup_id"": 191, ""transition_samples"": 5934}, {""A_start"": 2, ""service_lookup_id"": 192, ""transition_samples"": 1403}, {""A_start"": 3, ""service_lookup_id"": 193, ""transition_samples"": 205}, {""A_start"": 4, ""service_lookup_id"": 194, ""transition_samples"": 21}]"
3,371,6,5,KCA,"(6, 5, 2)",7316,4,4,"[{""A_start"": 1, ""service_lookup_id"": 191, ""transition_samples"": 3}, {""A_start"": 2, ""service_lookup_id"": 192, ""transition_samples"": 5492}, {""A_start"": 3, ""service_lookup_id"": 193, ""transition_samples"": 1568}, {""A_start"": 4, ""service_lookup_id"": 194, ""transition_samples"": 253}]"
3,372,6,6,KCQA,"(6, 6, 0, 0)",6925,4,1729,"[{""A_start"": 0, ""service_lookup_id"": 195, ""transition_samples"": 6925}]"
3,373,6,6,KCQA,"(6, 6, 0, 1)",6236,4,1567,"[{""A_start"": 0, ""service_lookup_id"": 195, ""transition_samples"": 2}, {""A_start"": 1, ""service_lookup_id"": 196, ""transition_samples"": 6234}]"
3,374,6,6,KCQA,"(6, 6, 0, 2)",5861,4,1448,"[{""A_start"": 1, ""service_lookup_id"": 196, ""transition_samples"": 4}, {""A_start"": 2, ""service_lookup_id"": 197, ""transition_samples"": 5857}]"
3,375,6,6,KCQA,"(6, 6, 0, 3)",5599,4,1349,"[{""A_start"": 2, ""service_lookup_id"": 197, ""transition_samples"": 2}, {""A_start"": 3, ""service_lookup_id"": 198, ""transition_samples"": 5597}]"
3,376,6,6,KCQA,"(6, 6, 0, 4)",5472,4,1321,"[{""A_start"": 3, ""service_lookup_id"": 198, ""transition_samples"": 1}, {""A_start"": 4, ""service_lookup_id"": 199, ""transition_samples"": 5471}]"
3,377,6,6,KCQA,"(6, 6, 0, 5)",5458,4,1338,"[{""A_start"": 5, ""service_lookup_id"": 200, ""transition_samples"": 5458}]"
3,378,6,6,KCQ,"(6, 6, 0)",35560,4,1,"[{""A_start"": 0, ""service_lookup_id"": 195, ""transition_samples"": 6927}, {""A_start"": 1, ""service_lookup_id"": 196, ""transition_samples"": 6238}, {""A_start"": 2, ""service_lookup_id"": 197, ""transition_samples"": 5859}, {""A_start"": 3, ""service_lookup_id"": 198, ""transition_samples"": 5598}, {""A_start"": 4, ""service_lookup_id"": 199, ""transition_samples"": 5471}, {""A_start"": 5, ""service_lookup_id"": 200, ""transition_samples"": 5467}]"
3,379,6,6,KCQA,"(6, 6, 1, 0)",706,4,165,"[{""A_start"": 1, ""service_lookup_id"": 196, ""transition_samples"": 706}]"
3,380,6,6,KCQA,"(6, 6, 1, 1)",1049,4,274,"[{""A_start"": 2, ""service_lookup_id"": 197, ""transition_samples"": 1049}]"
3,381,6,6,KCQA,"(6, 6, 1, 2)",1231,4,357,"[{""A_start"": 2, ""service_lookup_id"": 197, ""transition_samples"": 1}, {""A_start"": 3, ""service_lookup_id"": 198, ""transition_samples"": 1230}]"
3,382,6,6,KCQA,"(6, 6, 1, 3)",1319,4,357,"[{""A_start"": 3, ""service_lookup_id"": 198, ""transition_samples"": 1}, {""A_start"": 4, ""service_lookup_id"": 199, ""transition_samples"": 1318}]"
3,383,6,6,KCQA,"(6, 6, 1, 4)",1323,4,339,"[{""A_start"": 4, ""service_lookup_id"": 199, ""transition_samples"": 1}, {""A_start"": 5, ""service_lookup_id"": 200, ""transition_samples"": 1322}]"
3,384,6,6,KCQ,"(6, 6, 1)",5631,4,3,"[{""A_start"": 1, ""service_lookup_id"": 196, ""transition_samples"": 706}, {""A_start"": 2, ""service_lookup_id"": 197, ""transition_samples"": 1050}, {""A_start"": 3, ""service_lookup_id"": 198, ""transition_samples"": 1231}, {""A_start"": 4, ""service_lookup_id"": 199, ""transition_samples"": 1319}, {""A_start"": 5, ""service_lookup_id"": 200, ""transition_samples"": 1325}]"
3,385,6,6,KCQ,"(6, 6, 2)",488,4,149,"[{""A_start"": 2, ""service_lookup_id"": 197, ""transition_samples"": 42}, {""A_start"": 3, ""service_lookup_id"": 198, ""transition_samples"": 128}, {""A_start"": 4, ""service_lookup_id"": 199, ""transition_samples"": 158}, {""A_start"": 5, ""service_lookup_id"": 200, ""transition_samples"": 160}]"
3,386,6,6,KCA,"(6, 6, 0)",7675,4,2,"[{""A_start"": 0, ""service_lookup_id"": 195, ""transition_samples"": 6925}, {""A_start"": 1, ""service_lookup_id"": 196, ""transition_samples"": 706}, {""A_start"": 2, ""service_lookup_id"": 197, ""transition_samples"": 42}, {""A_start"": 3, ""service_lookup_id"": 198, ""transition_samples"": 2}]"
3,387,6,6,KCA,"(6, 6, 1)",7422,4,2,"[{""A_start"": 0, ""service_lookup_id"": 195, ""transition_samples"": 2}, {""A_start"": 1, ""service_lookup_id"": 196, ""transition_samples"": 6234}, {""A_start"": 2, ""service_lookup_id"": 197, ""transition_samples"": 1049}, {""A_start"": 3, ""service_lookup_id"": 198, ""transition_samples"": 128}, {""A_start"": 4, ""service_lookup_id"": 199, ""transition_samples"": 9}]"
3,388,6,6,KCA,"(6, 6, 2)",7258,4,7,"[{""A_start"": 1, ""service_lookup_id"": 196, ""transition_samples"": 4}, {""A_start"": 2, ""service_lookup_id"": 197, ""transition_samples"": 5858}, {""A_start"": 3, ""service_lookup_id"": 198, ""transition_samples"": 1230}, {""A_start"": 4, ""service_lookup_id"": 199, ""transition_samples"": 158}, {""A_start"": 5, ""service_lookup_id"": 200, ""transition_samples"": 8}]"
3,389,6,7,KCQA,"(6, 7, 0, 0)",6918,4,1727,"[{""A_start"": 0, ""service_lookup_id"": 201, ""transition_samples"": 6918}]"
3,390,6,7,KCQA,"(6, 7, 0, 1)",6222,4,1553,"[{""A_start"": 0, ""service_lookup_id"": 201, ""transition_samples"": 5}, {""A_start"": 1, ""service_lookup_id"": 202, ""transition_samples"": 6217}]"
3,391,6,7,KCQA,"(6, 7, 0, 2)",5743,4,1416,"[{""A_start"": 1, ""service_lookup_id"": 202, ""transition_samples"": 1}, {""A_start"": 2, ""service_lookup_id"": 203, ""transition_samples"": 5742}]"
3,392,6,7,KCQA,"(6, 7, 0, 3)",5382,4,1330,"[{""A_start"": 2, ""service_lookup_id"": 203, ""transition_samples"": 2}, {""A_start"": 3, ""service_lookup_id"": 204, ""transition_samples"": 5380}]"
3,393,6,7,KCQA,"(6, 7, 0, 4)",5215,4,1304,"[{""A_start"": 3, ""service_lookup_id"": 204, ""transition_samples"": 2}, {""A_start"": 4, ""service_lookup_id"": 205, ""transition_samples"": 5213}]"
3,394,6,7,KCQA,"(6, 7, 0, 5)",5464,4,1284,"[{""A_start"": 5, ""service_lookup_id"": 206, ""transition_samples"": 5464}]"
3,395,6,7,KCQ,"(6, 7, 0)",34962,4,3,"[{""A_start"": 0, ""service_lookup_id"": 201, ""transition_samples"": 6923}, {""A_start"": 1, ""service_lookup_id"": 202, ""transition_samples"": 6218}, {""A_start"": 2, ""service_lookup_id"": 203, ""transition_samples"": 5744}, {""A_start"": 3, ""service_lookup_id"": 204, ""transition_samples"": 5382}, {""A_start"": 4, ""service_lookup_id"": 205, ""transition_samples"": 5213}, {""A_start"": 5, ""service_lookup_id"": 206, ""transition_samples"": 5465}, {""A_start"": 6, ""service_lookup_id"": 207, ""transition_samples"": 17}]"
3,396,6,7,KCQA,"(6, 7, 1, 0)",719,4,177,"[{""A_start"": 1, ""service_lookup_id"": 202, ""transition_samples"": 719}]"
3,397,6,7,KCQA,"(6, 7, 1, 1)",1126,4,296,"[{""A_start"": 2, ""service_lookup_id"": 203, ""transition_samples"": 1126}]"
3,398,6,7,KCQA,"(6, 7, 1, 2)",1435,4,355,"[{""A_start"": 3, ""service_lookup_id"": 204, ""transition_samples"": 1435}]"
3,399,6,7,KCQA,"(6, 7, 1, 3)",1524,4,363,"[{""A_start"": 4, ""service_lookup_id"": 205, ""transition_samples"": 1524}]"
3,400,6,7,KCQA,"(6, 7, 1, 4)",1240,4,387,"[{""A_start"": 5, ""service_lookup_id"": 206, ""transition_samples"": 1240}]"
3,401,6,7,KCQ,"(6, 7, 2)",597,4,120,"[{""A_start"": 2, ""service_lookup_id"": 203, ""transition_samples"": 67}, {""A_start"": 3, ""service_lookup_id"": 204, ""transition_samples"": 124}, {""A_start"": 4, ""service_lookup_id"": 205, ""transition_samples"": 191}, {""A_start"": 5, ""service_lookup_id"": 206, ""transition_samples"": 215}]"
3,402,6,7,KCQA,"(6, 7, 2, 3)",215,4,60,"[{""A_start"": 5, ""service_lookup_id"": 206, ""transition_samples"": 215}]"
3,403,6,7,KCA,"(6, 7, 0)",7710,4,2,"[{""A_start"": 0, ""service_lookup_id"": 201, ""transition_samples"": 6918}, {""A_start"": 1, ""service_lookup_id"": 202, ""transition_samples"": 719}, {""A_start"": 2, ""service_lookup_id"": 203, ""transition_samples"": 67}, {""A_start"": 3, ""service_lookup_id"": 204, ""transition_samples"": 5}, {""A_start"": 4, ""service_lookup_id"": 205, ""transition_samples"": 1}]"
3,404,6,7,KCA,"(6, 7, 1)",7483,4,6,"[{""A_start"": 0, ""service_lookup_id"": 201, ""transition_samples"": 5}, {""A_start"": 1, ""service_lookup_id"": 202, ""transition_samples"": 6217}, {""A_start"": 2, ""service_lookup_id"": 203, ""transition_samples"": 1126}, {""A_start"": 3, ""service_lookup_id"": 204, ""transition_samples"": 124}, {""A_start"": 4, ""service_lookup_id"": 205, ""transition_samples"": 11}]"
3,405,6,7,KCA,"(6, 7, 2)",7385,4,1,"[{""A_start"": 1, ""service_lookup_id"": 202, ""transition_samples"": 1}, {""A_start"": 2, ""service_lookup_id"": 203, ""transition_samples"": 5742}, {""A_start"": 3, ""service_lookup_id"": 204, ""transition_samples"": 1435}, {""A_start"": 4, ""service_lookup_id"": 205, ""transition_samples"": 191}, {""A_start"": 5, ""service_lookup_id"": 206, ""transition_samples"": 16}]"
3,406,6,8,KCQA,"(6, 8, 0, 0)",6910,4,1732,"[{""A_start"": 0, ""service_lookup_id"": 208, ""transition_samples"": 6910}]"
3,407,6,8,KCQA,"(6, 8, 0, 1)",6190,4,1548,"[{""A_start"": 0, ""service_lookup_id"": 208, ""transition_samples"": 5}, {""A_start"": 1, ""service_lookup_id"": 209, ""transition_samples"": 6185}]"
3,408,6,8,KCQA,"(6, 8, 0, 2)",5765,4,1458,"[{""A_start"": 1, ""service_lookup_id"": 209, ""transition_samples"": 1}, {""A_start"": 2, ""service_lookup_id"": 210, ""transition_samples"": 5764}]"
3,409,6,8,KCQA,"(6, 8, 0, 3)",5415,4,1371,"[{""A_start"": 2, ""service_lookup_id"": 210, ""transition_samples"": 3}, {""A_start"": 3, ""service_lookup_id"": 211, ""transition_samples"": 5412}]"
3,410,6,8,KCQA,"(6, 8, 0, 4)",5296,4,1348,"[{""A_start"": 4, ""service_lookup_id"": 212, ""transition_samples"": 5296}]"
3,411,6,8,KCQA,"(6, 8, 0, 5)",5410,4,1385,"[{""A_start"": 4, ""service_lookup_id"": 212, ""transition_samples"": 1}, {""A_start"": 5, ""service_lookup_id"": 213, ""transition_samples"": 5409}]"
3,412,6,8,KCQ,"(6, 8, 0)",34996,4,2,"[{""A_start"": 0, ""service_lookup_id"": 208, ""transition_samples"": 6915}, {""A_start"": 1, ""service_lookup_id"": 209, ""transition_samples"": 6186}, {""A_start"": 2, ""service_lookup_id"": 210, ""transition_samples"": 5767}, {""A_start"": 3, ""service_lookup_id"": 211, ""transition_samples"": 5412}, {""A_start"": 4, ""service_lookup_id"": 212, ""transition_samples"": 5297}, {""A_start"": 5, ""service_lookup_id"": 213, ""transition_samples"": 5409}, {""A_start"": 6, ""service_lookup_id"": 214, ""transition_samples"": 7}, {""A_start"": 7, ""service_lookup_id"": 215, ""transition_samples"": 3}]"
3,413,6,8,KCQA,"(6, 8, 1, 0)",748,4,185,"[{""A_start"": 1, ""service_lookup_id"": 209, ""transition_samples"": 748}]"
3,414,6,8,KCQA,"(6, 8, 1, 1)",1107,4,270,"[{""A_start"": 1, ""service_lookup_id"": 209, ""transition_samples"": 1}, {""A_start"": 2, ""service_lookup_id"": 210, ""transition_samples"": 1106}]"
3,415,6,8,KCQA,"(6, 8, 1, 2)",1377,4,327,"[{""A_start"": 3, ""service_lookup_id"": 211, ""transition_samples"": 1377}]"
3,416,6,8,KCQA,"(6, 8, 1, 3)",1447,4,345,"[{""A_start"": 3, ""service_lookup_id"": 211, ""transition_samples"": 1}, {""A_start"": 4, ""service_lookup_id"": 212, ""transition_samples"": 1446}]"
3,417,6,8,KCQA,"(6, 8, 1, 4)",1323,4,315,"[{""A_start"": 5, ""service_lookup_id"": 213, ""transition_samples"": 1323}]"
3,418,6,8,KCQ,"(6, 8, 2)",584,4,126,"[{""A_start"": 2, ""service_lookup_id"": 210, ""transition_samples"": 69}, {""A_start"": 3, ""service_lookup_id"": 211, ""transition_samples"": 143}, {""A_start"": 4, ""service_lookup_id"": 212, ""transition_samples"": 186}, {""A_start"": 5, ""service_lookup_id"": 213, ""transition_samples"": 185}, {""A_start"": 7, ""service_lookup_id"": 215, ""transition_samples"": 1}]"
3,419,6,8,KCA,"(6, 8, 0)",7733,4,1,"[{""A_start"": 0, ""service_lookup_id"": 208, ""transition_samples"": 6910}, {""A_start"": 1, ""service_lookup_id"": 209, ""transition_samples"": 748}, {""A_start"": 2, ""service_lookup_id"": 210, ""transition_samples"": 69}, {""A_start"": 3, ""service_lookup_id"": 211, ""transition_samples"": 6}]"
3,420,6,8,KCA,"(6, 8, 1)",7451,4,1,"[{""A_start"": 0, ""service_lookup_id"": 208, ""transition_samples"": 5}, {""A_start"": 1, ""service_lookup_id"": 209, ""transition_samples"": 6186}, {""A_start"": 2, ""service_lookup_id"": 210, ""transition_samples"": 1106}, {""A_start"": 3, ""service_lookup_id"": 211, ""transition_samples"": 143}, {""A_start"": 4, ""service_lookup_id"": 212, ""transition_samples"": 11}]"
3,421,6,8,KCA,"(6, 8, 2)",7342,4,3,"[{""A_start"": 1, ""service_lookup_id"": 209, ""transition_samples"": 1}, {""A_start"": 2, ""service_lookup_id"": 210, ""transition_samples"": 5764}, {""A_start"": 3, ""service_lookup_id"": 211, ""transition_samples"": 1377}, {""A_start"": 4, ""service_lookup_id"": 212, ""transition_samples"": 186}, {""A_start"": 5, ""service_lookup_id"": 213, ""transition_samples"": 14}]"
3,422,7,1,KCA,"(7, 1, 1)",50112,4,12545,"[{""A_start"": 0, ""service_lookup_id"": 216, ""transition_samples"": 50112}]"
3,423,7,2,KCQA,"(7, 2, 0, 0)",1480,3,329,"[{""A_start"": 0, ""service_lookup_id"": 217, ""transition_samples"": 1480}]"
3,424,7,2,KCQA,"(7, 2, 0, 1)",2213,3,502,"[{""A_start"": 0, ""service_lookup_id"": 217, ""transition_samples"": 120}, {""A_start"": 1, ""service_lookup_id"": 218, ""transition_samples"": 2093}]"
3,425,7,2,KCQA,"(7, 2, 0, 2)",1870,3,438,"[{""A_start"": 1, ""service_lookup_id"": 218, ""transition_samples"": 1870}]"
3,426,7,2,KCQA,"(7, 2, 1, 0)",283,3,64,"[{""A_start"": 1, ""service_lookup_id"": 218, ""transition_samples"": 283}]"
3,427,7,2,KCQA,"(7, 2, 1, 1)",442,3,90,"[{""A_start"": 1, ""service_lookup_id"": 218, ""transition_samples"": 442}]"
3,428,7,2,KCQA,"(7, 2, 1, 2)",2155,3,496,"[{""A_start"": 1, ""service_lookup_id"": 218, ""transition_samples"": 2155}]"
3,429,7,2,KCQ,"(7, 2, 2)",2363,3,29,"[{""A_start"": 1, ""service_lookup_id"": 218, ""transition_samples"": 2363}]"
3,430,7,2,KCQA,"(7, 2, 2, 2)",2237,3,513,"[{""A_start"": 1, ""service_lookup_id"": 218, ""transition_samples"": 2237}]"
3,431,7,2,KCQ,"(7, 2, 3)",2294,3,5,"[{""A_start"": 1, ""service_lookup_id"": 218, ""transition_samples"": 2294}]"
3,432,7,2,KCQA,"(7, 2, 3, 2)",2273,3,519,"[{""A_start"": 1, ""service_lookup_id"": 218, ""transition_samples"": 2273}]"
3,433,7,2,KCQ,"(7, 2, 4)",2247,3,2,"[{""A_start"": 1, ""service_lookup_id"": 218, ""transition_samples"": 2247}]"
3,434,7,2,KCQA,"(7, 2, 4, 2)",2245,3,509,"[{""A_start"": 1, ""service_lookup_id"": 218, ""transition_samples"": 2245}]"
3,435,7,2,KCA,"(7, 2, 1)",2782,3,1,"[{""A_start"": 0, ""service_lookup_id"": 217, ""transition_samples"": 120}, {""A_start"": 1, ""service_lookup_id"": 218, ""transition_samples"": 2662}]"
3,436,7,2,KCA,"(7, 2, 2)",45551,4,223,"[{""A_start"": 1, ""service_lookup_id"": 218, ""transition_samples"": 45551}]"
3,437,7,2,KCQA,"(7, 2, 9, 2)",238,4,28,"[{""A_start"": 1, ""service_lookup_id"": 218, ""transition_samples"": 238}]"
3,438,7,2,KCQA,"(7, 2, 10, 2)",293,4,28,"[{""A_start"": 1, ""service_lookup_id"": 218, ""transition_samples"": 293}]"
3,439,7,2,KCQA,"(7, 2, 11, 2)",389,4,30,"[{""A_start"": 1, ""service_lookup_id"": 218, ""transition_samples"": 389}]"
3,440,7,2,KCQA,"(7, 2, 12, 2)",451,4,26,"[{""A_start"": 1, ""service_lookup_id"": 218, ""transition_samples"": 451}]"
3,441,7,2,KCQA,"(7, 2, 13, 2)",507,4,29,"[{""A_start"": 1, ""service_lookup_id"": 218, ""transition_samples"": 507}]"
3,442,7,2,KCQA,"(7, 2, 14, 2)",543,4,22,"[{""A_start"": 1, ""service_lookup_id"": 218, ""transition_samples"": 543}]"
3,443,7,2,KCQA,"(7, 2, 15, 2)",563,4,26,"[{""A_start"": 1, ""service_lookup_id"": 218, ""transition_samples"": 563}]"
3,444,7,2,KCQA,"(7, 2, 16, 2)",582,4,27,"[{""A_start"": 1, ""service_lookup_id"": 218, ""transition_samples"": 582}]"
3,445,7,2,KCQA,"(7, 2, 17, 2)",590,4,27,"[{""A_start"": 1, ""service_lookup_id"": 218, ""transition_samples"": 590}]"
3,446,7,2,KCQA,"(7, 2, 18, 2)",572,4,33,"[{""A_start"": 1, ""service_lookup_id"": 218, ""transition_samples"": 572}]"
3,447,7,2,KCQA,"(7, 2, 19, 2)",587,4,51,"[{""A_start"": 1, ""service_lookup_id"": 218, ""transition_samples"": 587}]"
3,448,7,2,KCQA,"(7, 2, 20, 2)",664,4,64,"[{""A_start"": 1, ""service_lookup_id"": 218, ""transition_samples"": 664}]"
3,449,7,2,KCQA,"(7, 2, 21, 2)",763,4,75,"[{""A_start"": 1, ""service_lookup_id"": 218, ""transition_samples"": 763}]"
3,450,7,2,KCQA,"(7, 2, 22, 2)",869,4,90,"[{""A_start"": 1, ""service_lookup_id"": 218, ""transition_samples"": 869}]"
3,451,7,2,KCQA,"(7, 2, 23, 2)",1024,4,105,"[{""A_start"": 1, ""service_lookup_id"": 218, ""transition_samples"": 1024}]"
3,452,7,2,KCQA,"(7, 2, 24, 2)",1138,4,118,"[{""A_start"": 1, ""service_lookup_id"": 218, ""transition_samples"": 1138}]"
3,453,7,2,KCQA,"(7, 2, 25, 2)",1119,4,130,"[{""A_start"": 1, ""service_lookup_id"": 218, ""transition_samples"": 1119}]"
3,454,7,2,KCQA,"(7, 2, 26, 2)",1042,4,147,"[{""A_start"": 1, ""service_lookup_id"": 218, ""transition_samples"": 1042}]"
3,455,7,2,KCQA,"(7, 2, 27, 2)",1037,4,157,"[{""A_start"": 1, ""service_lookup_id"": 218, ""transition_samples"": 1037}]"
3,456,7,2,KCQA,"(7, 2, 28, 2)",1024,4,167,"[{""A_start"": 1, ""service_lookup_id"": 218, ""transition_samples"": 1024}]"
3,457,7,2,KCQA,"(7, 2, 29, 2)",969,4,170,"[{""A_start"": 1, ""service_lookup_id"": 218, ""transition_samples"": 969}]"
3,458,7,2,KCQA,"(7, 2, 30, 2)",929,4,163,"[{""A_start"": 1, ""service_lookup_id"": 218, ""transition_samples"": 929}]"
3,459,7,2,KCQA,"(7, 2, 31, 2)",879,4,147,"[{""A_start"": 1, ""service_lookup_id"": 218, ""transition_samples"": 879}]"
3,460,7,2,KCQA,"(7, 2, 32, 2)",773,4,120,"[{""A_start"": 1, ""service_lookup_id"": 218, ""transition_samples"": 773}]"
3,461,7,2,KCQA,"(7, 2, 33, 2)",649,4,123,"[{""A_start"": 1, ""service_lookup_id"": 218, ""transition_samples"": 649}]"
3,462,7,2,KCQA,"(7, 2, 34, 2)",542,4,142,"[{""A_start"": 1, ""service_lookup_id"": 218, ""transition_samples"": 542}]"
3,463,7,2,KCQA,"(7, 2, 35, 2)",507,4,176,"[{""A_start"": 1, ""service_lookup_id"": 218, ""transition_samples"": 507}]"
3,464,7,2,KCQA,"(7, 2, 36, 2)",512,4,207,"[{""A_start"": 1, ""service_lookup_id"": 218, ""transition_samples"": 512}]"
3,465,7,2,KCQA,"(7, 2, 37, 2)",589,4,236,"[{""A_start"": 1, ""service_lookup_id"": 218, ""transition_samples"": 589}]"
3,466,7,2,KCQA,"(7, 2, 38, 2)",649,4,285,"[{""A_start"": 1, ""service_lookup_id"": 218, ""transition_samples"": 649}]"
3,467,7,2,KCQA,"(7, 2, 39, 2)",738,4,328,"[{""A_start"": 1, ""service_lookup_id"": 218, ""transition_samples"": 738}]"
3,468,7,2,KCQA,"(7, 2, 40, 2)",857,4,410,"[{""A_start"": 1, ""service_lookup_id"": 218, ""transition_samples"": 857}]"
3,469,7,2,KCQA,"(7, 2, 41, 2)",978,4,494,"[{""A_start"": 1, ""service_lookup_id"": 218, ""transition_samples"": 978}]"
3,470,7,2,KCQA,"(7, 2, 42, 2)",1063,4,574,"[{""A_start"": 1, ""service_lookup_id"": 218, ""transition_samples"": 1063}]"
3,471,7,2,KCQA,"(7, 2, 43, 2)",1195,4,646,"[{""A_start"": 1, ""service_lookup_id"": 218, ""transition_samples"": 1195}]"
3,472,7,2,KCQA,"(7, 2, 44, 2)",1270,4,640,"[{""A_start"": 1, ""service_lookup_id"": 218, ""transition_samples"": 1270}]"
3,473,7,2,KCQA,"(7, 2, 45, 2)",1294,4,606,"[{""A_start"": 1, ""service_lookup_id"": 218, ""transition_samples"": 1294}]"
3,474,7,2,KCQA,"(7, 2, 46, 2)",1249,4,511,"[{""A_start"": 1, ""service_lookup_id"": 218, ""transition_samples"": 1249}]"
3,475,7,2,KCQA,"(7, 2, 47, 2)",1130,4,404,"[{""A_start"": 1, ""service_lookup_id"": 218, ""transition_samples"": 1130}]"
3,476,7,2,KCQA,"(7, 2, 48, 2)",961,4,326,"[{""A_start"": 1, ""service_lookup_id"": 218, ""transition_samples"": 961}]"
3,477,7,2,KCQA,"(7, 2, 49, 2)",776,4,269,"[{""A_start"": 1, ""service_lookup_id"": 218, ""transition_samples"": 776}]"
3,478,7,2,KCQA,"(7, 2, 50, 2)",548,4,202,"[{""A_start"": 1, ""service_lookup_id"": 218, ""transition_samples"": 548}]"
3,479,7,2,KCQA,"(7, 2, 51, 2)",333,4,156,"[{""A_start"": 1, ""service_lookup_id"": 218, ""transition_samples"": 333}]"
3,480,7,2,KCQA,"(7, 2, 52, 2)",260,4,103,"[{""A_start"": 1, ""service_lookup_id"": 218, ""transition_samples"": 260}]"
3,481,7,3,KCQA,"(7, 3, 0, 0)",4763,4,830,"[{""A_start"": 0, ""service_lookup_id"": 219, ""transition_samples"": 4763}]"
3,482,7,3,KCQA,"(7, 3, 0, 1)",6135,4,1153,"[{""A_start"": 0, ""service_lookup_id"": 219, ""transition_samples"": 240}, {""A_start"": 1, ""service_lookup_id"": 220, ""transition_samples"": 5895}]"
3,483,7,3,KCQA,"(7, 3, 0, 2)",5074,4,974,"[{""A_start"": 1, ""service_lookup_id"": 220, ""transition_samples"": 105}, {""A_start"": 2, ""service_lookup_id"": 221, ""transition_samples"": 4969}]"
3,484,7,3,KCQA,"(7, 3, 0, 3)",4925,4,930,"[{""A_start"": 2, ""service_lookup_id"": 221, ""transition_samples"": 4925}]"
3,485,7,3,KCQA,"(7, 3, 1, 0)",986,4,170,"[{""A_start"": 1, ""service_lookup_id"": 220, ""transition_samples"": 986}]"
3,486,7,3,KCQA,"(7, 3, 1, 1)",1635,4,282,"[{""A_start"": 1, ""service_lookup_id"": 220, ""transition_samples"": 125}, {""A_start"": 2, ""service_lookup_id"": 221, ""transition_samples"": 1510}]"
3,487,7,3,KCQA,"(7, 3, 1, 2)",1570,4,272,"[{""A_start"": 2, ""service_lookup_id"": 221, ""transition_samples"": 1570}]"
3,488,7,3,KCQA,"(7, 3, 1, 3)",6174,4,1163,"[{""A_start"": 2, ""service_lookup_id"": 221, ""transition_samples"": 6174}]"
3,489,7,3,KCQ,"(7, 3, 2)",7453,4,25,"[{""A_start"": 2, ""service_lookup_id"": 221, ""transition_samples"": 7453}]"
3,490,7,3,KCQA,"(7, 3, 2, 1)",247,4,40,"[{""A_start"": 2, ""service_lookup_id"": 221, ""transition_samples"": 247}]"
3,491,7,3,KCQA,"(7, 3, 2, 2)",492,4,78,"[{""A_start"": 2, ""service_lookup_id"": 221, ""transition_samples"": 492}]"
3,492,7,3,KCQA,"(7, 3, 2, 3)",6569,4,1219,"[{""A_start"": 2, ""service_lookup_id"": 221, ""transition_samples"": 6569}]"
3,493,7,3,KCQ,"(7, 3, 3)",6767,4,31,"[{""A_start"": 2, ""service_lookup_id"": 221, ""transition_samples"": 6767}]"
3,494,7,3,KCQA,"(7, 3, 3, 3)",6593,4,1218,"[{""A_start"": 2, ""service_lookup_id"": 221, ""transition_samples"": 6593}]"
3,495,7,3,KCQ,"(7, 3, 4)",210,4,61,"[{""A_start"": 2, ""service_lookup_id"": 221, ""transition_samples"": 210}]"
3,496,7,3,KCA,"(7, 3, 3)",28872,4,3981,"[{""A_start"": 2, ""service_lookup_id"": 221, ""transition_samples"": 28872}]"
3,497,7,3,KCQA,"(7, 3, 16, 3)",205,4,105,"[{""A_start"": 2, ""service_lookup_id"": 221, ""transition_samples"": 205}]"
3,498,7,4,KCQA,"(7, 4, 0, 0)",5573,4,1352,"[{""A_start"": 0, ""service_lookup_id"": 222, ""transition_samples"": 5573}]"
3,499,7,4,KCQA,"(7, 4, 0, 1)",5360,4,1297,"[{""A_start"": 0, ""service_lookup_id"": 222, ""transition_samples"": 132}, {""A_start"": 1, ""service_lookup_id"": 223, ""transition_samples"": 5228}]"
3,500,7,4,KCQA,"(7, 4, 0, 2)",5421,4,1305,"[{""A_start"": 1, ""service_lookup_id"": 223, ""transition_samples"": 161}, {""A_start"": 2, ""service_lookup_id"": 224, ""transition_samples"": 5260}]"
3,501,7,4,KCQA,"(7, 4, 0, 3)",5710,4,1426,"[{""A_start"": 2, ""service_lookup_id"": 224, ""transition_samples"": 197}, {""A_start"": 3, ""service_lookup_id"": 225, ""transition_samples"": 5513}]"
3,502,7,4,KCQA,"(7, 4, 0, 4)",5455,4,1328,"[{""A_start"": 3, ""service_lookup_id"": 225, ""transition_samples"": 5455}]"
3,503,7,4,KCQA,"(7, 4, 1, 0)",1094,4,282,"[{""A_start"": 1, ""service_lookup_id"": 223, ""transition_samples"": 1094}]"
3,504,7,4,KCQA,"(7, 4, 1, 1)",1419,4,372,"[{""A_start"": 1, ""service_lookup_id"": 223, ""transition_samples"": 41}, {""A_start"": 2, ""service_lookup_id"": 224, ""transition_samples"": 1378}]"
3,505,7,4,KCQA,"(7, 4, 1, 2)",1524,4,371,"[{""A_start"": 1, ""service_lookup_id"": 223, ""transition_samples"": 5}, {""A_start"": 2, ""service_lookup_id"": 224, ""transition_samples"": 41}, {""A_start"": 3, ""service_lookup_id"": 225, ""transition_samples"": 1478}]"
3,506,7,4,KCQA,"(7, 4, 1, 3)",1541,4,398,"[{""A_start"": 2, ""service_lookup_id"": 224, ""transition_samples"": 21}, {""A_start"": 3, ""service_lookup_id"": 225, ""transition_samples"": 1520}]"
3,507,7,4,KCQA,"(7, 4, 1, 4)",6666,4,1629,"[{""A_start"": 3, ""service_lookup_id"": 225, ""transition_samples"": 6666}]"
3,508,7,4,KCQ,"(7, 4, 2)",7895,4,32,"[{""A_start"": 2, ""service_lookup_id"": 224, ""transition_samples"": 145}, {""A_start"": 3, ""service_lookup_id"": 225, ""transition_samples"": 7750}]"
3,509,7,4,KCQA,"(7, 4, 2, 1)",220,4,67,"[{""A_start"": 2, ""service_lookup_id"": 224, ""transition_samples"": 4}, {""A_start"": 3, ""service_lookup_id"": 225, ""transition_samples"": 216}]"
3,510,7,4,KCQA,"(7, 4, 2, 2)",227,4,65,"[{""A_start"": 2, ""service_lookup_id"": 224, ""transition_samples"": 1}, {""A_start"": 3, ""service_lookup_id"": 225, ""transition_samples"": 226}]"
3,511,7,4,KCQA,"(7, 4, 2, 3)",440,4,116,"[{""A_start"": 2, ""service_lookup_id"": 224, ""transition_samples"": 4}, {""A_start"": 3, ""service_lookup_id"": 225, ""transition_samples"": 436}]"
3,512,7,4,KCQA,"(7, 4, 2, 4)",6872,4,1706,"[{""A_start"": 3, ""service_lookup_id"": 225, ""transition_samples"": 6872}]"
3,513,7,4,KCQ,"(7, 4, 3)",320,4,82,"[{""A_start"": 3, ""service_lookup_id"": 225, ""transition_samples"": 320}]"
3,514,7,4,KCA,"(7, 4, 2)",7213,4,1,"[{""A_start"": 1, ""service_lookup_id"": 223, ""transition_samples"": 166}, {""A_start"": 2, ""service_lookup_id"": 224, ""transition_samples"": 5302}, {""A_start"": 3, ""service_lookup_id"": 225, ""transition_samples"": 1745}]"
3,515,7,4,KCA,"(7, 4, 4)",20838,4,530,"[{""A_start"": 3, ""service_lookup_id"": 225, ""transition_samples"": 20838}]"
3,516,7,5,KCQA,"(7, 5, 0, 0)",4315,4,1125,"[{""A_start"": 0, ""service_lookup_id"": 226, ""transition_samples"": 4315}]"
3,517,7,5,KCQA,"(7, 5, 0, 1)",5010,4,1292,"[{""A_start"": 0, ""service_lookup_id"": 226, ""transition_samples"": 202}, {""A_start"": 1, ""service_lookup_id"": 227, ""transition_samples"": 4808}]"
3,518,7,5,KCQA,"(7, 5, 0, 2)",5572,4,1463,"[{""A_start"": 1, ""service_lookup_id"": 227, ""transition_samples"": 242}, {""A_start"": 2, ""service_lookup_id"": 228, ""transition_samples"": 5330}]"
3,519,7,5,KCQA,"(7, 5, 0, 3)",5019,4,1256,"[{""A_start"": 2, ""service_lookup_id"": 228, ""transition_samples"": 121}, {""A_start"": 3, ""service_lookup_id"": 229, ""transition_samples"": 4898}]"
3,520,7,5,KCQA,"(7, 5, 0, 4)",5177,4,1308,"[{""A_start"": 3, ""service_lookup_id"": 229, ""transition_samples"": 78}, {""A_start"": 4, ""service_lookup_id"": 230, ""transition_samples"": 5099}]"
3,521,7,5,KCQA,"(7, 5, 0, 5)",5475,4,1354,"[{""A_start"": 4, ""service_lookup_id"": 230, ""transition_samples"": 5475}]"
3,522,7,5,KCQA,"(7, 5, 1, 0)",1020,4,258,"[{""A_start"": 1, ""service_lookup_id"": 227, ""transition_samples"": 1020}]"
3,523,7,5,KCQA,"(7, 5, 1, 1)",1478,4,323,"[{""A_start"": 1, ""service_lookup_id"": 227, ""transition_samples"": 72}, {""A_start"": 2, ""service_lookup_id"": 228, ""transition_samples"": 1406}]"
3,524,7,5,KCQA,"(7, 5, 1, 2)",1792,4,490,"[{""A_start"": 1, ""service_lookup_id"": 227, ""transition_samples"": 3}, {""A_start"": 2, ""service_lookup_id"": 228, ""transition_samples"": 101}, {""A_start"": 3, ""service_lookup_id"": 229, ""transition_samples"": 1688}]"
3,525,7,5,KCQA,"(7, 5, 1, 3)",1572,4,428,"[{""A_start"": 2, ""service_lookup_id"": 228, ""transition_samples"": 4}, {""A_start"": 3, ""service_lookup_id"": 229, ""transition_samples"": 84}, {""A_start"": 4, ""service_lookup_id"": 230, ""transition_samples"": 1484}]"
3,526,7,5,KCQA,"(7, 5, 1, 4)",1292,4,361,"[{""A_start"": 3, ""service_lookup_id"": 229, ""transition_samples"": 5}, {""A_start"": 4, ""service_lookup_id"": 230, ""transition_samples"": 1287}]"
3,527,7,5,KCQA,"(7, 5, 1, 5)",6656,4,1702,"[{""A_start"": 4, ""service_lookup_id"": 230, ""transition_samples"": 6656}]"
3,528,7,5,KCQ,"(7, 5, 2)",1869,4,40,"[{""A_start"": 2, ""service_lookup_id"": 228, ""transition_samples"": 173}, {""A_start"": 3, ""service_lookup_id"": 229, ""transition_samples"": 263}, {""A_start"": 4, ""service_lookup_id"": 230, ""transition_samples"": 1433}]"
3,529,7,5,KCQA,"(7, 5, 2, 1)",262,4,55,"[{""A_start"": 2, ""service_lookup_id"": 228, ""transition_samples"": 20}, {""A_start"": 3, ""service_lookup_id"": 229, ""transition_samples"": 242}]"
3,530,7,5,KCQA,"(7, 5, 2, 2)",258,4,69,"[{""A_start"": 2, ""service_lookup_id"": 228, ""transition_samples"": 1}, {""A_start"": 3, ""service_lookup_id"": 229, ""transition_samples"": 20}, {""A_start"": 4, ""service_lookup_id"": 230, ""transition_samples"": 237}]"
3,531,7,5,KCQA,"(7, 5, 2, 3)",209,4,62,"[{""A_start"": 3, ""service_lookup_id"": 229, ""transition_samples"": 1}, {""A_start"": 4, ""service_lookup_id"": 230, ""transition_samples"": 208}]"
3,532,7,5,KCQA,"(7, 5, 2, 4)",265,4,81,"[{""A_start"": 4, ""service_lookup_id"": 230, ""transition_samples"": 265}]"
3,533,7,5,KCQA,"(7, 5, 2, 5)",723,4,178,"[{""A_start"": 4, ""service_lookup_id"": 230, ""transition_samples"": 723}]"
3,534,7,5,KCQ,"(7, 5, 3)",315,4,16,"[{""A_start"": 3, ""service_lookup_id"": 229, ""transition_samples"": 21}, {""A_start"": 4, ""service_lookup_id"": 230, ""transition_samples"": 294}]"
3,535,7,5,KCQA,"(7, 5, 3, 5)",206,4,54,"[{""A_start"": 4, ""service_lookup_id"": 230, ""transition_samples"": 206}]"
3,536,7,5,KCA,"(7, 5, 5)",13069,4,2,"[{""A_start"": 4, ""service_lookup_id"": 230, ""transition_samples"": 13069}]"
3,537,7,6,KCQA,"(7, 6, 0, 0)",3627,4,944,"[{""A_start"": 0, ""service_lookup_id"": 231, ""transition_samples"": 3627}]"
3,538,7,6,KCQA,"(7, 6, 0, 1)",6316,4,1615,"[{""A_start"": 0, ""service_lookup_id"": 231, ""transition_samples"": 279}, {""A_start"": 1, ""service_lookup_id"": 232, ""transition_samples"": 6037}]"
3,539,7,6,KCQA,"(7, 6, 0, 2)",5323,4,1330,"[{""A_start"": 1, ""service_lookup_id"": 232, ""transition_samples"": 190}, {""A_start"": 2, ""service_lookup_id"": 233, ""transition_samples"": 5133}]"
3,540,7,6,KCQA,"(7, 6, 0, 3)",4915,4,1209,"[{""A_start"": 2, ""service_lookup_id"": 233, ""transition_samples"": 98}, {""A_start"": 3, ""service_lookup_id"": 234, ""transition_samples"": 4817}]"
3,541,7,6,KCQA,"(7, 6, 0, 4)",4845,4,1212,"[{""A_start"": 3, ""service_lookup_id"": 234, ""transition_samples"": 64}, {""A_start"": 4, ""service_lookup_id"": 235, ""transition_samples"": 4781}]"
3,542,7,6,KCQA,"(7, 6, 0, 5)",5039,4,1224,"[{""A_start"": 4, ""service_lookup_id"": 235, ""transition_samples"": 41}, {""A_start"": 5, ""service_lookup_id"": 236, ""transition_samples"": 4998}]"
3,543,7,6,KCQA,"(7, 6, 0, 6)",5505,4,1361,"[{""A_start"": 5, ""service_lookup_id"": 236, ""transition_samples"": 5505}]"
3,544,7,6,KCQA,"(7, 6, 1, 0)",921,4,232,"[{""A_start"": 1, ""service_lookup_id"": 232, ""transition_samples"": 921}]"
3,545,7,6,KCQA,"(7, 6, 1, 1)",1643,4,403,"[{""A_start"": 1, ""service_lookup_id"": 232, ""transition_samples"": 108}, {""A_start"": 2, ""service_lookup_id"": 233, ""transition_samples"": 1535}]"
3,546,7,6,KCQA,"(7, 6, 1, 2)",1710,4,426,"[{""A_start"": 1, ""service_lookup_id"": 232, ""transition_samples"": 1}, {""A_start"": 2, ""service_lookup_id"": 233, ""transition_samples"": 96}, {""A_start"": 3, ""service_lookup_id"": 234, ""transition_samples"": 1613}]"
3,547,7,6,KCQA,"(7, 6, 1, 3)",1642,4,374,"[{""A_start"": 3, ""service_lookup_id"": 234, ""transition_samples"": 60}, {""A_start"": 4, ""service_lookup_id"": 235, ""transition_samples"": 1582}]"
3,548,7,6,KCQA,"(7, 6, 1, 4)",1413,4,370,"[{""A_start"": 4, ""service_lookup_id"": 235, ""transition_samples"": 51}, {""A_start"": 5, ""service_lookup_id"": 236, ""transition_samples"": 1362}]"
3,549,7,6,KCQA,"(7, 6, 1, 5)",1005,4,261,"[{""A_start"": 4, ""service_lookup_id"": 235, ""transition_samples"": 2}, {""A_start"": 5, ""service_lookup_id"": 236, ""transition_samples"": 1003}]"
3,550,7,6,KCQA,"(7, 6, 1, 6)",424,4,90,"[{""A_start"": 5, ""service_lookup_id"": 236, ""transition_samples"": 424}]"
3,551,7,6,KCQ,"(7, 6, 2)",1157,4,67,"[{""A_start"": 2, ""service_lookup_id"": 233, ""transition_samples"": 155}, {""A_start"": 3, ""service_lookup_id"": 234, ""transition_samples"": 275}, {""A_start"": 4, ""service_lookup_id"": 235, ""transition_samples"": 299}, {""A_start"": 5, ""service_lookup_id"": 236, ""transition_samples"": 428}]"
3,552,7,6,KCQA,"(7, 6, 2, 1)",273,4,70,"[{""A_start"": 2, ""service_lookup_id"": 233, ""transition_samples"": 21}, {""A_start"": 3, ""service_lookup_id"": 234, ""transition_samples"": 252}]"
3,553,7,6,KCQA,"(7, 6, 2, 2)",297,4,86,"[{""A_start"": 2, ""service_lookup_id"": 233, ""transition_samples"": 1}, {""A_start"": 3, ""service_lookup_id"": 234, ""transition_samples"": 23}, {""A_start"": 4, ""service_lookup_id"": 235, ""transition_samples"": 273}]"
3,554,7,6,KCQA,"(7, 6, 2, 3)",276,4,64,"[{""A_start"": 4, ""service_lookup_id"": 235, ""transition_samples"": 25}, {""A_start"": 5, ""service_lookup_id"": 236, ""transition_samples"": 251}]"
3,555,7,6,KCA,"(7, 6, 0)",4700,4,8,"[{""A_start"": 0, ""service_lookup_id"": 231, ""transition_samples"": 3627}, {""A_start"": 1, ""service_lookup_id"": 232, ""transition_samples"": 921}, {""A_start"": 2, ""service_lookup_id"": 233, ""transition_samples"": 133}, {""A_start"": 3, ""service_lookup_id"": 234, ""transition_samples"": 15}, {""A_start"": 4, ""service_lookup_id"": 235, ""transition_samples"": 3}, {""A_start"": 5, ""service_lookup_id"": 236, ""transition_samples"": 1}]"
3,556,7,6,KCA,"(7, 6, 1)",8274,4,9,"[{""A_start"": 0, ""service_lookup_id"": 231, ""transition_samples"": 279}, {""A_start"": 1, ""service_lookup_id"": 232, ""transition_samples"": 6145}, {""A_start"": 2, ""service_lookup_id"": 233, ""transition_samples"": 1556}, {""A_start"": 3, ""service_lookup_id"": 234, ""transition_samples"": 255}, {""A_start"": 4, ""service_lookup_id"": 235, ""transition_samples"": 34}, {""A_start"": 5, ""service_lookup_id"": 236, ""transition_samples"": 5}]"
3,557,7,6,KCA,"(7, 6, 2)",7364,4,6,"[{""A_start"": 1, ""service_lookup_id"": 232, ""transition_samples"": 191}, {""A_start"": 2, ""service_lookup_id"": 233, ""transition_samples"": 5230}, {""A_start"": 3, ""service_lookup_id"": 234, ""transition_samples"": 1636}, {""A_start"": 4, ""service_lookup_id"": 235, ""transition_samples"": 278}, {""A_start"": 5, ""service_lookup_id"": 236, ""transition_samples"": 29}]"
3,558,7,6,KCA,"(7, 6, 3)",6859,4,7,"[{""A_start"": 2, ""service_lookup_id"": 233, ""transition_samples"": 98}, {""A_start"": 3, ""service_lookup_id"": 234, ""transition_samples"": 4877}, {""A_start"": 4, ""service_lookup_id"": 235, ""transition_samples"": 1607}, {""A_start"": 5, ""service_lookup_id"": 236, ""transition_samples"": 277}]"
3,559,7,7,KCQA,"(7, 7, 0, 0)",2324,4,574,"[{""A_start"": 0, ""service_lookup_id"": 237, ""transition_samples"": 2324}]"
3,560,7,7,KCQA,"(7, 7, 0, 1)",3992,4,965,"[{""A_start"": 0, ""service_lookup_id"": 237, ""transition_samples"": 371}, {""A_start"": 1, ""service_lookup_id"": 238, ""transition_samples"": 3621}]"
3,561,7,7,KCQA,"(7, 7, 0, 2)",5139,4,1248,"[{""A_start"": 1, ""service_lookup_id"": 238, ""transition_samples"": 677}, {""A_start"": 2, ""service_lookup_id"": 239, ""transition_samples"": 4462}]"
3,562,7,7,KCQA,"(7, 7, 0, 3)",5692,4,1340,"[{""A_start"": 2, ""service_lookup_id"": 239, ""transition_samples"": 758}, {""A_start"": 3, ""service_lookup_id"": 240, ""transition_samples"": 4934}]"
3,563,7,7,KCQA,"(7, 7, 0, 4)",5850,4,1378,"[{""A_start"": 3, ""service_lookup_id"": 240, ""transition_samples"": 631}, {""A_start"": 4, ""service_lookup_id"": 241, ""transition_samples"": 5219}]"
3,564,7,7,KCQA,"(7, 7, 0, 5)",5987,4,1510,"[{""A_start"": 4, ""service_lookup_id"": 241, ""transition_samples"": 588}, {""A_start"": 5, ""service_lookup_id"": 242, ""transition_samples"": 5399}]"
3,565,7,7,KCQA,"(7, 7, 0, 6)",6171,4,1582,"[{""A_start"": 5, ""service_lookup_id"": 242, ""transition_samples"": 388}, {""A_start"": 6, ""service_lookup_id"": 243, ""transition_samples"": 5783}]"
3,566,7,7,KCQA,"(7, 7, 0, 7)",838,4,259,"[{""A_start"": 6, ""service_lookup_id"": 243, ""transition_samples"": 838}]"
3,567,7,7,KCQA,"(7, 7, 1, 0)",574,4,132,"[{""A_start"": 1, ""service_lookup_id"": 238, ""transition_samples"": 574}]"
3,568,7,7,KCQA,"(7, 7, 1, 1)",1119,4,271,"[{""A_start"": 1, ""service_lookup_id"": 238, ""transition_samples"": 90}, {""A_start"": 2, ""service_lookup_id"": 239, ""transition_samples"": 1029}]"
3,569,7,7,KCQA,"(7, 7, 1, 2)",1523,4,364,"[{""A_start"": 1, ""service_lookup_id"": 238, ""transition_samples"": 13}, {""A_start"": 2, ""service_lookup_id"": 239, ""transition_samples"": 146}, {""A_start"": 3, ""service_lookup_id"": 240, ""transition_samples"": 1364}]"
3,570,7,7,KCQA,"(7, 7, 1, 3)",1675,4,415,"[{""A_start"": 2, ""service_lookup_id"": 239, ""transition_samples"": 23}, {""A_start"": 3, ""service_lookup_id"": 240, ""transition_samples"": 150}, {""A_start"": 4, ""service_lookup_id"": 241, ""transition_samples"": 1502}]"
3,571,7,7,KCQA,"(7, 7, 1, 4)",1613,4,409,"[{""A_start"": 3, ""service_lookup_id"": 240, ""transition_samples"": 21}, {""A_start"": 4, ""service_lookup_id"": 241, ""transition_samples"": 108}, {""A_start"": 5, ""service_lookup_id"": 242, ""transition_samples"": 1484}]"
3,572,7,7,KCQA,"(7, 7, 1, 5)",1238,4,307,"[{""A_start"": 4, ""service_lookup_id"": 241, ""transition_samples"": 23}, {""A_start"": 5, ""service_lookup_id"": 242, ""transition_samples"": 100}, {""A_start"": 6, ""service_lookup_id"": 243, ""transition_samples"": 1115}]"
3,573,7,7,KCQ,"(7, 7, 1)",8212,4,45,"[{""A_start"": 1, ""service_lookup_id"": 238, ""transition_samples"": 677}, {""A_start"": 2, ""service_lookup_id"": 239, ""transition_samples"": 1198}, {""A_start"": 3, ""service_lookup_id"": 240, ""transition_samples"": 1535}, {""A_start"": 4, ""service_lookup_id"": 241, ""transition_samples"": 1633}, {""A_start"": 5, ""service_lookup_id"": 242, ""transition_samples"": 1606}, {""A_start"": 6, ""service_lookup_id"": 243, ""transition_samples"": 1563}]"
3,574,7,7,KCQA,"(7, 7, 1, 7)",342,4,104,"[{""A_start"": 6, ""service_lookup_id"": 243, ""transition_samples"": 342}]"
3,575,7,7,KCQ,"(7, 7, 2)",1272,4,80,"[{""A_start"": 2, ""service_lookup_id"": 239, ""transition_samples"": 103}, {""A_start"": 3, ""service_lookup_id"": 240, ""transition_samples"": 216}, {""A_start"": 4, ""service_lookup_id"": 241, ""transition_samples"": 283}, {""A_start"": 5, ""service_lookup_id"": 242, ""transition_samples"": 313}, {""A_start"": 6, ""service_lookup_id"": 243, ""transition_samples"": 357}]"
3,576,7,7,KCQA,"(7, 7, 2, 1)",200,4,53,"[{""A_start"": 2, ""service_lookup_id"": 239, ""transition_samples"": 9}, {""A_start"": 3, ""service_lookup_id"": 240, ""transition_samples"": 191}]"
3,577,7,7,KCQA,"(7, 7, 2, 2)",278,4,74,"[{""A_start"": 2, ""service_lookup_id"": 239, ""transition_samples"": 3}, {""A_start"": 3, ""service_lookup_id"": 240, ""transition_samples"": 21}, {""A_start"": 4, ""service_lookup_id"": 241, ""transition_samples"": 254}]"
3,578,7,7,KCQA,"(7, 7, 2, 3)",319,4,78,"[{""A_start"": 3, ""service_lookup_id"": 240, ""transition_samples"": 4}, {""A_start"": 4, ""service_lookup_id"": 241, ""transition_samples"": 23}, {""A_start"": 5, ""service_lookup_id"": 242, ""transition_samples"": 292}]"
3,579,7,7,KCQA,"(7, 7, 2, 4)",222,4,53,"[{""A_start"": 4, ""service_lookup_id"": 241, ""transition_samples"": 5}, {""A_start"": 5, ""service_lookup_id"": 242, ""transition_samples"": 15}, {""A_start"": 6, ""service_lookup_id"": 243, ""transition_samples"": 202}]"
3,580,7,7,KCA,"(7, 7, 0)",3000,4,1,"[{""A_start"": 0, ""service_lookup_id"": 237, ""transition_samples"": 2324}, {""A_start"": 1, ""service_lookup_id"": 238, ""transition_samples"": 574}, {""A_start"": 2, ""service_lookup_id"": 239, ""transition_samples"": 91}, {""A_start"": 3, ""service_lookup_id"": 240, ""transition_samples"": 11}]"
3,581,7,7,KCA,"(7, 7, 1)",5336,4,9,"[{""A_start"": 0, ""service_lookup_id"": 237, ""transition_samples"": 371}, {""A_start"": 1, ""service_lookup_id"": 238, ""transition_samples"": 3711}, {""A_start"": 2, ""service_lookup_id"": 239, ""transition_samples"": 1038}, {""A_start"": 3, ""service_lookup_id"": 240, ""transition_samples"": 191}, {""A_start"": 4, ""service_lookup_id"": 241, ""transition_samples"": 20}, {""A_start"": 5, ""service_lookup_id"": 242, ""transition_samples"": 5}]"
3,582,7,7,KCA,"(7, 7, 2)",6975,4,7,"[{""A_start"": 1, ""service_lookup_id"": 238, ""transition_samples"": 690}, {""A_start"": 2, ""service_lookup_id"": 239, ""transition_samples"": 4611}, {""A_start"": 3, ""service_lookup_id"": 240, ""transition_samples"": 1385}, {""A_start"": 4, ""service_lookup_id"": 241, ""transition_samples"": 257}, {""A_start"": 5, ""service_lookup_id"": 242, ""transition_samples"": 31}, {""A_start"": 6, ""service_lookup_id"": 243, ""transition_samples"": 1}]"
3,583,7,7,KCA,"(7, 7, 3)",7719,4,11,"[{""A_start"": 2, ""service_lookup_id"": 239, ""transition_samples"": 781}, {""A_start"": 3, ""service_lookup_id"": 240, ""transition_samples"": 5088}, {""A_start"": 4, ""service_lookup_id"": 241, ""transition_samples"": 1525}, {""A_start"": 5, ""service_lookup_id"": 242, ""transition_samples"": 293}, {""A_start"": 6, ""service_lookup_id"": 243, ""transition_samples"": 32}]"
3,584,7,7,KCA,"(7, 7, 7)",1406,4,22,"[{""A_start"": 6, ""service_lookup_id"": 243, ""transition_samples"": 1406}]"
3,585,7,8,KCQA,"(7, 8, 0, 0)",2426,4,574,"[{""A_start"": 0, ""service_lookup_id"": 244, ""transition_samples"": 2426}]"
3,586,7,8,KCQA,"(7, 8, 0, 1)",4313,4,990,"[{""A_start"": 0, ""service_lookup_id"": 244, ""transition_samples"": 332}, {""A_start"": 1, ""service_lookup_id"": 245, ""transition_samples"": 3981}]"
3,587,7,8,KCQA,"(7, 8, 0, 2)",5317,4,1232,"[{""A_start"": 1, ""service_lookup_id"": 245, ""transition_samples"": 623}, {""A_start"": 2, ""service_lookup_id"": 246, ""transition_samples"": 4694}]"
3,588,7,8,KCQA,"(7, 8, 0, 3)",5629,4,1341,"[{""A_start"": 2, ""service_lookup_id"": 246, ""transition_samples"": 668}, {""A_start"": 3, ""service_lookup_id"": 247, ""transition_samples"": 4961}]"
3,589,7,8,KCQA,"(7, 8, 0, 4)",5724,4,1353,"[{""A_start"": 3, ""service_lookup_id"": 247, ""transition_samples"": 549}, {""A_start"": 4, ""service_lookup_id"": 248, ""transition_samples"": 5175}]"
3,590,7,8,KCQA,"(7, 8, 0, 5)",5711,4,1372,"[{""A_start"": 4, ""service_lookup_id"": 248, ""transition_samples"": 514}, {""A_start"": 5, ""service_lookup_id"": 249, ""transition_samples"": 5197}]"
3,591,7,8,KCQA,"(7, 8, 0, 6)",5981,4,1476,"[{""A_start"": 5, ""service_lookup_id"": 249, ""transition_samples"": 329}, {""A_start"": 6, ""service_lookup_id"": 250, ""transition_samples"": 5652}]"
3,592,7,8,KCQA,"(7, 8, 0, 7)",730,4,233,"[{""A_start"": 6, ""service_lookup_id"": 250, ""transition_samples"": 227}, {""A_start"": 7, ""service_lookup_id"": 251, ""transition_samples"": 503}]"
3,593,7,8,KCQA,"(7, 8, 0, 8)",255,4,81,"[{""A_start"": 7, ""service_lookup_id"": 251, ""transition_samples"": 255}]"
3,594,7,8,KCQA,"(7, 8, 1, 0)",478,4,130,"[{""A_start"": 1, ""service_lookup_id"": 245, ""transition_samples"": 478}]"
3,595,7,8,KCQA,"(7, 8, 1, 1)",1093,4,306,"[{""A_start"": 1, ""service_lookup_id"": 245, ""transition_samples"": 84}, {""A_start"": 2, ""service_lookup_id"": 246, ""transition_samples"": 1009}]"
3,596,7,8,KCQA,"(7, 8, 1, 2)",1516,4,409,"[{""A_start"": 1, ""service_lookup_id"": 245, ""transition_samples"": 11}, {""A_start"": 2, ""service_lookup_id"": 246, ""transition_samples"": 134}, {""A_start"": 3, ""service_lookup_id"": 247, ""transition_samples"": 1371}]"
3,597,7,8,KCQA,"(7, 8, 1, 3)",1683,4,460,"[{""A_start"": 2, ""service_lookup_id"": 246, ""transition_samples"": 17}, {""A_start"": 3, ""service_lookup_id"": 247, ""transition_samples"": 126}, {""A_start"": 4, ""service_lookup_id"": 248, ""transition_samples"": 1540}]"
3,598,7,8,KCQA,"(7, 8, 1, 4)",1724,4,444,"[{""A_start"": 3, ""service_lookup_id"": 247, ""transition_samples"": 15}, {""A_start"": 4, ""service_lookup_id"": 248, ""transition_samples"": 125}, {""A_start"": 5, ""service_lookup_id"": 249, ""transition_samples"": 1584}]"
3,599,7,8,KCQA,"(7, 8, 1, 5)",1232,4,329,"[{""A_start"": 4, ""service_lookup_id"": 248, ""transition_samples"": 19}, {""A_start"": 5, ""service_lookup_id"": 249, ""transition_samples"": 82}, {""A_start"": 6, ""service_lookup_id"": 250, ""transition_samples"": 1131}]"
3,600,7,8,KCQ,"(7, 8, 1)",8065,4,108,"[{""A_start"": 1, ""service_lookup_id"": 245, ""transition_samples"": 573}, {""A_start"": 2, ""service_lookup_id"": 246, ""transition_samples"": 1160}, {""A_start"": 3, ""service_lookup_id"": 247, ""transition_samples"": 1512}, {""A_start"": 4, ""service_lookup_id"": 248, ""transition_samples"": 1684}, {""A_start"": 5, ""service_lookup_id"": 249, ""transition_samples"": 1681}, {""A_start"": 6, ""service_lookup_id"": 250, ""transition_samples"": 1204}, {""A_start"": 7, ""service_lookup_id"": 251, ""transition_samples"": 251}]"
3,601,7,8,KCQ,"(7, 8, 2)",1155,4,117,"[{""A_start"": 2, ""service_lookup_id"": 246, ""transition_samples"": 85}, {""A_start"": 3, ""service_lookup_id"": 247, ""transition_samples"": 187}, {""A_start"": 4, ""service_lookup_id"": 248, ""transition_samples"": 264}, {""A_start"": 5, ""service_lookup_id"": 249, ""transition_samples"": 312}, {""A_start"": 6, ""service_lookup_id"": 250, ""transition_samples"": 250}, {""A_start"": 7, ""service_lookup_id"": 251, ""transition_samples"": 57}]"
3,602,7,8,KCQA,"(7, 8, 2, 2)",258,4,103,"[{""A_start"": 3, ""service_lookup_id"": 247, ""transition_samples"": 13}, {""A_start"": 4, ""service_lookup_id"": 248, ""transition_samples"": 245}]"
3,603,7,8,KCQA,"(7, 8, 2, 3)",316,4,95,"[{""A_start"": 3, ""service_lookup_id"": 247, ""transition_samples"": 4}, {""A_start"": 4, ""service_lookup_id"": 248, ""transition_samples"": 14}, {""A_start"": 5, ""service_lookup_id"": 249, ""transition_samples"": 298}]"
3,604,7,8,KCQA,"(7, 8, 2, 4)",256,4,73,"[{""A_start"": 4, ""service_lookup_id"": 248, ""transition_samples"": 4}, {""A_start"": 5, ""service_lookup_id"": 249, ""transition_samples"": 14}, {""A_start"": 6, ""service_lookup_id"": 250, ""transition_samples"": 238}]"
3,605,7,8,KCA,"(7, 8, 0)",2985,4,2,"[{""A_start"": 0, ""service_lookup_id"": 244, ""transition_samples"": 2426}, {""A_start"": 1, ""service_lookup_id"": 245, ""transition_samples"": 478}, {""A_start"": 2, ""service_lookup_id"": 246, ""transition_samples"": 74}, {""A_start"": 3, ""service_lookup_id"": 247, ""transition_samples"": 7}]"
3,606,7,8,KCA,"(7, 8, 1)",5619,4,10,"[{""A_start"": 0, ""service_lookup_id"": 244, ""transition_samples"": 332}, {""A_start"": 1, ""service_lookup_id"": 245, ""transition_samples"": 4065}, {""A_start"": 2, ""service_lookup_id"": 246, ""transition_samples"": 1020}, {""A_start"": 3, ""service_lookup_id"": 247, ""transition_samples"": 170}, {""A_start"": 4, ""service_lookup_id"": 248, ""transition_samples"": 28}, {""A_start"": 5, ""service_lookup_id"": 249, ""transition_samples"": 4}]"
3,607,7,8,KCA,"(7, 8, 2)",7138,4,15,"[{""A_start"": 1, ""service_lookup_id"": 245, ""transition_samples"": 634}, {""A_start"": 2, ""service_lookup_id"": 246, ""transition_samples"": 4828}, {""A_start"": 3, ""service_lookup_id"": 247, ""transition_samples"": 1384}, {""A_start"": 4, ""service_lookup_id"": 248, ""transition_samples"": 247}, {""A_start"": 5, ""service_lookup_id"": 249, ""transition_samples"": 43}, {""A_start"": 6, ""service_lookup_id"": 250, ""transition_samples"": 2}]"
3,608,7,8,KCA,"(7, 8, 3)",7661,4,12,"[{""A_start"": 2, ""service_lookup_id"": 246, ""transition_samples"": 685}, {""A_start"": 3, ""service_lookup_id"": 247, ""transition_samples"": 5091}, {""A_start"": 4, ""service_lookup_id"": 248, ""transition_samples"": 1554}, {""A_start"": 5, ""service_lookup_id"": 249, ""transition_samples"": 299}, {""A_start"": 6, ""service_lookup_id"": 250, ""transition_samples"": 32}]"
3,609,7,8,KCA,"(7, 8, 7)",804,4,1,"[{""A_start"": 6, ""service_lookup_id"": 250, ""transition_samples"": 242}, {""A_start"": 7, ""service_lookup_id"": 251, ""transition_samples"": 562}]"
3,610,7,8,KCA,"(7, 8, 8)",469,4,2,"[{""A_start"": 7, ""service_lookup_id"": 251, ""transition_samples"": 469}]"
4,0,1,1,KCQA,"(1, 1, 0, 0)",7186,4,1797,"[{""A_start"": 0, ""service_lookup_id"": 0, ""transition_samples"": 7186}]"
4,1,1,1,KCQ,"(1, 1, 0)",7191,4,2,"[{""A_start"": 0, ""service_lookup_id"": 0, ""transition_samples"": 7191}]"
4,2,1,2,KCQA,"(1, 2, 0, 0)",7186,4,1796,"[{""A_start"": 0, ""service_lookup_id"": 1, ""transition_samples"": 7186}]"
4,3,1,2,KCQ,"(1, 2, 0)",7191,4,2,"[{""A_start"": 0, ""service_lookup_id"": 1, ""transition_samples"": 7186}, {""A_start"": 1, ""service_lookup_id"": 2, ""transition_samples"": 5}]"
4,4,1,3,KCQA,"(1, 3, 0, 0)",7186,4,1797,"[{""A_start"": 0, ""service_lookup_id"": 3, ""transition_samples"": 7186}]"
4,5,1,3,KCQ,"(1, 3, 0)",7193,4,2,"[{""A_start"": 0, ""service_lookup_id"": 3, ""transition_samples"": 7186}, {""A_start"": 1, ""service_lookup_id"": 4, ""transition_samples"": 3}, {""A_start"": 2, ""service_lookup_id"": 5, ""transition_samples"": 4}]"
4,6,1,4,KCQA,"(1, 4, 0, 0)",7187,4,1797,"[{""A_start"": 0, ""service_lookup_id"": 6, ""transition_samples"": 7187}]"
4,7,1,4,KCQ,"(1, 4, 0)",7194,4,1,"[{""A_start"": 0, ""service_lookup_id"": 6, ""transition_samples"": 7187}, {""A_start"": 1, ""service_lookup_id"": 7, ""transition_samples"": 4}, {""A_start"": 2, ""service_lookup_id"": 8, ""transition_samples"": 3}]"
4,8,1,5,KCQA,"(1, 5, 0, 0)",7182,4,1797,"[{""A_start"": 0, ""service_lookup_id"": 10, ""transition_samples"": 7182}]"
4,9,1,5,KCQ,"(1, 5, 0)",7189,4,2,"[{""A_start"": 0, ""service_lookup_id"": 10, ""transition_samples"": 7182}, {""A_start"": 1, ""service_lookup_id"": 11, ""transition_samples"": 2}, {""A_start"": 2, ""service_lookup_id"": 12, ""transition_samples"": 4}, {""A_start"": 3, ""service_lookup_id"": 13, ""transition_samples"": 1}]"
4,10,1,6,KCQA,"(1, 6, 0, 0)",7176,4,1794,"[{""A_start"": 0, ""service_lookup_id"": 15, ""transition_samples"": 7176}]"
4,11,1,6,KCQ,"(1, 6, 0)",7183,4,2,"[{""A_start"": 0, ""service_lookup_id"": 15, ""transition_samples"": 7176}, {""A_start"": 2, ""service_lookup_id"": 17, ""transition_samples"": 1}, {""A_start"": 3, ""service_lookup_id"": 18, ""transition_samples"": 4}, {""A_start"": 4, ""service_lookup_id"": 19, ""transition_samples"": 1}, {""A_start"": 5, ""service_lookup_id"": 20, ""transition_samples"": 1}]"
4,12,1,7,KCQA,"(1, 7, 0, 0)",7176,4,1794,"[{""A_start"": 0, ""service_lookup_id"": 21, ""transition_samples"": 7176}]"
4,13,1,7,KCQ,"(1, 7, 0)",7183,4,1,"[{""A_start"": 0, ""service_lookup_id"": 21, ""transition_samples"": 7176}, {""A_start"": 2, ""service_lookup_id"": 23, ""transition_samples"": 1}, {""A_start"": 3, ""service_lookup_id"": 24, ""transition_samples"": 2}, {""A_start"": 4, ""service_lookup_id"": 25, ""transition_samples"": 2}, {""A_start"": 5, ""service_lookup_id"": 26, ""transition_samples"": 2}]"
4,14,1,8,KCQA,"(1, 8, 0, 0)",7177,4,1794,"[{""A_start"": 0, ""service_lookup_id"": 28, ""transition_samples"": 7177}]"
4,15,1,8,KCQ,"(1, 8, 0)",7184,4,2,"[{""A_start"": 0, ""service_lookup_id"": 28, ""transition_samples"": 7177}, {""A_start"": 2, ""service_lookup_id"": 30, ""transition_samples"": 1}, {""A_start"": 3, ""service_lookup_id"": 31, ""transition_samples"": 4}, {""A_start"": 4, ""service_lookup_id"": 32, ""transition_samples"": 1}, {""A_start"": 5, ""service_lookup_id"": 33, ""transition_samples"": 1}]"
4,16,2,1,KCQA,"(2, 1, 0, 0)",7175,4,1793,"[{""A_start"": 0, ""service_lookup_id"": 36, ""transition_samples"": 7175}]"
4,17,2,1,KCQA,"(2, 1, 0, 1)",5250,4,1334,"[{""A_start"": 0, ""service_lookup_id"": 36, ""transition_samples"": 5250}]"
4,18,2,1,KCQA,"(2, 1, 1, 0)",1925,4,459,"[{""A_start"": 0, ""service_lookup_id"": 36, ""transition_samples"": 1925}]"
4,19,2,1,KCQ,"(2, 1, 1)",1925,4,1,"[{""A_start"": 0, ""service_lookup_id"": 36, ""transition_samples"": 1925}]"
4,20,2,1,KCA,"(2, 1, 1)",5266,4,5,"[{""A_start"": 0, ""service_lookup_id"": 36, ""transition_samples"": 5266}]"
4,21,2,2,KCQA,"(2, 2, 0, 0)",7178,4,1793,"[{""A_start"": 0, ""service_lookup_id"": 37, ""transition_samples"": 7178}]"
4,22,2,2,KCQA,"(2, 2, 0, 1)",6002,4,1299,"[{""A_start"": 1, ""service_lookup_id"": 38, ""transition_samples"": 6002}]"
4,23,2,2,KCQ,"(2, 2, 0)",13182,4,1,"[{""A_start"": 0, ""service_lookup_id"": 37, ""transition_samples"": 7178}, {""A_start"": 1, ""service_lookup_id"": 38, ""transition_samples"": 6004}]"
4,24,2,2,KCQA,"(2, 2, 1, 0)",1177,4,494,"[{""A_start"": 1, ""service_lookup_id"": 38, ""transition_samples"": 1177}]"
4,25,2,2,KCQ,"(2, 2, 1)",1179,4,1,"[{""A_start"": 1, ""service_lookup_id"": 38, ""transition_samples"": 1179}]"
4,26,2,2,KC,"(2, 2)",14366,4,2,"[{""A_start"": 0, ""service_lookup_id"": 37, ""transition_samples"": 7178}, {""A_start"": 1, ""service_lookup_id"": 38, ""transition_samples"": 7188}]"
4,27,2,3,KCQA,"(2, 3, 0, 0)",7179,4,1795,"[{""A_start"": 0, ""service_lookup_id"": 39, ""transition_samples"": 7179}]"
4,28,2,3,KCQA,"(2, 3, 0, 1)",5361,4,1313,"[{""A_start"": 1, ""service_lookup_id"": 40, ""transition_samples"": 5361}]"
4,29,2,3,KCQA,"(2, 3, 1, 0)",1818,4,483,"[{""A_start"": 1, ""service_lookup_id"": 40, ""transition_samples"": 1818}]"
4,30,2,3,KC,"(2, 3)",14361,4,1,"[{""A_start"": 0, ""service_lookup_id"": 39, ""transition_samples"": 7179}, {""A_start"": 1, ""service_lookup_id"": 40, ""transition_samples"": 7179}, {""A_start"": 2, ""service_lookup_id"": 41, ""transition_samples"": 3}]"
4,31,2,4,KCQA,"(2, 4, 0, 0)",7182,4,1795,"[{""A_start"": 0, ""service_lookup_id"": 42, ""transition_samples"": 7182}]"
4,32,2,4,KCQA,"(2, 4, 0, 1)",5654,4,1097,"[{""A_start"": 1, ""service_lookup_id"": 43, ""transition_samples"": 5654}]"
4,33,2,4,KCQ,"(2, 4, 0)",12836,4,1,"[{""A_start"": 0, ""service_lookup_id"": 42, ""transition_samples"": 7182}, {""A_start"": 1, ""service_lookup_id"": 43, ""transition_samples"": 5654}]"
4,34,2,4,KCQA,"(2, 4, 1, 0)",1523,4,697,"[{""A_start"": 1, ""service_lookup_id"": 43, ""transition_samples"": 1523}]"
4,35,2,5,KCQA,"(2, 5, 0, 0)",7173,4,1793,"[{""A_start"": 0, ""service_lookup_id"": 46, ""transition_samples"": 7173}]"
4,36,2,5,KCQA,"(2, 5, 0, 1)",5503,4,1417,"[{""A_start"": 1, ""service_lookup_id"": 47, ""transition_samples"": 5503}]"
4,37,2,5,KCQA,"(2, 5, 1, 0)",1672,4,376,"[{""A_start"": 1, ""service_lookup_id"": 47, ""transition_samples"": 1672}]"
4,38,2,6,KCQA,"(2, 6, 0, 0)",7160,4,1788,"[{""A_start"": 0, ""service_lookup_id"": 51, ""transition_samples"": 7160}]"
4,39,2,6,KCQA,"(2, 6, 0, 1)",5984,4,1500,"[{""A_start"": 1, ""service_lookup_id"": 52, ""transition_samples"": 5984}]"
4,40,2,6,KCQA,"(2, 6, 1, 0)",1177,4,288,"[{""A_start"": 1, ""service_lookup_id"": 52, ""transition_samples"": 1177}]"
4,41,2,7,KCQA,"(2, 7, 0, 0)",7157,4,1790,"[{""A_start"": 0, ""service_lookup_id"": 57, ""transition_samples"": 7157}]"
4,42,2,7,KCQA,"(2, 7, 0, 1)",6225,4,1582,"[{""A_start"": 1, ""service_lookup_id"": 58, ""transition_samples"": 6225}]"
4,43,2,7,KCQA,"(2, 7, 1, 0)",933,4,208,"[{""A_start"": 1, ""service_lookup_id"": 58, ""transition_samples"": 933}]"
4,44,2,8,KCQA,"(2, 8, 0, 0)",7158,4,1788,"[{""A_start"": 0, ""service_lookup_id"": 64, ""transition_samples"": 7158}]"
4,45,2,8,KCQA,"(2, 8, 0, 1)",5800,4,1604,"[{""A_start"": 0, ""service_lookup_id"": 64, ""transition_samples"": 1}, {""A_start"": 1, ""service_lookup_id"": 65, ""transition_samples"": 5799}]"
4,46,2,8,KCQA,"(2, 8, 1, 0)",1361,4,185,"[{""A_start"": 1, ""service_lookup_id"": 65, ""transition_samples"": 1361}]"
4,47,3,1,KCQA,"(3, 1, 0, 0)",7154,4,1788,"[{""A_start"": 0, ""service_lookup_id"": 72, ""transition_samples"": 7154}]"
4,48,3,1,KCQA,"(3, 1, 0, 1)",7519,4,1716,"[{""A_start"": 0, ""service_lookup_id"": 72, ""transition_samples"": 7519}]"
4,49,3,1,KCQ,"(3, 1, 1)",6764,4,72,"[{""A_start"": 0, ""service_lookup_id"": 72, ""transition_samples"": 6764}]"
4,50,3,1,KCQA,"(3, 1, 1, 1)",6570,4,1779,"[{""A_start"": 0, ""service_lookup_id"": 72, ""transition_samples"": 6570}]"
4,51,3,1,KCA,"(3, 1, 0)",7370,4,10,"[{""A_start"": 0, ""service_lookup_id"": 72, ""transition_samples"": 7370}]"
4,52,3,1,KCA,"(3, 1, 1)",14147,4,18,"[{""A_start"": 0, ""service_lookup_id"": 72, ""transition_samples"": 14147}]"
4,53,3,2,KCQA,"(3, 2, 0, 0)",7164,4,1792,"[{""A_start"": 0, ""service_lookup_id"": 73, ""transition_samples"": 7164}]"
4,54,3,2,KCQA,"(3, 2, 0, 1)",6958,4,1732,"[{""A_start"": 1, ""service_lookup_id"": 74, ""transition_samples"": 6958}]"
4,55,3,2,KCQA,"(3, 2, 0, 2)",5389,4,1253,"[{""A_start"": 1, ""service_lookup_id"": 74, ""transition_samples"": 5389}]"
4,56,3,2,KCQA,"(3, 2, 1, 0)",205,4,60,"[{""A_start"": 1, ""service_lookup_id"": 74, ""transition_samples"": 205}]"
4,57,3,2,KCQA,"(3, 2, 1, 1)",1767,4,537,"[{""A_start"": 1, ""service_lookup_id"": 74, ""transition_samples"": 1767}]"
4,58,3,2,KCQ,"(3, 2, 1)",1973,4,1,"[{""A_start"": 1, ""service_lookup_id"": 74, ""transition_samples"": 1973}]"
4,59,3,2,KCA,"(3, 2, 0)",7379,4,2,"[{""A_start"": 0, ""service_lookup_id"": 73, ""transition_samples"": 7164}, {""A_start"": 1, ""service_lookup_id"": 74, ""transition_samples"": 215}]"
4,60,3,2,KCA,"(3, 2, 2)",5426,4,9,"[{""A_start"": 1, ""service_lookup_id"": 74, ""transition_samples"": 5426}]"
4,61,3,3,KCQA,"(3, 3, 0, 0)",7162,4,1788,"[{""A_start"": 0, ""service_lookup_id"": 75, ""transition_samples"": 7162}]"
4,62,3,3,KCQA,"(3, 3, 0, 1)",6969,4,1695,"[{""A_start"": 1, ""service_lookup_id"": 76, ""transition_samples"": 6969}]"
4,63,3,3,KCQA,"(3, 3, 0, 2)",6061,4,1310,"[{""A_start"": 2, ""service_lookup_id"": 77, ""transition_samples"": 6061}]"
4,64,3,3,KCQ,"(3, 3, 1)",1295,4,95,"[{""A_start"": 1, ""service_lookup_id"": 76, ""transition_samples"": 193}, {""A_start"": 2, ""service_lookup_id"": 77, ""transition_samples"": 1102}]"
4,65,3,3,KCQA,"(3, 3, 1, 1)",1099,4,477,"[{""A_start"": 2, ""service_lookup_id"": 77, ""transition_samples"": 1099}]"
4,66,3,3,KCA,"(3, 3, 0)",7358,4,2,"[{""A_start"": 0, ""service_lookup_id"": 75, ""transition_samples"": 7162}, {""A_start"": 1, ""service_lookup_id"": 76, ""transition_samples"": 193}, {""A_start"": 2, ""service_lookup_id"": 77, ""transition_samples"": 3}]"
4,67,3,3,KC,"(3, 3)",21518,4,8,"[{""A_start"": 0, ""service_lookup_id"": 75, ""transition_samples"": 7162}, {""A_start"": 1, ""service_lookup_id"": 76, ""transition_samples"": 7162}, {""A_start"": 2, ""service_lookup_id"": 77, ""transition_samples"": 7194}]"
4,68,3,4,KCQA,"(3, 4, 0, 0)",7163,4,1790,"[{""A_start"": 0, ""service_lookup_id"": 78, ""transition_samples"": 7163}]"
4,69,3,4,KCQA,"(3, 4, 0, 1)",6708,4,1709,"[{""A_start"": 0, ""service_lookup_id"": 78, ""transition_samples"": 1}, {""A_start"": 1, ""service_lookup_id"": 79, ""transition_samples"": 6707}]"
4,70,3,4,KCQA,"(3, 4, 0, 2)",5329,4,1081,"[{""A_start"": 2, ""service_lookup_id"": 80, ""transition_samples"": 5329}]"
4,71,3,4,KCQ,"(3, 4, 0)",19207,4,1,"[{""A_start"": 0, ""service_lookup_id"": 78, ""transition_samples"": 7164}, {""A_start"": 1, ""service_lookup_id"": 79, ""transition_samples"": 6707}, {""A_start"": 2, ""service_lookup_id"": 80, ""transition_samples"": 5329}, {""A_start"": 3, ""service_lookup_id"": 81, ""transition_samples"": 7}]"
4,72,3,4,KCQA,"(3, 4, 1, 0)",455,4,81,"[{""A_start"": 1, ""service_lookup_id"": 79, ""transition_samples"": 455}]"
4,73,3,4,KCQA,"(3, 4, 1, 1)",1817,4,707,"[{""A_start"": 2, ""service_lookup_id"": 80, ""transition_samples"": 1817}]"
4,74,3,4,KCQ,"(3, 4, 1)",2274,4,1,"[{""A_start"": 1, ""service_lookup_id"": 79, ""transition_samples"": 455}, {""A_start"": 2, ""service_lookup_id"": 80, ""transition_samples"": 1817}, {""A_start"": 3, ""service_lookup_id"": 81, ""transition_samples"": 2}]"
4,75,3,4,KCA,"(3, 4, 0)",7633,4,2,"[{""A_start"": 0, ""service_lookup_id"": 78, ""transition_samples"": 7163}, {""A_start"": 1, ""service_lookup_id"": 79, ""transition_samples"": 455}, {""A_start"": 2, ""service_lookup_id"": 80, ""transition_samples"": 15}]"
4,76,3,4,KC,"(3, 4)",21512,4,2,"[{""A_start"": 0, ""service_lookup_id"": 78, ""transition_samples"": 7164}, {""A_start"": 1, ""service_lookup_id"": 79, ""transition_samples"": 7162}, {""A_start"": 2, ""service_lookup_id"": 80, ""transition_samples"": 7161}, {""A_start"": 3, ""service_lookup_id"": 81, ""transition_samples"": 25}]"
4,77,3,5,KCQA,"(3, 5, 0, 0)",7158,4,1791,"[{""A_start"": 0, ""service_lookup_id"": 82, ""transition_samples"": 7158}]"
4,78,3,5,KCQA,"(3, 5, 0, 1)",6779,4,1669,"[{""A_start"": 1, ""service_lookup_id"": 83, ""transition_samples"": 6779}]"
4,79,3,5,KCQA,"(3, 5, 0, 2)",5566,4,1430,"[{""A_start"": 2, ""service_lookup_id"": 84, ""transition_samples"": 5566}]"
4,80,3,5,KCQ,"(3, 5, 0)",19508,4,1,"[{""A_start"": 0, ""service_lookup_id"": 82, ""transition_samples"": 7158}, {""A_start"": 1, ""service_lookup_id"": 83, ""transition_samples"": 6779}, {""A_start"": 2, ""service_lookup_id"": 84, ""transition_samples"": 5566}, {""A_start"": 3, ""service_lookup_id"": 85, ""transition_samples"": 3}, {""A_start"": 4, ""service_lookup_id"": 86, ""transition_samples"": 2}]"
4,81,3,5,KCQA,"(3, 5, 1, 0)",379,4,122,"[{""A_start"": 1, ""service_lookup_id"": 83, ""transition_samples"": 379}]"
4,82,3,5,KCQA,"(3, 5, 1, 1)",1576,4,356,"[{""A_start"": 2, ""service_lookup_id"": 84, ""transition_samples"": 1576}]"
4,83,3,5,KCA,"(3, 5, 0)",7555,4,6,"[{""A_start"": 0, ""service_lookup_id"": 82, ""transition_samples"": 7158}, {""A_start"": 1, ""service_lookup_id"": 83, ""transition_samples"": 379}, {""A_start"": 2, ""service_lookup_id"": 84, ""transition_samples"": 18}]"
4,84,3,6,KCQA,"(3, 6, 0, 0)",7137,4,1785,"[{""A_start"": 0, ""service_lookup_id"": 87, ""transition_samples"": 7137}]"
4,85,3,6,KCQA,"(3, 6, 0, 1)",6761,4,1701,"[{""A_start"": 1, ""service_lookup_id"": 88, ""transition_samples"": 6761}]"
4,86,3,6,KCQA,"(3, 6, 0, 2)",5670,4,1487,"[{""A_start"": 2, ""service_lookup_id"": 89, ""transition_samples"": 5670}]"
4,87,3,6,KCQ,"(3, 6, 0)",19571,4,1,"[{""A_start"": 0, ""service_lookup_id"": 87, ""transition_samples"": 7137}, {""A_start"": 1, ""service_lookup_id"": 88, ""transition_samples"": 6761}, {""A_start"": 2, ""service_lookup_id"": 89, ""transition_samples"": 5670}, {""A_start"": 3, ""service_lookup_id"": 90, ""transition_samples"": 3}]"
4,88,3,6,KCQA,"(3, 6, 1, 0)",377,4,83,"[{""A_start"": 1, ""service_lookup_id"": 88, ""transition_samples"": 377}]"
4,89,3,6,KCQA,"(3, 6, 1, 1)",1448,4,297,"[{""A_start"": 2, ""service_lookup_id"": 89, ""transition_samples"": 1448}]"
4,90,3,6,KCA,"(3, 6, 0)",7530,4,3,"[{""A_start"": 0, ""service_lookup_id"": 87, ""transition_samples"": 7137}, {""A_start"": 1, ""service_lookup_id"": 88, ""transition_samples"": 377}, {""A_start"": 2, ""service_lookup_id"": 89, ""transition_samples"": 16}]"
4,91,3,7,KCQA,"(3, 7, 0, 0)",7134,4,1783,"[{""A_start"": 0, ""service_lookup_id"": 93, ""transition_samples"": 7134}]"
4,92,3,7,KCQA,"(3, 7, 0, 1)",6472,4,1641,"[{""A_start"": 1, ""service_lookup_id"": 94, ""transition_samples"": 6472}]"
4,93,3,7,KCQA,"(3, 7, 0, 2)",5970,4,1445,"[{""A_start"": 2, ""service_lookup_id"": 95, ""transition_samples"": 5970}]"
4,94,3,7,KCQ,"(3, 7, 0)",19582,4,1,"[{""A_start"": 0, ""service_lookup_id"": 93, ""transition_samples"": 7134}, {""A_start"": 1, ""service_lookup_id"": 94, ""transition_samples"": 6472}, {""A_start"": 2, ""service_lookup_id"": 95, ""transition_samples"": 5971}, {""A_start"": 3, ""service_lookup_id"": 96, ""transition_samples"": 5}]"
4,95,3,7,KCQA,"(3, 7, 1, 0)",665,4,142,"[{""A_start"": 1, ""service_lookup_id"": 94, ""transition_samples"": 665}]"
4,96,3,7,KCQA,"(3, 7, 1, 1)",1135,4,338,"[{""A_start"": 2, ""service_lookup_id"": 95, ""transition_samples"": 1135}]"
4,97,3,7,KCA,"(3, 7, 0)",7825,4,2,"[{""A_start"": 0, ""service_lookup_id"": 93, ""transition_samples"": 7134}, {""A_start"": 1, ""service_lookup_id"": 94, ""transition_samples"": 665}, {""A_start"": 2, ""service_lookup_id"": 95, ""transition_samples"": 26}]"
4,98,3,8,KCQA,"(3, 8, 0, 0)",7131,4,1783,"[{""A_start"": 0, ""service_lookup_id"": 100, ""transition_samples"": 7131}]"
4,99,3,8,KCQA,"(3, 8, 0, 1)",6575,4,1671,"[{""A_start"": 1, ""service_lookup_id"": 101, ""transition_samples"": 6575}]"
4,100,3,8,KCQA,"(3, 8, 0, 2)",5915,4,1515,"[{""A_start"": 1, ""service_lookup_id"": 101, ""transition_samples"": 1}, {""A_start"": 2, ""service_lookup_id"": 102, ""transition_samples"": 5914}]"
4,101,3,8,KCQA,"(3, 8, 1, 0)",559,4,115,"[{""A_start"": 1, ""service_lookup_id"": 101, ""transition_samples"": 559}]"
4,102,3,8,KCQA,"(3, 8, 1, 1)",1207,4,267,"[{""A_start"": 2, ""service_lookup_id"": 102, ""transition_samples"": 1207}]"
4,103,3,8,KCA,"(3, 8, 0)",7701,4,3,"[{""A_start"": 0, ""service_lookup_id"": 100, ""transition_samples"": 7131}, {""A_start"": 1, ""service_lookup_id"": 101, ""transition_samples"": 559}, {""A_start"": 2, ""service_lookup_id"": 102, ""transition_samples"": 11}]"
4,104,4,1,KCQA,"(4, 1, 0, 0)",7136,4,1785,"[{""A_start"": 0, ""service_lookup_id"": 108, ""transition_samples"": 7136}]"
4,105,4,1,KCQA,"(4, 1, 0, 1)",6908,4,1722,"[{""A_start"": 0, ""service_lookup_id"": 108, ""transition_samples"": 6908}]"
4,106,4,1,KCQA,"(4, 1, 1, 0)",227,4,65,"[{""A_start"": 0, ""service_lookup_id"": 108, ""transition_samples"": 227}]"
4,107,4,1,KCQA,"(4, 1, 1, 1)",7144,4,1791,"[{""A_start"": 0, ""service_lookup_id"": 108, ""transition_samples"": 7144}]"
4,108,4,1,KCQ,"(4, 1, 2)",7126,4,1,"[{""A_start"": 0, ""service_lookup_id"": 108, ""transition_samples"": 7126}]"
4,109,4,1,KCQA,"(4, 1, 2, 1)",7115,4,1779,"[{""A_start"": 0, ""service_lookup_id"": 108, ""transition_samples"": 7115}]"
4,110,4,1,KCA,"(4, 1, 0)",7375,4,1,"[{""A_start"": 0, ""service_lookup_id"": 108, ""transition_samples"": 7375}]"
4,111,4,1,KCA,"(4, 1, 1)",21315,4,38,"[{""A_start"": 0, ""service_lookup_id"": 108, ""transition_samples"": 21315}]"
4,112,4,2,KCQA,"(4, 2, 0, 0)",7148,4,1789,"[{""A_start"": 0, ""service_lookup_id"": 109, ""transition_samples"": 7148}]"
4,113,4,2,KCQA,"(4, 2, 0, 1)",6848,4,1740,"[{""A_start"": 1, ""service_lookup_id"": 110, ""transition_samples"": 6848}]"
4,114,4,2,KCQA,"(4, 2, 0, 2)",6577,4,1584,"[{""A_start"": 1, ""service_lookup_id"": 110, ""transition_samples"": 6577}]"
4,115,4,2,KCQA,"(4, 2, 1, 0)",301,4,51,"[{""A_start"": 1, ""service_lookup_id"": 110, ""transition_samples"": 301}]"
4,116,4,2,KCQA,"(4, 2, 1, 1)",858,4,204,"[{""A_start"": 1, ""service_lookup_id"": 110, ""transition_samples"": 858}]"
4,117,4,2,KCQA,"(4, 2, 1, 2)",6644,4,1702,"[{""A_start"": 1, ""service_lookup_id"": 110, ""transition_samples"": 6644}]"
4,118,4,2,KCQ,"(4, 2, 2)",229,4,4,"[{""A_start"": 1, ""service_lookup_id"": 110, ""transition_samples"": 229}]"
4,119,4,2,KCQA,"(4, 2, 2, 1)",209,4,88,"[{""A_start"": 1, ""service_lookup_id"": 110, ""transition_samples"": 209}]"
4,120,4,2,KCA,"(4, 2, 0)",7463,4,1,"[{""A_start"": 0, ""service_lookup_id"": 109, ""transition_samples"": 7148}, {""A_start"": 1, ""service_lookup_id"": 110, ""transition_samples"": 315}]"
4,121,4,2,KCA,"(4, 2, 2)",13318,4,18,"[{""A_start"": 1, ""service_lookup_id"": 110, ""transition_samples"": 13318}]"
4,122,4,3,KCQA,"(4, 3, 0, 0)",7151,4,1787,"[{""A_start"": 0, ""service_lookup_id"": 111, ""transition_samples"": 7151}]"
4,123,4,3,KCQA,"(4, 3, 0, 1)",6662,4,1702,"[{""A_start"": 1, ""service_lookup_id"": 112, ""transition_samples"": 6662}]"
4,124,4,3,KCQA,"(4, 3, 0, 2)",6365,4,1674,"[{""A_start"": 2, ""service_lookup_id"": 113, ""transition_samples"": 6365}]"
4,125,4,3,KCQA,"(4, 3, 0, 3)",5496,4,1508,"[{""A_start"": 2, ""service_lookup_id"": 113, ""transition_samples"": 5496}]"
4,126,4,3,KCQA,"(4, 3, 1, 0)",490,4,87,"[{""A_start"": 1, ""service_lookup_id"": 112, ""transition_samples"": 490}]"
4,127,4,3,KCQA,"(4, 3, 1, 1)",764,4,113,"[{""A_start"": 2, ""service_lookup_id"": 113, ""transition_samples"": 764}]"
4,128,4,3,KCQA,"(4, 3, 1, 2)",1530,4,272,"[{""A_start"": 2, ""service_lookup_id"": 113, ""transition_samples"": 1530}]"
4,129,4,3,KCA,"(4, 3, 0)",7666,4,1,"[{""A_start"": 0, ""service_lookup_id"": 111, ""transition_samples"": 7151}, {""A_start"": 1, ""service_lookup_id"": 112, ""transition_samples"": 490}, {""A_start"": 2, ""service_lookup_id"": 113, ""transition_samples"": 25}]"
4,130,4,3,KCA,"(4, 3, 1)",7554,4,8,"[{""A_start"": 1, ""service_lookup_id"": 112, ""transition_samples"": 6662}, {""A_start"": 2, ""service_lookup_id"": 113, ""transition_samples"": 892}]"
4,131,4,3,KCA,"(4, 3, 3)",5582,4,20,"[{""A_start"": 2, ""service_lookup_id"": 113, ""transition_samples"": 5582}]"
4,132,4,4,KCQA,"(4, 4, 0, 0)",7161,4,1787,"[{""A_start"": 0, ""service_lookup_id"": 114, ""transition_samples"": 7161}]"
4,133,4,4,KCQA,"(4, 4, 0, 1)",6715,4,1678,"[{""A_start"": 1, ""service_lookup_id"": 115, ""transition_samples"": 6715}]"
4,134,4,4,KCQA,"(4, 4, 0, 2)",6678,4,1660,"[{""A_start"": 2, ""service_lookup_id"": 116, ""transition_samples"": 6678}]"
4,135,4,4,KCQA,"(4, 4, 0, 3)",5943,4,1369,"[{""A_start"": 3, ""service_lookup_id"": 117, ""transition_samples"": 5943}]"
4,136,4,4,KCQ,"(4, 4, 0)",26501,4,1,"[{""A_start"": 0, ""service_lookup_id"": 114, ""transition_samples"": 7161}, {""A_start"": 1, ""service_lookup_id"": 115, ""transition_samples"": 6715}, {""A_start"": 2, ""service_lookup_id"": 116, ""transition_samples"": 6678}, {""A_start"": 3, ""service_lookup_id"": 117, ""transition_samples"": 5947}]"
4,137,4,4,KCQA,"(4, 4, 1, 0)",448,4,109,"[{""A_start"": 1, ""service_lookup_id"": 115, ""transition_samples"": 448}]"
4,138,4,4,KCQA,"(4, 4, 1, 1)",470,4,124,"[{""A_start"": 2, ""service_lookup_id"": 116, ""transition_samples"": 470}]"
4,139,4,4,KCQA,"(4, 4, 1, 2)",1186,4,398,"[{""A_start"": 3, ""service_lookup_id"": 117, ""transition_samples"": 1186}]"
4,140,4,4,KCQ,"(4, 4, 1)",2110,4,2,"[{""A_start"": 1, ""service_lookup_id"": 115, ""transition_samples"": 448}, {""A_start"": 2, ""service_lookup_id"": 116, ""transition_samples"": 470}, {""A_start"": 3, ""service_lookup_id"": 117, ""transition_samples"": 1192}]"
4,141,4,4,KCA,"(4, 4, 0)",7623,4,4,"[{""A_start"": 0, ""service_lookup_id"": 114, ""transition_samples"": 7161}, {""A_start"": 1, ""service_lookup_id"": 115, ""transition_samples"": 448}, {""A_start"": 2, ""service_lookup_id"": 116, ""transition_samples"": 13}, {""A_start"": 3, ""service_lookup_id"": 117, ""transition_samples"": 1}]"
4,142,4,4,KCA,"(4, 4, 1)",7214,4,20,"[{""A_start"": 1, ""service_lookup_id"": 115, ""transition_samples"": 6715}, {""A_start"": 2, ""service_lookup_id"": 116, ""transition_samples"": 470}, {""A_start"": 3, ""service_lookup_id"": 117, ""transition_samples"": 29}]"
4,143,4,4,KC,"(4, 4)",28705,4,12,"[{""A_start"": 0, ""service_lookup_id"": 114, ""transition_samples"": 7161}, {""A_start"": 1, ""service_lookup_id"": 115, ""transition_samples"": 7163}, {""A_start"": 2, ""service_lookup_id"": 116, ""transition_samples"": 7161}, {""A_start"": 3, ""service_lookup_id"": 117, ""transition_samples"": 7220}]"
4,144,4,5,KCQA,"(4, 5, 0, 0)",7116,4,1776,"[{""A_start"": 0, ""service_lookup_id"": 118, ""transition_samples"": 7116}]"
4,145,4,5,KCQA,"(4, 5, 0, 1)",6259,4,1584,"[{""A_start"": 1, ""service_lookup_id"": 119, ""transition_samples"": 6259}]"
4,146,4,5,KCQA,"(4, 5, 0, 2)",6395,4,1614,"[{""A_start"": 1, ""service_lookup_id"": 119, ""transition_samples"": 3}, {""A_start"": 2, ""service_lookup_id"": 120, ""transition_samples"": 6392}]"
4,147,4,5,KCQA,"(4, 5, 0, 3)",6151,4,1476,"[{""A_start"": 2, ""service_lookup_id"": 120, ""transition_samples"": 5}, {""A_start"": 3, ""service_lookup_id"": 121, ""transition_samples"": 6146}]"
4,148,4,5,KCQA,"(4, 5, 1, 0)",861,4,194,"[{""A_start"": 1, ""service_lookup_id"": 119, ""transition_samples"": 861}]"
4,149,4,5,KCQA,"(4, 5, 1, 1)",725,4,157,"[{""A_start"": 1, ""service_lookup_id"": 119, ""transition_samples"": 1}, {""A_start"": 2, ""service_lookup_id"": 120, ""transition_samples"": 724}]"
4,150,4,5,KCQA,"(4, 5, 1, 2)",894,4,292,"[{""A_start"": 2, ""service_lookup_id"": 120, ""transition_samples"": 1}, {""A_start"": 3, ""service_lookup_id"": 121, ""transition_samples"": 893}]"
4,151,4,5,KCA,"(4, 5, 0)",8005,4,6,"[{""A_start"": 0, ""service_lookup_id"": 118, ""transition_samples"": 7116}, {""A_start"": 1, ""service_lookup_id"": 119, ""transition_samples"": 861}, {""A_start"": 2, ""service_lookup_id"": 120, ""transition_samples"": 27}, {""A_start"": 3, ""service_lookup_id"": 121, ""transition_samples"": 1}]"
4,152,4,5,KCA,"(4, 5, 1)",7025,4,11,"[{""A_start"": 1, ""service_lookup_id"": 119, ""transition_samples"": 6260}, {""A_start"": 2, ""service_lookup_id"": 120, ""transition_samples"": 725}, {""A_start"": 3, ""service_lookup_id"": 121, ""transition_samples"": 40}]"
4,153,4,6,KCQA,"(4, 6, 0, 0)",7104,4,1778,"[{""A_start"": 0, ""service_lookup_id"": 123, ""transition_samples"": 7104}]"
4,154,4,6,KCQA,"(4, 6, 0, 1)",6310,4,1572,"[{""A_start"": 1, ""service_lookup_id"": 124, ""transition_samples"": 6310}]"
4,155,4,6,KCQA,"(4, 6, 0, 2)",6265,4,1529,"[{""A_start"": 1, ""service_lookup_id"": 124, ""transition_samples"": 2}, {""A_start"": 2, ""service_lookup_id"": 125, ""transition_samples"": 6263}]"
4,156,4,6,KCQA,"(4, 6, 0, 3)",5854,4,1388,"[{""A_start"": 2, ""service_lookup_id"": 125, ""transition_samples"": 1}, {""A_start"": 3, ""service_lookup_id"": 126, ""transition_samples"": 5853}]"
4,157,4,6,KCQA,"(4, 6, 1, 0)",796,4,207,"[{""A_start"": 1, ""service_lookup_id"": 124, ""transition_samples"": 796}]"
4,158,4,6,KCQA,"(4, 6, 1, 1)",828,4,239,"[{""A_start"": 2, ""service_lookup_id"": 125, ""transition_samples"": 828}]"
4,159,4,6,KCQA,"(4, 6, 1, 2)",1158,4,372,"[{""A_start"": 2, ""service_lookup_id"": 125, ""transition_samples"": 1}, {""A_start"": 3, ""service_lookup_id"": 126, ""transition_samples"": 1157}]"
4,160,4,6,KCA,"(4, 6, 0)",7934,4,11,"[{""A_start"": 0, ""service_lookup_id"": 123, ""transition_samples"": 7104}, {""A_start"": 1, ""service_lookup_id"": 124, ""transition_samples"": 796}, {""A_start"": 2, ""service_lookup_id"": 125, ""transition_samples"": 34}]"
4,161,4,6,KCA,"(4, 6, 1)",7220,4,21,"[{""A_start"": 1, ""service_lookup_id"": 124, ""transition_samples"": 6310}, {""A_start"": 2, ""service_lookup_id"": 125, ""transition_samples"": 829}, {""A_start"": 3, ""service_lookup_id"": 126, ""transition_samples"": 81}]"
4,162,4,7,KCQA,"(4, 7, 0, 0)",7102,4,1777,"[{""A_start"": 0, ""service_lookup_id"": 129, ""transition_samples"": 7102}]"
4,163,4,7,KCQA,"(4, 7, 0, 1)",6441,4,1579,"[{""A_start"": 1, ""service_lookup_id"": 130, ""transition_samples"": 6441}]"
4,164,4,7,KCQA,"(4, 7, 0, 2)",6273,4,1580,"[{""A_start"": 1, ""service_lookup_id"": 130, ""transition_samples"": 2}, {""A_start"": 2, ""service_lookup_id"": 131, ""transition_samples"": 6271}]"
4,165,4,7,KCQA,"(4, 7, 0, 3)",5708,4,1397,"[{""A_start"": 2, ""service_lookup_id"": 131, ""transition_samples"": 2}, {""A_start"": 3, ""service_lookup_id"": 132, ""transition_samples"": 5706}]"
4,166,4,7,KCQ,"(4, 7, 0)",25525,4,1,"[{""A_start"": 0, ""service_lookup_id"": 129, ""transition_samples"": 7102}, {""A_start"": 1, ""service_lookup_id"": 130, ""transition_samples"": 6443}, {""A_start"": 2, ""service_lookup_id"": 131, ""transition_samples"": 6273}, {""A_start"": 3, ""service_lookup_id"": 132, ""transition_samples"": 5706}, {""A_start"": 4, ""service_lookup_id"": 133, ""transition_samples"": 1}]"
4,167,4,7,KCQA,"(4, 7, 1, 0)",668,4,199,"[{""A_start"": 1, ""service_lookup_id"": 130, ""transition_samples"": 668}]"
4,168,4,7,KCQA,"(4, 7, 1, 1)",823,4,192,"[{""A_start"": 1, ""service_lookup_id"": 130, ""transition_samples"": 1}, {""A_start"": 2, ""service_lookup_id"": 131, ""transition_samples"": 822}]"
4,169,4,7,KCQA,"(4, 7, 1, 2)",1310,4,363,"[{""A_start"": 2, ""service_lookup_id"": 131, ""transition_samples"": 1}, {""A_start"": 3, ""service_lookup_id"": 132, ""transition_samples"": 1309}]"
4,170,4,7,KCA,"(4, 7, 0)",7798,4,8,"[{""A_start"": 0, ""service_lookup_id"": 129, ""transition_samples"": 7102}, {""A_start"": 1, ""service_lookup_id"": 130, ""transition_samples"": 668}, {""A_start"": 2, ""service_lookup_id"": 131, ""transition_samples"": 27}, {""A_start"": 3, ""service_lookup_id"": 132, ""transition_samples"": 1}]"
4,171,4,7,KCA,"(4, 7, 1)",7342,4,18,"[{""A_start"": 1, ""service_lookup_id"": 130, ""transition_samples"": 6442}, {""A_start"": 2, ""service_lookup_id"": 131, ""transition_samples"": 822}, {""A_start"": 3, ""service_lookup_id"": 132, ""transition_samples"": 78}]"
4,172,4,8,KCQA,"(4, 8, 0, 0)",7101,4,1779,"[{""A_start"": 0, ""service_lookup_id"": 136, ""transition_samples"": 7101}]"
4,173,4,8,KCQA,"(4, 8, 0, 1)",6544,4,1605,"[{""A_start"": 1, ""service_lookup_id"": 137, ""transition_samples"": 6544}]"
4,174,4,8,KCQA,"(4, 8, 0, 2)",6396,4,1578,"[{""A_start"": 1, ""service_lookup_id"": 137, ""transition_samples"": 1}, {""A_start"": 2, ""service_lookup_id"": 138, ""transition_samples"": 6395}]"
4,175,4,8,KCQA,"(4, 8, 0, 3)",5794,4,1398,"[{""A_start"": 2, ""service_lookup_id"": 138, ""transition_samples"": 2}, {""A_start"": 3, ""service_lookup_id"": 139, ""transition_samples"": 5792}]"
4,176,4,8,KCQA,"(4, 8, 1, 0)",561,4,174,"[{""A_start"": 1, ""service_lookup_id"": 137, ""transition_samples"": 561}]"
4,177,4,8,KCQA,"(4, 8, 1, 1)",691,4,196,"[{""A_start"": 2, ""service_lookup_id"": 138, ""transition_samples"": 691}]"
4,178,4,8,KCQA,"(4, 8, 1, 2)",1243,4,364,"[{""A_start"": 3, ""service_lookup_id"": 139, ""transition_samples"": 1243}]"
4,179,4,8,KCA,"(4, 8, 0)",7682,4,7,"[{""A_start"": 0, ""service_lookup_id"": 136, ""transition_samples"": 7101}, {""A_start"": 1, ""service_lookup_id"": 137, ""transition_samples"": 561}, {""A_start"": 2, ""service_lookup_id"": 138, ""transition_samples"": 19}, {""A_start"": 3, ""service_lookup_id"": 139, ""transition_samples"": 1}]"
4,180,4,8,KCA,"(4, 8, 1)",7296,4,18,"[{""A_start"": 1, ""service_lookup_id"": 137, ""transition_samples"": 6544}, {""A_start"": 2, ""service_lookup_id"": 138, ""transition_samples"": 691}, {""A_start"": 3, ""service_lookup_id"": 139, ""transition_samples"": 61}]"
4,181,5,1,KCQA,"(5, 1, 0, 0)",7059,4,1767,"[{""A_start"": 0, ""service_lookup_id"": 144, ""transition_samples"": 7059}]"
4,182,5,1,KCQA,"(5, 1, 0, 1)",6830,4,1711,"[{""A_start"": 0, ""service_lookup_id"": 144, ""transition_samples"": 6830}]"
4,183,5,1,KCQA,"(5, 1, 1, 0)",233,4,57,"[{""A_start"": 0, ""service_lookup_id"": 144, ""transition_samples"": 233}]"
4,184,5,1,KCQA,"(5, 1, 1, 1)",7060,4,1761,"[{""A_start"": 0, ""service_lookup_id"": 144, ""transition_samples"": 7060}]"
4,185,5,1,KCQ,"(5, 1, 2)",7113,4,7,"[{""A_start"": 0, ""service_lookup_id"": 144, ""transition_samples"": 7113}]"
4,186,5,1,KCQA,"(5, 1, 2, 1)",7102,4,1775,"[{""A_start"": 0, ""service_lookup_id"": 144, ""transition_samples"": 7102}]"
4,187,5,1,KCQA,"(5, 1, 3, 1)",7021,4,1764,"[{""A_start"": 0, ""service_lookup_id"": 144, ""transition_samples"": 7021}]"
4,188,5,1,KCA,"(5, 1, 1)",28537,4,122,"[{""A_start"": 0, ""service_lookup_id"": 144, ""transition_samples"": 28537}]"
4,189,5,2,KCQA,"(5, 2, 0, 0)",7118,4,1778,"[{""A_start"": 0, ""service_lookup_id"": 145, ""transition_samples"": 7118}]"
4,190,5,2,KCQA,"(5, 2, 0, 1)",6606,4,1658,"[{""A_start"": 1, ""service_lookup_id"": 146, ""transition_samples"": 6606}]"
4,191,5,2,KCQA,"(5, 2, 0, 2)",6554,4,1633,"[{""A_start"": 1, ""service_lookup_id"": 146, ""transition_samples"": 6554}]"
4,192,5,2,KCQA,"(5, 2, 1, 0)",513,4,120,"[{""A_start"": 1, ""service_lookup_id"": 146, ""transition_samples"": 513}]"
4,193,5,2,KCQA,"(5, 2, 1, 1)",551,4,140,"[{""A_start"": 1, ""service_lookup_id"": 146, ""transition_samples"": 551}]"
4,194,5,2,KCQA,"(5, 2, 1, 2)",7056,4,1759,"[{""A_start"": 1, ""service_lookup_id"": 146, ""transition_samples"": 7056}]"
4,195,5,2,KCQ,"(5, 2, 2)",7183,4,25,"[{""A_start"": 1, ""service_lookup_id"": 146, ""transition_samples"": 7183}]"
4,196,5,2,KCQA,"(5, 2, 2, 2)",7069,4,1771,"[{""A_start"": 1, ""service_lookup_id"": 146, ""transition_samples"": 7069}]"
4,197,5,2,KCA,"(5, 2, 0)",7651,4,1,"[{""A_start"": 0, ""service_lookup_id"": 145, ""transition_samples"": 7118}, {""A_start"": 1, ""service_lookup_id"": 146, ""transition_samples"": 533}]"
4,198,5,2,KCA,"(5, 2, 1)",7274,4,7,"[{""A_start"": 1, ""service_lookup_id"": 146, ""transition_samples"": 7274}]"
4,199,5,2,KCA,"(5, 2, 2)",20921,4,68,"[{""A_start"": 1, ""service_lookup_id"": 146, ""transition_samples"": 20921}]"
4,200,5,3,KCQA,"(5, 3, 0, 0)",7130,4,1784,"[{""A_start"": 0, ""service_lookup_id"": 147, ""transition_samples"": 7130}]"
4,201,5,3,KCQA,"(5, 3, 0, 1)",6414,4,1601,"[{""A_start"": 1, ""service_lookup_id"": 148, ""transition_samples"": 6414}]"
4,202,5,3,KCQA,"(5, 3, 0, 2)",6353,4,1618,"[{""A_start"": 1, ""service_lookup_id"": 148, ""transition_samples"": 1}, {""A_start"": 2, ""service_lookup_id"": 149, ""transition_samples"": 6352}]"
4,203,5,3,KCQA,"(5, 3, 0, 3)",6081,4,1529,"[{""A_start"": 2, ""service_lookup_id"": 149, ""transition_samples"": 6081}]"
4,204,5,3,KCQA,"(5, 3, 1, 0)",717,4,183,"[{""A_start"": 1, ""service_lookup_id"": 148, ""transition_samples"": 717}]"
4,205,5,3,KCQA,"(5, 3, 1, 1)",761,4,162,"[{""A_start"": 1, ""service_lookup_id"": 148, ""transition_samples"": 1}, {""A_start"": 2, ""service_lookup_id"": 149, ""transition_samples"": 760}]"
4,206,5,3,KCQA,"(5, 3, 1, 2)",1050,4,250,"[{""A_start"": 2, ""service_lookup_id"": 149, ""transition_samples"": 1050}]"
4,207,5,3,KCQA,"(5, 3, 1, 3)",6857,4,1733,"[{""A_start"": 2, ""service_lookup_id"": 149, ""transition_samples"": 6857}]"
4,208,5,3,KCQ,"(5, 3, 2)",304,4,15,"[{""A_start"": 2, ""service_lookup_id"": 149, ""transition_samples"": 304}]"
4,209,5,3,KCQA,"(5, 3, 2, 2)",217,4,50,"[{""A_start"": 2, ""service_lookup_id"": 149, ""transition_samples"": 217}]"
4,210,5,3,KCA,"(5, 3, 3)",13128,4,33,"[{""A_start"": 2, ""service_lookup_id"": 149, ""transition_samples"": 13128}]"
4,211,5,4,KCQA,"(5, 4, 0, 0)",7130,4,1782,"[{""A_start"": 0, ""service_lookup_id"": 150, ""transition_samples"": 7130}]"
4,212,5,4,KCQA,"(5, 4, 0, 1)",6306,4,1434,"[{""A_start"": 0, ""service_lookup_id"": 150, ""transition_samples"": 1}, {""A_start"": 1, ""service_lookup_id"": 151, ""transition_samples"": 6305}]"
4,213,5,4,KCQA,"(5, 4, 0, 2)",6103,4,1511,"[{""A_start"": 1, ""service_lookup_id"": 151, ""transition_samples"": 3}, {""A_start"": 2, ""service_lookup_id"": 152, ""transition_samples"": 6100}]"
4,214,5,4,KCQA,"(5, 4, 0, 3)",5847,4,1525,"[{""A_start"": 3, ""service_lookup_id"": 153, ""transition_samples"": 5847}]"
4,215,5,4,KCQA,"(5, 4, 0, 4)",5893,4,1595,"[{""A_start"": 3, ""service_lookup_id"": 153, ""transition_samples"": 5893}]"
4,216,5,4,KCQA,"(5, 4, 1, 0)",830,4,349,"[{""A_start"": 1, ""service_lookup_id"": 151, ""transition_samples"": 830}]"
4,217,5,4,KCQA,"(5, 4, 1, 1)",975,4,248,"[{""A_start"": 2, ""service_lookup_id"": 152, ""transition_samples"": 975}]"
4,218,5,4,KCQA,"(5, 4, 1, 2)",1214,4,253,"[{""A_start"": 2, ""service_lookup_id"": 152, ""transition_samples"": 3}, {""A_start"": 3, ""service_lookup_id"": 153, ""transition_samples"": 1211}]"
4,219,5,4,KCQA,"(5, 4, 1, 3)",1091,4,155,"[{""A_start"": 3, ""service_lookup_id"": 153, ""transition_samples"": 1091}]"
4,220,5,4,KCQ,"(5, 4, 1)",4116,4,2,"[{""A_start"": 1, ""service_lookup_id"": 151, ""transition_samples"": 830}, {""A_start"": 2, ""service_lookup_id"": 152, ""transition_samples"": 978}, {""A_start"": 3, ""service_lookup_id"": 153, ""transition_samples"": 2308}]"
4,221,5,4,KCQ,"(5, 4, 2)",278,4,64,"[{""A_start"": 2, ""service_lookup_id"": 152, ""transition_samples"": 61}, {""A_start"": 3, ""service_lookup_id"": 153, ""transition_samples"": 217}]"
4,222,5,4,KCA,"(5, 4, 0)",8020,4,1,"[{""A_start"": 0, ""service_lookup_id"": 150, ""transition_samples"": 7130}, {""A_start"": 1, ""service_lookup_id"": 151, ""transition_samples"": 830}, {""A_start"": 2, ""service_lookup_id"": 152, ""transition_samples"": 59}, {""A_start"": 3, ""service_lookup_id"": 153, ""transition_samples"": 1}]"
4,223,5,4,KCA,"(5, 4, 4)",6055,4,32,"[{""A_start"": 3, ""service_lookup_id"": 153, ""transition_samples"": 6055}]"
4,224,5,5,KCQA,"(5, 5, 0, 0)",7067,4,1770,"[{""A_start"": 0, ""service_lookup_id"": 154, ""transition_samples"": 7067}]"
4,225,5,5,KCQA,"(5, 5, 0, 1)",6346,4,1606,"[{""A_start"": 1, ""service_lookup_id"": 155, ""transition_samples"": 6346}]"
4,226,5,5,KCQA,"(5, 5, 0, 2)",5986,4,1518,"[{""A_start"": 1, ""service_lookup_id"": 155, ""transition_samples"": 1}, {""A_start"": 2, ""service_lookup_id"": 156, ""transition_samples"": 5985}]"
4,227,5,5,KCQA,"(5, 5, 0, 3)",5612,4,1391,"[{""A_start"": 3, ""service_lookup_id"": 157, ""transition_samples"": 5612}]"
4,228,5,5,KCQA,"(5, 5, 0, 4)",5683,4,1393,"[{""A_start"": 4, ""service_lookup_id"": 158, ""transition_samples"": 5683}]"
4,229,5,5,KCQA,"(5, 5, 1, 0)",722,4,167,"[{""A_start"": 1, ""service_lookup_id"": 155, ""transition_samples"": 722}]"
4,230,5,5,KCQA,"(5, 5, 1, 1)",1041,4,247,"[{""A_start"": 2, ""service_lookup_id"": 156, ""transition_samples"": 1041}]"
4,231,5,5,KCQA,"(5, 5, 1, 2)",1371,4,364,"[{""A_start"": 2, ""service_lookup_id"": 156, ""transition_samples"": 2}, {""A_start"": 3, ""service_lookup_id"": 157, ""transition_samples"": 1369}]"
4,232,5,5,KCQA,"(5, 5, 1, 3)",1241,4,342,"[{""A_start"": 4, ""service_lookup_id"": 158, ""transition_samples"": 1241}]"
4,233,5,5,KCQ,"(5, 5, 2)",287,4,71,"[{""A_start"": 2, ""service_lookup_id"": 156, ""transition_samples"": 49}, {""A_start"": 3, ""service_lookup_id"": 157, ""transition_samples"": 98}, {""A_start"": 4, ""service_lookup_id"": 158, ""transition_samples"": 140}]"
4,234,5,6,KCQA,"(5, 6, 0, 0)",7052,4,1762,"[{""A_start"": 0, ""service_lookup_id"": 159, ""transition_samples"": 7052}]"
4,235,5,6,KCQA,"(5, 6, 0, 1)",6232,4,1500,"[{""A_start"": 0, ""service_lookup_id"": 159, ""transition_samples"": 1}, {""A_start"": 1, ""service_lookup_id"": 160, ""transition_samples"": 6231}]"
4,236,5,6,KCQA,"(5, 6, 0, 2)",5822,4,1467,"[{""A_start"": 2, ""service_lookup_id"": 161, ""transition_samples"": 5822}]"
4,237,5,6,KCQA,"(5, 6, 0, 3)",5388,4,1333,"[{""A_start"": 3, ""service_lookup_id"": 162, ""transition_samples"": 5388}]"
4,238,5,6,KCQA,"(5, 6, 0, 4)",5512,4,1363,"[{""A_start"": 4, ""service_lookup_id"": 163, ""transition_samples"": 5512}]"
4,239,5,6,KCQA,"(5, 6, 1, 0)",828,4,263,"[{""A_start"": 1, ""service_lookup_id"": 160, ""transition_samples"": 828}]"
4,240,5,6,KCQA,"(5, 6, 1, 1)",1186,4,284,"[{""A_start"": 2, ""service_lookup_id"": 161, ""transition_samples"": 1186}]"
4,241,5,6,KCQA,"(5, 6, 1, 2)",1520,4,400,"[{""A_start"": 3, ""service_lookup_id"": 162, ""transition_samples"": 1520}]"
4,242,5,6,KCQA,"(5, 6, 1, 3)",1327,4,352,"[{""A_start"": 4, ""service_lookup_id"": 163, ""transition_samples"": 1327}]"
4,243,5,6,KCQ,"(5, 6, 2)",410,4,47,"[{""A_start"": 2, ""service_lookup_id"": 161, ""transition_samples"": 58}, {""A_start"": 3, ""service_lookup_id"": 162, ""transition_samples"": 150}, {""A_start"": 4, ""service_lookup_id"": 163, ""transition_samples"": 202}]"
4,244,5,6,KCQA,"(5, 6, 2, 2)",202,4,48,"[{""A_start"": 4, ""service_lookup_id"": 163, ""transition_samples"": 202}]"
4,245,5,6,KCA,"(5, 6, 0)",7941,4,1,"[{""A_start"": 0, ""service_lookup_id"": 159, ""transition_samples"": 7052}, {""A_start"": 1, ""service_lookup_id"": 160, ""transition_samples"": 828}, {""A_start"": 2, ""service_lookup_id"": 161, ""transition_samples"": 58}, {""A_start"": 3, ""service_lookup_id"": 162, ""transition_samples"": 3}]"
4,246,5,6,KCA,"(5, 6, 1)",7579,4,1,"[{""A_start"": 0, ""service_lookup_id"": 159, ""transition_samples"": 1}, {""A_start"": 1, ""service_lookup_id"": 160, ""transition_samples"": 6231}, {""A_start"": 2, ""service_lookup_id"": 161, ""transition_samples"": 1186}, {""A_start"": 3, ""service_lookup_id"": 162, ""transition_samples"": 150}, {""A_start"": 4, ""service_lookup_id"": 163, ""transition_samples"": 11}]"
4,247,5,7,KCQA,"(5, 7, 0, 0)",7051,4,1764,"[{""A_start"": 0, ""service_lookup_id"": 165, ""transition_samples"": 7051}]"
4,248,5,7,KCQA,"(5, 7, 0, 1)",6257,4,1558,"[{""A_start"": 1, ""service_lookup_id"": 166, ""transition_samples"": 6257}]"
4,249,5,7,KCQA,"(5, 7, 0, 2)",5823,4,1403,"[{""A_start"": 1, ""service_lookup_id"": 166, ""transition_samples"": 1}, {""A_start"": 2, ""service_lookup_id"": 167, ""transition_samples"": 5822}]"
4,250,5,7,KCQA,"(5, 7, 0, 3)",5368,4,1276,"[{""A_start"": 2, ""service_lookup_id"": 167, ""transition_samples"": 1}, {""A_start"": 3, ""service_lookup_id"": 168, ""transition_samples"": 5367}]"
4,251,5,7,KCQA,"(5, 7, 0, 4)",5340,4,1322,"[{""A_start"": 4, ""service_lookup_id"": 169, ""transition_samples"": 5340}]"
4,252,5,7,KCQ,"(5, 7, 0)",29844,4,4,"[{""A_start"": 0, ""service_lookup_id"": 165, ""transition_samples"": 7051}, {""A_start"": 1, ""service_lookup_id"": 166, ""transition_samples"": 6258}, {""A_start"": 2, ""service_lookup_id"": 167, ""transition_samples"": 5823}, {""A_start"": 3, ""service_lookup_id"": 168, ""transition_samples"": 5367}, {""A_start"": 4, ""service_lookup_id"": 169, ""transition_samples"": 5340}, {""A_start"": 5, ""service_lookup_id"": 170, ""transition_samples"": 4}, {""A_start"": 6, ""service_lookup_id"": 171, ""transition_samples"": 1}]"
4,253,5,7,KCQA,"(5, 7, 1, 0)",798,4,206,"[{""A_start"": 1, ""service_lookup_id"": 166, ""transition_samples"": 798}]"
4,254,5,7,KCQA,"(5, 7, 1, 1)",1189,4,347,"[{""A_start"": 2, ""service_lookup_id"": 167, ""transition_samples"": 1189}]"
4,255,5,7,KCQA,"(5, 7, 1, 2)",1566,4,433,"[{""A_start"": 3, ""service_lookup_id"": 168, ""transition_samples"": 1566}]"
4,256,5,7,KCQA,"(5, 7, 1, 3)",1495,4,371,"[{""A_start"": 4, ""service_lookup_id"": 169, ""transition_samples"": 1495}]"
4,257,5,7,KCQ,"(5, 7, 2)",380,4,70,"[{""A_start"": 2, ""service_lookup_id"": 167, ""transition_samples"": 49}, {""A_start"": 3, ""service_lookup_id"": 168, ""transition_samples"": 126}, {""A_start"": 4, ""service_lookup_id"": 169, ""transition_samples"": 205}]"
4,258,5,7,KCQA,"(5, 7, 2, 2)",205,4,65,"[{""A_start"": 4, ""service_lookup_id"": 169, ""transition_samples"": 205}]"
4,259,5,7,KCA,"(5, 7, 0)",7901,4,1,"[{""A_start"": 0, ""service_lookup_id"": 165, ""transition_samples"": 7051}, {""A_start"": 1, ""service_lookup_id"": 166, ""transition_samples"": 798}, {""A_start"": 2, ""service_lookup_id"": 167, ""transition_samples"": 49}, {""A_start"": 3, ""service_lookup_id"": 168, ""transition_samples"": 3}]"
4,260,5,7,KCA,"(5, 7, 1)",7588,4,8,"[{""A_start"": 1, ""service_lookup_id"": 166, ""transition_samples"": 6257}, {""A_start"": 2, ""service_lookup_id"": 167, ""transition_samples"": 1189}, {""A_start"": 3, ""service_lookup_id"": 168, ""transition_samples"": 126}, {""A_start"": 4, ""service_lookup_id"": 169, ""transition_samples"": 16}]"
4,261,5,8,KCQA,"(5, 8, 0, 0)",7042,4,1766,"[{""A_start"": 0, ""service_lookup_id"": 172, ""transition_samples"": 7042}]"
4,262,5,8,KCQA,"(5, 8, 0, 1)",6157,4,1509,"[{""A_start"": 1, ""service_lookup_id"": 173, ""transition_samples"": 6157}]"
4,263,5,8,KCQA,"(5, 8, 0, 2)",5734,4,1411,"[{""A_start"": 1, ""service_lookup_id"": 173, ""transition_samples"": 2}, {""A_start"": 2, ""service_lookup_id"": 174, ""transition_samples"": 5732}]"
4,264,5,8,KCQA,"(5, 8, 0, 3)",5275,4,1272,"[{""A_start"": 2, ""service_lookup_id"": 174, ""transition_samples"": 1}, {""A_start"": 3, ""service_lookup_id"": 175, ""transition_samples"": 5274}]"
4,265,5,8,KCQA,"(5, 8, 0, 4)",5454,4,1294,"[{""A_start"": 3, ""service_lookup_id"": 175, ""transition_samples"": 5}, {""A_start"": 4, ""service_lookup_id"": 176, ""transition_samples"": 5449}]"
4,266,5,8,KCQ,"(5, 8, 0)",29671,4,3,"[{""A_start"": 0, ""service_lookup_id"": 172, ""transition_samples"": 7042}, {""A_start"": 1, ""service_lookup_id"": 173, ""transition_samples"": 6159}, {""A_start"": 2, ""service_lookup_id"": 174, ""transition_samples"": 5733}, {""A_start"": 3, ""service_lookup_id"": 175, ""transition_samples"": 5279}, {""A_start"": 4, ""service_lookup_id"": 176, ""transition_samples"": 5449}, {""A_start"": 5, ""service_lookup_id"": 177, ""transition_samples"": 6}, {""A_start"": 6, ""service_lookup_id"": 178, ""transition_samples"": 2}, {""A_start"": 7, ""service_lookup_id"": 179, ""transition_samples"": 1}]"
4,267,5,8,KCQA,"(5, 8, 1, 0)",889,4,257,"[{""A_start"": 1, ""service_lookup_id"": 173, ""transition_samples"": 889}]"
4,268,5,8,KCQA,"(5, 8, 1, 1)",1256,4,334,"[{""A_start"": 2, ""service_lookup_id"": 174, ""transition_samples"": 1256}]"
4,269,5,8,KCQA,"(5, 8, 1, 2)",1625,4,437,"[{""A_start"": 3, ""service_lookup_id"": 175, ""transition_samples"": 1625}]"
4,270,5,8,KCQA,"(5, 8, 1, 3)",1355,4,417,"[{""A_start"": 3, ""service_lookup_id"": 175, ""transition_samples"": 2}, {""A_start"": 4, ""service_lookup_id"": 176, ""transition_samples"": 1353}]"
4,271,5,8,KCQ,"(5, 8, 2)",442,4,76,"[{""A_start"": 2, ""service_lookup_id"": 174, ""transition_samples"": 61}, {""A_start"": 3, ""service_lookup_id"": 175, ""transition_samples"": 163}, {""A_start"": 4, ""service_lookup_id"": 176, ""transition_samples"": 218}]"
4,272,5,8,KCQA,"(5, 8, 2, 2)",218,4,51,"[{""A_start"": 4, ""service_lookup_id"": 176, ""transition_samples"": 218}]"
4,273,5,8,KCA,"(5, 8, 0)",7996,4,3,"[{""A_start"": 0, ""service_lookup_id"": 172, ""transition_samples"": 7042}, {""A_start"": 1, ""service_lookup_id"": 173, ""transition_samples"": 889}, {""A_start"": 2, ""service_lookup_id"": 174, ""transition_samples"": 61}, {""A_start"": 3, ""service_lookup_id"": 175, ""transition_samples"": 3}, {""A_start"": 4, ""service_lookup_id"": 176, ""transition_samples"": 1}]"
4,274,5,8,KCA,"(5, 8, 1)",7588,4,3,"[{""A_start"": 1, ""service_lookup_id"": 173, ""transition_samples"": 6157}, {""A_start"": 2, ""service_lookup_id"": 174, ""transition_samples"": 1256}, {""A_start"": 3, ""service_lookup_id"": 175, ""transition_samples"": 163}, {""A_start"": 4, ""service_lookup_id"": 176, ""transition_samples"": 12}]"
4,275,6,1,KCQA,"(6, 1, 0, 0)",3057,3,1608,"[{""A_start"": 0, ""service_lookup_id"": 180, ""transition_samples"": 3057}]"
4,276,6,1,KCQA,"(6, 1, 0, 1)",3091,3,1620,"[{""A_start"": 0, ""service_lookup_id"": 180, ""transition_samples"": 3091}]"
4,277,6,1,KCQ,"(6, 1, 1)",3343,3,86,"[{""A_start"": 0, ""service_lookup_id"": 180, ""transition_samples"": 3343}]"
4,278,6,1,KCQA,"(6, 1, 1, 1)",3195,3,1684,"[{""A_start"": 0, ""service_lookup_id"": 180, ""transition_samples"": 3195}]"
4,279,6,1,KCQ,"(6, 1, 2)",3218,3,4,"[{""A_start"": 0, ""service_lookup_id"": 180, ""transition_samples"": 3218}]"
4,280,6,1,KCQA,"(6, 1, 2, 1)",3204,3,1679,"[{""A_start"": 0, ""service_lookup_id"": 180, ""transition_samples"": 3204}]"
4,281,6,1,KCQA,"(6, 1, 3, 1)",3309,3,1746,"[{""A_start"": 0, ""service_lookup_id"": 180, ""transition_samples"": 3309}]"
4,282,6,1,KCQA,"(6, 1, 4, 1)",3098,3,1612,"[{""A_start"": 0, ""service_lookup_id"": 180, ""transition_samples"": 3098}]"
4,283,6,1,KCA,"(6, 1, 1)",39774,4,385,"[{""A_start"": 0, ""service_lookup_id"": 180, ""transition_samples"": 39774}]"
4,284,6,1,KCQA,"(6, 1, 19, 1)",238,4,13,"[{""A_start"": 0, ""service_lookup_id"": 180, ""transition_samples"": 238}]"
4,285,6,1,KCQA,"(6, 1, 20, 1)",333,4,11,"[{""A_start"": 0, ""service_lookup_id"": 180, ""transition_samples"": 333}]"
4,286,6,1,KCQA,"(6, 1, 21, 1)",415,4,11,"[{""A_start"": 0, ""service_lookup_id"": 180, ""transition_samples"": 415}]"
4,287,6,1,KCQA,"(6, 1, 22, 1)",539,4,10,"[{""A_start"": 0, ""service_lookup_id"": 180, ""transition_samples"": 539}]"
4,288,6,1,KCQA,"(6, 1, 23, 1)",657,4,12,"[{""A_start"": 0, ""service_lookup_id"": 180, ""transition_samples"": 657}]"
4,289,6,1,KCQA,"(6, 1, 24, 1)",773,4,9,"[{""A_start"": 0, ""service_lookup_id"": 180, ""transition_samples"": 773}]"
4,290,6,1,KCQA,"(6, 1, 25, 1)",884,4,8,"[{""A_start"": 0, ""service_lookup_id"": 180, ""transition_samples"": 884}]"
4,291,6,1,KCQA,"(6, 1, 26, 1)",1141,4,11,"[{""A_start"": 0, ""service_lookup_id"": 180, ""transition_samples"": 1141}]"
4,292,6,1,KCQA,"(6, 1, 27, 1)",1418,4,10,"[{""A_start"": 0, ""service_lookup_id"": 180, ""transition_samples"": 1418}]"
4,293,6,1,KCQA,"(6, 1, 28, 1)",1662,4,10,"[{""A_start"": 0, ""service_lookup_id"": 180, ""transition_samples"": 1662}]"
4,294,6,1,KCQA,"(6, 1, 29, 1)",1784,4,11,"[{""A_start"": 0, ""service_lookup_id"": 180, ""transition_samples"": 1784}]"
4,295,6,1,KCQA,"(6, 1, 30, 1)",1897,4,12,"[{""A_start"": 0, ""service_lookup_id"": 180, ""transition_samples"": 1897}]"
4,296,6,1,KCQA,"(6, 1, 31, 1)",1836,4,12,"[{""A_start"": 0, ""service_lookup_id"": 180, ""transition_samples"": 1836}]"
4,297,6,1,KCQA,"(6, 1, 32, 1)",1697,4,11,"[{""A_start"": 0, ""service_lookup_id"": 180, ""transition_samples"": 1697}]"
4,298,6,1,KCQA,"(6, 1, 33, 1)",1533,4,11,"[{""A_start"": 0, ""service_lookup_id"": 180, ""transition_samples"": 1533}]"
4,299,6,1,KCQA,"(6, 1, 34, 1)",1298,4,14,"[{""A_start"": 0, ""service_lookup_id"": 180, ""transition_samples"": 1298}]"
4,300,6,1,KCQA,"(6, 1, 35, 1)",1122,4,11,"[{""A_start"": 0, ""service_lookup_id"": 180, ""transition_samples"": 1122}]"
4,301,6,1,KCQA,"(6, 1, 36, 1)",988,4,13,"[{""A_start"": 0, ""service_lookup_id"": 180, ""transition_samples"": 988}]"
4,302,6,1,KCQA,"(6, 1, 37, 1)",790,4,14,"[{""A_start"": 0, ""service_lookup_id"": 180, ""transition_samples"": 790}]"
4,303,6,1,KCQA,"(6, 1, 38, 1)",632,4,20,"[{""A_start"": 0, ""service_lookup_id"": 180, ""transition_samples"": 632}]"
4,304,6,1,KCQA,"(6, 1, 39, 1)",475,4,24,"[{""A_start"": 0, ""service_lookup_id"": 180, ""transition_samples"": 475}]"
4,305,6,1,KCQA,"(6, 1, 40, 1)",304,4,28,"[{""A_start"": 0, ""service_lookup_id"": 180, ""transition_samples"": 304}]"
4,306,6,1,KCQA,"(6, 1, 41, 1)",213,4,29,"[{""A_start"": 0, ""service_lookup_id"": 180, ""transition_samples"": 213}]"
4,307,6,2,KCQA,"(6, 2, 0, 0)",7024,4,1756,"[{""A_start"": 0, ""service_lookup_id"": 181, ""transition_samples"": 7024}]"
4,308,6,2,KCQA,"(6, 2, 0, 1)",6313,4,1592,"[{""A_start"": 1, ""service_lookup_id"": 182, ""transition_samples"": 6313}]"
4,309,6,2,KCQA,"(6, 2, 0, 2)",5884,4,1467,"[{""A_start"": 1, ""service_lookup_id"": 182, ""transition_samples"": 5884}]"
4,310,6,2,KCQA,"(6, 2, 1, 0)",714,4,165,"[{""A_start"": 1, ""service_lookup_id"": 182, ""transition_samples"": 714}]"
4,311,6,2,KCQA,"(6, 2, 1, 1)",1101,4,278,"[{""A_start"": 1, ""service_lookup_id"": 182, ""transition_samples"": 1101}]"
4,312,6,2,KCQA,"(6, 2, 1, 2)",6733,4,1675,"[{""A_start"": 1, ""service_lookup_id"": 182, ""transition_samples"": 6733}]"
4,313,6,2,KCQ,"(6, 2, 2)",7330,4,15,"[{""A_start"": 1, ""service_lookup_id"": 182, ""transition_samples"": 7330}]"
4,314,6,2,KCQA,"(6, 2, 2, 1)",302,4,83,"[{""A_start"": 1, ""service_lookup_id"": 182, ""transition_samples"": 302}]"
4,315,6,2,KCQA,"(6, 2, 2, 2)",6983,4,1741,"[{""A_start"": 1, ""service_lookup_id"": 182, ""transition_samples"": 6983}]"
4,316,6,2,KCQ,"(6, 2, 3)",7071,4,23,"[{""A_start"": 1, ""service_lookup_id"": 182, ""transition_samples"": 7071}]"
4,317,6,2,KCQA,"(6, 2, 3, 2)",6998,4,1743,"[{""A_start"": 1, ""service_lookup_id"": 182, ""transition_samples"": 6998}]"
4,318,6,2,KCA,"(6, 2, 1)",7808,4,8,"[{""A_start"": 1, ""service_lookup_id"": 182, ""transition_samples"": 7808}]"
4,319,6,2,KCA,"(6, 2, 2)",27396,4,194,"[{""A_start"": 1, ""service_lookup_id"": 182, ""transition_samples"": 27396}]"
4,320,6,3,KCQA,"(6, 3, 0, 0)",7065,4,1774,"[{""A_start"": 0, ""service_lookup_id"": 183, ""transition_samples"": 7065}]"
4,321,6,3,KCQA,"(6, 3, 0, 1)",6393,4,1611,"[{""A_start"": 0, ""service_lookup_id"": 183, ""transition_samples"": 1}, {""A_start"": 1, ""service_lookup_id"": 184, ""transition_samples"": 6392}]"
4,322,6,3,KCQA,"(6, 3, 0, 2)",5895,4,1481,"[{""A_start"": 1, ""service_lookup_id"": 184, ""transition_samples"": 1}, {""A_start"": 2, ""service_lookup_id"": 185, ""transition_samples"": 5894}]"
4,323,6,3,KCQA,"(6, 3, 0, 3)",5454,4,1342,"[{""A_start"": 2, ""service_lookup_id"": 185, ""transition_samples"": 5454}]"
4,324,6,3,KCQA,"(6, 3, 1, 0)",681,4,164,"[{""A_start"": 1, ""service_lookup_id"": 184, ""transition_samples"": 681}]"
4,325,6,3,KCQA,"(6, 3, 1, 1)",1116,4,288,"[{""A_start"": 2, ""service_lookup_id"": 185, ""transition_samples"": 1116}]"
4,326,6,3,KCQA,"(6, 3, 1, 2)",1475,4,402,"[{""A_start"": 2, ""service_lookup_id"": 185, ""transition_samples"": 1475}]"
4,327,6,3,KCQA,"(6, 3, 1, 3)",6622,4,1649,"[{""A_start"": 2, ""service_lookup_id"": 185, ""transition_samples"": 6622}]"
4,328,6,3,KCQ,"(6, 3, 2)",7591,4,37,"[{""A_start"": 2, ""service_lookup_id"": 185, ""transition_samples"": 7591}]"
4,329,6,3,KCQA,"(6, 3, 2, 2)",433,4,123,"[{""A_start"": 2, ""service_lookup_id"": 185, ""transition_samples"": 433}]"
4,330,6,3,KCQA,"(6, 3, 2, 3)",6955,4,1742,"[{""A_start"": 2, ""service_lookup_id"": 185, ""transition_samples"": 6955}]"
4,331,6,3,KCA,"(6, 3, 0)",7814,4,1,"[{""A_start"": 0, ""service_lookup_id"": 183, ""transition_samples"": 7065}, {""A_start"": 1, ""service_lookup_id"": 184, ""transition_samples"": 681}, {""A_start"": 2, ""service_lookup_id"": 185, ""transition_samples"": 68}]"
4,332,6,3,KCA,"(6, 3, 1)",7676,4,6,"[{""A_start"": 0, ""service_lookup_id"": 183, ""transition_samples"": 1}, {""A_start"": 1, ""service_lookup_id"": 184, ""transition_samples"": 6392}, {""A_start"": 2, ""service_lookup_id"": 185, ""transition_samples"": 1283}]"
4,333,6,3,KCA,"(6, 3, 2)",7927,4,32,"[{""A_start"": 1, ""service_lookup_id"": 184, ""transition_samples"": 1}, {""A_start"": 2, ""service_lookup_id"": 185, ""transition_samples"": 7926}]"
4,334,6,3,KCA,"(6, 3, 3)",19539,4,95,"[{""A_start"": 2, ""service_lookup_id"": 185, ""transition_samples"": 19539}]"
4,335,6,4,KCQA,"(6, 4, 0, 0)",7073,4,1768,"[{""A_start"": 0, ""service_lookup_id"": 186, ""transition_samples"": 7073}]"
4,336,6,4,KCQA,"(6, 4, 0, 1)",5925,4,1520,"[{""A_start"": 0, ""service_lookup_id"": 186, ""transition_samples"": 3}, {""A_start"": 1, ""service_lookup_id"": 187, ""transition_samples"": 5922}]"
4,337,6,4,KCQA,"(6, 4, 0, 2)",5564,4,1424,"[{""A_start"": 1, ""service_lookup_id"": 187, ""transition_samples"": 4}, {""A_start"": 2, ""service_lookup_id"": 188, ""transition_samples"": 5560}]"
4,338,6,4,KCQA,"(6, 4, 0, 3)",5487,4,1351,"[{""A_start"": 2, ""service_lookup_id"": 188, ""transition_samples"": 1}, {""A_start"": 3, ""service_lookup_id"": 189, ""transition_samples"": 5486}]"
4,339,6,4,KCQA,"(6, 4, 0, 4)",5376,4,1316,"[{""A_start"": 3, ""service_lookup_id"": 189, ""transition_samples"": 5376}]"
4,340,6,4,KCQA,"(6, 4, 1, 0)",1165,4,248,"[{""A_start"": 1, ""service_lookup_id"": 187, ""transition_samples"": 1165}]"
4,341,6,4,KCQA,"(6, 4, 1, 1)",1416,4,333,"[{""A_start"": 1, ""service_lookup_id"": 187, ""transition_samples"": 3}, {""A_start"": 2, ""service_lookup_id"": 188, ""transition_samples"": 1413}]"
4,342,6,4,KCQA,"(6, 4, 1, 2)",1440,4,380,"[{""A_start"": 2, ""service_lookup_id"": 188, ""transition_samples"": 1}, {""A_start"": 3, ""service_lookup_id"": 189, ""transition_samples"": 1439}]"
4,343,6,4,KCQA,"(6, 4, 1, 3)",1513,4,390,"[{""A_start"": 3, ""service_lookup_id"": 189, ""transition_samples"": 1513}]"
4,344,6,4,KCQA,"(6, 4, 1, 4)",6735,4,1675,"[{""A_start"": 3, ""service_lookup_id"": 189, ""transition_samples"": 6735}]"
4,345,6,4,KCQ,"(6, 4, 2)",865,4,53,"[{""A_start"": 2, ""service_lookup_id"": 188, ""transition_samples"": 130}, {""A_start"": 3, ""service_lookup_id"": 189, ""transition_samples"": 735}]"
4,346,6,4,KCQA,"(6, 4, 2, 2)",204,4,61,"[{""A_start"": 3, ""service_lookup_id"": 189, ""transition_samples"": 204}]"
4,347,6,4,KCQA,"(6, 4, 2, 3)",341,4,83,"[{""A_start"": 3, ""service_lookup_id"": 189, ""transition_samples"": 341}]"
4,348,6,4,KCA,"(6, 4, 1)",7533,4,3,"[{""A_start"": 0, ""service_lookup_id"": 186, ""transition_samples"": 3}, {""A_start"": 1, ""service_lookup_id"": 187, ""transition_samples"": 5925}, {""A_start"": 2, ""service_lookup_id"": 188, ""transition_samples"": 1413}, {""A_start"": 3, ""service_lookup_id"": 189, ""transition_samples"": 192}]"
4,349,6,4,KCA,"(6, 4, 2)",7227,4,11,"[{""A_start"": 1, ""service_lookup_id"": 187, ""transition_samples"": 4}, {""A_start"": 2, ""service_lookup_id"": 188, ""transition_samples"": 5561}, {""A_start"": 3, ""service_lookup_id"": 189, ""transition_samples"": 1662}]"
4,350,6,4,KCA,"(6, 4, 4)",12330,4,124,"[{""A_start"": 3, ""service_lookup_id"": 189, ""transition_samples"": 12330}]"
4,351,6,5,KCQA,"(6, 5, 0, 0)",6909,4,1729,"[{""A_start"": 0, ""service_lookup_id"": 190, ""transition_samples"": 6909}]"
4,352,6,5,KCQA,"(6, 5, 0, 1)",5956,4,1478,"[{""A_start"": 0, ""service_lookup_id"": 190, ""transition_samples"": 7}, {""A_start"": 1, ""service_lookup_id"": 191, ""transition_samples"": 5949}]"
4,353,6,5,KCQA,"(6, 5, 0, 2)",5480,4,1368,"[{""A_start"": 1, ""service_lookup_id"": 191, ""transition_samples"": 4}, {""A_start"": 2, ""service_lookup_id"": 192, ""transition_samples"": 5476}]"
4,354,6,5,KCQA,"(6, 5, 0, 3)",5160,4,1311,"[{""A_start"": 2, ""service_lookup_id"": 192, ""transition_samples"": 3}, {""A_start"": 3, ""service_lookup_id"": 193, ""transition_samples"": 5157}]"
4,355,6,5,KCQA,"(6, 5, 0, 4)",5117,4,1309,"[{""A_start"": 3, ""service_lookup_id"": 193, ""transition_samples"": 2}, {""A_start"": 4, ""service_lookup_id"": 194, ""transition_samples"": 5115}]"
4,356,6,5,KCQA,"(6, 5, 0, 5)",5560,4,1412,"[{""A_start"": 4, ""service_lookup_id"": 194, ""transition_samples"": 5560}]"
4,357,6,5,KCQA,"(6, 5, 1, 0)",1021,4,267,"[{""A_start"": 1, ""service_lookup_id"": 191, ""transition_samples"": 1021}]"
4,358,6,5,KCQA,"(6, 5, 1, 1)",1407,4,360,"[{""A_start"": 1, ""service_lookup_id"": 191, ""transition_samples"": 2}, {""A_start"": 2, ""service_lookup_id"": 192, ""transition_samples"": 1405}]"
4,359,6,5,KCQA,"(6, 5, 1, 2)",1634,4,376,"[{""A_start"": 2, ""service_lookup_id"": 192, ""transition_samples"": 2}, {""A_start"": 3, ""service_lookup_id"": 193, ""transition_samples"": 1632}]"
4,360,6,5,KCQA,"(6, 5, 1, 3)",1606,4,377,"[{""A_start"": 4, ""service_lookup_id"": 194, ""transition_samples"": 1606}]"
4,361,6,5,KCQA,"(6, 5, 1, 4)",1192,4,294,"[{""A_start"": 4, ""service_lookup_id"": 194, ""transition_samples"": 1192}]"
4,362,6,5,KCQ,"(6, 5, 1)",6868,4,6,"[{""A_start"": 1, ""service_lookup_id"": 191, ""transition_samples"": 1023}, {""A_start"": 2, ""service_lookup_id"": 192, ""transition_samples"": 1407}, {""A_start"": 3, ""service_lookup_id"": 193, ""transition_samples"": 1632}, {""A_start"": 4, ""service_lookup_id"": 194, ""transition_samples"": 2806}]"
4,363,6,5,KCQ,"(6, 5, 2)",713,4,118,"[{""A_start"": 2, ""service_lookup_id"": 192, ""transition_samples"": 93}, {""A_start"": 3, ""service_lookup_id"": 193, ""transition_samples"": 189}, {""A_start"": 4, ""service_lookup_id"": 194, ""transition_samples"": 431}]"
4,364,6,5,KCQA,"(6, 5, 2, 2)",247,4,56,"[{""A_start"": 4, ""service_lookup_id"": 194, ""transition_samples"": 247}]"
4,365,6,5,KCA,"(6, 5, 0)",8031,4,4,"[{""A_start"": 0, ""service_lookup_id"": 190, ""transition_samples"": 6909}, {""A_start"": 1, ""service_lookup_id"": 191, ""transition_samples"": 1021}, {""A_start"": 2, ""service_lookup_id"": 192, ""transition_samples"": 93}, {""A_start"": 3, ""service_lookup_id"": 193, ""transition_samples"": 7}, {""A_start"": 4, ""service_lookup_id"": 194, ""transition_samples"": 1}]"
4,366,6,5,KCA,"(6, 5, 1)",7573,4,7,"[{""A_start"": 0, ""service_lookup_id"": 190, ""transition_samples"": 7}, {""A_start"": 1, ""service_lookup_id"": 191, ""transition_samples"": 5951}, {""A_start"": 2, ""service_lookup_id"": 192, ""transition_samples"": 1405}, {""A_start"": 3, ""service_lookup_id"": 193, ""transition_samples"": 190}, {""A_start"": 4, ""service_lookup_id"": 194, ""transition_samples"": 20}]"
4,367,6,5,KCA,"(6, 5, 2)",7383,4,1,"[{""A_start"": 1, ""service_lookup_id"": 191, ""transition_samples"": 4}, {""A_start"": 2, ""service_lookup_id"": 192, ""transition_samples"": 5478}, {""A_start"": 3, ""service_lookup_id"": 193, ""transition_samples"": 1632}, {""A_start"": 4, ""service_lookup_id"": 194, ""transition_samples"": 269}]"
4,368,6,6,KCQA,"(6, 6, 0, 0)",6919,4,1735,"[{""A_start"": 0, ""service_lookup_id"": 195, ""transition_samples"": 6919}]"
4,369,6,6,KCQA,"(6, 6, 0, 1)",6198,4,1605,"[{""A_start"": 0, ""service_lookup_id"": 195, ""transition_samples"": 2}, {""A_start"": 1, ""service_lookup_id"": 196, ""transition_samples"": 6196}]"
4,370,6,6,KCQA,"(6, 6, 0, 2)",5809,4,1500,"[{""A_start"": 1, ""service_lookup_id"": 196, ""transition_samples"": 4}, {""A_start"": 2, ""service_lookup_id"": 197, ""transition_samples"": 5805}]"
4,371,6,6,KCQA,"(6, 6, 0, 3)",5520,4,1428,"[{""A_start"": 2, ""service_lookup_id"": 197, ""transition_samples"": 1}, {""A_start"": 3, ""service_lookup_id"": 198, ""transition_samples"": 5519}]"
4,372,6,6,KCQA,"(6, 6, 0, 4)",5363,4,1430,"[{""A_start"": 4, ""service_lookup_id"": 199, ""transition_samples"": 5363}]"
4,373,6,6,KCQA,"(6, 6, 0, 5)",5426,4,1370,"[{""A_start"": 5, ""service_lookup_id"": 200, ""transition_samples"": 5426}]"
4,374,6,6,KCQA,"(6, 6, 1, 0)",736,4,135,"[{""A_start"": 1, ""service_lookup_id"": 196, ""transition_samples"": 736}]"
4,375,6,6,KCQA,"(6, 6, 1, 1)",1090,4,233,"[{""A_start"": 2, ""service_lookup_id"": 197, ""transition_samples"": 1090}]"
4,376,6,6,KCQA,"(6, 6, 1, 2)",1286,4,302,"[{""A_start"": 2, ""service_lookup_id"": 197, ""transition_samples"": 1}, {""A_start"": 3, ""service_lookup_id"": 198, ""transition_samples"": 1285}]"
4,377,6,6,KCQA,"(6, 6, 1, 3)",1392,4,284,"[{""A_start"": 4, ""service_lookup_id"": 199, ""transition_samples"": 1392}]"
4,378,6,6,KCQA,"(6, 6, 1, 4)",1321,4,341,"[{""A_start"": 4, ""service_lookup_id"": 199, ""transition_samples"": 1}, {""A_start"": 5, ""service_lookup_id"": 200, ""transition_samples"": 1320}]"
4,379,6,6,KCQ,"(6, 6, 1)",5830,4,1,"[{""A_start"": 1, ""service_lookup_id"": 196, ""transition_samples"": 736}, {""A_start"": 2, ""service_lookup_id"": 197, ""transition_samples"": 1091}, {""A_start"": 3, ""service_lookup_id"": 198, ""transition_samples"": 1285}, {""A_start"": 4, ""service_lookup_id"": 199, ""transition_samples"": 1393}, {""A_start"": 5, ""service_lookup_id"": 200, ""transition_samples"": 1325}]"
4,380,6,6,KCQ,"(6, 6, 2)",557,4,80,"[{""A_start"": 2, ""service_lookup_id"": 197, ""transition_samples"": 48}, {""A_start"": 3, ""service_lookup_id"": 198, ""transition_samples"": 141}, {""A_start"": 4, ""service_lookup_id"": 199, ""transition_samples"": 185}, {""A_start"": 5, ""service_lookup_id"": 200, ""transition_samples"": 183}]"
4,381,6,6,KCA,"(6, 6, 2)",7294,4,1,"[{""A_start"": 1, ""service_lookup_id"": 196, ""transition_samples"": 4}, {""A_start"": 2, ""service_lookup_id"": 197, ""transition_samples"": 5806}, {""A_start"": 3, ""service_lookup_id"": 198, ""transition_samples"": 1285}, {""A_start"": 4, ""service_lookup_id"": 199, ""transition_samples"": 185}, {""A_start"": 5, ""service_lookup_id"": 200, ""transition_samples"": 14}]"
4,382,6,7,KCQA,"(6, 7, 0, 0)",6917,4,1728,"[{""A_start"": 0, ""service_lookup_id"": 201, ""transition_samples"": 6917}]"
4,383,6,7,KCQA,"(6, 7, 0, 1)",6213,4,1562,"[{""A_start"": 0, ""service_lookup_id"": 201, ""transition_samples"": 4}, {""A_start"": 1, ""service_lookup_id"": 202, ""transition_samples"": 6209}]"
4,384,6,7,KCQA,"(6, 7, 0, 2)",5744,4,1415,"[{""A_start"": 1, ""service_lookup_id"": 202, ""transition_samples"": 1}, {""A_start"": 2, ""service_lookup_id"": 203, ""transition_samples"": 5743}]"
4,385,6,7,KCQA,"(6, 7, 0, 3)",5364,4,1348,"[{""A_start"": 2, ""service_lookup_id"": 203, ""transition_samples"": 1}, {""A_start"": 3, ""service_lookup_id"": 204, ""transition_samples"": 5363}]"
4,386,6,7,KCQA,"(6, 7, 0, 4)",5228,4,1291,"[{""A_start"": 3, ""service_lookup_id"": 204, ""transition_samples"": 1}, {""A_start"": 4, ""service_lookup_id"": 205, ""transition_samples"": 5227}]"
4,387,6,7,KCQA,"(6, 7, 0, 5)",5388,4,1360,"[{""A_start"": 5, ""service_lookup_id"": 206, ""transition_samples"": 5388}]"
4,388,6,7,KCQ,"(6, 7, 0)",34868,4,7,"[{""A_start"": 0, ""service_lookup_id"": 201, ""transition_samples"": 6921}, {""A_start"": 1, ""service_lookup_id"": 202, ""transition_samples"": 6210}, {""A_start"": 2, ""service_lookup_id"": 203, ""transition_samples"": 5744}, {""A_start"": 3, ""service_lookup_id"": 204, ""transition_samples"": 5364}, {""A_start"": 4, ""service_lookup_id"": 205, ""transition_samples"": 5227}, {""A_start"": 5, ""service_lookup_id"": 206, ""transition_samples"": 5388}, {""A_start"": 6, ""service_lookup_id"": 207, ""transition_samples"": 14}]"
4,389,6,7,KCQA,"(6, 7, 1, 0)",724,4,172,"[{""A_start"": 1, ""service_lookup_id"": 202, ""transition_samples"": 724}]"
4,390,6,7,KCQA,"(6, 7, 1, 1)",1128,4,294,"[{""A_start"": 2, ""service_lookup_id"": 203, ""transition_samples"": 1128}]"
4,391,6,7,KCQA,"(6, 7, 1, 2)",1436,4,354,"[{""A_start"": 3, ""service_lookup_id"": 204, ""transition_samples"": 1436}]"
4,392,6,7,KCQA,"(6, 7, 1, 3)",1499,4,388,"[{""A_start"": 4, ""service_lookup_id"": 205, ""transition_samples"": 1499}]"
4,393,6,7,KCQA,"(6, 7, 1, 4)",1312,4,315,"[{""A_start"": 5, ""service_lookup_id"": 206, ""transition_samples"": 1312}]"
4,394,6,7,KCQ,"(6, 7, 1)",6102,4,1,"[{""A_start"": 1, ""service_lookup_id"": 202, ""transition_samples"": 724}, {""A_start"": 2, ""service_lookup_id"": 203, ""transition_samples"": 1128}, {""A_start"": 3, ""service_lookup_id"": 204, ""transition_samples"": 1436}, {""A_start"": 4, ""service_lookup_id"": 205, ""transition_samples"": 1499}, {""A_start"": 5, ""service_lookup_id"": 206, ""transition_samples"": 1312}, {""A_start"": 6, ""service_lookup_id"": 207, ""transition_samples"": 3}]"
4,395,6,7,KCQ,"(6, 7, 2)",619,4,106,"[{""A_start"": 2, ""service_lookup_id"": 203, ""transition_samples"": 62}, {""A_start"": 3, ""service_lookup_id"": 204, ""transition_samples"": 136}, {""A_start"": 4, ""service_lookup_id"": 205, ""transition_samples"": 198}, {""A_start"": 5, ""service_lookup_id"": 206, ""transition_samples"": 223}]"
4,396,6,7,KCQA,"(6, 7, 2, 3)",223,4,52,"[{""A_start"": 5, ""service_lookup_id"": 206, ""transition_samples"": 223}]"
4,397,6,7,KCA,"(6, 7, 0)",7709,4,2,"[{""A_start"": 0, ""service_lookup_id"": 201, ""transition_samples"": 6917}, {""A_start"": 1, ""service_lookup_id"": 202, ""transition_samples"": 724}, {""A_start"": 2, ""service_lookup_id"": 203, ""transition_samples"": 62}, {""A_start"": 3, ""service_lookup_id"": 204, ""transition_samples"": 6}]"
4,398,6,7,KCA,"(6, 7, 1)",7490,4,4,"[{""A_start"": 0, ""service_lookup_id"": 201, ""transition_samples"": 4}, {""A_start"": 1, ""service_lookup_id"": 202, ""transition_samples"": 6209}, {""A_start"": 2, ""service_lookup_id"": 203, ""transition_samples"": 1128}, {""A_start"": 3, ""service_lookup_id"": 204, ""transition_samples"": 136}, {""A_start"": 4, ""service_lookup_id"": 205, ""transition_samples"": 12}, {""A_start"": 5, ""service_lookup_id"": 206, ""transition_samples"": 1}]"
4,399,6,7,KCA,"(6, 7, 2)",7389,4,6,"[{""A_start"": 1, ""service_lookup_id"": 202, ""transition_samples"": 1}, {""A_start"": 2, ""service_lookup_id"": 203, ""transition_samples"": 5743}, {""A_start"": 3, ""service_lookup_id"": 204, ""transition_samples"": 1436}, {""A_start"": 4, ""service_lookup_id"": 205, ""transition_samples"": 198}, {""A_start"": 5, ""service_lookup_id"": 206, ""transition_samples"": 11}]"
4,400,6,8,KCQA,"(6, 8, 0, 0)",6920,4,1722,"[{""A_start"": 0, ""service_lookup_id"": 208, ""transition_samples"": 6920}]"
4,401,6,8,KCQA,"(6, 8, 0, 1)",6179,4,1559,"[{""A_start"": 0, ""service_lookup_id"": 208, ""transition_samples"": 4}, {""A_start"": 1, ""service_lookup_id"": 209, ""transition_samples"": 6175}]"
4,402,6,8,KCQA,"(6, 8, 0, 2)",5780,4,1443,"[{""A_start"": 1, ""service_lookup_id"": 209, ""transition_samples"": 3}, {""A_start"": 2, ""service_lookup_id"": 210, ""transition_samples"": 5777}]"
4,403,6,8,KCQA,"(6, 8, 0, 3)",5422,4,1364,"[{""A_start"": 2, ""service_lookup_id"": 210, ""transition_samples"": 2}, {""A_start"": 3, ""service_lookup_id"": 211, ""transition_samples"": 5420}]"
4,404,6,8,KCQA,"(6, 8, 0, 4)",5309,4,1335,"[{""A_start"": 4, ""service_lookup_id"": 212, ""transition_samples"": 5309}]"
4,405,6,8,KCQA,"(6, 8, 0, 5)",5464,4,1331,"[{""A_start"": 4, ""service_lookup_id"": 212, ""transition_samples"": 1}, {""A_start"": 5, ""service_lookup_id"": 213, ""transition_samples"": 5463}]"
4,406,6,8,KCQ,"(6, 8, 0)",35085,4,1,"[{""A_start"": 0, ""service_lookup_id"": 208, ""transition_samples"": 6924}, {""A_start"": 1, ""service_lookup_id"": 209, ""transition_samples"": 6178}, {""A_start"": 2, ""service_lookup_id"": 210, ""transition_samples"": 5779}, {""A_start"": 3, ""service_lookup_id"": 211, ""transition_samples"": 5420}, {""A_start"": 4, ""service_lookup_id"": 212, ""transition_samples"": 5310}, {""A_start"": 5, ""service_lookup_id"": 213, ""transition_samples"": 5463}, {""A_start"": 6, ""service_lookup_id"": 214, ""transition_samples"": 8}, {""A_start"": 7, ""service_lookup_id"": 215, ""transition_samples"": 3}]"
4,407,6,8,KCQA,"(6, 8, 1, 0)",762,4,171,"[{""A_start"": 1, ""service_lookup_id"": 209, ""transition_samples"": 762}]"
4,408,6,8,KCQA,"(6, 8, 1, 1)",1107,4,270,"[{""A_start"": 1, ""service_lookup_id"": 209, ""transition_samples"": 1}, {""A_start"": 2, ""service_lookup_id"": 210, ""transition_samples"": 1106}]"
4,409,6,8,KCQA,"(6, 8, 1, 2)",1375,4,329,"[{""A_start"": 3, ""service_lookup_id"": 211, ""transition_samples"": 1375}]"
4,410,6,8,KCQA,"(6, 8, 1, 3)",1444,4,348,"[{""A_start"": 3, ""service_lookup_id"": 211, ""transition_samples"": 1}, {""A_start"": 4, ""service_lookup_id"": 212, ""transition_samples"": 1443}]"
4,411,6,8,KCQA,"(6, 8, 1, 4)",1303,4,335,"[{""A_start"": 5, ""service_lookup_id"": 213, ""transition_samples"": 1303}]"
4,412,6,8,KCQ,"(6, 8, 2)",556,4,154,"[{""A_start"": 2, ""service_lookup_id"": 210, ""transition_samples"": 64}, {""A_start"": 3, ""service_lookup_id"": 211, ""transition_samples"": 140}, {""A_start"": 4, ""service_lookup_id"": 212, ""transition_samples"": 188}, {""A_start"": 5, ""service_lookup_id"": 213, ""transition_samples"": 163}, {""A_start"": 7, ""service_lookup_id"": 215, ""transition_samples"": 1}]"
4,413,6,8,KCA,"(6, 8, 0)",7752,4,1,"[{""A_start"": 0, ""service_lookup_id"": 208, ""transition_samples"": 6920}, {""A_start"": 1, ""service_lookup_id"": 209, ""transition_samples"": 762}, {""A_start"": 2, ""service_lookup_id"": 210, ""transition_samples"": 64}, {""A_start"": 3, ""service_lookup_id"": 211, ""transition_samples"": 6}]"
4,414,6,8,KCA,"(6, 8, 1)",7433,4,5,"[{""A_start"": 0, ""service_lookup_id"": 208, ""transition_samples"": 4}, {""A_start"": 1, ""service_lookup_id"": 209, ""transition_samples"": 6176}, {""A_start"": 2, ""service_lookup_id"": 210, ""transition_samples"": 1106}, {""A_start"": 3, ""service_lookup_id"": 211, ""transition_samples"": 140}, {""A_start"": 4, ""service_lookup_id"": 212, ""transition_samples"": 7}]"
4,415,6,8,KCA,"(6, 8, 2)",7356,4,4,"[{""A_start"": 1, ""service_lookup_id"": 209, ""transition_samples"": 3}, {""A_start"": 2, ""service_lookup_id"": 210, ""transition_samples"": 5777}, {""A_start"": 3, ""service_lookup_id"": 211, ""transition_samples"": 1375}, {""A_start"": 4, ""service_lookup_id"": 212, ""transition_samples"": 188}, {""A_start"": 5, ""service_lookup_id"": 213, ""transition_samples"": 13}]"
4,416,7,1,KCA,"(7, 1, 1)",50133,4,12524,"[{""A_start"": 0, ""service_lookup_id"": 216, ""transition_samples"": 50133}]"
4,417,7,2,KCQA,"(7, 2, 0, 0)",1616,3,193,"[{""A_start"": 0, ""service_lookup_id"": 217, ""transition_samples"": 1616}]"
4,418,7,2,KCQA,"(7, 2, 0, 1)",2434,3,281,"[{""A_start"": 0, ""service_lookup_id"": 217, ""transition_samples"": 130}, {""A_start"": 1, ""service_lookup_id"": 218, ""transition_samples"": 2304}]"
4,419,7,2,KCQA,"(7, 2, 0, 2)",2078,3,230,"[{""A_start"": 1, ""service_lookup_id"": 218, ""transition_samples"": 2078}]"
4,420,7,2,KCQA,"(7, 2, 1, 0)",315,3,32,"[{""A_start"": 1, ""service_lookup_id"": 218, ""transition_samples"": 315}]"
4,421,7,2,KCQA,"(7, 2, 1, 1)",479,3,53,"[{""A_start"": 1, ""service_lookup_id"": 218, ""transition_samples"": 479}]"
4,422,7,2,KCQA,"(7, 2, 1, 2)",2376,3,275,"[{""A_start"": 1, ""service_lookup_id"": 218, ""transition_samples"": 2376}]"
4,423,7,2,KCQ,"(7, 2, 2)",2603,3,19,"[{""A_start"": 1, ""service_lookup_id"": 218, ""transition_samples"": 2603}]"
4,424,7,2,KCQA,"(7, 2, 2, 2)",2467,3,283,"[{""A_start"": 1, ""service_lookup_id"": 218, ""transition_samples"": 2467}]"
4,425,7,2,KCQ,"(7, 2, 3)",2526,3,1,"[{""A_start"": 1, ""service_lookup_id"": 218, ""transition_samples"": 2526}]"
4,426,7,2,KCQA,"(7, 2, 3, 2)",2501,3,291,"[{""A_start"": 1, ""service_lookup_id"": 218, ""transition_samples"": 2501}]"
4,427,7,2,KCQA,"(7, 2, 4, 2)",2459,3,295,"[{""A_start"": 1, ""service_lookup_id"": 218, ""transition_samples"": 2459}]"
4,428,7,2,KCA,"(7, 2, 2)",45120,4,519,"[{""A_start"": 1, ""service_lookup_id"": 218, ""transition_samples"": 45120}]"
4,429,7,2,KCQA,"(7, 2, 10, 2)",240,4,81,"[{""A_start"": 1, ""service_lookup_id"": 218, ""transition_samples"": 240}]"
4,430,7,2,KCQA,"(7, 2, 11, 2)",292,4,127,"[{""A_start"": 1, ""service_lookup_id"": 218, ""transition_samples"": 292}]"
4,431,7,2,KCQA,"(7, 2, 12, 2)",309,4,168,"[{""A_start"": 1, ""service_lookup_id"": 218, ""transition_samples"": 309}]"
4,432,7,2,KCQA,"(7, 2, 13, 2)",320,4,216,"[{""A_start"": 1, ""service_lookup_id"": 218, ""transition_samples"": 320}]"
4,433,7,2,KCQA,"(7, 2, 14, 2)",305,4,260,"[{""A_start"": 1, ""service_lookup_id"": 218, ""transition_samples"": 305}]"
4,434,7,2,KCQA,"(7, 2, 15, 2)",303,4,286,"[{""A_start"": 1, ""service_lookup_id"": 218, ""transition_samples"": 303}]"
4,435,7,2,KCQA,"(7, 2, 16, 2)",333,4,276,"[{""A_start"": 1, ""service_lookup_id"": 218, ""transition_samples"": 333}]"
4,436,7,2,KCQA,"(7, 2, 17, 2)",366,4,251,"[{""A_start"": 1, ""service_lookup_id"": 218, ""transition_samples"": 366}]"
4,437,7,2,KCQA,"(7, 2, 18, 2)",388,4,217,"[{""A_start"": 1, ""service_lookup_id"": 218, ""transition_samples"": 388}]"
4,438,7,2,KCQA,"(7, 2, 19, 2)",472,4,166,"[{""A_start"": 1, ""service_lookup_id"": 218, ""transition_samples"": 472}]"
4,439,7,2,KCQA,"(7, 2, 20, 2)",582,4,146,"[{""A_start"": 1, ""service_lookup_id"": 218, ""transition_samples"": 582}]"
4,440,7,2,KCQA,"(7, 2, 21, 2)",680,4,158,"[{""A_start"": 1, ""service_lookup_id"": 218, ""transition_samples"": 680}]"
4,441,7,2,KCQA,"(7, 2, 22, 2)",797,4,162,"[{""A_start"": 1, ""service_lookup_id"": 218, ""transition_samples"": 797}]"
4,442,7,2,KCQA,"(7, 2, 23, 2)",964,4,165,"[{""A_start"": 1, ""service_lookup_id"": 218, ""transition_samples"": 964}]"
4,443,7,2,KCQA,"(7, 2, 24, 2)",1091,4,165,"[{""A_start"": 1, ""service_lookup_id"": 218, ""transition_samples"": 1091}]"
4,444,7,2,KCQA,"(7, 2, 25, 2)",1102,4,147,"[{""A_start"": 1, ""service_lookup_id"": 218, ""transition_samples"": 1102}]"
4,445,7,2,KCQA,"(7, 2, 26, 2)",1055,4,134,"[{""A_start"": 1, ""service_lookup_id"": 218, ""transition_samples"": 1055}]"
4,446,7,2,KCQA,"(7, 2, 27, 2)",1063,4,131,"[{""A_start"": 1, ""service_lookup_id"": 218, ""transition_samples"": 1063}]"
4,447,7,2,KCQA,"(7, 2, 28, 2)",1041,4,150,"[{""A_start"": 1, ""service_lookup_id"": 218, ""transition_samples"": 1041}]"
4,448,7,2,KCQA,"(7, 2, 29, 2)",967,4,172,"[{""A_start"": 1, ""service_lookup_id"": 218, ""transition_samples"": 967}]"
4,449,7,2,KCQA,"(7, 2, 30, 2)",922,4,170,"[{""A_start"": 1, ""service_lookup_id"": 218, ""transition_samples"": 922}]"
4,450,7,2,KCQA,"(7, 2, 31, 2)",843,4,183,"[{""A_start"": 1, ""service_lookup_id"": 218, ""transition_samples"": 843}]"
4,451,7,2,KCQA,"(7, 2, 32, 2)",710,4,183,"[{""A_start"": 1, ""service_lookup_id"": 218, ""transition_samples"": 710}]"
4,452,7,2,KCQA,"(7, 2, 33, 2)",600,4,172,"[{""A_start"": 1, ""service_lookup_id"": 218, ""transition_samples"": 600}]"
4,453,7,2,KCQA,"(7, 2, 34, 2)",509,4,175,"[{""A_start"": 1, ""service_lookup_id"": 218, ""transition_samples"": 509}]"
4,454,7,2,KCQA,"(7, 2, 35, 2)",510,4,173,"[{""A_start"": 1, ""service_lookup_id"": 218, ""transition_samples"": 510}]"
4,455,7,2,KCQA,"(7, 2, 36, 2)",528,4,191,"[{""A_start"": 1, ""service_lookup_id"": 218, ""transition_samples"": 528}]"
4,456,7,2,KCQA,"(7, 2, 37, 2)",619,4,206,"[{""A_start"": 1, ""service_lookup_id"": 218, ""transition_samples"": 619}]"
4,457,7,2,KCQA,"(7, 2, 38, 2)",714,4,220,"[{""A_start"": 1, ""service_lookup_id"": 218, ""transition_samples"": 714}]"
4,458,7,2,KCQA,"(7, 2, 39, 2)",820,4,246,"[{""A_start"": 1, ""service_lookup_id"": 218, ""transition_samples"": 820}]"
4,459,7,2,KCQA,"(7, 2, 40, 2)",949,4,318,"[{""A_start"": 1, ""service_lookup_id"": 218, ""transition_samples"": 949}]"
4,460,7,2,KCQA,"(7, 2, 41, 2)",1108,4,364,"[{""A_start"": 1, ""service_lookup_id"": 218, ""transition_samples"": 1108}]"
4,461,7,2,KCQA,"(7, 2, 42, 2)",1235,4,402,"[{""A_start"": 1, ""service_lookup_id"": 218, ""transition_samples"": 1235}]"
4,462,7,2,KCQA,"(7, 2, 43, 2)",1371,4,470,"[{""A_start"": 1, ""service_lookup_id"": 218, ""transition_samples"": 1371}]"
4,463,7,2,KCQA,"(7, 2, 44, 2)",1395,4,515,"[{""A_start"": 1, ""service_lookup_id"": 218, ""transition_samples"": 1395}]"
4,464,7,2,KCQA,"(7, 2, 45, 2)",1386,4,514,"[{""A_start"": 1, ""service_lookup_id"": 218, ""transition_samples"": 1386}]"
4,465,7,2,KCQA,"(7, 2, 46, 2)",1259,4,501,"[{""A_start"": 1, ""service_lookup_id"": 218, ""transition_samples"": 1259}]"
4,466,7,2,KCQA,"(7, 2, 47, 2)",1102,4,432,"[{""A_start"": 1, ""service_lookup_id"": 218, ""transition_samples"": 1102}]"
4,467,7,2,KCQA,"(7, 2, 48, 2)",928,4,359,"[{""A_start"": 1, ""service_lookup_id"": 218, ""transition_samples"": 928}]"
4,468,7,2,KCQA,"(7, 2, 49, 2)",765,4,280,"[{""A_start"": 1, ""service_lookup_id"": 218, ""transition_samples"": 765}]"
4,469,7,2,KCQA,"(7, 2, 50, 2)",568,4,182,"[{""A_start"": 1, ""service_lookup_id"": 218, ""transition_samples"": 568}]"
4,470,7,2,KCQA,"(7, 2, 51, 2)",377,4,112,"[{""A_start"": 1, ""service_lookup_id"": 218, ""transition_samples"": 377}]"
4,471,7,2,KCQA,"(7, 2, 52, 2)",255,4,108,"[{""A_start"": 1, ""service_lookup_id"": 218, ""transition_samples"": 255}]"
4,472,7,3,KCQA,"(7, 3, 0, 0)",4683,4,910,"[{""A_start"": 0, ""service_lookup_id"": 219, ""transition_samples"": 4683}]"
4,473,7,3,KCQA,"(7, 3, 0, 1)",5670,4,1618,"[{""A_start"": 0, ""service_lookup_id"": 219, ""transition_samples"": 180}, {""A_start"": 1, ""service_lookup_id"": 220, ""transition_samples"": 5490}]"
4,474,7,3,KCQA,"(7, 3, 0, 2)",4777,4,1271,"[{""A_start"": 1, ""service_lookup_id"": 220, ""transition_samples"": 93}, {""A_start"": 2, ""service_lookup_id"": 221, ""transition_samples"": 4684}]"
4,475,7,3,KCQA,"(7, 3, 0, 3)",4590,4,1265,"[{""A_start"": 2, ""service_lookup_id"": 221, ""transition_samples"": 4590}]"
4,476,7,3,KCQA,"(7, 3, 1, 0)",904,4,252,"[{""A_start"": 1, ""service_lookup_id"": 220, ""transition_samples"": 904}]"
4,477,7,3,KCQA,"(7, 3, 1, 1)",1411,4,506,"[{""A_start"": 1, ""service_lookup_id"": 220, ""transition_samples"": 68}, {""A_start"": 2, ""service_lookup_id"": 221, ""transition_samples"": 1343}]"
4,478,7,3,KCQA,"(7, 3, 1, 2)",1410,4,432,"[{""A_start"": 2, ""service_lookup_id"": 221, ""transition_samples"": 1410}]"
4,479,7,3,KCQA,"(7, 3, 1, 3)",5690,4,1647,"[{""A_start"": 2, ""service_lookup_id"": 221, ""transition_samples"": 5690}]"
4,480,7,3,KCQ,"(7, 3, 2)",6790,4,146,"[{""A_start"": 2, ""service_lookup_id"": 221, ""transition_samples"": 6790}]"
4,481,7,3,KCQA,"(7, 3, 2, 2)",442,4,128,"[{""A_start"": 2, ""service_lookup_id"": 221, ""transition_samples"": 442}]"
4,482,7,3,KCQA,"(7, 3, 2, 3)",6037,4,1751,"[{""A_start"": 2, ""service_lookup_id"": 221, ""transition_samples"": 6037}]"
4,483,7,3,KCQ,"(7, 3, 3)",6251,4,53,"[{""A_start"": 2, ""service_lookup_id"": 221, ""transition_samples"": 6251}]"
4,484,7,3,KCQA,"(7, 3, 3, 3)",6099,4,1712,"[{""A_start"": 2, ""service_lookup_id"": 221, ""transition_samples"": 6099}]"
4,485,7,3,KCQ,"(7, 3, 4)",204,4,67,"[{""A_start"": 2, ""service_lookup_id"": 221, ""transition_samples"": 204}]"
4,486,7,3,KCA,"(7, 3, 3)",30325,4,349,"[{""A_start"": 2, ""service_lookup_id"": 221, ""transition_samples"": 30325}]"
4,487,7,3,KCQA,"(7, 3, 15, 3)",218,4,43,"[{""A_start"": 2, ""service_lookup_id"": 221, ""transition_samples"": 218}]"
4,488,7,3,KCQA,"(7, 3, 16, 3)",265,4,45,"[{""A_start"": 2, ""service_lookup_id"": 221, ""transition_samples"": 265}]"
4,489,7,3,KCQA,"(7, 3, 17, 3)",296,4,38,"[{""A_start"": 2, ""service_lookup_id"": 221, ""transition_samples"": 296}]"
4,490,7,3,KCQA,"(7, 3, 18, 3)",342,4,37,"[{""A_start"": 2, ""service_lookup_id"": 221, ""transition_samples"": 342}]"
4,491,7,3,KCQA,"(7, 3, 19, 3)",383,4,27,"[{""A_start"": 2, ""service_lookup_id"": 221, ""transition_samples"": 383}]"
4,492,7,3,KCQA,"(7, 3, 20, 3)",409,4,23,"[{""A_start"": 2, ""service_lookup_id"": 221, ""transition_samples"": 409}]"
4,493,7,3,KCQA,"(7, 3, 21, 3)",422,4,19,"[{""A_start"": 2, ""service_lookup_id"": 221, ""transition_samples"": 422}]"
4,494,7,3,KCQA,"(7, 3, 22, 3)",398,4,22,"[{""A_start"": 2, ""service_lookup_id"": 221, ""transition_samples"": 398}]"
4,495,7,3,KCQA,"(7, 3, 23, 3)",342,4,20,"[{""A_start"": 2, ""service_lookup_id"": 221, ""transition_samples"": 342}]"
4,496,7,3,KCQA,"(7, 3, 24, 3)",311,4,18,"[{""A_start"": 2, ""service_lookup_id"": 221, ""transition_samples"": 311}]"
4,497,7,3,KCQA,"(7, 3, 25, 3)",286,4,21,"[{""A_start"": 2, ""service_lookup_id"": 221, ""transition_samples"": 286}]"
4,498,7,3,KCQA,"(7, 3, 26, 3)",282,4,21,"[{""A_start"": 2, ""service_lookup_id"": 221, ""transition_samples"": 282}]"
4,499,7,3,KCQA,"(7, 3, 27, 3)",290,4,20,"[{""A_start"": 2, ""service_lookup_id"": 221, ""transition_samples"": 290}]"
4,500,7,3,KCQA,"(7, 3, 28, 3)",300,4,18,"[{""A_start"": 2, ""service_lookup_id"": 221, ""transition_samples"": 300}]"
4,501,7,3,KCQA,"(7, 3, 29, 3)",294,4,20,"[{""A_start"": 2, ""service_lookup_id"": 221, ""transition_samples"": 294}]"
4,502,7,3,KCQA,"(7, 3, 30, 3)",265,4,17,"[{""A_start"": 2, ""service_lookup_id"": 221, ""transition_samples"": 265}]"
4,503,7,3,KCQA,"(7, 3, 31, 3)",235,4,20,"[{""A_start"": 2, ""service_lookup_id"": 221, ""transition_samples"": 235}]"
4,504,7,4,KCQA,"(7, 4, 0, 0)",5493,4,1432,"[{""A_start"": 0, ""service_lookup_id"": 222, ""transition_samples"": 5493}]"
4,505,7,4,KCQA,"(7, 4, 0, 1)",5290,4,1367,"[{""A_start"": 0, ""service_lookup_id"": 222, ""transition_samples"": 129}, {""A_start"": 1, ""service_lookup_id"": 223, ""transition_samples"": 5161}]"
4,506,7,4,KCQA,"(7, 4, 0, 2)",5370,4,1356,"[{""A_start"": 1, ""service_lookup_id"": 223, ""transition_samples"": 165}, {""A_start"": 2, ""service_lookup_id"": 224, ""transition_samples"": 5205}]"
4,507,7,4,KCQA,"(7, 4, 0, 3)",5681,4,1455,"[{""A_start"": 2, ""service_lookup_id"": 224, ""transition_samples"": 209}, {""A_start"": 3, ""service_lookup_id"": 225, ""transition_samples"": 5472}]"
4,508,7,4,KCQA,"(7, 4, 0, 4)",5405,4,1378,"[{""A_start"": 3, ""service_lookup_id"": 225, ""transition_samples"": 5405}]"
4,509,7,4,KCQA,"(7, 4, 1, 0)",1105,4,271,"[{""A_start"": 1, ""service_lookup_id"": 223, ""transition_samples"": 1105}]"
4,510,7,4,KCQA,"(7, 4, 1, 1)",1430,4,361,"[{""A_start"": 1, ""service_lookup_id"": 223, ""transition_samples"": 37}, {""A_start"": 2, ""service_lookup_id"": 224, ""transition_samples"": 1393}]"
4,511,7,4,KCQA,"(7, 4, 1, 2)",1533,4,362,"[{""A_start"": 1, ""service_lookup_id"": 223, ""transition_samples"": 3}, {""A_start"": 2, ""service_lookup_id"": 224, ""transition_samples"": 35}, {""A_start"": 3, ""service_lookup_id"": 225, ""transition_samples"": 1495}]"
4,512,7,4,KCQA,"(7, 4, 1, 3)",1546,4,393,"[{""A_start"": 2, ""service_lookup_id"": 224, ""transition_samples"": 22}, {""A_start"": 3, ""service_lookup_id"": 225, ""transition_samples"": 1524}]"
4,513,7,4,KCQA,"(7, 4, 1, 4)",6614,4,1681,"[{""A_start"": 3, ""service_lookup_id"": 225, ""transition_samples"": 6614}]"
4,514,7,4,KCQ,"(7, 4, 2)",7907,4,35,"[{""A_start"": 2, ""service_lookup_id"": 224, ""transition_samples"": 144}, {""A_start"": 3, ""service_lookup_id"": 225, ""transition_samples"": 7763}]"
4,515,7,4,KCQA,"(7, 4, 2, 1)",237,4,50,"[{""A_start"": 2, ""service_lookup_id"": 224, ""transition_samples"": 5}, {""A_start"": 3, ""service_lookup_id"": 225, ""transition_samples"": 232}]"
4,516,7,4,KCQA,"(7, 4, 2, 2)",245,4,47,"[{""A_start"": 2, ""service_lookup_id"": 224, ""transition_samples"": 1}, {""A_start"": 3, ""service_lookup_id"": 225, ""transition_samples"": 244}]"
4,517,7,4,KCQA,"(7, 4, 2, 3)",446,4,110,"[{""A_start"": 2, ""service_lookup_id"": 224, ""transition_samples"": 5}, {""A_start"": 3, ""service_lookup_id"": 225, ""transition_samples"": 441}]"
4,518,7,4,KCQA,"(7, 4, 2, 4)",6846,4,1732,"[{""A_start"": 3, ""service_lookup_id"": 225, ""transition_samples"": 6846}]"
4,519,7,4,KCQ,"(7, 4, 3)",320,4,82,"[{""A_start"": 3, ""service_lookup_id"": 225, ""transition_samples"": 320}]"
4,520,7,4,KCA,"(7, 4, 1)",6993,4,1,"[{""A_start"": 0, ""service_lookup_id"": 222, ""transition_samples"": 129}, {""A_start"": 1, ""service_lookup_id"": 223, ""transition_samples"": 5198}, {""A_start"": 2, ""service_lookup_id"": 224, ""transition_samples"": 1398}, {""A_start"": 3, ""service_lookup_id"": 225, ""transition_samples"": 268}]"
4,521,7,4,KCA,"(7, 4, 2)",7188,4,2,"[{""A_start"": 1, ""service_lookup_id"": 223, ""transition_samples"": 168}, {""A_start"": 2, ""service_lookup_id"": 224, ""transition_samples"": 5241}, {""A_start"": 3, ""service_lookup_id"": 225, ""transition_samples"": 1779}]"
4,522,7,4,KCA,"(7, 4, 4)",20835,4,410,"[{""A_start"": 3, ""service_lookup_id"": 225, ""transition_samples"": 20835}]"
4,523,7,5,KCQA,"(7, 5, 0, 0)",4346,4,1094,"[{""A_start"": 0, ""service_lookup_id"": 226, ""transition_samples"": 4346}]"
4,524,7,5,KCQA,"(7, 5, 0, 1)",5036,4,1266,"[{""A_start"": 0, ""service_lookup_id"": 226, ""transition_samples"": 208}, {""A_start"": 1, ""service_lookup_id"": 227, ""transition_samples"": 4828}]"
4,525,7,5,KCQA,"(7, 5, 0, 2)",5638,4,1397,"[{""A_start"": 1, ""service_lookup_id"": 227, ""transition_samples"": 232}, {""A_start"": 2, ""service_lookup_id"": 228, ""transition_samples"": 5406}]"
4,526,7,5,KCQA,"(7, 5, 0, 3)",4997,4,1278,"[{""A_start"": 2, ""service_lookup_id"": 228, ""transition_samples"": 118}, {""A_start"": 3, ""service_lookup_id"": 229, ""transition_samples"": 4879}]"
4,527,7,5,KCQA,"(7, 5, 0, 4)",5202,4,1283,"[{""A_start"": 3, ""service_lookup_id"": 229, ""transition_samples"": 86}, {""A_start"": 4, ""service_lookup_id"": 230, ""transition_samples"": 5116}]"
4,528,7,5,KCQA,"(7, 5, 0, 5)",5449,4,1380,"[{""A_start"": 4, ""service_lookup_id"": 230, ""transition_samples"": 5449}]"
4,529,7,5,KCQA,"(7, 5, 1, 0)",1028,4,250,"[{""A_start"": 1, ""service_lookup_id"": 227, ""transition_samples"": 1028}]"
4,530,7,5,KCQA,"(7, 5, 1, 1)",1430,4,371,"[{""A_start"": 1, ""service_lookup_id"": 227, ""transition_samples"": 68}, {""A_start"": 2, ""service_lookup_id"": 228, ""transition_samples"": 1362}]"
4,531,7,5,KCQA,"(7, 5, 1, 2)",1841,4,441,"[{""A_start"": 1, ""service_lookup_id"": 227, ""transition_samples"": 3}, {""A_start"": 2, ""service_lookup_id"": 228, ""transition_samples"": 107}, {""A_start"": 3, ""service_lookup_id"": 229, ""transition_samples"": 1731}]"
4,532,7,5,KCQA,"(7, 5, 1, 3)",1615,4,385,"[{""A_start"": 2, ""service_lookup_id"": 228, ""transition_samples"": 4}, {""A_start"": 3, ""service_lookup_id"": 229, ""transition_samples"": 91}, {""A_start"": 4, ""service_lookup_id"": 230, ""transition_samples"": 1520}]"
4,533,7,5,KCQA,"(7, 5, 1, 4)",1355,4,298,"[{""A_start"": 3, ""service_lookup_id"": 229, ""transition_samples"": 6}, {""A_start"": 4, ""service_lookup_id"": 230, ""transition_samples"": 1349}]"
4,534,7,5,KCQA,"(7, 5, 1, 5)",6679,4,1679,"[{""A_start"": 4, ""service_lookup_id"": 230, ""transition_samples"": 6679}]"
4,535,7,5,KCQ,"(7, 5, 2)",1910,4,31,"[{""A_start"": 2, ""service_lookup_id"": 228, ""transition_samples"": 176}, {""A_start"": 3, ""service_lookup_id"": 229, ""transition_samples"": 255}, {""A_start"": 4, ""service_lookup_id"": 230, ""transition_samples"": 1479}]"
4,536,7,5,KCQA,"(7, 5, 2, 1)",247,4,70,"[{""A_start"": 2, ""service_lookup_id"": 228, ""transition_samples"": 14}, {""A_start"": 3, ""service_lookup_id"": 229, ""transition_samples"": 233}]"
4,537,7,5,KCQA,"(7, 5, 2, 2)",260,4,67,"[{""A_start"": 2, ""service_lookup_id"": 228, ""transition_samples"": 1}, {""A_start"": 3, ""service_lookup_id"": 229, ""transition_samples"": 21}, {""A_start"": 4, ""service_lookup_id"": 230, ""transition_samples"": 238}]"
4,538,7,5,KCQA,"(7, 5, 2, 3)",216,4,55,"[{""A_start"": 3, ""service_lookup_id"": 229, ""transition_samples"": 1}, {""A_start"": 4, ""service_lookup_id"": 230, ""transition_samples"": 215}]"
4,539,7,5,KCQA,"(7, 5, 2, 4)",293,4,53,"[{""A_start"": 4, ""service_lookup_id"": 230, ""transition_samples"": 293}]"
4,540,7,5,KCQA,"(7, 5, 2, 5)",733,4,168,"[{""A_start"": 4, ""service_lookup_id"": 230, ""transition_samples"": 733}]"
4,541,7,5,KCQ,"(7, 5, 3)",308,4,30,"[{""A_start"": 3, ""service_lookup_id"": 229, ""transition_samples"": 20}, {""A_start"": 4, ""service_lookup_id"": 230, ""transition_samples"": 288}]"
4,542,7,5,KCQA,"(7, 5, 3, 5)",213,4,47,"[{""A_start"": 4, ""service_lookup_id"": 230, ""transition_samples"": 213}]"
4,543,7,5,KCA,"(7, 5, 5)",13081,4,4,"[{""A_start"": 4, ""service_lookup_id"": 230, ""transition_samples"": 13081}]"
4,544,7,6,KCQA,"(7, 6, 0, 0)",3577,4,994,"[{""A_start"": 0, ""service_lookup_id"": 231, ""transition_samples"": 3577}]"
4,545,7,6,KCQA,"(7, 6, 0, 1)",6318,4,1613,"[{""A_start"": 0, ""service_lookup_id"": 231, ""transition_samples"": 263}, {""A_start"": 1, ""service_lookup_id"": 232, ""transition_samples"": 6055}]"
4,546,7,6,KCQA,"(7, 6, 0, 2)",5269,4,1384,"[{""A_start"": 1, ""service_lookup_id"": 232, ""transition_samples"": 195}, {""A_start"": 2, ""service_lookup_id"": 233, ""transition_samples"": 5074}]"
4,547,7,6,KCQA,"(7, 6, 0, 3)",4886,4,1238,"[{""A_start"": 2, ""service_lookup_id"": 233, ""transition_samples"": 96}, {""A_start"": 3, ""service_lookup_id"": 234, ""transition_samples"": 4790}]"
4,548,7,6,KCQA,"(7, 6, 0, 4)",4818,4,1239,"[{""A_start"": 3, ""service_lookup_id"": 234, ""transition_samples"": 63}, {""A_start"": 4, ""service_lookup_id"": 235, ""transition_samples"": 4755}]"
4,549,7,6,KCQA,"(7, 6, 0, 5)",5005,4,1258,"[{""A_start"": 4, ""service_lookup_id"": 235, ""transition_samples"": 42}, {""A_start"": 5, ""service_lookup_id"": 236, ""transition_samples"": 4963}]"
4,550,7,6,KCQA,"(7, 6, 0, 6)",5537,4,1329,"[{""A_start"": 5, ""service_lookup_id"": 236, ""transition_samples"": 5537}]"
4,551,7,6,KCQA,"(7, 6, 1, 0)",940,4,213,"[{""A_start"": 1, ""service_lookup_id"": 232, ""transition_samples"": 940}]"
4,552,7,6,KCQA,"(7, 6, 1, 1)",1687,4,359,"[{""A_start"": 1, ""service_lookup_id"": 232, ""transition_samples"": 116}, {""A_start"": 2, ""service_lookup_id"": 233, ""transition_samples"": 1571}]"
4,553,7,6,KCQA,"(7, 6, 1, 2)",1733,4,403,"[{""A_start"": 1, ""service_lookup_id"": 232, ""transition_samples"": 1}, {""A_start"": 2, ""service_lookup_id"": 233, ""transition_samples"": 101}, {""A_start"": 3, ""service_lookup_id"": 234, ""transition_samples"": 1631}]"
4,554,7,6,KCQA,"(7, 6, 1, 3)",1624,4,392,"[{""A_start"": 3, ""service_lookup_id"": 234, ""transition_samples"": 61}, {""A_start"": 4, ""service_lookup_id"": 235, ""transition_samples"": 1563}]"
4,555,7,6,KCQA,"(7, 6, 1, 4)",1441,4,342,"[{""A_start"": 4, ""service_lookup_id"": 235, ""transition_samples"": 54}, {""A_start"": 5, ""service_lookup_id"": 236, ""transition_samples"": 1387}]"
4,556,7,6,KCQA,"(7, 6, 1, 5)",989,4,277,"[{""A_start"": 4, ""service_lookup_id"": 235, ""transition_samples"": 1}, {""A_start"": 5, ""service_lookup_id"": 236, ""transition_samples"": 988}]"
4,557,7,6,KCQA,"(7, 6, 1, 6)",426,4,88,"[{""A_start"": 5, ""service_lookup_id"": 236, ""transition_samples"": 426}]"
4,558,7,6,KCQ,"(7, 6, 2)",1182,4,71,"[{""A_start"": 2, ""service_lookup_id"": 233, ""transition_samples"": 163}, {""A_start"": 3, ""service_lookup_id"": 234, ""transition_samples"": 286}, {""A_start"": 4, ""service_lookup_id"": 235, ""transition_samples"": 314}, {""A_start"": 5, ""service_lookup_id"": 236, ""transition_samples"": 419}]"
4,559,7,6,KCQA,"(7, 6, 2, 1)",284,4,59,"[{""A_start"": 2, ""service_lookup_id"": 233, ""transition_samples"": 23}, {""A_start"": 3, ""service_lookup_id"": 234, ""transition_samples"": 261}]"
4,560,7,6,KCQA,"(7, 6, 2, 2)",316,4,67,"[{""A_start"": 2, ""service_lookup_id"": 233, ""transition_samples"": 1}, {""A_start"": 3, ""service_lookup_id"": 234, ""transition_samples"": 25}, {""A_start"": 4, ""service_lookup_id"": 235, ""transition_samples"": 290}]"
4,561,7,6,KCQA,"(7, 6, 2, 3)",275,4,65,"[{""A_start"": 4, ""service_lookup_id"": 235, ""transition_samples"": 23}, {""A_start"": 5, ""service_lookup_id"": 236, ""transition_samples"": 252}]"
4,562,7,6,KCA,"(7, 6, 0)",4680,4,3,"[{""A_start"": 0, ""service_lookup_id"": 231, ""transition_samples"": 3577}, {""A_start"": 1, ""service_lookup_id"": 232, ""transition_samples"": 940}, {""A_start"": 2, ""service_lookup_id"": 233, ""transition_samples"": 139}, {""A_start"": 3, ""service_lookup_id"": 234, ""transition_samples"": 19}, {""A_start"": 4, ""service_lookup_id"": 235, ""transition_samples"": 4}, {""A_start"": 5, ""service_lookup_id"": 236, ""transition_samples"": 1}]"
4,563,7,6,KCA,"(7, 6, 1)",8331,4,9,"[{""A_start"": 0, ""service_lookup_id"": 231, ""transition_samples"": 263}, {""A_start"": 1, ""service_lookup_id"": 232, ""transition_samples"": 6171}, {""A_start"": 2, ""service_lookup_id"": 233, ""transition_samples"": 1594}, {""A_start"": 3, ""service_lookup_id"": 234, ""transition_samples"": 265}, {""A_start"": 4, ""service_lookup_id"": 235, ""transition_samples"": 35}, {""A_start"": 5, ""service_lookup_id"": 236, ""transition_samples"": 3}]"
4,564,7,6,KCA,"(7, 6, 2)",7352,4,6,"[{""A_start"": 1, ""service_lookup_id"": 232, ""transition_samples"": 196}, {""A_start"": 2, ""service_lookup_id"": 233, ""transition_samples"": 5176}, {""A_start"": 3, ""service_lookup_id"": 234, ""transition_samples"": 1656}, {""A_start"": 4, ""service_lookup_id"": 235, ""transition_samples"": 295}, {""A_start"": 5, ""service_lookup_id"": 236, ""transition_samples"": 29}]"
4,565,7,6,KCA,"(7, 6, 3)",6815,4,3,"[{""A_start"": 2, ""service_lookup_id"": 233, ""transition_samples"": 96}, {""A_start"": 3, ""service_lookup_id"": 234, ""transition_samples"": 4851}, {""A_start"": 4, ""service_lookup_id"": 235, ""transition_samples"": 1586}, {""A_start"": 5, ""service_lookup_id"": 236, ""transition_samples"": 282}]"
4,566,7,6,KCA,"(7, 6, 4)",6397,4,1,"[{""A_start"": 3, ""service_lookup_id"": 234, ""transition_samples"": 63}, {""A_start"": 4, ""service_lookup_id"": 235, ""transition_samples"": 4810}, {""A_start"": 5, ""service_lookup_id"": 236, ""transition_samples"": 1524}]"
4,567,7,7,KCQA,"(7, 7, 0, 0)",2319,4,579,"[{""A_start"": 0, ""service_lookup_id"": 237, ""transition_samples"": 2319}]"
4,568,7,7,KCQA,"(7, 7, 0, 1)",3953,4,1004,"[{""A_start"": 0, ""service_lookup_id"": 237, ""transition_samples"": 359}, {""A_start"": 1, ""service_lookup_id"": 238, ""transition_samples"": 3594}]"
4,569,7,7,KCQA,"(7, 7, 0, 2)",5094,4,1293,"[{""A_start"": 1, ""service_lookup_id"": 238, ""transition_samples"": 686}, {""A_start"": 2, ""service_lookup_id"": 239, ""transition_samples"": 4408}]"
4,570,7,7,KCQA,"(7, 7, 0, 3)",5585,4,1447,"[{""A_start"": 2, ""service_lookup_id"": 239, ""transition_samples"": 751}, {""A_start"": 3, ""service_lookup_id"": 240, ""transition_samples"": 4834}]"
4,571,7,7,KCQA,"(7, 7, 0, 4)",5797,4,1431,"[{""A_start"": 3, ""service_lookup_id"": 240, ""transition_samples"": 628}, {""A_start"": 4, ""service_lookup_id"": 241, ""transition_samples"": 5169}]"
4,572,7,7,KCQA,"(7, 7, 0, 5)",5974,4,1523,"[{""A_start"": 4, ""service_lookup_id"": 241, ""transition_samples"": 584}, {""A_start"": 5, ""service_lookup_id"": 242, ""transition_samples"": 5390}]"
4,573,7,7,KCQA,"(7, 7, 0, 6)",6201,4,1552,"[{""A_start"": 5, ""service_lookup_id"": 242, ""transition_samples"": 422}, {""A_start"": 6, ""service_lookup_id"": 243, ""transition_samples"": 5779}]"
4,574,7,7,KCQA,"(7, 7, 0, 7)",869,4,228,"[{""A_start"": 6, ""service_lookup_id"": 243, ""transition_samples"": 869}]"
4,575,7,7,KCQA,"(7, 7, 1, 0)",559,4,147,"[{""A_start"": 1, ""service_lookup_id"": 238, ""transition_samples"": 559}]"
4,576,7,7,KCQA,"(7, 7, 1, 1)",1108,4,282,"[{""A_start"": 1, ""service_lookup_id"": 238, ""transition_samples"": 81}, {""A_start"": 2, ""service_lookup_id"": 239, ""transition_samples"": 1027}]"
4,577,7,7,KCQA,"(7, 7, 1, 2)",1515,4,372,"[{""A_start"": 1, ""service_lookup_id"": 238, ""transition_samples"": 7}, {""A_start"": 2, ""service_lookup_id"": 239, ""transition_samples"": 154}, {""A_start"": 3, ""service_lookup_id"": 240, ""transition_samples"": 1354}]"
4,578,7,7,KCQA,"(7, 7, 1, 3)",1644,4,446,"[{""A_start"": 2, ""service_lookup_id"": 239, ""transition_samples"": 18}, {""A_start"": 3, ""service_lookup_id"": 240, ""transition_samples"": 160}, {""A_start"": 4, ""service_lookup_id"": 241, ""transition_samples"": 1466}]"
4,579,7,7,KCQA,"(7, 7, 1, 4)",1637,4,385,"[{""A_start"": 3, ""service_lookup_id"": 240, ""transition_samples"": 15}, {""A_start"": 4, ""service_lookup_id"": 241, ""transition_samples"": 120}, {""A_start"": 5, ""service_lookup_id"": 242, ""transition_samples"": 1502}]"
4,580,7,7,KCQA,"(7, 7, 1, 5)",1252,4,293,"[{""A_start"": 4, ""service_lookup_id"": 241, ""transition_samples"": 22}, {""A_start"": 5, ""service_lookup_id"": 242, ""transition_samples"": 115}, {""A_start"": 6, ""service_lookup_id"": 243, ""transition_samples"": 1115}]"
4,581,7,7,KCQ,"(7, 7, 1)",8216,4,31,"[{""A_start"": 1, ""service_lookup_id"": 238, ""transition_samples"": 647}, {""A_start"": 2, ""service_lookup_id"": 239, ""transition_samples"": 1199}, {""A_start"": 3, ""service_lookup_id"": 240, ""transition_samples"": 1529}, {""A_start"": 4, ""service_lookup_id"": 241, ""transition_samples"": 1608}, {""A_start"": 5, ""service_lookup_id"": 242, ""transition_samples"": 1641}, {""A_start"": 6, ""service_lookup_id"": 243, ""transition_samples"": 1592}]"
4,582,7,7,KCQA,"(7, 7, 1, 7)",359,4,87,"[{""A_start"": 6, ""service_lookup_id"": 243, ""transition_samples"": 359}]"
4,583,7,7,KCQ,"(7, 7, 2)",1304,4,63,"[{""A_start"": 2, ""service_lookup_id"": 239, ""transition_samples"": 105}, {""A_start"": 3, ""service_lookup_id"": 240, ""transition_samples"": 231}, {""A_start"": 4, ""service_lookup_id"": 241, ""transition_samples"": 299}, {""A_start"": 5, ""service_lookup_id"": 242, ""transition_samples"": 306}, {""A_start"": 6, ""service_lookup_id"": 243, ""transition_samples"": 363}]"
4,584,7,7,KCQA,"(7, 7, 2, 1)",208,4,45,"[{""A_start"": 2, ""service_lookup_id"": 239, ""transition_samples"": 8}, {""A_start"": 3, ""service_lookup_id"": 240, ""transition_samples"": 200}]"
4,585,7,7,KCQA,"(7, 7, 2, 2)",295,4,57,"[{""A_start"": 2, ""service_lookup_id"": 239, ""transition_samples"": 2}, {""A_start"": 3, ""service_lookup_id"": 240, ""transition_samples"": 26}, {""A_start"": 4, ""service_lookup_id"": 241, ""transition_samples"": 267}]"
4,586,7,7,KCQA,"(7, 7, 2, 3)",312,4,85,"[{""A_start"": 3, ""service_lookup_id"": 240, ""transition_samples"": 5}, {""A_start"": 4, ""service_lookup_id"": 241, ""transition_samples"": 26}, {""A_start"": 5, ""service_lookup_id"": 242, ""transition_samples"": 281}]"
4,587,7,7,KCQA,"(7, 7, 2, 4)",219,4,56,"[{""A_start"": 4, ""service_lookup_id"": 241, ""transition_samples"": 4}, {""A_start"": 5, ""service_lookup_id"": 242, ""transition_samples"": 17}, {""A_start"": 6, ""service_lookup_id"": 243, ""transition_samples"": 198}]"
4,588,7,7,KCA,"(7, 7, 1)",5296,4,7,"[{""A_start"": 0, ""service_lookup_id"": 237, ""transition_samples"": 359}, {""A_start"": 1, ""service_lookup_id"": 238, ""transition_samples"": 3675}, {""A_start"": 2, ""service_lookup_id"": 239, ""transition_samples"": 1035}, {""A_start"": 3, ""service_lookup_id"": 240, ""transition_samples"": 200}, {""A_start"": 4, ""service_lookup_id"": 241, ""transition_samples"": 21}, {""A_start"": 5, ""service_lookup_id"": 242, ""transition_samples"": 6}]"
4,589,7,7,KCA,"(7, 7, 2)",6939,4,7,"[{""A_start"": 1, ""service_lookup_id"": 238, ""transition_samples"": 693}, {""A_start"": 2, ""service_lookup_id"": 239, ""transition_samples"": 4564}, {""A_start"": 3, ""service_lookup_id"": 240, ""transition_samples"": 1380}, {""A_start"": 4, ""service_lookup_id"": 241, ""transition_samples"": 270}, {""A_start"": 5, ""service_lookup_id"": 242, ""transition_samples"": 32}]"
4,590,7,7,KCA,"(7, 7, 3)",7582,4,3,"[{""A_start"": 2, ""service_lookup_id"": 239, ""transition_samples"": 769}, {""A_start"": 3, ""service_lookup_id"": 240, ""transition_samples"": 4999}, {""A_start"": 4, ""service_lookup_id"": 241, ""transition_samples"": 1492}, {""A_start"": 5, ""service_lookup_id"": 242, ""transition_samples"": 284}, {""A_start"": 6, ""service_lookup_id"": 243, ""transition_samples"": 38}]"
4,591,7,7,KCA,"(7, 7, 6)",6357,4,1,"[{""A_start"": 5, ""service_lookup_id"": 242, ""transition_samples"": 447}, {""A_start"": 6, ""service_lookup_id"": 243, ""transition_samples"": 5910}]"
4,592,7,7,KCA,"(7, 7, 7)",1454,4,29,"[{""A_start"": 6, ""service_lookup_id"": 243, ""transition_samples"": 1454}]"
4,593,7,8,KCQA,"(7, 8, 0, 0)",2379,4,621,"[{""A_start"": 0, ""service_lookup_id"": 244, ""transition_samples"": 2379}]"
4,594,7,8,KCQA,"(7, 8, 0, 1)",4251,4,1052,"[{""A_start"": 0, ""service_lookup_id"": 244, ""transition_samples"": 341}, {""A_start"": 1, ""service_lookup_id"": 245, ""transition_samples"": 3910}]"
4,595,7,8,KCQA,"(7, 8, 0, 2)",5214,4,1335,"[{""A_start"": 1, ""service_lookup_id"": 245, ""transition_samples"": 626}, {""A_start"": 2, ""service_lookup_id"": 246, ""transition_samples"": 4588}]"
4,596,7,8,KCQA,"(7, 8, 0, 3)",5539,4,1431,"[{""A_start"": 2, ""service_lookup_id"": 246, ""transition_samples"": 692}, {""A_start"": 3, ""service_lookup_id"": 247, ""transition_samples"": 4847}]"
4,597,7,8,KCQA,"(7, 8, 0, 4)",5628,4,1449,"[{""A_start"": 3, ""service_lookup_id"": 247, ""transition_samples"": 576}, {""A_start"": 4, ""service_lookup_id"": 248, ""transition_samples"": 5052}]"
4,598,7,8,KCQA,"(7, 8, 0, 5)",5649,4,1434,"[{""A_start"": 4, ""service_lookup_id"": 248, ""transition_samples"": 525}, {""A_start"": 5, ""service_lookup_id"": 249, ""transition_samples"": 5124}]"
4,599,7,8,KCQA,"(7, 8, 0, 6)",5971,4,1486,"[{""A_start"": 5, ""service_lookup_id"": 249, ""transition_samples"": 356}, {""A_start"": 6, ""service_lookup_id"": 250, ""transition_samples"": 5615}]"
4,600,7,8,KCQA,"(7, 8, 0, 7)",778,4,185,"[{""A_start"": 6, ""service_lookup_id"": 250, ""transition_samples"": 238}, {""A_start"": 7, ""service_lookup_id"": 251, ""transition_samples"": 540}]"
4,601,7,8,KCQA,"(7, 8, 0, 8)",253,4,83,"[{""A_start"": 7, ""service_lookup_id"": 251, ""transition_samples"": 253}]"
4,602,7,8,KCQA,"(7, 8, 1, 0)",493,4,115,"[{""A_start"": 1, ""service_lookup_id"": 245, ""transition_samples"": 493}]"
4,603,7,8,KCQA,"(7, 8, 1, 1)",1135,4,264,"[{""A_start"": 1, ""service_lookup_id"": 245, ""transition_samples"": 85}, {""A_start"": 2, ""service_lookup_id"": 246, ""transition_samples"": 1050}]"
4,604,7,8,KCQA,"(7, 8, 1, 2)",1546,4,379,"[{""A_start"": 1, ""service_lookup_id"": 245, ""transition_samples"": 9}, {""A_start"": 2, ""service_lookup_id"": 246, ""transition_samples"": 141}, {""A_start"": 3, ""service_lookup_id"": 247, ""transition_samples"": 1396}]"
4,605,7,8,KCQA,"(7, 8, 1, 3)",1717,4,426,"[{""A_start"": 2, ""service_lookup_id"": 246, ""transition_samples"": 18}, {""A_start"": 3, ""service_lookup_id"": 247, ""transition_samples"": 141}, {""A_start"": 4, ""service_lookup_id"": 248, ""transition_samples"": 1558}]"
4,606,7,8,KCQA,"(7, 8, 1, 4)",1753,4,415,"[{""A_start"": 3, ""service_lookup_id"": 247, ""transition_samples"": 14}, {""A_start"": 4, ""service_lookup_id"": 248, ""transition_samples"": 131}, {""A_start"": 5, ""service_lookup_id"": 249, ""transition_samples"": 1608}]"
4,607,7,8,KCQA,"(7, 8, 1, 5)",1268,4,293,"[{""A_start"": 4, ""service_lookup_id"": 248, ""transition_samples"": 21}, {""A_start"": 5, ""service_lookup_id"": 249, ""transition_samples"": 97}, {""A_start"": 6, ""service_lookup_id"": 250, ""transition_samples"": 1150}]"
4,608,7,8,KCQ,"(7, 8, 1)",8279,4,80,"[{""A_start"": 1, ""service_lookup_id"": 245, ""transition_samples"": 587}, {""A_start"": 2, ""service_lookup_id"": 246, ""transition_samples"": 1209}, {""A_start"": 3, ""service_lookup_id"": 247, ""transition_samples"": 1551}, {""A_start"": 4, ""service_lookup_id"": 248, ""transition_samples"": 1710}, {""A_start"": 5, ""service_lookup_id"": 249, ""transition_samples"": 1722}, {""A_start"": 6, ""service_lookup_id"": 250, ""transition_samples"": 1237}, {""A_start"": 7, ""service_lookup_id"": 251, ""transition_samples"": 263}]"
4,609,7,8,KCQ,"(7, 8, 2)",1239,4,94,"[{""A_start"": 2, ""service_lookup_id"": 246, ""transition_samples"": 86}, {""A_start"": 3, ""service_lookup_id"": 247, ""transition_samples"": 209}, {""A_start"": 4, ""service_lookup_id"": 248, ""transition_samples"": 300}, {""A_start"": 5, ""service_lookup_id"": 249, ""transition_samples"": 326}, {""A_start"": 6, ""service_lookup_id"": 250, ""transition_samples"": 257}, {""A_start"": 7, ""service_lookup_id"": 251, ""transition_samples"": 61}]"
4,610,7,8,KCQA,"(7, 8, 2, 2)",299,4,62,"[{""A_start"": 2, ""service_lookup_id"": 246, ""transition_samples"": 1}, {""A_start"": 3, ""service_lookup_id"": 247, ""transition_samples"": 19}, {""A_start"": 4, ""service_lookup_id"": 248, ""transition_samples"": 279}]"
4,611,7,8,KCQA,"(7, 8, 2, 3)",330,4,81,"[{""A_start"": 3, ""service_lookup_id"": 247, ""transition_samples"": 4}, {""A_start"": 4, ""service_lookup_id"": 248, ""transition_samples"": 16}, {""A_start"": 5, ""service_lookup_id"": 249, ""transition_samples"": 310}]"
4,612,7,8,KCQA,"(7, 8, 2, 4)",262,4,67,"[{""A_start"": 4, ""service_lookup_id"": 248, ""transition_samples"": 4}, {""A_start"": 5, ""service_lookup_id"": 249, ""transition_samples"": 15}, {""A_start"": 6, ""service_lookup_id"": 250, ""transition_samples"": 243}]"
4,613,7,8,KCA,"(7, 8, 0)",2952,4,1,"[{""A_start"": 0, ""service_lookup_id"": 244, ""transition_samples"": 2379}, {""A_start"": 1, ""service_lookup_id"": 245, ""transition_samples"": 493}, {""A_start"": 2, ""service_lookup_id"": 246, ""transition_samples"": 72}, {""A_start"": 3, ""service_lookup_id"": 247, ""transition_samples"": 8}]"
4,614,7,8,KCA,"(7, 8, 1)",5618,4,9,"[{""A_start"": 0, ""service_lookup_id"": 244, ""transition_samples"": 341}, {""A_start"": 1, ""service_lookup_id"": 245, ""transition_samples"": 3995}, {""A_start"": 2, ""service_lookup_id"": 246, ""transition_samples"": 1063}, {""A_start"": 3, ""service_lookup_id"": 247, ""transition_samples"": 186}, {""A_start"": 4, ""service_lookup_id"": 248, ""transition_samples"": 29}, {""A_start"": 5, ""service_lookup_id"": 249, ""transition_samples"": 4}]"
4,615,7,8,KCA,"(7, 8, 2)",7107,4,14,"[{""A_start"": 1, ""service_lookup_id"": 245, ""transition_samples"": 635}, {""A_start"": 2, ""service_lookup_id"": 246, ""transition_samples"": 4730}, {""A_start"": 3, ""service_lookup_id"": 247, ""transition_samples"": 1415}, {""A_start"": 4, ""service_lookup_id"": 248, ""transition_samples"": 281}, {""A_start"": 5, ""service_lookup_id"": 249, ""transition_samples"": 46}]"
4,616,7,8,KCA,"(7, 8, 3)",7622,4,9,"[{""A_start"": 2, ""service_lookup_id"": 246, ""transition_samples"": 710}, {""A_start"": 3, ""service_lookup_id"": 247, ""transition_samples"": 4992}, {""A_start"": 4, ""service_lookup_id"": 248, ""transition_samples"": 1574}, {""A_start"": 5, ""service_lookup_id"": 249, ""transition_samples"": 311}, {""A_start"": 6, ""service_lookup_id"": 250, ""transition_samples"": 35}]"
4,617,7,8,KCA,"(7, 8, 8)",467,4,9,"[{""A_start"": 7, ""service_lookup_id"": 251, ""transition_samples"": 467}]"
5,0,1,1,KCQA,"(1, 1, 0, 0)",7186,4,1797,"[{""A_start"": 0, ""service_lookup_id"": 0, ""transition_samples"": 7186}]"
5,1,1,1,KCQ,"(1, 1, 0)",7191,4,2,"[{""A_start"": 0, ""service_lookup_id"": 0, ""transition_samples"": 7191}]"
5,2,1,2,KCQA,"(1, 2, 0, 0)",7185,4,1797,"[{""A_start"": 0, ""service_lookup_id"": 1, ""transition_samples"": 7185}]"
5,3,1,2,KCQ,"(1, 2, 0)",7191,4,1,"[{""A_start"": 0, ""service_lookup_id"": 1, ""transition_samples"": 7185}, {""A_start"": 1, ""service_lookup_id"": 2, ""transition_samples"": 6}]"
5,4,1,3,KCQA,"(1, 3, 0, 0)",7187,4,1796,"[{""A_start"": 0, ""service_lookup_id"": 3, ""transition_samples"": 7187}]"
5,5,1,3,KCQ,"(1, 3, 0)",7194,4,2,"[{""A_start"": 0, ""service_lookup_id"": 3, ""transition_samples"": 7187}, {""A_start"": 1, ""service_lookup_id"": 4, ""transition_samples"": 4}, {""A_start"": 2, ""service_lookup_id"": 5, ""transition_samples"": 3}]"
5,6,1,4,KCQA,"(1, 4, 0, 0)",7188,4,1796,"[{""A_start"": 0, ""service_lookup_id"": 6, ""transition_samples"": 7188}]"
5,7,1,4,KCQ,"(1, 4, 0)",7194,4,2,"[{""A_start"": 0, ""service_lookup_id"": 6, ""transition_samples"": 7188}, {""A_start"": 1, ""service_lookup_id"": 7, ""transition_samples"": 4}, {""A_start"": 2, ""service_lookup_id"": 8, ""transition_samples"": 2}]"
5,8,1,5,KCQA,"(1, 5, 0, 0)",7185,4,1794,"[{""A_start"": 0, ""service_lookup_id"": 10, ""transition_samples"": 7185}]"
5,9,1,5,KCQ,"(1, 5, 0)",7193,4,1,"[{""A_start"": 0, ""service_lookup_id"": 10, ""transition_samples"": 7185}, {""A_start"": 1, ""service_lookup_id"": 11, ""transition_samples"": 4}, {""A_start"": 2, ""service_lookup_id"": 12, ""transition_samples"": 3}, {""A_start"": 3, ""service_lookup_id"": 13, ""transition_samples"": 1}]"
5,10,1,6,KCQA,"(1, 6, 0, 0)",7176,4,1794,"[{""A_start"": 0, ""service_lookup_id"": 15, ""transition_samples"": 7176}]"
5,11,1,6,KCQ,"(1, 6, 0)",7184,4,1,"[{""A_start"": 0, ""service_lookup_id"": 15, ""transition_samples"": 7176}, {""A_start"": 2, ""service_lookup_id"": 17, ""transition_samples"": 2}, {""A_start"": 3, ""service_lookup_id"": 18, ""transition_samples"": 4}, {""A_start"": 4, ""service_lookup_id"": 19, ""transition_samples"": 1}, {""A_start"": 5, ""service_lookup_id"": 20, ""transition_samples"": 1}]"
5,12,1,7,KCQA,"(1, 7, 0, 0)",7176,4,1794,"[{""A_start"": 0, ""service_lookup_id"": 21, ""transition_samples"": 7176}]"
5,13,1,7,KCQ,"(1, 7, 0)",7182,4,2,"[{""A_start"": 0, ""service_lookup_id"": 21, ""transition_samples"": 7176}, {""A_start"": 2, ""service_lookup_id"": 23, ""transition_samples"": 1}, {""A_start"": 3, ""service_lookup_id"": 24, ""transition_samples"": 3}, {""A_start"": 4, ""service_lookup_id"": 25, ""transition_samples"": 1}, {""A_start"": 5, ""service_lookup_id"": 26, ""transition_samples"": 1}]"
5,14,1,8,KCQA,"(1, 8, 0, 0)",7177,4,1794,"[{""A_start"": 0, ""service_lookup_id"": 28, ""transition_samples"": 7177}]"
5,15,1,8,KCQ,"(1, 8, 0)",7185,4,1,"[{""A_start"": 0, ""service_lookup_id"": 28, ""transition_samples"": 7177}, {""A_start"": 2, ""service_lookup_id"": 30, ""transition_samples"": 1}, {""A_start"": 3, ""service_lookup_id"": 31, ""transition_samples"": 5}, {""A_start"": 4, ""service_lookup_id"": 32, ""transition_samples"": 1}, {""A_start"": 5, ""service_lookup_id"": 33, ""transition_samples"": 1}]"
5,16,2,1,KCQA,"(2, 1, 0, 0)",7175,4,1793,"[{""A_start"": 0, ""service_lookup_id"": 36, ""transition_samples"": 7175}]"
5,17,2,1,KCQA,"(2, 1, 0, 1)",5147,4,1437,"[{""A_start"": 0, ""service_lookup_id"": 36, ""transition_samples"": 5147}]"
5,18,2,1,KCQA,"(2, 1, 1, 0)",2028,4,356,"[{""A_start"": 0, ""service_lookup_id"": 36, ""transition_samples"": 2028}]"
5,19,2,1,KCA,"(2, 1, 1)",5165,4,4,"[{""A_start"": 0, ""service_lookup_id"": 36, ""transition_samples"": 5165}]"
5,20,2,2,KCQA,"(2, 2, 0, 0)",7176,4,1795,"[{""A_start"": 0, ""service_lookup_id"": 37, ""transition_samples"": 7176}]"
5,21,2,2,KCQA,"(2, 2, 0, 1)",5820,4,1481,"[{""A_start"": 1, ""service_lookup_id"": 38, ""transition_samples"": 5820}]"
5,22,2,2,KCQ,"(2, 2, 0)",12998,4,1,"[{""A_start"": 0, ""service_lookup_id"": 37, ""transition_samples"": 7176}, {""A_start"": 1, ""service_lookup_id"": 38, ""transition_samples"": 5822}]"
5,23,2,2,KCQA,"(2, 2, 1, 0)",1357,4,314,"[{""A_start"": 1, ""service_lookup_id"": 38, ""transition_samples"": 1357}]"
5,24,2,2,KC,"(2, 2)",14364,4,1,"[{""A_start"": 0, ""service_lookup_id"": 37, ""transition_samples"": 7176}, {""A_start"": 1, ""service_lookup_id"": 38, ""transition_samples"": 7188}]"
5,25,2,3,KCQA,"(2, 3, 0, 0)",7180,4,1794,"[{""A_start"": 0, ""service_lookup_id"": 39, ""transition_samples"": 7180}]"
5,26,2,3,KCQA,"(2, 3, 0, 1)",5243,4,1431,"[{""A_start"": 1, ""service_lookup_id"": 40, ""transition_samples"": 5243}]"
5,27,2,3,KCQA,"(2, 3, 1, 0)",1938,4,363,"[{""A_start"": 1, ""service_lookup_id"": 40, ""transition_samples"": 1938}]"
5,28,2,4,KCQA,"(2, 4, 0, 0)",7181,4,1796,"[{""A_start"": 0, ""service_lookup_id"": 42, ""transition_samples"": 7181}]"
5,29,2,4,KCQA,"(2, 4, 0, 1)",5274,4,1477,"[{""A_start"": 1, ""service_lookup_id"": 43, ""transition_samples"": 5274}]"
5,30,2,4,KCQA,"(2, 4, 1, 0)",1902,4,318,"[{""A_start"": 1, ""service_lookup_id"": 43, ""transition_samples"": 1902}]"
5,31,2,4,KCQ,"(2, 4, 1)",1903,4,1,"[{""A_start"": 1, ""service_lookup_id"": 43, ""transition_samples"": 1902}, {""A_start"": 3, ""service_lookup_id"": 45, ""transition_samples"": 1}]"
5,32,2,5,KCQA,"(2, 5, 0, 0)",7173,4,1793,"[{""A_start"": 0, ""service_lookup_id"": 46, ""transition_samples"": 7173}]"
5,33,2,5,KCQA,"(2, 5, 0, 1)",5565,4,1355,"[{""A_start"": 1, ""service_lookup_id"": 47, ""transition_samples"": 5565}]"
5,34,2,5,KCQA,"(2, 5, 1, 0)",1609,4,439,"[{""A_start"": 1, ""service_lookup_id"": 47, ""transition_samples"": 1609}]"
5,35,2,6,KCQA,"(2, 6, 0, 0)",7157,4,1791,"[{""A_start"": 0, ""service_lookup_id"": 51, ""transition_samples"": 7157}]"
5,36,2,6,KCQA,"(2, 6, 0, 1)",5956,4,1528,"[{""A_start"": 1, ""service_lookup_id"": 52, ""transition_samples"": 5956}]"
5,37,2,6,KCQA,"(2, 6, 1, 0)",1202,4,263,"[{""A_start"": 1, ""service_lookup_id"": 52, ""transition_samples"": 1202}]"
5,38,2,7,KCQA,"(2, 7, 0, 0)",7157,4,1790,"[{""A_start"": 0, ""service_lookup_id"": 57, ""transition_samples"": 7157}]"
5,39,2,7,KCQA,"(2, 7, 0, 1)",6329,4,1478,"[{""A_start"": 1, ""service_lookup_id"": 58, ""transition_samples"": 6329}]"
5,40,2,7,KCQA,"(2, 7, 1, 0)",829,4,312,"[{""A_start"": 1, ""service_lookup_id"": 58, ""transition_samples"": 829}]"
5,41,2,8,KCQA,"(2, 8, 0, 0)",7156,4,1790,"[{""A_start"": 0, ""service_lookup_id"": 64, ""transition_samples"": 7156}]"
5,42,2,8,KCQA,"(2, 8, 0, 1)",5991,4,1413,"[{""A_start"": 0, ""service_lookup_id"": 64, ""transition_samples"": 1}, {""A_start"": 1, ""service_lookup_id"": 65, ""transition_samples"": 5990}]"
5,43,2,8,KCQA,"(2, 8, 1, 0)",1168,4,378,"[{""A_start"": 1, ""service_lookup_id"": 65, ""transition_samples"": 1168}]"
5,44,3,1,KCQA,"(3, 1, 0, 0)",7152,4,1790,"[{""A_start"": 0, ""service_lookup_id"": 72, ""transition_samples"": 7152}]"
5,45,3,1,KCQA,"(3, 1, 0, 1)",7475,4,1760,"[{""A_start"": 0, ""service_lookup_id"": 72, ""transition_samples"": 7475}]"
5,46,3,1,KCQA,"(3, 1, 1, 0)",237,4,29,"[{""A_start"": 0, ""service_lookup_id"": 72, ""transition_samples"": 237}]"
5,47,3,1,KCQA,"(3, 1, 1, 1)",6563,4,1786,"[{""A_start"": 0, ""service_lookup_id"": 72, ""transition_samples"": 6563}]"
5,48,3,1,KCA,"(3, 1, 0)",7419,4,2,"[{""A_start"": 0, ""service_lookup_id"": 72, ""transition_samples"": 7419}]"
5,49,3,1,KCA,"(3, 1, 1)",14102,4,12,"[{""A_start"": 0, ""service_lookup_id"": 72, ""transition_samples"": 14102}]"
5,50,3,2,KCQA,"(3, 2, 0, 0)",7165,4,1791,"[{""A_start"": 0, ""service_lookup_id"": 73, ""transition_samples"": 7165}]"
5,51,3,2,KCQA,"(3, 2, 0, 1)",6935,4,1755,"[{""A_start"": 1, ""service_lookup_id"": 74, ""transition_samples"": 6935}]"
5,52,3,2,KCQA,"(3, 2, 0, 2)",5403,4,1239,"[{""A_start"": 1, ""service_lookup_id"": 74, ""transition_samples"": 5403}]"
5,53,3,2,KCQA,"(3, 2, 1, 0)",229,4,36,"[{""A_start"": 1, ""service_lookup_id"": 74, ""transition_samples"": 229}]"
5,54,3,2,KCQA,"(3, 2, 1, 1)",1750,4,554,"[{""A_start"": 1, ""service_lookup_id"": 74, ""transition_samples"": 1750}]"
5,55,3,2,KCA,"(3, 2, 0)",7405,4,1,"[{""A_start"": 0, ""service_lookup_id"": 73, ""transition_samples"": 7165}, {""A_start"": 1, ""service_lookup_id"": 74, ""transition_samples"": 240}]"
5,56,3,2,KCA,"(3, 2, 2)",5441,4,9,"[{""A_start"": 1, ""service_lookup_id"": 74, ""transition_samples"": 5441}]"
5,57,3,3,KCQA,"(3, 3, 0, 0)",7160,4,1790,"[{""A_start"": 0, ""service_lookup_id"": 75, ""transition_samples"": 7160}]"
5,58,3,3,KCQA,"(3, 3, 0, 1)",6914,4,1750,"[{""A_start"": 1, ""service_lookup_id"": 76, ""transition_samples"": 6914}]"
5,59,3,3,KCQA,"(3, 3, 0, 2)",5764,4,1607,"[{""A_start"": 2, ""service_lookup_id"": 77, ""transition_samples"": 5764}]"
5,60,3,3,KCQ,"(3, 3, 0)",19839,4,1,"[{""A_start"": 0, ""service_lookup_id"": 75, ""transition_samples"": 7160}, {""A_start"": 1, ""service_lookup_id"": 76, ""transition_samples"": 6914}, {""A_start"": 2, ""service_lookup_id"": 77, ""transition_samples"": 5765}]"
5,61,3,3,KCQA,"(3, 3, 1, 0)",248,4,40,"[{""A_start"": 1, ""service_lookup_id"": 76, ""transition_samples"": 248}]"
5,62,3,3,KCQA,"(3, 3, 1, 1)",1393,4,183,"[{""A_start"": 2, ""service_lookup_id"": 77, ""transition_samples"": 1393}]"
5,63,3,3,KCQ,"(3, 3, 1)",1643,4,1,"[{""A_start"": 1, ""service_lookup_id"": 76, ""transition_samples"": 248}, {""A_start"": 2, ""service_lookup_id"": 77, ""transition_samples"": 1395}]"
5,64,3,3,KC,"(3, 3)",21514,4,7,"[{""A_start"": 0, ""service_lookup_id"": 75, ""transition_samples"": 7160}, {""A_start"": 1, ""service_lookup_id"": 76, ""transition_samples"": 7162}, {""A_start"": 2, ""service_lookup_id"": 77, ""transition_samples"": 7192}]"
5,65,3,4,KCQA,"(3, 4, 0, 0)",7162,4,1791,"[{""A_start"": 0, ""service_lookup_id"": 78, ""transition_samples"": 7162}]"
5,66,3,4,KCQA,"(3, 4, 0, 1)",6715,4,1702,"[{""A_start"": 1, ""service_lookup_id"": 79, ""transition_samples"": 6715}]"
5,67,3,4,KCQA,"(3, 4, 0, 2)",5005,4,1405,"[{""A_start"": 2, ""service_lookup_id"": 80, ""transition_samples"": 5005}]"
5,68,3,4,KCQ,"(3, 4, 0)",18889,4,1,"[{""A_start"": 0, ""service_lookup_id"": 78, ""transition_samples"": 7162}, {""A_start"": 1, ""service_lookup_id"": 79, ""transition_samples"": 6715}, {""A_start"": 2, ""service_lookup_id"": 80, ""transition_samples"": 5005}, {""A_start"": 3, ""service_lookup_id"": 81, ""transition_samples"": 7}]"
5,69,3,4,KCQA,"(3, 4, 1, 0)",446,4,90,"[{""A_start"": 1, ""service_lookup_id"": 79, ""transition_samples"": 446}]"
5,70,3,4,KCQA,"(3, 4, 1, 1)",2140,4,384,"[{""A_start"": 2, ""service_lookup_id"": 80, ""transition_samples"": 2140}]"
5,71,3,4,KCQ,"(3, 4, 1)",2588,4,1,"[{""A_start"": 1, ""service_lookup_id"": 79, ""transition_samples"": 446}, {""A_start"": 2, ""service_lookup_id"": 80, ""transition_samples"": 2140}, {""A_start"": 3, ""service_lookup_id"": 81, ""transition_samples"": 2}]"
5,72,3,4,KCA,"(3, 4, 0)",7624,4,1,"[{""A_start"": 0, ""service_lookup_id"": 78, ""transition_samples"": 7162}, {""A_start"": 1, ""service_lookup_id"": 79, ""transition_samples"": 446}, {""A_start"": 2, ""service_lookup_id"": 80, ""transition_samples"": 16}]"
5,73,3,4,KC,"(3, 4)",21508,4,3,"[{""A_start"": 0, ""service_lookup_id"": 78, ""transition_samples"": 7162}, {""A_start"": 1, ""service_lookup_id"": 79, ""transition_samples"": 7161}, {""A_start"": 2, ""service_lookup_id"": 80, ""transition_samples"": 7161}, {""A_start"": 3, ""service_lookup_id"": 81, ""transition_samples"": 24}]"
5,74,3,5,KCQA,"(3, 5, 0, 0)",7159,4,1790,"[{""A_start"": 0, ""service_lookup_id"": 82, ""transition_samples"": 7159}]"
5,75,3,5,KCQA,"(3, 5, 0, 1)",6775,4,1673,"[{""A_start"": 1, ""service_lookup_id"": 83, ""transition_samples"": 6775}]"
5,76,3,5,KCQA,"(3, 5, 0, 2)",5662,4,1334,"[{""A_start"": 2, ""service_lookup_id"": 84, ""transition_samples"": 5662}]"
5,77,3,5,KCQ,"(3, 5, 0)",19601,4,1,"[{""A_start"": 0, ""service_lookup_id"": 82, ""transition_samples"": 7159}, {""A_start"": 1, ""service_lookup_id"": 83, ""transition_samples"": 6775}, {""A_start"": 2, ""service_lookup_id"": 84, ""transition_samples"": 5662}, {""A_start"": 3, ""service_lookup_id"": 85, ""transition_samples"": 2}, {""A_start"": 4, ""service_lookup_id"": 86, ""transition_samples"": 3}]"
5,78,3,5,KCQA,"(3, 5, 1, 0)",384,4,117,"[{""A_start"": 1, ""service_lookup_id"": 83, ""transition_samples"": 384}]"
5,79,3,5,KCQA,"(3, 5, 1, 1)",1480,4,452,"[{""A_start"": 2, ""service_lookup_id"": 84, ""transition_samples"": 1480}]"
5,80,3,5,KCA,"(3, 5, 0)",7562,4,5,"[{""A_start"": 0, ""service_lookup_id"": 82, ""transition_samples"": 7159}, {""A_start"": 1, ""service_lookup_id"": 83, ""transition_samples"": 384}, {""A_start"": 2, ""service_lookup_id"": 84, ""transition_samples"": 19}]"
5,81,3,5,KC,"(3, 5)",21488,4,2,"[{""A_start"": 0, ""service_lookup_id"": 82, ""transition_samples"": 7159}, {""A_start"": 1, ""service_lookup_id"": 83, ""transition_samples"": 7159}, {""A_start"": 2, ""service_lookup_id"": 84, ""transition_samples"": 7161}, {""A_start"": 3, ""service_lookup_id"": 85, ""transition_samples"": 2}, {""A_start"": 4, ""service_lookup_id"": 86, ""transition_samples"": 7}]"
5,82,3,6,KCQA,"(3, 6, 0, 0)",7139,4,1783,"[{""A_start"": 0, ""service_lookup_id"": 87, ""transition_samples"": 7139}]"
5,83,3,6,KCQA,"(3, 6, 0, 1)",6743,4,1719,"[{""A_start"": 1, ""service_lookup_id"": 88, ""transition_samples"": 6743}]"
5,84,3,6,KCQA,"(3, 6, 0, 2)",5578,4,1579,"[{""A_start"": 1, ""service_lookup_id"": 88, ""transition_samples"": 1}, {""A_start"": 2, ""service_lookup_id"": 89, ""transition_samples"": 5577}]"
5,85,3,6,KCQ,"(3, 6, 0)",19462,4,2,"[{""A_start"": 0, ""service_lookup_id"": 87, ""transition_samples"": 7139}, {""A_start"": 1, ""service_lookup_id"": 88, ""transition_samples"": 6744}, {""A_start"": 2, ""service_lookup_id"": 89, ""transition_samples"": 5577}, {""A_start"": 3, ""service_lookup_id"": 90, ""transition_samples"": 1}, {""A_start"": 5, ""service_lookup_id"": 92, ""transition_samples"": 1}]"
5,86,3,6,KCQA,"(3, 6, 1, 0)",395,4,65,"[{""A_start"": 1, ""service_lookup_id"": 88, ""transition_samples"": 395}]"
5,87,3,6,KCQA,"(3, 6, 1, 1)",1544,4,201,"[{""A_start"": 2, ""service_lookup_id"": 89, ""transition_samples"": 1544}]"
5,88,3,6,KCA,"(3, 6, 0)",7550,4,3,"[{""A_start"": 0, ""service_lookup_id"": 87, ""transition_samples"": 7139}, {""A_start"": 1, ""service_lookup_id"": 88, ""transition_samples"": 395}, {""A_start"": 2, ""service_lookup_id"": 89, ""transition_samples"": 16}]"
5,89,3,7,KCQA,"(3, 7, 0, 0)",7132,4,1785,"[{""A_start"": 0, ""service_lookup_id"": 93, ""transition_samples"": 7132}]"
5,90,3,7,KCQA,"(3, 7, 0, 1)",6507,4,1606,"[{""A_start"": 1, ""service_lookup_id"": 94, ""transition_samples"": 6507}]"
5,91,3,7,KCQA,"(3, 7, 0, 2)",6019,4,1396,"[{""A_start"": 2, ""service_lookup_id"": 95, ""transition_samples"": 6019}]"
5,92,3,7,KCQ,"(3, 7, 0)",19664,4,1,"[{""A_start"": 0, ""service_lookup_id"": 93, ""transition_samples"": 7132}, {""A_start"": 1, ""service_lookup_id"": 94, ""transition_samples"": 6507}, {""A_start"": 2, ""service_lookup_id"": 95, ""transition_samples"": 6020}, {""A_start"": 3, ""service_lookup_id"": 96, ""transition_samples"": 5}]"
5,93,3,7,KCQA,"(3, 7, 1, 0)",627,4,180,"[{""A_start"": 1, ""service_lookup_id"": 94, ""transition_samples"": 627}]"
5,94,3,7,KCQA,"(3, 7, 1, 1)",1092,4,381,"[{""A_start"": 2, ""service_lookup_id"": 95, ""transition_samples"": 1092}]"
5,95,3,7,KCA,"(3, 7, 0)",7781,4,6,"[{""A_start"": 0, ""service_lookup_id"": 93, ""transition_samples"": 7132}, {""A_start"": 1, ""service_lookup_id"": 94, ""transition_samples"": 627}, {""A_start"": 2, ""service_lookup_id"": 95, ""transition_samples"": 22}]"
5,96,3,8,KCQA,"(3, 8, 0, 0)",7131,4,1783,"[{""A_start"": 0, ""service_lookup_id"": 100, ""transition_samples"": 7131}]"
5,97,3,8,KCQA,"(3, 8, 0, 1)",6603,4,1643,"[{""A_start"": 1, ""service_lookup_id"": 101, ""transition_samples"": 6603}]"
5,98,3,8,KCQA,"(3, 8, 0, 2)",5952,4,1478,"[{""A_start"": 1, ""service_lookup_id"": 101, ""transition_samples"": 1}, {""A_start"": 2, ""service_lookup_id"": 102, ""transition_samples"": 5951}]"
5,99,3,8,KCQA,"(3, 8, 1, 0)",532,4,142,"[{""A_start"": 1, ""service_lookup_id"": 101, ""transition_samples"": 532}]"
5,100,3,8,KCQA,"(3, 8, 1, 1)",1171,4,303,"[{""A_start"": 2, ""service_lookup_id"": 102, ""transition_samples"": 1171}]"
5,101,3,8,KCA,"(3, 8, 0)",7673,4,4,"[{""A_start"": 0, ""service_lookup_id"": 100, ""transition_samples"": 7131}, {""A_start"": 1, ""service_lookup_id"": 101, ""transition_samples"": 532}, {""A_start"": 2, ""service_lookup_id"": 102, ""transition_samples"": 10}]"
5,102,4,1,KCQA,"(4, 1, 0, 0)",7134,4,1787,"[{""A_start"": 0, ""service_lookup_id"": 108, ""transition_samples"": 7134}]"
5,103,4,1,KCQA,"(4, 1, 0, 1)",6909,4,1721,"[{""A_start"": 0, ""service_lookup_id"": 108, ""transition_samples"": 6909}]"
5,104,4,1,KCQA,"(4, 1, 1, 0)",226,4,66,"[{""A_start"": 0, ""service_lookup_id"": 108, ""transition_samples"": 226}]"
5,105,4,1,KCQA,"(4, 1, 1, 1)",7149,4,1786,"[{""A_start"": 0, ""service_lookup_id"": 108, ""transition_samples"": 7149}]"
5,106,4,1,KCQ,"(4, 1, 2)",7116,4,2,"[{""A_start"": 0, ""service_lookup_id"": 108, ""transition_samples"": 7116}]"
5,107,4,1,KCQA,"(4, 1, 2, 1)",7106,4,1788,"[{""A_start"": 0, ""service_lookup_id"": 108, ""transition_samples"": 7106}]"
5,108,4,1,KCA,"(4, 1, 1)",21321,4,29,"[{""A_start"": 0, ""service_lookup_id"": 108, ""transition_samples"": 21321}]"
5,109,4,2,KCQA,"(4, 2, 0, 0)",7151,4,1786,"[{""A_start"": 0, ""service_lookup_id"": 109, ""transition_samples"": 7151}]"
5,110,4,2,KCQA,"(4, 2, 0, 1)",6854,4,1734,"[{""A_start"": 1, ""service_lookup_id"": 110, ""transition_samples"": 6854}]"
5,111,4,2,KCQA,"(4, 2, 0, 2)",6507,4,1654,"[{""A_start"": 1, ""service_lookup_id"": 110, ""transition_samples"": 6507}]"
5,112,4,2,KCQA,"(4, 2, 1, 0)",300,4,52,"[{""A_start"": 1, ""service_lookup_id"": 110, ""transition_samples"": 300}]"
5,113,4,2,KCQA,"(4, 2, 1, 1)",931,4,131,"[{""A_start"": 1, ""service_lookup_id"": 110, ""transition_samples"": 931}]"
5,114,4,2,KCQA,"(4, 2, 1, 2)",6583,4,1763,"[{""A_start"": 1, ""service_lookup_id"": 110, ""transition_samples"": 6583}]"
5,115,4,2,KCQ,"(4, 2, 2)",294,4,3,"[{""A_start"": 1, ""service_lookup_id"": 110, ""transition_samples"": 294}]"
5,116,4,2,KCQA,"(4, 2, 2, 1)",273,4,24,"[{""A_start"": 1, ""service_lookup_id"": 110, ""transition_samples"": 273}]"
5,117,4,2,KCA,"(4, 2, 2)",13181,4,24,"[{""A_start"": 1, ""service_lookup_id"": 110, ""transition_samples"": 13181}]"
5,118,4,3,KCQA,"(4, 3, 0, 0)",7151,4,1787,"[{""A_start"": 0, ""service_lookup_id"": 111, ""transition_samples"": 7151}]"
5,119,4,3,KCQA,"(4, 3, 0, 1)",6699,4,1665,"[{""A_start"": 1, ""service_lookup_id"": 112, ""transition_samples"": 6699}]"
5,120,4,3,KCQA,"(4, 3, 0, 2)",6427,4,1612,"[{""A_start"": 2, ""service_lookup_id"": 113, ""transition_samples"": 6427}]"
5,121,4,3,KCQA,"(4, 3, 0, 3)",5557,4,1447,"[{""A_start"": 2, ""service_lookup_id"": 113, ""transition_samples"": 5557}]"
5,122,4,3,KCQA,"(4, 3, 1, 0)",455,4,122,"[{""A_start"": 1, ""service_lookup_id"": 112, ""transition_samples"": 455}]"
5,123,4,3,KCQA,"(4, 3, 1, 1)",708,4,169,"[{""A_start"": 2, ""service_lookup_id"": 113, ""transition_samples"": 708}]"
5,124,4,3,KCQA,"(4, 3, 1, 2)",1484,4,318,"[{""A_start"": 2, ""service_lookup_id"": 113, ""transition_samples"": 1484}]"
5,125,4,3,KCQ,"(4, 3, 1)",2649,4,1,"[{""A_start"": 1, ""service_lookup_id"": 112, ""transition_samples"": 455}, {""A_start"": 2, ""service_lookup_id"": 113, ""transition_samples"": 2194}]"
5,126,4,3,KCA,"(4, 3, 0)",7625,4,7,"[{""A_start"": 0, ""service_lookup_id"": 111, ""transition_samples"": 7151}, {""A_start"": 1, ""service_lookup_id"": 112, ""transition_samples"": 455}, {""A_start"": 2, ""service_lookup_id"": 113, ""transition_samples"": 19}]"
5,127,4,3,KCA,"(4, 3, 1)",7521,4,22,"[{""A_start"": 1, ""service_lookup_id"": 112, ""transition_samples"": 6699}, {""A_start"": 2, ""service_lookup_id"": 113, ""transition_samples"": 822}]"
5,128,4,3,KCA,"(4, 3, 3)",5638,4,24,"[{""A_start"": 2, ""service_lookup_id"": 113, ""transition_samples"": 5638}]"
5,129,4,4,KCQA,"(4, 4, 0, 0)",7156,4,1792,"[{""A_start"": 0, ""service_lookup_id"": 114, ""transition_samples"": 7156}]"
5,130,4,4,KCQA,"(4, 4, 0, 1)",6720,4,1673,"[{""A_start"": 1, ""service_lookup_id"": 115, ""transition_samples"": 6720}]"
5,131,4,4,KCQA,"(4, 4, 0, 2)",6651,4,1687,"[{""A_start"": 2, ""service_lookup_id"": 116, ""transition_samples"": 6651}]"
5,132,4,4,KCQA,"(4, 4, 0, 3)",5844,4,1468,"[{""A_start"": 3, ""service_lookup_id"": 117, ""transition_samples"": 5844}]"
5,133,4,4,KCQ,"(4, 4, 0)",26374,4,2,"[{""A_start"": 0, ""service_lookup_id"": 114, ""transition_samples"": 7156}, {""A_start"": 1, ""service_lookup_id"": 115, ""transition_samples"": 6720}, {""A_start"": 2, ""service_lookup_id"": 116, ""transition_samples"": 6651}, {""A_start"": 3, ""service_lookup_id"": 117, ""transition_samples"": 5847}]"
5,134,4,4,KCQA,"(4, 4, 1, 0)",439,4,118,"[{""A_start"": 1, ""service_lookup_id"": 115, ""transition_samples"": 439}]"
5,135,4,4,KCQA,"(4, 4, 1, 1)",492,4,102,"[{""A_start"": 2, ""service_lookup_id"": 116, ""transition_samples"": 492}]"
5,136,4,4,KCQA,"(4, 4, 1, 2)",1268,4,316,"[{""A_start"": 3, ""service_lookup_id"": 117, ""transition_samples"": 1268}]"
5,137,4,4,KCQ,"(4, 4, 1)",2206,4,1,"[{""A_start"": 1, ""service_lookup_id"": 115, ""transition_samples"": 439}, {""A_start"": 2, ""service_lookup_id"": 116, ""transition_samples"": 492}, {""A_start"": 3, ""service_lookup_id"": 117, ""transition_samples"": 1275}]"
5,138,4,4,KCA,"(4, 4, 0)",7611,4,2,"[{""A_start"": 0, ""service_lookup_id"": 114, ""transition_samples"": 7156}, {""A_start"": 1, ""service_lookup_id"": 115, ""transition_samples"": 439}, {""A_start"": 2, ""service_lookup_id"": 116, ""transition_samples"": 14}, {""A_start"": 3, ""service_lookup_id"": 117, ""transition_samples"": 2}]"
5,139,4,4,KCA,"(4, 4, 1)",7254,4,7,"[{""A_start"": 1, ""service_lookup_id"": 115, ""transition_samples"": 6720}, {""A_start"": 2, ""service_lookup_id"": 116, ""transition_samples"": 492}, {""A_start"": 3, ""service_lookup_id"": 117, ""transition_samples"": 42}]"
5,140,4,4,KC,"(4, 4)",28686,4,15,"[{""A_start"": 0, ""service_lookup_id"": 114, ""transition_samples"": 7156}, {""A_start"": 1, ""service_lookup_id"": 115, ""transition_samples"": 7159}, {""A_start"": 2, ""service_lookup_id"": 116, ""transition_samples"": 7157}, {""A_start"": 3, ""service_lookup_id"": 117, ""transition_samples"": 7214}]"
5,141,4,5,KCQA,"(4, 5, 0, 0)",7112,4,1780,"[{""A_start"": 0, ""service_lookup_id"": 118, ""transition_samples"": 7112}]"
5,142,4,5,KCQA,"(4, 5, 0, 1)",6278,4,1565,"[{""A_start"": 1, ""service_lookup_id"": 119, ""transition_samples"": 6278}]"
5,143,4,5,KCQA,"(4, 5, 0, 2)",6403,4,1606,"[{""A_start"": 1, ""service_lookup_id"": 119, ""transition_samples"": 3}, {""A_start"": 2, ""service_lookup_id"": 120, ""transition_samples"": 6400}]"
5,144,4,5,KCQA,"(4, 5, 0, 3)",6162,4,1465,"[{""A_start"": 2, ""service_lookup_id"": 120, ""transition_samples"": 4}, {""A_start"": 3, ""service_lookup_id"": 121, ""transition_samples"": 6158}]"
5,145,4,5,KCQA,"(4, 5, 1, 0)",837,4,218,"[{""A_start"": 1, ""service_lookup_id"": 119, ""transition_samples"": 837}]"
5,146,4,5,KCQA,"(4, 5, 1, 1)",714,4,168,"[{""A_start"": 1, ""service_lookup_id"": 119, ""transition_samples"": 1}, {""A_start"": 2, ""service_lookup_id"": 120, ""transition_samples"": 713}]"
5,147,4,5,KCQA,"(4, 5, 1, 2)",881,4,305,"[{""A_start"": 2, ""service_lookup_id"": 120, ""transition_samples"": 1}, {""A_start"": 3, ""service_lookup_id"": 121, ""transition_samples"": 880}]"
5,148,4,5,KCA,"(4, 5, 0)",7973,4,10,"[{""A_start"": 0, ""service_lookup_id"": 118, ""transition_samples"": 7112}, {""A_start"": 1, ""service_lookup_id"": 119, ""transition_samples"": 837}, {""A_start"": 2, ""service_lookup_id"": 120, ""transition_samples"": 24}]"
5,149,4,5,KCA,"(4, 5, 1)",7034,4,10,"[{""A_start"": 1, ""service_lookup_id"": 119, ""transition_samples"": 6279}, {""A_start"": 2, ""service_lookup_id"": 120, ""transition_samples"": 714}, {""A_start"": 3, ""service_lookup_id"": 121, ""transition_samples"": 41}]"
5,150,4,6,KCQA,"(4, 6, 0, 0)",7109,4,1773,"[{""A_start"": 0, ""service_lookup_id"": 123, ""transition_samples"": 7109}]"
5,151,4,6,KCQA,"(4, 6, 0, 1)",6281,4,1601,"[{""A_start"": 1, ""service_lookup_id"": 124, ""transition_samples"": 6281}]"
5,152,4,6,KCQA,"(4, 6, 0, 2)",6214,4,1580,"[{""A_start"": 1, ""service_lookup_id"": 124, ""transition_samples"": 1}, {""A_start"": 2, ""service_lookup_id"": 125, ""transition_samples"": 6213}]"
5,153,4,6,KCQA,"(4, 6, 0, 3)",5653,4,1589,"[{""A_start"": 2, ""service_lookup_id"": 125, ""transition_samples"": 1}, {""A_start"": 3, ""service_lookup_id"": 126, ""transition_samples"": 5652}]"
5,154,4,6,KCQ,"(4, 6, 0)",25259,4,2,"[{""A_start"": 0, ""service_lookup_id"": 123, ""transition_samples"": 7109}, {""A_start"": 1, ""service_lookup_id"": 124, ""transition_samples"": 6282}, {""A_start"": 2, ""service_lookup_id"": 125, ""transition_samples"": 6214}, {""A_start"": 3, ""service_lookup_id"": 126, ""transition_samples"": 5652}, {""A_start"": 4, ""service_lookup_id"": 127, ""transition_samples"": 2}]"
5,155,4,6,KCQA,"(4, 6, 1, 0)",832,4,171,"[{""A_start"": 1, ""service_lookup_id"": 124, ""transition_samples"": 832}]"
5,156,4,6,KCQA,"(4, 6, 1, 1)",870,4,197,"[{""A_start"": 2, ""service_lookup_id"": 125, ""transition_samples"": 870}]"
5,157,4,6,KCQA,"(4, 6, 1, 2)",1371,4,159,"[{""A_start"": 3, ""service_lookup_id"": 126, ""transition_samples"": 1371}]"
5,158,4,6,KCA,"(4, 6, 0)",7979,4,7,"[{""A_start"": 0, ""service_lookup_id"": 123, ""transition_samples"": 7109}, {""A_start"": 1, ""service_lookup_id"": 124, ""transition_samples"": 832}, {""A_start"": 2, ""service_lookup_id"": 125, ""transition_samples"": 38}]"
5,159,4,6,KCA,"(4, 6, 1)",7245,4,9,"[{""A_start"": 1, ""service_lookup_id"": 124, ""transition_samples"": 6281}, {""A_start"": 2, ""service_lookup_id"": 125, ""transition_samples"": 870}, {""A_start"": 3, ""service_lookup_id"": 126, ""transition_samples"": 94}]"
5,160,4,7,KCQA,"(4, 7, 0, 0)",7103,4,1776,"[{""A_start"": 0, ""service_lookup_id"": 129, ""transition_samples"": 7103}]"
5,161,4,7,KCQA,"(4, 7, 0, 1)",6402,4,1618,"[{""A_start"": 1, ""service_lookup_id"": 130, ""transition_samples"": 6402}]"
5,162,4,7,KCQA,"(4, 7, 0, 2)",6238,4,1615,"[{""A_start"": 1, ""service_lookup_id"": 130, ""transition_samples"": 2}, {""A_start"": 2, ""service_lookup_id"": 131, ""transition_samples"": 6236}]"
5,163,4,7,KCQA,"(4, 7, 0, 3)",5717,4,1388,"[{""A_start"": 2, ""service_lookup_id"": 131, ""transition_samples"": 2}, {""A_start"": 3, ""service_lookup_id"": 132, ""transition_samples"": 5715}]"
5,164,4,7,KCQA,"(4, 7, 1, 0)",708,4,159,"[{""A_start"": 1, ""service_lookup_id"": 130, ""transition_samples"": 708}]"
5,165,4,7,KCQA,"(4, 7, 1, 1)",855,4,160,"[{""A_start"": 1, ""service_lookup_id"": 130, ""transition_samples"": 1}, {""A_start"": 2, ""service_lookup_id"": 131, ""transition_samples"": 854}]"
5,166,4,7,KCQA,"(4, 7, 1, 2)",1295,4,378,"[{""A_start"": 2, ""service_lookup_id"": 131, ""transition_samples"": 1}, {""A_start"": 3, ""service_lookup_id"": 132, ""transition_samples"": 1294}]"
5,167,4,7,KCA,"(4, 7, 0)",7843,4,4,"[{""A_start"": 0, ""service_lookup_id"": 129, ""transition_samples"": 7103}, {""A_start"": 1, ""service_lookup_id"": 130, ""transition_samples"": 708}, {""A_start"": 2, ""service_lookup_id"": 131, ""transition_samples"": 31}, {""A_start"": 3, ""service_lookup_id"": 132, ""transition_samples"": 1}]"
5,168,4,7,KCA,"(4, 7, 1)",7342,4,11,"[{""A_start"": 1, ""service_lookup_id"": 130, ""transition_samples"": 6403}, {""A_start"": 2, ""service_lookup_id"": 131, ""transition_samples"": 854}, {""A_start"": 3, ""service_lookup_id"": 132, ""transition_samples"": 85}]"
5,169,4,8,KCQA,"(4, 8, 0, 0)",7107,4,1773,"[{""A_start"": 0, ""service_lookup_id"": 136, ""transition_samples"": 7107}]"
5,170,4,8,KCQA,"(4, 8, 0, 1)",6499,4,1650,"[{""A_start"": 1, ""service_lookup_id"": 137, ""transition_samples"": 6499}]"
5,171,4,8,KCQA,"(4, 8, 0, 2)",6372,4,1602,"[{""A_start"": 1, ""service_lookup_id"": 137, ""transition_samples"": 1}, {""A_start"": 2, ""service_lookup_id"": 138, ""transition_samples"": 6371}]"
5,172,4,8,KCQA,"(4, 8, 0, 3)",5727,4,1465,"[{""A_start"": 2, ""service_lookup_id"": 138, ""transition_samples"": 2}, {""A_start"": 3, ""service_lookup_id"": 139, ""transition_samples"": 5725}]"
5,173,4,8,KCQ,"(4, 8, 0)",25707,4,1,"[{""A_start"": 0, ""service_lookup_id"": 136, ""transition_samples"": 7107}, {""A_start"": 1, ""service_lookup_id"": 137, ""transition_samples"": 6500}, {""A_start"": 2, ""service_lookup_id"": 138, ""transition_samples"": 6373}, {""A_start"": 3, ""service_lookup_id"": 139, ""transition_samples"": 5725}, {""A_start"": 4, ""service_lookup_id"": 140, ""transition_samples"": 2}]"
5,174,4,8,KCQA,"(4, 8, 1, 0)",610,4,125,"[{""A_start"": 1, ""service_lookup_id"": 137, ""transition_samples"": 610}]"
5,175,4,8,KCQA,"(4, 8, 1, 1)",717,4,170,"[{""A_start"": 2, ""service_lookup_id"": 138, ""transition_samples"": 717}]"
5,176,4,8,KCQA,"(4, 8, 1, 2)",1312,4,295,"[{""A_start"": 3, ""service_lookup_id"": 139, ""transition_samples"": 1312}]"
5,177,4,8,KCA,"(4, 8, 0)",7742,4,2,"[{""A_start"": 0, ""service_lookup_id"": 136, ""transition_samples"": 7107}, {""A_start"": 1, ""service_lookup_id"": 137, ""transition_samples"": 610}, {""A_start"": 2, ""service_lookup_id"": 138, ""transition_samples"": 24}, {""A_start"": 3, ""service_lookup_id"": 139, ""transition_samples"": 1}]"
5,178,4,8,KCA,"(4, 8, 1)",7281,4,14,"[{""A_start"": 1, ""service_lookup_id"": 137, ""transition_samples"": 6499}, {""A_start"": 2, ""service_lookup_id"": 138, ""transition_samples"": 717}, {""A_start"": 3, ""service_lookup_id"": 139, ""transition_samples"": 65}]"
5,179,5,1,KCQA,"(5, 1, 0, 0)",7064,4,1762,"[{""A_start"": 0, ""service_lookup_id"": 144, ""transition_samples"": 7064}]"
5,180,5,1,KCQA,"(5, 1, 0, 1)",6835,4,1706,"[{""A_start"": 0, ""service_lookup_id"": 144, ""transition_samples"": 6835}]"
5,181,5,1,KCQA,"(5, 1, 1, 0)",234,4,56,"[{""A_start"": 0, ""service_lookup_id"": 144, ""transition_samples"": 234}]"
5,182,5,1,KCQA,"(5, 1, 1, 1)",7059,4,1762,"[{""A_start"": 0, ""service_lookup_id"": 144, ""transition_samples"": 7059}]"
5,183,5,1,KCQ,"(5, 1, 2)",7122,4,2,"[{""A_start"": 0, ""service_lookup_id"": 144, ""transition_samples"": 7122}]"
5,184,5,1,KCQA,"(5, 1, 2, 1)",7106,4,1771,"[{""A_start"": 0, ""service_lookup_id"": 144, ""transition_samples"": 7106}]"
5,185,5,1,KCQ,"(5, 1, 3)",7031,4,1,"[{""A_start"": 0, ""service_lookup_id"": 144, ""transition_samples"": 7031}]"
5,186,5,1,KCQA,"(5, 1, 3, 1)",7029,4,1756,"[{""A_start"": 0, ""service_lookup_id"": 144, ""transition_samples"": 7029}]"
5,187,5,1,KCA,"(5, 1, 0)",7317,4,1,"[{""A_start"": 0, ""service_lookup_id"": 144, ""transition_samples"": 7317}]"
5,188,5,1,KCA,"(5, 1, 1)",28534,4,141,"[{""A_start"": 0, ""service_lookup_id"": 144, ""transition_samples"": 28534}]"
5,189,5,2,KCQA,"(5, 2, 0, 0)",7118,4,1778,"[{""A_start"": 0, ""service_lookup_id"": 145, ""transition_samples"": 7118}]"
5,190,5,2,KCQA,"(5, 2, 0, 1)",6627,4,1637,"[{""A_start"": 1, ""service_lookup_id"": 146, ""transition_samples"": 6627}]"
5,191,5,2,KCQA,"(5, 2, 0, 2)",6577,4,1610,"[{""A_start"": 1, ""service_lookup_id"": 146, ""transition_samples"": 6577}]"
5,192,5,2,KCQA,"(5, 2, 1, 0)",492,4,141,"[{""A_start"": 1, ""service_lookup_id"": 146, ""transition_samples"": 492}]"
5,193,5,2,KCQA,"(5, 2, 1, 1)",527,4,164,"[{""A_start"": 1, ""service_lookup_id"": 146, ""transition_samples"": 527}]"
5,194,5,2,KCQA,"(5, 2, 1, 2)",7065,4,1750,"[{""A_start"": 1, ""service_lookup_id"": 146, ""transition_samples"": 7065}]"
5,195,5,2,KCQ,"(5, 2, 2)",7177,4,32,"[{""A_start"": 1, ""service_lookup_id"": 146, ""transition_samples"": 7177}]"
5,196,5,2,KCQA,"(5, 2, 2, 2)",7070,4,1770,"[{""A_start"": 1, ""service_lookup_id"": 146, ""transition_samples"": 7070}]"
5,197,5,2,KCA,"(5, 2, 0)",7631,4,1,"[{""A_start"": 0, ""service_lookup_id"": 145, ""transition_samples"": 7118}, {""A_start"": 1, ""service_lookup_id"": 146, ""transition_samples"": 513}]"
5,198,5,2,KCA,"(5, 2, 1)",7260,4,10,"[{""A_start"": 1, ""service_lookup_id"": 146, ""transition_samples"": 7260}]"
5,199,5,2,KCA,"(5, 2, 2)",20953,4,69,"[{""A_start"": 1, ""service_lookup_id"": 146, ""transition_samples"": 20953}]"
5,200,5,3,KCQA,"(5, 3, 0, 0)",7133,4,1781,"[{""A_start"": 0, ""service_lookup_id"": 147, ""transition_samples"": 7133}]"
5,201,5,3,KCQA,"(5, 3, 0, 1)",6403,4,1612,"[{""A_start"": 1, ""service_lookup_id"": 148, ""transition_samples"": 6403}]"
5,202,5,3,KCQA,"(5, 3, 0, 2)",6372,4,1599,"[{""A_start"": 1, ""service_lookup_id"": 148, ""transition_samples"": 2}, {""A_start"": 2, ""service_lookup_id"": 149, ""transition_samples"": 6370}]"
5,203,5,3,KCQA,"(5, 3, 0, 3)",6165,4,1445,"[{""A_start"": 2, ""service_lookup_id"": 149, ""transition_samples"": 6165}]"
5,204,5,3,KCQA,"(5, 3, 1, 0)",731,4,169,"[{""A_start"": 1, ""service_lookup_id"": 148, ""transition_samples"": 731}]"
5,205,5,3,KCQA,"(5, 3, 1, 1)",747,4,176,"[{""A_start"": 1, ""service_lookup_id"": 148, ""transition_samples"": 1}, {""A_start"": 2, ""service_lookup_id"": 149, ""transition_samples"": 746}]"
5,206,5,3,KCQA,"(5, 3, 1, 2)",973,4,327,"[{""A_start"": 2, ""service_lookup_id"": 149, ""transition_samples"": 973}]"
5,207,5,3,KCQA,"(5, 3, 1, 3)",6898,4,1692,"[{""A_start"": 2, ""service_lookup_id"": 149, ""transition_samples"": 6898}]"
5,208,5,3,KCQ,"(5, 3, 2)",259,4,110,"[{""A_start"": 2, ""service_lookup_id"": 149, ""transition_samples"": 259}]"
5,209,5,3,KCA,"(5, 3, 3)",13235,4,52,"[{""A_start"": 2, ""service_lookup_id"": 149, ""transition_samples"": 13235}]"
5,210,5,4,KCQA,"(5, 4, 0, 0)",7128,4,1784,"[{""A_start"": 0, ""service_lookup_id"": 150, ""transition_samples"": 7128}]"
5,211,5,4,KCQA,"(5, 4, 0, 1)",6108,4,1632,"[{""A_start"": 0, ""service_lookup_id"": 150, ""transition_samples"": 1}, {""A_start"": 1, ""service_lookup_id"": 151, ""transition_samples"": 6107}]"
5,212,5,4,KCQA,"(5, 4, 0, 2)",6019,4,1595,"[{""A_start"": 1, ""service_lookup_id"": 151, ""transition_samples"": 2}, {""A_start"": 2, ""service_lookup_id"": 152, ""transition_samples"": 6017}]"
5,213,5,4,KCQA,"(5, 4, 0, 3)",5893,4,1479,"[{""A_start"": 2, ""service_lookup_id"": 152, ""transition_samples"": 1}, {""A_start"": 3, ""service_lookup_id"": 153, ""transition_samples"": 5892}]"
5,214,5,4,KCQA,"(5, 4, 0, 4)",5993,4,1495,"[{""A_start"": 3, ""service_lookup_id"": 153, ""transition_samples"": 5993}]"
5,215,5,4,KCQA,"(5, 4, 1, 0)",1027,4,152,"[{""A_start"": 1, ""service_lookup_id"": 151, ""transition_samples"": 1027}]"
5,216,5,4,KCQA,"(5, 4, 1, 1)",1042,4,181,"[{""A_start"": 2, ""service_lookup_id"": 152, ""transition_samples"": 1042}]"
5,217,5,4,KCQA,"(5, 4, 1, 2)",1173,4,294,"[{""A_start"": 2, ""service_lookup_id"": 152, ""transition_samples"": 6}, {""A_start"": 3, ""service_lookup_id"": 153, ""transition_samples"": 1167}]"
5,218,5,4,KCQA,"(5, 4, 1, 3)",986,4,260,"[{""A_start"": 3, ""service_lookup_id"": 153, ""transition_samples"": 986}]"
5,219,5,4,KCQ,"(5, 4, 1)",4235,4,1,"[{""A_start"": 1, ""service_lookup_id"": 151, ""transition_samples"": 1027}, {""A_start"": 2, ""service_lookup_id"": 152, ""transition_samples"": 1048}, {""A_start"": 3, ""service_lookup_id"": 153, ""transition_samples"": 2160}]"
5,220,5,4,KCQ,"(5, 4, 2)",289,4,53,"[{""A_start"": 2, ""service_lookup_id"": 152, ""transition_samples"": 78}, {""A_start"": 3, ""service_lookup_id"": 153, ""transition_samples"": 211}]"
5,221,5,4,KCA,"(5, 4, 4)",6153,4,34,"[{""A_start"": 3, ""service_lookup_id"": 153, ""transition_samples"": 6153}]"
5,222,5,5,KCQA,"(5, 5, 0, 0)",7073,4,1764,"[{""A_start"": 0, ""service_lookup_id"": 154, ""transition_samples"": 7073}]"
5,223,5,5,KCQA,"(5, 5, 0, 1)",6341,4,1611,"[{""A_start"": 1, ""service_lookup_id"": 155, ""transition_samples"": 6341}]"
5,224,5,5,KCQA,"(5, 5, 0, 2)",5995,4,1509,"[{""A_start"": 1, ""service_lookup_id"": 155, ""transition_samples"": 1}, {""A_start"": 2, ""service_lookup_id"": 156, ""transition_samples"": 5994}]"
5,225,5,5,KCQA,"(5, 5, 0, 3)",5623,4,1380,"[{""A_start"": 3, ""service_lookup_id"": 157, ""transition_samples"": 5623}]"
5,226,5,5,KCQA,"(5, 5, 0, 4)",5709,4,1367,"[{""A_start"": 4, ""service_lookup_id"": 158, ""transition_samples"": 5709}]"
5,227,5,5,KCQ,"(5, 5, 0)",30743,4,3,"[{""A_start"": 0, ""service_lookup_id"": 154, ""transition_samples"": 7073}, {""A_start"": 1, ""service_lookup_id"": 155, ""transition_samples"": 6342}, {""A_start"": 2, ""service_lookup_id"": 156, ""transition_samples"": 5994}, {""A_start"": 3, ""service_lookup_id"": 157, ""transition_samples"": 5623}, {""A_start"": 4, ""service_lookup_id"": 158, ""transition_samples"": 5711}]"
5,228,5,5,KCQA,"(5, 5, 1, 0)",737,4,152,"[{""A_start"": 1, ""service_lookup_id"": 155, ""transition_samples"": 737}]"
5,229,5,5,KCQA,"(5, 5, 1, 1)",1040,4,248,"[{""A_start"": 1, ""service_lookup_id"": 155, ""transition_samples"": 1}, {""A_start"": 2, ""service_lookup_id"": 156, ""transition_samples"": 1039}]"
5,230,5,5,KCQA,"(5, 5, 1, 2)",1375,4,360,"[{""A_start"": 2, ""service_lookup_id"": 156, ""transition_samples"": 3}, {""A_start"": 3, ""service_lookup_id"": 157, ""transition_samples"": 1372}]"
5,231,5,5,KCQA,"(5, 5, 1, 3)",1229,4,354,"[{""A_start"": 4, ""service_lookup_id"": 158, ""transition_samples"": 1229}]"
5,232,5,5,KCQ,"(5, 5, 1)",4382,4,2,"[{""A_start"": 1, ""service_lookup_id"": 155, ""transition_samples"": 738}, {""A_start"": 2, ""service_lookup_id"": 156, ""transition_samples"": 1042}, {""A_start"": 3, ""service_lookup_id"": 157, ""transition_samples"": 1372}, {""A_start"": 4, ""service_lookup_id"": 158, ""transition_samples"": 1230}]"
5,233,5,5,KCQ,"(5, 5, 2)",284,4,74,"[{""A_start"": 2, ""service_lookup_id"": 156, ""transition_samples"": 52}, {""A_start"": 3, ""service_lookup_id"": 157, ""transition_samples"": 96}, {""A_start"": 4, ""service_lookup_id"": 158, ""transition_samples"": 136}]"
5,234,5,5,KCA,"(5, 5, 1)",7482,4,2,"[{""A_start"": 1, ""service_lookup_id"": 155, ""transition_samples"": 6342}, {""A_start"": 2, ""service_lookup_id"": 156, ""transition_samples"": 1039}, {""A_start"": 3, ""service_lookup_id"": 157, ""transition_samples"": 96}, {""A_start"": 4, ""service_lookup_id"": 158, ""transition_samples"": 5}]"
5,235,5,6,KCQA,"(5, 6, 0, 0)",7050,4,1764,"[{""A_start"": 0, ""service_lookup_id"": 159, ""transition_samples"": 7050}]"
5,236,5,6,KCQA,"(5, 6, 0, 1)",6190,4,1542,"[{""A_start"": 0, ""service_lookup_id"": 159, ""transition_samples"": 1}, {""A_start"": 1, ""service_lookup_id"": 160, ""transition_samples"": 6189}]"
5,237,5,6,KCQA,"(5, 6, 0, 2)",5866,4,1423,"[{""A_start"": 1, ""service_lookup_id"": 160, ""transition_samples"": 1}, {""A_start"": 2, ""service_lookup_id"": 161, ""transition_samples"": 5865}]"
5,238,5,6,KCQA,"(5, 6, 0, 3)",5446,4,1275,"[{""A_start"": 3, ""service_lookup_id"": 162, ""transition_samples"": 5446}]"
5,239,5,6,KCQA,"(5, 6, 0, 4)",5564,4,1311,"[{""A_start"": 4, ""service_lookup_id"": 163, ""transition_samples"": 5564}]"
5,240,5,6,KCQ,"(5, 6, 0)",30124,4,2,"[{""A_start"": 0, ""service_lookup_id"": 159, ""transition_samples"": 7051}, {""A_start"": 1, ""service_lookup_id"": 160, ""transition_samples"": 6190}, {""A_start"": 2, ""service_lookup_id"": 161, ""transition_samples"": 5865}, {""A_start"": 3, ""service_lookup_id"": 162, ""transition_samples"": 5446}, {""A_start"": 4, ""service_lookup_id"": 163, ""transition_samples"": 5564}, {""A_start"": 5, ""service_lookup_id"": 164, ""transition_samples"": 8}]"
5,241,5,6,KCQA,"(5, 6, 1, 0)",867,4,224,"[{""A_start"": 1, ""service_lookup_id"": 160, ""transition_samples"": 867}]"
5,242,5,6,KCQA,"(5, 6, 1, 1)",1146,4,324,"[{""A_start"": 2, ""service_lookup_id"": 161, ""transition_samples"": 1146}]"
5,243,5,6,KCQA,"(5, 6, 1, 2)",1476,4,444,"[{""A_start"": 3, ""service_lookup_id"": 162, ""transition_samples"": 1476}]"
5,244,5,6,KCQA,"(5, 6, 1, 3)",1292,4,387,"[{""A_start"": 3, ""service_lookup_id"": 162, ""transition_samples"": 1}, {""A_start"": 4, ""service_lookup_id"": 163, ""transition_samples"": 1291}]"
5,245,5,6,KCQ,"(5, 6, 2)",374,4,131,"[{""A_start"": 2, ""service_lookup_id"": 161, ""transition_samples"": 50}, {""A_start"": 3, ""service_lookup_id"": 162, ""transition_samples"": 137}, {""A_start"": 4, ""service_lookup_id"": 163, ""transition_samples"": 187}]"
5,246,5,6,KCA,"(5, 6, 0)",7970,4,1,"[{""A_start"": 0, ""service_lookup_id"": 159, ""transition_samples"": 7050}, {""A_start"": 1, ""service_lookup_id"": 160, ""transition_samples"": 867}, {""A_start"": 2, ""service_lookup_id"": 161, ""transition_samples"": 50}, {""A_start"": 3, ""service_lookup_id"": 162, ""transition_samples"": 3}]"
5,247,5,6,KCA,"(5, 6, 1)",7482,4,3,"[{""A_start"": 0, ""service_lookup_id"": 159, ""transition_samples"": 1}, {""A_start"": 1, ""service_lookup_id"": 160, ""transition_samples"": 6189}, {""A_start"": 2, ""service_lookup_id"": 161, ""transition_samples"": 1146}, {""A_start"": 3, ""service_lookup_id"": 162, ""transition_samples"": 137}, {""A_start"": 4, ""service_lookup_id"": 163, ""transition_samples"": 9}]"
5,248,5,7,KCQA,"(5, 7, 0, 0)",7052,4,1763,"[{""A_start"": 0, ""service_lookup_id"": 165, ""transition_samples"": 7052}]"
5,249,5,7,KCQA,"(5, 7, 0, 1)",6258,4,1557,"[{""A_start"": 1, ""service_lookup_id"": 166, ""transition_samples"": 6258}]"
5,250,5,7,KCQA,"(5, 7, 0, 2)",5777,4,1449,"[{""A_start"": 1, ""service_lookup_id"": 166, ""transition_samples"": 1}, {""A_start"": 2, ""service_lookup_id"": 167, ""transition_samples"": 5776}]"
5,251,5,7,KCQA,"(5, 7, 0, 3)",5339,4,1305,"[{""A_start"": 3, ""service_lookup_id"": 168, ""transition_samples"": 5339}]"
5,252,5,7,KCQA,"(5, 7, 0, 4)",5325,4,1337,"[{""A_start"": 4, ""service_lookup_id"": 169, ""transition_samples"": 5325}]"
5,253,5,7,KCQ,"(5, 7, 0)",29759,4,1,"[{""A_start"": 0, ""service_lookup_id"": 165, ""transition_samples"": 7052}, {""A_start"": 1, ""service_lookup_id"": 166, ""transition_samples"": 6259}, {""A_start"": 2, ""service_lookup_id"": 167, ""transition_samples"": 5776}, {""A_start"": 3, ""service_lookup_id"": 168, ""transition_samples"": 5339}, {""A_start"": 4, ""service_lookup_id"": 169, ""transition_samples"": 5325}, {""A_start"": 5, ""service_lookup_id"": 170, ""transition_samples"": 5}, {""A_start"": 6, ""service_lookup_id"": 171, ""transition_samples"": 3}]"
5,254,5,7,KCQA,"(5, 7, 1, 0)",799,4,205,"[{""A_start"": 1, ""service_lookup_id"": 166, ""transition_samples"": 799}]"
5,255,5,7,KCQA,"(5, 7, 1, 1)",1244,4,292,"[{""A_start"": 2, ""service_lookup_id"": 167, ""transition_samples"": 1244}]"
5,256,5,7,KCQA,"(5, 7, 1, 2)",1565,4,434,"[{""A_start"": 3, ""service_lookup_id"": 168, ""transition_samples"": 1565}]"
5,257,5,7,KCQA,"(5, 7, 1, 3)",1505,4,361,"[{""A_start"": 3, ""service_lookup_id"": 168, ""transition_samples"": 1}, {""A_start"": 4, ""service_lookup_id"": 169, ""transition_samples"": 1504}]"
5,258,5,7,KCQ,"(5, 7, 2)",405,4,51,"[{""A_start"": 2, ""service_lookup_id"": 167, ""transition_samples"": 39}, {""A_start"": 3, ""service_lookup_id"": 168, ""transition_samples"": 155}, {""A_start"": 4, ""service_lookup_id"": 169, ""transition_samples"": 211}]"
5,259,5,7,KCQA,"(5, 7, 2, 2)",211,4,59,"[{""A_start"": 4, ""service_lookup_id"": 169, ""transition_samples"": 211}]"
5,260,5,7,KCA,"(5, 7, 0)",7891,4,3,"[{""A_start"": 0, ""service_lookup_id"": 165, ""transition_samples"": 7052}, {""A_start"": 1, ""service_lookup_id"": 166, ""transition_samples"": 799}, {""A_start"": 2, ""service_lookup_id"": 167, ""transition_samples"": 39}, {""A_start"": 3, ""service_lookup_id"": 168, ""transition_samples"": 1}]"
5,261,5,7,KCA,"(5, 7, 1)",7676,4,5,"[{""A_start"": 1, ""service_lookup_id"": 166, ""transition_samples"": 6258}, {""A_start"": 2, ""service_lookup_id"": 167, ""transition_samples"": 1244}, {""A_start"": 3, ""service_lookup_id"": 168, ""transition_samples"": 155}, {""A_start"": 4, ""service_lookup_id"": 169, ""transition_samples"": 19}]"
5,262,5,8,KCQA,"(5, 8, 0, 0)",7050,4,1758,"[{""A_start"": 0, ""service_lookup_id"": 172, ""transition_samples"": 7050}]"
5,263,5,8,KCQA,"(5, 8, 0, 1)",6134,4,1532,"[{""A_start"": 1, ""service_lookup_id"": 173, ""transition_samples"": 6134}]"
5,264,5,8,KCQA,"(5, 8, 0, 2)",5768,4,1377,"[{""A_start"": 1, ""service_lookup_id"": 173, ""transition_samples"": 2}, {""A_start"": 2, ""service_lookup_id"": 174, ""transition_samples"": 5766}]"
5,265,5,8,KCQA,"(5, 8, 0, 3)",5275,4,1272,"[{""A_start"": 2, ""service_lookup_id"": 174, ""transition_samples"": 1}, {""A_start"": 3, ""service_lookup_id"": 175, ""transition_samples"": 5274}]"
5,266,5,8,KCQA,"(5, 8, 0, 4)",5459,4,1289,"[{""A_start"": 3, ""service_lookup_id"": 175, ""transition_samples"": 4}, {""A_start"": 4, ""service_lookup_id"": 176, ""transition_samples"": 5455}]"
5,267,5,8,KCQ,"(5, 8, 0)",29694,4,4,"[{""A_start"": 0, ""service_lookup_id"": 172, ""transition_samples"": 7050}, {""A_start"": 1, ""service_lookup_id"": 173, ""transition_samples"": 6136}, {""A_start"": 2, ""service_lookup_id"": 174, ""transition_samples"": 5767}, {""A_start"": 3, ""service_lookup_id"": 175, ""transition_samples"": 5278}, {""A_start"": 4, ""service_lookup_id"": 176, ""transition_samples"": 5455}, {""A_start"": 5, ""service_lookup_id"": 177, ""transition_samples"": 4}, {""A_start"": 6, ""service_lookup_id"": 178, ""transition_samples"": 3}, {""A_start"": 7, ""service_lookup_id"": 179, ""transition_samples"": 1}]"
5,268,5,8,KCQA,"(5, 8, 1, 0)",920,4,226,"[{""A_start"": 1, ""service_lookup_id"": 173, ""transition_samples"": 920}]"
5,269,5,8,KCQA,"(5, 8, 1, 1)",1222,4,368,"[{""A_start"": 2, ""service_lookup_id"": 174, ""transition_samples"": 1222}]"
5,270,5,8,KCQA,"(5, 8, 1, 2)",1627,4,435,"[{""A_start"": 3, ""service_lookup_id"": 175, ""transition_samples"": 1627}]"
5,271,5,8,KCQA,"(5, 8, 1, 3)",1372,4,400,"[{""A_start"": 3, ""service_lookup_id"": 175, ""transition_samples"": 2}, {""A_start"": 4, ""service_lookup_id"": 176, ""transition_samples"": 1370}]"
5,272,5,8,KCQ,"(5, 8, 2)",435,4,65,"[{""A_start"": 2, ""service_lookup_id"": 174, ""transition_samples"": 68}, {""A_start"": 3, ""service_lookup_id"": 175, ""transition_samples"": 167}, {""A_start"": 4, ""service_lookup_id"": 176, ""transition_samples"": 200}]"
5,273,5,8,KCQA,"(5, 8, 2, 2)",200,4,69,"[{""A_start"": 4, ""service_lookup_id"": 176, ""transition_samples"": 200}]"
5,274,5,8,KCA,"(5, 8, 0)",8044,4,1,"[{""A_start"": 0, ""service_lookup_id"": 172, ""transition_samples"": 7050}, {""A_start"": 1, ""service_lookup_id"": 173, ""transition_samples"": 920}, {""A_start"": 2, ""service_lookup_id"": 174, ""transition_samples"": 68}, {""A_start"": 3, ""service_lookup_id"": 175, ""transition_samples"": 5}, {""A_start"": 4, ""service_lookup_id"": 176, ""transition_samples"": 1}]"
5,275,5,8,KCA,"(5, 8, 1)",7533,4,5,"[{""A_start"": 1, ""service_lookup_id"": 173, ""transition_samples"": 6134}, {""A_start"": 2, ""service_lookup_id"": 174, ""transition_samples"": 1222}, {""A_start"": 3, ""service_lookup_id"": 175, ""transition_samples"": 167}, {""A_start"": 4, ""service_lookup_id"": 176, ""transition_samples"": 10}]"
5,276,6,1,KCQA,"(6, 1, 0, 0)",3069,3,1596,"[{""A_start"": 0, ""service_lookup_id"": 180, ""transition_samples"": 3069}]"
5,277,6,1,KCQA,"(6, 1, 0, 1)",3103,3,1608,"[{""A_start"": 0, ""service_lookup_id"": 180, ""transition_samples"": 3103}]"
5,278,6,1,KCQ,"(6, 1, 1)",3355,3,85,"[{""A_start"": 0, ""service_lookup_id"": 180, ""transition_samples"": 3355}]"
5,279,6,1,KCQA,"(6, 1, 1, 1)",3206,3,1673,"[{""A_start"": 0, ""service_lookup_id"": 180, ""transition_samples"": 3206}]"
5,280,6,1,KCQ,"(6, 1, 2)",3226,3,5,"[{""A_start"": 0, ""service_lookup_id"": 180, ""transition_samples"": 3226}]"
5,281,6,1,KCQA,"(6, 1, 2, 1)",3213,3,1670,"[{""A_start"": 0, ""service_lookup_id"": 180, ""transition_samples"": 3213}]"
5,282,6,1,KCQA,"(6, 1, 3, 1)",3342,3,1713,"[{""A_start"": 0, ""service_lookup_id"": 180, ""transition_samples"": 3342}]"
5,283,6,1,KCQA,"(6, 1, 4, 1)",3084,3,1626,"[{""A_start"": 0, ""service_lookup_id"": 180, ""transition_samples"": 3084}]"
5,284,6,1,KCA,"(6, 1, 1)",39756,4,327,"[{""A_start"": 0, ""service_lookup_id"": 180, ""transition_samples"": 39756}]"
5,285,6,1,KCQA,"(6, 1, 19, 1)",237,4,14,"[{""A_start"": 0, ""service_lookup_id"": 180, ""transition_samples"": 237}]"
5,286,6,1,KCQA,"(6, 1, 20, 1)",330,4,14,"[{""A_start"": 0, ""service_lookup_id"": 180, ""transition_samples"": 330}]"
5,287,6,1,KCQA,"(6, 1, 21, 1)",411,4,15,"[{""A_start"": 0, ""service_lookup_id"": 180, ""transition_samples"": 411}]"
5,288,6,1,KCQA,"(6, 1, 22, 1)",530,4,19,"[{""A_start"": 0, ""service_lookup_id"": 180, ""transition_samples"": 530}]"
5,289,6,1,KCQA,"(6, 1, 23, 1)",649,4,20,"[{""A_start"": 0, ""service_lookup_id"": 180, ""transition_samples"": 649}]"
5,290,6,1,KCQA,"(6, 1, 24, 1)",757,4,25,"[{""A_start"": 0, ""service_lookup_id"": 180, ""transition_samples"": 757}]"
5,291,6,1,KCQA,"(6, 1, 25, 1)",869,4,23,"[{""A_start"": 0, ""service_lookup_id"": 180, ""transition_samples"": 869}]"
5,292,6,1,KCQA,"(6, 1, 26, 1)",1129,4,23,"[{""A_start"": 0, ""service_lookup_id"": 180, ""transition_samples"": 1129}]"
5,293,6,1,KCQA,"(6, 1, 27, 1)",1404,4,24,"[{""A_start"": 0, ""service_lookup_id"": 180, ""transition_samples"": 1404}]"
5,294,6,1,KCQA,"(6, 1, 28, 1)",1650,4,22,"[{""A_start"": 0, ""service_lookup_id"": 180, ""transition_samples"": 1650}]"
5,295,6,1,KCQA,"(6, 1, 29, 1)",1775,4,20,"[{""A_start"": 0, ""service_lookup_id"": 180, ""transition_samples"": 1775}]"
5,296,6,1,KCQA,"(6, 1, 30, 1)",1887,4,22,"[{""A_start"": 0, ""service_lookup_id"": 180, ""transition_samples"": 1887}]"
5,297,6,1,KCQA,"(6, 1, 31, 1)",1836,4,12,"[{""A_start"": 0, ""service_lookup_id"": 180, ""transition_samples"": 1836}]"
5,298,6,1,KCQA,"(6, 1, 32, 1)",1698,4,10,"[{""A_start"": 0, ""service_lookup_id"": 180, ""transition_samples"": 1698}]"
5,299,6,1,KCQA,"(6, 1, 33, 1)",1531,4,13,"[{""A_start"": 0, ""service_lookup_id"": 180, ""transition_samples"": 1531}]"
5,300,6,1,KCQA,"(6, 1, 34, 1)",1297,4,15,"[{""A_start"": 0, ""service_lookup_id"": 180, ""transition_samples"": 1297}]"
5,301,6,1,KCQA,"(6, 1, 35, 1)",1115,4,18,"[{""A_start"": 0, ""service_lookup_id"": 180, ""transition_samples"": 1115}]"
5,302,6,1,KCQA,"(6, 1, 36, 1)",976,4,25,"[{""A_start"": 0, ""service_lookup_id"": 180, ""transition_samples"": 976}]"
5,303,6,1,KCQA,"(6, 1, 37, 1)",779,4,25,"[{""A_start"": 0, ""service_lookup_id"": 180, ""transition_samples"": 779}]"
5,304,6,1,KCQA,"(6, 1, 38, 1)",630,4,22,"[{""A_start"": 0, ""service_lookup_id"": 180, ""transition_samples"": 630}]"
5,305,6,1,KCQA,"(6, 1, 39, 1)",475,4,24,"[{""A_start"": 0, ""service_lookup_id"": 180, ""transition_samples"": 475}]"
5,306,6,1,KCQA,"(6, 1, 40, 1)",309,4,23,"[{""A_start"": 0, ""service_lookup_id"": 180, ""transition_samples"": 309}]"
5,307,6,1,KCQA,"(6, 1, 41, 1)",228,4,14,"[{""A_start"": 0, ""service_lookup_id"": 180, ""transition_samples"": 228}]"
5,308,6,2,KCQA,"(6, 2, 0, 0)",7023,4,1757,"[{""A_start"": 0, ""service_lookup_id"": 181, ""transition_samples"": 7023}]"
5,309,6,2,KCQA,"(6, 2, 0, 1)",6351,4,1554,"[{""A_start"": 1, ""service_lookup_id"": 182, ""transition_samples"": 6351}]"
5,310,6,2,KCQA,"(6, 2, 0, 2)",5901,4,1450,"[{""A_start"": 1, ""service_lookup_id"": 182, ""transition_samples"": 5901}]"
5,311,6,2,KCQA,"(6, 2, 1, 0)",675,4,204,"[{""A_start"": 1, ""service_lookup_id"": 182, ""transition_samples"": 675}]"
5,312,6,2,KCQA,"(6, 2, 1, 1)",1090,4,289,"[{""A_start"": 1, ""service_lookup_id"": 182, ""transition_samples"": 1090}]"
5,313,6,2,KCQA,"(6, 2, 1, 2)",6726,4,1682,"[{""A_start"": 1, ""service_lookup_id"": 182, ""transition_samples"": 6726}]"
5,314,6,2,KCQ,"(6, 2, 2)",7325,4,19,"[{""A_start"": 1, ""service_lookup_id"": 182, ""transition_samples"": 7325}]"
5,315,6,2,KCQA,"(6, 2, 2, 1)",307,4,78,"[{""A_start"": 1, ""service_lookup_id"": 182, ""transition_samples"": 307}]"
5,316,6,2,KCQA,"(6, 2, 2, 2)",6977,4,1747,"[{""A_start"": 1, ""service_lookup_id"": 182, ""transition_samples"": 6977}]"
5,317,6,2,KCQ,"(6, 2, 3)",7064,4,19,"[{""A_start"": 1, ""service_lookup_id"": 182, ""transition_samples"": 7064}]"
5,318,6,2,KCQA,"(6, 2, 3, 2)",6987,4,1754,"[{""A_start"": 1, ""service_lookup_id"": 182, ""transition_samples"": 6987}]"
5,319,6,2,KCA,"(6, 2, 1)",7849,4,3,"[{""A_start"": 1, ""service_lookup_id"": 182, ""transition_samples"": 7849}]"
5,320,6,2,KCA,"(6, 2, 2)",27390,4,193,"[{""A_start"": 1, ""service_lookup_id"": 182, ""transition_samples"": 27390}]"
5,321,6,3,KCQA,"(6, 3, 0, 0)",7075,4,1764,"[{""A_start"": 0, ""service_lookup_id"": 183, ""transition_samples"": 7075}]"
5,322,6,3,KCQA,"(6, 3, 0, 1)",6407,4,1597,"[{""A_start"": 0, ""service_lookup_id"": 183, ""transition_samples"": 1}, {""A_start"": 1, ""service_lookup_id"": 184, ""transition_samples"": 6406}]"
5,323,6,3,KCQA,"(6, 3, 0, 2)",5903,4,1473,"[{""A_start"": 1, ""service_lookup_id"": 184, ""transition_samples"": 1}, {""A_start"": 2, ""service_lookup_id"": 185, ""transition_samples"": 5902}]"
5,324,6,3,KCQA,"(6, 3, 0, 3)",5453,4,1343,"[{""A_start"": 2, ""service_lookup_id"": 185, ""transition_samples"": 5453}]"
5,325,6,3,KCQA,"(6, 3, 1, 0)",676,4,169,"[{""A_start"": 1, ""service_lookup_id"": 184, ""transition_samples"": 676}]"
5,326,6,3,KCQA,"(6, 3, 1, 1)",1123,4,281,"[{""A_start"": 2, ""service_lookup_id"": 185, ""transition_samples"": 1123}]"
5,327,6,3,KCQA,"(6, 3, 1, 2)",1490,4,387,"[{""A_start"": 2, ""service_lookup_id"": 185, ""transition_samples"": 1490}]"
5,328,6,3,KCQA,"(6, 3, 1, 3)",6624,4,1647,"[{""A_start"": 2, ""service_lookup_id"": 185, ""transition_samples"": 6624}]"
5,329,6,3,KCQ,"(6, 3, 2)",7595,4,47,"[{""A_start"": 2, ""service_lookup_id"": 185, ""transition_samples"": 7595}]"
5,330,6,3,KCQA,"(6, 3, 2, 2)",444,4,112,"[{""A_start"": 2, ""service_lookup_id"": 185, ""transition_samples"": 444}]"
5,331,6,3,KCQA,"(6, 3, 2, 3)",6958,4,1739,"[{""A_start"": 2, ""service_lookup_id"": 185, ""transition_samples"": 6958}]"
5,332,6,3,KCA,"(6, 3, 1)",7689,4,9,"[{""A_start"": 0, ""service_lookup_id"": 183, ""transition_samples"": 1}, {""A_start"": 1, ""service_lookup_id"": 184, ""transition_samples"": 6406}, {""A_start"": 2, ""service_lookup_id"": 185, ""transition_samples"": 1282}]"
5,333,6,3,KCA,"(6, 3, 2)",7963,4,30,"[{""A_start"": 1, ""service_lookup_id"": 184, ""transition_samples"": 1}, {""A_start"": 2, ""service_lookup_id"": 185, ""transition_samples"": 7962}]"
5,334,6,3,KCA,"(6, 3, 3)",19508,4,130,"[{""A_start"": 2, ""service_lookup_id"": 185, ""transition_samples"": 19508}]"
5,335,6,4,KCQA,"(6, 4, 0, 0)",7081,4,1760,"[{""A_start"": 0, ""service_lookup_id"": 186, ""transition_samples"": 7081}]"
5,336,6,4,KCQA,"(6, 4, 0, 1)",6163,4,1282,"[{""A_start"": 0, ""service_lookup_id"": 186, ""transition_samples"": 1}, {""A_start"": 1, ""service_lookup_id"": 187, ""transition_samples"": 6162}]"
5,337,6,4,KCQA,"(6, 4, 0, 2)",5736,4,1252,"[{""A_start"": 1, ""service_lookup_id"": 187, ""transition_samples"": 1}, {""A_start"": 2, ""service_lookup_id"": 188, ""transition_samples"": 5735}]"
5,338,6,4,KCQA,"(6, 4, 0, 3)",5483,4,1355,"[{""A_start"": 2, ""service_lookup_id"": 188, ""transition_samples"": 1}, {""A_start"": 3, ""service_lookup_id"": 189, ""transition_samples"": 5482}]"
5,339,6,4,KCQA,"(6, 4, 0, 4)",5260,4,1432,"[{""A_start"": 3, ""service_lookup_id"": 189, ""transition_samples"": 5260}]"
5,340,6,4,KCQA,"(6, 4, 1, 0)",924,4,489,"[{""A_start"": 1, ""service_lookup_id"": 187, ""transition_samples"": 924}]"
5,341,6,4,KCQA,"(6, 4, 1, 1)",1296,4,453,"[{""A_start"": 1, ""service_lookup_id"": 187, ""transition_samples"": 1}, {""A_start"": 2, ""service_lookup_id"": 188, ""transition_samples"": 1295}]"
5,342,6,4,KCQA,"(6, 4, 1, 2)",1470,4,350,"[{""A_start"": 3, ""service_lookup_id"": 189, ""transition_samples"": 1470}]"
5,343,6,4,KCQA,"(6, 4, 1, 3)",1608,4,295,"[{""A_start"": 3, ""service_lookup_id"": 189, ""transition_samples"": 1608}]"
5,344,6,4,KCQA,"(6, 4, 1, 4)",6679,4,1731,"[{""A_start"": 3, ""service_lookup_id"": 189, ""transition_samples"": 6679}]"
5,345,6,4,KCQ,"(6, 4, 2)",828,4,147,"[{""A_start"": 2, ""service_lookup_id"": 188, ""transition_samples"": 64}, {""A_start"": 3, ""service_lookup_id"": 189, ""transition_samples"": 764}]"
5,346,6,4,KCQA,"(6, 4, 2, 2)",214,4,51,"[{""A_start"": 3, ""service_lookup_id"": 189, ""transition_samples"": 214}]"
5,347,6,4,KCQA,"(6, 4, 2, 3)",388,4,36,"[{""A_start"": 3, ""service_lookup_id"": 189, ""transition_samples"": 388}]"
5,348,6,4,KCA,"(6, 4, 0)",8069,4,12,"[{""A_start"": 0, ""service_lookup_id"": 186, ""transition_samples"": 7081}, {""A_start"": 1, ""service_lookup_id"": 187, ""transition_samples"": 924}, {""A_start"": 2, ""service_lookup_id"": 188, ""transition_samples"": 64}]"
5,349,6,4,KCA,"(6, 4, 1)",7619,4,8,"[{""A_start"": 0, ""service_lookup_id"": 186, ""transition_samples"": 1}, {""A_start"": 1, ""service_lookup_id"": 187, ""transition_samples"": 6163}, {""A_start"": 2, ""service_lookup_id"": 188, ""transition_samples"": 1295}, {""A_start"": 3, ""service_lookup_id"": 189, ""transition_samples"": 160}]"
5,350,6,4,KCA,"(6, 4, 2)",7448,4,2,"[{""A_start"": 1, ""service_lookup_id"": 187, ""transition_samples"": 1}, {""A_start"": 2, ""service_lookup_id"": 188, ""transition_samples"": 5735}, {""A_start"": 3, ""service_lookup_id"": 189, ""transition_samples"": 1712}]"
5,351,6,4,KCA,"(6, 4, 4)",12192,4,89,"[{""A_start"": 3, ""service_lookup_id"": 189, ""transition_samples"": 12192}]"
5,352,6,5,KCQA,"(6, 5, 0, 0)",6903,4,1735,"[{""A_start"": 0, ""service_lookup_id"": 190, ""transition_samples"": 6903}]"
5,353,6,5,KCQA,"(6, 5, 0, 1)",5918,4,1516,"[{""A_start"": 0, ""service_lookup_id"": 190, ""transition_samples"": 9}, {""A_start"": 1, ""service_lookup_id"": 191, ""transition_samples"": 5909}]"
5,354,6,5,KCQA,"(6, 5, 0, 2)",5487,4,1361,"[{""A_start"": 1, ""service_lookup_id"": 191, ""transition_samples"": 4}, {""A_start"": 2, ""service_lookup_id"": 192, ""transition_samples"": 5483}]"
5,355,6,5,KCQA,"(6, 5, 0, 3)",5148,4,1323,"[{""A_start"": 2, ""service_lookup_id"": 192, ""transition_samples"": 3}, {""A_start"": 3, ""service_lookup_id"": 193, ""transition_samples"": 5145}]"
5,356,6,5,KCQA,"(6, 5, 0, 4)",5134,4,1292,"[{""A_start"": 3, ""service_lookup_id"": 193, ""transition_samples"": 3}, {""A_start"": 4, ""service_lookup_id"": 194, ""transition_samples"": 5131}]"
5,357,6,5,KCQA,"(6, 5, 0, 5)",5565,4,1407,"[{""A_start"": 4, ""service_lookup_id"": 194, ""transition_samples"": 5565}]"
5,358,6,5,KCQA,"(6, 5, 1, 0)",1057,4,231,"[{""A_start"": 1, ""service_lookup_id"": 191, ""transition_samples"": 1057}]"
5,359,6,5,KCQA,"(6, 5, 1, 1)",1400,4,367,"[{""A_start"": 1, ""service_lookup_id"": 191, ""transition_samples"": 2}, {""A_start"": 2, ""service_lookup_id"": 192, ""transition_samples"": 1398}]"
5,360,6,5,KCQA,"(6, 5, 1, 2)",1623,4,387,"[{""A_start"": 2, ""service_lookup_id"": 192, ""transition_samples"": 1}, {""A_start"": 3, ""service_lookup_id"": 193, ""transition_samples"": 1622}]"
5,361,6,5,KCQA,"(6, 5, 1, 3)",1585,4,398,"[{""A_start"": 4, ""service_lookup_id"": 194, ""transition_samples"": 1585}]"
5,362,6,5,KCQA,"(6, 5, 1, 4)",1200,4,286,"[{""A_start"": 4, ""service_lookup_id"": 194, ""transition_samples"": 1200}]"
5,363,6,5,KCQ,"(6, 5, 1)",6878,4,1,"[{""A_start"": 1, ""service_lookup_id"": 191, ""transition_samples"": 1059}, {""A_start"": 2, ""service_lookup_id"": 192, ""transition_samples"": 1399}, {""A_start"": 3, ""service_lookup_id"": 193, ""transition_samples"": 1622}, {""A_start"": 4, ""service_lookup_id"": 194, ""transition_samples"": 2798}]"
5,364,6,5,KCQ,"(6, 5, 2)",721,4,67,"[{""A_start"": 2, ""service_lookup_id"": 192, ""transition_samples"": 93}, {""A_start"": 3, ""service_lookup_id"": 193, ""transition_samples"": 201}, {""A_start"": 4, ""service_lookup_id"": 194, ""transition_samples"": 427}]"
5,365,6,5,KCQA,"(6, 5, 2, 1)",201,4,44,"[{""A_start"": 3, ""service_lookup_id"": 193, ""transition_samples"": 201}]"
5,366,6,5,KCQA,"(6, 5, 2, 2)",248,4,55,"[{""A_start"": 4, ""service_lookup_id"": 194, ""transition_samples"": 248}]"
5,367,6,5,KCA,"(6, 5, 1)",7543,4,4,"[{""A_start"": 0, ""service_lookup_id"": 190, ""transition_samples"": 9}, {""A_start"": 1, ""service_lookup_id"": 191, ""transition_samples"": 5911}, {""A_start"": 2, ""service_lookup_id"": 192, ""transition_samples"": 1398}, {""A_start"": 3, ""service_lookup_id"": 193, ""transition_samples"": 202}, {""A_start"": 4, ""service_lookup_id"": 194, ""transition_samples"": 23}]"
5,368,6,5,KCA,"(6, 5, 2)",7377,4,4,"[{""A_start"": 1, ""service_lookup_id"": 191, ""transition_samples"": 4}, {""A_start"": 2, ""service_lookup_id"": 192, ""transition_samples"": 5484}, {""A_start"": 3, ""service_lookup_id"": 193, ""transition_samples"": 1622}, {""A_start"": 4, ""service_lookup_id"": 194, ""transition_samples"": 267}]"
5,369,6,6,KCQA,"(6, 6, 0, 0)",6924,4,1730,"[{""A_start"": 0, ""service_lookup_id"": 195, ""transition_samples"": 6924}]"
5,370,6,6,KCQA,"(6, 6, 0, 1)",6219,4,1584,"[{""A_start"": 0, ""service_lookup_id"": 195, ""transition_samples"": 2}, {""A_start"": 1, ""service_lookup_id"": 196, ""transition_samples"": 6217}]"
5,371,6,6,KCQA,"(6, 6, 0, 2)",5836,4,1473,"[{""A_start"": 1, ""service_lookup_id"": 196, ""transition_samples"": 3}, {""A_start"": 2, ""service_lookup_id"": 197, ""transition_samples"": 5833}]"
5,372,6,6,KCQA,"(6, 6, 0, 3)",5529,4,1419,"[{""A_start"": 2, ""service_lookup_id"": 197, ""transition_samples"": 2}, {""A_start"": 3, ""service_lookup_id"": 198, ""transition_samples"": 5527}]"
5,373,6,6,KCQA,"(6, 6, 0, 4)",5416,4,1377,"[{""A_start"": 3, ""service_lookup_id"": 198, ""transition_samples"": 1}, {""A_start"": 4, ""service_lookup_id"": 199, ""transition_samples"": 5415}]"
5,374,6,6,KCQA,"(6, 6, 0, 5)",5446,4,1350,"[{""A_start"": 5, ""service_lookup_id"": 200, ""transition_samples"": 5446}]"
5,375,6,6,KCQ,"(6, 6, 0)",35378,4,2,"[{""A_start"": 0, ""service_lookup_id"": 195, ""transition_samples"": 6926}, {""A_start"": 1, ""service_lookup_id"": 196, ""transition_samples"": 6220}, {""A_start"": 2, ""service_lookup_id"": 197, ""transition_samples"": 5835}, {""A_start"": 3, ""service_lookup_id"": 198, ""transition_samples"": 5528}, {""A_start"": 4, ""service_lookup_id"": 199, ""transition_samples"": 5415}, {""A_start"": 5, ""service_lookup_id"": 200, ""transition_samples"": 5454}]"
5,376,6,6,KCQA,"(6, 6, 1, 0)",720,4,151,"[{""A_start"": 1, ""service_lookup_id"": 196, ""transition_samples"": 720}]"
5,377,6,6,KCQA,"(6, 6, 1, 1)",1062,4,261,"[{""A_start"": 2, ""service_lookup_id"": 197, ""transition_samples"": 1062}]"
5,378,6,6,KCQA,"(6, 6, 1, 2)",1295,4,293,"[{""A_start"": 2, ""service_lookup_id"": 197, ""transition_samples"": 1}, {""A_start"": 3, ""service_lookup_id"": 198, ""transition_samples"": 1294}]"
5,379,6,6,KCQA,"(6, 6, 1, 3)",1347,4,329,"[{""A_start"": 3, ""service_lookup_id"": 198, ""transition_samples"": 1}, {""A_start"": 4, ""service_lookup_id"": 199, ""transition_samples"": 1346}]"
5,380,6,6,KCQA,"(6, 6, 1, 4)",1319,4,343,"[{""A_start"": 4, ""service_lookup_id"": 199, ""transition_samples"": 1}, {""A_start"": 5, ""service_lookup_id"": 200, ""transition_samples"": 1318}]"
5,381,6,6,KCQ,"(6, 6, 1)",5748,4,1,"[{""A_start"": 1, ""service_lookup_id"": 196, ""transition_samples"": 720}, {""A_start"": 2, ""service_lookup_id"": 197, ""transition_samples"": 1063}, {""A_start"": 3, ""service_lookup_id"": 198, ""transition_samples"": 1295}, {""A_start"": 4, ""service_lookup_id"": 199, ""transition_samples"": 1347}, {""A_start"": 5, ""service_lookup_id"": 200, ""transition_samples"": 1323}]"
5,382,6,6,KCQ,"(6, 6, 2)",528,4,109,"[{""A_start"": 2, ""service_lookup_id"": 197, ""transition_samples"": 49}, {""A_start"": 3, ""service_lookup_id"": 198, ""transition_samples"": 128}, {""A_start"": 4, ""service_lookup_id"": 199, ""transition_samples"": 182}, {""A_start"": 5, ""service_lookup_id"": 200, ""transition_samples"": 169}]"
5,383,6,6,KCA,"(6, 6, 1)",7419,4,1,"[{""A_start"": 0, ""service_lookup_id"": 195, ""transition_samples"": 2}, {""A_start"": 1, ""service_lookup_id"": 196, ""transition_samples"": 6217}, {""A_start"": 2, ""service_lookup_id"": 197, ""transition_samples"": 1062}, {""A_start"": 3, ""service_lookup_id"": 198, ""transition_samples"": 128}, {""A_start"": 4, ""service_lookup_id"": 199, ""transition_samples"": 10}]"
5,384,6,6,KCA,"(6, 6, 2)",7327,4,1,"[{""A_start"": 1, ""service_lookup_id"": 196, ""transition_samples"": 3}, {""A_start"": 2, ""service_lookup_id"": 197, ""transition_samples"": 5834}, {""A_start"": 3, ""service_lookup_id"": 198, ""transition_samples"": 1294}, {""A_start"": 4, ""service_lookup_id"": 199, ""transition_samples"": 182}, {""A_start"": 5, ""service_lookup_id"": 200, ""transition_samples"": 14}]"
5,385,6,7,KCQA,"(6, 7, 0, 0)",6912,4,1733,"[{""A_start"": 0, ""service_lookup_id"": 201, ""transition_samples"": 6912}]"
5,386,6,7,KCQA,"(6, 7, 0, 1)",6228,4,1547,"[{""A_start"": 0, ""service_lookup_id"": 201, ""transition_samples"": 5}, {""A_start"": 1, ""service_lookup_id"": 202, ""transition_samples"": 6223}]"
5,387,6,7,KCQA,"(6, 7, 0, 2)",5693,4,1466,"[{""A_start"": 1, ""service_lookup_id"": 202, ""transition_samples"": 1}, {""A_start"": 2, ""service_lookup_id"": 203, ""transition_samples"": 5692}]"
5,388,6,7,KCQA,"(6, 7, 0, 3)",5370,4,1342,"[{""A_start"": 2, ""service_lookup_id"": 203, ""transition_samples"": 1}, {""A_start"": 3, ""service_lookup_id"": 204, ""transition_samples"": 5369}]"
5,389,6,7,KCQA,"(6, 7, 0, 4)",5226,4,1293,"[{""A_start"": 3, ""service_lookup_id"": 204, ""transition_samples"": 2}, {""A_start"": 4, ""service_lookup_id"": 205, ""transition_samples"": 5224}]"
5,390,6,7,KCQA,"(6, 7, 0, 5)",5402,4,1346,"[{""A_start"": 5, ""service_lookup_id"": 206, ""transition_samples"": 5402}]"
5,391,6,7,KCQ,"(6, 7, 0)",34850,4,2,"[{""A_start"": 0, ""service_lookup_id"": 201, ""transition_samples"": 6917}, {""A_start"": 1, ""service_lookup_id"": 202, ""transition_samples"": 6224}, {""A_start"": 2, ""service_lookup_id"": 203, ""transition_samples"": 5693}, {""A_start"": 3, ""service_lookup_id"": 204, ""transition_samples"": 5371}, {""A_start"": 4, ""service_lookup_id"": 205, ""transition_samples"": 5224}, {""A_start"": 5, ""service_lookup_id"": 206, ""transition_samples"": 5403}, {""A_start"": 6, ""service_lookup_id"": 207, ""transition_samples"": 18}]"
5,392,6,7,KCQA,"(6, 7, 1, 0)",710,4,186,"[{""A_start"": 1, ""service_lookup_id"": 202, ""transition_samples"": 710}]"
5,393,6,7,KCQA,"(6, 7, 1, 1)",1161,4,261,"[{""A_start"": 2, ""service_lookup_id"": 203, ""transition_samples"": 1161}]"
5,394,6,7,KCQA,"(6, 7, 1, 2)",1418,4,372,"[{""A_start"": 3, ""service_lookup_id"": 204, ""transition_samples"": 1418}]"
5,395,6,7,KCQA,"(6, 7, 1, 3)",1484,4,403,"[{""A_start"": 4, ""service_lookup_id"": 205, ""transition_samples"": 1484}]"
5,396,6,7,KCQA,"(6, 7, 1, 4)",1295,4,332,"[{""A_start"": 5, ""service_lookup_id"": 206, ""transition_samples"": 1295}]"
5,397,6,7,KCQ,"(6, 7, 1)",6071,4,1,"[{""A_start"": 1, ""service_lookup_id"": 202, ""transition_samples"": 710}, {""A_start"": 2, ""service_lookup_id"": 203, ""transition_samples"": 1161}, {""A_start"": 3, ""service_lookup_id"": 204, ""transition_samples"": 1418}, {""A_start"": 4, ""service_lookup_id"": 205, ""transition_samples"": 1484}, {""A_start"": 5, ""service_lookup_id"": 206, ""transition_samples"": 1295}, {""A_start"": 6, ""service_lookup_id"": 207, ""transition_samples"": 3}]"
5,398,6,7,KCQ,"(6, 7, 2)",647,4,33,"[{""A_start"": 2, ""service_lookup_id"": 203, ""transition_samples"": 74}, {""A_start"": 3, ""service_lookup_id"": 204, ""transition_samples"": 146}, {""A_start"": 4, ""service_lookup_id"": 205, ""transition_samples"": 209}, {""A_start"": 5, ""service_lookup_id"": 206, ""transition_samples"": 218}]"
5,399,6,7,KCQA,"(6, 7, 2, 2)",209,4,40,"[{""A_start"": 4, ""service_lookup_id"": 205, ""transition_samples"": 209}]"
5,400,6,7,KCQA,"(6, 7, 2, 3)",218,4,57,"[{""A_start"": 5, ""service_lookup_id"": 206, ""transition_samples"": 218}]"
5,401,6,7,KCA,"(6, 7, 1)",7550,4,2,"[{""A_start"": 0, ""service_lookup_id"": 201, ""transition_samples"": 5}, {""A_start"": 1, ""service_lookup_id"": 202, ""transition_samples"": 6223}, {""A_start"": 2, ""service_lookup_id"": 203, ""transition_samples"": 1161}, {""A_start"": 3, ""service_lookup_id"": 204, ""transition_samples"": 146}, {""A_start"": 4, ""service_lookup_id"": 205, ""transition_samples"": 14}, {""A_start"": 5, ""service_lookup_id"": 206, ""transition_samples"": 1}]"
5,402,6,7,KCA,"(6, 7, 2)",7336,4,1,"[{""A_start"": 1, ""service_lookup_id"": 202, ""transition_samples"": 1}, {""A_start"": 2, ""service_lookup_id"": 203, ""transition_samples"": 5692}, {""A_start"": 3, ""service_lookup_id"": 204, ""transition_samples"": 1418}, {""A_start"": 4, ""service_lookup_id"": 205, ""transition_samples"": 209}, {""A_start"": 5, ""service_lookup_id"": 206, ""transition_samples"": 16}]"
5,403,6,7,KC,"(6, 7)",41607,4,2,"[{""A_start"": 0, ""service_lookup_id"": 201, ""transition_samples"": 6917}, {""A_start"": 1, ""service_lookup_id"": 202, ""transition_samples"": 6934}, {""A_start"": 2, ""service_lookup_id"": 203, ""transition_samples"": 6928}, {""A_start"": 3, ""service_lookup_id"": 204, ""transition_samples"": 6942}, {""A_start"": 4, ""service_lookup_id"": 205, ""transition_samples"": 6932}, {""A_start"": 5, ""service_lookup_id"": 206, ""transition_samples"": 6933}, {""A_start"": 6, ""service_lookup_id"": 207, ""transition_samples"": 21}]"
5,404,6,8,KCQA,"(6, 8, 0, 0)",6912,4,1730,"[{""A_start"": 0, ""service_lookup_id"": 208, ""transition_samples"": 6912}]"
5,405,6,8,KCQA,"(6, 8, 0, 1)",6177,4,1561,"[{""A_start"": 0, ""service_lookup_id"": 208, ""transition_samples"": 4}, {""A_start"": 1, ""service_lookup_id"": 209, ""transition_samples"": 6173}]"
5,406,6,8,KCQA,"(6, 8, 0, 2)",5765,4,1458,"[{""A_start"": 1, ""service_lookup_id"": 209, ""transition_samples"": 3}, {""A_start"": 2, ""service_lookup_id"": 210, ""transition_samples"": 5762}]"
5,407,6,8,KCQA,"(6, 8, 0, 3)",5426,4,1360,"[{""A_start"": 2, ""service_lookup_id"": 210, ""transition_samples"": 3}, {""A_start"": 3, ""service_lookup_id"": 211, ""transition_samples"": 5423}]"
5,408,6,8,KCQA,"(6, 8, 0, 4)",5319,4,1325,"[{""A_start"": 4, ""service_lookup_id"": 212, ""transition_samples"": 5319}]"
5,409,6,8,KCQA,"(6, 8, 0, 5)",5436,4,1359,"[{""A_start"": 4, ""service_lookup_id"": 212, ""transition_samples"": 1}, {""A_start"": 5, ""service_lookup_id"": 213, ""transition_samples"": 5435}]"
5,410,6,8,KCQ,"(6, 8, 0)",35046,4,1,"[{""A_start"": 0, ""service_lookup_id"": 208, ""transition_samples"": 6916}, {""A_start"": 1, ""service_lookup_id"": 209, ""transition_samples"": 6176}, {""A_start"": 2, ""service_lookup_id"": 210, ""transition_samples"": 5765}, {""A_start"": 3, ""service_lookup_id"": 211, ""transition_samples"": 5423}, {""A_start"": 4, ""service_lookup_id"": 212, ""transition_samples"": 5320}, {""A_start"": 5, ""service_lookup_id"": 213, ""transition_samples"": 5435}, {""A_start"": 6, ""service_lookup_id"": 214, ""transition_samples"": 8}, {""A_start"": 7, ""service_lookup_id"": 215, ""transition_samples"": 3}]"
5,411,6,8,KCQA,"(6, 8, 1, 0)",759,4,174,"[{""A_start"": 1, ""service_lookup_id"": 209, ""transition_samples"": 759}]"
5,412,6,8,KCQA,"(6, 8, 1, 1)",1116,4,261,"[{""A_start"": 1, ""service_lookup_id"": 209, ""transition_samples"": 1}, {""A_start"": 2, ""service_lookup_id"": 210, ""transition_samples"": 1115}]"
5,413,6,8,KCQA,"(6, 8, 1, 2)",1363,4,341,"[{""A_start"": 3, ""service_lookup_id"": 211, ""transition_samples"": 1363}]"
5,414,6,8,KCQA,"(6, 8, 1, 3)",1419,4,373,"[{""A_start"": 4, ""service_lookup_id"": 212, ""transition_samples"": 1419}]"
5,415,6,8,KCQA,"(6, 8, 1, 4)",1313,4,325,"[{""A_start"": 5, ""service_lookup_id"": 213, ""transition_samples"": 1313}]"
5,416,6,8,KCQ,"(6, 8, 2)",573,4,137,"[{""A_start"": 2, ""service_lookup_id"": 210, ""transition_samples"": 61}, {""A_start"": 3, ""service_lookup_id"": 211, ""transition_samples"": 147}, {""A_start"": 4, ""service_lookup_id"": 212, ""transition_samples"": 195}, {""A_start"": 5, ""service_lookup_id"": 213, ""transition_samples"": 169}, {""A_start"": 7, ""service_lookup_id"": 215, ""transition_samples"": 1}]"
5,417,6,8,KCA,"(6, 8, 0)",7738,4,1,"[{""A_start"": 0, ""service_lookup_id"": 208, ""transition_samples"": 6912}, {""A_start"": 1, ""service_lookup_id"": 209, ""transition_samples"": 759}, {""A_start"": 2, ""service_lookup_id"": 210, ""transition_samples"": 61}, {""A_start"": 3, ""service_lookup_id"": 211, ""transition_samples"": 6}]"
5,418,6,8,KCA,"(6, 8, 1)",7449,4,3,"[{""A_start"": 0, ""service_lookup_id"": 208, ""transition_samples"": 4}, {""A_start"": 1, ""service_lookup_id"": 209, ""transition_samples"": 6174}, {""A_start"": 2, ""service_lookup_id"": 210, ""transition_samples"": 1115}, {""A_start"": 3, ""service_lookup_id"": 211, ""transition_samples"": 147}, {""A_start"": 4, ""service_lookup_id"": 212, ""transition_samples"": 9}]"
5,419,6,8,KCA,"(6, 8, 2)",7339,4,1,"[{""A_start"": 1, ""service_lookup_id"": 209, ""transition_samples"": 3}, {""A_start"": 2, ""service_lookup_id"": 210, ""transition_samples"": 5762}, {""A_start"": 3, ""service_lookup_id"": 211, ""transition_samples"": 1363}, {""A_start"": 4, ""service_lookup_id"": 212, ""transition_samples"": 195}, {""A_start"": 5, ""service_lookup_id"": 213, ""transition_samples"": 16}]"
5,420,7,1,KCA,"(7, 1, 1)",50115,4,12542,"[{""A_start"": 0, ""service_lookup_id"": 216, ""transition_samples"": 50115}]"
5,421,7,2,KCQA,"(7, 2, 0, 0)",933,3,876,"[{""A_start"": 0, ""service_lookup_id"": 217, ""transition_samples"": 933}]"
5,422,7,2,KCQA,"(7, 2, 0, 1)",1439,3,1276,"[{""A_start"": 0, ""service_lookup_id"": 217, ""transition_samples"": 81}, {""A_start"": 1, ""service_lookup_id"": 218, ""transition_samples"": 1358}]"
5,423,7,2,KCQA,"(7, 2, 0, 2)",1219,3,1089,"[{""A_start"": 1, ""service_lookup_id"": 218, ""transition_samples"": 1219}]"
5,424,7,2,KCQ,"(7, 2, 1)",1862,3,180,"[{""A_start"": 1, ""service_lookup_id"": 218, ""transition_samples"": 1862}]"
5,425,7,2,KCQA,"(7, 2, 1, 1)",271,3,261,"[{""A_start"": 1, ""service_lookup_id"": 218, ""transition_samples"": 271}]"
5,426,7,2,KCQA,"(7, 2, 1, 2)",1424,3,1227,"[{""A_start"": 1, ""service_lookup_id"": 218, ""transition_samples"": 1424}]"
5,427,7,2,KCQ,"(7, 2, 2)",1537,3,81,"[{""A_start"": 1, ""service_lookup_id"": 218, ""transition_samples"": 1537}]"
5,428,7,2,KCQA,"(7, 2, 2, 2)",1463,3,1287,"[{""A_start"": 1, ""service_lookup_id"": 218, ""transition_samples"": 1463}]"
5,429,7,2,KCQ,"(7, 2, 3)",1490,3,16,"[{""A_start"": 1, ""service_lookup_id"": 218, ""transition_samples"": 1490}]"
5,430,7,2,KCQA,"(7, 2, 3, 2)",1480,3,1312,"[{""A_start"": 1, ""service_lookup_id"": 218, ""transition_samples"": 1480}]"
5,431,7,2,KCQ,"(7, 2, 4)",1461,3,2,"[{""A_start"": 1, ""service_lookup_id"": 218, ""transition_samples"": 1461}]"
5,432,7,2,KCQA,"(7, 2, 4, 2)",1459,3,1295,"[{""A_start"": 1, ""service_lookup_id"": 218, ""transition_samples"": 1459}]"
5,433,7,2,KCA,"(7, 2, 2)",47223,4,106,"[{""A_start"": 1, ""service_lookup_id"": 218, ""transition_samples"": 47223}]"
5,434,7,2,KCQA,"(7, 2, 9, 2)",240,4,26,"[{""A_start"": 1, ""service_lookup_id"": 218, ""transition_samples"": 240}]"
5,435,7,2,KCQA,"(7, 2, 10, 2)",296,4,25,"[{""A_start"": 1, ""service_lookup_id"": 218, ""transition_samples"": 296}]"
5,436,7,2,KCQA,"(7, 2, 11, 2)",395,4,24,"[{""A_start"": 1, ""service_lookup_id"": 218, ""transition_samples"": 395}]"
5,437,7,2,KCQA,"(7, 2, 12, 2)",453,4,24,"[{""A_start"": 1, ""service_lookup_id"": 218, ""transition_samples"": 453}]"
5,438,7,2,KCQA,"(7, 2, 13, 2)",506,4,30,"[{""A_start"": 1, ""service_lookup_id"": 218, ""transition_samples"": 506}]"
5,439,7,2,KCQA,"(7, 2, 14, 2)",539,4,26,"[{""A_start"": 1, ""service_lookup_id"": 218, ""transition_samples"": 539}]"
5,440,7,2,KCQA,"(7, 2, 15, 2)",565,4,24,"[{""A_start"": 1, ""service_lookup_id"": 218, ""transition_samples"": 565}]"
5,441,7,2,KCQA,"(7, 2, 16, 2)",584,4,25,"[{""A_start"": 1, ""service_lookup_id"": 218, ""transition_samples"": 584}]"
5,442,7,2,KCQA,"(7, 2, 17, 2)",591,4,26,"[{""A_start"": 1, ""service_lookup_id"": 218, ""transition_samples"": 591}]"
5,443,7,2,KCQA,"(7, 2, 18, 2)",591,4,14,"[{""A_start"": 1, ""service_lookup_id"": 218, ""transition_samples"": 591}]"
5,444,7,2,KCQA,"(7, 2, 19, 2)",627,4,11,"[{""A_start"": 1, ""service_lookup_id"": 218, ""transition_samples"": 627}]"
5,445,7,2,KCQA,"(7, 2, 20, 2)",713,4,15,"[{""A_start"": 1, ""service_lookup_id"": 218, ""transition_samples"": 713}]"
5,446,7,2,KCQA,"(7, 2, 21, 2)",810,4,28,"[{""A_start"": 1, ""service_lookup_id"": 218, ""transition_samples"": 810}]"
5,447,7,2,KCQA,"(7, 2, 22, 2)",919,4,40,"[{""A_start"": 1, ""service_lookup_id"": 218, ""transition_samples"": 919}]"
5,448,7,2,KCQA,"(7, 2, 23, 2)",1089,4,40,"[{""A_start"": 1, ""service_lookup_id"": 218, ""transition_samples"": 1089}]"
5,449,7,2,KCQA,"(7, 2, 24, 2)",1211,4,45,"[{""A_start"": 1, ""service_lookup_id"": 218, ""transition_samples"": 1211}]"
5,450,7,2,KCQA,"(7, 2, 25, 2)",1204,4,45,"[{""A_start"": 1, ""service_lookup_id"": 218, ""transition_samples"": 1204}]"
5,451,7,2,KCQA,"(7, 2, 26, 2)",1156,4,33,"[{""A_start"": 1, ""service_lookup_id"": 218, ""transition_samples"": 1156}]"
5,452,7,2,KCQA,"(7, 2, 27, 2)",1172,4,22,"[{""A_start"": 1, ""service_lookup_id"": 218, ""transition_samples"": 1172}]"
5,453,7,2,KCQA,"(7, 2, 28, 2)",1172,4,19,"[{""A_start"": 1, ""service_lookup_id"": 218, ""transition_samples"": 1172}]"
5,454,7,2,KCQA,"(7, 2, 29, 2)",1120,4,19,"[{""A_start"": 1, ""service_lookup_id"": 218, ""transition_samples"": 1120}]"
5,455,7,2,KCQA,"(7, 2, 30, 2)",1077,4,15,"[{""A_start"": 1, ""service_lookup_id"": 218, ""transition_samples"": 1077}]"
5,456,7,2,KCQA,"(7, 2, 31, 2)",1003,4,23,"[{""A_start"": 1, ""service_lookup_id"": 218, ""transition_samples"": 1003}]"
5,457,7,2,KCQA,"(7, 2, 32, 2)",866,4,27,"[{""A_start"": 1, ""service_lookup_id"": 218, ""transition_samples"": 866}]"
5,458,7,2,KCQA,"(7, 2, 33, 2)",743,4,29,"[{""A_start"": 1, ""service_lookup_id"": 218, ""transition_samples"": 743}]"
5,459,7,2,KCQA,"(7, 2, 34, 2)",656,4,28,"[{""A_start"": 1, ""service_lookup_id"": 218, ""transition_samples"": 656}]"
5,460,7,2,KCQA,"(7, 2, 35, 2)",649,4,34,"[{""A_start"": 1, ""service_lookup_id"": 218, ""transition_samples"": 649}]"
5,461,7,2,KCQA,"(7, 2, 36, 2)",690,4,29,"[{""A_start"": 1, ""service_lookup_id"": 218, ""transition_samples"": 690}]"
5,462,7,2,KCQA,"(7, 2, 37, 2)",798,4,27,"[{""A_start"": 1, ""service_lookup_id"": 218, ""transition_samples"": 798}]"
5,463,7,2,KCQA,"(7, 2, 38, 2)",885,4,49,"[{""A_start"": 1, ""service_lookup_id"": 218, ""transition_samples"": 885}]"
5,464,7,2,KCQA,"(7, 2, 39, 2)",988,4,78,"[{""A_start"": 1, ""service_lookup_id"": 218, ""transition_samples"": 988}]"
5,465,7,2,KCQA,"(7, 2, 40, 2)",1157,4,110,"[{""A_start"": 1, ""service_lookup_id"": 218, ""transition_samples"": 1157}]"
5,466,7,2,KCQA,"(7, 2, 41, 2)",1317,4,155,"[{""A_start"": 1, ""service_lookup_id"": 218, ""transition_samples"": 1317}]"
5,467,7,2,KCQA,"(7, 2, 42, 2)",1438,4,199,"[{""A_start"": 1, ""service_lookup_id"": 218, ""transition_samples"": 1438}]"
5,468,7,2,KCQA,"(7, 2, 43, 2)",1580,4,261,"[{""A_start"": 1, ""service_lookup_id"": 218, ""transition_samples"": 1580}]"
5,469,7,2,KCQA,"(7, 2, 44, 2)",1615,4,295,"[{""A_start"": 1, ""service_lookup_id"": 218, ""transition_samples"": 1615}]"
5,470,7,2,KCQA,"(7, 2, 45, 2)",1596,4,304,"[{""A_start"": 1, ""service_lookup_id"": 218, ""transition_samples"": 1596}]"
5,471,7,2,KCQA,"(7, 2, 46, 2)",1442,4,318,"[{""A_start"": 1, ""service_lookup_id"": 218, ""transition_samples"": 1442}]"
5,472,7,2,KCQA,"(7, 2, 47, 2)",1211,4,323,"[{""A_start"": 1, ""service_lookup_id"": 218, ""transition_samples"": 1211}]"
5,473,7,2,KCQA,"(7, 2, 48, 2)",1021,4,266,"[{""A_start"": 1, ""service_lookup_id"": 218, ""transition_samples"": 1021}]"
5,474,7,2,KCQA,"(7, 2, 49, 2)",862,4,183,"[{""A_start"": 1, ""service_lookup_id"": 218, ""transition_samples"": 862}]"
5,475,7,2,KCQA,"(7, 2, 50, 2)",635,4,115,"[{""A_start"": 1, ""service_lookup_id"": 218, ""transition_samples"": 635}]"
5,476,7,2,KCQA,"(7, 2, 51, 2)",427,4,62,"[{""A_start"": 1, ""service_lookup_id"": 218, ""transition_samples"": 427}]"
5,477,7,2,KCQA,"(7, 2, 52, 2)",332,4,31,"[{""A_start"": 1, ""service_lookup_id"": 218, ""transition_samples"": 332}]"
5,478,7,2,KCQA,"(7, 2, 53, 2)",247,4,6,"[{""A_start"": 1, ""service_lookup_id"": 218, ""transition_samples"": 247}]"
5,479,7,3,KCQA,"(7, 3, 0, 0)",4240,4,1353,"[{""A_start"": 0, ""service_lookup_id"": 219, ""transition_samples"": 4240}]"
5,480,7,3,KCQA,"(7, 3, 0, 1)",5729,4,1559,"[{""A_start"": 0, ""service_lookup_id"": 219, ""transition_samples"": 232}, {""A_start"": 1, ""service_lookup_id"": 220, ""transition_samples"": 5497}]"
5,481,7,3,KCQA,"(7, 3, 0, 2)",4744,4,1304,"[{""A_start"": 1, ""service_lookup_id"": 220, ""transition_samples"": 118}, {""A_start"": 2, ""service_lookup_id"": 221, ""transition_samples"": 4626}]"
5,482,7,3,KCQA,"(7, 3, 0, 3)",4590,4,1265,"[{""A_start"": 2, ""service_lookup_id"": 221, ""transition_samples"": 4590}]"
5,483,7,3,KCQA,"(7, 3, 1, 0)",905,4,251,"[{""A_start"": 1, ""service_lookup_id"": 220, ""transition_samples"": 905}]"
5,484,7,3,KCQA,"(7, 3, 1, 1)",1534,4,383,"[{""A_start"": 1, ""service_lookup_id"": 220, ""transition_samples"": 134}, {""A_start"": 2, ""service_lookup_id"": 221, ""transition_samples"": 1400}]"
5,485,7,3,KCQA,"(7, 3, 1, 2)",1459,4,383,"[{""A_start"": 2, ""service_lookup_id"": 221, ""transition_samples"": 1459}]"
5,486,7,3,KCQA,"(7, 3, 1, 3)",5773,4,1564,"[{""A_start"": 2, ""service_lookup_id"": 221, ""transition_samples"": 5773}]"
5,487,7,3,KCQ,"(7, 3, 2)",6950,4,30,"[{""A_start"": 2, ""service_lookup_id"": 221, ""transition_samples"": 6950}]"
5,488,7,3,KCQA,"(7, 3, 2, 1)",239,4,48,"[{""A_start"": 2, ""service_lookup_id"": 221, ""transition_samples"": 239}]"
5,489,7,3,KCQA,"(7, 3, 2, 2)",450,4,120,"[{""A_start"": 2, ""service_lookup_id"": 221, ""transition_samples"": 450}]"
5,490,7,3,KCQA,"(7, 3, 2, 3)",6121,4,1667,"[{""A_start"": 2, ""service_lookup_id"": 221, ""transition_samples"": 6121}]"
5,491,7,3,KCQ,"(7, 3, 3)",6302,4,35,"[{""A_start"": 2, ""service_lookup_id"": 221, ""transition_samples"": 6302}]"
5,492,7,3,KCQA,"(7, 3, 3, 3)",6132,4,1679,"[{""A_start"": 2, ""service_lookup_id"": 221, ""transition_samples"": 6132}]"
5,493,7,3,KCQ,"(7, 3, 4)",221,4,50,"[{""A_start"": 2, ""service_lookup_id"": 221, ""transition_samples"": 221}]"
5,494,7,3,KCA,"(7, 3, 3)",30497,4,402,"[{""A_start"": 2, ""service_lookup_id"": 221, ""transition_samples"": 30497}]"
5,495,7,3,KCQA,"(7, 3, 13, 3)",207,4,8,"[{""A_start"": 2, ""service_lookup_id"": 221, ""transition_samples"": 207}]"
5,496,7,3,KCQA,"(7, 3, 14, 3)",222,4,11,"[{""A_start"": 2, ""service_lookup_id"": 221, ""transition_samples"": 222}]"
5,497,7,3,KCQA,"(7, 3, 15, 3)",248,4,13,"[{""A_start"": 2, ""service_lookup_id"": 221, ""transition_samples"": 248}]"
5,498,7,3,KCQA,"(7, 3, 16, 3)",293,4,17,"[{""A_start"": 2, ""service_lookup_id"": 221, ""transition_samples"": 293}]"
5,499,7,3,KCQA,"(7, 3, 17, 3)",313,4,21,"[{""A_start"": 2, ""service_lookup_id"": 221, ""transition_samples"": 313}]"
5,500,7,3,KCQA,"(7, 3, 18, 3)",352,4,27,"[{""A_start"": 2, ""service_lookup_id"": 221, ""transition_samples"": 352}]"
5,501,7,3,KCQA,"(7, 3, 19, 3)",386,4,24,"[{""A_start"": 2, ""service_lookup_id"": 221, ""transition_samples"": 386}]"
5,502,7,3,KCQA,"(7, 3, 20, 3)",407,4,25,"[{""A_start"": 2, ""service_lookup_id"": 221, ""transition_samples"": 407}]"
5,503,7,3,KCQA,"(7, 3, 21, 3)",417,4,24,"[{""A_start"": 2, ""service_lookup_id"": 221, ""transition_samples"": 417}]"
5,504,7,3,KCQA,"(7, 3, 22, 3)",400,4,20,"[{""A_start"": 2, ""service_lookup_id"": 221, ""transition_samples"": 400}]"
5,505,7,3,KCQA,"(7, 3, 23, 3)",346,4,16,"[{""A_start"": 2, ""service_lookup_id"": 221, ""transition_samples"": 346}]"
5,506,7,3,KCQA,"(7, 3, 24, 3)",310,4,19,"[{""A_start"": 2, ""service_lookup_id"": 221, ""transition_samples"": 310}]"
5,507,7,3,KCQA,"(7, 3, 25, 3)",284,4,23,"[{""A_start"": 2, ""service_lookup_id"": 221, ""transition_samples"": 284}]"
5,508,7,3,KCQA,"(7, 3, 26, 3)",281,4,22,"[{""A_start"": 2, ""service_lookup_id"": 221, ""transition_samples"": 281}]"
5,509,7,3,KCQA,"(7, 3, 27, 3)",282,4,28,"[{""A_start"": 2, ""service_lookup_id"": 221, ""transition_samples"": 282}]"
5,510,7,3,KCQA,"(7, 3, 28, 3)",287,4,31,"[{""A_start"": 2, ""service_lookup_id"": 221, ""transition_samples"": 287}]"
5,511,7,3,KCQA,"(7, 3, 29, 3)",280,4,34,"[{""A_start"": 2, ""service_lookup_id"": 221, ""transition_samples"": 280}]"
5,512,7,3,KCQA,"(7, 3, 30, 3)",248,4,34,"[{""A_start"": 2, ""service_lookup_id"": 221, ""transition_samples"": 248}]"
5,513,7,3,KCQA,"(7, 3, 31, 3)",223,4,32,"[{""A_start"": 2, ""service_lookup_id"": 221, ""transition_samples"": 223}]"
5,514,7,4,KCQA,"(7, 4, 0, 0)",5532,4,1393,"[{""A_start"": 0, ""service_lookup_id"": 222, ""transition_samples"": 5532}]"
5,515,7,4,KCQA,"(7, 4, 0, 1)",5322,4,1335,"[{""A_start"": 0, ""service_lookup_id"": 222, ""transition_samples"": 132}, {""A_start"": 1, ""service_lookup_id"": 223, ""transition_samples"": 5190}]"
5,516,7,4,KCQA,"(7, 4, 0, 2)",5404,4,1322,"[{""A_start"": 1, ""service_lookup_id"": 223, ""transition_samples"": 169}, {""A_start"": 2, ""service_lookup_id"": 224, ""transition_samples"": 5235}]"
5,517,7,4,KCQA,"(7, 4, 0, 3)",5715,4,1421,"[{""A_start"": 2, ""service_lookup_id"": 224, ""transition_samples"": 202}, {""A_start"": 3, ""service_lookup_id"": 225, ""transition_samples"": 5513}]"
5,518,7,4,KCQA,"(7, 4, 0, 4)",5435,4,1348,"[{""A_start"": 3, ""service_lookup_id"": 225, ""transition_samples"": 5435}]"
5,519,7,4,KCQA,"(7, 4, 1, 0)",1111,4,265,"[{""A_start"": 1, ""service_lookup_id"": 223, ""transition_samples"": 1111}]"
5,520,7,4,KCQA,"(7, 4, 1, 1)",1417,4,374,"[{""A_start"": 1, ""service_lookup_id"": 223, ""transition_samples"": 35}, {""A_start"": 2, ""service_lookup_id"": 224, ""transition_samples"": 1382}]"
5,521,7,4,KCQA,"(7, 4, 1, 2)",1514,4,381,"[{""A_start"": 1, ""service_lookup_id"": 223, ""transition_samples"": 5}, {""A_start"": 2, ""service_lookup_id"": 224, ""transition_samples"": 38}, {""A_start"": 3, ""service_lookup_id"": 225, ""transition_samples"": 1471}]"
5,522,7,4,KCQA,"(7, 4, 1, 3)",1539,4,400,"[{""A_start"": 2, ""service_lookup_id"": 224, ""transition_samples"": 20}, {""A_start"": 3, ""service_lookup_id"": 225, ""transition_samples"": 1519}]"
5,523,7,4,KCQA,"(7, 4, 1, 4)",6644,4,1651,"[{""A_start"": 3, ""service_lookup_id"": 225, ""transition_samples"": 6644}]"
5,524,7,4,KCQ,"(7, 4, 2)",7927,4,31,"[{""A_start"": 2, ""service_lookup_id"": 224, ""transition_samples"": 145}, {""A_start"": 3, ""service_lookup_id"": 225, ""transition_samples"": 7782}]"
5,525,7,4,KCQA,"(7, 4, 2, 1)",227,4,60,"[{""A_start"": 2, ""service_lookup_id"": 224, ""transition_samples"": 3}, {""A_start"": 3, ""service_lookup_id"": 225, ""transition_samples"": 224}]"
5,526,7,4,KCQA,"(7, 4, 2, 2)",242,4,50,"[{""A_start"": 2, ""service_lookup_id"": 224, ""transition_samples"": 1}, {""A_start"": 3, ""service_lookup_id"": 225, ""transition_samples"": 241}]"
5,527,7,4,KCQA,"(7, 4, 2, 3)",445,4,111,"[{""A_start"": 2, ""service_lookup_id"": 224, ""transition_samples"": 4}, {""A_start"": 3, ""service_lookup_id"": 225, ""transition_samples"": 441}]"
5,528,7,4,KCQA,"(7, 4, 2, 4)",6876,4,1702,"[{""A_start"": 3, ""service_lookup_id"": 225, ""transition_samples"": 6876}]"
5,529,7,4,KCQ,"(7, 4, 3)",330,4,72,"[{""A_start"": 3, ""service_lookup_id"": 225, ""transition_samples"": 330}]"
5,530,7,4,KCA,"(7, 4, 1)",7003,4,1,"[{""A_start"": 0, ""service_lookup_id"": 222, ""transition_samples"": 132}, {""A_start"": 1, ""service_lookup_id"": 223, ""transition_samples"": 5225}, {""A_start"": 2, ""service_lookup_id"": 224, ""transition_samples"": 1385}, {""A_start"": 3, ""service_lookup_id"": 225, ""transition_samples"": 261}]"
5,531,7,4,KCA,"(7, 4, 4)",20862,4,477,"[{""A_start"": 3, ""service_lookup_id"": 225, ""transition_samples"": 20862}]"
5,532,7,5,KCQA,"(7, 5, 0, 0)",4258,4,1182,"[{""A_start"": 0, ""service_lookup_id"": 226, ""transition_samples"": 4258}]"
5,533,7,5,KCQA,"(7, 5, 0, 1)",4988,4,1314,"[{""A_start"": 0, ""service_lookup_id"": 226, ""transition_samples"": 216}, {""A_start"": 1, ""service_lookup_id"": 227, ""transition_samples"": 4772}]"
5,534,7,5,KCQA,"(7, 5, 0, 2)",5633,4,1402,"[{""A_start"": 1, ""service_lookup_id"": 227, ""transition_samples"": 252}, {""A_start"": 2, ""service_lookup_id"": 228, ""transition_samples"": 5381}]"
5,535,7,5,KCQA,"(7, 5, 0, 3)",5025,4,1250,"[{""A_start"": 2, ""service_lookup_id"": 228, ""transition_samples"": 133}, {""A_start"": 3, ""service_lookup_id"": 229, ""transition_samples"": 4892}]"
5,536,7,5,KCQA,"(7, 5, 0, 4)",5170,4,1315,"[{""A_start"": 3, ""service_lookup_id"": 229, ""transition_samples"": 84}, {""A_start"": 4, ""service_lookup_id"": 230, ""transition_samples"": 5086}]"
5,537,7,5,KCQA,"(7, 5, 0, 5)",5448,4,1381,"[{""A_start"": 4, ""service_lookup_id"": 230, ""transition_samples"": 5448}]"
5,538,7,5,KCQA,"(7, 5, 1, 0)",1036,4,242,"[{""A_start"": 1, ""service_lookup_id"": 227, ""transition_samples"": 1036}]"
5,539,7,5,KCQA,"(7, 5, 1, 1)",1470,4,331,"[{""A_start"": 1, ""service_lookup_id"": 227, ""transition_samples"": 72}, {""A_start"": 2, ""service_lookup_id"": 228, ""transition_samples"": 1398}]"
5,540,7,5,KCQA,"(7, 5, 1, 2)",1867,4,415,"[{""A_start"": 1, ""service_lookup_id"": 227, ""transition_samples"": 3}, {""A_start"": 2, ""service_lookup_id"": 228, ""transition_samples"": 113}, {""A_start"": 3, ""service_lookup_id"": 229, ""transition_samples"": 1751}]"
5,541,7,5,KCQA,"(7, 5, 1, 3)",1632,4,368,"[{""A_start"": 2, ""service_lookup_id"": 228, ""transition_samples"": 4}, {""A_start"": 3, ""service_lookup_id"": 229, ""transition_samples"": 91}, {""A_start"": 4, ""service_lookup_id"": 230, ""transition_samples"": 1537}]"
5,542,7,5,KCQA,"(7, 5, 1, 4)",1343,4,310,"[{""A_start"": 3, ""service_lookup_id"": 229, ""transition_samples"": 5}, {""A_start"": 4, ""service_lookup_id"": 230, ""transition_samples"": 1338}]"
5,543,7,5,KCQA,"(7, 5, 1, 5)",6724,4,1634,"[{""A_start"": 4, ""service_lookup_id"": 230, ""transition_samples"": 6724}]"
5,544,7,5,KCQ,"(7, 5, 2)",1977,4,30,"[{""A_start"": 2, ""service_lookup_id"": 228, ""transition_samples"": 183}, {""A_start"": 3, ""service_lookup_id"": 229, ""transition_samples"": 267}, {""A_start"": 4, ""service_lookup_id"": 230, ""transition_samples"": 1527}]"
5,545,7,5,KCQA,"(7, 5, 2, 1)",264,4,53,"[{""A_start"": 2, ""service_lookup_id"": 228, ""transition_samples"": 20}, {""A_start"": 3, ""service_lookup_id"": 229, ""transition_samples"": 244}]"
5,546,7,5,KCQA,"(7, 5, 2, 2)",278,4,49,"[{""A_start"": 2, ""service_lookup_id"": 228, ""transition_samples"": 1}, {""A_start"": 3, ""service_lookup_id"": 229, ""transition_samples"": 22}, {""A_start"": 4, ""service_lookup_id"": 230, ""transition_samples"": 255}]"
5,547,7,5,KCQA,"(7, 5, 2, 3)",226,4,45,"[{""A_start"": 3, ""service_lookup_id"": 229, ""transition_samples"": 1}, {""A_start"": 4, ""service_lookup_id"": 230, ""transition_samples"": 225}]"
5,548,7,5,KCQA,"(7, 5, 2, 4)",274,4,72,"[{""A_start"": 4, ""service_lookup_id"": 230, ""transition_samples"": 274}]"
5,549,7,5,KCQA,"(7, 5, 2, 5)",773,4,128,"[{""A_start"": 4, ""service_lookup_id"": 230, ""transition_samples"": 773}]"
5,550,7,5,KCQ,"(7, 5, 3)",338,4,16,"[{""A_start"": 3, ""service_lookup_id"": 229, ""transition_samples"": 20}, {""A_start"": 4, ""service_lookup_id"": 230, ""transition_samples"": 318}]"
5,551,7,5,KCQA,"(7, 5, 3, 5)",229,4,31,"[{""A_start"": 4, ""service_lookup_id"": 230, ""transition_samples"": 229}]"
5,552,7,5,KCA,"(7, 5, 2)",7807,4,1,"[{""A_start"": 1, ""service_lookup_id"": 227, ""transition_samples"": 255}, {""A_start"": 2, ""service_lookup_id"": 228, ""transition_samples"": 5495}, {""A_start"": 3, ""service_lookup_id"": 229, ""transition_samples"": 1773}, {""A_start"": 4, ""service_lookup_id"": 230, ""transition_samples"": 284}]"
5,553,7,5,KCA,"(7, 5, 5)",13181,4,4,"[{""A_start"": 4, ""service_lookup_id"": 230, ""transition_samples"": 13181}]"
5,554,7,6,KCQA,"(7, 6, 0, 0)",3722,4,849,"[{""A_start"": 0, ""service_lookup_id"": 231, ""transition_samples"": 3722}]"
5,555,7,6,KCQA,"(7, 6, 0, 1)",6388,4,1543,"[{""A_start"": 0, ""service_lookup_id"": 231, ""transition_samples"": 287}, {""A_start"": 1, ""service_lookup_id"": 232, ""transition_samples"": 6101}]"
5,556,7,6,KCQA,"(7, 6, 0, 2)",5369,4,1284,"[{""A_start"": 1, ""service_lookup_id"": 232, ""transition_samples"": 183}, {""A_start"": 2, ""service_lookup_id"": 233, ""transition_samples"": 5186}]"
5,557,7,6,KCQA,"(7, 6, 0, 3)",4881,4,1243,"[{""A_start"": 2, ""service_lookup_id"": 233, ""transition_samples"": 93}, {""A_start"": 3, ""service_lookup_id"": 234, ""transition_samples"": 4788}]"
5,558,7,6,KCQA,"(7, 6, 0, 4)",4792,4,1265,"[{""A_start"": 3, ""service_lookup_id"": 234, ""transition_samples"": 55}, {""A_start"": 4, ""service_lookup_id"": 235, ""transition_samples"": 4737}]"
5,559,7,6,KCQA,"(7, 6, 0, 5)",4901,4,1362,"[{""A_start"": 4, ""service_lookup_id"": 235, ""transition_samples"": 39}, {""A_start"": 5, ""service_lookup_id"": 236, ""transition_samples"": 4862}]"
5,560,7,6,KCQA,"(7, 6, 0, 6)",5406,4,1460,"[{""A_start"": 5, ""service_lookup_id"": 236, ""transition_samples"": 5406}]"
5,561,7,6,KCQA,"(7, 6, 1, 0)",919,4,234,"[{""A_start"": 1, ""service_lookup_id"": 232, ""transition_samples"": 919}]"
5,562,7,6,KCQA,"(7, 6, 1, 1)",1601,4,445,"[{""A_start"": 1, ""service_lookup_id"": 232, ""transition_samples"": 108}, {""A_start"": 2, ""service_lookup_id"": 233, ""transition_samples"": 1493}]"
5,563,7,6,KCQA,"(7, 6, 1, 2)",1717,4,419,"[{""A_start"": 1, ""service_lookup_id"": 232, ""transition_samples"": 1}, {""A_start"": 2, ""service_lookup_id"": 233, ""transition_samples"": 80}, {""A_start"": 3, ""service_lookup_id"": 234, ""transition_samples"": 1636}]"
5,564,7,6,KCQA,"(7, 6, 1, 3)",1645,4,371,"[{""A_start"": 3, ""service_lookup_id"": 234, ""transition_samples"": 47}, {""A_start"": 4, ""service_lookup_id"": 235, ""transition_samples"": 1598}]"
5,565,7,6,KCQA,"(7, 6, 1, 4)",1483,4,300,"[{""A_start"": 4, ""service_lookup_id"": 235, ""transition_samples"": 42}, {""A_start"": 5, ""service_lookup_id"": 236, ""transition_samples"": 1441}]"
5,566,7,6,KCQA,"(7, 6, 1, 5)",1059,4,207,"[{""A_start"": 4, ""service_lookup_id"": 235, ""transition_samples"": 2}, {""A_start"": 5, ""service_lookup_id"": 236, ""transition_samples"": 1057}]"
5,567,7,6,KCQA,"(7, 6, 1, 6)",421,4,93,"[{""A_start"": 5, ""service_lookup_id"": 236, ""transition_samples"": 421}]"
5,568,7,6,KCQ,"(7, 6, 2)",1154,4,71,"[{""A_start"": 2, ""service_lookup_id"": 233, ""transition_samples"": 142}, {""A_start"": 3, ""service_lookup_id"": 234, ""transition_samples"": 262}, {""A_start"": 4, ""service_lookup_id"": 235, ""transition_samples"": 308}, {""A_start"": 5, ""service_lookup_id"": 236, ""transition_samples"": 442}]"
5,569,7,6,KCQA,"(7, 6, 2, 1)",263,4,80,"[{""A_start"": 2, ""service_lookup_id"": 233, ""transition_samples"": 18}, {""A_start"": 3, ""service_lookup_id"": 234, ""transition_samples"": 245}]"
5,570,7,6,KCQA,"(7, 6, 2, 2)",303,4,80,"[{""A_start"": 2, ""service_lookup_id"": 233, ""transition_samples"": 1}, {""A_start"": 3, ""service_lookup_id"": 234, ""transition_samples"": 17}, {""A_start"": 4, ""service_lookup_id"": 235, ""transition_samples"": 285}]"
5,571,7,6,KCQA,"(7, 6, 2, 3)",281,4,59,"[{""A_start"": 4, ""service_lookup_id"": 235, ""transition_samples"": 22}, {""A_start"": 5, ""service_lookup_id"": 236, ""transition_samples"": 259}]"
5,572,7,6,KCA,"(7, 6, 0)",4785,4,6,"[{""A_start"": 0, ""service_lookup_id"": 231, ""transition_samples"": 3722}, {""A_start"": 1, ""service_lookup_id"": 232, ""transition_samples"": 919}, {""A_start"": 2, ""service_lookup_id"": 233, ""transition_samples"": 123}, {""A_start"": 3, ""service_lookup_id"": 234, ""transition_samples"": 17}, {""A_start"": 4, ""service_lookup_id"": 235, ""transition_samples"": 3}, {""A_start"": 5, ""service_lookup_id"": 236, ""transition_samples"": 1}]"
5,573,7,6,KCA,"(7, 6, 1)",8295,4,8,"[{""A_start"": 0, ""service_lookup_id"": 231, ""transition_samples"": 287}, {""A_start"": 1, ""service_lookup_id"": 232, ""transition_samples"": 6209}, {""A_start"": 2, ""service_lookup_id"": 233, ""transition_samples"": 1511}, {""A_start"": 3, ""service_lookup_id"": 234, ""transition_samples"": 250}, {""A_start"": 4, ""service_lookup_id"": 235, ""transition_samples"": 33}, {""A_start"": 5, ""service_lookup_id"": 236, ""transition_samples"": 5}]"
5,574,7,6,KCA,"(7, 6, 2)",7422,4,7,"[{""A_start"": 1, ""service_lookup_id"": 232, ""transition_samples"": 184}, {""A_start"": 2, ""service_lookup_id"": 233, ""transition_samples"": 5267}, {""A_start"": 3, ""service_lookup_id"": 234, ""transition_samples"": 1653}, {""A_start"": 4, ""service_lookup_id"": 235, ""transition_samples"": 287}, {""A_start"": 5, ""service_lookup_id"": 236, ""transition_samples"": 31}]"
5,575,7,6,KCA,"(7, 6, 3)",6837,4,3,"[{""A_start"": 2, ""service_lookup_id"": 233, ""transition_samples"": 93}, {""A_start"": 3, ""service_lookup_id"": 234, ""transition_samples"": 4835}, {""A_start"": 4, ""service_lookup_id"": 235, ""transition_samples"": 1620}, {""A_start"": 5, ""service_lookup_id"": 236, ""transition_samples"": 289}]"
5,576,7,6,KCA,"(7, 6, 6)",5834,4,2,"[{""A_start"": 5, ""service_lookup_id"": 236, ""transition_samples"": 5834}]"
5,577,7,7,KCQA,"(7, 7, 0, 0)",2329,4,569,"[{""A_start"": 0, ""service_lookup_id"": 237, ""transition_samples"": 2329}]"
5,578,7,7,KCQA,"(7, 7, 0, 1)",3955,4,1002,"[{""A_start"": 0, ""service_lookup_id"": 237, ""transition_samples"": 361}, {""A_start"": 1, ""service_lookup_id"": 238, ""transition_samples"": 3594}]"
5,579,7,7,KCQA,"(7, 7, 0, 2)",5115,4,1272,"[{""A_start"": 1, ""service_lookup_id"": 238, ""transition_samples"": 696}, {""A_start"": 2, ""service_lookup_id"": 239, ""transition_samples"": 4419}]"
5,580,7,7,KCQA,"(7, 7, 0, 3)",5633,4,1399,"[{""A_start"": 2, ""service_lookup_id"": 239, ""transition_samples"": 763}, {""A_start"": 3, ""service_lookup_id"": 240, ""transition_samples"": 4870}]"
5,581,7,7,KCQA,"(7, 7, 0, 4)",5758,4,1470,"[{""A_start"": 3, ""service_lookup_id"": 240, ""transition_samples"": 625}, {""A_start"": 4, ""service_lookup_id"": 241, ""transition_samples"": 5133}]"
5,582,7,7,KCQA,"(7, 7, 0, 5)",5972,4,1525,"[{""A_start"": 4, ""service_lookup_id"": 241, ""transition_samples"": 572}, {""A_start"": 5, ""service_lookup_id"": 242, ""transition_samples"": 5400}]"
5,583,7,7,KCQA,"(7, 7, 0, 6)",6228,4,1525,"[{""A_start"": 5, ""service_lookup_id"": 242, ""transition_samples"": 403}, {""A_start"": 6, ""service_lookup_id"": 243, ""transition_samples"": 5825}]"
5,584,7,7,KCQA,"(7, 7, 0, 7)",908,4,189,"[{""A_start"": 6, ""service_lookup_id"": 243, ""transition_samples"": 908}]"
5,585,7,7,KCQA,"(7, 7, 1, 0)",573,4,133,"[{""A_start"": 1, ""service_lookup_id"": 238, ""transition_samples"": 573}]"
5,586,7,7,KCQA,"(7, 7, 1, 1)",1106,4,284,"[{""A_start"": 1, ""service_lookup_id"": 238, ""transition_samples"": 93}, {""A_start"": 2, ""service_lookup_id"": 239, ""transition_samples"": 1013}]"
5,587,7,7,KCQA,"(7, 7, 1, 2)",1515,4,372,"[{""A_start"": 1, ""service_lookup_id"": 238, ""transition_samples"": 10}, {""A_start"": 2, ""service_lookup_id"": 239, ""transition_samples"": 149}, {""A_start"": 3, ""service_lookup_id"": 240, ""transition_samples"": 1356}]"
5,588,7,7,KCQA,"(7, 7, 1, 3)",1682,4,408,"[{""A_start"": 2, ""service_lookup_id"": 239, ""transition_samples"": 17}, {""A_start"": 3, ""service_lookup_id"": 240, ""transition_samples"": 156}, {""A_start"": 4, ""service_lookup_id"": 241, ""transition_samples"": 1509}]"
5,589,7,7,KCQA,"(7, 7, 1, 4)",1639,4,383,"[{""A_start"": 3, ""service_lookup_id"": 240, ""transition_samples"": 18}, {""A_start"": 4, ""service_lookup_id"": 241, ""transition_samples"": 122}, {""A_start"": 5, ""service_lookup_id"": 242, ""transition_samples"": 1499}]"
5,590,7,7,KCQA,"(7, 7, 1, 5)",1239,4,306,"[{""A_start"": 4, ""service_lookup_id"": 241, ""transition_samples"": 22}, {""A_start"": 5, ""service_lookup_id"": 242, ""transition_samples"": 110}, {""A_start"": 6, ""service_lookup_id"": 243, ""transition_samples"": 1107}]"
5,591,7,7,KCQ,"(7, 7, 1)",8257,4,31,"[{""A_start"": 1, ""service_lookup_id"": 238, ""transition_samples"": 676}, {""A_start"": 2, ""service_lookup_id"": 239, ""transition_samples"": 1179}, {""A_start"": 3, ""service_lookup_id"": 240, ""transition_samples"": 1530}, {""A_start"": 4, ""service_lookup_id"": 241, ""transition_samples"": 1653}, {""A_start"": 5, ""service_lookup_id"": 242, ""transition_samples"": 1636}, {""A_start"": 6, ""service_lookup_id"": 243, ""transition_samples"": 1583}]"
5,592,7,7,KCQA,"(7, 7, 1, 7)",361,4,85,"[{""A_start"": 6, ""service_lookup_id"": 243, ""transition_samples"": 361}]"
5,593,7,7,KCQ,"(7, 7, 2)",1278,4,124,"[{""A_start"": 2, ""service_lookup_id"": 239, ""transition_samples"": 101}, {""A_start"": 3, ""service_lookup_id"": 240, ""transition_samples"": 216}, {""A_start"": 4, ""service_lookup_id"": 241, ""transition_samples"": 293}, {""A_start"": 5, ""service_lookup_id"": 242, ""transition_samples"": 311}, {""A_start"": 6, ""service_lookup_id"": 243, ""transition_samples"": 357}]"
5,594,7,7,KCQA,"(7, 7, 2, 2)",286,4,66,"[{""A_start"": 2, ""service_lookup_id"": 239, ""transition_samples"": 2}, {""A_start"": 3, ""service_lookup_id"": 240, ""transition_samples"": 24}, {""A_start"": 4, ""service_lookup_id"": 241, ""transition_samples"": 260}]"
5,595,7,7,KCQA,"(7, 7, 2, 3)",316,4,81,"[{""A_start"": 3, ""service_lookup_id"": 240, ""transition_samples"": 4}, {""A_start"": 4, ""service_lookup_id"": 241, ""transition_samples"": 27}, {""A_start"": 5, ""service_lookup_id"": 242, ""transition_samples"": 285}]"
5,596,7,7,KCQA,"(7, 7, 2, 4)",214,4,61,"[{""A_start"": 4, ""service_lookup_id"": 241, ""transition_samples"": 4}, {""A_start"": 5, ""service_lookup_id"": 242, ""transition_samples"": 20}, {""A_start"": 6, ""service_lookup_id"": 243, ""transition_samples"": 190}]"
5,597,7,7,KCA,"(7, 7, 0)",3002,4,2,"[{""A_start"": 0, ""service_lookup_id"": 237, ""transition_samples"": 2329}, {""A_start"": 1, ""service_lookup_id"": 238, ""transition_samples"": 573}, {""A_start"": 2, ""service_lookup_id"": 239, ""transition_samples"": 90}, {""A_start"": 3, ""service_lookup_id"": 240, ""transition_samples"": 10}]"
5,598,7,7,KCA,"(7, 7, 1)",5283,4,9,"[{""A_start"": 0, ""service_lookup_id"": 237, ""transition_samples"": 361}, {""A_start"": 1, ""service_lookup_id"": 238, ""transition_samples"": 3687}, {""A_start"": 2, ""service_lookup_id"": 239, ""transition_samples"": 1022}, {""A_start"": 3, ""service_lookup_id"": 240, ""transition_samples"": 188}, {""A_start"": 4, ""service_lookup_id"": 241, ""transition_samples"": 21}, {""A_start"": 5, ""service_lookup_id"": 242, ""transition_samples"": 4}]"
5,599,7,7,KCA,"(7, 7, 2)",6952,4,6,"[{""A_start"": 1, ""service_lookup_id"": 238, ""transition_samples"": 706}, {""A_start"": 2, ""service_lookup_id"": 239, ""transition_samples"": 4570}, {""A_start"": 3, ""service_lookup_id"": 240, ""transition_samples"": 1380}, {""A_start"": 4, ""service_lookup_id"": 241, ""transition_samples"": 265}, {""A_start"": 5, ""service_lookup_id"": 242, ""transition_samples"": 30}, {""A_start"": 6, ""service_lookup_id"": 243, ""transition_samples"": 1}]"
5,600,7,7,KCA,"(7, 7, 3)",7667,4,8,"[{""A_start"": 2, ""service_lookup_id"": 239, ""transition_samples"": 780}, {""A_start"": 3, ""service_lookup_id"": 240, ""transition_samples"": 5030}, {""A_start"": 4, ""service_lookup_id"": 241, ""transition_samples"": 1536}, {""A_start"": 5, ""service_lookup_id"": 242, ""transition_samples"": 289}, {""A_start"": 6, ""service_lookup_id"": 243, ""transition_samples"": 32}]"
5,601,7,7,KCA,"(7, 7, 5)",7233,4,1,"[{""A_start"": 4, ""service_lookup_id"": 241, ""transition_samples"": 596}, {""A_start"": 5, ""service_lookup_id"": 242, ""transition_samples"": 5516}, {""A_start"": 6, ""service_lookup_id"": 243, ""transition_samples"": 1121}]"
5,602,7,7,KCA,"(7, 7, 6)",6387,4,1,"[{""A_start"": 5, ""service_lookup_id"": 242, ""transition_samples"": 431}, {""A_start"": 6, ""service_lookup_id"": 243, ""transition_samples"": 5956}]"
5,603,7,7,KCA,"(7, 7, 7)",1506,4,16,"[{""A_start"": 6, ""service_lookup_id"": 243, ""transition_samples"": 1506}]"
5,604,7,8,KCQA,"(7, 8, 0, 0)",2464,4,536,"[{""A_start"": 0, ""service_lookup_id"": 244, ""transition_samples"": 2464}]"
5,605,7,8,KCQA,"(7, 8, 0, 1)",4265,4,1038,"[{""A_start"": 0, ""service_lookup_id"": 244, ""transition_samples"": 303}, {""A_start"": 1, ""service_lookup_id"": 245, ""transition_samples"": 3962}]"
5,606,7,8,KCQA,"(7, 8, 0, 2)",5281,4,1268,"[{""A_start"": 1, ""service_lookup_id"": 245, ""transition_samples"": 613}, {""A_start"": 2, ""service_lookup_id"": 246, ""transition_samples"": 4668}]"
5,607,7,8,KCQA,"(7, 8, 0, 3)",5577,4,1393,"[{""A_start"": 2, ""service_lookup_id"": 246, ""transition_samples"": 671}, {""A_start"": 3, ""service_lookup_id"": 247, ""transition_samples"": 4906}]"
5,608,7,8,KCQA,"(7, 8, 0, 4)",5646,4,1431,"[{""A_start"": 3, ""service_lookup_id"": 247, ""transition_samples"": 586}, {""A_start"": 4, ""service_lookup_id"": 248, ""transition_samples"": 5060}]"
5,609,7,8,KCQA,"(7, 8, 0, 5)",5624,4,1459,"[{""A_start"": 4, ""service_lookup_id"": 248, ""transition_samples"": 501}, {""A_start"": 5, ""service_lookup_id"": 249, ""transition_samples"": 5123}]"
5,610,7,8,KCQA,"(7, 8, 0, 6)",5870,4,1587,"[{""A_start"": 5, ""service_lookup_id"": 249, ""transition_samples"": 321}, {""A_start"": 6, ""service_lookup_id"": 250, ""transition_samples"": 5549}]"
5,611,7,8,KCQA,"(7, 8, 0, 7)",735,4,228,"[{""A_start"": 6, ""service_lookup_id"": 250, ""transition_samples"": 214}, {""A_start"": 7, ""service_lookup_id"": 251, ""transition_samples"": 521}]"
5,612,7,8,KCQA,"(7, 8, 0, 8)",254,4,82,"[{""A_start"": 7, ""service_lookup_id"": 251, ""transition_samples"": 254}]"
5,613,7,8,KCQA,"(7, 8, 1, 0)",474,4,134,"[{""A_start"": 1, ""service_lookup_id"": 245, ""transition_samples"": 474}]"
5,614,7,8,KCQA,"(7, 8, 1, 1)",1119,4,280,"[{""A_start"": 1, ""service_lookup_id"": 245, ""transition_samples"": 82}, {""A_start"": 2, ""service_lookup_id"": 246, ""transition_samples"": 1037}]"
5,615,7,8,KCQA,"(7, 8, 1, 2)",1532,4,393,"[{""A_start"": 1, ""service_lookup_id"": 245, ""transition_samples"": 12}, {""A_start"": 2, ""service_lookup_id"": 246, ""transition_samples"": 123}, {""A_start"": 3, ""service_lookup_id"": 247, ""transition_samples"": 1397}]"
5,616,7,8,KCQA,"(7, 8, 1, 3)",1701,4,442,"[{""A_start"": 2, ""service_lookup_id"": 246, ""transition_samples"": 13}, {""A_start"": 3, ""service_lookup_id"": 247, ""transition_samples"": 124}, {""A_start"": 4, ""service_lookup_id"": 248, ""transition_samples"": 1564}]"
5,617,7,8,KCQA,"(7, 8, 1, 4)",1728,4,440,"[{""A_start"": 3, ""service_lookup_id"": 247, ""transition_samples"": 13}, {""A_start"": 4, ""service_lookup_id"": 248, ""transition_samples"": 112}, {""A_start"": 5, ""service_lookup_id"": 249, ""transition_samples"": 1603}]"
5,618,7,8,KCQA,"(7, 8, 1, 5)",1260,4,301,"[{""A_start"": 4, ""service_lookup_id"": 248, ""transition_samples"": 18}, {""A_start"": 5, ""service_lookup_id"": 249, ""transition_samples"": 97}, {""A_start"": 6, ""service_lookup_id"": 250, ""transition_samples"": 1145}]"
5,619,7,8,KCQ,"(7, 8, 1)",8139,4,122,"[{""A_start"": 1, ""service_lookup_id"": 245, ""transition_samples"": 568}, {""A_start"": 2, ""service_lookup_id"": 246, ""transition_samples"": 1173}, {""A_start"": 3, ""service_lookup_id"": 247, ""transition_samples"": 1534}, {""A_start"": 4, ""service_lookup_id"": 248, ""transition_samples"": 1694}, {""A_start"": 5, ""service_lookup_id"": 249, ""transition_samples"": 1713}, {""A_start"": 6, ""service_lookup_id"": 250, ""transition_samples"": 1221}, {""A_start"": 7, ""service_lookup_id"": 251, ""transition_samples"": 236}]"
5,620,7,8,KCQ,"(7, 8, 2)",1247,4,93,"[{""A_start"": 2, ""service_lookup_id"": 246, ""transition_samples"": 82}, {""A_start"": 3, ""service_lookup_id"": 247, ""transition_samples"": 208}, {""A_start"": 4, ""service_lookup_id"": 248, ""transition_samples"": 300}, {""A_start"": 5, ""service_lookup_id"": 249, ""transition_samples"": 328}, {""A_start"": 6, ""service_lookup_id"": 250, ""transition_samples"": 266}, {""A_start"": 7, ""service_lookup_id"": 251, ""transition_samples"": 63}]"
5,621,7,8,KCQA,"(7, 8, 2, 2)",298,4,63,"[{""A_start"": 2, ""service_lookup_id"": 246, ""transition_samples"": 1}, {""A_start"": 3, ""service_lookup_id"": 247, ""transition_samples"": 16}, {""A_start"": 4, ""service_lookup_id"": 248, ""transition_samples"": 281}]"
5,622,7,8,KCQA,"(7, 8, 2, 3)",333,4,78,"[{""A_start"": 3, ""service_lookup_id"": 247, ""transition_samples"": 3}, {""A_start"": 4, ""service_lookup_id"": 248, ""transition_samples"": 16}, {""A_start"": 5, ""service_lookup_id"": 249, ""transition_samples"": 314}]"
5,623,7,8,KCQA,"(7, 8, 2, 4)",267,4,62,"[{""A_start"": 4, ""service_lookup_id"": 248, ""transition_samples"": 2}, {""A_start"": 5, ""service_lookup_id"": 249, ""transition_samples"": 13}, {""A_start"": 6, ""service_lookup_id"": 250, ""transition_samples"": 252}]"
5,624,7,8,KCA,"(7, 8, 0)",3018,4,2,"[{""A_start"": 0, ""service_lookup_id"": 244, ""transition_samples"": 2464}, {""A_start"": 1, ""service_lookup_id"": 245, ""transition_samples"": 474}, {""A_start"": 2, ""service_lookup_id"": 246, ""transition_samples"": 73}, {""A_start"": 3, ""service_lookup_id"": 247, ""transition_samples"": 7}]"
5,625,7,8,KCA,"(7, 8, 1)",5617,4,6,"[{""A_start"": 0, ""service_lookup_id"": 244, ""transition_samples"": 303}, {""A_start"": 1, ""service_lookup_id"": 245, ""transition_samples"": 4044}, {""A_start"": 2, ""service_lookup_id"": 246, ""transition_samples"": 1045}, {""A_start"": 3, ""service_lookup_id"": 247, ""transition_samples"": 189}, {""A_start"": 4, ""service_lookup_id"": 248, ""transition_samples"": 31}, {""A_start"": 5, ""service_lookup_id"": 249, ""transition_samples"": 5}]"
5,626,7,8,KCA,"(7, 8, 2)",7164,4,9,"[{""A_start"": 1, ""service_lookup_id"": 245, ""transition_samples"": 625}, {""A_start"": 2, ""service_lookup_id"": 246, ""transition_samples"": 4792}, {""A_start"": 3, ""service_lookup_id"": 247, ""transition_samples"": 1413}, {""A_start"": 4, ""service_lookup_id"": 248, ""transition_samples"": 283}, {""A_start"": 5, ""service_lookup_id"": 249, ""transition_samples"": 49}, {""A_start"": 6, ""service_lookup_id"": 250, ""transition_samples"": 2}]"
5,627,7,8,KCA,"(7, 8, 3)",7648,4,8,"[{""A_start"": 2, ""service_lookup_id"": 246, ""transition_samples"": 684}, {""A_start"": 3, ""service_lookup_id"": 247, ""transition_samples"": 5033}, {""A_start"": 4, ""service_lookup_id"": 248, ""transition_samples"": 1580}, {""A_start"": 5, ""service_lookup_id"": 249, ""transition_samples"": 314}, {""A_start"": 6, ""service_lookup_id"": 250, ""transition_samples"": 37}]"
5,628,7,8,KCA,"(7, 8, 8)",450,4,11,"[{""A_start"": 7, ""service_lookup_id"": 251, ""transition_samples"": 450}]"
