K,row_type,run_id,depth_group,group_definition,run_count_present,metric,value,unit
5,run,run01,0,exact_depth,1,frame_count,3494,frames
5,run,run01,0,exact_depth,1,wait_mean_ms,1.9265274791070406,ms
5,run,run01,0,exact_depth,1,wait_median_ms,0.3133385,ms
5,run,run01,0,exact_depth,1,wait_p95_ms,4.5199742,ms
5,run,run01,1,exact_depth,1,frame_count,1815,frames
5,run,run01,1,exact_depth,1,wait_mean_ms,7.550257807162534,ms
5,run,run01,1,exact_depth,1,wait_median_ms,7.679047,ms
5,run,run01,1,exact_depth,1,wait_p95_ms,8.871389,ms
5,run,run01,2,exact_depth,1,frame_count,1883,frames
5,run,run01,2,exact_depth,1,wait_mean_ms,11.805902446627721,ms
5,run,run01,2,exact_depth,1,wait_median_ms,11.808451,ms
5,run,run01,2,exact_depth,1,wait_p95_ms,13.1377277,ms
5,run,run01,3,exact_depth,1,frame_count,1658,frames
5,run,run01,3,exact_depth,1,wait_mean_ms,15.962916819059107,ms
5,run,run01,3,exact_depth,1,wait_median_ms,15.931706,ms
5,run,run01,3,exact_depth,1,wait_p95_ms,17.01430235,ms
5,run,run01,4,exact_depth,1,frame_count,4,frames
5,run,run01,4,exact_depth,1,wait_mean_ms,31.77814225,ms
5,run,run01,4,exact_depth,1,wait_median_ms,22.8791725,ms
5,run,run01,4,exact_depth,1,wait_p95_ms,56.98288059999999,ms
5,run,run01,5,exact_depth,1,frame_count,7,frames
5,run,run01,5,exact_depth,1,wait_mean_ms,34.27191071428572,ms
5,run,run01,5,exact_depth,1,wait_median_ms,28.773305,ms
5,run,run01,5,exact_depth,1,wait_p95_ms,58.29764369999997,ms
5,run,run01,6,exact_depth,1,frame_count,4,frames
5,run,run01,6,exact_depth,1,wait_mean_ms,44.878103,ms
5,run,run01,6,exact_depth,1,wait_median_ms,36.263847,ms
5,run,run01,6,exact_depth,1,wait_p95_ms,69.82587704999999,ms
5,run,run01,7,exact_depth,1,frame_count,6,frames
5,run,run01,7,exact_depth,1,wait_mean_ms,45.59637216666666,ms
5,run,run01,7,exact_depth,1,wait_median_ms,39.719679,ms
5,run,run01,7,exact_depth,1,wait_p95_ms,70.93749975,ms
5,run,run01,8,exact_depth,1,frame_count,9,frames
5,run,run01,8,exact_depth,1,wait_mean_ms,54.45483322222223,ms
5,run,run01,8,exact_depth,1,wait_median_ms,45.347288,ms
5,run,run01,8,exact_depth,1,wait_p95_ms,86.9007564,ms
5,run,run01,9,exact_depth,1,frame_count,7,frames
5,run,run01,9,exact_depth,1,wait_mean_ms,57.427077714285716,ms
5,run,run01,9,exact_depth,1,wait_median_ms,51.725389,ms
5,run,run01,9,exact_depth,1,wait_p95_ms,77.98425739999998,ms
5,run,run01,10,exact_depth,1,frame_count,9,frames
5,run,run01,10,exact_depth,1,wait_mean_ms,60.974746777777774,ms
5,run,run01,10,exact_depth,1,wait_median_ms,57.283636,ms
5,run,run01,10,exact_depth,1,wait_p95_ms,79.25432819999999,ms
5,run,run01,11,exact_depth,1,frame_count,6,frames
5,run,run01,11,exact_depth,1,wait_mean_ms,70.38029783333333,ms
5,run,run01,11,exact_depth,1,wait_median_ms,66.3429305,ms
5,run,run01,11,exact_depth,1,wait_p95_ms,87.16126025,ms
5,run,run01,12,exact_depth,1,frame_count,8,frames
5,run,run01,12,exact_depth,1,wait_mean_ms,76.848522625,ms
5,run,run01,12,exact_depth,1,wait_median_ms,71.8177755,ms
5,run,run01,12,exact_depth,1,wait_p95_ms,97.77758995,ms
5,run,run01,13,exact_depth,1,frame_count,3,frames
5,run,run01,13,exact_depth,1,wait_mean_ms,81.75532033333333,ms
5,run,run01,13,exact_depth,1,wait_median_ms,73.716757,ms
5,run,run01,13,exact_depth,1,wait_p95_ms,98.2114567,ms
5,run,run01,14,exact_depth,1,frame_count,5,frames
5,run,run01,14,exact_depth,1,wait_mean_ms,82.3450992,ms
5,run,run01,14,exact_depth,1,wait_median_ms,77.687547,ms
5,run,run01,14,exact_depth,1,wait_p95_ms,98.5807456,ms
5,run,run01,15,exact_depth,1,frame_count,8,frames
5,run,run01,15,exact_depth,1,wait_mean_ms,85.759159125,ms
5,run,run01,15,exact_depth,1,wait_median_ms,80.367464,ms
5,run,run01,15,exact_depth,1,wait_p95_ms,104.69610390000001,ms
5,run,run01,16,exact_depth,1,frame_count,5,frames
5,run,run01,16,exact_depth,1,wait_mean_ms,91.0627268,ms
5,run,run01,16,exact_depth,1,wait_median_ms,93.047197,ms
5,run,run01,16,exact_depth,1,wait_p95_ms,103.5608628,ms
5,run,run01,17,exact_depth,1,frame_count,7,frames
5,run,run01,17,exact_depth,1,wait_mean_ms,94.84769657142857,ms
5,run,run01,17,exact_depth,1,wait_median_ms,92.524047,ms
5,run,run01,17,exact_depth,1,wait_p95_ms,107.70991169999999,ms
5,run,run01,18,exact_depth,1,frame_count,5,frames
5,run,run01,18,exact_depth,1,wait_mean_ms,106.3797878,ms
5,run,run01,18,exact_depth,1,wait_median_ms,105.804777,ms
5,run,run01,18,exact_depth,1,wait_p95_ms,111.91250959999999,ms
5,run,run01,19,exact_depth,1,frame_count,6,frames
5,run,run01,19,exact_depth,1,wait_mean_ms,111.28311016666667,ms
5,run,run01,19,exact_depth,1,wait_median_ms,111.619961,ms
5,run,run01,19,exact_depth,1,wait_p95_ms,116.156274,ms
5,run,run01,20,exact_depth,1,frame_count,3,frames
5,run,run01,20,exact_depth,1,wait_mean_ms,113.20860333333333,ms
5,run,run01,20,exact_depth,1,wait_median_ms,113.69649,ms
5,run,run01,20,exact_depth,1,wait_p95_ms,117.86437559999999,ms
5,run,run01,21,exact_depth,1,frame_count,4,frames
5,run,run01,21,exact_depth,1,wait_mean_ms,114.45836175,ms
5,run,run01,21,exact_depth,1,wait_median_ms,115.150201,ms
5,run,run01,21,exact_depth,1,wait_p95_ms,120.47072725,ms
5,run,run01,22,exact_depth,1,frame_count,4,frames
5,run,run01,22,exact_depth,1,wait_mean_ms,118.211289,ms
5,run,run01,22,exact_depth,1,wait_median_ms,120.082145,ms
5,run,run01,22,exact_depth,1,wait_p95_ms,123.4392788,ms
5,run,run01,23,exact_depth,1,frame_count,4,frames
5,run,run01,23,exact_depth,1,wait_mean_ms,121.84817025,ms
5,run,run01,23,exact_depth,1,wait_median_ms,120.9797725,ms
5,run,run01,23,exact_depth,1,wait_p95_ms,130.26573489999998,ms
5,run,run01,24,exact_depth,1,frame_count,3,frames
5,run,run01,24,exact_depth,1,wait_mean_ms,122.87144466666668,ms
5,run,run01,24,exact_depth,1,wait_median_ms,120.589474,ms
5,run,run01,24,exact_depth,1,wait_p95_ms,128.9766118,ms
5,run,run01,25,exact_depth,1,frame_count,4,frames
5,run,run01,25,exact_depth,1,wait_mean_ms,126.025746,ms
5,run,run01,25,exact_depth,1,wait_median_ms,126.0616525,ms
5,run,run01,25,exact_depth,1,wait_p95_ms,129.7333175,ms
5,run,run01,26,exact_depth,1,frame_count,4,frames
5,run,run01,26,exact_depth,1,wait_mean_ms,130.621706,ms
5,run,run01,26,exact_depth,1,wait_median_ms,130.1891865,ms
5,run,run01,26,exact_depth,1,wait_p95_ms,133.485622,ms
5,run,run01,27,exact_depth,1,frame_count,5,frames
5,run,run01,27,exact_depth,1,wait_mean_ms,133.64864,ms
5,run,run01,27,exact_depth,1,wait_median_ms,133.08349,ms
5,run,run01,27,exact_depth,1,wait_p95_ms,136.0319212,ms
5,run,run01,28,exact_depth,1,frame_count,4,frames
5,run,run01,28,exact_depth,1,wait_mean_ms,138.06135675,ms
5,run,run01,28,exact_depth,1,wait_median_ms,137.7939925,ms
5,run,run01,28,exact_depth,1,wait_p95_ms,140.18857755000002,ms
5,run,run01,29,exact_depth,1,frame_count,5,frames
5,run,run01,29,exact_depth,1,wait_mean_ms,141.99320880000002,ms
5,run,run01,29,exact_depth,1,wait_median_ms,142.314809,ms
5,run,run01,29,exact_depth,1,wait_p95_ms,143.399355,ms
5,run,run01,30,exact_depth,1,frame_count,4,frames
5,run,run01,30,exact_depth,1,wait_mean_ms,145.23782675,ms
5,run,run01,30,exact_depth,1,wait_median_ms,145.129354,ms
5,run,run01,30,exact_depth,1,wait_p95_ms,146.39412869999998,ms
5,run,run01,31,exact_depth,1,frame_count,3,frames
5,run,run01,31,exact_depth,1,wait_mean_ms,151.05397766666667,ms
5,run,run01,31,exact_depth,1,wait_median_ms,151.295061,ms
5,run,run01,31,exact_depth,1,wait_p95_ms,152.66997930000002,ms
5,run,run01,32,exact_depth,1,frame_count,3,frames
5,run,run01,32,exact_depth,1,wait_mean_ms,156.136394,ms
5,run,run01,32,exact_depth,1,wait_median_ms,156.791633,ms
5,run,run01,32,exact_depth,1,wait_p95_ms,157.7718995,ms
5,run,run01,33,exact_depth,1,frame_count,1,frames
5,run,run01,33,exact_depth,1,wait_mean_ms,157.932523,ms
5,run,run01,33,exact_depth,1,wait_median_ms,157.932523,ms
5,run,run01,33,exact_depth,1,wait_p95_ms,157.932523,ms
5,run,run01,ALL,all_depths_within_run,1,Pearson,0.9823886279513027,correlation
5,run,run01,ALL,all_depths_within_run,1,Spearman,0.9572086406375286,correlation
5,run,run02,0,exact_depth,1,frame_count,3486,frames
5,run,run02,0,exact_depth,1,wait_mean_ms,1.7672472214572577,ms
5,run,run02,0,exact_depth,1,wait_median_ms,0.2812595,ms
5,run,run02,0,exact_depth,1,wait_p95_ms,4.53555625,ms
5,run,run02,1,exact_depth,1,frame_count,1882,frames
5,run,run02,1,exact_depth,1,wait_mean_ms,6.987335741764081,ms
5,run,run02,1,exact_depth,1,wait_median_ms,7.0273125,ms
5,run,run02,1,exact_depth,1,wait_p95_ms,9.015962149999998,ms
5,run,run02,2,exact_depth,1,frame_count,2471,frames
5,run,run02,2,exact_depth,1,wait_mean_ms,11.50578850222582,ms
5,run,run02,2,exact_depth,1,wait_median_ms,11.741623,ms
5,run,run02,2,exact_depth,1,wait_p95_ms,13.6566025,ms
5,run,run02,3,exact_depth,1,frame_count,1026,frames
5,run,run02,3,exact_depth,1,wait_mean_ms,15.192265849902535,ms
5,run,run02,3,exact_depth,1,wait_median_ms,15.1566555,ms
5,run,run02,3,exact_depth,1,wait_p95_ms,16.8980415,ms
5,run,run02,4,exact_depth,1,frame_count,5,frames
5,run,run02,4,exact_depth,1,wait_mean_ms,29.227687,ms
5,run,run02,4,exact_depth,1,wait_median_ms,22.754373,ms
5,run,run02,4,exact_depth,1,wait_p95_ms,53.389544199999996,ms
5,run,run02,5,exact_depth,1,frame_count,4,frames
5,run,run02,5,exact_depth,1,wait_mean_ms,37.28495025,ms
5,run,run02,5,exact_depth,1,wait_median_ms,30.4002555,ms
5,run,run02,5,exact_depth,1,wait_p95_ms,59.31934119999999,ms
5,run,run02,6,exact_depth,1,frame_count,5,frames
5,run,run02,6,exact_depth,1,wait_mean_ms,40.3274996,ms
5,run,run02,6,exact_depth,1,wait_median_ms,34.101918,ms
5,run,run02,6,exact_depth,1,wait_p95_ms,62.63710139999999,ms
5,run,run02,7,exact_depth,1,frame_count,4,frames
5,run,run02,7,exact_depth,1,wait_mean_ms,47.76837475,ms
5,run,run02,7,exact_depth,1,wait_median_ms,40.3688415,ms
5,run,run02,7,exact_depth,1,wait_p95_ms,67.84667985,ms
5,run,run02,8,exact_depth,1,frame_count,4,frames
5,run,run02,8,exact_depth,1,wait_mean_ms,51.7788975,ms
5,run,run02,8,exact_depth,1,wait_median_ms,43.798671,ms
5,run,run02,8,exact_depth,1,wait_p95_ms,72.15888735,ms
5,run,run02,9,exact_depth,1,frame_count,5,frames
5,run,run02,9,exact_depth,1,wait_mean_ms,60.906781,ms
5,run,run02,9,exact_depth,1,wait_median_ms,52.776913,ms
5,run,run02,9,exact_depth,1,wait_p95_ms,80.9544988,ms
5,run,run02,10,exact_depth,1,frame_count,4,frames
5,run,run02,10,exact_depth,1,wait_mean_ms,60.97475325,ms
5,run,run02,10,exact_depth,1,wait_median_ms,53.9036785,ms
5,run,run02,10,exact_depth,1,wait_p95_ms,82.81455354999999,ms
5,run,run02,11,exact_depth,1,frame_count,9,frames
5,run,run02,11,exact_depth,1,wait_mean_ms,63.806655444444445,ms
5,run,run02,11,exact_depth,1,wait_median_ms,59.316036,ms
5,run,run02,11,exact_depth,1,wait_p95_ms,82.0664228,ms
5,run,run02,12,exact_depth,1,frame_count,4,frames
5,run,run02,12,exact_depth,1,wait_mean_ms,75.033123,ms
5,run,run02,12,exact_depth,1,wait_median_ms,70.0939705,ms
5,run,run02,12,exact_depth,1,wait_p95_ms,88.8036296,ms
5,run,run02,13,exact_depth,1,frame_count,4,frames
5,run,run02,13,exact_depth,1,wait_mean_ms,80.393803,ms
5,run,run02,13,exact_depth,1,wait_median_ms,77.218297,ms
5,run,run02,13,exact_depth,1,wait_p95_ms,92.4724738,ms
5,run,run02,14,exact_depth,1,frame_count,3,frames
5,run,run02,14,exact_depth,1,wait_mean_ms,90.26720566666667,ms
5,run,run02,14,exact_depth,1,wait_median_ms,96.672673,ms
5,run,run02,14,exact_depth,1,wait_p95_ms,97.8596425,ms
5,run,run02,15,exact_depth,1,frame_count,4,frames
5,run,run02,15,exact_depth,1,wait_mean_ms,82.16434775,ms
5,run,run02,15,exact_depth,1,wait_median_ms,78.538077,ms
5,run,run02,15,exact_depth,1,wait_p95_ms,96.75111594999998,ms
5,run,run02,16,exact_depth,1,frame_count,4,frames
5,run,run02,16,exact_depth,1,wait_mean_ms,87.51444525,ms
5,run,run02,16,exact_depth,1,wait_median_ms,82.9078115,ms
5,run,run02,16,exact_depth,1,wait_p95_ms,101.85292055,ms
5,run,run02,17,exact_depth,1,frame_count,6,frames
5,run,run02,17,exact_depth,1,wait_mean_ms,92.64180383333333,ms
5,run,run02,17,exact_depth,1,wait_median_ms,86.084814,ms
5,run,run02,17,exact_depth,1,wait_p95_ms,109.254363,ms
5,run,run02,18,exact_depth,1,frame_count,6,frames
5,run,run02,18,exact_depth,1,wait_mean_ms,96.523014,ms
5,run,run02,18,exact_depth,1,wait_median_ms,94.748374,ms
5,run,run02,18,exact_depth,1,wait_p95_ms,106.452079,ms
5,run,run02,19,exact_depth,1,frame_count,6,frames
5,run,run02,19,exact_depth,1,wait_mean_ms,102.40237533333332,ms
5,run,run02,19,exact_depth,1,wait_median_ms,101.7694675,ms
5,run,run02,19,exact_depth,1,wait_p95_ms,108.79759125,ms
5,run,run02,20,exact_depth,1,frame_count,5,frames
5,run,run02,20,exact_depth,1,wait_mean_ms,108.919347,ms
5,run,run02,20,exact_depth,1,wait_median_ms,109.279272,ms
5,run,run02,20,exact_depth,1,wait_p95_ms,113.9881458,ms
5,run,run02,21,exact_depth,1,frame_count,3,frames
5,run,run02,21,exact_depth,1,wait_mean_ms,114.03630266666667,ms
5,run,run02,21,exact_depth,1,wait_median_ms,114.297208,ms
5,run,run02,21,exact_depth,1,wait_p95_ms,116.65224429999999,ms
5,run,run02,22,exact_depth,1,frame_count,4,frames
5,run,run02,22,exact_depth,1,wait_mean_ms,116.492678,ms
5,run,run02,22,exact_depth,1,wait_median_ms,116.483905,ms
5,run,run02,22,exact_depth,1,wait_p95_ms,121.15708905,ms
5,run,run02,23,exact_depth,1,frame_count,5,frames
5,run,run02,23,exact_depth,1,wait_mean_ms,121.7181994,ms
5,run,run02,23,exact_depth,1,wait_median_ms,124.046435,ms
5,run,run02,23,exact_depth,1,wait_p95_ms,126.0707072,ms
5,run,run02,24,exact_depth,1,frame_count,4,frames
5,run,run02,24,exact_depth,1,wait_mean_ms,123.87453575,ms
5,run,run02,24,exact_depth,1,wait_median_ms,125.3473225,ms
5,run,run02,24,exact_depth,1,wait_p95_ms,126.08982884999999,ms
5,run,run02,25,exact_depth,1,frame_count,4,frames
5,run,run02,25,exact_depth,1,wait_mean_ms,125.8719865,ms
5,run,run02,25,exact_depth,1,wait_median_ms,126.553664,ms
5,run,run02,25,exact_depth,1,wait_p95_ms,129.2195441,ms
5,run,run02,26,exact_depth,1,frame_count,4,frames
5,run,run02,26,exact_depth,1,wait_mean_ms,131.4726005,ms
5,run,run02,26,exact_depth,1,wait_median_ms,131.636279,ms
5,run,run02,26,exact_depth,1,wait_p95_ms,133.11720605,ms
5,run,run02,27,exact_depth,1,frame_count,4,frames
5,run,run02,27,exact_depth,1,wait_mean_ms,136.5782105,ms
5,run,run02,27,exact_depth,1,wait_median_ms,136.508819,ms
5,run,run02,27,exact_depth,1,wait_p95_ms,138.90622825,ms
5,run,run02,28,exact_depth,1,frame_count,4,frames
5,run,run02,28,exact_depth,1,wait_mean_ms,136.88493375,ms
5,run,run02,28,exact_depth,1,wait_median_ms,136.5283105,ms
5,run,run02,28,exact_depth,1,wait_p95_ms,142.09033269999998,ms
5,run,run02,29,exact_depth,1,frame_count,5,frames
5,run,run02,29,exact_depth,1,wait_mean_ms,142.0318164,ms
5,run,run02,29,exact_depth,1,wait_median_ms,142.488683,ms
5,run,run02,29,exact_depth,1,wait_p95_ms,144.7545244,ms
5,run,run02,30,exact_depth,1,frame_count,5,frames
5,run,run02,30,exact_depth,1,wait_mean_ms,146.33230319999998,ms
5,run,run02,30,exact_depth,1,wait_median_ms,147.339681,ms
5,run,run02,30,exact_depth,1,wait_p95_ms,149.3047896,ms
5,run,run02,31,exact_depth,1,frame_count,5,frames
5,run,run02,31,exact_depth,1,wait_mean_ms,148.8030756,ms
5,run,run02,31,exact_depth,1,wait_median_ms,149.962778,ms
5,run,run02,31,exact_depth,1,wait_p95_ms,150.29098119999998,ms
5,run,run02,32,exact_depth,1,frame_count,2,frames
5,run,run02,32,exact_depth,1,wait_mean_ms,153.268608,ms
5,run,run02,32,exact_depth,1,wait_median_ms,153.268608,ms
5,run,run02,32,exact_depth,1,wait_p95_ms,153.657642,ms
5,run,run02,33,exact_depth,1,frame_count,2,frames
5,run,run02,33,exact_depth,1,wait_mean_ms,158.8212325,ms
5,run,run02,33,exact_depth,1,wait_median_ms,158.8212325,ms
5,run,run02,33,exact_depth,1,wait_p95_ms,159.27976225,ms
5,run,run02,34,exact_depth,1,frame_count,2,frames
5,run,run02,34,exact_depth,1,wait_mean_ms,163.066769,ms
5,run,run02,34,exact_depth,1,wait_median_ms,163.066769,ms
5,run,run02,34,exact_depth,1,wait_p95_ms,163.397699,ms
5,run,run02,ALL,all_depths_within_run,1,Pearson,0.9831723844108208,correlation
5,run,run02,ALL,all_depths_within_run,1,Spearman,0.9524749334852068,correlation
5,run,run03,0,exact_depth,1,frame_count,3509,frames
5,run,run03,0,exact_depth,1,wait_mean_ms,1.9092083217440867,ms
5,run,run03,0,exact_depth,1,wait_median_ms,0.313926,ms
5,run,run03,0,exact_depth,1,wait_p95_ms,4.515807,ms
5,run,run03,1,exact_depth,1,frame_count,1815,frames
5,run,run03,1,exact_depth,1,wait_mean_ms,7.523391809366391,ms
5,run,run03,1,exact_depth,1,wait_median_ms,7.525265,ms
5,run,run03,1,exact_depth,1,wait_p95_ms,8.7812428,ms
5,run,run03,2,exact_depth,1,frame_count,1792,frames
5,run,run03,2,exact_depth,1,wait_mean_ms,11.77214775892857,ms
5,run,run03,2,exact_depth,1,wait_median_ms,11.666874,ms
5,run,run03,2,exact_depth,1,wait_p95_ms,12.97217495,ms
5,run,run03,3,exact_depth,1,frame_count,1763,frames
5,run,run03,3,exact_depth,1,wait_mean_ms,15.874264184912082,ms
5,run,run03,3,exact_depth,1,wait_median_ms,15.794336,ms
5,run,run03,3,exact_depth,1,wait_p95_ms,16.8870532,ms
5,run,run03,4,exact_depth,1,frame_count,3,frames
5,run,run03,4,exact_depth,1,wait_mean_ms,32.370713333333335,ms
5,run,run03,4,exact_depth,1,wait_median_ms,20.012344,ms
5,run,run03,4,exact_depth,1,wait_p95_ms,54.19534209999999,ms
5,run,run03,5,exact_depth,1,frame_count,4,frames
5,run,run03,5,exact_depth,1,wait_mean_ms,33.14666425,ms
5,run,run03,5,exact_depth,1,wait_median_ms,26.4512835,ms
5,run,run03,5,exact_depth,1,wait_p95_ms,51.73227509999999,ms
5,run,run03,6,exact_depth,1,frame_count,5,frames
5,run,run03,6,exact_depth,1,wait_mean_ms,43.4086674,ms
5,run,run03,6,exact_depth,1,wait_median_ms,36.082923,ms
5,run,run03,6,exact_depth,1,wait_p95_ms,61.643397799999995,ms
5,run,run03,7,exact_depth,1,frame_count,5,frames
5,run,run03,7,exact_depth,1,wait_mean_ms,43.098214799999994,ms
5,run,run03,7,exact_depth,1,wait_median_ms,38.099417,ms
5,run,run03,7,exact_depth,1,wait_p95_ms,60.631668,ms
5,run,run03,8,exact_depth,1,frame_count,6,frames
5,run,run03,8,exact_depth,1,wait_mean_ms,46.73354633333334,ms
5,run,run03,8,exact_depth,1,wait_median_ms,43.4369,ms
5,run,run03,8,exact_depth,1,wait_p95_ms,62.90217025,ms
5,run,run03,9,exact_depth,1,frame_count,5,frames
5,run,run03,9,exact_depth,1,wait_mean_ms,53.956801,ms
5,run,run03,9,exact_depth,1,wait_median_ms,50.562395,ms
5,run,run03,9,exact_depth,1,wait_p95_ms,67.71835739999999,ms
5,run,run03,10,exact_depth,1,frame_count,6,frames
5,run,run03,10,exact_depth,1,wait_mean_ms,62.5829065,ms
5,run,run03,10,exact_depth,1,wait_median_ms,58.688452,ms
5,run,run03,10,exact_depth,1,wait_p95_ms,76.755881,ms
5,run,run03,11,exact_depth,1,frame_count,6,frames
5,run,run03,11,exact_depth,1,wait_mean_ms,65.151488,ms
5,run,run03,11,exact_depth,1,wait_median_ms,62.964354,ms
5,run,run03,11,exact_depth,1,wait_p95_ms,76.25350825,ms
5,run,run03,12,exact_depth,1,frame_count,4,frames
5,run,run03,12,exact_depth,1,wait_mean_ms,71.961957,ms
5,run,run03,12,exact_depth,1,wait_median_ms,69.4849695,ms
5,run,run03,12,exact_depth,1,wait_p95_ms,81.0802006,ms
5,run,run03,13,exact_depth,1,frame_count,3,frames
5,run,run03,13,exact_depth,1,wait_mean_ms,75.025315,ms
5,run,run03,13,exact_depth,1,wait_median_ms,70.319979,ms
5,run,run03,13,exact_depth,1,wait_p95_ms,85.4794485,ms
5,run,run03,14,exact_depth,1,frame_count,6,frames
5,run,run03,14,exact_depth,1,wait_mean_ms,78.48881216666668,ms
5,run,run03,14,exact_depth,1,wait_median_ms,75.121202,ms
5,run,run03,14,exact_depth,1,wait_p95_ms,87.61503775,ms
5,run,run03,15,exact_depth,1,frame_count,5,frames
5,run,run03,15,exact_depth,1,wait_mean_ms,81.85090720000001,ms
5,run,run03,15,exact_depth,1,wait_median_ms,79.432905,ms
5,run,run03,15,exact_depth,1,wait_p95_ms,90.41026439999999,ms
5,run,run03,16,exact_depth,1,frame_count,3,frames
5,run,run03,16,exact_depth,1,wait_mean_ms,87.309737,ms
5,run,run03,16,exact_depth,1,wait_median_ms,82.642865,ms
5,run,run03,16,exact_depth,1,wait_p95_ms,96.5455547,ms
5,run,run03,17,exact_depth,1,frame_count,4,frames
5,run,run03,17,exact_depth,1,wait_mean_ms,90.72565075,ms
5,run,run03,17,exact_depth,1,wait_median_ms,88.827169,ms
5,run,run03,17,exact_depth,1,wait_p95_ms,98.50323709999999,ms
5,run,run03,18,exact_depth,1,frame_count,5,frames
5,run,run03,18,exact_depth,1,wait_mean_ms,95.26593079999999,ms
5,run,run03,18,exact_depth,1,wait_median_ms,92.800199,ms
5,run,run03,18,exact_depth,1,wait_p95_ms,103.6162372,ms
5,run,run03,19,exact_depth,1,frame_count,5,frames
5,run,run03,19,exact_depth,1,wait_mean_ms,100.4592402,ms
5,run,run03,19,exact_depth,1,wait_median_ms,97.818599,ms
5,run,run03,19,exact_depth,1,wait_p95_ms,106.9998456,ms
5,run,run03,20,exact_depth,1,frame_count,5,frames
5,run,run03,20,exact_depth,1,wait_mean_ms,104.6845276,ms
5,run,run03,20,exact_depth,1,wait_median_ms,102.343423,ms
5,run,run03,20,exact_depth,1,wait_p95_ms,110.67827,ms
5,run,run03,21,exact_depth,1,frame_count,9,frames
5,run,run03,21,exact_depth,1,wait_mean_ms,110.20791733333333,ms
5,run,run03,21,exact_depth,1,wait_median_ms,111.157454,ms
5,run,run03,21,exact_depth,1,wait_p95_ms,114.628805,ms
5,run,run03,22,exact_depth,1,frame_count,6,frames
5,run,run03,22,exact_depth,1,wait_mean_ms,117.72018033333333,ms
5,run,run03,22,exact_depth,1,wait_median_ms,118.358081,ms
5,run,run03,22,exact_depth,1,wait_p95_ms,121.71191725,ms
5,run,run03,23,exact_depth,1,frame_count,4,frames
5,run,run03,23,exact_depth,1,wait_mean_ms,124.100319,ms
5,run,run03,23,exact_depth,1,wait_median_ms,124.9471595,ms
5,run,run03,23,exact_depth,1,wait_p95_ms,127.55230415000001,ms
5,run,run03,24,exact_depth,1,frame_count,4,frames
5,run,run03,24,exact_depth,1,wait_mean_ms,129.1856815,ms
5,run,run03,24,exact_depth,1,wait_median_ms,129.8030095,ms
5,run,run03,24,exact_depth,1,wait_p95_ms,131.8019645,ms
5,run,run03,25,exact_depth,1,frame_count,5,frames
5,run,run03,25,exact_depth,1,wait_mean_ms,134.995882,ms
5,run,run03,25,exact_depth,1,wait_median_ms,134.99486,ms
5,run,run03,25,exact_depth,1,wait_p95_ms,137.628637,ms
5,run,run03,26,exact_depth,1,frame_count,7,frames
5,run,run03,26,exact_depth,1,wait_mean_ms,137.147214,ms
5,run,run03,26,exact_depth,1,wait_median_ms,137.398429,ms
5,run,run03,26,exact_depth,1,wait_p95_ms,140.8444585,ms
5,run,run03,27,exact_depth,1,frame_count,3,frames
5,run,run03,27,exact_depth,1,wait_mean_ms,142.03062133333336,ms
5,run,run03,27,exact_depth,1,wait_median_ms,140.364797,ms
5,run,run03,27,exact_depth,1,wait_p95_ms,144.9005657,ms
5,run,run03,28,exact_depth,1,frame_count,2,frames
5,run,run03,28,exact_depth,1,wait_mean_ms,145.6940165,ms
5,run,run03,28,exact_depth,1,wait_median_ms,145.6940165,ms
5,run,run03,28,exact_depth,1,wait_p95_ms,147.67854935,ms
5,run,run03,29,exact_depth,1,frame_count,1,frames
5,run,run03,29,exact_depth,1,wait_mean_ms,147.840136,ms
5,run,run03,29,exact_depth,1,wait_median_ms,147.840136,ms
5,run,run03,29,exact_depth,1,wait_p95_ms,147.840136,ms
5,run,run03,ALL,all_depths_within_run,1,Pearson,0.9864723507360827,correlation
5,run,run03,ALL,all_depths_within_run,1,Spearman,0.9569413149023536,correlation
5,run,run04,0,exact_depth,1,frame_count,3514,frames
5,run,run04,0,exact_depth,1,wait_mean_ms,1.9443637951052932,ms
5,run,run04,0,exact_depth,1,wait_median_ms,0.4746925,ms
5,run,run04,0,exact_depth,1,wait_p95_ms,4.507038,ms
5,run,run04,1,exact_depth,1,frame_count,1806,frames
5,run,run04,1,exact_depth,1,wait_mean_ms,7.602472181616832,ms
5,run,run04,1,exact_depth,1,wait_median_ms,7.637131,ms
5,run,run04,1,exact_depth,1,wait_p95_ms,8.81757275,ms
5,run,run04,2,exact_depth,1,frame_count,1784,frames
5,run,run04,2,exact_depth,1,wait_mean_ms,11.832494829035875,ms
5,run,run04,2,exact_depth,1,wait_median_ms,11.7373855,ms
5,run,run04,2,exact_depth,1,wait_p95_ms,12.9506611,ms
5,run,run04,3,exact_depth,1,frame_count,1765,frames
5,run,run04,3,exact_depth,1,wait_mean_ms,15.959000425495752,ms
5,run,run04,3,exact_depth,1,wait_median_ms,15.855128,ms
5,run,run04,3,exact_depth,1,wait_p95_ms,16.9628254,ms
5,run,run04,4,exact_depth,1,frame_count,3,frames
5,run,run04,4,exact_depth,1,wait_mean_ms,37.309902666666666,ms
5,run,run04,4,exact_depth,1,wait_median_ms,20.372229,ms
5,run,run04,4,exact_depth,1,wait_p95_ms,67.5029601,ms
5,run,run04,5,exact_depth,1,frame_count,4,frames
5,run,run04,5,exact_depth,1,wait_mean_ms,39.85718825,ms
5,run,run04,5,exact_depth,1,wait_median_ms,26.406595,ms
5,run,run04,5,exact_depth,1,wait_p95_ms,75.0746332,ms
5,run,run04,6,exact_depth,1,frame_count,3,frames
5,run,run04,6,exact_depth,1,wait_mean_ms,51.516565,ms
5,run,run04,6,exact_depth,1,wait_median_ms,31.890008,ms
5,run,run04,6,exact_depth,1,wait_p95_ms,86.50410409999999,ms
5,run,run04,7,exact_depth,1,frame_count,6,frames
5,run,run04,7,exact_depth,1,wait_mean_ms,46.60443433333334,ms
5,run,run04,7,exact_depth,1,wait_median_ms,38.130205,ms
5,run,run04,7,exact_depth,1,wait_p95_ms,81.47811475,ms
5,run,run04,8,exact_depth,1,frame_count,5,frames
5,run,run04,8,exact_depth,1,wait_mean_ms,51.8877084,ms
5,run,run04,8,exact_depth,1,wait_median_ms,42.42536,ms
5,run,run04,8,exact_depth,1,wait_p95_ms,87.4597886,ms
5,run,run04,9,exact_depth,1,frame_count,5,frames
5,run,run04,9,exact_depth,1,wait_mean_ms,59.2537934,ms
5,run,run04,9,exact_depth,1,wait_median_ms,49.808472,ms
5,run,run04,9,exact_depth,1,wait_p95_ms,92.60703199999999,ms
5,run,run04,10,exact_depth,1,frame_count,5,frames
5,run,run04,10,exact_depth,1,wait_mean_ms,75.04957359999999,ms
5,run,run04,10,exact_depth,1,wait_median_ms,58.793668,ms
5,run,run04,10,exact_depth,1,wait_p95_ms,105.7628332,ms
5,run,run04,11,exact_depth,1,frame_count,3,frames
5,run,run04,11,exact_depth,1,wait_mean_ms,74.88081766666667,ms
5,run,run04,11,exact_depth,1,wait_median_ms,61.041281,ms
5,run,run04,11,exact_depth,1,wait_p95_ms,103.5388688,ms
5,run,run04,12,exact_depth,1,frame_count,4,frames
5,run,run04,12,exact_depth,1,wait_mean_ms,77.64891925,ms
5,run,run04,12,exact_depth,1,wait_median_ms,66.847051,ms
5,run,run04,12,exact_depth,1,wait_p95_ms,106.69780189999999,ms
5,run,run04,13,exact_depth,1,frame_count,5,frames
5,run,run04,13,exact_depth,1,wait_mean_ms,85.24709279999999,ms
5,run,run04,13,exact_depth,1,wait_median_ms,67.392109,ms
5,run,run04,13,exact_depth,1,wait_p95_ms,116.0649128,ms
5,run,run04,14,exact_depth,1,frame_count,5,frames
5,run,run04,14,exact_depth,1,wait_mean_ms,81.162714,ms
5,run,run04,14,exact_depth,1,wait_median_ms,73.509169,ms
5,run,run04,14,exact_depth,1,wait_p95_ms,108.26679859999999,ms
5,run,run04,15,exact_depth,1,frame_count,6,frames
5,run,run04,15,exact_depth,1,wait_mean_ms,84.7471145,ms
5,run,run04,15,exact_depth,1,wait_median_ms,77.6948485,ms
5,run,run04,15,exact_depth,1,wait_p95_ms,111.46813075,ms
5,run,run04,16,exact_depth,1,frame_count,3,frames
5,run,run04,16,exact_depth,1,wait_mean_ms,96.36815666666668,ms
5,run,run04,16,exact_depth,1,wait_median_ms,87.404748,ms
5,run,run04,16,exact_depth,1,wait_p95_ms,116.44686689999999,ms
5,run,run04,17,exact_depth,1,frame_count,4,frames
5,run,run04,17,exact_depth,1,wait_mean_ms,97.1577345,ms
5,run,run04,17,exact_depth,1,wait_median_ms,90.0102235,ms
5,run,run04,17,exact_depth,1,wait_p95_ms,118.17392804999999,ms
5,run,run04,18,exact_depth,1,frame_count,5,frames
5,run,run04,18,exact_depth,1,wait_mean_ms,102.56140040000001,ms
5,run,run04,18,exact_depth,1,wait_median_ms,96.763693,ms
5,run,run04,18,exact_depth,1,wait_p95_ms,121.3890974,ms
5,run,run04,19,exact_depth,1,frame_count,5,frames
5,run,run04,19,exact_depth,1,wait_mean_ms,112.0412746,ms
5,run,run04,19,exact_depth,1,wait_median_ms,100.903011,ms
5,run,run04,19,exact_depth,1,wait_p95_ms,131.3705394,ms
5,run,run04,20,exact_depth,1,frame_count,4,frames
5,run,run04,20,exact_depth,1,wait_mean_ms,110.2329385,ms
5,run,run04,20,exact_depth,1,wait_median_ms,103.6501405,ms
5,run,run04,20,exact_depth,1,wait_p95_ms,127.32456255,ms
5,run,run04,21,exact_depth,1,frame_count,4,frames
5,run,run04,21,exact_depth,1,wait_mean_ms,115.51384425,ms
5,run,run04,21,exact_depth,1,wait_median_ms,110.1654025,ms
5,run,run04,21,exact_depth,1,wait_p95_ms,130.87911755,ms
5,run,run04,22,exact_depth,1,frame_count,4,frames
5,run,run04,22,exact_depth,1,wait_mean_ms,117.47092675,ms
5,run,run04,22,exact_depth,1,wait_median_ms,111.878317,ms
5,run,run04,22,exact_depth,1,wait_p95_ms,133.11383055,ms
5,run,run04,23,exact_depth,1,frame_count,5,frames
5,run,run04,23,exact_depth,1,wait_mean_ms,127.098225,ms
5,run,run04,23,exact_depth,1,wait_median_ms,118.625694,ms
5,run,run04,23,exact_depth,1,wait_p95_ms,141.97876159999998,ms
5,run,run04,24,exact_depth,1,frame_count,4,frames
5,run,run04,24,exact_depth,1,wait_mean_ms,126.0509175,ms
5,run,run04,24,exact_depth,1,wait_median_ms,121.6682055,ms
5,run,run04,24,exact_depth,1,wait_p95_ms,138.11747354999997,ms
5,run,run04,25,exact_depth,1,frame_count,4,frames
5,run,run04,25,exact_depth,1,wait_mean_ms,132.10960475,ms
5,run,run04,25,exact_depth,1,wait_median_ms,128.7785205,ms
5,run,run04,25,exact_depth,1,wait_p95_ms,142.1592369,ms
5,run,run04,26,exact_depth,1,frame_count,3,frames
5,run,run04,26,exact_depth,1,wait_mean_ms,137.904986,ms
5,run,run04,26,exact_depth,1,wait_median_ms,133.078028,ms
5,run,run04,26,exact_depth,1,wait_p95_ms,147.1616699,ms
5,run,run04,27,exact_depth,1,frame_count,6,frames
5,run,run04,27,exact_depth,1,wait_mean_ms,141.2541055,ms
5,run,run04,27,exact_depth,1,wait_median_ms,136.422413,ms
5,run,run04,27,exact_depth,1,wait_p95_ms,152.9677535,ms
5,run,run04,28,exact_depth,1,frame_count,4,frames
5,run,run04,28,exact_depth,1,wait_mean_ms,144.306409,ms
5,run,run04,28,exact_depth,1,wait_median_ms,142.6784615,ms
5,run,run04,28,exact_depth,1,wait_p95_ms,151.33595455000003,ms
5,run,run04,29,exact_depth,1,frame_count,5,frames
5,run,run04,29,exact_depth,1,wait_mean_ms,149.913998,ms
5,run,run04,29,exact_depth,1,wait_median_ms,149.426175,ms
5,run,run04,29,exact_depth,1,wait_p95_ms,156.4585696,ms
5,run,run04,30,exact_depth,1,frame_count,4,frames
5,run,run04,30,exact_depth,1,wait_mean_ms,151.906828,ms
5,run,run04,30,exact_depth,1,wait_median_ms,152.3378815,ms
5,run,run04,30,exact_depth,1,wait_p95_ms,154.6932397,ms
5,run,run04,31,exact_depth,1,frame_count,4,frames
5,run,run04,31,exact_depth,1,wait_mean_ms,157.37628875,ms
5,run,run04,31,exact_depth,1,wait_median_ms,157.433339,ms
5,run,run04,31,exact_depth,1,wait_p95_ms,157.80462359999999,ms
5,run,run04,32,exact_depth,1,frame_count,3,frames
5,run,run04,32,exact_depth,1,wait_mean_ms,162.47136433333336,ms
5,run,run04,32,exact_depth,1,wait_median_ms,162.2726,ms
5,run,run04,32,exact_depth,1,wait_p95_ms,164.12305940000002,ms
5,run,run04,33,exact_depth,1,frame_count,3,frames
5,run,run04,33,exact_depth,1,wait_mean_ms,167.97840133333335,ms
5,run,run04,33,exact_depth,1,wait_median_ms,168.009577,ms
5,run,run04,33,exact_depth,1,wait_p95_ms,169.9559863,ms
5,run,run04,34,exact_depth,1,frame_count,1,frames
5,run,run04,34,exact_depth,1,wait_mean_ms,168.414621,ms
5,run,run04,34,exact_depth,1,wait_median_ms,168.414621,ms
5,run,run04,34,exact_depth,1,wait_p95_ms,168.414621,ms
5,run,run04,35,exact_depth,1,frame_count,2,frames
5,run,run04,35,exact_depth,1,wait_mean_ms,172.1000845,ms
5,run,run04,35,exact_depth,1,wait_median_ms,172.1000845,ms
5,run,run04,35,exact_depth,1,wait_p95_ms,172.11584755,ms
5,run,run04,ALL,all_depths_within_run,1,Pearson,0.9783081914075561,correlation
5,run,run04,ALL,all_depths_within_run,1,Spearman,0.9567791175468859,correlation
5,run,run05,0,exact_depth,1,frame_count,3492,frames
5,run,run05,0,exact_depth,1,wait_mean_ms,1.8851807683276058,ms
5,run,run05,0,exact_depth,1,wait_median_ms,0.3104395,ms
5,run,run05,0,exact_depth,1,wait_p95_ms,4.45044275,ms
5,run,run05,1,exact_depth,1,frame_count,1828,frames
5,run,run05,1,exact_depth,1,wait_mean_ms,7.50881913785558,ms
5,run,run05,1,exact_depth,1,wait_median_ms,7.5426625,ms
5,run,run05,1,exact_depth,1,wait_p95_ms,8.759144,ms
5,run,run05,2,exact_depth,1,frame_count,1812,frames
5,run,run05,2,exact_depth,1,wait_mean_ms,11.753676342163356,ms
5,run,run05,2,exact_depth,1,wait_median_ms,11.6800375,ms
5,run,run05,2,exact_depth,1,wait_p95_ms,12.911830799999999,ms
5,run,run05,3,exact_depth,1,frame_count,1733,frames
5,run,run05,3,exact_depth,1,wait_mean_ms,15.846795796884017,ms
5,run,run05,3,exact_depth,1,wait_median_ms,15.787503,ms
5,run,run05,3,exact_depth,1,wait_p95_ms,16.805083,ms
5,run,run05,4,exact_depth,1,frame_count,4,frames
5,run,run05,4,exact_depth,1,wait_mean_ms,31.6994765,ms
5,run,run05,4,exact_depth,1,wait_median_ms,23.6372775,ms
5,run,run05,4,exact_depth,1,wait_p95_ms,55.598949199999986,ms
5,run,run05,5,exact_depth,1,frame_count,4,frames
5,run,run05,5,exact_depth,1,wait_mean_ms,36.43113425,ms
5,run,run05,5,exact_depth,1,wait_median_ms,28.993488,ms
5,run,run05,5,exact_depth,1,wait_p95_ms,59.20153579999999,ms
5,run,run05,6,exact_depth,1,frame_count,6,frames
5,run,run05,6,exact_depth,1,wait_mean_ms,39.040346166666666,ms
5,run,run05,6,exact_depth,1,wait_median_ms,33.247757,ms
5,run,run05,6,exact_depth,1,wait_p95_ms,60.84612475,ms
5,run,run05,7,exact_depth,1,frame_count,5,frames
5,run,run05,7,exact_depth,1,wait_mean_ms,44.894237200000006,ms
5,run,run05,7,exact_depth,1,wait_median_ms,39.134,ms
5,run,run05,7,exact_depth,1,wait_p95_ms,65.16672,ms
5,run,run05,8,exact_depth,1,frame_count,10,frames
5,run,run05,8,exact_depth,1,wait_mean_ms,50.4820465,ms
5,run,run05,8,exact_depth,1,wait_median_ms,45.43251,ms
5,run,run05,8,exact_depth,1,wait_p95_ms,76.55805529999999,ms
5,run,run05,9,exact_depth,1,frame_count,8,frames
5,run,run05,9,exact_depth,1,wait_mean_ms,55.8742695,ms
5,run,run05,9,exact_depth,1,wait_median_ms,53.5350845,ms
5,run,run05,9,exact_depth,1,wait_p95_ms,72.52615669999999,ms
5,run,run05,10,exact_depth,1,frame_count,5,frames
5,run,run05,10,exact_depth,1,wait_mean_ms,63.7465944,ms
5,run,run05,10,exact_depth,1,wait_median_ms,61.249039,ms
5,run,run05,10,exact_depth,1,wait_p95_ms,78.1066886,ms
5,run,run05,11,exact_depth,1,frame_count,5,frames
5,run,run05,11,exact_depth,1,wait_mean_ms,68.7143638,ms
5,run,run05,11,exact_depth,1,wait_median_ms,65.726412,ms
5,run,run05,11,exact_depth,1,wait_p95_ms,80.0876638,ms
5,run,run05,12,exact_depth,1,frame_count,5,frames
5,run,run05,12,exact_depth,1,wait_mean_ms,73.9000034,ms
5,run,run05,12,exact_depth,1,wait_median_ms,70.638775,ms
5,run,run05,12,exact_depth,1,wait_p95_ms,84.1089406,ms
5,run,run05,13,exact_depth,1,frame_count,3,frames
5,run,run05,13,exact_depth,1,wait_mean_ms,74.96172133333333,ms
5,run,run05,13,exact_depth,1,wait_median_ms,71.238746,ms
5,run,run05,13,exact_depth,1,wait_p95_ms,88.82179489999999,ms
5,run,run05,14,exact_depth,1,frame_count,7,frames
5,run,run05,14,exact_depth,1,wait_mean_ms,79.40845942857143,ms
5,run,run05,14,exact_depth,1,wait_median_ms,75.830018,ms
5,run,run05,14,exact_depth,1,wait_p95_ms,93.219378,ms
5,run,run05,15,exact_depth,1,frame_count,4,frames
5,run,run05,15,exact_depth,1,wait_mean_ms,83.067311,ms
5,run,run05,15,exact_depth,1,wait_median_ms,82.3348625,ms
5,run,run05,15,exact_depth,1,wait_p95_ms,94.11033284999999,ms
5,run,run05,16,exact_depth,1,frame_count,5,frames
5,run,run05,16,exact_depth,1,wait_mean_ms,84.7278748,ms
5,run,run05,16,exact_depth,1,wait_median_ms,82.874158,ms
5,run,run05,16,exact_depth,1,wait_p95_ms,96.497931,ms
5,run,run05,17,exact_depth,1,frame_count,4,frames
5,run,run05,17,exact_depth,1,wait_mean_ms,92.3271305,ms
5,run,run05,17,exact_depth,1,wait_median_ms,90.4736435,ms
5,run,run05,17,exact_depth,1,wait_p95_ms,99.38172214999999,ms
5,run,run05,18,exact_depth,1,frame_count,5,frames
5,run,run05,18,exact_depth,1,wait_mean_ms,99.009926,ms
5,run,run05,18,exact_depth,1,wait_median_ms,96.988797,ms
5,run,run05,18,exact_depth,1,wait_p95_ms,103.4777216,ms
5,run,run05,19,exact_depth,1,frame_count,5,frames
5,run,run05,19,exact_depth,1,wait_mean_ms,103.2421488,ms
5,run,run05,19,exact_depth,1,wait_median_ms,101.372627,ms
5,run,run05,19,exact_depth,1,wait_p95_ms,107.79228479999999,ms
5,run,run05,20,exact_depth,1,frame_count,7,frames
5,run,run05,20,exact_depth,1,wait_mean_ms,106.17913671428572,ms
5,run,run05,20,exact_depth,1,wait_median_ms,104.372594,ms
5,run,run05,20,exact_depth,1,wait_p95_ms,110.0782465,ms
5,run,run05,21,exact_depth,1,frame_count,4,frames
5,run,run05,21,exact_depth,1,wait_mean_ms,112.85291325,ms
5,run,run05,21,exact_depth,1,wait_median_ms,113.0392815,ms
5,run,run05,21,exact_depth,1,wait_p95_ms,115.36476384999999,ms
5,run,run05,22,exact_depth,1,frame_count,4,frames
5,run,run05,22,exact_depth,1,wait_mean_ms,115.24457125,ms
5,run,run05,22,exact_depth,1,wait_median_ms,114.867445,ms
5,run,run05,22,exact_depth,1,wait_p95_ms,117.23151265,ms
5,run,run05,23,exact_depth,1,frame_count,2,frames
5,run,run05,23,exact_depth,1,wait_mean_ms,120.1362545,ms
5,run,run05,23,exact_depth,1,wait_median_ms,120.1362545,ms
5,run,run05,23,exact_depth,1,wait_p95_ms,120.65265245,ms
5,run,run05,24,exact_depth,1,frame_count,4,frames
5,run,run05,24,exact_depth,1,wait_mean_ms,121.0883205,ms
5,run,run05,24,exact_depth,1,wait_median_ms,120.3938235,ms
5,run,run05,24,exact_depth,1,wait_p95_ms,124.51678285,ms
5,run,run05,25,exact_depth,1,frame_count,5,frames
5,run,run05,25,exact_depth,1,wait_mean_ms,126.50353840000001,ms
5,run,run05,25,exact_depth,1,wait_median_ms,127.49284,ms
5,run,run05,25,exact_depth,1,wait_p95_ms,129.306112,ms
5,run,run05,26,exact_depth,1,frame_count,3,frames
5,run,run05,26,exact_depth,1,wait_mean_ms,132.30461366666668,ms
5,run,run05,26,exact_depth,1,wait_median_ms,132.485537,ms
5,run,run05,26,exact_depth,1,wait_p95_ms,133.5425339,ms
5,run,run05,27,exact_depth,1,frame_count,4,frames
5,run,run05,27,exact_depth,1,wait_mean_ms,135.305165,ms
5,run,run05,27,exact_depth,1,wait_median_ms,135.001205,ms
5,run,run05,27,exact_depth,1,wait_p95_ms,137.99462119999998,ms
5,run,run05,28,exact_depth,1,frame_count,6,frames
5,run,run05,28,exact_depth,1,wait_mean_ms,136.31591383333335,ms
5,run,run05,28,exact_depth,1,wait_median_ms,135.9081535,ms
5,run,run05,28,exact_depth,1,wait_p95_ms,139.8667225,ms
5,run,run05,29,exact_depth,1,frame_count,5,frames
5,run,run05,29,exact_depth,1,wait_mean_ms,140.17540580000002,ms
5,run,run05,29,exact_depth,1,wait_median_ms,140.078722,ms
5,run,run05,29,exact_depth,1,wait_p95_ms,143.8138068,ms
5,run,run05,30,exact_depth,1,frame_count,3,frames
5,run,run05,30,exact_depth,1,wait_mean_ms,145.10817366666666,ms
5,run,run05,30,exact_depth,1,wait_median_ms,145.511041,ms
5,run,run05,30,exact_depth,1,wait_p95_ms,145.6699153,ms
5,run,run05,31,exact_depth,1,frame_count,1,frames
5,run,run05,31,exact_depth,1,wait_mean_ms,146.898696,ms
5,run,run05,31,exact_depth,1,wait_median_ms,146.898696,ms
5,run,run05,31,exact_depth,1,wait_p95_ms,146.898696,ms
5,run,run05,32,exact_depth,1,frame_count,2,frames
5,run,run05,32,exact_depth,1,wait_mean_ms,151.4924405,ms
5,run,run05,32,exact_depth,1,wait_median_ms,151.4924405,ms
5,run,run05,32,exact_depth,1,wait_p95_ms,152.66665565,ms
5,run,run05,ALL,all_depths_within_run,1,Pearson,0.9848369454364733,correlation
5,run,run05,ALL,all_depths_within_run,1,Spearman,0.9573119515909874,correlation
6,run,run01,0,exact_depth,1,frame_count,3347,frames
6,run,run01,0,exact_depth,1,wait_mean_ms,2.0203379435315205,ms
6,run,run01,0,exact_depth,1,wait_median_ms,0.611038,ms
6,run,run01,0,exact_depth,1,wait_p95_ms,4.6892374,ms
6,run,run01,1,exact_depth,1,frame_count,1787,frames
6,run,run01,1,exact_depth,1,wait_mean_ms,7.82514483268047,ms
6,run,run01,1,exact_depth,1,wait_median_ms,7.839411,ms
6,run,run01,1,exact_depth,1,wait_p95_ms,9.1471901,ms
6,run,run01,2,exact_depth,1,frame_count,1733,frames
6,run,run01,2,exact_depth,1,wait_mean_ms,11.943620667628391,ms
6,run,run01,2,exact_depth,1,wait_median_ms,11.892286,ms
6,run,run01,2,exact_depth,1,wait_p95_ms,13.263131199999997,ms
6,run,run01,3,exact_depth,1,frame_count,1812,frames
6,run,run01,3,exact_depth,1,wait_mean_ms,15.966123391832229,ms
6,run,run01,3,exact_depth,1,wait_median_ms,15.8391845,ms
6,run,run01,3,exact_depth,1,wait_p95_ms,17.55529495,ms
6,run,run01,4,exact_depth,1,frame_count,1629,frames
6,run,run01,4,exact_depth,1,wait_mean_ms,20.5010478213628,ms
6,run,run01,4,exact_depth,1,wait_median_ms,19.88024,ms
6,run,run01,4,exact_depth,1,wait_p95_ms,23.9314304,ms
6,run,run01,5,exact_depth,1,frame_count,11,frames
6,run,run01,5,exact_depth,1,wait_mean_ms,30.350175636363637,ms
6,run,run01,5,exact_depth,1,wait_median_ms,25.300904,ms
6,run,run01,5,exact_depth,1,wait_p95_ms,52.807811,ms
6,run,run01,6,exact_depth,1,frame_count,6,frames
6,run,run01,6,exact_depth,1,wait_mean_ms,39.12096966666667,ms
6,run,run01,6,exact_depth,1,wait_median_ms,31.2444825,ms
6,run,run01,6,exact_depth,1,wait_p95_ms,69.6728315,ms
6,run,run01,7,exact_depth,1,frame_count,6,frames
6,run,run01,7,exact_depth,1,wait_mean_ms,43.635460333333334,ms
6,run,run01,7,exact_depth,1,wait_median_ms,35.197581,ms
6,run,run01,7,exact_depth,1,wait_p95_ms,74.89831275,ms
6,run,run01,8,exact_depth,1,frame_count,7,frames
6,run,run01,8,exact_depth,1,wait_mean_ms,47.15524257142857,ms
6,run,run01,8,exact_depth,1,wait_median_ms,39.073553,ms
6,run,run01,8,exact_depth,1,wait_p95_ms,78.24608829999997,ms
6,run,run01,9,exact_depth,1,frame_count,9,frames
6,run,run01,9,exact_depth,1,wait_mean_ms,50.89341488888889,ms
6,run,run01,9,exact_depth,1,wait_median_ms,45.194691,ms
6,run,run01,9,exact_depth,1,wait_p95_ms,79.04970699999998,ms
6,run,run01,10,exact_depth,1,frame_count,8,frames
6,run,run01,10,exact_depth,1,wait_mean_ms,56.52402025,ms
6,run,run01,10,exact_depth,1,wait_median_ms,49.7325355,ms
6,run,run01,10,exact_depth,1,wait_p95_ms,85.90001879999997,ms
6,run,run01,11,exact_depth,1,frame_count,10,frames
6,run,run01,11,exact_depth,1,wait_mean_ms,66.77356639999999,ms
6,run,run01,11,exact_depth,1,wait_median_ms,55.844506,ms
6,run,run01,11,exact_depth,1,wait_p95_ms,112.58525705,ms
6,run,run01,12,exact_depth,1,frame_count,8,frames
6,run,run01,12,exact_depth,1,wait_mean_ms,67.446036,ms
6,run,run01,12,exact_depth,1,wait_median_ms,60.881976,ms
6,run,run01,12,exact_depth,1,wait_p95_ms,99.23164504999997,ms
6,run,run01,13,exact_depth,1,frame_count,12,frames
6,run,run01,13,exact_depth,1,wait_mean_ms,71.41121283333332,ms
6,run,run01,13,exact_depth,1,wait_median_ms,66.698452,ms
6,run,run01,13,exact_depth,1,wait_p95_ms,95.28933244999996,ms
6,run,run01,14,exact_depth,1,frame_count,10,frames
6,run,run01,14,exact_depth,1,wait_mean_ms,77.9339196,ms
6,run,run01,14,exact_depth,1,wait_median_ms,72.353527,ms
6,run,run01,14,exact_depth,1,wait_p95_ms,104.33851044999994,ms
6,run,run01,15,exact_depth,1,frame_count,9,frames
6,run,run01,15,exact_depth,1,wait_mean_ms,82.65804322222222,ms
6,run,run01,15,exact_depth,1,wait_median_ms,76.589666,ms
6,run,run01,15,exact_depth,1,wait_p95_ms,109.58767579999999,ms
6,run,run01,16,exact_depth,1,frame_count,10,frames
6,run,run01,16,exact_depth,1,wait_mean_ms,91.34061009999999,ms
6,run,run01,16,exact_depth,1,wait_median_ms,81.749063,ms
6,run,run01,16,exact_depth,1,wait_p95_ms,131.5873904,ms
6,run,run01,17,exact_depth,1,frame_count,7,frames
6,run,run01,17,exact_depth,1,wait_mean_ms,92.49711257142857,ms
6,run,run01,17,exact_depth,1,wait_median_ms,84.003593,ms
6,run,run01,17,exact_depth,1,wait_p95_ms,121.82158069999997,ms
6,run,run01,18,exact_depth,1,frame_count,10,frames
6,run,run01,18,exact_depth,1,wait_mean_ms,97.648393,ms
6,run,run01,18,exact_depth,1,wait_median_ms,90.9442425,ms
6,run,run01,18,exact_depth,1,wait_p95_ms,129.4003608,ms
6,run,run01,19,exact_depth,1,frame_count,10,frames
6,run,run01,19,exact_depth,1,wait_mean_ms,102.78030109999999,ms
6,run,run01,19,exact_depth,1,wait_median_ms,96.2663405,ms
6,run,run01,19,exact_depth,1,wait_p95_ms,131.94805889999998,ms
6,run,run01,20,exact_depth,1,frame_count,13,frames
6,run,run01,20,exact_depth,1,wait_mean_ms,106.08510515384616,ms
6,run,run01,20,exact_depth,1,wait_median_ms,102.382334,ms
6,run,run01,20,exact_depth,1,wait_p95_ms,132.489203,ms
6,run,run01,21,exact_depth,1,frame_count,9,frames
6,run,run01,21,exact_depth,1,wait_mean_ms,110.2561848888889,ms
6,run,run01,21,exact_depth,1,wait_median_ms,109.403714,ms
6,run,run01,21,exact_depth,1,wait_p95_ms,125.640515,ms
6,run,run01,22,exact_depth,1,frame_count,13,frames
6,run,run01,22,exact_depth,1,wait_mean_ms,114.39145623076924,ms
6,run,run01,22,exact_depth,1,wait_median_ms,113.427247,ms
6,run,run01,22,exact_depth,1,wait_p95_ms,125.36449399999997,ms
6,run,run01,23,exact_depth,1,frame_count,14,frames
6,run,run01,23,exact_depth,1,wait_mean_ms,122.77191942857144,ms
6,run,run01,23,exact_depth,1,wait_median_ms,120.243451,ms
6,run,run01,23,exact_depth,1,wait_p95_ms,139.877555,ms
6,run,run01,24,exact_depth,1,frame_count,10,frames
6,run,run01,24,exact_depth,1,wait_mean_ms,125.5889813,ms
6,run,run01,24,exact_depth,1,wait_median_ms,125.919704,ms
6,run,run01,24,exact_depth,1,wait_p95_ms,136.26303474999997,ms
6,run,run01,25,exact_depth,1,frame_count,14,frames
6,run,run01,25,exact_depth,1,wait_mean_ms,130.69471442857144,ms
6,run,run01,25,exact_depth,1,wait_median_ms,130.432868,ms
6,run,run01,25,exact_depth,1,wait_p95_ms,138.82978104999998,ms
6,run,run01,26,exact_depth,1,frame_count,10,frames
6,run,run01,26,exact_depth,1,wait_mean_ms,134.6229439,ms
6,run,run01,26,exact_depth,1,wait_median_ms,134.2878555,ms
6,run,run01,26,exact_depth,1,wait_p95_ms,143.53632535,ms
6,run,run01,27,exact_depth,1,frame_count,11,frames
6,run,run01,27,exact_depth,1,wait_mean_ms,140.32468936363637,ms
6,run,run01,27,exact_depth,1,wait_median_ms,138.480197,ms
6,run,run01,27,exact_depth,1,wait_p95_ms,152.6662725,ms
6,run,run01,28,exact_depth,1,frame_count,10,frames
6,run,run01,28,exact_depth,1,wait_mean_ms,143.4827759,ms
6,run,run01,28,exact_depth,1,wait_median_ms,142.9770645,ms
6,run,run01,28,exact_depth,1,wait_p95_ms,150.8018155,ms
6,run,run01,29,exact_depth,1,frame_count,9,frames
6,run,run01,29,exact_depth,1,wait_mean_ms,146.56865033333335,ms
6,run,run01,29,exact_depth,1,wait_median_ms,146.078851,ms
6,run,run01,29,exact_depth,1,wait_p95_ms,154.61563679999998,ms
6,run,run01,30,exact_depth,1,frame_count,12,frames
6,run,run01,30,exact_depth,1,wait_mean_ms,151.689004,ms
6,run,run01,30,exact_depth,1,wait_median_ms,149.6633385,ms
6,run,run01,30,exact_depth,1,wait_p95_ms,164.8940818,ms
6,run,run01,31,exact_depth,1,frame_count,10,frames
6,run,run01,31,exact_depth,1,wait_mean_ms,158.6489077,ms
6,run,run01,31,exact_depth,1,wait_median_ms,157.263111,ms
6,run,run01,31,exact_depth,1,wait_p95_ms,168.9466208,ms
6,run,run01,32,exact_depth,1,frame_count,9,frames
6,run,run01,32,exact_depth,1,wait_mean_ms,161.642435,ms
6,run,run01,32,exact_depth,1,wait_median_ms,160.8243,ms
6,run,run01,32,exact_depth,1,wait_p95_ms,168.7111206,ms
6,run,run01,33,exact_depth,1,frame_count,11,frames
6,run,run01,33,exact_depth,1,wait_mean_ms,167.42564645454547,ms
6,run,run01,33,exact_depth,1,wait_median_ms,166.694626,ms
6,run,run01,33,exact_depth,1,wait_p95_ms,173.9102055,ms
6,run,run01,34,exact_depth,1,frame_count,11,frames
6,run,run01,34,exact_depth,1,wait_mean_ms,172.96125645454546,ms
6,run,run01,34,exact_depth,1,wait_median_ms,172.207753,ms
6,run,run01,34,exact_depth,1,wait_p95_ms,180.94052,ms
6,run,run01,35,exact_depth,1,frame_count,9,frames
6,run,run01,35,exact_depth,1,wait_mean_ms,177.3724311111111,ms
6,run,run01,35,exact_depth,1,wait_median_ms,176.802454,ms
6,run,run01,35,exact_depth,1,wait_p95_ms,182.3904944,ms
6,run,run01,36,exact_depth,1,frame_count,11,frames
6,run,run01,36,exact_depth,1,wait_mean_ms,182.3122680909091,ms
6,run,run01,36,exact_depth,1,wait_median_ms,181.301988,ms
6,run,run01,36,exact_depth,1,wait_p95_ms,188.7820075,ms
6,run,run01,37,exact_depth,1,frame_count,12,frames
6,run,run01,37,exact_depth,1,wait_mean_ms,187.79173933333334,ms
6,run,run01,37,exact_depth,1,wait_median_ms,185.9995925,ms
6,run,run01,37,exact_depth,1,wait_p95_ms,198.25596059999998,ms
6,run,run01,38,exact_depth,1,frame_count,16,frames
6,run,run01,38,exact_depth,1,wait_mean_ms,196.1149910625,ms
6,run,run01,38,exact_depth,1,wait_median_ms,194.938682,ms
6,run,run01,38,exact_depth,1,wait_p95_ms,206.918039,ms
6,run,run01,39,exact_depth,1,frame_count,13,frames
6,run,run01,39,exact_depth,1,wait_mean_ms,201.16979092307693,ms
6,run,run01,39,exact_depth,1,wait_median_ms,199.329958,ms
6,run,run01,39,exact_depth,1,wait_p95_ms,211.23089080000003,ms
6,run,run01,40,exact_depth,1,frame_count,14,frames
6,run,run01,40,exact_depth,1,wait_mean_ms,206.3829667857143,ms
6,run,run01,40,exact_depth,1,wait_median_ms,206.789041,ms
6,run,run01,40,exact_depth,1,wait_p95_ms,214.62539894999998,ms
6,run,run01,41,exact_depth,1,frame_count,18,frames
6,run,run01,41,exact_depth,1,wait_mean_ms,213.53934833333335,ms
6,run,run01,41,exact_depth,1,wait_median_ms,213.552949,ms
6,run,run01,41,exact_depth,1,wait_p95_ms,223.01998975,ms
6,run,run01,42,exact_depth,1,frame_count,12,frames
6,run,run01,42,exact_depth,1,wait_mean_ms,217.32919658333336,ms
6,run,run01,42,exact_depth,1,wait_median_ms,217.005297,ms
6,run,run01,42,exact_depth,1,wait_p95_ms,225.6947054,ms
6,run,run01,43,exact_depth,1,frame_count,13,frames
6,run,run01,43,exact_depth,1,wait_mean_ms,222.9400356153846,ms
6,run,run01,43,exact_depth,1,wait_median_ms,224.590548,ms
6,run,run01,43,exact_depth,1,wait_p95_ms,231.1060898,ms
6,run,run01,44,exact_depth,1,frame_count,16,frames
6,run,run01,44,exact_depth,1,wait_mean_ms,227.8839655625,ms
6,run,run01,44,exact_depth,1,wait_median_ms,229.748673,ms
6,run,run01,44,exact_depth,1,wait_p95_ms,235.03684475,ms
6,run,run01,45,exact_depth,1,frame_count,15,frames
6,run,run01,45,exact_depth,1,wait_mean_ms,232.8734584,ms
6,run,run01,45,exact_depth,1,wait_median_ms,235.538016,ms
6,run,run01,45,exact_depth,1,wait_p95_ms,241.011233,ms
6,run,run01,46,exact_depth,1,frame_count,13,frames
6,run,run01,46,exact_depth,1,wait_mean_ms,237.61785707692306,ms
6,run,run01,46,exact_depth,1,wait_median_ms,238.802606,ms
6,run,run01,46,exact_depth,1,wait_p95_ms,244.587329,ms
6,run,run01,47,exact_depth,1,frame_count,11,frames
6,run,run01,47,exact_depth,1,wait_mean_ms,240.930414,ms
6,run,run01,47,exact_depth,1,wait_median_ms,243.155983,ms
6,run,run01,47,exact_depth,1,wait_p95_ms,248.1100375,ms
6,run,run01,48,exact_depth,1,frame_count,7,frames
6,run,run01,48,exact_depth,1,wait_mean_ms,247.22128957142857,ms
6,run,run01,48,exact_depth,1,wait_median_ms,249.196579,ms
6,run,run01,48,exact_depth,1,wait_p95_ms,251.9084867,ms
6,run,run01,49,exact_depth,1,frame_count,5,frames
6,run,run01,49,exact_depth,1,wait_mean_ms,250.5869754,ms
6,run,run01,49,exact_depth,1,wait_median_ms,250.507844,ms
6,run,run01,49,exact_depth,1,wait_p95_ms,257.4416498,ms
6,run,run01,50,exact_depth,1,frame_count,6,frames
6,run,run01,50,exact_depth,1,wait_mean_ms,253.00590583333334,ms
6,run,run01,50,exact_depth,1,wait_median_ms,250.35017,ms
6,run,run01,50,exact_depth,1,wait_p95_ms,261.9667915,ms
6,run,run01,51,exact_depth,1,frame_count,2,frames
6,run,run01,51,exact_depth,1,wait_mean_ms,261.7754935,ms
6,run,run01,51,exact_depth,1,wait_median_ms,261.7754935,ms
6,run,run01,51,exact_depth,1,wait_p95_ms,265.01590975,ms
6,run,run01,ALL,all_depths_within_run,1,Pearson,0.9956735780355641,correlation
6,run,run01,ALL,all_depths_within_run,1,Spearman,0.9750861656440849,correlation
6,run,run02,0,exact_depth,1,frame_count,2025,frames
6,run,run02,0,exact_depth,1,wait_mean_ms,2.0294336404938274,ms
6,run,run02,0,exact_depth,1,wait_median_ms,0.507205,ms
6,run,run02,0,exact_depth,1,wait_p95_ms,4.7070473999999995,ms
6,run,run02,1,exact_depth,1,frame_count,1068,frames
6,run,run02,1,exact_depth,1,wait_mean_ms,7.826256026217229,ms
6,run,run02,1,exact_depth,1,wait_median_ms,7.8098015,ms
6,run,run02,1,exact_depth,1,wait_p95_ms,9.206266099999999,ms
6,run,run02,2,exact_depth,1,frame_count,1040,frames
6,run,run02,2,exact_depth,1,wait_mean_ms,11.934039707692309,ms
6,run,run02,2,exact_depth,1,wait_median_ms,11.8642345,ms
6,run,run02,2,exact_depth,1,wait_p95_ms,13.2937635,ms
6,run,run02,3,exact_depth,1,frame_count,1082,frames
6,run,run02,3,exact_depth,1,wait_mean_ms,15.968971939926064,ms
6,run,run02,3,exact_depth,1,wait_median_ms,15.8146445,ms
6,run,run02,3,exact_depth,1,wait_p95_ms,17.570424149999997,ms
6,run,run02,4,exact_depth,1,frame_count,993,frames
6,run,run02,4,exact_depth,1,wait_mean_ms,20.616503795568985,ms
6,run,run02,4,exact_depth,1,wait_median_ms,19.846036,ms
6,run,run02,4,exact_depth,1,wait_p95_ms,23.913422,ms
6,run,run02,5,exact_depth,1,frame_count,9,frames
6,run,run02,5,exact_depth,1,wait_mean_ms,30.515984,ms
6,run,run02,5,exact_depth,1,wait_median_ms,24.991821,ms
6,run,run02,5,exact_depth,1,wait_p95_ms,52.26808599999998,ms
6,run,run02,6,exact_depth,1,frame_count,11,frames
6,run,run02,6,exact_depth,1,wait_mean_ms,34.994827,ms
6,run,run02,6,exact_depth,1,wait_median_ms,30.324535,ms
6,run,run02,6,exact_depth,1,wait_p95_ms,53.1393915,ms
6,run,run02,7,exact_depth,1,frame_count,9,frames
6,run,run02,7,exact_depth,1,wait_mean_ms,41.288184333333334,ms
6,run,run02,7,exact_depth,1,wait_median_ms,38.034538,ms
6,run,run02,7,exact_depth,1,wait_p95_ms,62.92439979999999,ms
6,run,run02,8,exact_depth,1,frame_count,10,frames
6,run,run02,8,exact_depth,1,wait_mean_ms,50.391420200000006,ms
6,run,run02,8,exact_depth,1,wait_median_ms,42.2880745,ms
6,run,run02,8,exact_depth,1,wait_p95_ms,84.68576854999999,ms
6,run,run02,9,exact_depth,1,frame_count,10,frames
6,run,run02,9,exact_depth,1,wait_mean_ms,52.8422241,ms
6,run,run02,9,exact_depth,1,wait_median_ms,45.7035075,ms
6,run,run02,9,exact_depth,1,wait_p95_ms,79.40918119999998,ms
6,run,run02,10,exact_depth,1,frame_count,13,frames
6,run,run02,10,exact_depth,1,wait_mean_ms,57.753208307692304,ms
6,run,run02,10,exact_depth,1,wait_median_ms,52.818457,ms
6,run,run02,10,exact_depth,1,wait_p95_ms,80.64395899999997,ms
6,run,run02,11,exact_depth,1,frame_count,23,frames
6,run,run02,11,exact_depth,1,wait_mean_ms,64.20336669565218,ms
6,run,run02,11,exact_depth,1,wait_median_ms,63.037984,ms
6,run,run02,11,exact_depth,1,wait_p95_ms,76.411752,ms
6,run,run02,12,exact_depth,1,frame_count,51,frames
6,run,run02,12,exact_depth,1,wait_mean_ms,70.7788847254902,ms
6,run,run02,12,exact_depth,1,wait_median_ms,71.289794,ms
6,run,run02,12,exact_depth,1,wait_p95_ms,80.7245385,ms
6,run,run02,13,exact_depth,1,frame_count,117,frames
6,run,run02,13,exact_depth,1,wait_mean_ms,74.49203302564102,ms
6,run,run02,13,exact_depth,1,wait_median_ms,74.527597,ms
6,run,run02,13,exact_depth,1,wait_p95_ms,84.681865,ms
6,run,run02,14,exact_depth,1,frame_count,144,frames
6,run,run02,14,exact_depth,1,wait_mean_ms,78.39710484027778,ms
6,run,run02,14,exact_depth,1,wait_median_ms,77.942644,ms
6,run,run02,14,exact_depth,1,wait_p95_ms,88.66960015,ms
6,run,run02,15,exact_depth,1,frame_count,168,frames
6,run,run02,15,exact_depth,1,wait_mean_ms,84.53666888690476,ms
6,run,run02,15,exact_depth,1,wait_median_ms,83.1804255,ms
6,run,run02,15,exact_depth,1,wait_p95_ms,97.27156805000001,ms
6,run,run02,16,exact_depth,1,frame_count,212,frames
6,run,run02,16,exact_depth,1,wait_mean_ms,90.47899853773585,ms
6,run,run02,16,exact_depth,1,wait_median_ms,90.2833255,ms
6,run,run02,16,exact_depth,1,wait_p95_ms,102.6280947,ms
6,run,run02,17,exact_depth,1,frame_count,236,frames
6,run,run02,17,exact_depth,1,wait_mean_ms,97.22166155508475,ms
6,run,run02,17,exact_depth,1,wait_median_ms,97.1406525,ms
6,run,run02,17,exact_depth,1,wait_p95_ms,107.998123,ms
6,run,run02,18,exact_depth,1,frame_count,261,frames
6,run,run02,18,exact_depth,1,wait_mean_ms,102.48519693869733,ms
6,run,run02,18,exact_depth,1,wait_median_ms,102.089952,ms
6,run,run02,18,exact_depth,1,wait_p95_ms,113.961733,ms
6,run,run02,19,exact_depth,1,frame_count,332,frames
6,run,run02,19,exact_depth,1,wait_mean_ms,107.76769102409638,ms
6,run,run02,19,exact_depth,1,wait_median_ms,106.873119,ms
6,run,run02,19,exact_depth,1,wait_p95_ms,119.56740525,ms
6,run,run02,20,exact_depth,1,frame_count,419,frames
6,run,run02,20,exact_depth,1,wait_mean_ms,113.09907709307876,ms
6,run,run02,20,exact_depth,1,wait_median_ms,112.17245,ms
6,run,run02,20,exact_depth,1,wait_p95_ms,129.0065589,ms
6,run,run02,21,exact_depth,1,frame_count,448,frames
6,run,run02,21,exact_depth,1,wait_mean_ms,117.62479337946428,ms
6,run,run02,21,exact_depth,1,wait_median_ms,115.981742,ms
6,run,run02,21,exact_depth,1,wait_p95_ms,132.5861816,ms
6,run,run02,22,exact_depth,1,frame_count,412,frames
6,run,run02,22,exact_depth,1,wait_mean_ms,123.49356929126213,ms
6,run,run02,22,exact_depth,1,wait_median_ms,123.107529,ms
6,run,run02,22,exact_depth,1,wait_p95_ms,137.6207671,ms
6,run,run02,23,exact_depth,1,frame_count,411,frames
6,run,run02,23,exact_depth,1,wait_mean_ms,128.87778911435524,ms
6,run,run02,23,exact_depth,1,wait_median_ms,129.575213,ms
6,run,run02,23,exact_depth,1,wait_p95_ms,141.8957415,ms
6,run,run02,24,exact_depth,1,frame_count,347,frames
6,run,run02,24,exact_depth,1,wait_mean_ms,133.65528419596544,ms
6,run,run02,24,exact_depth,1,wait_median_ms,133.615488,ms
6,run,run02,24,exact_depth,1,wait_p95_ms,145.73483629999998,ms
6,run,run02,25,exact_depth,1,frame_count,273,frames
6,run,run02,25,exact_depth,1,wait_mean_ms,138.71030498168497,ms
6,run,run02,25,exact_depth,1,wait_median_ms,138.129808,ms
6,run,run02,25,exact_depth,1,wait_p95_ms,151.70472379999995,ms
6,run,run02,26,exact_depth,1,frame_count,215,frames
6,run,run02,26,exact_depth,1,wait_mean_ms,143.1442066093023,ms
6,run,run02,26,exact_depth,1,wait_median_ms,142.393483,ms
6,run,run02,26,exact_depth,1,wait_p95_ms,160.52473759999995,ms
6,run,run02,27,exact_depth,1,frame_count,158,frames
6,run,run02,27,exact_depth,1,wait_mean_ms,147.6986843227848,ms
6,run,run02,27,exact_depth,1,wait_median_ms,146.4471935,ms
6,run,run02,27,exact_depth,1,wait_p95_ms,164.27032235000001,ms
6,run,run02,28,exact_depth,1,frame_count,89,frames
6,run,run02,28,exact_depth,1,wait_mean_ms,151.1829088539326,ms
6,run,run02,28,exact_depth,1,wait_median_ms,149.31636,ms
6,run,run02,28,exact_depth,1,wait_p95_ms,167.9188882,ms
6,run,run02,29,exact_depth,1,frame_count,53,frames
6,run,run02,29,exact_depth,1,wait_mean_ms,153.89171511320754,ms
6,run,run02,29,exact_depth,1,wait_median_ms,152.976863,ms
6,run,run02,29,exact_depth,1,wait_p95_ms,171.5272622,ms
6,run,run02,30,exact_depth,1,frame_count,43,frames
6,run,run02,30,exact_depth,1,wait_mean_ms,159.02774025581397,ms
6,run,run02,30,exact_depth,1,wait_median_ms,158.384681,ms
6,run,run02,30,exact_depth,1,wait_p95_ms,174.566188,ms
6,run,run02,31,exact_depth,1,frame_count,27,frames
6,run,run02,31,exact_depth,1,wait_mean_ms,163.42006377777778,ms
6,run,run02,31,exact_depth,1,wait_median_ms,163.076214,ms
6,run,run02,31,exact_depth,1,wait_p95_ms,179.37508129999998,ms
6,run,run02,32,exact_depth,1,frame_count,24,frames
6,run,run02,32,exact_depth,1,wait_mean_ms,168.1151385,ms
6,run,run02,32,exact_depth,1,wait_median_ms,167.532839,ms
6,run,run02,32,exact_depth,1,wait_p95_ms,177.25455965,ms
6,run,run02,33,exact_depth,1,frame_count,19,frames
6,run,run02,33,exact_depth,1,wait_mean_ms,170.36151942105263,ms
6,run,run02,33,exact_depth,1,wait_median_ms,169.591272,ms
6,run,run02,33,exact_depth,1,wait_p95_ms,179.2242186,ms
6,run,run02,34,exact_depth,1,frame_count,13,frames
6,run,run02,34,exact_depth,1,wait_mean_ms,174.2480086153846,ms
6,run,run02,34,exact_depth,1,wait_median_ms,174.248954,ms
6,run,run02,34,exact_depth,1,wait_p95_ms,178.09576859999999,ms
6,run,run02,35,exact_depth,1,frame_count,11,frames
6,run,run02,35,exact_depth,1,wait_mean_ms,177.0533419090909,ms
6,run,run02,35,exact_depth,1,wait_median_ms,177.051734,ms
6,run,run02,35,exact_depth,1,wait_p95_ms,181.2677495,ms
6,run,run02,36,exact_depth,1,frame_count,9,frames
6,run,run02,36,exact_depth,1,wait_mean_ms,182.47569633333333,ms
6,run,run02,36,exact_depth,1,wait_median_ms,181.412384,ms
6,run,run02,36,exact_depth,1,wait_p95_ms,187.2017656,ms
6,run,run02,37,exact_depth,1,frame_count,7,frames
6,run,run02,37,exact_depth,1,wait_mean_ms,186.92464057142857,ms
6,run,run02,37,exact_depth,1,wait_median_ms,187.174826,ms
6,run,run02,37,exact_depth,1,wait_p95_ms,191.2115094,ms
6,run,run02,38,exact_depth,1,frame_count,6,frames
6,run,run02,38,exact_depth,1,wait_mean_ms,194.373942,ms
6,run,run02,38,exact_depth,1,wait_median_ms,193.255767,ms
6,run,run02,38,exact_depth,1,wait_p95_ms,198.48939225,ms
6,run,run02,39,exact_depth,1,frame_count,2,frames
6,run,run02,39,exact_depth,1,wait_mean_ms,196.5291885,ms
6,run,run02,39,exact_depth,1,wait_median_ms,196.5291885,ms
6,run,run02,39,exact_depth,1,wait_p95_ms,196.73966025,ms
6,run,run02,ALL,all_depths_within_run,1,Pearson,0.9946571238882376,correlation
6,run,run02,ALL,all_depths_within_run,1,Spearman,0.9900227208509249,correlation
6,run,run03,0,exact_depth,1,frame_count,3244,frames
6,run,run03,0,exact_depth,1,wait_mean_ms,2.021164767262639,ms
6,run,run03,0,exact_depth,1,wait_median_ms,0.582937,ms
6,run,run03,0,exact_depth,1,wait_p95_ms,4.7388666,ms
6,run,run03,1,exact_depth,1,frame_count,1752,frames
6,run,run03,1,exact_depth,1,wait_mean_ms,7.855881646689498,ms
6,run,run03,1,exact_depth,1,wait_median_ms,7.898589,ms
6,run,run03,1,exact_depth,1,wait_p95_ms,9.263030899999999,ms
6,run,run03,2,exact_depth,1,frame_count,1692,frames
6,run,run03,2,exact_depth,1,wait_mean_ms,12.020225579196218,ms
6,run,run03,2,exact_depth,1,wait_median_ms,11.951542,ms
6,run,run03,2,exact_depth,1,wait_p95_ms,13.412933249999996,ms
6,run,run03,3,exact_depth,1,frame_count,1762,frames
6,run,run03,3,exact_depth,1,wait_mean_ms,16.092869209421114,ms
6,run,run03,3,exact_depth,1,wait_median_ms,15.9290265,ms
6,run,run03,3,exact_depth,1,wait_p95_ms,17.901831499999997,ms
6,run,run03,4,exact_depth,1,frame_count,1589,frames
6,run,run03,4,exact_depth,1,wait_mean_ms,20.88481504279421,ms
6,run,run03,4,exact_depth,1,wait_median_ms,20.071587,ms
6,run,run03,4,exact_depth,1,wait_p95_ms,24.1235788,ms
6,run,run03,5,exact_depth,1,frame_count,15,frames
6,run,run03,5,exact_depth,1,wait_mean_ms,29.9451278,ms
6,run,run03,5,exact_depth,1,wait_median_ms,25.805847,ms
6,run,run03,5,exact_depth,1,wait_p95_ms,43.79275869999996,ms
6,run,run03,6,exact_depth,1,frame_count,18,frames
6,run,run03,6,exact_depth,1,wait_mean_ms,36.82123127777778,ms
6,run,run03,6,exact_depth,1,wait_median_ms,34.750977,ms
6,run,run03,6,exact_depth,1,wait_p95_ms,46.97651654999994,ms
6,run,run03,7,exact_depth,1,frame_count,22,frames
6,run,run03,7,exact_depth,1,wait_mean_ms,40.959416409090906,ms
6,run,run03,7,exact_depth,1,wait_median_ms,38.8591355,ms
6,run,run03,7,exact_depth,1,wait_p95_ms,44.306132399999996,ms
6,run,run03,8,exact_depth,1,frame_count,21,frames
6,run,run03,8,exact_depth,1,wait_mean_ms,45.91871404761905,ms
6,run,run03,8,exact_depth,1,wait_median_ms,43.873809,ms
6,run,run03,8,exact_depth,1,wait_p95_ms,47.284177,ms
6,run,run03,9,exact_depth,1,frame_count,23,frames
6,run,run03,9,exact_depth,1,wait_mean_ms,50.32698739130435,ms
6,run,run03,9,exact_depth,1,wait_median_ms,48.15291,ms
6,run,run03,9,exact_depth,1,wait_p95_ms,57.17874549999999,ms
6,run,run03,10,exact_depth,1,frame_count,23,frames
6,run,run03,10,exact_depth,1,wait_mean_ms,60.32354243478261,ms
6,run,run03,10,exact_depth,1,wait_median_ms,56.880001,ms
6,run,run03,10,exact_depth,1,wait_p95_ms,101.15484769999995,ms
6,run,run03,11,exact_depth,1,frame_count,14,frames
6,run,run03,11,exact_depth,1,wait_mean_ms,61.54997957142857,ms
6,run,run03,11,exact_depth,1,wait_median_ms,58.6696795,ms
6,run,run03,11,exact_depth,1,wait_p95_ms,79.42338904999998,ms
6,run,run03,12,exact_depth,1,frame_count,10,frames
6,run,run03,12,exact_depth,1,wait_mean_ms,67.5414431,ms
6,run,run03,12,exact_depth,1,wait_median_ms,62.9454015,ms
6,run,run03,12,exact_depth,1,wait_p95_ms,91.53419909999995,ms
6,run,run03,13,exact_depth,1,frame_count,13,frames
6,run,run03,13,exact_depth,1,wait_mean_ms,71.9093013076923,ms
6,run,run03,13,exact_depth,1,wait_median_ms,68.172515,ms
6,run,run03,13,exact_depth,1,wait_p95_ms,91.01499519999994,ms
6,run,run03,14,exact_depth,1,frame_count,11,frames
6,run,run03,14,exact_depth,1,wait_mean_ms,77.65987027272726,ms
6,run,run03,14,exact_depth,1,wait_median_ms,73.293497,ms
6,run,run03,14,exact_depth,1,wait_p95_ms,98.9179065,ms
6,run,run03,15,exact_depth,1,frame_count,14,frames
6,run,run03,15,exact_depth,1,wait_mean_ms,81.01508764285715,ms
6,run,run03,15,exact_depth,1,wait_median_ms,77.7919045,ms
6,run,run03,15,exact_depth,1,wait_p95_ms,96.12098674999999,ms
6,run,run03,16,exact_depth,1,frame_count,15,frames
6,run,run03,16,exact_depth,1,wait_mean_ms,89.35482173333334,ms
6,run,run03,16,exact_depth,1,wait_median_ms,83.942313,ms
6,run,run03,16,exact_depth,1,wait_p95_ms,126.9172328,ms
6,run,run03,17,exact_depth,1,frame_count,14,frames
6,run,run03,17,exact_depth,1,wait_mean_ms,93.1058555,ms
6,run,run03,17,exact_depth,1,wait_median_ms,90.2172785,ms
6,run,run03,17,exact_depth,1,wait_p95_ms,109.43550485,ms
6,run,run03,18,exact_depth,1,frame_count,11,frames
6,run,run03,18,exact_depth,1,wait_mean_ms,99.62047627272726,ms
6,run,run03,18,exact_depth,1,wait_median_ms,93.189035,ms
6,run,run03,18,exact_depth,1,wait_p95_ms,125.104905,ms
6,run,run03,19,exact_depth,1,frame_count,17,frames
6,run,run03,19,exact_depth,1,wait_mean_ms,103.823598,ms
6,run,run03,19,exact_depth,1,wait_median_ms,101.052862,ms
6,run,run03,19,exact_depth,1,wait_p95_ms,123.05620139999999,ms
6,run,run03,20,exact_depth,1,frame_count,17,frames
6,run,run03,20,exact_depth,1,wait_mean_ms,107.4927728235294,ms
6,run,run03,20,exact_depth,1,wait_median_ms,106.276525,ms
6,run,run03,20,exact_depth,1,wait_p95_ms,120.9755084,ms
6,run,run03,21,exact_depth,1,frame_count,34,frames
6,run,run03,21,exact_depth,1,wait_mean_ms,115.30188776470588,ms
6,run,run03,21,exact_depth,1,wait_median_ms,115.2051915,ms
6,run,run03,21,exact_depth,1,wait_p95_ms,128.85116065,ms
6,run,run03,22,exact_depth,1,frame_count,38,frames
6,run,run03,22,exact_depth,1,wait_mean_ms,120.51096218421053,ms
6,run,run03,22,exact_depth,1,wait_median_ms,120.1296905,ms
6,run,run03,22,exact_depth,1,wait_p95_ms,130.58153959999999,ms
6,run,run03,23,exact_depth,1,frame_count,43,frames
6,run,run03,23,exact_depth,1,wait_mean_ms,127.0532038372093,ms
6,run,run03,23,exact_depth,1,wait_median_ms,129.014854,ms
6,run,run03,23,exact_depth,1,wait_p95_ms,135.8756984,ms
6,run,run03,24,exact_depth,1,frame_count,46,frames
6,run,run03,24,exact_depth,1,wait_mean_ms,133.45413626086957,ms
6,run,run03,24,exact_depth,1,wait_median_ms,135.1919505,ms
6,run,run03,24,exact_depth,1,wait_p95_ms,141.41075675,ms
6,run,run03,25,exact_depth,1,frame_count,34,frames
6,run,run03,25,exact_depth,1,wait_mean_ms,136.2453012352941,ms
6,run,run03,25,exact_depth,1,wait_median_ms,135.852933,ms
6,run,run03,25,exact_depth,1,wait_p95_ms,145.22645119999999,ms
6,run,run03,26,exact_depth,1,frame_count,24,frames
6,run,run03,26,exact_depth,1,wait_mean_ms,139.640831375,ms
6,run,run03,26,exact_depth,1,wait_median_ms,139.2747575,ms
6,run,run03,26,exact_depth,1,wait_p95_ms,148.35211875,ms
6,run,run03,27,exact_depth,1,frame_count,17,frames
6,run,run03,27,exact_depth,1,wait_mean_ms,143.18378182352942,ms
6,run,run03,27,exact_depth,1,wait_median_ms,141.308363,ms
6,run,run03,27,exact_depth,1,wait_p95_ms,153.84602959999998,ms
6,run,run03,28,exact_depth,1,frame_count,13,frames
6,run,run03,28,exact_depth,1,wait_mean_ms,144.82024146153847,ms
6,run,run03,28,exact_depth,1,wait_median_ms,143.105333,ms
6,run,run03,28,exact_depth,1,wait_p95_ms,153.46964379999997,ms
6,run,run03,29,exact_depth,1,frame_count,13,frames
6,run,run03,29,exact_depth,1,wait_mean_ms,155.76316684615387,ms
6,run,run03,29,exact_depth,1,wait_median_ms,149.46268,ms
6,run,run03,29,exact_depth,1,wait_p95_ms,175.6915706,ms
6,run,run03,30,exact_depth,1,frame_count,21,frames
6,run,run03,30,exact_depth,1,wait_mean_ms,160.79065780952382,ms
6,run,run03,30,exact_depth,1,wait_median_ms,156.025145,ms
6,run,run03,30,exact_depth,1,wait_p95_ms,180.854204,ms
6,run,run03,31,exact_depth,1,frame_count,30,frames
6,run,run03,31,exact_depth,1,wait_mean_ms,168.16194126666667,ms
6,run,run03,31,exact_depth,1,wait_median_ms,166.2884225,ms
6,run,run03,31,exact_depth,1,wait_p95_ms,185.3832115,ms
6,run,run03,32,exact_depth,1,frame_count,36,frames
6,run,run03,32,exact_depth,1,wait_mean_ms,173.78161230555554,ms
6,run,run03,32,exact_depth,1,wait_median_ms,172.8199615,ms
6,run,run03,32,exact_depth,1,wait_p95_ms,192.55897975,ms
6,run,run03,33,exact_depth,1,frame_count,32,frames
6,run,run03,33,exact_depth,1,wait_mean_ms,178.61028271875,ms
6,run,run03,33,exact_depth,1,wait_median_ms,177.349389,ms
6,run,run03,33,exact_depth,1,wait_p95_ms,197.70107335,ms
6,run,run03,34,exact_depth,1,frame_count,37,frames
6,run,run03,34,exact_depth,1,wait_mean_ms,181.51991916216215,ms
6,run,run03,34,exact_depth,1,wait_median_ms,180.562182,ms
6,run,run03,34,exact_depth,1,wait_p95_ms,199.0405442,ms
6,run,run03,35,exact_depth,1,frame_count,30,frames
6,run,run03,35,exact_depth,1,wait_mean_ms,185.75854703333334,ms
6,run,run03,35,exact_depth,1,wait_median_ms,185.4166455,ms
6,run,run03,35,exact_depth,1,wait_p95_ms,192.02734669999998,ms
6,run,run03,36,exact_depth,1,frame_count,24,frames
6,run,run03,36,exact_depth,1,wait_mean_ms,192.26391454166665,ms
6,run,run03,36,exact_depth,1,wait_median_ms,193.248475,ms
6,run,run03,36,exact_depth,1,wait_p95_ms,196.8413673,ms
6,run,run03,37,exact_depth,1,frame_count,13,frames
6,run,run03,37,exact_depth,1,wait_mean_ms,195.1912166153846,ms
6,run,run03,37,exact_depth,1,wait_median_ms,195.285363,ms
6,run,run03,37,exact_depth,1,wait_p95_ms,201.3146916,ms
6,run,run03,38,exact_depth,1,frame_count,9,frames
6,run,run03,38,exact_depth,1,wait_mean_ms,201.18561944444446,ms
6,run,run03,38,exact_depth,1,wait_median_ms,200.877292,ms
6,run,run03,38,exact_depth,1,wait_p95_ms,204.4051352,ms
6,run,run03,39,exact_depth,1,frame_count,5,frames
6,run,run03,39,exact_depth,1,wait_mean_ms,204.77293219999999,ms
6,run,run03,39,exact_depth,1,wait_median_ms,204.044808,ms
6,run,run03,39,exact_depth,1,wait_p95_ms,207.65976780000003,ms
6,run,run03,40,exact_depth,1,frame_count,3,frames
6,run,run03,40,exact_depth,1,wait_mean_ms,207.50043733333334,ms
6,run,run03,40,exact_depth,1,wait_median_ms,207.545815,ms
6,run,run03,40,exact_depth,1,wait_p95_ms,207.5810644,ms
6,run,run03,41,exact_depth,1,frame_count,1,frames
6,run,run03,41,exact_depth,1,wait_mean_ms,213.114028,ms
6,run,run03,41,exact_depth,1,wait_median_ms,213.114028,ms
6,run,run03,41,exact_depth,1,wait_p95_ms,213.114028,ms
6,run,run03,ALL,all_depths_within_run,1,Pearson,0.9951143881307422,correlation
6,run,run03,ALL,all_depths_within_run,1,Spearman,0.9770607166783475,correlation
6,run,run04,0,exact_depth,1,frame_count,3142,frames
6,run,run04,0,exact_depth,1,wait_mean_ms,1.9996530770210057,ms
6,run,run04,0,exact_depth,1,wait_median_ms,0.7816645,ms
6,run,run04,0,exact_depth,1,wait_p95_ms,4.71165945,ms
6,run,run04,1,exact_depth,1,frame_count,1685,frames
6,run,run04,1,exact_depth,1,wait_mean_ms,7.85167930801187,ms
6,run,run04,1,exact_depth,1,wait_median_ms,7.872717,ms
6,run,run04,1,exact_depth,1,wait_p95_ms,9.2620396,ms
6,run,run04,2,exact_depth,1,frame_count,1639,frames
6,run,run04,2,exact_depth,1,wait_mean_ms,12.029039237339841,ms
6,run,run04,2,exact_depth,1,wait_median_ms,11.956949,ms
6,run,run04,2,exact_depth,1,wait_p95_ms,13.4594492,ms
6,run,run04,3,exact_depth,1,frame_count,1695,frames
6,run,run04,3,exact_depth,1,wait_mean_ms,16.05316409498525,ms
6,run,run04,3,exact_depth,1,wait_median_ms,15.904491,ms
6,run,run04,3,exact_depth,1,wait_p95_ms,17.731083,ms
6,run,run04,4,exact_depth,1,frame_count,1551,frames
6,run,run04,4,exact_depth,1,wait_mean_ms,20.774232476466796,ms
6,run,run04,4,exact_depth,1,wait_median_ms,19.955876,ms
6,run,run04,4,exact_depth,1,wait_p95_ms,24.020745,ms
6,run,run04,5,exact_depth,1,frame_count,23,frames
6,run,run04,5,exact_depth,1,wait_mean_ms,29.56733604347826,ms
6,run,run04,5,exact_depth,1,wait_median_ms,26.608787,ms
6,run,run04,5,exact_depth,1,wait_p95_ms,33.461487399999996,ms
6,run,run04,6,exact_depth,1,frame_count,19,frames
6,run,run04,6,exact_depth,1,wait_mean_ms,36.02245094736842,ms
6,run,run04,6,exact_depth,1,wait_median_ms,34.770974,ms
6,run,run04,6,exact_depth,1,wait_p95_ms,41.94166309999992,ms
6,run,run04,7,exact_depth,1,frame_count,32,frames
6,run,run04,7,exact_depth,1,wait_mean_ms,40.4377764375,ms
6,run,run04,7,exact_depth,1,wait_median_ms,39.4030935,ms
6,run,run04,7,exact_depth,1,wait_p95_ms,43.30349795,ms
6,run,run04,8,exact_depth,1,frame_count,36,frames
6,run,run04,8,exact_depth,1,wait_mean_ms,45.02649541666666,ms
6,run,run04,8,exact_depth,1,wait_median_ms,43.9601895,ms
6,run,run04,8,exact_depth,1,wait_p95_ms,48.27608925,ms
6,run,run04,9,exact_depth,1,frame_count,30,frames
6,run,run04,9,exact_depth,1,wait_mean_ms,50.74329246666667,ms
6,run,run04,9,exact_depth,1,wait_median_ms,48.440348,ms
6,run,run04,9,exact_depth,1,wait_p95_ms,56.55657305,ms
6,run,run04,10,exact_depth,1,frame_count,31,frames
6,run,run04,10,exact_depth,1,wait_mean_ms,58.35363564516129,ms
6,run,run04,10,exact_depth,1,wait_median_ms,55.613769,ms
6,run,run04,10,exact_depth,1,wait_p95_ms,82.8841015,ms
6,run,run04,11,exact_depth,1,frame_count,32,frames
6,run,run04,11,exact_depth,1,wait_mean_ms,62.11218575,ms
6,run,run04,11,exact_depth,1,wait_median_ms,61.962044,ms
6,run,run04,11,exact_depth,1,wait_p95_ms,66.2844429,ms
6,run,run04,12,exact_depth,1,frame_count,40,frames
6,run,run04,12,exact_depth,1,wait_mean_ms,68.92355032500001,ms
6,run,run04,12,exact_depth,1,wait_median_ms,68.0530155,ms
6,run,run04,12,exact_depth,1,wait_p95_ms,74.96039354999999,ms
6,run,run04,13,exact_depth,1,frame_count,49,frames
6,run,run04,13,exact_depth,1,wait_mean_ms,73.03884171428571,ms
6,run,run04,13,exact_depth,1,wait_median_ms,72.721028,ms
6,run,run04,13,exact_depth,1,wait_p95_ms,78.76225999999998,ms
6,run,run04,14,exact_depth,1,frame_count,54,frames
6,run,run04,14,exact_depth,1,wait_mean_ms,77.8676995,ms
6,run,run04,14,exact_depth,1,wait_median_ms,77.429234,ms
6,run,run04,14,exact_depth,1,wait_p95_ms,83.15349439999999,ms
6,run,run04,15,exact_depth,1,frame_count,49,frames
6,run,run04,15,exact_depth,1,wait_mean_ms,84.27666146938776,ms
6,run,run04,15,exact_depth,1,wait_median_ms,82.251241,ms
6,run,run04,15,exact_depth,1,wait_p95_ms,94.86509519999998,ms
6,run,run04,16,exact_depth,1,frame_count,45,frames
6,run,run04,16,exact_depth,1,wait_mean_ms,90.1184468,ms
6,run,run04,16,exact_depth,1,wait_median_ms,91.12612,ms
6,run,run04,16,exact_depth,1,wait_p95_ms,100.5054656,ms
6,run,run04,17,exact_depth,1,frame_count,33,frames
6,run,run04,17,exact_depth,1,wait_mean_ms,94.17205039393939,ms
6,run,run04,17,exact_depth,1,wait_median_ms,94.441875,ms
6,run,run04,17,exact_depth,1,wait_p95_ms,105.55666959999999,ms
6,run,run04,18,exact_depth,1,frame_count,20,frames
6,run,run04,18,exact_depth,1,wait_mean_ms,100.6795804,ms
6,run,run04,18,exact_depth,1,wait_median_ms,97.721423,ms
6,run,run04,18,exact_depth,1,wait_p95_ms,122.87903345000002,ms
6,run,run04,19,exact_depth,1,frame_count,19,frames
6,run,run04,19,exact_depth,1,wait_mean_ms,108.24893031578948,ms
6,run,run04,19,exact_depth,1,wait_median_ms,103.133153,ms
6,run,run04,19,exact_depth,1,wait_p95_ms,142.4224101,ms
6,run,run04,20,exact_depth,1,frame_count,16,frames
6,run,run04,20,exact_depth,1,wait_mean_ms,107.315562875,ms
6,run,run04,20,exact_depth,1,wait_median_ms,103.3191455,ms
6,run,run04,20,exact_depth,1,wait_p95_ms,127.493044,ms
6,run,run04,21,exact_depth,1,frame_count,28,frames
6,run,run04,21,exact_depth,1,wait_mean_ms,116.37719410714286,ms
6,run,run04,21,exact_depth,1,wait_median_ms,114.674313,ms
6,run,run04,21,exact_depth,1,wait_p95_ms,134.80198645,ms
6,run,run04,22,exact_depth,1,frame_count,33,frames
6,run,run04,22,exact_depth,1,wait_mean_ms,122.31856921212122,ms
6,run,run04,22,exact_depth,1,wait_median_ms,119.331678,ms
6,run,run04,22,exact_depth,1,wait_p95_ms,139.1694814,ms
6,run,run04,23,exact_depth,1,frame_count,32,frames
6,run,run04,23,exact_depth,1,wait_mean_ms,126.08898203125,ms
6,run,run04,23,exact_depth,1,wait_median_ms,126.740928,ms
6,run,run04,23,exact_depth,1,wait_p95_ms,142.5319105,ms
6,run,run04,24,exact_depth,1,frame_count,44,frames
6,run,run04,24,exact_depth,1,wait_mean_ms,132.63730736363635,ms
6,run,run04,24,exact_depth,1,wait_median_ms,132.087583,ms
6,run,run04,24,exact_depth,1,wait_p95_ms,145.69230180000002,ms
6,run,run04,25,exact_depth,1,frame_count,42,frames
6,run,run04,25,exact_depth,1,wait_mean_ms,136.78263533333333,ms
6,run,run04,25,exact_depth,1,wait_median_ms,136.940426,ms
6,run,run04,25,exact_depth,1,wait_p95_ms,149.774171,ms
6,run,run04,26,exact_depth,1,frame_count,37,frames
6,run,run04,26,exact_depth,1,wait_mean_ms,141.43082802702705,ms
6,run,run04,26,exact_depth,1,wait_median_ms,140.85307,ms
6,run,run04,26,exact_depth,1,wait_p95_ms,150.8077352,ms
6,run,run04,27,exact_depth,1,frame_count,34,frames
6,run,run04,27,exact_depth,1,wait_mean_ms,145.9598965,ms
6,run,run04,27,exact_depth,1,wait_median_ms,145.7970765,ms
6,run,run04,27,exact_depth,1,wait_p95_ms,157.0887483,ms
6,run,run04,28,exact_depth,1,frame_count,30,frames
6,run,run04,28,exact_depth,1,wait_mean_ms,150.9656423,ms
6,run,run04,28,exact_depth,1,wait_median_ms,150.448334,ms
6,run,run04,28,exact_depth,1,wait_p95_ms,161.24931145,ms
6,run,run04,29,exact_depth,1,frame_count,35,frames
6,run,run04,29,exact_depth,1,wait_mean_ms,156.12074474285714,ms
6,run,run04,29,exact_depth,1,wait_median_ms,156.035069,ms
6,run,run04,29,exact_depth,1,wait_p95_ms,167.3605045,ms
6,run,run04,30,exact_depth,1,frame_count,30,frames
6,run,run04,30,exact_depth,1,wait_mean_ms,163.27543906666665,ms
6,run,run04,30,exact_depth,1,wait_median_ms,164.201085,ms
6,run,run04,30,exact_depth,1,wait_p95_ms,172.957795,ms
6,run,run04,31,exact_depth,1,frame_count,24,frames
6,run,run04,31,exact_depth,1,wait_mean_ms,167.98107470833335,ms
6,run,run04,31,exact_depth,1,wait_median_ms,167.257161,ms
6,run,run04,31,exact_depth,1,wait_p95_ms,177.54889980000002,ms
6,run,run04,32,exact_depth,1,frame_count,26,frames
6,run,run04,32,exact_depth,1,wait_mean_ms,172.09898096153847,ms
6,run,run04,32,exact_depth,1,wait_median_ms,170.57805,ms
6,run,run04,32,exact_depth,1,wait_p95_ms,179.785404,ms
6,run,run04,33,exact_depth,1,frame_count,28,frames
6,run,run04,33,exact_depth,1,wait_mean_ms,178.36423160714287,ms
6,run,run04,33,exact_depth,1,wait_median_ms,176.9688125,ms
6,run,run04,33,exact_depth,1,wait_p95_ms,188.70898205,ms
6,run,run04,34,exact_depth,1,frame_count,27,frames
6,run,run04,34,exact_depth,1,wait_mean_ms,181.98467666666664,ms
6,run,run04,34,exact_depth,1,wait_median_ms,180.666148,ms
6,run,run04,34,exact_depth,1,wait_p95_ms,190.4133715,ms
6,run,run04,35,exact_depth,1,frame_count,24,frames
6,run,run04,35,exact_depth,1,wait_mean_ms,188.37607616666665,ms
6,run,run04,35,exact_depth,1,wait_median_ms,185.1221785,ms
6,run,run04,35,exact_depth,1,wait_p95_ms,201.19767084999998,ms
6,run,run04,36,exact_depth,1,frame_count,24,frames
6,run,run04,36,exact_depth,1,wait_mean_ms,194.29893304166666,ms
6,run,run04,36,exact_depth,1,wait_median_ms,194.9277165,ms
6,run,run04,36,exact_depth,1,wait_p95_ms,204.4907145,ms
6,run,run04,37,exact_depth,1,frame_count,26,frames
6,run,run04,37,exact_depth,1,wait_mean_ms,198.89067115384614,ms
6,run,run04,37,exact_depth,1,wait_median_ms,199.2583745,ms
6,run,run04,37,exact_depth,1,wait_p95_ms,208.056165,ms
6,run,run04,38,exact_depth,1,frame_count,18,frames
6,run,run04,38,exact_depth,1,wait_mean_ms,203.01529,ms
6,run,run04,38,exact_depth,1,wait_median_ms,204.3224625,ms
6,run,run04,38,exact_depth,1,wait_p95_ms,210.52697654999997,ms
6,run,run04,39,exact_depth,1,frame_count,9,frames
6,run,run04,39,exact_depth,1,wait_mean_ms,207.99587111111111,ms
6,run,run04,39,exact_depth,1,wait_median_ms,209.225391,ms
6,run,run04,39,exact_depth,1,wait_p95_ms,212.2399598,ms
6,run,run04,40,exact_depth,1,frame_count,7,frames
6,run,run04,40,exact_depth,1,wait_mean_ms,210.02431657142856,ms
6,run,run04,40,exact_depth,1,wait_median_ms,209.482764,ms
6,run,run04,40,exact_depth,1,wait_p95_ms,213.6421424,ms
6,run,run04,41,exact_depth,1,frame_count,2,frames
6,run,run04,41,exact_depth,1,wait_mean_ms,215.9367515,ms
6,run,run04,41,exact_depth,1,wait_median_ms,215.9367515,ms
6,run,run04,41,exact_depth,1,wait_p95_ms,217.16953865,ms
6,run,run04,ALL,all_depths_within_run,1,Pearson,0.9957472835833799,correlation
6,run,run04,ALL,all_depths_within_run,1,Spearman,0.9793988233930826,correlation
6,run,run05,0,exact_depth,1,frame_count,3293,frames
6,run,run05,0,exact_depth,1,wait_mean_ms,2.05383138870331,ms
6,run,run05,0,exact_depth,1,wait_median_ms,0.662435,ms
6,run,run05,0,exact_depth,1,wait_p95_ms,4.762194399999999,ms
6,run,run05,1,exact_depth,1,frame_count,1781,frames
6,run,run05,1,exact_depth,1,wait_mean_ms,7.960853629983156,ms
6,run,run05,1,exact_depth,1,wait_median_ms,7.991002,ms
6,run,run05,1,exact_depth,1,wait_p95_ms,9.367844,ms
6,run,run05,2,exact_depth,1,frame_count,1720,frames
6,run,run05,2,exact_depth,1,wait_mean_ms,12.155433876162792,ms
6,run,run05,2,exact_depth,1,wait_median_ms,12.0982575,ms
6,run,run05,2,exact_depth,1,wait_p95_ms,13.481727800000002,ms
6,run,run05,3,exact_depth,1,frame_count,1788,frames
6,run,run05,3,exact_depth,1,wait_mean_ms,16.201669411073826,ms
6,run,run05,3,exact_depth,1,wait_median_ms,16.0753065,ms
6,run,run05,3,exact_depth,1,wait_p95_ms,17.8390824,ms
6,run,run05,4,exact_depth,1,frame_count,1622,frames
6,run,run05,4,exact_depth,1,wait_mean_ms,21.01830551109741,ms
6,run,run05,4,exact_depth,1,wait_median_ms,20.185916,ms
6,run,run05,4,exact_depth,1,wait_p95_ms,24.143066899999997,ms
6,run,run05,5,exact_depth,1,frame_count,13,frames
6,run,run05,5,exact_depth,1,wait_mean_ms,28.164584846153847,ms
6,run,run05,5,exact_depth,1,wait_median_ms,24.869135,ms
6,run,run05,5,exact_depth,1,wait_p95_ms,40.35971499999997,ms
6,run,run05,6,exact_depth,1,frame_count,7,frames
6,run,run05,6,exact_depth,1,wait_mean_ms,34.526003,ms
6,run,run05,6,exact_depth,1,wait_median_ms,30.57988,ms
6,run,run05,6,exact_depth,1,wait_p95_ms,50.882249499999986,ms
6,run,run05,7,exact_depth,1,frame_count,10,frames
6,run,run05,7,exact_depth,1,wait_mean_ms,38.813681200000005,ms
6,run,run05,7,exact_depth,1,wait_median_ms,36.120393,ms
6,run,run05,7,exact_depth,1,wait_p95_ms,53.81630634999997,ms
6,run,run05,8,exact_depth,1,frame_count,10,frames
6,run,run05,8,exact_depth,1,wait_mean_ms,45.3275426,ms
6,run,run05,8,exact_depth,1,wait_median_ms,42.481517,ms
6,run,run05,8,exact_depth,1,wait_p95_ms,59.469644699999975,ms
6,run,run05,9,exact_depth,1,frame_count,10,frames
6,run,run05,9,exact_depth,1,wait_mean_ms,50.4805515,ms
6,run,run05,9,exact_depth,1,wait_median_ms,48.05439,ms
6,run,run05,9,exact_depth,1,wait_p95_ms,66.29751339999997,ms
6,run,run05,10,exact_depth,1,frame_count,11,frames
6,run,run05,10,exact_depth,1,wait_mean_ms,57.34070572727273,ms
6,run,run05,10,exact_depth,1,wait_median_ms,52.103814,ms
6,run,run05,10,exact_depth,1,wait_p95_ms,85.733166,ms
6,run,run05,11,exact_depth,1,frame_count,11,frames
6,run,run05,11,exact_depth,1,wait_mean_ms,60.0059440909091,ms
6,run,run05,11,exact_depth,1,wait_median_ms,56.5128,ms
6,run,run05,11,exact_depth,1,wait_p95_ms,78.46914,ms
6,run,run05,12,exact_depth,1,frame_count,14,frames
6,run,run05,12,exact_depth,1,wait_mean_ms,66.04049007142858,ms
6,run,run05,12,exact_depth,1,wait_median_ms,63.702416,ms
6,run,run05,12,exact_depth,1,wait_p95_ms,79.22137829999998,ms
6,run,run05,13,exact_depth,1,frame_count,15,frames
6,run,run05,13,exact_depth,1,wait_mean_ms,71.34998873333333,ms
6,run,run05,13,exact_depth,1,wait_median_ms,68.555768,ms
6,run,run05,13,exact_depth,1,wait_p95_ms,84.45284499999997,ms
6,run,run05,14,exact_depth,1,frame_count,14,frames
6,run,run05,14,exact_depth,1,wait_mean_ms,76.92573385714284,ms
6,run,run05,14,exact_depth,1,wait_median_ms,74.3427615,ms
6,run,run05,14,exact_depth,1,wait_p95_ms,91.97359399999999,ms
6,run,run05,15,exact_depth,1,frame_count,16,frames
6,run,run05,15,exact_depth,1,wait_mean_ms,84.35148725,ms
6,run,run05,15,exact_depth,1,wait_median_ms,79.733663,ms
6,run,run05,15,exact_depth,1,wait_p95_ms,118.06908325,ms
6,run,run05,16,exact_depth,1,frame_count,14,frames
6,run,run05,16,exact_depth,1,wait_mean_ms,92.05585428571429,ms
6,run,run05,16,exact_depth,1,wait_median_ms,83.6775935,ms
6,run,run05,16,exact_depth,1,wait_p95_ms,124.2462587,ms
6,run,run05,17,exact_depth,1,frame_count,11,frames
6,run,run05,17,exact_depth,1,wait_mean_ms,95.15742818181819,ms
6,run,run05,17,exact_depth,1,wait_median_ms,88.51628,ms
6,run,run05,17,exact_depth,1,wait_p95_ms,125.1711025,ms
6,run,run05,18,exact_depth,1,frame_count,10,frames
6,run,run05,18,exact_depth,1,wait_mean_ms,99.7648141,ms
6,run,run05,18,exact_depth,1,wait_median_ms,93.2103915,ms
6,run,run05,18,exact_depth,1,wait_p95_ms,129.7233402,ms
6,run,run05,19,exact_depth,1,frame_count,11,frames
6,run,run05,19,exact_depth,1,wait_mean_ms,106.76527336363635,ms
6,run,run05,19,exact_depth,1,wait_median_ms,99.057743,ms
6,run,run05,19,exact_depth,1,wait_p95_ms,133.3147195,ms
6,run,run05,20,exact_depth,1,frame_count,9,frames
6,run,run05,20,exact_depth,1,wait_mean_ms,103.99265411111111,ms
6,run,run05,20,exact_depth,1,wait_median_ms,101.60624,ms
6,run,run05,20,exact_depth,1,wait_p95_ms,121.96712879999998,ms
6,run,run05,21,exact_depth,1,frame_count,10,frames
6,run,run05,21,exact_depth,1,wait_mean_ms,112.612232,ms
6,run,run05,21,exact_depth,1,wait_median_ms,107.3528975,ms
6,run,run05,21,exact_depth,1,wait_p95_ms,139.553421,ms
6,run,run05,22,exact_depth,1,frame_count,9,frames
6,run,run05,22,exact_depth,1,wait_mean_ms,115.86097822222223,ms
6,run,run05,22,exact_depth,1,wait_median_ms,112.819897,ms
6,run,run05,22,exact_depth,1,wait_p95_ms,133.0388156,ms
6,run,run05,23,exact_depth,1,frame_count,11,frames
6,run,run05,23,exact_depth,1,wait_mean_ms,119.61449236363636,ms
6,run,run05,23,exact_depth,1,wait_median_ms,117.12266,ms
6,run,run05,23,exact_depth,1,wait_p95_ms,135.0928505,ms
6,run,run05,24,exact_depth,1,frame_count,17,frames
6,run,run05,24,exact_depth,1,wait_mean_ms,127.8993385882353,ms
6,run,run05,24,exact_depth,1,wait_median_ms,124.966317,ms
6,run,run05,24,exact_depth,1,wait_p95_ms,151.1973296,ms
6,run,run05,25,exact_depth,1,frame_count,15,frames
6,run,run05,25,exact_depth,1,wait_mean_ms,130.60616666666667,ms
6,run,run05,25,exact_depth,1,wait_median_ms,128.81297,ms
6,run,run05,25,exact_depth,1,wait_p95_ms,142.0332164,ms
6,run,run05,26,exact_depth,1,frame_count,16,frames
6,run,run05,26,exact_depth,1,wait_mean_ms,137.948977125,ms
6,run,run05,26,exact_depth,1,wait_median_ms,136.92508,ms
6,run,run05,26,exact_depth,1,wait_p95_ms,146.37383775,ms
6,run,run05,27,exact_depth,1,frame_count,10,frames
6,run,run05,27,exact_depth,1,wait_mean_ms,143.23998559999998,ms
6,run,run05,27,exact_depth,1,wait_median_ms,140.7832335,ms
6,run,run05,27,exact_depth,1,wait_p95_ms,154.67759015,ms
6,run,run05,28,exact_depth,1,frame_count,12,frames
6,run,run05,28,exact_depth,1,wait_mean_ms,148.04265366666667,ms
6,run,run05,28,exact_depth,1,wait_median_ms,145.0950605,ms
6,run,run05,28,exact_depth,1,wait_p95_ms,163.8845774,ms
6,run,run05,29,exact_depth,1,frame_count,9,frames
6,run,run05,29,exact_depth,1,wait_mean_ms,150.35051766666666,ms
6,run,run05,29,exact_depth,1,wait_median_ms,149.954629,ms
6,run,run05,29,exact_depth,1,wait_p95_ms,161.037039,ms
6,run,run05,30,exact_depth,1,frame_count,11,frames
6,run,run05,30,exact_depth,1,wait_mean_ms,155.04720963636362,ms
6,run,run05,30,exact_depth,1,wait_median_ms,153.478181,ms
6,run,run05,30,exact_depth,1,wait_p95_ms,171.0863,ms
6,run,run05,31,exact_depth,1,frame_count,9,frames
6,run,run05,31,exact_depth,1,wait_mean_ms,159.1169898888889,ms
6,run,run05,31,exact_depth,1,wait_median_ms,159.800323,ms
6,run,run05,31,exact_depth,1,wait_p95_ms,169.54168140000002,ms
6,run,run05,32,exact_depth,1,frame_count,14,frames
6,run,run05,32,exact_depth,1,wait_mean_ms,165.18125457142855,ms
6,run,run05,32,exact_depth,1,wait_median_ms,164.935044,ms
6,run,run05,32,exact_depth,1,wait_p95_ms,176.9933212,ms
6,run,run05,33,exact_depth,1,frame_count,16,frames
6,run,run05,33,exact_depth,1,wait_mean_ms,172.1907024375,ms
6,run,run05,33,exact_depth,1,wait_median_ms,170.952603,ms
6,run,run05,33,exact_depth,1,wait_p95_ms,180.73236525,ms
6,run,run05,34,exact_depth,1,frame_count,21,frames
6,run,run05,34,exact_depth,1,wait_mean_ms,178.47659719047618,ms
6,run,run05,34,exact_depth,1,wait_median_ms,178.784344,ms
6,run,run05,34,exact_depth,1,wait_p95_ms,186.18854,ms
6,run,run05,35,exact_depth,1,frame_count,29,frames
6,run,run05,35,exact_depth,1,wait_mean_ms,188.0517629310345,ms
6,run,run05,35,exact_depth,1,wait_median_ms,188.980904,ms
6,run,run05,35,exact_depth,1,wait_p95_ms,198.4419804,ms
6,run,run05,36,exact_depth,1,frame_count,29,frames
6,run,run05,36,exact_depth,1,wait_mean_ms,194.08418586206895,ms
6,run,run05,36,exact_depth,1,wait_median_ms,194.478518,ms
6,run,run05,36,exact_depth,1,wait_p95_ms,203.04127419999998,ms
6,run,run05,37,exact_depth,1,frame_count,29,frames
6,run,run05,37,exact_depth,1,wait_mean_ms,199.9802794137931,ms
6,run,run05,37,exact_depth,1,wait_median_ms,201.344187,ms
6,run,run05,37,exact_depth,1,wait_p95_ms,206.967534,ms
6,run,run05,38,exact_depth,1,frame_count,27,frames
6,run,run05,38,exact_depth,1,wait_mean_ms,204.9151957777778,ms
6,run,run05,38,exact_depth,1,wait_median_ms,205.011886,ms
6,run,run05,38,exact_depth,1,wait_p95_ms,212.34391019999998,ms
6,run,run05,39,exact_depth,1,frame_count,26,frames
6,run,run05,39,exact_depth,1,wait_mean_ms,211.0100931923077,ms
6,run,run05,39,exact_depth,1,wait_median_ms,210.7153815,ms
6,run,run05,39,exact_depth,1,wait_p95_ms,220.591591,ms
6,run,run05,40,exact_depth,1,frame_count,22,frames
6,run,run05,40,exact_depth,1,wait_mean_ms,212.95276236363637,ms
6,run,run05,40,exact_depth,1,wait_median_ms,212.703795,ms
6,run,run05,40,exact_depth,1,wait_p95_ms,224.12827965,ms
6,run,run05,41,exact_depth,1,frame_count,16,frames
6,run,run05,41,exact_depth,1,wait_mean_ms,217.2948835,ms
6,run,run05,41,exact_depth,1,wait_median_ms,214.8312265,ms
6,run,run05,41,exact_depth,1,wait_p95_ms,230.2447725,ms
6,run,run05,42,exact_depth,1,frame_count,22,frames
6,run,run05,42,exact_depth,1,wait_mean_ms,222.2339583181818,ms
6,run,run05,42,exact_depth,1,wait_median_ms,221.250516,ms
6,run,run05,42,exact_depth,1,wait_p95_ms,235.14710755000002,ms
6,run,run05,43,exact_depth,1,frame_count,15,frames
6,run,run05,43,exact_depth,1,wait_mean_ms,227.5916447333333,ms
6,run,run05,43,exact_depth,1,wait_median_ms,226.155898,ms
6,run,run05,43,exact_depth,1,wait_p95_ms,236.52310179999998,ms
6,run,run05,44,exact_depth,1,frame_count,9,frames
6,run,run05,44,exact_depth,1,wait_mean_ms,235.6476161111111,ms
6,run,run05,44,exact_depth,1,wait_median_ms,236.711164,ms
6,run,run05,44,exact_depth,1,wait_p95_ms,243.4448526,ms
6,run,run05,45,exact_depth,1,frame_count,5,frames
6,run,run05,45,exact_depth,1,wait_mean_ms,241.0761934,ms
6,run,run05,45,exact_depth,1,wait_median_ms,241.605566,ms
6,run,run05,45,exact_depth,1,wait_p95_ms,242.8139392,ms
6,run,run05,46,exact_depth,1,frame_count,1,frames
6,run,run05,46,exact_depth,1,wait_mean_ms,242.241103,ms
6,run,run05,46,exact_depth,1,wait_median_ms,242.241103,ms
6,run,run05,46,exact_depth,1,wait_p95_ms,242.241103,ms
6,run,run05,ALL,all_depths_within_run,1,Pearson,0.996559906955696,correlation
6,run,run05,ALL,all_depths_within_run,1,Spearman,0.9759559755944156,correlation
7,run,run01,"[0,50)",50_frame_bin_left_closed,1,frame_count,102,frames
7,run,run01,"[0,50)",50_frame_bin_left_closed,1,wait_mean_ms,184.19730771568626,ms
7,run,run01,"[0,50)",50_frame_bin_left_closed,1,wait_median_ms,196.9626125,ms
7,run,run01,"[0,50)",50_frame_bin_left_closed,1,wait_p95_ms,276.2405955,ms
7,run,run01,"[50,100)",50_frame_bin_left_closed,1,frame_count,336,frames
7,run,run01,"[50,100)",50_frame_bin_left_closed,1,wait_mean_ms,418.7665909017857,ms
7,run,run01,"[50,100)",50_frame_bin_left_closed,1,wait_median_ms,417.132829,ms
7,run,run01,"[50,100)",50_frame_bin_left_closed,1,wait_p95_ms,530.6050365,ms
7,run,run01,"[100,150)",50_frame_bin_left_closed,1,frame_count,326,frames
7,run,run01,"[100,150)",50_frame_bin_left_closed,1,wait_mean_ms,689.7320315736196,ms
7,run,run01,"[100,150)",50_frame_bin_left_closed,1,wait_median_ms,705.2045135,ms
7,run,run01,"[100,150)",50_frame_bin_left_closed,1,wait_p95_ms,797.6120005,ms
7,run,run01,"[150,200)",50_frame_bin_left_closed,1,frame_count,387,frames
7,run,run01,"[150,200)",50_frame_bin_left_closed,1,wait_mean_ms,957.449142754522,ms
7,run,run01,"[150,200)",50_frame_bin_left_closed,1,wait_median_ms,960.281521,ms
7,run,run01,"[150,200)",50_frame_bin_left_closed,1,wait_p95_ms,1084.2602653,ms
7,run,run01,"[200,250)",50_frame_bin_left_closed,1,frame_count,380,frames
7,run,run01,"[200,250)",50_frame_bin_left_closed,1,wait_mean_ms,1242.8375971263158,ms
7,run,run01,"[200,250)",50_frame_bin_left_closed,1,wait_median_ms,1239.298637,ms
7,run,run01,"[200,250)",50_frame_bin_left_closed,1,wait_p95_ms,1374.14594775,ms
7,run,run01,"[250,300)",50_frame_bin_left_closed,1,frame_count,384,frames
7,run,run01,"[250,300)",50_frame_bin_left_closed,1,wait_mean_ms,1510.3639754739584,ms
7,run,run01,"[250,300)",50_frame_bin_left_closed,1,wait_median_ms,1501.0008335,ms
7,run,run01,"[250,300)",50_frame_bin_left_closed,1,wait_p95_ms,1647.7620418,ms
7,run,run01,"[300,350)",50_frame_bin_left_closed,1,frame_count,348,frames
7,run,run01,"[300,350)",50_frame_bin_left_closed,1,wait_mean_ms,1755.303360071839,ms
7,run,run01,"[300,350)",50_frame_bin_left_closed,1,wait_median_ms,1751.351861,ms
7,run,run01,"[300,350)",50_frame_bin_left_closed,1,wait_p95_ms,1845.6732145,ms
7,run,run01,"[350,400)",50_frame_bin_left_closed,1,frame_count,469,frames
7,run,run01,"[350,400)",50_frame_bin_left_closed,1,wait_mean_ms,2006.481219889126,ms
7,run,run01,"[350,400)",50_frame_bin_left_closed,1,wait_median_ms,2011.450609,ms
7,run,run01,"[350,400)",50_frame_bin_left_closed,1,wait_p95_ms,2137.8057344,ms
7,run,run01,"[400,450)",50_frame_bin_left_closed,1,frame_count,432,frames
7,run,run01,"[400,450)",50_frame_bin_left_closed,1,wait_mean_ms,2291.996833127315,ms
7,run,run01,"[400,450)",50_frame_bin_left_closed,1,wait_median_ms,2282.628372,ms
7,run,run01,"[400,450)",50_frame_bin_left_closed,1,wait_p95_ms,2417.223973,ms
7,run,run01,"[450,500)",50_frame_bin_left_closed,1,frame_count,427,frames
7,run,run01,"[450,500)",50_frame_bin_left_closed,1,wait_mean_ms,2586.40309876815,ms
7,run,run01,"[450,500)",50_frame_bin_left_closed,1,wait_median_ms,2573.944623,ms
7,run,run01,"[450,500)",50_frame_bin_left_closed,1,wait_p95_ms,2737.7089114,ms
7,run,run01,"[500,550)",50_frame_bin_left_closed,1,frame_count,395,frames
7,run,run01,"[500,550)",50_frame_bin_left_closed,1,wait_mean_ms,2891.381593086076,ms
7,run,run01,"[500,550)",50_frame_bin_left_closed,1,wait_median_ms,2890.734097,ms
7,run,run01,"[500,550)",50_frame_bin_left_closed,1,wait_p95_ms,3003.2312404,ms
7,run,run01,"[550,600)",50_frame_bin_left_closed,1,frame_count,340,frames
7,run,run01,"[550,600)",50_frame_bin_left_closed,1,wait_mean_ms,3111.2332320558826,ms
7,run,run01,"[550,600)",50_frame_bin_left_closed,1,wait_median_ms,3124.5082995,ms
7,run,run01,"[550,600)",50_frame_bin_left_closed,1,wait_p95_ms,3184.4014650500003,ms
7,run,run01,"[600,650)",50_frame_bin_left_closed,1,frame_count,435,frames
7,run,run01,"[600,650)",50_frame_bin_left_closed,1,wait_mean_ms,3367.627229754023,ms
7,run,run01,"[600,650)",50_frame_bin_left_closed,1,wait_median_ms,3378.303068,ms
7,run,run01,"[600,650)",50_frame_bin_left_closed,1,wait_p95_ms,3507.6239954000002,ms
7,run,run01,"[650,700)",50_frame_bin_left_closed,1,frame_count,432,frames
7,run,run01,"[650,700)",50_frame_bin_left_closed,1,wait_mean_ms,3659.9538852060186,ms
7,run,run01,"[650,700)",50_frame_bin_left_closed,1,wait_median_ms,3660.387454,ms
7,run,run01,"[650,700)",50_frame_bin_left_closed,1,wait_p95_ms,3773.5376003,ms
7,run,run01,"[700,750)",50_frame_bin_left_closed,1,frame_count,392,frames
7,run,run01,"[700,750)",50_frame_bin_left_closed,1,wait_mean_ms,3885.7737466836734,ms
7,run,run01,"[700,750)",50_frame_bin_left_closed,1,wait_median_ms,3878.7223495,ms
7,run,run01,"[700,750)",50_frame_bin_left_closed,1,wait_p95_ms,3993.4671722,ms
7,run,run01,"[750,800)",50_frame_bin_left_closed,1,frame_count,469,frames
7,run,run01,"[750,800)",50_frame_bin_left_closed,1,wait_mean_ms,4138.274021289979,ms
7,run,run01,"[750,800)",50_frame_bin_left_closed,1,wait_median_ms,4130.561497,ms
7,run,run01,"[750,800)",50_frame_bin_left_closed,1,wait_p95_ms,4273.3547092,ms
7,run,run01,"[800,850)",50_frame_bin_left_closed,1,frame_count,455,frames
7,run,run01,"[800,850)",50_frame_bin_left_closed,1,wait_mean_ms,4410.774267525274,ms
7,run,run01,"[800,850)",50_frame_bin_left_closed,1,wait_median_ms,4410.577974,ms
7,run,run01,"[800,850)",50_frame_bin_left_closed,1,wait_p95_ms,4523.1796941,ms
7,run,run01,"[850,900)",50_frame_bin_left_closed,1,frame_count,445,frames
7,run,run01,"[850,900)",50_frame_bin_left_closed,1,wait_mean_ms,4689.265691941573,ms
7,run,run01,"[850,900)",50_frame_bin_left_closed,1,wait_median_ms,4696.82723,ms
7,run,run01,"[850,900)",50_frame_bin_left_closed,1,wait_p95_ms,4809.7422726,ms
7,run,run01,"[900,950)",50_frame_bin_left_closed,1,frame_count,482,frames
7,run,run01,"[900,950)",50_frame_bin_left_closed,1,wait_mean_ms,4960.096095348548,ms
7,run,run01,"[900,950)",50_frame_bin_left_closed,1,wait_median_ms,4959.3179275,ms
7,run,run01,"[900,950)",50_frame_bin_left_closed,1,wait_p95_ms,5091.142640399999,ms
7,run,run01,"[950,1000)",50_frame_bin_left_closed,1,frame_count,410,frames
7,run,run01,"[950,1000)",50_frame_bin_left_closed,1,wait_mean_ms,5242.0187482707315,ms
7,run,run01,"[950,1000)",50_frame_bin_left_closed,1,wait_median_ms,5263.0032205,ms
7,run,run01,"[950,1000)",50_frame_bin_left_closed,1,wait_p95_ms,5339.224026600001,ms
7,run,run01,"[1000,1050)",50_frame_bin_left_closed,1,frame_count,468,frames
7,run,run01,"[1000,1050)",50_frame_bin_left_closed,1,wait_mean_ms,5490.706166068377,ms
7,run,run01,"[1000,1050)",50_frame_bin_left_closed,1,wait_median_ms,5487.093369,ms
7,run,run01,"[1000,1050)",50_frame_bin_left_closed,1,wait_p95_ms,5628.922769350001,ms
7,run,run01,"[1050,1100)",50_frame_bin_left_closed,1,frame_count,392,frames
7,run,run01,"[1050,1100)",50_frame_bin_left_closed,1,wait_mean_ms,5775.420565502551,ms
7,run,run01,"[1050,1100)",50_frame_bin_left_closed,1,wait_median_ms,5779.1214465,ms
7,run,run01,"[1050,1100)",50_frame_bin_left_closed,1,wait_p95_ms,5883.2753486,ms
7,run,run01,"[1100,1150)",50_frame_bin_left_closed,1,frame_count,509,frames
7,run,run01,"[1100,1150)",50_frame_bin_left_closed,1,wait_mean_ms,6057.656016111984,ms
7,run,run01,"[1100,1150)",50_frame_bin_left_closed,1,wait_median_ms,6059.021858,ms
7,run,run01,"[1100,1150)",50_frame_bin_left_closed,1,wait_p95_ms,6178.9402728000005,ms
7,run,run01,"[1150,1200)",50_frame_bin_left_closed,1,frame_count,400,frames
7,run,run01,"[1150,1200)",50_frame_bin_left_closed,1,wait_mean_ms,6325.843385364999,ms
7,run,run01,"[1150,1200)",50_frame_bin_left_closed,1,wait_median_ms,6309.135365,ms
7,run,run01,"[1150,1200)",50_frame_bin_left_closed,1,wait_p95_ms,6477.169145100001,ms
7,run,run01,"[1200,1250)",50_frame_bin_left_closed,1,frame_count,403,frames
7,run,run01,"[1200,1250)",50_frame_bin_left_closed,1,wait_mean_ms,6628.0137065037225,ms
7,run,run01,"[1200,1250)",50_frame_bin_left_closed,1,wait_median_ms,6633.325846,ms
7,run,run01,"[1200,1250)",50_frame_bin_left_closed,1,wait_p95_ms,6735.495292,ms
7,run,run01,"[1250,1300)",50_frame_bin_left_closed,1,frame_count,491,frames
7,run,run01,"[1250,1300)",50_frame_bin_left_closed,1,wait_mean_ms,6914.629006716905,ms
7,run,run01,"[1250,1300)",50_frame_bin_left_closed,1,wait_median_ms,6910.44542,ms
7,run,run01,"[1250,1300)",50_frame_bin_left_closed,1,wait_p95_ms,7060.1960765,ms
7,run,run01,"[1300,1350)",50_frame_bin_left_closed,1,frame_count,382,frames
7,run,run01,"[1300,1350)",50_frame_bin_left_closed,1,wait_mean_ms,7199.975916429319,ms
7,run,run01,"[1300,1350)",50_frame_bin_left_closed,1,wait_median_ms,7212.290384,ms
7,run,run01,"[1300,1350)",50_frame_bin_left_closed,1,wait_p95_ms,7309.3928741,ms
7,run,run01,"[1350,1400)",50_frame_bin_left_closed,1,frame_count,381,frames
7,run,run01,"[1350,1400)",50_frame_bin_left_closed,1,wait_mean_ms,7381.583860971128,ms
7,run,run01,"[1350,1400)",50_frame_bin_left_closed,1,wait_median_ms,7380.791787,ms
7,run,run01,"[1350,1400)",50_frame_bin_left_closed,1,wait_p95_ms,7426.237493,ms
7,run,run01,"[1400,1450)",50_frame_bin_left_closed,1,frame_count,431,frames
7,run,run01,"[1400,1450)",50_frame_bin_left_closed,1,wait_mean_ms,7254.355324252901,ms
7,run,run01,"[1400,1450)",50_frame_bin_left_closed,1,wait_median_ms,7254.660595,ms
7,run,run01,"[1400,1450)",50_frame_bin_left_closed,1,wait_p95_ms,7339.017398,ms
7,run,run01,"[1450,1500)",50_frame_bin_left_closed,1,frame_count,414,frames
7,run,run01,"[1450,1500)",50_frame_bin_left_closed,1,wait_mean_ms,7077.410489961352,ms
7,run,run01,"[1450,1500)",50_frame_bin_left_closed,1,wait_median_ms,7077.0953195,ms
7,run,run01,"[1450,1500)",50_frame_bin_left_closed,1,wait_p95_ms,7156.582352949999,ms
7,run,run01,"[1500,1550)",50_frame_bin_left_closed,1,frame_count,392,frames
7,run,run01,"[1500,1550)",50_frame_bin_left_closed,1,wait_mean_ms,6917.815024640307,ms
7,run,run01,"[1500,1550)",50_frame_bin_left_closed,1,wait_median_ms,6912.937799,ms
7,run,run01,"[1500,1550)",50_frame_bin_left_closed,1,wait_p95_ms,6985.4158142,ms
7,run,run01,"[1550,1600)",50_frame_bin_left_closed,1,frame_count,91,frames
7,run,run01,"[1550,1600)",50_frame_bin_left_closed,1,wait_mean_ms,6864.220440571428,ms
7,run,run01,"[1550,1600)",50_frame_bin_left_closed,1,wait_median_ms,6858.987462,ms
7,run,run01,"[1550,1600)",50_frame_bin_left_closed,1,wait_p95_ms,6926.970872,ms
7,run,run01,ALL,all_depths_within_run,1,Pearson,0.9924887155372322,correlation
7,run,run01,ALL,all_depths_within_run,1,Spearman,0.9903323255640232,correlation
7,run,run02,"[0,50)",50_frame_bin_left_closed,1,frame_count,56,frames
7,run,run02,"[0,50)",50_frame_bin_left_closed,1,wait_mean_ms,203.89653464285715,ms
7,run,run02,"[0,50)",50_frame_bin_left_closed,1,wait_median_ms,212.1005615,ms
7,run,run02,"[0,50)",50_frame_bin_left_closed,1,wait_p95_ms,304.39593875,ms
7,run,run02,"[50,100)",50_frame_bin_left_closed,1,frame_count,186,frames
7,run,run02,"[50,100)",50_frame_bin_left_closed,1,wait_mean_ms,474.6568570107527,ms
7,run,run02,"[50,100)",50_frame_bin_left_closed,1,wait_median_ms,476.4260015,ms
7,run,run02,"[50,100)",50_frame_bin_left_closed,1,wait_p95_ms,554.82730725,ms
7,run,run02,"[100,150)",50_frame_bin_left_closed,1,frame_count,332,frames
7,run,run02,"[100,150)",50_frame_bin_left_closed,1,wait_mean_ms,700.1581469246988,ms
7,run,run02,"[100,150)",50_frame_bin_left_closed,1,wait_median_ms,699.6387655,ms
7,run,run02,"[100,150)",50_frame_bin_left_closed,1,wait_p95_ms,824.2672295499999,ms
7,run,run02,"[150,200)",50_frame_bin_left_closed,1,frame_count,348,frames
7,run,run02,"[150,200)",50_frame_bin_left_closed,1,wait_mean_ms,966.0778691465517,ms
7,run,run02,"[150,200)",50_frame_bin_left_closed,1,wait_median_ms,971.317559,ms
7,run,run02,"[150,200)",50_frame_bin_left_closed,1,wait_p95_ms,1093.0412589,ms
7,run,run02,"[200,250)",50_frame_bin_left_closed,1,frame_count,377,frames
7,run,run02,"[200,250)",50_frame_bin_left_closed,1,wait_mean_ms,1233.0529994854112,ms
7,run,run02,"[200,250)",50_frame_bin_left_closed,1,wait_median_ms,1238.012801,ms
7,run,run02,"[200,250)",50_frame_bin_left_closed,1,wait_p95_ms,1346.5676854,ms
7,run,run02,"[250,300)",50_frame_bin_left_closed,1,frame_count,480,frames
7,run,run02,"[250,300)",50_frame_bin_left_closed,1,wait_mean_ms,1484.56796835,ms
7,run,run02,"[250,300)",50_frame_bin_left_closed,1,wait_median_ms,1472.125217,ms
7,run,run02,"[250,300)",50_frame_bin_left_closed,1,wait_p95_ms,1628.33715885,ms
7,run,run02,"[300,350)",50_frame_bin_left_closed,1,frame_count,373,frames
7,run,run02,"[300,350)",50_frame_bin_left_closed,1,wait_mean_ms,1758.9330644128688,ms
7,run,run02,"[300,350)",50_frame_bin_left_closed,1,wait_median_ms,1746.56409,ms
7,run,run02,"[300,350)",50_frame_bin_left_closed,1,wait_p95_ms,1860.0484222,ms
7,run,run02,"[350,400)",50_frame_bin_left_closed,1,frame_count,476,frames
7,run,run02,"[350,400)",50_frame_bin_left_closed,1,wait_mean_ms,1987.2900066995796,ms
7,run,run02,"[350,400)",50_frame_bin_left_closed,1,wait_median_ms,1993.7654045,ms
7,run,run02,"[350,400)",50_frame_bin_left_closed,1,wait_p95_ms,2089.338212,ms
7,run,run02,"[400,450)",50_frame_bin_left_closed,1,frame_count,503,frames
7,run,run02,"[400,450)",50_frame_bin_left_closed,1,wait_mean_ms,2246.6500698787277,ms
7,run,run02,"[400,450)",50_frame_bin_left_closed,1,wait_median_ms,2254.069071,ms
7,run,run02,"[400,450)",50_frame_bin_left_closed,1,wait_p95_ms,2350.7135845,ms
7,run,run02,"[450,500)",50_frame_bin_left_closed,1,frame_count,573,frames
7,run,run02,"[450,500)",50_frame_bin_left_closed,1,wait_mean_ms,2508.3850971099478,ms
7,run,run02,"[450,500)",50_frame_bin_left_closed,1,wait_median_ms,2502.17589,ms
7,run,run02,"[450,500)",50_frame_bin_left_closed,1,wait_p95_ms,2662.114599,ms
7,run,run02,"[500,550)",50_frame_bin_left_closed,1,frame_count,436,frames
7,run,run02,"[500,550)",50_frame_bin_left_closed,1,wait_mean_ms,2795.08716406422,ms
7,run,run02,"[500,550)",50_frame_bin_left_closed,1,wait_median_ms,2790.800785,ms
7,run,run02,"[500,550)",50_frame_bin_left_closed,1,wait_p95_ms,2907.23220075,ms
7,run,run02,"[550,600)",50_frame_bin_left_closed,1,frame_count,487,frames
7,run,run02,"[550,600)",50_frame_bin_left_closed,1,wait_mean_ms,3080.673745926078,ms
7,run,run02,"[550,600)",50_frame_bin_left_closed,1,wait_median_ms,3091.481684,ms
7,run,run02,"[550,600)",50_frame_bin_left_closed,1,wait_p95_ms,3184.4916103,ms
7,run,run02,"[600,650)",50_frame_bin_left_closed,1,frame_count,416,frames
7,run,run02,"[600,650)",50_frame_bin_left_closed,1,wait_mean_ms,3344.403701805288,ms
7,run,run02,"[600,650)",50_frame_bin_left_closed,1,wait_median_ms,3345.5690805,ms
7,run,run02,"[600,650)",50_frame_bin_left_closed,1,wait_p95_ms,3474.341897,ms
7,run,run02,"[650,700)",50_frame_bin_left_closed,1,frame_count,470,frames
7,run,run02,"[650,700)",50_frame_bin_left_closed,1,wait_mean_ms,3616.6871398638295,ms
7,run,run02,"[650,700)",50_frame_bin_left_closed,1,wait_median_ms,3614.2335835,ms
7,run,run02,"[650,700)",50_frame_bin_left_closed,1,wait_p95_ms,3723.95099755,ms
7,run,run02,"[700,750)",50_frame_bin_left_closed,1,frame_count,435,frames
7,run,run02,"[700,750)",50_frame_bin_left_closed,1,wait_mean_ms,3870.0798326390805,ms
7,run,run02,"[700,750)",50_frame_bin_left_closed,1,wait_median_ms,3876.095172,ms
7,run,run02,"[700,750)",50_frame_bin_left_closed,1,wait_p95_ms,3992.5319796,ms
7,run,run02,"[750,800)",50_frame_bin_left_closed,1,frame_count,490,frames
7,run,run02,"[750,800)",50_frame_bin_left_closed,1,wait_mean_ms,4154.948538820408,ms
7,run,run02,"[750,800)",50_frame_bin_left_closed,1,wait_median_ms,4157.9133995,ms
7,run,run02,"[750,800)",50_frame_bin_left_closed,1,wait_p95_ms,4278.91080945,ms
7,run,run02,"[800,850)",50_frame_bin_left_closed,1,frame_count,423,frames
7,run,run02,"[800,850)",50_frame_bin_left_closed,1,wait_mean_ms,4442.9563977635935,ms
7,run,run02,"[800,850)",50_frame_bin_left_closed,1,wait_median_ms,4452.29576,ms
7,run,run02,"[800,850)",50_frame_bin_left_closed,1,wait_p95_ms,4578.668675,ms
7,run,run02,"[850,900)",50_frame_bin_left_closed,1,frame_count,466,frames
7,run,run02,"[850,900)",50_frame_bin_left_closed,1,wait_mean_ms,4711.350905888413,ms
7,run,run02,"[850,900)",50_frame_bin_left_closed,1,wait_median_ms,4724.030353,ms
7,run,run02,"[850,900)",50_frame_bin_left_closed,1,wait_p95_ms,4802.8033215,ms
7,run,run02,"[900,950)",50_frame_bin_left_closed,1,frame_count,392,frames
7,run,run02,"[900,950)",50_frame_bin_left_closed,1,wait_mean_ms,4906.90789622449,ms
7,run,run02,"[900,950)",50_frame_bin_left_closed,1,wait_median_ms,4900.0769735,ms
7,run,run02,"[900,950)",50_frame_bin_left_closed,1,wait_p95_ms,5002.766582050001,ms
7,run,run02,"[950,1000)",50_frame_bin_left_closed,1,frame_count,489,frames
7,run,run02,"[950,1000)",50_frame_bin_left_closed,1,wait_mean_ms,5151.548610364008,ms
7,run,run02,"[950,1000)",50_frame_bin_left_closed,1,wait_median_ms,5147.440671,ms
7,run,run02,"[950,1000)",50_frame_bin_left_closed,1,wait_p95_ms,5265.3788536,ms
7,run,run02,"[1000,1050)",50_frame_bin_left_closed,1,frame_count,535,frames
7,run,run02,"[1000,1050)",50_frame_bin_left_closed,1,wait_mean_ms,5449.792723712149,ms
7,run,run02,"[1000,1050)",50_frame_bin_left_closed,1,wait_median_ms,5465.108673,ms
7,run,run02,"[1000,1050)",50_frame_bin_left_closed,1,wait_p95_ms,5583.7539806,ms
7,run,run02,"[1050,1100)",50_frame_bin_left_closed,1,frame_count,454,frames
7,run,run02,"[1050,1100)",50_frame_bin_left_closed,1,wait_mean_ms,5737.884615017621,ms
7,run,run02,"[1050,1100)",50_frame_bin_left_closed,1,wait_median_ms,5750.5261945,ms
7,run,run02,"[1050,1100)",50_frame_bin_left_closed,1,wait_p95_ms,5814.632487899999,ms
7,run,run02,"[1100,1150)",50_frame_bin_left_closed,1,frame_count,446,frames
7,run,run02,"[1100,1150)",50_frame_bin_left_closed,1,wait_mean_ms,5948.854672845291,ms
7,run,run02,"[1100,1150)",50_frame_bin_left_closed,1,wait_median_ms,5949.258281,ms
7,run,run02,"[1100,1150)",50_frame_bin_left_closed,1,wait_p95_ms,6064.66551925,ms
7,run,run02,"[1150,1200)",50_frame_bin_left_closed,1,frame_count,458,frames
7,run,run02,"[1150,1200)",50_frame_bin_left_closed,1,wait_mean_ms,6205.813639930131,ms
7,run,run02,"[1150,1200)",50_frame_bin_left_closed,1,wait_median_ms,6202.7554585,ms
7,run,run02,"[1150,1200)",50_frame_bin_left_closed,1,wait_p95_ms,6318.88472005,ms
7,run,run02,"[1200,1250)",50_frame_bin_left_closed,1,frame_count,566,frames
7,run,run02,"[1200,1250)",50_frame_bin_left_closed,1,wait_mean_ms,6537.979025199647,ms
7,run,run02,"[1200,1250)",50_frame_bin_left_closed,1,wait_median_ms,6542.7364495,ms
7,run,run02,"[1200,1250)",50_frame_bin_left_closed,1,wait_p95_ms,6702.37216575,ms
7,run,run02,"[1250,1300)",50_frame_bin_left_closed,1,frame_count,473,frames
7,run,run02,"[1250,1300)",50_frame_bin_left_closed,1,wait_mean_ms,6853.285601524313,ms
7,run,run02,"[1250,1300)",50_frame_bin_left_closed,1,wait_median_ms,6844.930763,ms
7,run,run02,"[1250,1300)",50_frame_bin_left_closed,1,wait_p95_ms,6964.2423822,ms
7,run,run02,"[1300,1350)",50_frame_bin_left_closed,1,frame_count,418,frames
7,run,run02,"[1300,1350)",50_frame_bin_left_closed,1,wait_mean_ms,6880.3097735598085,ms
7,run,run02,"[1300,1350)",50_frame_bin_left_closed,1,wait_median_ms,6880.106946,ms
7,run,run02,"[1300,1350)",50_frame_bin_left_closed,1,wait_p95_ms,6966.748610850001,ms
7,run,run02,"[1350,1400)",50_frame_bin_left_closed,1,frame_count,413,frames
7,run,run02,"[1350,1400)",50_frame_bin_left_closed,1,wait_mean_ms,6707.734871951574,ms
7,run,run02,"[1350,1400)",50_frame_bin_left_closed,1,wait_median_ms,6706.999596,ms
7,run,run02,"[1350,1400)",50_frame_bin_left_closed,1,wait_p95_ms,6786.442787,ms
7,run,run02,"[1400,1450)",50_frame_bin_left_closed,1,frame_count,472,frames
7,run,run02,"[1400,1450)",50_frame_bin_left_closed,1,wait_mean_ms,6523.9444212775425,ms
7,run,run02,"[1400,1450)",50_frame_bin_left_closed,1,wait_median_ms,6521.4579165,ms
7,run,run02,"[1400,1450)",50_frame_bin_left_closed,1,wait_p95_ms,6613.552946,ms
7,run,run02,"[1450,1500)",50_frame_bin_left_closed,1,frame_count,157,frames
7,run,run02,"[1450,1500)",50_frame_bin_left_closed,1,wait_mean_ms,6420.291372464968,ms
7,run,run02,"[1450,1500)",50_frame_bin_left_closed,1,wait_median_ms,6411.922544,ms
7,run,run02,"[1450,1500)",50_frame_bin_left_closed,1,wait_p95_ms,6454.290585,ms
7,run,run02,ALL,all_depths_within_run,1,Pearson,0.992655848519372,correlation
7,run,run02,ALL,all_depths_within_run,1,Spearman,0.990700758779852,correlation
7,run,run03,"[0,50)",50_frame_bin_left_closed,1,frame_count,65,frames
7,run,run03,"[0,50)",50_frame_bin_left_closed,1,wait_mean_ms,178.5764838923077,ms
7,run,run03,"[0,50)",50_frame_bin_left_closed,1,wait_median_ms,178.838838,ms
7,run,run03,"[0,50)",50_frame_bin_left_closed,1,wait_p95_ms,290.4658022,ms
7,run,run03,"[50,100)",50_frame_bin_left_closed,1,frame_count,218,frames
7,run,run03,"[50,100)",50_frame_bin_left_closed,1,wait_mean_ms,455.22879299541285,ms
7,run,run03,"[50,100)",50_frame_bin_left_closed,1,wait_median_ms,471.0924725,ms
7,run,run03,"[50,100)",50_frame_bin_left_closed,1,wait_p95_ms,518.87892605,ms
7,run,run03,"[100,150)",50_frame_bin_left_closed,1,frame_count,415,frames
7,run,run03,"[100,150)",50_frame_bin_left_closed,1,wait_mean_ms,671.3427934216868,ms
7,run,run03,"[100,150)",50_frame_bin_left_closed,1,wait_median_ms,678.521415,ms
7,run,run03,"[100,150)",50_frame_bin_left_closed,1,wait_p95_ms,797.8288436999999,ms
7,run,run03,"[150,200)",50_frame_bin_left_closed,1,frame_count,367,frames
7,run,run03,"[150,200)",50_frame_bin_left_closed,1,wait_mean_ms,962.938522520436,ms
7,run,run03,"[150,200)",50_frame_bin_left_closed,1,wait_median_ms,961.500643,ms
7,run,run03,"[150,200)",50_frame_bin_left_closed,1,wait_p95_ms,1106.9028064000001,ms
7,run,run03,"[200,250)",50_frame_bin_left_closed,1,frame_count,345,frames
7,run,run03,"[200,250)",50_frame_bin_left_closed,1,wait_mean_ms,1239.6844034927535,ms
7,run,run03,"[200,250)",50_frame_bin_left_closed,1,wait_median_ms,1241.064668,ms
7,run,run03,"[200,250)",50_frame_bin_left_closed,1,wait_p95_ms,1347.0040216,ms
7,run,run03,"[250,300)",50_frame_bin_left_closed,1,frame_count,409,frames
7,run,run03,"[250,300)",50_frame_bin_left_closed,1,wait_mean_ms,1479.9551235158924,ms
7,run,run03,"[250,300)",50_frame_bin_left_closed,1,wait_median_ms,1477.799032,ms
7,run,run03,"[250,300)",50_frame_bin_left_closed,1,wait_p95_ms,1582.0538333999998,ms
7,run,run03,"[300,350)",50_frame_bin_left_closed,1,frame_count,436,frames
7,run,run03,"[300,350)",50_frame_bin_left_closed,1,wait_mean_ms,1750.6426477729358,ms
7,run,run03,"[300,350)",50_frame_bin_left_closed,1,wait_median_ms,1752.3668895,ms
7,run,run03,"[300,350)",50_frame_bin_left_closed,1,wait_p95_ms,1867.253348,ms
7,run,run03,"[350,400)",50_frame_bin_left_closed,1,frame_count,453,frames
7,run,run03,"[350,400)",50_frame_bin_left_closed,1,wait_mean_ms,2021.8544862251656,ms
7,run,run03,"[350,400)",50_frame_bin_left_closed,1,wait_median_ms,2012.126809,ms
7,run,run03,"[350,400)",50_frame_bin_left_closed,1,wait_p95_ms,2174.1731104,ms
7,run,run03,"[400,450)",50_frame_bin_left_closed,1,frame_count,386,frames
7,run,run03,"[400,450)",50_frame_bin_left_closed,1,wait_mean_ms,2327.8546004067357,ms
7,run,run03,"[400,450)",50_frame_bin_left_closed,1,wait_median_ms,2333.127163,ms
7,run,run03,"[400,450)",50_frame_bin_left_closed,1,wait_p95_ms,2450.5915025,ms
7,run,run03,"[450,500)",50_frame_bin_left_closed,1,frame_count,390,frames
7,run,run03,"[450,500)",50_frame_bin_left_closed,1,wait_mean_ms,2582.48287535641,ms
7,run,run03,"[450,500)",50_frame_bin_left_closed,1,wait_median_ms,2576.540702,ms
7,run,run03,"[450,500)",50_frame_bin_left_closed,1,wait_p95_ms,2709.1745850499997,ms
7,run,run03,"[500,550)",50_frame_bin_left_closed,1,frame_count,419,frames
7,run,run03,"[500,550)",50_frame_bin_left_closed,1,wait_mean_ms,2873.1669330620525,ms
7,run,run03,"[500,550)",50_frame_bin_left_closed,1,wait_median_ms,2883.335054,ms
7,run,run03,"[500,550)",50_frame_bin_left_closed,1,wait_p95_ms,2999.7680833000004,ms
7,run,run03,"[550,600)",50_frame_bin_left_closed,1,frame_count,356,frames
7,run,run03,"[550,600)",50_frame_bin_left_closed,1,wait_mean_ms,3129.2187248848313,ms
7,run,run03,"[550,600)",50_frame_bin_left_closed,1,wait_median_ms,3131.1674675,ms
7,run,run03,"[550,600)",50_frame_bin_left_closed,1,wait_p95_ms,3236.2263755,ms
7,run,run03,"[600,650)",50_frame_bin_left_closed,1,frame_count,415,frames
7,run,run03,"[600,650)",50_frame_bin_left_closed,1,wait_mean_ms,3362.5247431156627,ms
7,run,run03,"[600,650)",50_frame_bin_left_closed,1,wait_median_ms,3369.112175,ms
7,run,run03,"[600,650)",50_frame_bin_left_closed,1,wait_p95_ms,3462.3168246,ms
7,run,run03,"[650,700)",50_frame_bin_left_closed,1,frame_count,439,frames
7,run,run03,"[650,700)",50_frame_bin_left_closed,1,wait_mean_ms,3638.626000480638,ms
7,run,run03,"[650,700)",50_frame_bin_left_closed,1,wait_median_ms,3636.840542,ms
7,run,run03,"[650,700)",50_frame_bin_left_closed,1,wait_p95_ms,3790.7414619,ms
7,run,run03,"[700,750)",50_frame_bin_left_closed,1,frame_count,439,frames
7,run,run03,"[700,750)",50_frame_bin_left_closed,1,wait_mean_ms,3936.6733321731203,ms
7,run,run03,"[700,750)",50_frame_bin_left_closed,1,wait_median_ms,3946.569768,ms
7,run,run03,"[700,750)",50_frame_bin_left_closed,1,wait_p95_ms,4052.4012567,ms
7,run,run03,"[750,800)",50_frame_bin_left_closed,1,frame_count,369,frames
7,run,run03,"[750,800)",50_frame_bin_left_closed,1,wait_mean_ms,4199.759674111111,ms
7,run,run03,"[750,800)",50_frame_bin_left_closed,1,wait_median_ms,4202.069973,ms
7,run,run03,"[750,800)",50_frame_bin_left_closed,1,wait_p95_ms,4314.2308296,ms
7,run,run03,"[800,850)",50_frame_bin_left_closed,1,frame_count,445,frames
7,run,run03,"[800,850)",50_frame_bin_left_closed,1,wait_mean_ms,4480.435462896629,ms
7,run,run03,"[800,850)",50_frame_bin_left_closed,1,wait_median_ms,4481.736886,ms
7,run,run03,"[800,850)",50_frame_bin_left_closed,1,wait_p95_ms,4629.8278632,ms
7,run,run03,"[850,900)",50_frame_bin_left_closed,1,frame_count,389,frames
7,run,run03,"[850,900)",50_frame_bin_left_closed,1,wait_mean_ms,4770.571177899743,ms
7,run,run03,"[850,900)",50_frame_bin_left_closed,1,wait_median_ms,4774.598793,ms
7,run,run03,"[850,900)",50_frame_bin_left_closed,1,wait_p95_ms,4885.8394184,ms
7,run,run03,"[900,950)",50_frame_bin_left_closed,1,frame_count,397,frames
7,run,run03,"[900,950)",50_frame_bin_left_closed,1,wait_mean_ms,5028.053595546599,ms
7,run,run03,"[900,950)",50_frame_bin_left_closed,1,wait_median_ms,5021.770681,ms
7,run,run03,"[900,950)",50_frame_bin_left_closed,1,wait_p95_ms,5137.1737041999995,ms
7,run,run03,"[950,1000)",50_frame_bin_left_closed,1,frame_count,386,frames
7,run,run03,"[950,1000)",50_frame_bin_left_closed,1,wait_mean_ms,5284.898137629534,ms
7,run,run03,"[950,1000)",50_frame_bin_left_closed,1,wait_median_ms,5277.109094,ms
7,run,run03,"[950,1000)",50_frame_bin_left_closed,1,wait_p95_ms,5414.45309875,ms
7,run,run03,"[1000,1050)",50_frame_bin_left_closed,1,frame_count,412,frames
7,run,run03,"[1000,1050)",50_frame_bin_left_closed,1,wait_mean_ms,5530.896513674757,ms
7,run,run03,"[1000,1050)",50_frame_bin_left_closed,1,wait_median_ms,5525.8634605,ms
7,run,run03,"[1000,1050)",50_frame_bin_left_closed,1,wait_p95_ms,5633.2232678,ms
7,run,run03,"[1050,1100)",50_frame_bin_left_closed,1,frame_count,437,frames
7,run,run03,"[1050,1100)",50_frame_bin_left_closed,1,wait_mean_ms,5787.3115054736845,ms
7,run,run03,"[1050,1100)",50_frame_bin_left_closed,1,wait_median_ms,5780.130268,ms
7,run,run03,"[1050,1100)",50_frame_bin_left_closed,1,wait_p95_ms,5920.890252,ms
7,run,run03,"[1100,1150)",50_frame_bin_left_closed,1,frame_count,405,frames
7,run,run03,"[1100,1150)",50_frame_bin_left_closed,1,wait_mean_ms,6082.02675934321,ms
7,run,run03,"[1100,1150)",50_frame_bin_left_closed,1,wait_median_ms,6076.593268,ms
7,run,run03,"[1100,1150)",50_frame_bin_left_closed,1,wait_p95_ms,6211.163444399999,ms
7,run,run03,"[1150,1200)",50_frame_bin_left_closed,1,frame_count,486,frames
7,run,run03,"[1150,1200)",50_frame_bin_left_closed,1,wait_mean_ms,6364.602305117284,ms
7,run,run03,"[1150,1200)",50_frame_bin_left_closed,1,wait_median_ms,6366.314583,ms
7,run,run03,"[1150,1200)",50_frame_bin_left_closed,1,wait_p95_ms,6496.63475075,ms
7,run,run03,"[1200,1250)",50_frame_bin_left_closed,1,frame_count,367,frames
7,run,run03,"[1200,1250)",50_frame_bin_left_closed,1,wait_mean_ms,6612.13972053406,ms
7,run,run03,"[1200,1250)",50_frame_bin_left_closed,1,wait_median_ms,6612.458534,ms
7,run,run03,"[1200,1250)",50_frame_bin_left_closed,1,wait_p95_ms,6713.2798858999995,ms
7,run,run03,"[1250,1300)",50_frame_bin_left_closed,1,frame_count,394,frames
7,run,run03,"[1250,1300)",50_frame_bin_left_closed,1,wait_mean_ms,6845.562345233502,ms
7,run,run03,"[1250,1300)",50_frame_bin_left_closed,1,wait_median_ms,6843.4784205,ms
7,run,run03,"[1250,1300)",50_frame_bin_left_closed,1,wait_p95_ms,6949.820554350001,ms
7,run,run03,"[1300,1350)",50_frame_bin_left_closed,1,frame_count,436,frames
7,run,run03,"[1300,1350)",50_frame_bin_left_closed,1,wait_mean_ms,7141.469502004587,ms
7,run,run03,"[1300,1350)",50_frame_bin_left_closed,1,wait_median_ms,7136.4585495,ms
7,run,run03,"[1300,1350)",50_frame_bin_left_closed,1,wait_p95_ms,7297.735124,ms
7,run,run03,"[1350,1400)",50_frame_bin_left_closed,1,frame_count,485,frames
7,run,run03,"[1350,1400)",50_frame_bin_left_closed,1,wait_mean_ms,7495.937789084536,ms
7,run,run03,"[1350,1400)",50_frame_bin_left_closed,1,wait_median_ms,7501.815917,ms
7,run,run03,"[1350,1400)",50_frame_bin_left_closed,1,wait_p95_ms,7652.979633,ms
7,run,run03,"[1400,1450)",50_frame_bin_left_closed,1,frame_count,429,frames
7,run,run03,"[1400,1450)",50_frame_bin_left_closed,1,wait_mean_ms,7594.13639513986,ms
7,run,run03,"[1400,1450)",50_frame_bin_left_closed,1,wait_median_ms,7594.773256,ms
7,run,run03,"[1400,1450)",50_frame_bin_left_closed,1,wait_p95_ms,7672.636501800001,ms
7,run,run03,"[1450,1500)",50_frame_bin_left_closed,1,frame_count,373,frames
7,run,run03,"[1450,1500)",50_frame_bin_left_closed,1,wait_mean_ms,7430.145284040214,ms
7,run,run03,"[1450,1500)",50_frame_bin_left_closed,1,wait_median_ms,7429.947023,ms
7,run,run03,"[1450,1500)",50_frame_bin_left_closed,1,wait_p95_ms,7502.075159,ms
7,run,run03,"[1500,1550)",50_frame_bin_left_closed,1,frame_count,347,frames
7,run,run03,"[1500,1550)",50_frame_bin_left_closed,1,wait_mean_ms,7288.458698046109,ms
7,run,run03,"[1500,1550)",50_frame_bin_left_closed,1,wait_median_ms,7290.395063,ms
7,run,run03,"[1500,1550)",50_frame_bin_left_closed,1,wait_p95_ms,7353.3331168,ms
7,run,run03,"[1550,1600)",50_frame_bin_left_closed,1,frame_count,375,frames
7,run,run03,"[1550,1600)",50_frame_bin_left_closed,1,wait_mean_ms,7149.383771208,ms
7,run,run03,"[1550,1600)",50_frame_bin_left_closed,1,wait_median_ms,7146.865427,ms
7,run,run03,"[1550,1600)",50_frame_bin_left_closed,1,wait_p95_ms,7212.9411968,ms
7,run,run03,"[1600,1650)",50_frame_bin_left_closed,1,frame_count,116,frames
7,run,run03,"[1600,1650)",50_frame_bin_left_closed,1,wait_mean_ms,7091.201975732759,ms
7,run,run03,"[1600,1650)",50_frame_bin_left_closed,1,wait_median_ms,7085.722582,ms
7,run,run03,"[1600,1650)",50_frame_bin_left_closed,1,wait_p95_ms,7131.15117425,ms
7,run,run03,ALL,all_depths_within_run,1,Pearson,0.9921041967930804,correlation
7,run,run03,ALL,all_depths_within_run,1,Spearman,0.9898582516899285,correlation
7,run,run04,"[0,50)",50_frame_bin_left_closed,1,frame_count,121,frames
7,run,run04,"[0,50)",50_frame_bin_left_closed,1,wait_mean_ms,191.90386294214878,ms
7,run,run04,"[0,50)",50_frame_bin_left_closed,1,wait_median_ms,226.799256,ms
7,run,run04,"[0,50)",50_frame_bin_left_closed,1,wait_p95_ms,274.876848,ms
7,run,run04,"[50,100)",50_frame_bin_left_closed,1,frame_count,363,frames
7,run,run04,"[50,100)",50_frame_bin_left_closed,1,wait_mean_ms,418.01014974655646,ms
7,run,run04,"[50,100)",50_frame_bin_left_closed,1,wait_median_ms,416.510744,ms
7,run,run04,"[50,100)",50_frame_bin_left_closed,1,wait_p95_ms,532.5905308,ms
7,run,run04,"[100,150)",50_frame_bin_left_closed,1,frame_count,378,frames
7,run,run04,"[100,150)",50_frame_bin_left_closed,1,wait_mean_ms,682.1362333201058,ms
7,run,run04,"[100,150)",50_frame_bin_left_closed,1,wait_median_ms,680.1636405,ms
7,run,run04,"[100,150)",50_frame_bin_left_closed,1,wait_p95_ms,803.0546114,ms
7,run,run04,"[150,200)",50_frame_bin_left_closed,1,frame_count,390,frames
7,run,run04,"[150,200)",50_frame_bin_left_closed,1,wait_mean_ms,961.8469483564103,ms
7,run,run04,"[150,200)",50_frame_bin_left_closed,1,wait_median_ms,956.236988,ms
7,run,run04,"[150,200)",50_frame_bin_left_closed,1,wait_p95_ms,1097.8277752000001,ms
7,run,run04,"[200,250)",50_frame_bin_left_closed,1,frame_count,353,frames
7,run,run04,"[200,250)",50_frame_bin_left_closed,1,wait_mean_ms,1256.8169037053824,ms
7,run,run04,"[200,250)",50_frame_bin_left_closed,1,wait_median_ms,1263.297495,ms
7,run,run04,"[200,250)",50_frame_bin_left_closed,1,wait_p95_ms,1382.016734,ms
7,run,run04,"[250,300)",50_frame_bin_left_closed,1,frame_count,328,frames
7,run,run04,"[250,300)",50_frame_bin_left_closed,1,wait_mean_ms,1523.338749378049,ms
7,run,run04,"[250,300)",50_frame_bin_left_closed,1,wait_median_ms,1529.7918945,ms
7,run,run04,"[250,300)",50_frame_bin_left_closed,1,wait_p95_ms,1614.7887211,ms
7,run,run04,"[300,350)",50_frame_bin_left_closed,1,frame_count,436,frames
7,run,run04,"[300,350)",50_frame_bin_left_closed,1,wait_mean_ms,1757.8821949655965,ms
7,run,run04,"[300,350)",50_frame_bin_left_closed,1,wait_median_ms,1746.970605,ms
7,run,run04,"[300,350)",50_frame_bin_left_closed,1,wait_p95_ms,1902.62796825,ms
7,run,run04,"[350,400)",50_frame_bin_left_closed,1,frame_count,385,frames
7,run,run04,"[350,400)",50_frame_bin_left_closed,1,wait_mean_ms,2052.3312426727275,ms
7,run,run04,"[350,400)",50_frame_bin_left_closed,1,wait_median_ms,2064.436006,ms
7,run,run04,"[350,400)",50_frame_bin_left_closed,1,wait_p95_ms,2184.0447094,ms
7,run,run04,"[400,450)",50_frame_bin_left_closed,1,frame_count,365,frames
7,run,run04,"[400,450)",50_frame_bin_left_closed,1,wait_mean_ms,2353.746761336986,ms
7,run,run04,"[400,450)",50_frame_bin_left_closed,1,wait_median_ms,2365.957727,ms
7,run,run04,"[400,450)",50_frame_bin_left_closed,1,wait_p95_ms,2462.796483,ms
7,run,run04,"[450,500)",50_frame_bin_left_closed,1,frame_count,340,frames
7,run,run04,"[450,500)",50_frame_bin_left_closed,1,wait_mean_ms,2579.903212635294,ms
7,run,run04,"[450,500)",50_frame_bin_left_closed,1,wait_median_ms,2576.5914785,ms
7,run,run04,"[450,500)",50_frame_bin_left_closed,1,wait_p95_ms,2688.8776153000003,ms
7,run,run04,"[500,550)",50_frame_bin_left_closed,1,frame_count,449,frames
7,run,run04,"[500,550)",50_frame_bin_left_closed,1,wait_mean_ms,2833.908646955457,ms
7,run,run04,"[500,550)",50_frame_bin_left_closed,1,wait_median_ms,2832.91591,ms
7,run,run04,"[500,550)",50_frame_bin_left_closed,1,wait_p95_ms,2958.0915918,ms
7,run,run04,"[550,600)",50_frame_bin_left_closed,1,frame_count,410,frames
7,run,run04,"[550,600)",50_frame_bin_left_closed,1,wait_mean_ms,3096.255841641463,ms
7,run,run04,"[550,600)",50_frame_bin_left_closed,1,wait_median_ms,3094.555726,ms
7,run,run04,"[550,600)",50_frame_bin_left_closed,1,wait_p95_ms,3217.5722032,ms
7,run,run04,"[600,650)",50_frame_bin_left_closed,1,frame_count,447,frames
7,run,run04,"[600,650)",50_frame_bin_left_closed,1,wait_mean_ms,3396.9777961252794,ms
7,run,run04,"[600,650)",50_frame_bin_left_closed,1,wait_median_ms,3395.851138,ms
7,run,run04,"[600,650)",50_frame_bin_left_closed,1,wait_p95_ms,3530.9122433000002,ms
7,run,run04,"[650,700)",50_frame_bin_left_closed,1,frame_count,370,frames
7,run,run04,"[650,700)",50_frame_bin_left_closed,1,wait_mean_ms,3671.0100751783784,ms
7,run,run04,"[650,700)",50_frame_bin_left_closed,1,wait_median_ms,3665.502623,ms
7,run,run04,"[650,700)",50_frame_bin_left_closed,1,wait_p95_ms,3777.2137284,ms
7,run,run04,"[700,750)",50_frame_bin_left_closed,1,frame_count,408,frames
7,run,run04,"[700,750)",50_frame_bin_left_closed,1,wait_mean_ms,3930.01895025,ms
7,run,run04,"[700,750)",50_frame_bin_left_closed,1,wait_median_ms,3926.332597,ms
7,run,run04,"[700,750)",50_frame_bin_left_closed,1,wait_p95_ms,4063.4331976500002,ms
7,run,run04,"[750,800)",50_frame_bin_left_closed,1,frame_count,424,frames
7,run,run04,"[750,800)",50_frame_bin_left_closed,1,wait_mean_ms,4223.255930113207,ms
7,run,run04,"[750,800)",50_frame_bin_left_closed,1,wait_median_ms,4223.145249,ms
7,run,run04,"[750,800)",50_frame_bin_left_closed,1,wait_p95_ms,4341.9848757,ms
7,run,run04,"[800,850)",50_frame_bin_left_closed,1,frame_count,380,frames
7,run,run04,"[800,850)",50_frame_bin_left_closed,1,wait_mean_ms,4460.83609471579,ms
7,run,run04,"[800,850)",50_frame_bin_left_closed,1,wait_median_ms,4462.852951,ms
7,run,run04,"[800,850)",50_frame_bin_left_closed,1,wait_p95_ms,4562.97615865,ms
7,run,run04,"[850,900)",50_frame_bin_left_closed,1,frame_count,400,frames
7,run,run04,"[850,900)",50_frame_bin_left_closed,1,wait_mean_ms,4688.9209532875,ms
7,run,run04,"[850,900)",50_frame_bin_left_closed,1,wait_median_ms,4678.2807805,ms
7,run,run04,"[850,900)",50_frame_bin_left_closed,1,wait_p95_ms,4800.959325649999,ms
7,run,run04,"[900,950)",50_frame_bin_left_closed,1,frame_count,485,frames
7,run,run04,"[900,950)",50_frame_bin_left_closed,1,wait_mean_ms,4937.9901071278355,ms
7,run,run04,"[900,950)",50_frame_bin_left_closed,1,wait_median_ms,4935.248962,ms
7,run,run04,"[900,950)",50_frame_bin_left_closed,1,wait_p95_ms,5068.5661246,ms
7,run,run04,"[950,1000)",50_frame_bin_left_closed,1,frame_count,439,frames
7,run,run04,"[950,1000)",50_frame_bin_left_closed,1,wait_mean_ms,5212.365006134397,ms
7,run,run04,"[950,1000)",50_frame_bin_left_closed,1,wait_median_ms,5214.766818,ms
7,run,run04,"[950,1000)",50_frame_bin_left_closed,1,wait_p95_ms,5332.5283149,ms
7,run,run04,"[1000,1050)",50_frame_bin_left_closed,1,frame_count,486,frames
7,run,run04,"[1000,1050)",50_frame_bin_left_closed,1,wait_mean_ms,5490.953647195473,ms
7,run,run04,"[1000,1050)",50_frame_bin_left_closed,1,wait_median_ms,5502.9317435,ms
7,run,run04,"[1000,1050)",50_frame_bin_left_closed,1,wait_p95_ms,5599.7102605,ms
7,run,run04,"[1050,1100)",50_frame_bin_left_closed,1,frame_count,431,frames
7,run,run04,"[1050,1100)",50_frame_bin_left_closed,1,wait_mean_ms,5748.741441953596,ms
7,run,run04,"[1050,1100)",50_frame_bin_left_closed,1,wait_median_ms,5738.967871,ms
7,run,run04,"[1050,1100)",50_frame_bin_left_closed,1,wait_p95_ms,5894.006152,ms
7,run,run04,"[1100,1150)",50_frame_bin_left_closed,1,frame_count,437,frames
7,run,run04,"[1100,1150)",50_frame_bin_left_closed,1,wait_mean_ms,6042.6796852288335,ms
7,run,run04,"[1100,1150)",50_frame_bin_left_closed,1,wait_median_ms,6044.448864,ms
7,run,run04,"[1100,1150)",50_frame_bin_left_closed,1,wait_p95_ms,6174.552667,ms
7,run,run04,"[1150,1200)",50_frame_bin_left_closed,1,frame_count,507,frames
7,run,run04,"[1150,1200)",50_frame_bin_left_closed,1,wait_mean_ms,6345.832542451676,ms
7,run,run04,"[1150,1200)",50_frame_bin_left_closed,1,wait_median_ms,6360.310365,ms
7,run,run04,"[1150,1200)",50_frame_bin_left_closed,1,wait_p95_ms,6476.788243399999,ms
7,run,run04,"[1200,1250)",50_frame_bin_left_closed,1,frame_count,382,frames
7,run,run04,"[1200,1250)",50_frame_bin_left_closed,1,wait_mean_ms,6620.766432460733,ms
7,run,run04,"[1200,1250)",50_frame_bin_left_closed,1,wait_median_ms,6616.816223,ms
7,run,run04,"[1200,1250)",50_frame_bin_left_closed,1,wait_p95_ms,6762.3778011,ms
7,run,run04,"[1250,1300)",50_frame_bin_left_closed,1,frame_count,411,frames
7,run,run04,"[1250,1300)",50_frame_bin_left_closed,1,wait_mean_ms,6931.30404279562,ms
7,run,run04,"[1250,1300)",50_frame_bin_left_closed,1,wait_median_ms,6926.255582,ms
7,run,run04,"[1250,1300)",50_frame_bin_left_closed,1,wait_p95_ms,7079.051812,ms
7,run,run04,"[1300,1350)",50_frame_bin_left_closed,1,frame_count,448,frames
7,run,run04,"[1300,1350)",50_frame_bin_left_closed,1,wait_mean_ms,7236.206593104911,ms
7,run,run04,"[1300,1350)",50_frame_bin_left_closed,1,wait_median_ms,7232.171863,ms
7,run,run04,"[1300,1350)",50_frame_bin_left_closed,1,wait_p95_ms,7346.57004325,ms
7,run,run04,"[1350,1400)",50_frame_bin_left_closed,1,frame_count,422,frames
7,run,run04,"[1350,1400)",50_frame_bin_left_closed,1,wait_mean_ms,7443.478139068721,ms
7,run,run04,"[1350,1400)",50_frame_bin_left_closed,1,wait_median_ms,7450.981862,ms
7,run,run04,"[1350,1400)",50_frame_bin_left_closed,1,wait_p95_ms,7494.64139605,ms
7,run,run04,"[1400,1450)",50_frame_bin_left_closed,1,frame_count,349,frames
7,run,run04,"[1400,1450)",50_frame_bin_left_closed,1,wait_mean_ms,7355.222517661891,ms
7,run,run04,"[1400,1450)",50_frame_bin_left_closed,1,wait_median_ms,7355.552414,ms
7,run,run04,"[1400,1450)",50_frame_bin_left_closed,1,wait_p95_ms,7423.917538600001,ms
7,run,run04,"[1450,1500)",50_frame_bin_left_closed,1,frame_count,333,frames
7,run,run04,"[1450,1500)",50_frame_bin_left_closed,1,wait_mean_ms,7218.346912573573,ms
7,run,run04,"[1450,1500)",50_frame_bin_left_closed,1,wait_median_ms,7218.347459,ms
7,run,run04,"[1450,1500)",50_frame_bin_left_closed,1,wait_p95_ms,7280.5549108000005,ms
7,run,run04,"[1500,1550)",50_frame_bin_left_closed,1,frame_count,483,frames
7,run,run04,"[1500,1550)",50_frame_bin_left_closed,1,wait_mean_ms,7078.402084532091,ms
7,run,run04,"[1500,1550)",50_frame_bin_left_closed,1,wait_median_ms,7081.155964,ms
7,run,run04,"[1500,1550)",50_frame_bin_left_closed,1,wait_p95_ms,7152.7384432,ms
7,run,run04,"[1550,1600)",50_frame_bin_left_closed,1,frame_count,240,frames
7,run,run04,"[1550,1600)",50_frame_bin_left_closed,1,wait_mean_ms,6955.496182625,ms
7,run,run04,"[1550,1600)",50_frame_bin_left_closed,1,wait_median_ms,6952.3952525,ms
7,run,run04,"[1550,1600)",50_frame_bin_left_closed,1,wait_p95_ms,6990.871853,ms
7,run,run04,ALL,all_depths_within_run,1,Pearson,0.9921511668108584,correlation
7,run,run04,ALL,all_depths_within_run,1,Spearman,0.9894055437611844,correlation
7,run,run05,"[0,50)",50_frame_bin_left_closed,1,frame_count,58,frames
7,run,run05,"[0,50)",50_frame_bin_left_closed,1,wait_mean_ms,220.0755542413793,ms
7,run,run05,"[0,50)",50_frame_bin_left_closed,1,wait_median_ms,236.5646765,ms
7,run,run05,"[0,50)",50_frame_bin_left_closed,1,wait_p95_ms,311.3141415,ms
7,run,run05,"[50,100)",50_frame_bin_left_closed,1,frame_count,330,frames
7,run,run05,"[50,100)",50_frame_bin_left_closed,1,wait_mean_ms,440.8800921848485,ms
7,run,run05,"[50,100)",50_frame_bin_left_closed,1,wait_median_ms,438.3175755,ms
7,run,run05,"[50,100)",50_frame_bin_left_closed,1,wait_p95_ms,530.24856525,ms
7,run,run05,"[100,150)",50_frame_bin_left_closed,1,frame_count,520,frames
7,run,run05,"[100,150)",50_frame_bin_left_closed,1,wait_mean_ms,662.4856054807693,ms
7,run,run05,"[100,150)",50_frame_bin_left_closed,1,wait_median_ms,672.783066,ms
7,run,run05,"[100,150)",50_frame_bin_left_closed,1,wait_p95_ms,766.95701125,ms
7,run,run05,"[150,200)",50_frame_bin_left_closed,1,frame_count,422,frames
7,run,run05,"[150,200)",50_frame_bin_left_closed,1,wait_mean_ms,945.1647798317537,ms
7,run,run05,"[150,200)",50_frame_bin_left_closed,1,wait_median_ms,942.685764,ms
7,run,run05,"[150,200)",50_frame_bin_left_closed,1,wait_p95_ms,1080.31580525,ms
7,run,run05,"[200,250)",50_frame_bin_left_closed,1,frame_count,435,frames
7,run,run05,"[200,250)",50_frame_bin_left_closed,1,wait_mean_ms,1223.8172093563219,ms
7,run,run05,"[200,250)",50_frame_bin_left_closed,1,wait_median_ms,1214.226015,ms
7,run,run05,"[200,250)",50_frame_bin_left_closed,1,wait_p95_ms,1368.3229787,ms
7,run,run05,"[250,300)",50_frame_bin_left_closed,1,frame_count,388,frames
7,run,run05,"[250,300)",50_frame_bin_left_closed,1,wait_mean_ms,1498.3627611546392,ms
7,run,run05,"[250,300)",50_frame_bin_left_closed,1,wait_median_ms,1481.6703715,ms
7,run,run05,"[250,300)",50_frame_bin_left_closed,1,wait_p95_ms,1617.3461967,ms
7,run,run05,"[300,350)",50_frame_bin_left_closed,1,frame_count,414,frames
7,run,run05,"[300,350)",50_frame_bin_left_closed,1,wait_mean_ms,1749.5669637512078,ms
7,run,run05,"[300,350)",50_frame_bin_left_closed,1,wait_median_ms,1749.6671105,ms
7,run,run05,"[300,350)",50_frame_bin_left_closed,1,wait_p95_ms,1860.3598640999999,ms
7,run,run05,"[350,400)",50_frame_bin_left_closed,1,frame_count,467,frames
7,run,run05,"[350,400)",50_frame_bin_left_closed,1,wait_mean_ms,2010.9269187430407,ms
7,run,run05,"[350,400)",50_frame_bin_left_closed,1,wait_median_ms,2009.440088,ms
7,run,run05,"[350,400)",50_frame_bin_left_closed,1,wait_p95_ms,2126.1496339,ms
7,run,run05,"[400,450)",50_frame_bin_left_closed,1,frame_count,468,frames
7,run,run05,"[400,450)",50_frame_bin_left_closed,1,wait_mean_ms,2312.033168681624,ms
7,run,run05,"[400,450)",50_frame_bin_left_closed,1,wait_median_ms,2322.43581,ms
7,run,run05,"[400,450)",50_frame_bin_left_closed,1,wait_p95_ms,2462.8224935,ms
7,run,run05,"[450,500)",50_frame_bin_left_closed,1,frame_count,354,frames
7,run,run05,"[450,500)",50_frame_bin_left_closed,1,wait_mean_ms,2611.216161257062,ms
7,run,run05,"[450,500)",50_frame_bin_left_closed,1,wait_median_ms,2614.3453025,ms
7,run,run05,"[450,500)",50_frame_bin_left_closed,1,wait_p95_ms,2725.3669124000003,ms
7,run,run05,"[500,550)",50_frame_bin_left_closed,1,frame_count,371,frames
7,run,run05,"[500,550)",50_frame_bin_left_closed,1,wait_mean_ms,2871.7543216684635,ms
7,run,run05,"[500,550)",50_frame_bin_left_closed,1,wait_median_ms,2873.50232,ms
7,run,run05,"[500,550)",50_frame_bin_left_closed,1,wait_p95_ms,2983.410911,ms
7,run,run05,"[550,600)",50_frame_bin_left_closed,1,frame_count,384,frames
7,run,run05,"[550,600)",50_frame_bin_left_closed,1,wait_mean_ms,3101.861058403646,ms
7,run,run05,"[550,600)",50_frame_bin_left_closed,1,wait_median_ms,3099.873601,ms
7,run,run05,"[550,600)",50_frame_bin_left_closed,1,wait_p95_ms,3203.6818252,ms
7,run,run05,"[600,650)",50_frame_bin_left_closed,1,frame_count,445,frames
7,run,run05,"[600,650)",50_frame_bin_left_closed,1,wait_mean_ms,3370.089647013483,ms
7,run,run05,"[600,650)",50_frame_bin_left_closed,1,wait_median_ms,3374.049739,ms
7,run,run05,"[600,650)",50_frame_bin_left_closed,1,wait_p95_ms,3505.1825138000004,ms
7,run,run05,"[650,700)",50_frame_bin_left_closed,1,frame_count,410,frames
7,run,run05,"[650,700)",50_frame_bin_left_closed,1,wait_mean_ms,3658.0825310536584,ms
7,run,run05,"[650,700)",50_frame_bin_left_closed,1,wait_median_ms,3658.3290585,ms
7,run,run05,"[650,700)",50_frame_bin_left_closed,1,wait_p95_ms,3784.9002210999997,ms
7,run,run05,"[700,750)",50_frame_bin_left_closed,1,frame_count,416,frames
7,run,run05,"[700,750)",50_frame_bin_left_closed,1,wait_mean_ms,3938.88252759375,ms
7,run,run05,"[700,750)",50_frame_bin_left_closed,1,wait_median_ms,3937.2837115,ms
7,run,run05,"[700,750)",50_frame_bin_left_closed,1,wait_p95_ms,4062.329934,ms
7,run,run05,"[750,800)",50_frame_bin_left_closed,1,frame_count,394,frames
7,run,run05,"[750,800)",50_frame_bin_left_closed,1,wait_mean_ms,4168.193895040609,ms
7,run,run05,"[750,800)",50_frame_bin_left_closed,1,wait_median_ms,4159.946842,ms
7,run,run05,"[750,800)",50_frame_bin_left_closed,1,wait_p95_ms,4276.5108353000005,ms
7,run,run05,"[800,850)",50_frame_bin_left_closed,1,frame_count,403,frames
7,run,run05,"[800,850)",50_frame_bin_left_closed,1,wait_mean_ms,4426.8101254937965,ms
7,run,run05,"[800,850)",50_frame_bin_left_closed,1,wait_median_ms,4430.34335,ms
7,run,run05,"[800,850)",50_frame_bin_left_closed,1,wait_p95_ms,4554.098285100001,ms
7,run,run05,"[850,900)",50_frame_bin_left_closed,1,frame_count,491,frames
7,run,run05,"[850,900)",50_frame_bin_left_closed,1,wait_mean_ms,4717.3464955193485,ms
7,run,run05,"[850,900)",50_frame_bin_left_closed,1,wait_median_ms,4716.129868,ms
7,run,run05,"[850,900)",50_frame_bin_left_closed,1,wait_p95_ms,4837.6031345,ms
7,run,run05,"[900,950)",50_frame_bin_left_closed,1,frame_count,388,frames
7,run,run05,"[900,950)",50_frame_bin_left_closed,1,wait_mean_ms,4970.674296224227,ms
7,run,run05,"[900,950)",50_frame_bin_left_closed,1,wait_median_ms,4968.6071755,ms
7,run,run05,"[900,950)",50_frame_bin_left_closed,1,wait_p95_ms,5075.3617555,ms
7,run,run05,"[950,1000)",50_frame_bin_left_closed,1,frame_count,443,frames
7,run,run05,"[950,1000)",50_frame_bin_left_closed,1,wait_mean_ms,5202.988731711061,ms
7,run,run05,"[950,1000)",50_frame_bin_left_closed,1,wait_median_ms,5196.948135,ms
7,run,run05,"[950,1000)",50_frame_bin_left_closed,1,wait_p95_ms,5303.2282213,ms
7,run,run05,"[1000,1050)",50_frame_bin_left_closed,1,frame_count,475,frames
7,run,run05,"[1000,1050)",50_frame_bin_left_closed,1,wait_mean_ms,5434.592164983158,ms
7,run,run05,"[1000,1050)",50_frame_bin_left_closed,1,wait_median_ms,5436.7573,ms
7,run,run05,"[1000,1050)",50_frame_bin_left_closed,1,wait_p95_ms,5547.540608,ms
7,run,run05,"[1050,1100)",50_frame_bin_left_closed,1,frame_count,505,frames
7,run,run05,"[1050,1100)",50_frame_bin_left_closed,1,wait_mean_ms,5724.510313883168,ms
7,run,run05,"[1050,1100)",50_frame_bin_left_closed,1,wait_median_ms,5725.743756,ms
7,run,run05,"[1050,1100)",50_frame_bin_left_closed,1,wait_p95_ms,5862.292012600001,ms
7,run,run05,"[1100,1150)",50_frame_bin_left_closed,1,frame_count,471,frames
7,run,run05,"[1100,1150)",50_frame_bin_left_closed,1,wait_mean_ms,6028.212048016985,ms
7,run,run05,"[1100,1150)",50_frame_bin_left_closed,1,wait_median_ms,6029.585269,ms
7,run,run05,"[1100,1150)",50_frame_bin_left_closed,1,wait_p95_ms,6167.9144845,ms
7,run,run05,"[1150,1200)",50_frame_bin_left_closed,1,frame_count,446,frames
7,run,run05,"[1150,1200)",50_frame_bin_left_closed,1,wait_mean_ms,6316.454383881165,ms
7,run,run05,"[1150,1200)",50_frame_bin_left_closed,1,wait_median_ms,6312.925578,ms
7,run,run05,"[1150,1200)",50_frame_bin_left_closed,1,wait_p95_ms,6453.26034825,ms
7,run,run05,"[1200,1250)",50_frame_bin_left_closed,1,frame_count,447,frames
7,run,run05,"[1200,1250)",50_frame_bin_left_closed,1,wait_mean_ms,6597.358526297538,ms
7,run,run05,"[1200,1250)",50_frame_bin_left_closed,1,wait_median_ms,6597.876126,ms
7,run,run05,"[1200,1250)",50_frame_bin_left_closed,1,wait_p95_ms,6717.1213421,ms
7,run,run05,"[1250,1300)",50_frame_bin_left_closed,1,frame_count,435,frames
7,run,run05,"[1250,1300)",50_frame_bin_left_closed,1,wait_mean_ms,6865.837168850575,ms
7,run,run05,"[1250,1300)",50_frame_bin_left_closed,1,wait_median_ms,6860.257385,ms
7,run,run05,"[1250,1300)",50_frame_bin_left_closed,1,wait_p95_ms,6972.5897137,ms
7,run,run05,"[1300,1350)",50_frame_bin_left_closed,1,frame_count,407,frames
7,run,run05,"[1300,1350)",50_frame_bin_left_closed,1,wait_mean_ms,7090.106780869779,ms
7,run,run05,"[1300,1350)",50_frame_bin_left_closed,1,wait_median_ms,7095.405433,ms
7,run,run05,"[1300,1350)",50_frame_bin_left_closed,1,wait_p95_ms,7162.065771,ms
7,run,run05,"[1350,1400)",50_frame_bin_left_closed,1,frame_count,445,frames
7,run,run05,"[1350,1400)",50_frame_bin_left_closed,1,wait_mean_ms,7041.833907880899,ms
7,run,run05,"[1350,1400)",50_frame_bin_left_closed,1,wait_median_ms,7041.196425,ms
7,run,run05,"[1350,1400)",50_frame_bin_left_closed,1,wait_p95_ms,7120.2053,ms
7,run,run05,"[1400,1450)",50_frame_bin_left_closed,1,frame_count,437,frames
7,run,run05,"[1400,1450)",50_frame_bin_left_closed,1,wait_mean_ms,6873.659939457665,ms
7,run,run05,"[1400,1450)",50_frame_bin_left_closed,1,wait_median_ms,6874.356067,ms
7,run,run05,"[1400,1450)",50_frame_bin_left_closed,1,wait_p95_ms,6951.8004082,ms
7,run,run05,"[1450,1500)",50_frame_bin_left_closed,1,frame_count,480,frames
7,run,run05,"[1450,1500)",50_frame_bin_left_closed,1,wait_mean_ms,6697.4697474375,ms
7,run,run05,"[1450,1500)",50_frame_bin_left_closed,1,wait_median_ms,6695.423617,ms
7,run,run05,"[1450,1500)",50_frame_bin_left_closed,1,wait_p95_ms,6780.36106395,ms
7,run,run05,"[1500,1550)",50_frame_bin_left_closed,1,frame_count,51,frames
7,run,run05,"[1500,1550)",50_frame_bin_left_closed,1,wait_mean_ms,6628.4606324509805,ms
7,run,run05,"[1500,1550)",50_frame_bin_left_closed,1,wait_median_ms,6630.277142,ms
7,run,run05,"[1500,1550)",50_frame_bin_left_closed,1,wait_p95_ms,6646.6721385,ms
7,run,run05,ALL,all_depths_within_run,1,Pearson,0.9931130452217994,correlation
7,run,run05,ALL,all_depths_within_run,1,Spearman,0.9905129103319645,correlation
5,mean,ALL,0,exact_depth,5,frame_count,3499.0,frames
5,sample_sd,ALL,0,exact_depth,5,frame_count,11.916375287812984,frames
5,min,ALL,0,exact_depth,5,frame_count,3486.0,frames
5,max,ALL,0,exact_depth,5,frame_count,3514.0,frames
5,mean,ALL,0,exact_depth,5,wait_mean_ms,1.886505517148257,ms
5,sample_sd,ALL,0,exact_depth,5,wait_mean_ms,0.07015883970366825,ms
5,min,ALL,0,exact_depth,5,wait_mean_ms,1.7672472214572577,ms
5,max,ALL,0,exact_depth,5,wait_mean_ms,1.9443637951052932,ms
5,mean,ALL,0,exact_depth,5,wait_median_ms,0.33873119999999995,ms
5,sample_sd,ALL,0,exact_depth,5,wait_median_ms,0.0772155729885494,ms
5,min,ALL,0,exact_depth,5,wait_median_ms,0.2812595,ms
5,max,ALL,0,exact_depth,5,wait_median_ms,0.4746925,ms
5,mean,ALL,0,exact_depth,5,wait_p95_ms,4.50576364,ms
5,sample_sd,ALL,0,exact_depth,5,wait_p95_ms,0.03260534300546855,ms
5,min,ALL,0,exact_depth,5,wait_p95_ms,4.45044275,ms
5,max,ALL,0,exact_depth,5,wait_p95_ms,4.53555625,ms
5,mean,ALL,1,exact_depth,5,frame_count,1829.2,frames
5,sample_sd,ALL,1,exact_depth,5,frame_count,30.540137524248316,frames
5,min,ALL,1,exact_depth,5,frame_count,1806.0,frames
5,max,ALL,1,exact_depth,5,frame_count,1882.0,frames
5,mean,ALL,1,exact_depth,5,wait_mean_ms,7.434455335553084,ms
5,sample_sd,ALL,1,exact_depth,5,wait_mean_ms,0.2524853835419684,ms
5,min,ALL,1,exact_depth,5,wait_mean_ms,6.987335741764081,ms
5,max,ALL,1,exact_depth,5,wait_mean_ms,7.602472181616832,ms
5,mean,ALL,1,exact_depth,5,wait_median_ms,7.4822836,ms
5,sample_sd,ALL,1,exact_depth,5,wait_median_ms,0.26229051975467016,ms
5,min,ALL,1,exact_depth,5,wait_median_ms,7.0273125,ms
5,max,ALL,1,exact_depth,5,wait_median_ms,7.679047,ms
5,mean,ALL,1,exact_depth,5,wait_p95_ms,8.84906214,ms
5,sample_sd,ALL,1,exact_depth,5,wait_p95_ms,0.10250660768595198,ms
5,min,ALL,1,exact_depth,5,wait_p95_ms,8.759144,ms
5,max,ALL,1,exact_depth,5,wait_p95_ms,9.015962149999998,ms
5,mean,ALL,10,exact_depth,5,frame_count,5.8,frames
5,sample_sd,ALL,10,exact_depth,5,frame_count,1.9235384061671346,frames
5,min,ALL,10,exact_depth,5,frame_count,4.0,frames
5,max,ALL,10,exact_depth,5,frame_count,9.0,frames
5,mean,ALL,10,exact_depth,5,wait_mean_ms,64.66571490555555,ms
5,sample_sd,ALL,10,exact_depth,5,wait_mean_ms,5.9214406694491935,ms
5,min,ALL,10,exact_depth,5,wait_mean_ms,60.974746777777774,ms
5,max,ALL,10,exact_depth,5,wait_mean_ms,75.04957359999999,ms
5,mean,ALL,10,exact_depth,5,wait_median_ms,57.9836947,ms
5,sample_sd,ALL,10,exact_depth,5,wait_median_ms,2.6903451159594205,ms
5,min,ALL,10,exact_depth,5,wait_median_ms,53.9036785,ms
5,max,ALL,10,exact_depth,5,wait_median_ms,61.249039,ms
5,mean,ALL,10,exact_depth,5,wait_p95_ms,84.53885690999999,ms
5,sample_sd,ALL,10,exact_depth,5,wait_p95_ms,12.075845089541483,ms
5,min,ALL,10,exact_depth,5,wait_p95_ms,76.755881,ms
5,max,ALL,10,exact_depth,5,wait_p95_ms,105.7628332,ms
5,mean,ALL,11,exact_depth,5,frame_count,5.8,frames
5,sample_sd,ALL,11,exact_depth,5,frame_count,2.1679483388678804,frames
5,min,ALL,11,exact_depth,5,frame_count,3.0,frames
5,max,ALL,11,exact_depth,5,frame_count,9.0,frames
5,mean,ALL,11,exact_depth,5,wait_mean_ms,68.5867245488889,ms
5,sample_sd,ALL,11,exact_depth,5,wait_mean_ms,4.401667748434706,ms
5,min,ALL,11,exact_depth,5,wait_mean_ms,63.806655444444445,ms
5,max,ALL,11,exact_depth,5,wait_mean_ms,74.88081766666667,ms
5,mean,ALL,11,exact_depth,5,wait_median_ms,63.0782027,ms
5,sample_sd,ALL,11,exact_depth,5,wait_median_ms,2.999473700572768,ms
5,min,ALL,11,exact_depth,5,wait_median_ms,59.316036,ms
5,max,ALL,11,exact_depth,5,wait_median_ms,66.3429305,ms
5,mean,ALL,11,exact_depth,5,wait_p95_ms,85.82154478,ms
5,sample_sd,ALL,11,exact_depth,5,wait_p95_ms,10.656266503648519,ms
5,min,ALL,11,exact_depth,5,wait_p95_ms,76.25350825,ms
5,max,ALL,11,exact_depth,5,wait_p95_ms,103.5388688,ms
5,mean,ALL,12,exact_depth,5,frame_count,5.0,frames
5,sample_sd,ALL,12,exact_depth,5,frame_count,1.7320508075688772,frames
5,min,ALL,12,exact_depth,5,frame_count,4.0,frames
5,max,ALL,12,exact_depth,5,frame_count,8.0,frames
5,mean,ALL,12,exact_depth,5,wait_mean_ms,75.07850505500001,ms
5,sample_sd,ALL,12,exact_depth,5,wait_mean_ms,2.2827499202083157,ms
5,min,ALL,12,exact_depth,5,wait_mean_ms,71.961957,ms
5,max,ALL,12,exact_depth,5,wait_mean_ms,77.64891925,ms
5,mean,ALL,12,exact_depth,5,wait_median_ms,69.7765083,ms
5,sample_sd,ALL,12,exact_depth,5,wait_median_ms,1.849173655756965,ms
5,min,ALL,12,exact_depth,5,wait_median_ms,66.847051,ms
5,max,ALL,12,exact_depth,5,wait_median_ms,71.8177755,ms
5,mean,ALL,12,exact_depth,5,wait_p95_ms,91.69363253,ms
5,sample_sd,ALL,12,exact_depth,5,wait_p95_ms,10.496002123584702,ms
5,min,ALL,12,exact_depth,5,wait_p95_ms,81.0802006,ms
5,max,ALL,12,exact_depth,5,wait_p95_ms,106.69780189999999,ms
5,mean,ALL,13,exact_depth,5,frame_count,3.6,frames
5,sample_sd,ALL,13,exact_depth,5,frame_count,0.8944271909999159,frames
5,min,ALL,13,exact_depth,5,frame_count,3.0,frames
5,max,ALL,13,exact_depth,5,frame_count,5.0,frames
5,mean,ALL,13,exact_depth,5,wait_mean_ms,79.47665049333334,ms
5,sample_sd,ALL,13,exact_depth,5,wait_mean_ms,4.458993226301381,ms
5,min,ALL,13,exact_depth,5,wait_mean_ms,74.96172133333333,ms
5,max,ALL,13,exact_depth,5,wait_mean_ms,85.24709279999999,ms
5,mean,ALL,13,exact_depth,5,wait_median_ms,71.9771776,ms
5,sample_sd,ALL,13,exact_depth,5,wait_median_ms,3.701685816907859,ms
5,min,ALL,13,exact_depth,5,wait_median_ms,67.392109,ms
5,max,ALL,13,exact_depth,5,wait_median_ms,77.218297,ms
5,mean,ALL,13,exact_depth,5,wait_p95_ms,96.21001734000001,ms
5,sample_sd,ALL,13,exact_depth,5,wait_p95_ms,12.061538079838535,ms
5,min,ALL,13,exact_depth,5,wait_p95_ms,85.4794485,ms
5,max,ALL,13,exact_depth,5,wait_p95_ms,116.0649128,ms
5,mean,ALL,14,exact_depth,5,frame_count,5.2,frames
5,sample_sd,ALL,14,exact_depth,5,frame_count,1.4832396974191326,frames
5,min,ALL,14,exact_depth,5,frame_count,3.0,frames
5,max,ALL,14,exact_depth,5,frame_count,7.0,frames
5,mean,ALL,14,exact_depth,5,wait_mean_ms,82.33445809238097,ms
5,sample_sd,ALL,14,exact_depth,5,wait_mean_ms,4.681133471049369,ms
5,min,ALL,14,exact_depth,5,wait_mean_ms,78.48881216666668,ms
5,max,ALL,14,exact_depth,5,wait_mean_ms,90.26720566666667,ms
5,mean,ALL,14,exact_depth,5,wait_median_ms,79.7641218,ms
5,sample_sd,ALL,14,exact_depth,5,wait_median_ms,9.570391555360352,ms
5,min,ALL,14,exact_depth,5,wait_median_ms,73.509169,ms
5,max,ALL,14,exact_depth,5,wait_median_ms,96.672673,ms
5,mean,ALL,14,exact_depth,5,wait_p95_ms,97.10832049000001,ms
5,sample_sd,ALL,14,exact_depth,5,wait_p95_ms,7.623818680141978,ms
5,min,ALL,14,exact_depth,5,wait_p95_ms,87.61503775,ms
5,max,ALL,14,exact_depth,5,wait_p95_ms,108.26679859999999,ms
5,mean,ALL,15,exact_depth,5,frame_count,5.4,frames
5,sample_sd,ALL,15,exact_depth,5,frame_count,1.6733200530681511,frames
5,min,ALL,15,exact_depth,5,frame_count,4.0,frames
5,max,ALL,15,exact_depth,5,frame_count,8.0,frames
5,mean,ALL,15,exact_depth,5,wait_mean_ms,83.51776791500001,ms
5,sample_sd,ALL,15,exact_depth,5,wait_mean_ms,1.6843552030989937,ms
5,min,ALL,15,exact_depth,5,wait_mean_ms,81.85090720000001,ms
5,max,ALL,15,exact_depth,5,wait_mean_ms,85.759159125,ms
5,mean,ALL,15,exact_depth,5,wait_median_ms,79.6736314,ms
5,sample_sd,ALL,15,exact_depth,5,wait_median_ms,1.790710013149719,ms
5,min,ALL,15,exact_depth,5,wait_median_ms,77.6948485,ms
5,max,ALL,15,exact_depth,5,wait_median_ms,82.3348625,ms
5,mean,ALL,15,exact_depth,5,wait_p95_ms,99.48718956999998,ms
5,sample_sd,ALL,15,exact_depth,5,wait_p95_ms,8.506806063957676,ms
5,min,ALL,15,exact_depth,5,wait_p95_ms,90.41026439999999,ms
5,max,ALL,15,exact_depth,5,wait_p95_ms,111.46813075,ms
5,mean,ALL,16,exact_depth,5,frame_count,4.0,frames
5,sample_sd,ALL,16,exact_depth,5,frame_count,1.0,frames
5,min,ALL,16,exact_depth,5,frame_count,3.0,frames
5,max,ALL,16,exact_depth,5,frame_count,5.0,frames
5,mean,ALL,16,exact_depth,5,wait_mean_ms,89.39658810333333,ms
5,sample_sd,ALL,16,exact_depth,5,wait_mean_ms,4.502029529732864,ms
5,min,ALL,16,exact_depth,5,wait_mean_ms,84.7278748,ms
5,max,ALL,16,exact_depth,5,wait_mean_ms,96.36815666666668,ms
5,mean,ALL,16,exact_depth,5,wait_median_ms,85.7753559,ms
5,sample_sd,ALL,16,exact_depth,5,wait_median_ms,4.527329537892902,ms
5,min,ALL,16,exact_depth,5,wait_median_ms,82.642865,ms
5,max,ALL,16,exact_depth,5,wait_median_ms,93.047197,ms
5,mean,ALL,16,exact_depth,5,wait_p95_ms,102.98082718999999,ms
5,sample_sd,ALL,16,exact_depth,5,wait_p95_ms,8.160629804120331,ms
5,min,ALL,16,exact_depth,5,wait_p95_ms,96.497931,ms
5,max,ALL,16,exact_depth,5,wait_p95_ms,116.44686689999999,ms
5,mean,ALL,17,exact_depth,5,frame_count,5.0,frames
5,sample_sd,ALL,17,exact_depth,5,frame_count,1.4142135623730951,frames
5,min,ALL,17,exact_depth,5,frame_count,4.0,frames
5,max,ALL,17,exact_depth,5,frame_count,7.0,frames
5,mean,ALL,17,exact_depth,5,wait_mean_ms,93.54000323095238,ms
5,sample_sd,ALL,17,exact_depth,5,wait_mean_ms,2.4998221793851982,ms
5,min,ALL,17,exact_depth,5,wait_mean_ms,90.72565075,ms
5,max,ALL,17,exact_depth,5,wait_mean_ms,97.1577345,ms
5,mean,ALL,17,exact_depth,5,wait_median_ms,89.58397939999999,ms
5,sample_sd,ALL,17,exact_depth,5,wait_median_ms,2.36823268569036,ms
5,min,ALL,17,exact_depth,5,wait_median_ms,86.084814,ms
5,max,ALL,17,exact_depth,5,wait_median_ms,92.524047,ms
5,mean,ALL,17,exact_depth,5,wait_p95_ms,106.60463239999999,ms
5,sample_sd,ALL,17,exact_depth,5,wait_p95_ms,8.060619621144376,ms
5,min,ALL,17,exact_depth,5,wait_p95_ms,98.50323709999999,ms
5,max,ALL,17,exact_depth,5,wait_p95_ms,118.17392804999999,ms
5,mean,ALL,18,exact_depth,5,frame_count,5.2,frames
5,sample_sd,ALL,18,exact_depth,5,frame_count,0.44721359549995787,frames
5,min,ALL,18,exact_depth,5,frame_count,5.0,frames
5,max,ALL,18,exact_depth,5,frame_count,6.0,frames
5,mean,ALL,18,exact_depth,5,wait_mean_ms,99.9480118,ms
5,sample_sd,ALL,18,exact_depth,5,wait_mean_ms,4.547802762805176,ms
5,min,ALL,18,exact_depth,5,wait_mean_ms,95.26593079999999,ms
5,max,ALL,18,exact_depth,5,wait_mean_ms,106.3797878,ms
5,mean,ALL,18,exact_depth,5,wait_median_ms,97.42116800000001,ms
5,sample_sd,ALL,18,exact_depth,5,wait_median_ms,4.985010034782879,ms
5,min,ALL,18,exact_depth,5,wait_median_ms,92.800199,ms
5,max,ALL,18,exact_depth,5,wait_median_ms,105.804777,ms
5,mean,ALL,18,exact_depth,5,wait_p95_ms,109.36952896,ms
5,sample_sd,ALL,18,exact_depth,5,wait_p95_ms,7.537606555323063,ms
5,min,ALL,18,exact_depth,5,wait_p95_ms,103.4777216,ms
5,max,ALL,18,exact_depth,5,wait_p95_ms,121.3890974,ms
5,mean,ALL,19,exact_depth,5,frame_count,5.4,frames
5,sample_sd,ALL,19,exact_depth,5,frame_count,0.5477225575051662,frames
5,min,ALL,19,exact_depth,5,frame_count,5.0,frames
5,max,ALL,19,exact_depth,5,frame_count,6.0,frames
5,mean,ALL,19,exact_depth,5,wait_mean_ms,105.88562981999999,ms
5,sample_sd,ALL,19,exact_depth,5,wait_mean_ms,5.375674719982175,ms
5,min,ALL,19,exact_depth,5,wait_mean_ms,100.4592402,ms
5,max,ALL,19,exact_depth,5,wait_mean_ms,112.0412746,ms
5,mean,ALL,19,exact_depth,5,wait_median_ms,102.6967331,ms
5,sample_sd,ALL,19,exact_depth,5,wait_median_ms,5.226153123520928,ms
5,min,ALL,19,exact_depth,5,wait_median_ms,97.818599,ms
5,max,ALL,19,exact_depth,5,wait_median_ms,111.619961,ms
5,mean,ALL,19,exact_depth,5,wait_p95_ms,114.22330700999998,ms
5,sample_sd,ALL,19,exact_depth,5,wait_p95_ms,10.255958913440033,ms
5,min,ALL,19,exact_depth,5,wait_p95_ms,106.9998456,ms
5,max,ALL,19,exact_depth,5,wait_p95_ms,131.3705394,ms
5,mean,ALL,2,exact_depth,5,frame_count,1948.4,frames
5,sample_sd,ALL,2,exact_depth,5,frame_count,294.73767998001205,frames
5,min,ALL,2,exact_depth,5,frame_count,1784.0,frames
5,max,ALL,2,exact_depth,5,frame_count,2471.0,frames
5,mean,ALL,2,exact_depth,5,wait_mean_ms,11.73400197579627,ms
5,sample_sd,ALL,2,exact_depth,5,wait_mean_ms,0.13114313823726695,ms
5,min,ALL,2,exact_depth,5,wait_mean_ms,11.50578850222582,ms
5,max,ALL,2,exact_depth,5,wait_mean_ms,11.832494829035875,ms
5,mean,ALL,2,exact_depth,5,wait_median_ms,11.726874200000001,ms
5,sample_sd,ALL,2,exact_depth,5,wait_median_ms,0.0565165668063358,ms
5,min,ALL,2,exact_depth,5,wait_median_ms,11.666874,ms
5,max,ALL,2,exact_depth,5,wait_median_ms,11.808451,ms
5,mean,ALL,2,exact_depth,5,wait_p95_ms,13.125799409999999,ms
5,sample_sd,ALL,2,exact_depth,5,wait_p95_ms,0.30901078980399405,ms
5,min,ALL,2,exact_depth,5,wait_p95_ms,12.911830799999999,ms
5,max,ALL,2,exact_depth,5,wait_p95_ms,13.6566025,ms
5,mean,ALL,20,exact_depth,5,frame_count,4.8,frames
5,sample_sd,ALL,20,exact_depth,5,frame_count,1.4832396974191326,frames
5,min,ALL,20,exact_depth,5,frame_count,3.0,frames
5,max,ALL,20,exact_depth,5,frame_count,7.0,frames
5,mean,ALL,20,exact_depth,5,wait_mean_ms,108.64491062952379,ms
5,sample_sd,ALL,20,exact_depth,5,wait_mean_ms,3.3611424276301634,ms
5,min,ALL,20,exact_depth,5,wait_mean_ms,104.6845276,ms
5,max,ALL,20,exact_depth,5,wait_mean_ms,113.20860333333333,ms
5,mean,ALL,20,exact_depth,5,wait_median_ms,106.66838390000001,ms
5,sample_sd,ALL,20,exact_depth,5,wait_median_ms,4.724847703807317,ms
5,min,ALL,20,exact_depth,5,wait_median_ms,102.343423,ms
5,max,ALL,20,exact_depth,5,wait_median_ms,113.69649,ms
5,mean,ALL,20,exact_depth,5,wait_p95_ms,115.98672008999999,ms
5,sample_sd,ALL,20,exact_depth,5,wait_p95_ms,7.0561367542092315,ms
5,min,ALL,20,exact_depth,5,wait_p95_ms,110.0782465,ms
5,max,ALL,20,exact_depth,5,wait_p95_ms,127.32456255,ms
5,mean,ALL,21,exact_depth,5,frame_count,4.8,frames
5,sample_sd,ALL,21,exact_depth,5,frame_count,2.3874672772626644,frames
5,min,ALL,21,exact_depth,5,frame_count,3.0,frames
5,max,ALL,21,exact_depth,5,frame_count,9.0,frames
5,mean,ALL,21,exact_depth,5,wait_mean_ms,113.41386785,ms
5,sample_sd,ALL,21,exact_depth,5,wait_mean_ms,2.029844961275954,ms
5,min,ALL,21,exact_depth,5,wait_mean_ms,110.20791733333333,ms
5,max,ALL,21,exact_depth,5,wait_mean_ms,115.51384425,ms
5,mean,ALL,21,exact_depth,5,wait_median_ms,112.76190940000001,ms
5,sample_sd,ALL,21,exact_depth,5,wait_median_ms,2.088907552525223,ms
5,min,ALL,21,exact_depth,5,wait_median_ms,110.1654025,ms
5,max,ALL,21,exact_depth,5,wait_median_ms,115.150201,ms
5,mean,ALL,21,exact_depth,5,wait_p95_ms,119.59913159,ms
5,sample_sd,ALL,21,exact_depth,5,wait_p95_ms,6.6954447858433035,ms
5,min,ALL,21,exact_depth,5,wait_p95_ms,114.628805,ms
5,max,ALL,21,exact_depth,5,wait_p95_ms,130.87911755,ms
5,mean,ALL,22,exact_depth,5,frame_count,4.4,frames
5,sample_sd,ALL,22,exact_depth,5,frame_count,0.8944271909999159,frames
5,min,ALL,22,exact_depth,5,frame_count,4.0,frames
5,max,ALL,22,exact_depth,5,frame_count,6.0,frames
5,mean,ALL,22,exact_depth,5,wait_mean_ms,117.02792906666666,ms
5,sample_sd,ALL,22,exact_depth,5,wait_mean_ms,1.17714254681547,ms
5,min,ALL,22,exact_depth,5,wait_mean_ms,115.24457125,ms
5,max,ALL,22,exact_depth,5,wait_mean_ms,118.211289,ms
5,mean,ALL,22,exact_depth,5,wait_median_ms,116.3339786,ms
5,sample_sd,ALL,22,exact_depth,5,wait_median_ms,3.169063777633514,ms
5,min,ALL,22,exact_depth,5,wait_median_ms,111.878317,ms
5,max,ALL,22,exact_depth,5,wait_median_ms,120.082145,ms
5,mean,ALL,22,exact_depth,5,wait_p95_ms,123.33072565999998,ms
5,sample_sd,ALL,22,exact_depth,5,wait_p95_ms,5.921709237942156,ms
5,min,ALL,22,exact_depth,5,wait_p95_ms,117.23151265,ms
5,max,ALL,22,exact_depth,5,wait_p95_ms,133.11383055,ms
5,mean,ALL,23,exact_depth,5,frame_count,4.0,frames
5,sample_sd,ALL,23,exact_depth,5,frame_count,1.224744871391589,frames
5,min,ALL,23,exact_depth,5,frame_count,2.0,frames
5,max,ALL,23,exact_depth,5,frame_count,5.0,frames
5,mean,ALL,23,exact_depth,5,wait_mean_ms,122.98023363000001,ms
5,sample_sd,ALL,23,exact_depth,5,wait_mean_ms,2.7006924734865105,ms
5,min,ALL,23,exact_depth,5,wait_mean_ms,120.1362545,ms
5,max,ALL,23,exact_depth,5,wait_mean_ms,127.098225,ms
5,mean,ALL,23,exact_depth,5,wait_median_ms,121.74706310000002,ms
5,sample_sd,ALL,23,exact_depth,5,wait_median_ms,2.6671198123125115,ms
5,min,ALL,23,exact_depth,5,wait_median_ms,118.625694,ms
5,max,ALL,23,exact_depth,5,wait_median_ms,124.9471595,ms
5,mean,ALL,23,exact_depth,5,wait_p95_ms,129.30403206,ms
5,sample_sd,ALL,23,exact_depth,5,wait_p95_ms,7.904792070983,ms
5,min,ALL,23,exact_depth,5,wait_p95_ms,120.65265245,ms
5,max,ALL,23,exact_depth,5,wait_p95_ms,141.97876159999998,ms
5,mean,ALL,24,exact_depth,5,frame_count,3.8,frames
5,sample_sd,ALL,24,exact_depth,5,frame_count,0.44721359549995787,frames
5,min,ALL,24,exact_depth,5,frame_count,3.0,frames
5,max,ALL,24,exact_depth,5,frame_count,4.0,frames
5,mean,ALL,24,exact_depth,5,wait_mean_ms,124.61417998333334,ms
5,sample_sd,ALL,24,exact_depth,5,wait_mean_ms,3.12164723666669,ms
5,min,ALL,24,exact_depth,5,wait_mean_ms,121.0883205,ms
5,max,ALL,24,exact_depth,5,wait_mean_ms,129.1856815,ms
5,mean,ALL,24,exact_depth,5,wait_median_ms,123.560367,ms
5,sample_sd,ALL,24,exact_depth,5,wait_median_ms,4.018621450158937,ms
5,min,ALL,24,exact_depth,5,wait_median_ms,120.3938235,ms
5,max,ALL,24,exact_depth,5,wait_median_ms,129.8030095,ms
5,mean,ALL,24,exact_depth,5,wait_p95_ms,129.90053231,ms
5,sample_sd,ALL,24,exact_depth,5,wait_p95_ms,5.3733931535782276,ms
5,min,ALL,24,exact_depth,5,wait_p95_ms,124.51678285,ms
5,max,ALL,24,exact_depth,5,wait_p95_ms,138.11747354999997,ms
5,mean,ALL,25,exact_depth,5,frame_count,4.4,frames
5,sample_sd,ALL,25,exact_depth,5,frame_count,0.5477225575051661,frames
5,min,ALL,25,exact_depth,5,frame_count,4.0,frames
5,max,ALL,25,exact_depth,5,frame_count,5.0,frames
5,mean,ALL,25,exact_depth,5,wait_mean_ms,129.10135153000002,ms
5,sample_sd,ALL,25,exact_depth,5,wait_mean_ms,4.196184511820007,ms
5,min,ALL,25,exact_depth,5,wait_mean_ms,125.8719865,ms
5,max,ALL,25,exact_depth,5,wait_mean_ms,134.995882,ms
5,mean,ALL,25,exact_depth,5,wait_median_ms,128.7763074,ms
5,sample_sd,ALL,25,exact_depth,5,wait_median_ms,3.6272298249938135,ms
5,min,ALL,25,exact_depth,5,wait_median_ms,126.0616525,ms
5,max,ALL,25,exact_depth,5,wait_median_ms,134.99486,ms
5,mean,ALL,25,exact_depth,5,wait_p95_ms,133.6093695,ms
5,sample_sd,ALL,25,exact_depth,5,wait_p95_ms,5.959595520138808,ms
5,min,ALL,25,exact_depth,5,wait_p95_ms,129.2195441,ms
5,max,ALL,25,exact_depth,5,wait_p95_ms,142.1592369,ms
5,mean,ALL,26,exact_depth,5,frame_count,4.2,frames
5,sample_sd,ALL,26,exact_depth,5,frame_count,1.6431676725154984,frames
5,min,ALL,26,exact_depth,5,frame_count,3.0,frames
5,max,ALL,26,exact_depth,5,frame_count,7.0,frames
5,mean,ALL,26,exact_depth,5,wait_mean_ms,133.89022403333334,ms
5,sample_sd,ALL,26,exact_depth,5,wait_mean_ms,3.382623656645597,ms
5,min,ALL,26,exact_depth,5,wait_mean_ms,130.621706,ms
5,max,ALL,26,exact_depth,5,wait_mean_ms,137.904986,ms
5,mean,ALL,26,exact_depth,5,wait_median_ms,132.9574919,ms
5,sample_sd,ALL,26,exact_depth,5,wait_median_ms,2.7096268663779663,ms
5,min,ALL,26,exact_depth,5,wait_median_ms,130.1891865,ms
5,max,ALL,26,exact_depth,5,wait_median_ms,137.398429,ms
5,mean,ALL,26,exact_depth,5,wait_p95_ms,137.63029806999998,ms
5,sample_sd,ALL,26,exact_depth,5,wait_p95_ms,6.2336592673815865,ms
5,min,ALL,26,exact_depth,5,wait_p95_ms,133.11720605,ms
5,max,ALL,26,exact_depth,5,wait_p95_ms,147.1616699,ms
5,mean,ALL,27,exact_depth,5,frame_count,4.4,frames
5,sample_sd,ALL,27,exact_depth,5,frame_count,1.1401754250991378,frames
5,min,ALL,27,exact_depth,5,frame_count,3.0,frames
5,max,ALL,27,exact_depth,5,frame_count,6.0,frames
5,mean,ALL,27,exact_depth,5,wait_mean_ms,137.76334846666668,ms
5,sample_sd,ALL,27,exact_depth,5,wait_mean_ms,3.700440720571081,ms
5,min,ALL,27,exact_depth,5,wait_mean_ms,133.64864,ms
5,max,ALL,27,exact_depth,5,wait_mean_ms,142.03062133333336,ms
5,mean,ALL,27,exact_depth,5,wait_median_ms,136.27614480000003,ms
5,sample_sd,ALL,27,exact_depth,5,wait_median_ms,2.674468388662914,ms
5,min,ALL,27,exact_depth,5,wait_median_ms,133.08349,ms
5,max,ALL,27,exact_depth,5,wait_median_ms,140.364797,ms
5,mean,ALL,27,exact_depth,5,wait_p95_ms,142.16021797,ms
5,sample_sd,ALL,27,exact_depth,5,wait_p95_ms,6.88855929717566,ms
5,min,ALL,27,exact_depth,5,wait_p95_ms,136.0319212,ms
5,max,ALL,27,exact_depth,5,wait_p95_ms,152.9677535,ms
5,mean,ALL,28,exact_depth,5,frame_count,4.0,frames
5,sample_sd,ALL,28,exact_depth,5,frame_count,1.4142135623730951,frames
5,min,ALL,28,exact_depth,5,frame_count,2.0,frames
5,max,ALL,28,exact_depth,5,frame_count,6.0,frames
5,mean,ALL,28,exact_depth,5,wait_mean_ms,140.2525259666667,ms
5,sample_sd,ALL,28,exact_depth,5,wait_mean_ms,4.40688670816578,ms
5,min,ALL,28,exact_depth,5,wait_mean_ms,136.31591383333335,ms
5,max,ALL,28,exact_depth,5,wait_mean_ms,145.6940165,ms
5,mean,ALL,28,exact_depth,5,wait_median_ms,139.7205869,ms
5,sample_sd,ALL,28,exact_depth,5,wait_median_ms,4.268135610574751,ms
5,min,ALL,28,exact_depth,5,wait_median_ms,135.9081535,ms
5,max,ALL,28,exact_depth,5,wait_median_ms,145.6940165,ms
5,mean,ALL,28,exact_depth,5,wait_p95_ms,144.23202733,ms
5,sample_sd,ALL,28,exact_depth,5,wait_p95_ms,5.058075826136265,ms
5,min,ALL,28,exact_depth,5,wait_p95_ms,139.8667225,ms
5,max,ALL,28,exact_depth,5,wait_p95_ms,151.33595455000003,ms
5,mean,ALL,29,exact_depth,5,frame_count,4.2,frames
5,sample_sd,ALL,29,exact_depth,5,frame_count,1.7888543819998317,frames
5,min,ALL,29,exact_depth,5,frame_count,1.0,frames
5,max,ALL,29,exact_depth,5,frame_count,5.0,frames
5,mean,ALL,29,exact_depth,5,wait_mean_ms,144.390913,ms
5,sample_sd,ALL,29,exact_depth,5,wait_mean_ms,4.227482417853287,ms
5,min,ALL,29,exact_depth,5,wait_mean_ms,140.17540580000002,ms
5,max,ALL,29,exact_depth,5,wait_mean_ms,149.913998,ms
5,mean,ALL,29,exact_depth,5,wait_median_ms,144.429705,ms
5,sample_sd,ALL,29,exact_depth,5,wait_median_ms,3.9927170143979023,ms
5,min,ALL,29,exact_depth,5,wait_median_ms,140.078722,ms
5,max,ALL,29,exact_depth,5,wait_median_ms,149.426175,ms
5,mean,ALL,29,exact_depth,5,wait_p95_ms,147.25327836000002,ms
5,sample_sd,ALL,29,exact_depth,5,wait_p95_ms,5.43158010923767,ms
5,min,ALL,29,exact_depth,5,wait_p95_ms,143.399355,ms
5,max,ALL,29,exact_depth,5,wait_p95_ms,156.4585696,ms
5,mean,ALL,3,exact_depth,5,frame_count,1589.0,frames
5,sample_sd,ALL,3,exact_depth,5,frame_count,317.69403519738927,frames
5,min,ALL,3,exact_depth,5,frame_count,1026.0,frames
5,max,ALL,3,exact_depth,5,frame_count,1765.0,frames
5,mean,ALL,3,exact_depth,5,wait_mean_ms,15.767048615250697,ms
5,sample_sd,ALL,3,exact_depth,5,wait_mean_ms,0.3253612874240879,ms
5,min,ALL,3,exact_depth,5,wait_mean_ms,15.192265849902535,ms
5,max,ALL,3,exact_depth,5,wait_mean_ms,15.962916819059107,ms
5,mean,ALL,3,exact_depth,5,wait_median_ms,15.7050657,ms
5,sample_sd,ALL,3,exact_depth,5,wait_median_ms,0.31201096207617474,ms
5,min,ALL,3,exact_depth,5,wait_median_ms,15.1566555,ms
5,max,ALL,3,exact_depth,5,wait_median_ms,15.931706,ms
5,mean,ALL,3,exact_depth,5,wait_p95_ms,16.91346109,ms
5,sample_sd,ALL,3,exact_depth,5,wait_p95_ms,0.07950903348398881,ms
5,min,ALL,3,exact_depth,5,wait_p95_ms,16.805083,ms
5,max,ALL,3,exact_depth,5,wait_p95_ms,17.01430235,ms
5,mean,ALL,30,exact_depth,4,frame_count,4.0,frames
5,sample_sd,ALL,30,exact_depth,4,frame_count,0.816496580927726,frames
5,min,ALL,30,exact_depth,4,frame_count,3.0,frames
5,max,ALL,30,exact_depth,4,frame_count,5.0,frames
5,mean,ALL,30,exact_depth,4,wait_mean_ms,147.14628290416667,ms
5,sample_sd,ALL,30,exact_depth,4,wait_mean_ms,3.220840817996518,ms
5,min,ALL,30,exact_depth,4,wait_mean_ms,145.10817366666666,ms
5,max,ALL,30,exact_depth,4,wait_mean_ms,151.906828,ms
5,mean,ALL,30,exact_depth,4,wait_median_ms,147.579489375,ms
5,sample_sd,ALL,30,exact_depth,4,wait_median_ms,3.315692270997049,ms
5,min,ALL,30,exact_depth,4,wait_median_ms,145.129354,ms
5,max,ALL,30,exact_depth,4,wait_median_ms,152.3378815,ms
5,mean,ALL,30,exact_depth,4,wait_p95_ms,149.015518325,ms
5,sample_sd,ALL,30,exact_depth,4,wait_p95_ms,4.098167926021688,ms
5,min,ALL,30,exact_depth,4,wait_p95_ms,145.6699153,ms
5,max,ALL,30,exact_depth,4,wait_p95_ms,154.6932397,ms
5,mean,ALL,31,exact_depth,4,frame_count,3.25,frames
5,sample_sd,ALL,31,exact_depth,4,frame_count,1.707825127659933,frames
5,min,ALL,31,exact_depth,4,frame_count,1.0,frames
5,max,ALL,31,exact_depth,4,frame_count,5.0,frames
5,mean,ALL,31,exact_depth,4,wait_mean_ms,151.03300950416664,ms
5,sample_sd,ALL,31,exact_depth,4,wait_mean_ms,4.557147668668243,ms
5,min,ALL,31,exact_depth,4,wait_mean_ms,146.898696,ms
5,max,ALL,31,exact_depth,4,wait_mean_ms,157.37628875,ms
5,mean,ALL,31,exact_depth,4,wait_median_ms,151.3974685,ms
5,sample_sd,ALL,31,exact_depth,4,wait_median_ms,4.424910953016377,ms
5,min,ALL,31,exact_depth,4,wait_median_ms,146.898696,ms
5,max,ALL,31,exact_depth,4,wait_median_ms,157.433339,ms
5,mean,ALL,31,exact_depth,4,wait_p95_ms,151.91607002499998,ms
5,sample_sd,ALL,31,exact_depth,4,wait_p95_ms,4.584699124859442,ms
5,min,ALL,31,exact_depth,4,wait_p95_ms,146.898696,ms
5,max,ALL,31,exact_depth,4,wait_p95_ms,157.80462359999999,ms
5,mean,ALL,32,exact_depth,4,frame_count,2.5,frames
5,sample_sd,ALL,32,exact_depth,4,frame_count,0.5773502691896257,frames
5,min,ALL,32,exact_depth,4,frame_count,2.0,frames
5,max,ALL,32,exact_depth,4,frame_count,3.0,frames
5,mean,ALL,32,exact_depth,4,wait_mean_ms,155.84220170833333,ms
5,sample_sd,ALL,32,exact_depth,4,wait_mean_ms,4.815812612573561,ms
5,min,ALL,32,exact_depth,4,wait_mean_ms,151.4924405,ms
5,max,ALL,32,exact_depth,4,wait_mean_ms,162.47136433333336,ms
5,mean,ALL,32,exact_depth,4,wait_median_ms,155.95632037500002,ms
5,sample_sd,ALL,32,exact_depth,4,wait_median_ms,4.751952470014578,ms
5,min,ALL,32,exact_depth,4,wait_median_ms,151.4924405,ms
5,max,ALL,32,exact_depth,4,wait_median_ms,162.2726,ms
5,mean,ALL,32,exact_depth,4,wait_p95_ms,157.0548141375,ms
5,sample_sd,ALL,32,exact_depth,4,wait_p95_ms,5.204838004241511,ms
5,min,ALL,32,exact_depth,4,wait_p95_ms,152.66665565,ms
5,max,ALL,32,exact_depth,4,wait_p95_ms,164.12305940000002,ms
5,mean,ALL,33,exact_depth,3,frame_count,2.0,frames
5,sample_sd,ALL,33,exact_depth,3,frame_count,1.0,frames
5,min,ALL,33,exact_depth,3,frame_count,1.0,frames
5,max,ALL,33,exact_depth,3,frame_count,3.0,frames
5,mean,ALL,33,exact_depth,3,wait_mean_ms,161.5773856111111,ms
5,sample_sd,ALL,33,exact_depth,3,wait_mean_ms,5.5612231434235495,ms
5,min,ALL,33,exact_depth,3,wait_mean_ms,157.932523,ms
5,max,ALL,33,exact_depth,3,wait_mean_ms,167.97840133333335,ms
5,mean,ALL,33,exact_depth,3,wait_median_ms,161.58777750000002,ms
5,sample_sd,ALL,33,exact_depth,3,wait_median_ms,5.57916505917308,ms
5,min,ALL,33,exact_depth,3,wait_median_ms,157.932523,ms
5,max,ALL,33,exact_depth,3,wait_median_ms,168.009577,ms
5,mean,ALL,33,exact_depth,3,wait_p95_ms,162.38942385000001,ms
5,sample_sd,ALL,33,exact_depth,3,wait_p95_ms,6.587367750588824,ms
5,min,ALL,33,exact_depth,3,wait_p95_ms,157.932523,ms
5,max,ALL,33,exact_depth,3,wait_p95_ms,169.9559863,ms
5,mean,ALL,34,exact_depth,2,frame_count,1.5,frames
5,sample_sd,ALL,34,exact_depth,2,frame_count,0.7071067811865476,frames
5,min,ALL,34,exact_depth,2,frame_count,1.0,frames
5,max,ALL,34,exact_depth,2,frame_count,2.0,frames
5,mean,ALL,34,exact_depth,2,wait_mean_ms,165.74069500000002,ms
5,sample_sd,ALL,34,exact_depth,2,wait_mean_ms,3.781502413982053,ms
5,min,ALL,34,exact_depth,2,wait_mean_ms,163.066769,ms
5,max,ALL,34,exact_depth,2,wait_mean_ms,168.414621,ms
5,mean,ALL,34,exact_depth,2,wait_median_ms,165.74069500000002,ms
5,sample_sd,ALL,34,exact_depth,2,wait_median_ms,3.781502413982053,ms
5,min,ALL,34,exact_depth,2,wait_median_ms,163.066769,ms
5,max,ALL,34,exact_depth,2,wait_median_ms,168.414621,ms
5,mean,ALL,34,exact_depth,2,wait_p95_ms,165.90616,ms
5,sample_sd,ALL,34,exact_depth,2,wait_p95_ms,3.547499566883992,ms
5,min,ALL,34,exact_depth,2,wait_p95_ms,163.397699,ms
5,max,ALL,34,exact_depth,2,wait_p95_ms,168.414621,ms
5,mean,ALL,35,exact_depth,1,frame_count,2.0,frames
5,min,ALL,35,exact_depth,1,frame_count,2.0,frames
5,max,ALL,35,exact_depth,1,frame_count,2.0,frames
5,mean,ALL,35,exact_depth,1,wait_mean_ms,172.1000845,ms
5,min,ALL,35,exact_depth,1,wait_mean_ms,172.1000845,ms
5,max,ALL,35,exact_depth,1,wait_mean_ms,172.1000845,ms
5,mean,ALL,35,exact_depth,1,wait_median_ms,172.1000845,ms
5,min,ALL,35,exact_depth,1,wait_median_ms,172.1000845,ms
5,max,ALL,35,exact_depth,1,wait_median_ms,172.1000845,ms
5,mean,ALL,35,exact_depth,1,wait_p95_ms,172.11584755,ms
5,min,ALL,35,exact_depth,1,wait_p95_ms,172.11584755,ms
5,max,ALL,35,exact_depth,1,wait_p95_ms,172.11584755,ms
5,mean,ALL,4,exact_depth,5,frame_count,3.8,frames
5,sample_sd,ALL,4,exact_depth,5,frame_count,0.8366600265340756,frames
5,min,ALL,4,exact_depth,5,frame_count,3.0,frames
5,max,ALL,4,exact_depth,5,frame_count,5.0,frames
5,mean,ALL,4,exact_depth,5,wait_mean_ms,32.47718435,ms
5,sample_sd,ALL,4,exact_depth,5,wait_mean_ms,2.9588521757100583,ms
5,min,ALL,4,exact_depth,5,wait_mean_ms,29.227687,ms
5,max,ALL,4,exact_depth,5,wait_mean_ms,37.309902666666666,ms
5,mean,ALL,4,exact_depth,5,wait_median_ms,21.9310792,ms
5,sample_sd,ALL,4,exact_depth,5,wait_median_ms,1.627833294544108,ms
5,min,ALL,4,exact_depth,5,wait_median_ms,20.012344,ms
5,max,ALL,4,exact_depth,5,wait_median_ms,23.6372775,ms
5,mean,ALL,4,exact_depth,5,wait_p95_ms,57.53393523999999,ms
5,sample_sd,ALL,4,exact_depth,5,wait_p95_ms,5.739152160760461,ms
5,min,ALL,4,exact_depth,5,wait_p95_ms,53.389544199999996,ms
5,max,ALL,4,exact_depth,5,wait_p95_ms,67.5029601,ms
5,mean,ALL,5,exact_depth,5,frame_count,4.6,frames
5,sample_sd,ALL,5,exact_depth,5,frame_count,1.3416407864998738,frames
5,min,ALL,5,exact_depth,5,frame_count,4.0,frames
5,max,ALL,5,exact_depth,5,frame_count,7.0,frames
5,mean,ALL,5,exact_depth,5,wait_mean_ms,36.198369542857144,ms
5,sample_sd,ALL,5,exact_depth,5,wait_mean_ms,2.6289703396195816,ms
5,min,ALL,5,exact_depth,5,wait_mean_ms,33.14666425,ms
5,max,ALL,5,exact_depth,5,wait_mean_ms,39.85718825,ms
5,mean,ALL,5,exact_depth,5,wait_median_ms,28.204985399999998,ms
5,sample_sd,ALL,5,exact_depth,5,wait_median_ms,1.7373552252476108,ms
5,min,ALL,5,exact_depth,5,wait_median_ms,26.406595,ms
5,max,ALL,5,exact_depth,5,wait_median_ms,30.4002555,ms
5,mean,ALL,5,exact_depth,5,wait_p95_ms,60.72508579999999,ms
5,sample_sd,ALL,5,exact_depth,5,wait_p95_ms,8.616408075623262,ms
5,min,ALL,5,exact_depth,5,wait_p95_ms,51.73227509999999,ms
5,max,ALL,5,exact_depth,5,wait_p95_ms,75.0746332,ms
5,mean,ALL,6,exact_depth,5,frame_count,4.6,frames
5,sample_sd,ALL,6,exact_depth,5,frame_count,1.140175425099138,frames
5,min,ALL,6,exact_depth,5,frame_count,3.0,frames
5,max,ALL,6,exact_depth,5,frame_count,6.0,frames
5,mean,ALL,6,exact_depth,5,wait_mean_ms,43.83423623333333,ms
5,sample_sd,ALL,6,exact_depth,5,wait_mean_ms,4.887932224480443,ms
5,min,ALL,6,exact_depth,5,wait_mean_ms,39.040346166666666,ms
5,max,ALL,6,exact_depth,5,wait_mean_ms,51.516565,ms
5,mean,ALL,6,exact_depth,5,wait_median_ms,34.3172906,ms
5,sample_sd,ALL,6,exact_depth,5,wait_median_ms,1.8700620236327183,ms
5,min,ALL,6,exact_depth,5,wait_median_ms,31.890008,ms
5,max,ALL,6,exact_depth,5,wait_median_ms,36.263847,ms
5,mean,ALL,6,exact_depth,5,wait_p95_ms,68.29132102,ms
5,sample_sd,ALL,6,exact_depth,5,wait_p95_ms,10.789536133186791,ms
5,min,ALL,6,exact_depth,5,wait_p95_ms,60.84612475,ms
5,max,ALL,6,exact_depth,5,wait_p95_ms,86.50410409999999,ms
5,mean,ALL,7,exact_depth,5,frame_count,5.2,frames
5,sample_sd,ALL,7,exact_depth,5,frame_count,0.8366600265340756,frames
5,min,ALL,7,exact_depth,5,frame_count,4.0,frames
5,max,ALL,7,exact_depth,5,frame_count,6.0,frames
5,mean,ALL,7,exact_depth,5,wait_mean_ms,45.59232665,ms
5,sample_sd,ALL,7,exact_depth,5,wait_mean_ms,1.7654664017542807,ms
5,min,ALL,7,exact_depth,5,wait_mean_ms,43.098214799999994,ms
5,max,ALL,7,exact_depth,5,wait_mean_ms,47.76837475,ms
5,mean,ALL,7,exact_depth,5,wait_median_ms,39.090428499999994,ms
5,sample_sd,ALL,7,exact_depth,5,wait_median_ms,0.9920090005912252,ms
5,min,ALL,7,exact_depth,5,wait_median_ms,38.099417,ms
5,max,ALL,7,exact_depth,5,wait_median_ms,40.3688415,ms
5,mean,ALL,7,exact_depth,5,wait_p95_ms,69.21213647,ms
5,sample_sd,ALL,7,exact_depth,5,wait_p95_ms,7.830795090137998,ms
5,min,ALL,7,exact_depth,5,wait_p95_ms,60.631668,ms
5,max,ALL,7,exact_depth,5,wait_p95_ms,81.47811475,ms
5,mean,ALL,8,exact_depth,5,frame_count,6.8,frames
5,sample_sd,ALL,8,exact_depth,5,frame_count,2.588435821108957,frames
5,min,ALL,8,exact_depth,5,frame_count,4.0,frames
5,max,ALL,8,exact_depth,5,frame_count,10.0,frames
5,mean,ALL,8,exact_depth,5,wait_mean_ms,51.067406391111106,ms
5,sample_sd,ALL,8,exact_depth,5,wait_mean_ms,2.818632856655411,ms
5,min,ALL,8,exact_depth,5,wait_mean_ms,46.73354633333334,ms
5,max,ALL,8,exact_depth,5,wait_mean_ms,54.45483322222223,ms
5,mean,ALL,8,exact_depth,5,wait_median_ms,44.0881458,ms
5,sample_sd,ALL,8,exact_depth,5,wait_median_ms,1.2908841495847725,ms
5,min,ALL,8,exact_depth,5,wait_median_ms,42.42536,ms
5,max,ALL,8,exact_depth,5,wait_median_ms,45.43251,ms
5,mean,ALL,8,exact_depth,5,wait_p95_ms,77.19593158,ms
5,sample_sd,ALL,8,exact_depth,5,wait_p95_ms,10.36364679295442,ms
5,min,ALL,8,exact_depth,5,wait_p95_ms,62.90217025,ms
5,max,ALL,8,exact_depth,5,wait_p95_ms,87.4597886,ms
5,mean,ALL,9,exact_depth,5,frame_count,6.0,frames
5,sample_sd,ALL,9,exact_depth,5,frame_count,1.4142135623730951,frames
5,min,ALL,9,exact_depth,5,frame_count,5.0,frames
5,max,ALL,9,exact_depth,5,frame_count,8.0,frames
5,mean,ALL,9,exact_depth,5,wait_mean_ms,57.48374452285714,ms
5,sample_sd,ALL,9,exact_depth,5,wait_mean_ms,2.733276574971143,ms
5,min,ALL,9,exact_depth,5,wait_mean_ms,53.956801,ms
5,max,ALL,9,exact_depth,5,wait_mean_ms,60.906781,ms
5,mean,ALL,9,exact_depth,5,wait_median_ms,51.6816507,ms
5,sample_sd,ALL,9,exact_depth,5,wait_median_ms,1.5328291783322434,ms
5,min,ALL,9,exact_depth,5,wait_median_ms,49.808472,ms
5,max,ALL,9,exact_depth,5,wait_median_ms,53.5350845,ms
5,mean,ALL,9,exact_depth,5,wait_p95_ms,78.35806045999999,ms
5,sample_sd,ALL,9,exact_depth,5,wait_p95_ms,9.448925777564519,ms
5,min,ALL,9,exact_depth,5,wait_p95_ms,67.71835739999999,ms
5,max,ALL,9,exact_depth,5,wait_p95_ms,92.60703199999999,ms
5,mean,ALL,ALL,all_depths_within_run,5,Pearson,0.9830356999884472,correlation
5,sample_sd,ALL,ALL,all_depths_within_run,5,Pearson,0.0030757834676806988,correlation
5,min,ALL,ALL,all_depths_within_run,5,Pearson,0.9783081914075561,correlation
5,max,ALL,ALL,all_depths_within_run,5,Pearson,0.9864723507360827,correlation
5,mean,ALL,ALL,all_depths_within_run,5,Spearman,0.9561431916325924,correlation
5,sample_sd,ALL,ALL,all_depths_within_run,5,Spearman,0.002061474095188433,correlation
5,min,ALL,ALL,all_depths_within_run,5,Spearman,0.9524749334852068,correlation
5,max,ALL,ALL,all_depths_within_run,5,Spearman,0.9573119515909874,correlation
6,mean,ALL,0,exact_depth,5,frame_count,3010.2,frames
6,sample_sd,ALL,0,exact_depth,5,frame_count,555.8918060198405,frames
6,min,ALL,0,exact_depth,5,frame_count,2025.0,frames
6,max,ALL,0,exact_depth,5,frame_count,3347.0,frames
6,mean,ALL,0,exact_depth,5,wait_mean_ms,2.0248841634024606,ms
6,sample_sd,ALL,0,exact_depth,5,wait_mean_ms,0.01955600506987116,ms
6,min,ALL,0,exact_depth,5,wait_mean_ms,1.9996530770210057,ms
6,max,ALL,0,exact_depth,5,wait_mean_ms,2.05383138870331,ms
6,mean,ALL,0,exact_depth,5,wait_median_ms,0.6290559,ms
6,sample_sd,ALL,0,exact_depth,5,wait_median_ms,0.10210630318349596,ms
6,min,ALL,0,exact_depth,5,wait_median_ms,0.507205,ms
6,max,ALL,0,exact_depth,5,wait_median_ms,0.7816645,ms
6,mean,ALL,0,exact_depth,5,wait_p95_ms,4.72180105,ms
6,sample_sd,ALL,0,exact_depth,5,wait_p95_ms,0.02873921215530262,ms
6,min,ALL,0,exact_depth,5,wait_p95_ms,4.6892374,ms
6,max,ALL,0,exact_depth,5,wait_p95_ms,4.762194399999999,ms
6,mean,ALL,1,exact_depth,5,frame_count,1614.6,frames
6,sample_sd,ALL,1,exact_depth,5,frame_count,308.22767559062567,frames
6,min,ALL,1,exact_depth,5,frame_count,1068.0,frames
6,max,ALL,1,exact_depth,5,frame_count,1787.0,frames
6,mean,ALL,1,exact_depth,5,wait_mean_ms,7.863963088716444,ms
6,sample_sd,ALL,1,exact_depth,5,wait_mean_ms,0.055974676248691714,ms
6,min,ALL,1,exact_depth,5,wait_mean_ms,7.82514483268047,ms
6,max,ALL,1,exact_depth,5,wait_mean_ms,7.960853629983156,ms
6,mean,ALL,1,exact_depth,5,wait_median_ms,7.882304100000001,ms
6,sample_sd,ALL,1,exact_depth,5,wait_median_ms,0.06940603171410971,ms
6,min,ALL,1,exact_depth,5,wait_median_ms,7.8098015,ms
6,max,ALL,1,exact_depth,5,wait_median_ms,7.991002,ms
6,mean,ALL,1,exact_depth,5,wait_p95_ms,9.249274139999999,ms
6,sample_sd,ALL,1,exact_depth,5,wait_p95_ms,0.08167291448591159,ms
6,min,ALL,1,exact_depth,5,wait_p95_ms,9.1471901,ms
6,max,ALL,1,exact_depth,5,wait_p95_ms,9.367844,ms
6,mean,ALL,10,exact_depth,5,frame_count,17.2,frames
6,sample_sd,ALL,10,exact_depth,5,frame_count,9.549869109050658,frames
6,min,ALL,10,exact_depth,5,frame_count,8.0,frames
6,max,ALL,10,exact_depth,5,frame_count,31.0,frames
6,mean,ALL,10,exact_depth,5,wait_mean_ms,58.05902247298178,ms
6,sample_sd,ALL,10,exact_depth,5,wait_mean_ms,1.43008571893723,ms
6,min,ALL,10,exact_depth,5,wait_mean_ms,56.52402025,ms
6,max,ALL,10,exact_depth,5,wait_mean_ms,60.32354243478261,ms
6,mean,ALL,10,exact_depth,5,wait_median_ms,53.4297153,ms
6,sample_sd,ALL,10,exact_depth,5,wait_median_ms,2.849357445824269,ms
6,min,ALL,10,exact_depth,5,wait_median_ms,49.7325355,ms
6,max,ALL,10,exact_depth,5,wait_median_ms,56.880001,ms
6,mean,ALL,10,exact_depth,5,wait_p95_ms,87.26321859999997,ms
6,sample_sd,ALL,10,exact_depth,5,wait_p95_ms,8.064862025062133,ms
6,min,ALL,10,exact_depth,5,wait_p95_ms,80.64395899999997,ms
6,max,ALL,10,exact_depth,5,wait_p95_ms,101.15484769999995,ms
6,mean,ALL,11,exact_depth,5,frame_count,18.0,frames
6,sample_sd,ALL,11,exact_depth,5,frame_count,9.354143466934854,frames
6,min,ALL,11,exact_depth,5,frame_count,10.0,frames
6,max,ALL,11,exact_depth,5,frame_count,32.0,frames
6,mean,ALL,11,exact_depth,5,wait_mean_ms,62.92900850159797,ms
6,sample_sd,ALL,11,exact_depth,5,wait_mean_ms,2.6228724705809947,ms
6,min,ALL,11,exact_depth,5,wait_mean_ms,60.0059440909091,ms
6,max,ALL,11,exact_depth,5,wait_mean_ms,66.77356639999999,ms
6,mean,ALL,11,exact_depth,5,wait_median_ms,59.20540269999999,ms
6,sample_sd,ALL,11,exact_depth,5,wait_median_ms,3.2062628538967215,ms
6,min,ALL,11,exact_depth,5,wait_median_ms,55.844506,ms
6,max,ALL,11,exact_depth,5,wait_median_ms,63.037984,ms
6,mean,ALL,11,exact_depth,5,wait_p95_ms,82.6347962,ms
6,sample_sd,ALL,11,exact_depth,5,wait_p95_ms,17.541067988701734,ms
6,min,ALL,11,exact_depth,5,wait_p95_ms,66.2844429,ms
6,max,ALL,11,exact_depth,5,wait_p95_ms,112.58525705,ms
6,mean,ALL,12,exact_depth,5,frame_count,24.6,frames
6,sample_sd,ALL,12,exact_depth,5,frame_count,19.590814173994914,frames
6,min,ALL,12,exact_depth,5,frame_count,8.0,frames
6,max,ALL,12,exact_depth,5,frame_count,51.0,frames
6,mean,ALL,12,exact_depth,5,wait_mean_ms,68.14608084438376,ms
6,sample_sd,ALL,12,exact_depth,5,wait_mean_ms,1.7906198060235035,ms
6,min,ALL,12,exact_depth,5,wait_mean_ms,66.04049007142858,ms
6,max,ALL,12,exact_depth,5,wait_mean_ms,70.7788847254902,ms
6,mean,ALL,12,exact_depth,5,wait_median_ms,65.37452060000001,ms
6,sample_sd,ALL,12,exact_depth,5,wait_median_ms,4.214389181850339,ms
6,min,ALL,12,exact_depth,5,wait_median_ms,60.881976,ms
6,max,ALL,12,exact_depth,5,wait_median_ms,71.289794,ms
6,mean,ALL,12,exact_depth,5,wait_p95_ms,85.13443089999997,ms
6,sample_sd,ALL,12,exact_depth,5,wait_p95_ms,9.970090995495351,ms
6,min,ALL,12,exact_depth,5,wait_p95_ms,74.96039354999999,ms
6,max,ALL,12,exact_depth,5,wait_p95_ms,99.23164504999997,ms
6,mean,ALL,13,exact_depth,5,frame_count,41.2,frames
6,sample_sd,ALL,13,exact_depth,5,frame_count,45.11319097558939,frames
6,min,ALL,13,exact_depth,5,frame_count,12.0,frames
6,max,ALL,13,exact_depth,5,frame_count,117.0,frames
6,mean,ALL,13,exact_depth,5,wait_mean_ms,72.44027552285714,ms
6,sample_sd,ALL,13,exact_depth,5,wait_mean_ms,1.33206787132838,ms
6,min,ALL,13,exact_depth,5,wait_mean_ms,71.34998873333333,ms
6,max,ALL,13,exact_depth,5,wait_mean_ms,74.49203302564102,ms
6,mean,ALL,13,exact_depth,5,wait_median_ms,70.13507200000001,ms
6,sample_sd,ALL,13,exact_depth,5,wait_median_ms,3.321807957898303,ms
6,min,ALL,13,exact_depth,5,wait_median_ms,66.698452,ms
6,max,ALL,13,exact_depth,5,wait_median_ms,74.527597,ms
6,mean,ALL,13,exact_depth,5,wait_p95_ms,86.84025952999997,ms
6,sample_sd,ALL,13,exact_depth,5,wait_p95_ms,6.411469071393003,ms
6,min,ALL,13,exact_depth,5,wait_p95_ms,78.76225999999998,ms
6,max,ALL,13,exact_depth,5,wait_p95_ms,95.28933244999996,ms
6,mean,ALL,14,exact_depth,5,frame_count,46.6,frames
6,sample_sd,ALL,14,exact_depth,5,frame_count,57.46999216982721,frames
6,min,ALL,14,exact_depth,5,frame_count,10.0,frames
6,max,ALL,14,exact_depth,5,frame_count,144.0,frames
6,mean,ALL,14,exact_depth,5,wait_mean_ms,77.75686561402958,ms
6,sample_sd,ALL,14,exact_depth,5,wait_mean_ms,0.5370583358896384,ms
6,min,ALL,14,exact_depth,5,wait_mean_ms,76.92573385714284,ms
6,max,ALL,14,exact_depth,5,wait_mean_ms,78.39710484027778,ms
6,mean,ALL,14,exact_depth,5,wait_median_ms,75.0723327,ms
6,sample_sd,ALL,14,exact_depth,5,wait_median_ms,2.4940983197673754,ms
6,min,ALL,14,exact_depth,5,wait_median_ms,72.353527,ms
6,max,ALL,14,exact_depth,5,wait_median_ms,77.942644,ms
6,mean,ALL,14,exact_depth,5,wait_p95_ms,93.41062109999999,ms
6,sample_sd,ALL,14,exact_depth,5,wait_p95_ms,8.359125743718986,ms
6,min,ALL,14,exact_depth,5,wait_p95_ms,83.15349439999999,ms
6,max,ALL,14,exact_depth,5,wait_p95_ms,104.33851044999994,ms
6,mean,ALL,15,exact_depth,5,frame_count,51.2,frames
6,sample_sd,ALL,15,exact_depth,5,frame_count,67.17663284208282,frames
6,min,ALL,15,exact_depth,5,frame_count,9.0,frames
6,max,ALL,15,exact_depth,5,frame_count,168.0,frames
6,mean,ALL,15,exact_depth,5,wait_mean_ms,83.36758969427437,ms
6,sample_sd,ALL,15,exact_depth,5,wait_mean_ms,1.516487236101568,ms
6,min,ALL,15,exact_depth,5,wait_mean_ms,81.01508764285715,ms
6,max,ALL,15,exact_depth,5,wait_mean_ms,84.53666888690476,ms
6,mean,ALL,15,exact_depth,5,wait_median_ms,79.90937999999998,ms
6,sample_sd,ALL,15,exact_depth,5,wait_median_ms,2.8159870208053377,ms
6,min,ALL,15,exact_depth,5,wait_median_ms,76.589666,ms
6,max,ALL,15,exact_depth,5,wait_median_ms,83.1804255,ms
6,mean,ALL,15,exact_depth,5,wait_p95_ms,103.18288180999998,ms
6,sample_sd,ALL,15,exact_depth,5,wait_p95_ms,10.205635032467498,ms
6,min,ALL,15,exact_depth,5,wait_p95_ms,94.86509519999998,ms
6,max,ALL,15,exact_depth,5,wait_p95_ms,118.06908325,ms
6,mean,ALL,16,exact_depth,5,frame_count,59.2,frames
6,sample_sd,ALL,16,exact_depth,5,frame_count,86.55460704087334,frames
6,min,ALL,16,exact_depth,5,frame_count,10.0,frames
6,max,ALL,16,exact_depth,5,frame_count,212.0,frames
6,mean,ALL,16,exact_depth,5,wait_mean_ms,90.66974629135669,ms
6,sample_sd,ALL,16,exact_depth,5,wait_mean_ms,1.0536479546964315,ms
6,min,ALL,16,exact_depth,5,wait_mean_ms,89.35482173333334,ms
6,max,ALL,16,exact_depth,5,wait_mean_ms,92.05585428571429,ms
6,mean,ALL,16,exact_depth,5,wait_median_ms,86.15568300000001,ms
6,sample_sd,ALL,16,exact_depth,5,wait_median_ms,4.248555952617473,ms
6,min,ALL,16,exact_depth,5,wait_median_ms,81.749063,ms
6,max,ALL,16,exact_depth,5,wait_median_ms,91.12612,ms
6,mean,ALL,16,exact_depth,5,wait_p95_ms,117.17688844,ms
6,sample_sd,ALL,16,exact_depth,5,wait_p95_ms,14.509622752355218,ms
6,min,ALL,16,exact_depth,5,wait_p95_ms,100.5054656,ms
6,max,ALL,16,exact_depth,5,wait_p95_ms,131.5873904,ms
6,mean,ALL,17,exact_depth,5,frame_count,60.2,frames
6,sample_sd,ALL,17,exact_depth,5,frame_count,98.78107106121092,frames
6,min,ALL,17,exact_depth,5,frame_count,7.0,frames
6,max,ALL,17,exact_depth,5,frame_count,236.0,frames
6,mean,ALL,17,exact_depth,5,wait_mean_ms,94.43082164045418,ms
6,sample_sd,ALL,17,exact_depth,5,wait_mean_ms,1.8626911371757848,ms
6,min,ALL,17,exact_depth,5,wait_mean_ms,92.49711257142857,ms
6,max,ALL,17,exact_depth,5,wait_mean_ms,97.22166155508475,ms
6,mean,ALL,17,exact_depth,5,wait_median_ms,90.86393580000001,ms
6,sample_sd,ALL,17,exact_depth,5,wait_median_ms,5.128176532730333,ms
6,min,ALL,17,exact_depth,5,wait_median_ms,84.003593,ms
6,max,ALL,17,exact_depth,5,wait_median_ms,97.1406525,ms
6,mean,ALL,17,exact_depth,5,wait_p95_ms,113.99659612999999,ms
6,sample_sd,ALL,17,exact_depth,5,wait_p95_ms,8.861681126083388,ms
6,min,ALL,17,exact_depth,5,wait_p95_ms,105.55666959999999,ms
6,max,ALL,17,exact_depth,5,wait_p95_ms,125.1711025,ms
6,mean,ALL,18,exact_depth,5,frame_count,62.4,frames
6,sample_sd,ALL,18,exact_depth,5,frame_count,111.10040503976572,frames
6,min,ALL,18,exact_depth,5,frame_count,10.0,frames
6,max,ALL,18,exact_depth,5,frame_count,261.0,frames
6,mean,ALL,18,exact_depth,5,wait_mean_ms,100.0396921422849,ms
6,sample_sd,ALL,18,exact_depth,5,wait_mean_ms,1.7578084482495329,ms
6,min,ALL,18,exact_depth,5,wait_mean_ms,97.648393,ms
6,max,ALL,18,exact_depth,5,wait_mean_ms,102.48519693869733,ms
6,mean,ALL,18,exact_depth,5,wait_median_ms,95.4310088,ms
6,sample_sd,ALL,18,exact_depth,5,wait_median_ms,4.463075769358762,ms
6,min,ALL,18,exact_depth,5,wait_median_ms,90.9442425,ms
6,max,ALL,18,exact_depth,5,wait_median_ms,102.089952,ms
6,mean,ALL,18,exact_depth,5,wait_p95_ms,124.21387449,ms
6,sample_sd,ALL,18,exact_depth,5,wait_p95_ms,6.421370448671405,ms
6,min,ALL,18,exact_depth,5,wait_p95_ms,113.961733,ms
6,max,ALL,18,exact_depth,5,wait_p95_ms,129.7233402,ms
6,mean,ALL,19,exact_depth,5,frame_count,77.8,frames
6,sample_sd,ALL,19,exact_depth,5,frame_count,142.15378996002886,frames
6,min,ALL,19,exact_depth,5,frame_count,10.0,frames
6,max,ALL,19,exact_depth,5,frame_count,332.0,frames
6,mean,ALL,19,exact_depth,5,wait_mean_ms,105.87715876070445,ms
6,sample_sd,ALL,19,exact_depth,5,wait_mean_ms,2.4390469073464995,ms
6,min,ALL,19,exact_depth,5,wait_mean_ms,102.78030109999999,ms
6,max,ALL,19,exact_depth,5,wait_mean_ms,108.24893031578948,ms
6,mean,ALL,19,exact_depth,5,wait_median_ms,101.2766435,ms
6,sample_sd,ALL,19,exact_depth,5,wait_median_ms,4.026285486839638,ms
6,min,ALL,19,exact_depth,5,wait_median_ms,96.2663405,ms
6,max,ALL,19,exact_depth,5,wait_median_ms,106.873119,ms
6,mean,ALL,19,exact_depth,5,wait_p95_ms,130.06175903,ms
6,sample_sd,ALL,19,exact_depth,5,wait_p95_ms,9.02960232873365,ms
6,min,ALL,19,exact_depth,5,wait_p95_ms,119.56740525,ms
6,max,ALL,19,exact_depth,5,wait_p95_ms,142.4224101,ms
6,mean,ALL,2,exact_depth,5,frame_count,1564.8,frames
6,sample_sd,ALL,2,exact_depth,5,frame_count,295.5836599002049,frames
6,min,ALL,2,exact_depth,5,frame_count,1040.0,frames
6,max,ALL,2,exact_depth,5,frame_count,1733.0,frames
6,mean,ALL,2,exact_depth,5,wait_mean_ms,12.01647181360391,ms
6,sample_sd,ALL,2,exact_depth,5,wait_mean_ms,0.08886060330802828,ms
6,min,ALL,2,exact_depth,5,wait_mean_ms,11.934039707692309,ms
6,max,ALL,2,exact_depth,5,wait_mean_ms,12.155433876162792,ms
6,mean,ALL,2,exact_depth,5,wait_median_ms,11.9526538,ms
6,sample_sd,ALL,2,exact_depth,5,wait_median_ms,0.09039132450808006,ms
6,min,ALL,2,exact_depth,5,wait_median_ms,11.8642345,ms
6,max,ALL,2,exact_depth,5,wait_median_ms,12.0982575,ms
6,mean,ALL,2,exact_depth,5,wait_p95_ms,13.382200990000001,ms
6,sample_sd,ALL,2,exact_depth,5,wait_p95_ms,0.09850907088922417,ms
6,min,ALL,2,exact_depth,5,wait_p95_ms,13.263131199999997,ms
6,max,ALL,2,exact_depth,5,wait_p95_ms,13.481727800000002,ms
6,mean,ALL,20,exact_depth,5,frame_count,94.8,frames
6,sample_sd,ALL,20,exact_depth,5,frame_count,181.26003420500615,frames
6,min,ALL,20,exact_depth,5,frame_count,9.0,frames
6,max,ALL,20,exact_depth,5,frame_count,419.0,frames
6,mean,ALL,20,exact_depth,5,wait_mean_ms,107.5970344113131,ms
6,sample_sd,ALL,20,exact_depth,5,wait_mean_ms,3.3778712898984713,ms
6,min,ALL,20,exact_depth,5,wait_mean_ms,103.99265411111111,ms
6,max,ALL,20,exact_depth,5,wait_mean_ms,113.09907709307876,ms
6,mean,ALL,20,exact_depth,5,wait_median_ms,105.1513389,ms
6,sample_sd,ALL,20,exact_depth,5,wait_median_ms,4.305638507822771,ms
6,min,ALL,20,exact_depth,5,wait_median_ms,101.60624,ms
6,max,ALL,20,exact_depth,5,wait_median_ms,112.17245,ms
6,mean,ALL,20,exact_depth,5,wait_p95_ms,126.38628862,ms
6,sample_sd,ALL,20,exact_depth,5,wait_p95_ms,4.851334966915469,ms
6,min,ALL,20,exact_depth,5,wait_p95_ms,120.9755084,ms
6,max,ALL,20,exact_depth,5,wait_p95_ms,132.489203,ms
6,mean,ALL,21,exact_depth,5,frame_count,105.8,frames
6,sample_sd,ALL,21,exact_depth,5,frame_count,191.60949872070537,frames
6,min,ALL,21,exact_depth,5,frame_count,9.0,frames
6,max,ALL,21,exact_depth,5,frame_count,448.0,frames
6,mean,ALL,21,exact_depth,5,wait_mean_ms,114.4344584280404,ms
6,sample_sd,ALL,21,exact_depth,5,wait_mean_ms,2.9783960279932926,ms
6,min,ALL,21,exact_depth,5,wait_mean_ms,110.2561848888889,ms
6,max,ALL,21,exact_depth,5,wait_mean_ms,117.62479337946428,ms
6,mean,ALL,21,exact_depth,5,wait_median_ms,112.5235716,ms
6,sample_sd,ALL,21,exact_depth,5,wait_median_ms,3.8808858030697944,ms
6,min,ALL,21,exact_depth,5,wait_median_ms,107.3528975,ms
6,max,ALL,21,exact_depth,5,wait_median_ms,115.981742,ms
6,mean,ALL,21,exact_depth,5,wait_p95_ms,132.28665293999998,ms
6,sample_sd,ALL,21,exact_depth,5,wait_p95_ms,5.366476845069845,ms
6,min,ALL,21,exact_depth,5,wait_p95_ms,125.640515,ms
6,max,ALL,21,exact_depth,5,wait_p95_ms,139.553421,ms
6,mean,ALL,22,exact_depth,5,frame_count,101.0,frames
6,sample_sd,ALL,22,exact_depth,5,frame_count,174.3000286861709,frames
6,min,ALL,22,exact_depth,5,frame_count,9.0,frames
6,max,ALL,22,exact_depth,5,frame_count,412.0,frames
6,mean,ALL,22,exact_depth,5,wait_mean_ms,119.31510702811707,ms
6,sample_sd,ALL,22,exact_depth,5,wait_mean_ms,4.002616160449379,ms
6,min,ALL,22,exact_depth,5,wait_mean_ms,114.39145623076924,ms
6,max,ALL,22,exact_depth,5,wait_mean_ms,123.49356929126213,ms
6,mean,ALL,22,exact_depth,5,wait_median_ms,117.7632083,ms
6,sample_sd,ALL,22,exact_depth,5,wait_median_ms,4.468192754095016,ms
6,min,ALL,22,exact_depth,5,wait_median_ms,112.819897,ms
6,max,ALL,22,exact_depth,5,wait_median_ms,123.107529,ms
6,mean,ALL,22,exact_depth,5,wait_p95_ms,133.15501953999998,ms
6,sample_sd,ALL,22,exact_depth,5,wait_p95_ms,5.555295745540631,ms
6,min,ALL,22,exact_depth,5,wait_p95_ms,125.36449399999997,ms
6,max,ALL,22,exact_depth,5,wait_p95_ms,139.1694814,ms
6,mean,ALL,23,exact_depth,5,frame_count,102.2,frames
6,sample_sd,ALL,23,exact_depth,5,frame_count,173.12336641828566,frames
6,min,ALL,23,exact_depth,5,frame_count,11.0,frames
6,max,ALL,23,exact_depth,5,frame_count,411.0,frames
6,mean,ALL,23,exact_depth,5,wait_mean_ms,124.88127735500446,ms
6,sample_sd,ALL,23,exact_depth,5,wait_mean_ms,3.685659251710038,ms
6,min,ALL,23,exact_depth,5,wait_mean_ms,119.61449236363636,ms
6,max,ALL,23,exact_depth,5,wait_mean_ms,128.87778911435524,ms
6,mean,ALL,23,exact_depth,5,wait_median_ms,124.53942120000002,ms
6,sample_sd,ALL,23,exact_depth,5,wait_median_ms,5.561003431212368,ms
6,min,ALL,23,exact_depth,5,wait_median_ms,117.12266,ms
6,max,ALL,23,exact_depth,5,wait_median_ms,129.575213,ms
6,mean,ALL,23,exact_depth,5,wait_p95_ms,139.05475117999998,ms
6,sample_sd,ALL,23,exact_depth,5,wait_p95_ms,3.4147438643847607,ms
6,min,ALL,23,exact_depth,5,wait_p95_ms,135.0928505,ms
6,max,ALL,23,exact_depth,5,wait_p95_ms,142.5319105,ms
6,mean,ALL,24,exact_depth,5,frame_count,92.8,frames
6,sample_sd,ALL,24,exact_depth,5,frame_count,142.99545447321046,frames
6,min,ALL,24,exact_depth,5,frame_count,10.0,frames
6,max,ALL,24,exact_depth,5,frame_count,347.0,frames
6,mean,ALL,24,exact_depth,5,wait_mean_ms,130.64700954174134,ms
6,sample_sd,ALL,24,exact_depth,5,wait_mean_ms,3.6750614823198737,ms
6,min,ALL,24,exact_depth,5,wait_mean_ms,125.5889813,ms
6,max,ALL,24,exact_depth,5,wait_mean_ms,133.65528419596544,ms
6,mean,ALL,24,exact_depth,5,wait_median_ms,130.3562085,ms
6,sample_sd,ALL,24,exact_depth,5,wait_median_ms,4.629753334931216,ms
6,min,ALL,24,exact_depth,5,wait_median_ms,124.966317,ms
6,max,ALL,24,exact_depth,5,wait_median_ms,135.1919505,ms
6,mean,ALL,24,exact_depth,5,wait_p95_ms,144.05965184,ms
6,sample_sd,ALL,24,exact_depth,5,wait_p95_ms,5.572748781311127,ms
6,min,ALL,24,exact_depth,5,wait_p95_ms,136.26303474999997,ms
6,max,ALL,24,exact_depth,5,wait_p95_ms,151.1973296,ms
6,mean,ALL,25,exact_depth,5,frame_count,75.6,frames
6,sample_sd,ALL,25,exact_depth,5,frame_count,111.01035987690518,frames
6,min,ALL,25,exact_depth,5,frame_count,14.0,frames
6,max,ALL,25,exact_depth,5,frame_count,273.0,frames
6,mean,ALL,25,exact_depth,5,wait_mean_ms,134.6078245291101,ms
6,sample_sd,ALL,25,exact_depth,5,wait_mean_ms,3.7271696422423957,ms
6,min,ALL,25,exact_depth,5,wait_mean_ms,130.60616666666667,ms
6,max,ALL,25,exact_depth,5,wait_mean_ms,138.71030498168497,ms
6,mean,ALL,25,exact_depth,5,wait_median_ms,134.03380099999998,ms
6,sample_sd,ALL,25,exact_depth,5,wait_median_ms,4.146045654269495,ms
6,min,ALL,25,exact_depth,5,wait_median_ms,128.81297,ms
6,max,ALL,25,exact_depth,5,wait_median_ms,138.129808,ms
6,mean,ALL,25,exact_depth,5,wait_p95_ms,145.51366868999997,ms
6,sample_sd,ALL,25,exact_depth,5,wait_p95_ms,5.32333164762081,ms
6,min,ALL,25,exact_depth,5,wait_p95_ms,138.82978104999998,ms
6,max,ALL,25,exact_depth,5,wait_p95_ms,151.70472379999995,ms
6,mean,ALL,26,exact_depth,5,frame_count,60.4,frames
6,sample_sd,ALL,26,exact_depth,5,frame_count,87.01321738678556,frames
6,min,ALL,26,exact_depth,5,frame_count,10.0,frames
6,max,ALL,26,exact_depth,5,frame_count,215.0,frames
6,mean,ALL,26,exact_depth,5,wait_mean_ms,139.35755740726586,ms
6,sample_sd,ALL,26,exact_depth,5,wait_mean_ms,3.283217585601682,ms
6,min,ALL,26,exact_depth,5,wait_mean_ms,134.6229439,ms
6,max,ALL,26,exact_depth,5,wait_mean_ms,143.1442066093023,ms
6,mean,ALL,26,exact_depth,5,wait_median_ms,138.74684919999999,ms
6,sample_sd,ALL,26,exact_depth,5,wait_median_ms,3.2099166320004415,ms
6,min,ALL,26,exact_depth,5,wait_median_ms,134.2878555,ms
6,max,ALL,26,exact_depth,5,wait_median_ms,142.393483,ms
6,mean,ALL,26,exact_depth,5,wait_p95_ms,149.91895093,ms
6,sample_sd,ALL,26,exact_depth,5,wait_p95_ms,6.500641279941381,ms
6,min,ALL,26,exact_depth,5,wait_p95_ms,143.53632535,ms
6,max,ALL,26,exact_depth,5,wait_p95_ms,160.52473759999995,ms
6,mean,ALL,27,exact_depth,5,frame_count,46.0,frames
6,sample_sd,ALL,27,exact_depth,5,frame_count,63.344297296599635,frames
6,min,ALL,27,exact_depth,5,frame_count,10.0,frames
6,max,ALL,27,exact_depth,5,frame_count,158.0,frames
6,mean,ALL,27,exact_depth,5,wait_mean_ms,144.08140752199012,ms
6,sample_sd,ALL,27,exact_depth,5,wait_mean_ms,2.839016835134987,ms
6,min,ALL,27,exact_depth,5,wait_mean_ms,140.32468936363637,ms
6,max,ALL,27,exact_depth,5,wait_mean_ms,147.6986843227848,ms
6,mean,ALL,27,exact_depth,5,wait_median_ms,142.56321269999998,ms
6,sample_sd,ALL,27,exact_depth,5,wait_median_ms,3.4262651991705284,ms
6,min,ALL,27,exact_depth,5,wait_median_ms,138.480197,ms
6,max,ALL,27,exact_depth,5,wait_median_ms,146.4471935,ms
6,mean,ALL,27,exact_depth,5,wait_p95_ms,156.50979258,ms
6,sample_sd,ALL,27,exact_depth,5,wait_p95_ms,4.631043554110051,ms
6,min,ALL,27,exact_depth,5,wait_p95_ms,152.6662725,ms
6,max,ALL,27,exact_depth,5,wait_p95_ms,164.27032235000001,ms
6,mean,ALL,28,exact_depth,5,frame_count,30.8,frames
6,sample_sd,ALL,28,exact_depth,5,frame_count,33.5067157447578,frames
6,min,ALL,28,exact_depth,5,frame_count,10.0,frames
6,max,ALL,28,exact_depth,5,frame_count,89.0,frames
6,mean,ALL,28,exact_depth,5,wait_mean_ms,147.69884443642755,ms
6,sample_sd,ALL,28,exact_depth,5,wait_mean_ms,3.499659516455082,ms
6,min,ALL,28,exact_depth,5,wait_mean_ms,143.4827759,ms
6,max,ALL,28,exact_depth,5,wait_mean_ms,151.1829088539326,ms
6,mean,ALL,28,exact_depth,5,wait_median_ms,146.18843040000002,ms
6,sample_sd,ALL,28,exact_depth,5,wait_median_ms,3.4980187436477723,ms
6,min,ALL,28,exact_depth,5,wait_median_ms,142.9770645,ms
6,max,ALL,28,exact_depth,5,wait_median_ms,150.448334,ms
6,mean,ALL,28,exact_depth,5,wait_p95_ms,159.46484727,ms
6,sample_sd,ALL,28,exact_depth,5,wait_p95_ms,7.162047873558544,ms
6,min,ALL,28,exact_depth,5,wait_p95_ms,150.8018155,ms
6,max,ALL,28,exact_depth,5,wait_p95_ms,167.9188882,ms
6,mean,ALL,29,exact_depth,5,frame_count,23.8,frames
6,sample_sd,ALL,29,exact_depth,5,frame_count,19.57549488518745,frames
6,min,ALL,29,exact_depth,5,frame_count,9.0,frames
6,max,ALL,29,exact_depth,5,frame_count,53.0,frames
6,mean,ALL,29,exact_depth,5,wait_mean_ms,152.5389589404437,ms
6,sample_sd,ALL,29,exact_depth,5,wait_mean_ms,4.046248740792881,ms
6,min,ALL,29,exact_depth,5,wait_mean_ms,146.56865033333335,ms
6,max,ALL,29,exact_depth,5,wait_mean_ms,156.12074474285714,ms
6,mean,ALL,29,exact_depth,5,wait_median_ms,150.90161840000002,ms
6,sample_sd,ALL,29,exact_depth,5,wait_median_ms,3.771119636450137,ms
6,min,ALL,29,exact_depth,5,wait_median_ms,146.078851,ms
6,max,ALL,29,exact_depth,5,wait_median_ms,156.035069,ms
6,mean,ALL,29,exact_depth,5,wait_p95_ms,166.04640261999998,ms
6,sample_sd,ALL,29,exact_depth,5,wait_p95_ms,8.374844505394936,ms
6,min,ALL,29,exact_depth,5,wait_p95_ms,154.61563679999998,ms
6,max,ALL,29,exact_depth,5,wait_p95_ms,175.6915706,ms
6,mean,ALL,3,exact_depth,5,frame_count,1627.8,frames
6,sample_sd,ALL,3,exact_depth,5,frame_count,308.22751337283313,frames
6,min,ALL,3,exact_depth,5,frame_count,1082.0,frames
6,max,ALL,3,exact_depth,5,frame_count,1812.0,frames
6,mean,ALL,3,exact_depth,5,wait_mean_ms,16.056559609447696,ms
6,sample_sd,ALL,3,exact_depth,5,wait_mean_ms,0.09777151988883578,ms
6,min,ALL,3,exact_depth,5,wait_mean_ms,15.966123391832229,ms
6,max,ALL,3,exact_depth,5,wait_mean_ms,16.201669411073826,ms
6,mean,ALL,3,exact_depth,5,wait_median_ms,15.9125306,ms
6,sample_sd,ALL,3,exact_depth,5,wait_median_ms,0.10221800534176942,ms
6,min,ALL,3,exact_depth,5,wait_median_ms,15.8146445,ms
6,max,ALL,3,exact_depth,5,wait_median_ms,16.0753065,ms
6,mean,ALL,3,exact_depth,5,wait_p95_ms,17.719543199999997,ms
6,sample_sd,ALL,3,exact_depth,5,wait_p95_ms,0.15561634742093627,ms
6,min,ALL,3,exact_depth,5,wait_p95_ms,17.55529495,ms
6,max,ALL,3,exact_depth,5,wait_p95_ms,17.901831499999997,ms
6,mean,ALL,30,exact_depth,5,frame_count,23.4,frames
6,sample_sd,ALL,30,exact_depth,5,frame_count,13.390294993016399,frames
6,min,ALL,30,exact_depth,5,frame_count,11.0,frames
6,max,ALL,30,exact_depth,5,frame_count,43.0,frames
6,mean,ALL,30,exact_depth,5,wait_mean_ms,157.9660101536736,ms
6,sample_sd,ALL,30,exact_depth,5,wait_mean_ms,4.6156295151561615,ms
6,min,ALL,30,exact_depth,5,wait_mean_ms,151.689004,ms
6,max,ALL,30,exact_depth,5,wait_mean_ms,163.27543906666665,ms
6,mean,ALL,30,exact_depth,5,wait_median_ms,156.35048609999998,ms
6,sample_sd,ALL,30,exact_depth,5,wait_median_ms,5.450774679412279,ms
6,min,ALL,30,exact_depth,5,wait_median_ms,149.6633385,ms
6,max,ALL,30,exact_depth,5,wait_median_ms,164.201085,ms
6,mean,ALL,30,exact_depth,5,wait_p95_ms,172.87171376,ms
6,sample_sd,ALL,30,exact_depth,5,wait_p95_ms,5.775576104277599,ms
6,min,ALL,30,exact_depth,5,wait_p95_ms,164.8940818,ms
6,max,ALL,30,exact_depth,5,wait_p95_ms,180.854204,ms
6,mean,ALL,31,exact_depth,5,frame_count,20.0,frames
6,sample_sd,ALL,31,exact_depth,5,frame_count,9.82344135219425,frames
6,min,ALL,31,exact_depth,5,frame_count,9.0,frames
6,max,ALL,31,exact_depth,5,frame_count,30.0,frames
6,mean,ALL,31,exact_depth,5,wait_mean_ms,163.46579546833337,ms
6,sample_sd,ALL,31,exact_depth,5,wait_mean_ms,4.597775035341184,ms
6,min,ALL,31,exact_depth,5,wait_mean_ms,158.6489077,ms
6,max,ALL,31,exact_depth,5,wait_mean_ms,168.16194126666667,ms
6,mean,ALL,31,exact_depth,5,wait_median_ms,162.73704630000003,ms
6,sample_sd,ALL,31,exact_depth,5,wait_median_ms,4.23518169483774,ms
6,min,ALL,31,exact_depth,5,wait_median_ms,157.263111,ms
6,max,ALL,31,exact_depth,5,wait_median_ms,167.257161,ms
6,mean,ALL,31,exact_depth,5,wait_p95_ms,176.15909896,ms
6,sample_sd,ALL,31,exact_depth,5,wait_p95_ms,6.949251709869822,ms
6,min,ALL,31,exact_depth,5,wait_p95_ms,168.9466208,ms
6,max,ALL,31,exact_depth,5,wait_p95_ms,185.3832115,ms
6,mean,ALL,32,exact_depth,5,frame_count,21.8,frames
6,sample_sd,ALL,32,exact_depth,5,frame_count,10.59245014149229,frames
6,min,ALL,32,exact_depth,5,frame_count,9.0,frames
6,max,ALL,32,exact_depth,5,frame_count,36.0,frames
6,mean,ALL,32,exact_depth,5,wait_mean_ms,168.16388426770453,ms
6,sample_sd,ALL,32,exact_depth,5,wait_mean_ms,4.961643147771222,ms
6,min,ALL,32,exact_depth,5,wait_mean_ms,161.642435,ms
6,max,ALL,32,exact_depth,5,wait_mean_ms,173.78161230555554,ms
6,mean,ALL,32,exact_depth,5,wait_median_ms,167.3380389,ms
6,sample_sd,ALL,32,exact_depth,5,wait_median_ms,4.711429542778743,ms
6,min,ALL,32,exact_depth,5,wait_median_ms,160.8243,ms
6,max,ALL,32,exact_depth,5,wait_median_ms,172.8199615,ms
6,mean,ALL,32,exact_depth,5,wait_p95_ms,179.06067704,ms
6,sample_sd,ALL,32,exact_depth,5,wait_p95_ms,8.622336457099843,ms
6,min,ALL,32,exact_depth,5,wait_p95_ms,168.7111206,ms
6,max,ALL,32,exact_depth,5,wait_p95_ms,192.55897975,ms
6,mean,ALL,33,exact_depth,5,frame_count,21.2,frames
6,sample_sd,ALL,33,exact_depth,5,frame_count,8.64291617453276,frames
6,min,ALL,33,exact_depth,5,frame_count,11.0,frames
6,max,ALL,33,exact_depth,5,frame_count,32.0,frames
6,mean,ALL,33,exact_depth,5,wait_mean_ms,173.3904765277982,ms
6,sample_sd,ALL,33,exact_depth,5,wait_mean_ms,4.95423690101314,ms
6,min,ALL,33,exact_depth,5,wait_mean_ms,167.42564645454547,ms
6,max,ALL,33,exact_depth,5,wait_mean_ms,178.61028271875,ms
6,mean,ALL,33,exact_depth,5,wait_median_ms,172.3113405,ms
6,sample_sd,ALL,33,exact_depth,5,wait_median_ms,4.68685395900718,ms
6,min,ALL,33,exact_depth,5,wait_median_ms,166.694626,ms
6,max,ALL,33,exact_depth,5,wait_median_ms,177.349389,ms
6,mean,ALL,33,exact_depth,5,wait_p95_ms,184.05536895,ms
6,sample_sd,ALL,33,exact_depth,5,wait_p95_ms,9.289349710534184,ms
6,min,ALL,33,exact_depth,5,wait_p95_ms,173.9102055,ms
6,max,ALL,33,exact_depth,5,wait_p95_ms,197.70107335,ms
6,mean,ALL,34,exact_depth,5,frame_count,21.8,frames
6,sample_sd,ALL,34,exact_depth,5,frame_count,10.639548862616309,frames
6,min,ALL,34,exact_depth,5,frame_count,11.0,frames
6,max,ALL,34,exact_depth,5,frame_count,37.0,frames
6,mean,ALL,34,exact_depth,5,wait_mean_ms,177.83809161784703,ms
6,sample_sd,ALL,34,exact_depth,5,wait_mean_ms,4.117946338104548,ms
6,min,ALL,34,exact_depth,5,wait_mean_ms,172.96125645454546,ms
6,max,ALL,34,exact_depth,5,wait_mean_ms,181.98467666666664,ms
6,mean,ALL,34,exact_depth,5,wait_median_ms,177.2938762,ms
6,sample_sd,ALL,34,exact_depth,5,wait_median_ms,3.8540801291571785,ms
6,min,ALL,34,exact_depth,5,wait_median_ms,172.207753,ms
6,max,ALL,34,exact_depth,5,wait_median_ms,180.666148,ms
6,mean,ALL,34,exact_depth,5,wait_p95_ms,186.93574886,ms
6,sample_sd,ALL,34,exact_depth,5,wait_p95_ms,8.265383696643427,ms
6,min,ALL,34,exact_depth,5,wait_p95_ms,178.09576859999999,ms
6,max,ALL,34,exact_depth,5,wait_p95_ms,199.0405442,ms
6,mean,ALL,35,exact_depth,5,frame_count,20.6,frames
6,sample_sd,ALL,35,exact_depth,5,frame_count,9.96493853468249,frames
6,min,ALL,35,exact_depth,5,frame_count,9.0,frames
6,max,ALL,35,exact_depth,5,frame_count,30.0,frames
6,mean,ALL,35,exact_depth,5,wait_mean_ms,183.3224318302473,ms
6,sample_sd,ALL,35,exact_depth,5,wait_mean_ms,5.668874403703731,ms
6,min,ALL,35,exact_depth,5,wait_mean_ms,177.0533419090909,ms
6,max,ALL,35,exact_depth,5,wait_mean_ms,188.37607616666665,ms
6,mean,ALL,35,exact_depth,5,wait_median_ms,182.6747832,ms
6,sample_sd,ALL,35,exact_depth,5,wait_median_ms,5.4630038602770785,ms
6,min,ALL,35,exact_depth,5,wait_median_ms,176.802454,ms
6,max,ALL,35,exact_depth,5,wait_median_ms,188.980904,ms
6,mean,ALL,35,exact_depth,5,wait_p95_ms,191.06504837,ms
6,sample_sd,ALL,35,exact_depth,5,wait_p95_ms,9.07262550615735,ms
6,min,ALL,35,exact_depth,5,wait_p95_ms,181.2677495,ms
6,max,ALL,35,exact_depth,5,wait_p95_ms,201.19767084999998,ms
6,mean,ALL,36,exact_depth,5,frame_count,19.4,frames
6,sample_sd,ALL,36,exact_depth,5,frame_count,8.848728722251575,frames
6,min,ALL,36,exact_depth,5,frame_count,9.0,frames
6,max,ALL,36,exact_depth,5,frame_count,29.0,frames
6,mean,ALL,36,exact_depth,5,wait_mean_ms,189.08699957392895,ms
6,sample_sd,ALL,36,exact_depth,5,wait_mean_ms,6.1610718870352645,ms
6,min,ALL,36,exact_depth,5,wait_mean_ms,182.3122680909091,ms
6,max,ALL,36,exact_depth,5,wait_mean_ms,194.29893304166666,ms
6,mean,ALL,36,exact_depth,5,wait_median_ms,189.0738163,ms
6,sample_sd,ALL,36,exact_depth,5,wait_median_ms,7.071166510753248,ms
6,min,ALL,36,exact_depth,5,wait_median_ms,181.301988,ms
6,max,ALL,36,exact_depth,5,wait_median_ms,194.9277165,ms
6,mean,ALL,36,exact_depth,5,wait_p95_ms,196.07142582,ms
6,sample_sd,ALL,36,exact_depth,5,wait_p95_ms,7.935088374778685,ms
6,min,ALL,36,exact_depth,5,wait_p95_ms,187.2017656,ms
6,max,ALL,36,exact_depth,5,wait_p95_ms,204.4907145,ms
6,mean,ALL,37,exact_depth,5,frame_count,17.4,frames
6,sample_sd,ALL,37,exact_depth,5,frame_count,9.555103348473004,frames
6,min,ALL,37,exact_depth,5,frame_count,7.0,frames
6,max,ALL,37,exact_depth,5,frame_count,29.0,frames
6,mean,ALL,37,exact_depth,5,wait_mean_ms,193.75570941755717,ms
6,sample_sd,ALL,37,exact_depth,5,wait_mean_ms,6.111591963888634,ms
6,min,ALL,37,exact_depth,5,wait_mean_ms,186.92464057142857,ms
6,max,ALL,37,exact_depth,5,wait_mean_ms,199.9802794137931,ms
6,mean,ALL,37,exact_depth,5,wait_median_ms,193.8124686,ms
6,sample_sd,ALL,37,exact_depth,5,wait_median_ms,6.957970668258647,ms
6,min,ALL,37,exact_depth,5,wait_median_ms,185.9995925,ms
6,max,ALL,37,exact_depth,5,wait_median_ms,201.344187,ms
6,mean,ALL,37,exact_depth,5,wait_p95_ms,201.16117212,ms
6,sample_sd,ALL,37,exact_depth,5,wait_p95_ms,6.868667548098496,ms
6,min,ALL,37,exact_depth,5,wait_p95_ms,191.2115094,ms
6,max,ALL,37,exact_depth,5,wait_p95_ms,208.056165,ms
6,mean,ALL,38,exact_depth,5,frame_count,15.2,frames
6,sample_sd,ALL,38,exact_depth,5,frame_count,8.228000972289685,frames
6,min,ALL,38,exact_depth,5,frame_count,6.0,frames
6,max,ALL,38,exact_depth,5,frame_count,27.0,frames
6,mean,ALL,38,exact_depth,5,wait_mean_ms,199.92100765694445,ms
6,sample_sd,ALL,38,exact_depth,5,wait_mean_ms,4.5103060011916405,ms
6,min,ALL,38,exact_depth,5,wait_mean_ms,194.373942,ms
6,max,ALL,38,exact_depth,5,wait_mean_ms,204.9151957777778,ms
6,mean,ALL,38,exact_depth,5,wait_median_ms,199.6812179,ms
6,sample_sd,ALL,38,exact_depth,5,wait_median_ms,5.36576725905013,ms
6,min,ALL,38,exact_depth,5,wait_median_ms,193.255767,ms
6,max,ALL,38,exact_depth,5,wait_median_ms,205.011886,ms
6,mean,ALL,38,exact_depth,5,wait_p95_ms,206.53669063999996,ms
6,sample_sd,ALL,38,exact_depth,5,wait_p95_ms,5.456513245763165,ms
6,min,ALL,38,exact_depth,5,wait_p95_ms,198.48939225,ms
6,max,ALL,38,exact_depth,5,wait_p95_ms,212.34391019999998,ms
6,mean,ALL,39,exact_depth,5,frame_count,11.0,frames
6,sample_sd,ALL,39,exact_depth,5,frame_count,9.354143466934854,frames
6,min,ALL,39,exact_depth,5,frame_count,2.0,frames
6,max,ALL,39,exact_depth,5,frame_count,26.0,frames
6,mean,ALL,39,exact_depth,5,wait_mean_ms,204.29557518529913,ms
6,sample_sd,ALL,39,exact_depth,5,wait_mean_ms,5.680935247035796,ms
6,min,ALL,39,exact_depth,5,wait_mean_ms,196.5291885,ms
6,max,ALL,39,exact_depth,5,wait_mean_ms,211.0100931923077,ms
6,mean,ALL,39,exact_depth,5,wait_median_ms,203.9689454,ms
6,sample_sd,ALL,39,exact_depth,5,wait_median_ms,6.124144069983937,ms
6,min,ALL,39,exact_depth,5,wait_median_ms,196.5291885,ms
6,max,ALL,39,exact_depth,5,wait_median_ms,210.7153815,ms
6,mean,ALL,39,exact_depth,5,wait_p95_ms,209.69237393000003,ms
6,sample_sd,ALL,39,exact_depth,5,wait_p95_ms,8.653820543827024,ms
6,min,ALL,39,exact_depth,5,wait_p95_ms,196.73966025,ms
6,max,ALL,39,exact_depth,5,wait_p95_ms,220.591591,ms
6,mean,ALL,4,exact_depth,5,frame_count,1476.8,frames
6,sample_sd,ALL,4,exact_depth,5,frame_count,272.2153559224755,frames
6,min,ALL,4,exact_depth,5,frame_count,993.0,frames
6,max,ALL,4,exact_depth,5,frame_count,1629.0,frames
6,mean,ALL,4,exact_depth,5,wait_mean_ms,20.75898092945804,ms
6,sample_sd,ALL,4,exact_depth,5,wait_mean_ms,0.20624336009954647,ms
6,min,ALL,4,exact_depth,5,wait_mean_ms,20.5010478213628,ms
6,max,ALL,4,exact_depth,5,wait_mean_ms,21.01830551109741,ms
6,mean,ALL,4,exact_depth,5,wait_median_ms,19.987930999999996,ms
6,sample_sd,ALL,4,exact_depth,5,wait_median_ms,0.14049506405208614,ms
6,min,ALL,4,exact_depth,5,wait_median_ms,19.846036,ms
6,max,ALL,4,exact_depth,5,wait_median_ms,20.185916,ms
6,mean,ALL,4,exact_depth,5,wait_p95_ms,24.02644862,ms
6,sample_sd,ALL,4,exact_depth,5,wait_p95_ms,0.10591282422196019,ms
6,min,ALL,4,exact_depth,5,wait_p95_ms,23.913422,ms
6,max,ALL,4,exact_depth,5,wait_p95_ms,24.143066899999997,ms
6,mean,ALL,40,exact_depth,4,frame_count,11.5,frames
6,sample_sd,ALL,40,exact_depth,4,frame_count,8.34665601703261,frames
6,min,ALL,40,exact_depth,4,frame_count,3.0,frames
6,max,ALL,40,exact_depth,4,frame_count,22.0,frames
6,mean,ALL,40,exact_depth,4,wait_mean_ms,209.21512076352815,ms
6,sample_sd,ALL,40,exact_depth,4,wait_mean_ms,2.9203879882768176,ms
6,min,ALL,40,exact_depth,4,wait_mean_ms,206.3829667857143,ms
6,max,ALL,40,exact_depth,4,wait_mean_ms,212.95276236363637,ms
6,mean,ALL,40,exact_depth,4,wait_median_ms,209.13035375,ms
6,sample_sd,ALL,40,exact_depth,4,wait_median_ms,2.638571822979927,ms
6,min,ALL,40,exact_depth,4,wait_median_ms,206.789041,ms
6,max,ALL,40,exact_depth,4,wait_median_ms,212.703795,ms
6,mean,ALL,40,exact_depth,4,wait_p95_ms,214.99422134999998,ms
6,sample_sd,ALL,40,exact_depth,4,wait_p95_ms,6.839835876269424,ms
6,min,ALL,40,exact_depth,4,wait_p95_ms,207.5810644,ms
6,max,ALL,40,exact_depth,4,wait_p95_ms,224.12827965,ms
6,mean,ALL,41,exact_depth,4,frame_count,9.25,frames
6,sample_sd,ALL,41,exact_depth,4,frame_count,8.99536917900909,frames
6,min,ALL,41,exact_depth,4,frame_count,1.0,frames
6,max,ALL,41,exact_depth,4,frame_count,18.0,frames
6,mean,ALL,41,exact_depth,4,wait_mean_ms,214.97125283333332,ms
6,sample_sd,ALL,41,exact_depth,4,wait_mean_ms,1.9858735885481371,ms
6,min,ALL,41,exact_depth,4,wait_mean_ms,213.114028,ms
6,max,ALL,41,exact_depth,4,wait_mean_ms,217.2948835,ms
6,mean,ALL,41,exact_depth,4,wait_median_ms,214.35873875,ms
6,sample_sd,ALL,41,exact_depth,4,wait_median_ms,1.2795794732949455,ms
6,min,ALL,41,exact_depth,4,wait_median_ms,213.114028,ms
6,max,ALL,41,exact_depth,4,wait_median_ms,215.9367515,ms
6,mean,ALL,41,exact_depth,4,wait_p95_ms,220.88708222499997,ms
6,sample_sd,ALL,41,exact_depth,4,wait_p95_ms,7.446613637751631,ms
6,min,ALL,41,exact_depth,4,wait_p95_ms,213.114028,ms
6,max,ALL,41,exact_depth,4,wait_p95_ms,230.2447725,ms
6,mean,ALL,42,exact_depth,2,frame_count,17.0,frames
6,sample_sd,ALL,42,exact_depth,2,frame_count,7.0710678118654755,frames
6,min,ALL,42,exact_depth,2,frame_count,12.0,frames
6,max,ALL,42,exact_depth,2,frame_count,22.0,frames
6,mean,ALL,42,exact_depth,2,wait_mean_ms,219.7815774507576,ms
6,sample_sd,ALL,42,exact_depth,2,wait_mean_ms,3.4681902828156335,ms
6,min,ALL,42,exact_depth,2,wait_mean_ms,217.32919658333336,ms
6,max,ALL,42,exact_depth,2,wait_mean_ms,222.2339583181818,ms
6,mean,ALL,42,exact_depth,2,wait_median_ms,219.1279065,ms
6,sample_sd,ALL,42,exact_depth,2,wait_median_ms,3.0018231425219684,ms
6,min,ALL,42,exact_depth,2,wait_median_ms,217.005297,ms
6,max,ALL,42,exact_depth,2,wait_median_ms,221.250516,ms
6,mean,ALL,42,exact_depth,2,wait_p95_ms,230.420906475,ms
6,sample_sd,ALL,42,exact_depth,2,wait_p95_ms,6.68385765876731,ms
6,min,ALL,42,exact_depth,2,wait_p95_ms,225.6947054,ms
6,max,ALL,42,exact_depth,2,wait_p95_ms,235.14710755000002,ms
6,mean,ALL,43,exact_depth,2,frame_count,14.0,frames
6,sample_sd,ALL,43,exact_depth,2,frame_count,1.4142135623730951,frames
6,min,ALL,43,exact_depth,2,frame_count,13.0,frames
6,max,ALL,43,exact_depth,2,frame_count,15.0,frames
6,mean,ALL,43,exact_depth,2,wait_mean_ms,225.26584017435897,ms
6,sample_sd,ALL,43,exact_depth,2,wait_mean_ms,3.2891843507307073,ms
6,min,ALL,43,exact_depth,2,wait_mean_ms,222.9400356153846,ms
6,max,ALL,43,exact_depth,2,wait_mean_ms,227.5916447333333,ms
6,mean,ALL,43,exact_depth,2,wait_median_ms,225.373223,ms
6,sample_sd,ALL,43,exact_depth,2,wait_median_ms,1.1068695999303586,ms
6,min,ALL,43,exact_depth,2,wait_median_ms,224.590548,ms
6,max,ALL,43,exact_depth,2,wait_median_ms,226.155898,ms
6,mean,ALL,43,exact_depth,2,wait_p95_ms,233.8145958,ms
6,sample_sd,ALL,43,exact_depth,2,wait_p95_ms,3.8304059189688817,ms
6,min,ALL,43,exact_depth,2,wait_p95_ms,231.1060898,ms
6,max,ALL,43,exact_depth,2,wait_p95_ms,236.52310179999998,ms
6,mean,ALL,44,exact_depth,2,frame_count,12.5,frames
6,sample_sd,ALL,44,exact_depth,2,frame_count,4.949747468305833,frames
6,min,ALL,44,exact_depth,2,frame_count,9.0,frames
6,max,ALL,44,exact_depth,2,frame_count,16.0,frames
6,mean,ALL,44,exact_depth,2,wait_mean_ms,231.76579083680554,ms
6,sample_sd,ALL,44,exact_depth,2,wait_mean_ms,5.4897299496855565,ms
6,min,ALL,44,exact_depth,2,wait_mean_ms,227.8839655625,ms
6,max,ALL,44,exact_depth,2,wait_mean_ms,235.6476161111111,ms
6,mean,ALL,44,exact_depth,2,wait_median_ms,233.2299185,ms
6,sample_sd,ALL,44,exact_depth,2,wait_median_ms,4.923224600050307,ms
6,min,ALL,44,exact_depth,2,wait_median_ms,229.748673,ms
6,max,ALL,44,exact_depth,2,wait_median_ms,236.711164,ms
6,mean,ALL,44,exact_depth,2,wait_p95_ms,239.240848675,ms
6,sample_sd,ALL,44,exact_depth,2,wait_p95_ms,5.945359367004717,ms
6,min,ALL,44,exact_depth,2,wait_p95_ms,235.03684475,ms
6,max,ALL,44,exact_depth,2,wait_p95_ms,243.4448526,ms
6,mean,ALL,45,exact_depth,2,frame_count,10.0,frames
6,sample_sd,ALL,45,exact_depth,2,frame_count,7.0710678118654755,frames
6,min,ALL,45,exact_depth,2,frame_count,5.0,frames
6,max,ALL,45,exact_depth,2,frame_count,15.0,frames
6,mean,ALL,45,exact_depth,2,wait_mean_ms,236.97482589999998,ms
6,sample_sd,ALL,45,exact_depth,2,wait_mean_ms,5.800209542776228,ms
6,min,ALL,45,exact_depth,2,wait_mean_ms,232.8734584,ms
6,max,ALL,45,exact_depth,2,wait_mean_ms,241.0761934,ms
6,mean,ALL,45,exact_depth,2,wait_median_ms,238.57179100000002,ms
6,sample_sd,ALL,45,exact_depth,2,wait_median_ms,4.2904057501884445,ms
6,min,ALL,45,exact_depth,2,wait_median_ms,235.538016,ms
6,max,ALL,45,exact_depth,2,wait_median_ms,241.605566,ms
6,mean,ALL,45,exact_depth,2,wait_p95_ms,241.9125861,ms
6,sample_sd,ALL,45,exact_depth,2,wait_p95_ms,1.2747057785070246,ms
6,min,ALL,45,exact_depth,2,wait_p95_ms,241.011233,ms
6,max,ALL,45,exact_depth,2,wait_p95_ms,242.8139392,ms
6,mean,ALL,46,exact_depth,2,frame_count,7.0,frames
6,sample_sd,ALL,46,exact_depth,2,frame_count,8.48528137423857,frames
6,min,ALL,46,exact_depth,2,frame_count,1.0,frames
6,max,ALL,46,exact_depth,2,frame_count,13.0,frames
6,mean,ALL,46,exact_depth,2,wait_mean_ms,239.92948003846152,ms
6,sample_sd,ALL,46,exact_depth,2,wait_mean_ms,3.2691285433007713,ms
6,min,ALL,46,exact_depth,2,wait_mean_ms,237.61785707692306,ms
6,max,ALL,46,exact_depth,2,wait_mean_ms,242.241103,ms
6,mean,ALL,46,exact_depth,2,wait_median_ms,240.52185450000002,ms
6,sample_sd,ALL,46,exact_depth,2,wait_median_ms,2.4313845457896086,ms
6,min,ALL,46,exact_depth,2,wait_median_ms,238.802606,ms
6,max,ALL,46,exact_depth,2,wait_median_ms,242.241103,ms
6,mean,ALL,46,exact_depth,2,wait_p95_ms,243.414216,ms
6,sample_sd,ALL,46,exact_depth,2,wait_p95_ms,1.6590323147961896,ms
6,min,ALL,46,exact_depth,2,wait_p95_ms,242.241103,ms
6,max,ALL,46,exact_depth,2,wait_p95_ms,244.587329,ms
6,mean,ALL,47,exact_depth,1,frame_count,11.0,frames
6,min,ALL,47,exact_depth,1,frame_count,11.0,frames
6,max,ALL,47,exact_depth,1,frame_count,11.0,frames
6,mean,ALL,47,exact_depth,1,wait_mean_ms,240.930414,ms
6,min,ALL,47,exact_depth,1,wait_mean_ms,240.930414,ms
6,max,ALL,47,exact_depth,1,wait_mean_ms,240.930414,ms
6,mean,ALL,47,exact_depth,1,wait_median_ms,243.155983,ms
6,min,ALL,47,exact_depth,1,wait_median_ms,243.155983,ms
6,max,ALL,47,exact_depth,1,wait_median_ms,243.155983,ms
6,mean,ALL,47,exact_depth,1,wait_p95_ms,248.1100375,ms
6,min,ALL,47,exact_depth,1,wait_p95_ms,248.1100375,ms
6,max,ALL,47,exact_depth,1,wait_p95_ms,248.1100375,ms
6,mean,ALL,48,exact_depth,1,frame_count,7.0,frames
6,min,ALL,48,exact_depth,1,frame_count,7.0,frames
6,max,ALL,48,exact_depth,1,frame_count,7.0,frames
6,mean,ALL,48,exact_depth,1,wait_mean_ms,247.22128957142857,ms
6,min,ALL,48,exact_depth,1,wait_mean_ms,247.22128957142857,ms
6,max,ALL,48,exact_depth,1,wait_mean_ms,247.22128957142857,ms
6,mean,ALL,48,exact_depth,1,wait_median_ms,249.196579,ms
6,min,ALL,48,exact_depth,1,wait_median_ms,249.196579,ms
6,max,ALL,48,exact_depth,1,wait_median_ms,249.196579,ms
6,mean,ALL,48,exact_depth,1,wait_p95_ms,251.9084867,ms
6,min,ALL,48,exact_depth,1,wait_p95_ms,251.9084867,ms
6,max,ALL,48,exact_depth,1,wait_p95_ms,251.9084867,ms
6,mean,ALL,49,exact_depth,1,frame_count,5.0,frames
6,min,ALL,49,exact_depth,1,frame_count,5.0,frames
6,max,ALL,49,exact_depth,1,frame_count,5.0,frames
6,mean,ALL,49,exact_depth,1,wait_mean_ms,250.5869754,ms
6,min,ALL,49,exact_depth,1,wait_mean_ms,250.5869754,ms
6,max,ALL,49,exact_depth,1,wait_mean_ms,250.5869754,ms
6,mean,ALL,49,exact_depth,1,wait_median_ms,250.507844,ms
6,min,ALL,49,exact_depth,1,wait_median_ms,250.507844,ms
6,max,ALL,49,exact_depth,1,wait_median_ms,250.507844,ms
6,mean,ALL,49,exact_depth,1,wait_p95_ms,257.4416498,ms
6,min,ALL,49,exact_depth,1,wait_p95_ms,257.4416498,ms
6,max,ALL,49,exact_depth,1,wait_p95_ms,257.4416498,ms
6,mean,ALL,5,exact_depth,5,frame_count,14.2,frames
6,sample_sd,ALL,5,exact_depth,5,frame_count,5.403702434442518,frames
6,min,ALL,5,exact_depth,5,frame_count,9.0,frames
6,max,ALL,5,exact_depth,5,frame_count,23.0,frames
6,mean,ALL,5,exact_depth,5,wait_mean_ms,29.70864166519915,ms
6,sample_sd,ALL,5,exact_depth,5,wait_mean_ms,0.9385323533106141,ms
6,min,ALL,5,exact_depth,5,wait_mean_ms,28.164584846153847,ms
6,max,ALL,5,exact_depth,5,wait_mean_ms,30.515984,ms
6,mean,ALL,5,exact_depth,5,wait_median_ms,25.5152988,ms
6,sample_sd,ALL,5,exact_depth,5,wait_median_ms,0.7102211792555889,ms
6,min,ALL,5,exact_depth,5,wait_median_ms,24.869135,ms
6,max,ALL,5,exact_depth,5,wait_median_ms,26.608787,ms
6,mean,ALL,5,exact_depth,5,wait_p95_ms,44.53797161999998,ms
6,sample_sd,ALL,5,exact_depth,5,wait_p95_ms,8.19827093132295,ms
6,min,ALL,5,exact_depth,5,wait_p95_ms,33.461487399999996,ms
6,max,ALL,5,exact_depth,5,wait_p95_ms,52.807811,ms
6,mean,ALL,50,exact_depth,1,frame_count,6.0,frames
6,min,ALL,50,exact_depth,1,frame_count,6.0,frames
6,max,ALL,50,exact_depth,1,frame_count,6.0,frames
6,mean,ALL,50,exact_depth,1,wait_mean_ms,253.00590583333334,ms
6,min,ALL,50,exact_depth,1,wait_mean_ms,253.00590583333334,ms
6,max,ALL,50,exact_depth,1,wait_mean_ms,253.00590583333334,ms
6,mean,ALL,50,exact_depth,1,wait_median_ms,250.35017,ms
6,min,ALL,50,exact_depth,1,wait_median_ms,250.35017,ms
6,max,ALL,50,exact_depth,1,wait_median_ms,250.35017,ms
6,mean,ALL,50,exact_depth,1,wait_p95_ms,261.9667915,ms
6,min,ALL,50,exact_depth,1,wait_p95_ms,261.9667915,ms
6,max,ALL,50,exact_depth,1,wait_p95_ms,261.9667915,ms
6,mean,ALL,51,exact_depth,1,frame_count,2.0,frames
6,min,ALL,51,exact_depth,1,frame_count,2.0,frames
6,max,ALL,51,exact_depth,1,frame_count,2.0,frames
6,mean,ALL,51,exact_depth,1,wait_mean_ms,261.7754935,ms
6,min,ALL,51,exact_depth,1,wait_mean_ms,261.7754935,ms
6,max,ALL,51,exact_depth,1,wait_mean_ms,261.7754935,ms
6,mean,ALL,51,exact_depth,1,wait_median_ms,261.7754935,ms
6,min,ALL,51,exact_depth,1,wait_median_ms,261.7754935,ms
6,max,ALL,51,exact_depth,1,wait_median_ms,261.7754935,ms
6,mean,ALL,51,exact_depth,1,wait_p95_ms,265.01590975,ms
6,min,ALL,51,exact_depth,1,wait_p95_ms,265.01590975,ms
6,max,ALL,51,exact_depth,1,wait_p95_ms,265.01590975,ms
6,mean,ALL,6,exact_depth,5,frame_count,12.2,frames
6,sample_sd,ALL,6,exact_depth,5,frame_count,6.058052492344384,frames
6,min,ALL,6,exact_depth,5,frame_count,6.0,frames
6,max,ALL,6,exact_depth,5,frame_count,19.0,frames
6,mean,ALL,6,exact_depth,5,wait_mean_ms,36.297096378362575,ms
6,sample_sd,ALL,6,exact_depth,5,wait_mean_ms,1.8136348269875688,ms
6,min,ALL,6,exact_depth,5,wait_mean_ms,34.526003,ms
6,max,ALL,6,exact_depth,5,wait_mean_ms,39.12096966666667,ms
6,mean,ALL,6,exact_depth,5,wait_median_ms,32.334169700000004,ms
6,sample_sd,ALL,6,exact_depth,5,wait_median_ms,2.2406781838678778,ms
6,min,ALL,6,exact_depth,5,wait_median_ms,30.324535,ms
6,max,ALL,6,exact_depth,5,wait_median_ms,34.770974,ms
6,mean,ALL,6,exact_depth,5,wait_p95_ms,52.522530429999975,ms
6,sample_sd,ALL,6,exact_depth,5,wait_p95_ms,10.487097898285096,ms
6,min,ALL,6,exact_depth,5,wait_p95_ms,41.94166309999992,ms
6,max,ALL,6,exact_depth,5,wait_p95_ms,69.6728315,ms
6,mean,ALL,7,exact_depth,5,frame_count,15.8,frames
6,sample_sd,ALL,7,exact_depth,5,frame_count,10.917875251164945,frames
6,min,ALL,7,exact_depth,5,frame_count,6.0,frames
6,max,ALL,7,exact_depth,5,frame_count,32.0,frames
6,mean,ALL,7,exact_depth,5,wait_mean_ms,41.02690374265152,ms
6,sample_sd,ALL,7,exact_depth,5,wait_mean_ms,1.7408916234952438,ms
6,min,ALL,7,exact_depth,5,wait_mean_ms,38.813681200000005,ms
6,max,ALL,7,exact_depth,5,wait_mean_ms,43.635460333333334,ms
6,mean,ALL,7,exact_depth,5,wait_median_ms,37.5229482,ms
6,sample_sd,ALL,7,exact_depth,5,wait_median_ms,1.799761142286685,ms
6,min,ALL,7,exact_depth,5,wait_median_ms,35.197581,ms
6,max,ALL,7,exact_depth,5,wait_median_ms,39.4030935,ms
6,mean,ALL,7,exact_depth,5,wait_p95_ms,55.849729849999996,ms
6,sample_sd,ALL,7,exact_depth,5,wait_p95_ms,13.301286154975596,ms
6,min,ALL,7,exact_depth,5,wait_p95_ms,43.30349795,ms
6,max,ALL,7,exact_depth,5,wait_p95_ms,74.89831275,ms
6,mean,ALL,8,exact_depth,5,frame_count,16.8,frames
6,sample_sd,ALL,8,exact_depth,5,frame_count,11.987493482792805,frames
6,min,ALL,8,exact_depth,5,frame_count,7.0,frames
6,max,ALL,8,exact_depth,5,frame_count,36.0,frames
6,mean,ALL,8,exact_depth,5,wait_mean_ms,46.763882967142855,ms
6,sample_sd,ALL,8,exact_depth,5,wait_mean_ms,2.1856399731539935,ms
6,min,ALL,8,exact_depth,5,wait_mean_ms,45.02649541666666,ms
6,max,ALL,8,exact_depth,5,wait_mean_ms,50.391420200000006,ms
6,mean,ALL,8,exact_depth,5,wait_median_ms,42.3354286,ms
6,sample_sd,ALL,8,exact_depth,5,wait_median_ms,1.9792598931513339,ms
6,min,ALL,8,exact_depth,5,wait_median_ms,39.073553,ms
6,max,ALL,8,exact_depth,5,wait_median_ms,43.9601895,ms
6,mean,ALL,8,exact_depth,5,wait_p95_ms,63.59235355999999,ms
6,sample_sd,ALL,8,exact_depth,5,wait_p95_ms,17.15521350232105,ms
6,min,ALL,8,exact_depth,5,wait_p95_ms,47.284177,ms
6,max,ALL,8,exact_depth,5,wait_p95_ms,84.68576854999999,ms
6,mean,ALL,9,exact_depth,5,frame_count,16.4,frames
6,sample_sd,ALL,9,exact_depth,5,frame_count,9.555103348473002,frames
6,min,ALL,9,exact_depth,5,frame_count,9.0,frames
6,max,ALL,9,exact_depth,5,frame_count,30.0,frames
6,mean,ALL,9,exact_depth,5,wait_mean_ms,51.057294069371984,ms
6,sample_sd,ALL,9,exact_depth,5,wait_mean_ms,1.0219354727539116,ms
6,min,ALL,9,exact_depth,5,wait_mean_ms,50.32698739130435,ms
6,max,ALL,9,exact_depth,5,wait_mean_ms,52.8422241,ms
6,mean,ALL,9,exact_depth,5,wait_median_ms,47.1091693,ms
6,sample_sd,ALL,9,exact_depth,5,wait_median_ms,1.5326436155405467,ms
6,min,ALL,9,exact_depth,5,wait_median_ms,45.194691,ms
6,max,ALL,9,exact_depth,5,wait_median_ms,48.440348,ms
6,mean,ALL,9,exact_depth,5,wait_p95_ms,67.69834402999997,ms
6,sample_sd,ALL,9,exact_depth,5,wait_p95_ms,11.211160608474428,ms
6,min,ALL,9,exact_depth,5,wait_p95_ms,56.55657305,ms
6,max,ALL,9,exact_depth,5,wait_p95_ms,79.40918119999998,ms
6,mean,ALL,ALL,all_depths_within_run,5,Pearson,0.9955504561187241,correlation
6,sample_sd,ALL,ALL,all_depths_within_run,5,Pearson,0.0007178246327761843,correlation
6,min,ALL,ALL,all_depths_within_run,5,Pearson,0.9946571238882376,correlation
6,max,ALL,ALL,all_depths_within_run,5,Pearson,0.996559906955696,correlation
6,mean,ALL,ALL,all_depths_within_run,5,Spearman,0.9795048804321711,correlation
6,sample_sd,ALL,ALL,all_depths_within_run,5,Spearman,0.006097743794866112,correlation
6,min,ALL,ALL,all_depths_within_run,5,Spearman,0.9750861656440849,correlation
6,max,ALL,ALL,all_depths_within_run,5,Spearman,0.9900227208509249,correlation
7,mean,ALL,ALL,all_depths_within_run,5,Pearson,0.9925025945764684,correlation
7,sample_sd,ALL,ALL,all_depths_within_run,5,Pearson,0.00041187123515149817,correlation
7,min,ALL,ALL,all_depths_within_run,5,Pearson,0.9921041967930804,correlation
7,max,ALL,ALL,all_depths_within_run,5,Pearson,0.9931130452217994,correlation
7,mean,ALL,ALL,all_depths_within_run,5,Spearman,0.9901619580253904,correlation
7,sample_sd,ALL,ALL,all_depths_within_run,5,Spearman,0.0005260463263848275,correlation
7,min,ALL,ALL,all_depths_within_run,5,Spearman,0.9894055437611844,correlation
7,max,ALL,ALL,all_depths_within_run,5,Spearman,0.990700758779852,correlation
7,mean,ALL,"[0,50)",50_frame_bin_left_closed,5,frame_count,80.4,frames
7,sample_sd,ALL,"[0,50)",50_frame_bin_left_closed,5,frame_count,29.364945087638084,frames
7,min,ALL,"[0,50)",50_frame_bin_left_closed,5,frame_count,56.0,frames
7,max,ALL,"[0,50)",50_frame_bin_left_closed,5,frame_count,121.0,frames
7,mean,ALL,"[0,50)",50_frame_bin_left_closed,5,wait_mean_ms,195.72994868687584,ms
7,sample_sd,ALL,"[0,50)",50_frame_bin_left_closed,5,wait_mean_ms,16.592797611816057,ms
7,min,ALL,"[0,50)",50_frame_bin_left_closed,5,wait_mean_ms,178.5764838923077,ms
7,max,ALL,"[0,50)",50_frame_bin_left_closed,5,wait_mean_ms,220.0755542413793,ms
7,mean,ALL,"[0,50)",50_frame_bin_left_closed,5,wait_median_ms,210.2531889,ms
7,sample_sd,ALL,"[0,50)",50_frame_bin_left_closed,5,wait_median_ms,23.092100192698226,ms
7,min,ALL,"[0,50)",50_frame_bin_left_closed,5,wait_median_ms,178.838838,ms
7,max,ALL,"[0,50)",50_frame_bin_left_closed,5,wait_median_ms,236.5646765,ms
7,mean,ALL,"[0,50)",50_frame_bin_left_closed,5,wait_p95_ms,291.45866519000003,ms
7,sample_sd,ALL,"[0,50)",50_frame_bin_left_closed,5,wait_p95_ms,16.348891934871578,ms
7,min,ALL,"[0,50)",50_frame_bin_left_closed,5,wait_p95_ms,274.876848,ms
7,max,ALL,"[0,50)",50_frame_bin_left_closed,5,wait_p95_ms,311.3141415,ms
7,mean,ALL,"[100,150)",50_frame_bin_left_closed,5,frame_count,394.2,frames
7,sample_sd,ALL,"[100,150)",50_frame_bin_left_closed,5,frame_count,79.12142566966295,frames
7,min,ALL,"[100,150)",50_frame_bin_left_closed,5,frame_count,326.0,frames
7,max,ALL,"[100,150)",50_frame_bin_left_closed,5,frame_count,520.0,frames
7,mean,ALL,"[100,150)",50_frame_bin_left_closed,5,wait_mean_ms,681.1709621441761,ms
7,sample_sd,ALL,"[100,150)",50_frame_bin_left_closed,5,wait_mean_ms,14.83637673241839,ms
7,min,ALL,"[100,150)",50_frame_bin_left_closed,5,wait_mean_ms,662.4856054807693,ms
7,max,ALL,"[100,150)",50_frame_bin_left_closed,5,wait_mean_ms,700.1581469246988,ms
7,mean,ALL,"[100,150)",50_frame_bin_left_closed,5,wait_median_ms,687.2622801,ms
7,sample_sd,ALL,"[100,150)",50_frame_bin_left_closed,5,wait_median_ms,14.243789682324815,ms
7,min,ALL,"[100,150)",50_frame_bin_left_closed,5,wait_median_ms,672.783066,ms
7,max,ALL,"[100,150)",50_frame_bin_left_closed,5,wait_median_ms,705.2045135,ms
7,mean,ALL,"[100,150)",50_frame_bin_left_closed,5,wait_p95_ms,797.94393928,ms
7,sample_sd,ALL,"[100,150)",50_frame_bin_left_closed,5,wait_p95_ms,20.48992264040678,ms
7,min,ALL,"[100,150)",50_frame_bin_left_closed,5,wait_p95_ms,766.95701125,ms
7,max,ALL,"[100,150)",50_frame_bin_left_closed,5,wait_p95_ms,824.2672295499999,ms
7,mean,ALL,"[1000,1050)",50_frame_bin_left_closed,5,frame_count,475.2,frames
7,sample_sd,ALL,"[1000,1050)",50_frame_bin_left_closed,5,frame_count,43.98522479196849,frames
7,min,ALL,"[1000,1050)",50_frame_bin_left_closed,5,frame_count,412.0,frames
7,max,ALL,"[1000,1050)",50_frame_bin_left_closed,5,frame_count,535.0,frames
7,mean,ALL,"[1000,1050)",50_frame_bin_left_closed,5,wait_mean_ms,5479.388243126783,ms
7,sample_sd,ALL,"[1000,1050)",50_frame_bin_left_closed,5,wait_mean_ms,38.07078693794947,ms
7,min,ALL,"[1000,1050)",50_frame_bin_left_closed,5,wait_mean_ms,5434.592164983158,ms
7,max,ALL,"[1000,1050)",50_frame_bin_left_closed,5,wait_mean_ms,5530.896513674757,ms
7,mean,ALL,"[1000,1050)",50_frame_bin_left_closed,5,wait_median_ms,5483.550909200001,ms
7,sample_sd,ALL,"[1000,1050)",50_frame_bin_left_closed,5,wait_median_ms,34.308438084284376,ms
7,min,ALL,"[1000,1050)",50_frame_bin_left_closed,5,wait_median_ms,5436.7573,ms
7,max,ALL,"[1000,1050)",50_frame_bin_left_closed,5,wait_median_ms,5525.8634605,ms
7,mean,ALL,"[1000,1050)",50_frame_bin_left_closed,5,wait_p95_ms,5598.63017725,ms
7,sample_sd,ALL,"[1000,1050)",50_frame_bin_left_closed,5,wait_p95_ms,35.16722530526268,ms
7,min,ALL,"[1000,1050)",50_frame_bin_left_closed,5,wait_p95_ms,5547.540608,ms
7,max,ALL,"[1000,1050)",50_frame_bin_left_closed,5,wait_p95_ms,5633.2232678,ms
7,mean,ALL,"[1050,1100)",50_frame_bin_left_closed,5,frame_count,443.8,frames
7,sample_sd,ALL,"[1050,1100)",50_frame_bin_left_closed,5,frame_count,41.05727706509529,frames
7,min,ALL,"[1050,1100)",50_frame_bin_left_closed,5,frame_count,392.0,frames
7,max,ALL,"[1050,1100)",50_frame_bin_left_closed,5,frame_count,505.0,frames
7,mean,ALL,"[1050,1100)",50_frame_bin_left_closed,5,wait_mean_ms,5754.773688366125,ms
7,sample_sd,ALL,"[1050,1100)",50_frame_bin_left_closed,5,wait_mean_ms,26.08880846292109,ms
7,min,ALL,"[1050,1100)",50_frame_bin_left_closed,5,wait_mean_ms,5724.510313883168,ms
7,max,ALL,"[1050,1100)",50_frame_bin_left_closed,5,wait_mean_ms,5787.3115054736845,ms
7,mean,ALL,"[1050,1100)",50_frame_bin_left_closed,5,wait_median_ms,5754.8979072,ms
7,sample_sd,ALL,"[1050,1100)",50_frame_bin_left_closed,5,wait_median_ms,24.219281292067453,ms
7,min,ALL,"[1050,1100)",50_frame_bin_left_closed,5,wait_median_ms,5725.743756,ms
7,max,ALL,"[1050,1100)",50_frame_bin_left_closed,5,wait_median_ms,5780.130268,ms
7,mean,ALL,"[1050,1100)",50_frame_bin_left_closed,5,wait_p95_ms,5875.019250620001,ms
7,sample_sd,ALL,"[1050,1100)",50_frame_bin_left_closed,5,wait_p95_ms,39.816322170978275,ms
7,min,ALL,"[1050,1100)",50_frame_bin_left_closed,5,wait_p95_ms,5814.632487899999,ms
7,max,ALL,"[1050,1100)",50_frame_bin_left_closed,5,wait_p95_ms,5920.890252,ms
7,mean,ALL,"[1100,1150)",50_frame_bin_left_closed,5,frame_count,453.6,frames
7,sample_sd,ALL,"[1100,1150)",50_frame_bin_left_closed,5,frame_count,38.94611662284187,frames
7,min,ALL,"[1100,1150)",50_frame_bin_left_closed,5,frame_count,405.0,frames
7,max,ALL,"[1100,1150)",50_frame_bin_left_closed,5,frame_count,509.0,frames
7,mean,ALL,"[1100,1150)",50_frame_bin_left_closed,5,wait_mean_ms,6031.88583630926,ms
7,sample_sd,ALL,"[1100,1150)",50_frame_bin_left_closed,5,wait_mean_ms,50.50344624591617,ms
7,min,ALL,"[1100,1150)",50_frame_bin_left_closed,5,wait_mean_ms,5948.854672845291,ms
7,max,ALL,"[1100,1150)",50_frame_bin_left_closed,5,wait_mean_ms,6082.02675934321,ms
7,mean,ALL,"[1100,1150)",50_frame_bin_left_closed,5,wait_median_ms,6031.781507999999,ms
7,sample_sd,ALL,"[1100,1150)",50_frame_bin_left_closed,5,wait_median_ms,49.308971979471934,ms
7,min,ALL,"[1100,1150)",50_frame_bin_left_closed,5,wait_median_ms,5949.258281,ms
7,max,ALL,"[1100,1150)",50_frame_bin_left_closed,5,wait_median_ms,6076.593268,ms
7,mean,ALL,"[1100,1150)",50_frame_bin_left_closed,5,wait_p95_ms,6159.44727759,ms
7,sample_sd,ALL,"[1100,1150)",50_frame_bin_left_closed,5,wait_p95_ms,55.53824553378369,ms
7,min,ALL,"[1100,1150)",50_frame_bin_left_closed,5,wait_p95_ms,6064.66551925,ms
7,max,ALL,"[1100,1150)",50_frame_bin_left_closed,5,wait_p95_ms,6211.163444399999,ms
7,mean,ALL,"[1150,1200)",50_frame_bin_left_closed,5,frame_count,459.4,frames
7,sample_sd,ALL,"[1150,1200)",50_frame_bin_left_closed,5,frame_count,40.87542048713383,frames
7,min,ALL,"[1150,1200)",50_frame_bin_left_closed,5,frame_count,400.0,frames
7,max,ALL,"[1150,1200)",50_frame_bin_left_closed,5,frame_count,507.0,frames
7,mean,ALL,"[1150,1200)",50_frame_bin_left_closed,5,wait_mean_ms,6311.709251349052,ms
7,sample_sd,ALL,"[1150,1200)",50_frame_bin_left_closed,5,wait_mean_ms,62.04483193127108,ms
7,min,ALL,"[1150,1200)",50_frame_bin_left_closed,5,wait_mean_ms,6205.813639930131,ms
7,max,ALL,"[1150,1200)",50_frame_bin_left_closed,5,wait_mean_ms,6364.602305117284,ms
7,mean,ALL,"[1150,1200)",50_frame_bin_left_closed,5,wait_median_ms,6310.288269900001,ms
7,sample_sd,ALL,"[1150,1200)",50_frame_bin_left_closed,5,wait_median_ms,65.5986811397217,ms
7,min,ALL,"[1150,1200)",50_frame_bin_left_closed,5,wait_median_ms,6202.7554585,ms
7,max,ALL,"[1150,1200)",50_frame_bin_left_closed,5,wait_median_ms,6366.314583,ms
7,mean,ALL,"[1150,1200)",50_frame_bin_left_closed,5,wait_p95_ms,6444.547441510001,ms
7,sample_sd,ALL,"[1150,1200)",50_frame_bin_left_closed,5,wait_p95_ms,71.9092604329944,ms
7,min,ALL,"[1150,1200)",50_frame_bin_left_closed,5,wait_p95_ms,6318.88472005,ms
7,max,ALL,"[1150,1200)",50_frame_bin_left_closed,5,wait_p95_ms,6496.63475075,ms
7,mean,ALL,"[1200,1250)",50_frame_bin_left_closed,5,frame_count,433.0,frames
7,sample_sd,ALL,"[1200,1250)",50_frame_bin_left_closed,5,frame_count,80.2215681721568,frames
7,min,ALL,"[1200,1250)",50_frame_bin_left_closed,5,frame_count,367.0,frames
7,max,ALL,"[1200,1250)",50_frame_bin_left_closed,5,frame_count,566.0,frames
7,mean,ALL,"[1200,1250)",50_frame_bin_left_closed,5,wait_mean_ms,6599.25148219914,ms
7,sample_sd,ALL,"[1200,1250)",50_frame_bin_left_closed,5,wait_mean_ms,36.10457930749131,ms
7,min,ALL,"[1200,1250)",50_frame_bin_left_closed,5,wait_mean_ms,6537.979025199647,ms
7,max,ALL,"[1200,1250)",50_frame_bin_left_closed,5,wait_mean_ms,6628.0137065037225,ms
7,mean,ALL,"[1200,1250)",50_frame_bin_left_closed,5,wait_median_ms,6600.6426357,ms
7,sample_sd,ALL,"[1200,1250)",50_frame_bin_left_closed,5,wait_median_ms,34.74972154726538,ms
7,min,ALL,"[1200,1250)",50_frame_bin_left_closed,5,wait_median_ms,6542.7364495,ms
7,max,ALL,"[1200,1250)",50_frame_bin_left_closed,5,wait_median_ms,6633.325846,ms
7,mean,ALL,"[1200,1250)",50_frame_bin_left_closed,5,wait_p95_ms,6726.129297369999,ms
7,sample_sd,ALL,"[1200,1250)",50_frame_bin_left_closed,5,wait_p95_ms,23.51769447753507,ms
7,min,ALL,"[1200,1250)",50_frame_bin_left_closed,5,wait_p95_ms,6702.37216575,ms
7,max,ALL,"[1200,1250)",50_frame_bin_left_closed,5,wait_p95_ms,6762.3778011,ms
7,mean,ALL,"[1250,1300)",50_frame_bin_left_closed,5,frame_count,440.8,frames
7,sample_sd,ALL,"[1250,1300)",50_frame_bin_left_closed,5,frame_count,40.831360496559505,frames
7,min,ALL,"[1250,1300)",50_frame_bin_left_closed,5,frame_count,394.0,frames
7,max,ALL,"[1250,1300)",50_frame_bin_left_closed,5,frame_count,491.0,frames
7,mean,ALL,"[1250,1300)",50_frame_bin_left_closed,5,wait_mean_ms,6882.123633024183,ms
7,sample_sd,ALL,"[1250,1300)",50_frame_bin_left_closed,5,wait_mean_ms,38.43475239015031,ms
7,min,ALL,"[1250,1300)",50_frame_bin_left_closed,5,wait_mean_ms,6845.562345233502,ms
7,max,ALL,"[1250,1300)",50_frame_bin_left_closed,5,wait_mean_ms,6931.30404279562,ms
7,mean,ALL,"[1250,1300)",50_frame_bin_left_closed,5,wait_median_ms,6877.0735141,ms
7,sample_sd,ALL,"[1250,1300)",50_frame_bin_left_closed,5,wait_median_ms,38.65594671747102,ms
7,min,ALL,"[1250,1300)",50_frame_bin_left_closed,5,wait_median_ms,6843.4784205,ms
7,max,ALL,"[1250,1300)",50_frame_bin_left_closed,5,wait_median_ms,6926.255582,ms
7,mean,ALL,"[1250,1300)",50_frame_bin_left_closed,5,wait_p95_ms,7005.18010775,ms
7,sample_sd,ALL,"[1250,1300)",50_frame_bin_left_closed,5,wait_p95_ms,59.76306722485299,ms
7,min,ALL,"[1250,1300)",50_frame_bin_left_closed,5,wait_p95_ms,6949.820554350001,ms
7,max,ALL,"[1250,1300)",50_frame_bin_left_closed,5,wait_p95_ms,7079.051812,ms
7,mean,ALL,"[1300,1350)",50_frame_bin_left_closed,5,frame_count,418.2,frames
7,sample_sd,ALL,"[1300,1350)",50_frame_bin_left_closed,5,frame_count,25.69435735720977,frames
7,min,ALL,"[1300,1350)",50_frame_bin_left_closed,5,frame_count,382.0,frames
7,max,ALL,"[1300,1350)",50_frame_bin_left_closed,5,frame_count,448.0,frames
7,mean,ALL,"[1300,1350)",50_frame_bin_left_closed,5,wait_mean_ms,7109.61371319368,ms
7,sample_sd,ALL,"[1300,1350)",50_frame_bin_left_closed,5,wait_mean_ms,139.79153536506323,ms
7,min,ALL,"[1300,1350)",50_frame_bin_left_closed,5,wait_mean_ms,6880.3097735598085,ms
7,max,ALL,"[1300,1350)",50_frame_bin_left_closed,5,wait_mean_ms,7236.206593104911,ms
7,mean,ALL,"[1300,1350)",50_frame_bin_left_closed,5,wait_median_ms,7111.2866351,ms
7,sample_sd,ALL,"[1300,1350)",50_frame_bin_left_closed,5,wait_median_ms,140.6635010613661,ms
7,min,ALL,"[1300,1350)",50_frame_bin_left_closed,5,wait_median_ms,6880.106946,ms
7,max,ALL,"[1300,1350)",50_frame_bin_left_closed,5,wait_median_ms,7232.171863,ms
7,mean,ALL,"[1300,1350)",50_frame_bin_left_closed,5,wait_p95_ms,7216.50248464,ms
7,sample_sd,ALL,"[1300,1350)",50_frame_bin_left_closed,5,wait_p95_ms,156.11317146482415,ms
7,min,ALL,"[1300,1350)",50_frame_bin_left_closed,5,wait_p95_ms,6966.748610850001,ms
7,max,ALL,"[1300,1350)",50_frame_bin_left_closed,5,wait_p95_ms,7346.57004325,ms
7,mean,ALL,"[1350,1400)",50_frame_bin_left_closed,5,frame_count,429.2,frames
7,sample_sd,ALL,"[1350,1400)",50_frame_bin_left_closed,5,frame_count,38.732415364911084,frames
7,min,ALL,"[1350,1400)",50_frame_bin_left_closed,5,frame_count,381.0,frames
7,max,ALL,"[1350,1400)",50_frame_bin_left_closed,5,frame_count,485.0,frames
7,mean,ALL,"[1350,1400)",50_frame_bin_left_closed,5,wait_mean_ms,7214.113713791371,ms
7,sample_sd,ALL,"[1350,1400)",50_frame_bin_left_closed,5,wait_mean_ms,333.98314410372217,ms
7,min,ALL,"[1350,1400)",50_frame_bin_left_closed,5,wait_mean_ms,6707.734871951574,ms
7,max,ALL,"[1350,1400)",50_frame_bin_left_closed,5,wait_mean_ms,7495.937789084536,ms
7,mean,ALL,"[1350,1400)",50_frame_bin_left_closed,5,wait_median_ms,7216.3571174,ms
7,sample_sd,ALL,"[1350,1400)",50_frame_bin_left_closed,5,wait_median_ms,336.78650892774357,ms
7,min,ALL,"[1350,1400)",50_frame_bin_left_closed,5,wait_median_ms,6706.999596,ms
7,max,ALL,"[1350,1400)",50_frame_bin_left_closed,5,wait_median_ms,7501.815917,ms
7,mean,ALL,"[1350,1400)",50_frame_bin_left_closed,5,wait_p95_ms,7296.10132181,ms
7,sample_sd,ALL,"[1350,1400)",50_frame_bin_left_closed,5,wait_p95_ms,344.3860282162679,ms
7,min,ALL,"[1350,1400)",50_frame_bin_left_closed,5,wait_p95_ms,6786.442787,ms
7,max,ALL,"[1350,1400)",50_frame_bin_left_closed,5,wait_p95_ms,7652.979633,ms
7,mean,ALL,"[1400,1450)",50_frame_bin_left_closed,5,frame_count,423.6,frames
7,sample_sd,ALL,"[1400,1450)",50_frame_bin_left_closed,5,frame_count,45.19734505477064,frames
7,min,ALL,"[1400,1450)",50_frame_bin_left_closed,5,frame_count,349.0,frames
7,max,ALL,"[1400,1450)",50_frame_bin_left_closed,5,frame_count,472.0,frames
7,mean,ALL,"[1400,1450)",50_frame_bin_left_closed,5,wait_mean_ms,7120.263719557972,ms
7,sample_sd,ALL,"[1400,1450)",50_frame_bin_left_closed,5,wait_mean_ms,422.5374651379037,ms
7,min,ALL,"[1400,1450)",50_frame_bin_left_closed,5,wait_mean_ms,6523.9444212775425,ms
7,max,ALL,"[1400,1450)",50_frame_bin_left_closed,5,wait_mean_ms,7594.13639513986,ms
7,mean,ALL,"[1400,1450)",50_frame_bin_left_closed,5,wait_median_ms,7120.160049700001,ms
7,sample_sd,ALL,"[1400,1450)",50_frame_bin_left_closed,5,wait_median_ms,423.56271662544884,ms
7,min,ALL,"[1400,1450)",50_frame_bin_left_closed,5,wait_median_ms,6521.4579165,ms
7,max,ALL,"[1400,1450)",50_frame_bin_left_closed,5,wait_median_ms,7594.773256,ms
7,mean,ALL,"[1400,1450)",50_frame_bin_left_closed,5,wait_p95_ms,7200.184958519999,ms
7,sample_sd,ALL,"[1400,1450)",50_frame_bin_left_closed,5,wait_p95_ms,417.8436242602639,ms
7,min,ALL,"[1400,1450)",50_frame_bin_left_closed,5,wait_p95_ms,6613.552946,ms
7,max,ALL,"[1400,1450)",50_frame_bin_left_closed,5,wait_p95_ms,7672.636501800001,ms
7,mean,ALL,"[1450,1500)",50_frame_bin_left_closed,5,frame_count,351.4,frames
7,sample_sd,ALL,"[1450,1500)",50_frame_bin_left_closed,5,frame_count,121.50432091082193,frames
7,min,ALL,"[1450,1500)",50_frame_bin_left_closed,5,frame_count,157.0,frames
7,max,ALL,"[1450,1500)",50_frame_bin_left_closed,5,frame_count,480.0,frames
7,mean,ALL,"[1450,1500)",50_frame_bin_left_closed,5,wait_mean_ms,6968.732761295521,ms
7,sample_sd,ALL,"[1450,1500)",50_frame_bin_left_closed,5,wait_mean_ms,406.62979755594995,ms
7,min,ALL,"[1450,1500)",50_frame_bin_left_closed,5,wait_mean_ms,6420.291372464968,ms
7,max,ALL,"[1450,1500)",50_frame_bin_left_closed,5,wait_mean_ms,7430.145284040214,ms
7,mean,ALL,"[1450,1500)",50_frame_bin_left_closed,5,wait_median_ms,6966.5471925,ms
7,sample_sd,ALL,"[1450,1500)",50_frame_bin_left_closed,5,wait_median_ms,409.71946482189486,ms
7,min,ALL,"[1450,1500)",50_frame_bin_left_closed,5,wait_median_ms,6411.922544,ms
7,max,ALL,"[1450,1500)",50_frame_bin_left_closed,5,wait_median_ms,7429.947023,ms
7,mean,ALL,"[1450,1500)",50_frame_bin_left_closed,5,wait_p95_ms,7034.77281434,ms
7,sample_sd,ALL,"[1450,1500)",50_frame_bin_left_closed,5,wait_p95_ms,416.92410618643396,ms
7,min,ALL,"[1450,1500)",50_frame_bin_left_closed,5,wait_p95_ms,6454.290585,ms
7,max,ALL,"[1450,1500)",50_frame_bin_left_closed,5,wait_p95_ms,7502.075159,ms
7,mean,ALL,"[150,200)",50_frame_bin_left_closed,5,frame_count,382.8,frames
7,sample_sd,ALL,"[150,200)",50_frame_bin_left_closed,5,frame_count,27.68934813244978,frames
7,min,ALL,"[150,200)",50_frame_bin_left_closed,5,frame_count,348.0,frames
7,max,ALL,"[150,200)",50_frame_bin_left_closed,5,frame_count,422.0,frames
7,mean,ALL,"[150,200)",50_frame_bin_left_closed,5,wait_mean_ms,958.6954525219347,ms
7,sample_sd,ALL,"[150,200)",50_frame_bin_left_closed,5,wait_mean_ms,8.171108182362412,ms
7,min,ALL,"[150,200)",50_frame_bin_left_closed,5,wait_mean_ms,945.1647798317537,ms
7,max,ALL,"[150,200)",50_frame_bin_left_closed,5,wait_mean_ms,966.0778691465517,ms
7,mean,ALL,"[150,200)",50_frame_bin_left_closed,5,wait_median_ms,958.404495,ms
7,sample_sd,ALL,"[150,200)",50_frame_bin_left_closed,5,wait_median_ms,10.387891650331245,ms
7,min,ALL,"[150,200)",50_frame_bin_left_closed,5,wait_median_ms,942.685764,ms
7,max,ALL,"[150,200)",50_frame_bin_left_closed,5,wait_median_ms,971.317559,ms
7,mean,ALL,"[150,200)",50_frame_bin_left_closed,5,wait_p95_ms,1092.4695822100002,ms
7,sample_sd,ALL,"[150,200)",50_frame_bin_left_closed,5,wait_p95_ms,10.635579267216958,ms
7,min,ALL,"[150,200)",50_frame_bin_left_closed,5,wait_p95_ms,1080.31580525,ms
7,max,ALL,"[150,200)",50_frame_bin_left_closed,5,wait_p95_ms,1106.9028064000001,ms
7,mean,ALL,"[1500,1550)",50_frame_bin_left_closed,4,frame_count,318.25,frames
7,sample_sd,ALL,"[1500,1550)",50_frame_bin_left_closed,4,frame_count,186.93202864499528,frames
7,min,ALL,"[1500,1550)",50_frame_bin_left_closed,4,frame_count,51.0,frames
7,max,ALL,"[1500,1550)",50_frame_bin_left_closed,4,frame_count,483.0,frames
7,mean,ALL,"[1500,1550)",50_frame_bin_left_closed,4,wait_mean_ms,6978.284109917372,ms
7,sample_sd,ALL,"[1500,1550)",50_frame_bin_left_closed,4,wait_mean_ms,278.2474076684927,ms
7,min,ALL,"[1500,1550)",50_frame_bin_left_closed,4,wait_mean_ms,6628.4606324509805,ms
7,max,ALL,"[1500,1550)",50_frame_bin_left_closed,4,wait_mean_ms,7288.458698046109,ms
7,mean,ALL,"[1500,1550)",50_frame_bin_left_closed,4,wait_median_ms,6978.691492,ms
7,sample_sd,ALL,"[1500,1550)",50_frame_bin_left_closed,4,wait_median_ms,278.9110919423676,ms
7,min,ALL,"[1500,1550)",50_frame_bin_left_closed,4,wait_median_ms,6630.277142,ms
7,max,ALL,"[1500,1550)",50_frame_bin_left_closed,4,wait_median_ms,7290.395063,ms
7,mean,ALL,"[1500,1550)",50_frame_bin_left_closed,4,wait_p95_ms,7034.539878174999,ms
7,sample_sd,ALL,"[1500,1550)",50_frame_bin_left_closed,4,wait_p95_ms,299.14020509286223,ms
7,min,ALL,"[1500,1550)",50_frame_bin_left_closed,4,wait_p95_ms,6646.6721385,ms
7,max,ALL,"[1500,1550)",50_frame_bin_left_closed,4,wait_p95_ms,7353.3331168,ms
7,mean,ALL,"[1550,1600)",50_frame_bin_left_closed,3,frame_count,235.33333333333334,frames
7,sample_sd,ALL,"[1550,1600)",50_frame_bin_left_closed,3,frame_count,142.05750009532525,frames
7,min,ALL,"[1550,1600)",50_frame_bin_left_closed,3,frame_count,91.0,frames
7,max,ALL,"[1550,1600)",50_frame_bin_left_closed,3,frame_count,375.0,frames
7,mean,ALL,"[1550,1600)",50_frame_bin_left_closed,3,wait_mean_ms,6989.700131468143,ms
7,sample_sd,ALL,"[1550,1600)",50_frame_bin_left_closed,3,wait_mean_ms,145.62610985768993,ms
7,min,ALL,"[1550,1600)",50_frame_bin_left_closed,3,wait_mean_ms,6864.220440571428,ms
7,max,ALL,"[1550,1600)",50_frame_bin_left_closed,3,wait_mean_ms,7149.383771208,ms
7,mean,ALL,"[1550,1600)",50_frame_bin_left_closed,3,wait_median_ms,6986.082713833333,ms
7,sample_sd,ALL,"[1550,1600)",50_frame_bin_left_closed,3,wait_median_ms,146.86580429578856,ms
7,min,ALL,"[1550,1600)",50_frame_bin_left_closed,3,wait_median_ms,6858.987462,ms
7,max,ALL,"[1550,1600)",50_frame_bin_left_closed,3,wait_median_ms,7146.865427,ms
7,mean,ALL,"[1550,1600)",50_frame_bin_left_closed,3,wait_p95_ms,7043.5946406,ms
7,sample_sd,ALL,"[1550,1600)",50_frame_bin_left_closed,3,wait_p95_ms,150.09838745233245,ms
7,min,ALL,"[1550,1600)",50_frame_bin_left_closed,3,wait_p95_ms,6926.970872,ms
7,max,ALL,"[1550,1600)",50_frame_bin_left_closed,3,wait_p95_ms,7212.9411968,ms
7,mean,ALL,"[1600,1650)",50_frame_bin_left_closed,1,frame_count,116.0,frames
7,min,ALL,"[1600,1650)",50_frame_bin_left_closed,1,frame_count,116.0,frames
7,max,ALL,"[1600,1650)",50_frame_bin_left_closed,1,frame_count,116.0,frames
7,mean,ALL,"[1600,1650)",50_frame_bin_left_closed,1,wait_mean_ms,7091.201975732759,ms
7,min,ALL,"[1600,1650)",50_frame_bin_left_closed,1,wait_mean_ms,7091.201975732759,ms
7,max,ALL,"[1600,1650)",50_frame_bin_left_closed,1,wait_mean_ms,7091.201975732759,ms
7,mean,ALL,"[1600,1650)",50_frame_bin_left_closed,1,wait_median_ms,7085.722582,ms
7,min,ALL,"[1600,1650)",50_frame_bin_left_closed,1,wait_median_ms,7085.722582,ms
7,max,ALL,"[1600,1650)",50_frame_bin_left_closed,1,wait_median_ms,7085.722582,ms
7,mean,ALL,"[1600,1650)",50_frame_bin_left_closed,1,wait_p95_ms,7131.15117425,ms
7,min,ALL,"[1600,1650)",50_frame_bin_left_closed,1,wait_p95_ms,7131.15117425,ms
7,max,ALL,"[1600,1650)",50_frame_bin_left_closed,1,wait_p95_ms,7131.15117425,ms
7,mean,ALL,"[200,250)",50_frame_bin_left_closed,5,frame_count,378.0,frames
7,sample_sd,ALL,"[200,250)",50_frame_bin_left_closed,5,frame_count,35.24202037341219,frames
7,min,ALL,"[200,250)",50_frame_bin_left_closed,5,frame_count,345.0,frames
7,max,ALL,"[200,250)",50_frame_bin_left_closed,5,frame_count,435.0,frames
7,mean,ALL,"[200,250)",50_frame_bin_left_closed,5,wait_mean_ms,1239.241822633237,ms
7,sample_sd,ALL,"[200,250)",50_frame_bin_left_closed,5,wait_mean_ms,12.229361935647141,ms
7,min,ALL,"[200,250)",50_frame_bin_left_closed,5,wait_mean_ms,1223.8172093563219,ms
7,max,ALL,"[200,250)",50_frame_bin_left_closed,5,wait_mean_ms,1256.8169037053824,ms
7,mean,ALL,"[200,250)",50_frame_bin_left_closed,5,wait_median_ms,1239.1799232,ms
7,sample_sd,ALL,"[200,250)",50_frame_bin_left_closed,5,wait_median_ms,17.387375694303007,ms
7,min,ALL,"[200,250)",50_frame_bin_left_closed,5,wait_median_ms,1214.226015,ms
7,max,ALL,"[200,250)",50_frame_bin_left_closed,5,wait_median_ms,1263.297495,ms
7,mean,ALL,"[200,250)",50_frame_bin_left_closed,5,wait_p95_ms,1363.61147349,ms
7,sample_sd,ALL,"[200,250)",50_frame_bin_left_closed,5,wait_p95_ms,16.11075118092663,ms
7,min,ALL,"[200,250)",50_frame_bin_left_closed,5,wait_p95_ms,1346.5676854,ms
7,max,ALL,"[200,250)",50_frame_bin_left_closed,5,wait_p95_ms,1382.016734,ms
7,mean,ALL,"[250,300)",50_frame_bin_left_closed,5,frame_count,397.8,frames
7,sample_sd,ALL,"[250,300)",50_frame_bin_left_closed,5,frame_count,54.86528957364574,frames
7,min,ALL,"[250,300)",50_frame_bin_left_closed,5,frame_count,328.0,frames
7,max,ALL,"[250,300)",50_frame_bin_left_closed,5,frame_count,480.0,frames
7,mean,ALL,"[250,300)",50_frame_bin_left_closed,5,wait_mean_ms,1499.3177155745077,ms
7,sample_sd,ALL,"[250,300)",50_frame_bin_left_closed,5,wait_mean_ms,17.97503042498354,ms
7,min,ALL,"[250,300)",50_frame_bin_left_closed,5,wait_mean_ms,1479.9551235158924,ms
7,max,ALL,"[250,300)",50_frame_bin_left_closed,5,wait_mean_ms,1523.338749378049,ms
7,mean,ALL,"[250,300)",50_frame_bin_left_closed,5,wait_median_ms,1492.4774697,ms
7,sample_sd,ALL,"[250,300)",50_frame_bin_left_closed,5,wait_median_ms,23.513177812685594,ms
7,min,ALL,"[250,300)",50_frame_bin_left_closed,5,wait_median_ms,1472.125217,ms
7,max,ALL,"[250,300)",50_frame_bin_left_closed,5,wait_median_ms,1529.7918945,ms
7,mean,ALL,"[250,300)",50_frame_bin_left_closed,5,wait_p95_ms,1618.0575903699998,ms
7,sample_sd,ALL,"[250,300)",50_frame_bin_left_closed,5,wait_p95_ms,23.955615553065712,ms
7,min,ALL,"[250,300)",50_frame_bin_left_closed,5,wait_p95_ms,1582.0538333999998,ms
7,max,ALL,"[250,300)",50_frame_bin_left_closed,5,wait_p95_ms,1647.7620418,ms
7,mean,ALL,"[300,350)",50_frame_bin_left_closed,5,frame_count,401.4,frames
7,sample_sd,ALL,"[300,350)",50_frame_bin_left_closed,5,frame_count,39.40558336073709,frames
7,min,ALL,"[300,350)",50_frame_bin_left_closed,5,frame_count,348.0,frames
7,max,ALL,"[300,350)",50_frame_bin_left_closed,5,frame_count,436.0,frames
7,mean,ALL,"[300,350)",50_frame_bin_left_closed,5,wait_mean_ms,1754.4656461948896,ms
7,sample_sd,ALL,"[300,350)",50_frame_bin_left_closed,5,wait_mean_ms,4.211436874597617,ms
7,min,ALL,"[300,350)",50_frame_bin_left_closed,5,wait_mean_ms,1749.5669637512078,ms
7,max,ALL,"[300,350)",50_frame_bin_left_closed,5,wait_mean_ms,1758.9330644128688,ms
7,mean,ALL,"[300,350)",50_frame_bin_left_closed,5,wait_median_ms,1749.3841112000002,ms
7,sample_sd,ALL,"[300,350)",50_frame_bin_left_closed,5,wait_median_ms,2.5800497094067683,ms
7,min,ALL,"[300,350)",50_frame_bin_left_closed,5,wait_median_ms,1746.56409,ms
7,max,ALL,"[300,350)",50_frame_bin_left_closed,5,wait_median_ms,1752.3668895,ms
7,mean,ALL,"[300,350)",50_frame_bin_left_closed,5,wait_p95_ms,1867.19256341,ms
7,sample_sd,ALL,"[300,350)",50_frame_bin_left_closed,5,wait_p95_ms,21.310082836187515,ms
7,min,ALL,"[300,350)",50_frame_bin_left_closed,5,wait_p95_ms,1845.6732145,ms
7,max,ALL,"[300,350)",50_frame_bin_left_closed,5,wait_p95_ms,1902.62796825,ms
7,mean,ALL,"[350,400)",50_frame_bin_left_closed,5,frame_count,450.0,frames
7,sample_sd,ALL,"[350,400)",50_frame_bin_left_closed,5,frame_count,37.282703764614496,frames
7,min,ALL,"[350,400)",50_frame_bin_left_closed,5,frame_count,385.0,frames
7,max,ALL,"[350,400)",50_frame_bin_left_closed,5,frame_count,476.0,frames
7,mean,ALL,"[350,400)",50_frame_bin_left_closed,5,wait_mean_ms,2015.7767748459278,ms
7,sample_sd,ALL,"[350,400)",50_frame_bin_left_closed,5,wait_mean_ms,23.950950395064098,ms
7,min,ALL,"[350,400)",50_frame_bin_left_closed,5,wait_mean_ms,1987.2900066995796,ms
7,max,ALL,"[350,400)",50_frame_bin_left_closed,5,wait_mean_ms,2052.3312426727275,ms
7,mean,ALL,"[350,400)",50_frame_bin_left_closed,5,wait_median_ms,2018.2437833,ms
7,sample_sd,ALL,"[350,400)",50_frame_bin_left_closed,5,wait_median_ms,26.89787217065209,ms
7,min,ALL,"[350,400)",50_frame_bin_left_closed,5,wait_median_ms,1993.7654045,ms
7,max,ALL,"[350,400)",50_frame_bin_left_closed,5,wait_median_ms,2064.436006,ms
7,mean,ALL,"[350,400)",50_frame_bin_left_closed,5,wait_p95_ms,2142.30228002,ms
7,sample_sd,ALL,"[350,400)",50_frame_bin_left_closed,5,wait_p95_ms,38.22466363512208,ms
7,min,ALL,"[350,400)",50_frame_bin_left_closed,5,wait_p95_ms,2089.338212,ms
7,max,ALL,"[350,400)",50_frame_bin_left_closed,5,wait_p95_ms,2184.0447094,ms
7,mean,ALL,"[400,450)",50_frame_bin_left_closed,5,frame_count,430.8,frames
7,sample_sd,ALL,"[400,450)",50_frame_bin_left_closed,5,frame_count,56.86563109647162,frames
7,min,ALL,"[400,450)",50_frame_bin_left_closed,5,frame_count,365.0,frames
7,max,ALL,"[400,450)",50_frame_bin_left_closed,5,frame_count,503.0,frames
7,mean,ALL,"[400,450)",50_frame_bin_left_closed,5,wait_mean_ms,2306.4562866862775,ms
7,sample_sd,ALL,"[400,450)",50_frame_bin_left_closed,5,wait_mean_ms,40.34612063635708,ms
7,min,ALL,"[400,450)",50_frame_bin_left_closed,5,wait_mean_ms,2246.6500698787277,ms
7,max,ALL,"[400,450)",50_frame_bin_left_closed,5,wait_mean_ms,2353.746761336986,ms
7,mean,ALL,"[400,450)",50_frame_bin_left_closed,5,wait_median_ms,2311.6436286,ms
7,sample_sd,ALL,"[400,450)",50_frame_bin_left_closed,5,wait_median_ms,43.8313515451296,ms
7,min,ALL,"[400,450)",50_frame_bin_left_closed,5,wait_median_ms,2254.069071,ms
7,max,ALL,"[400,450)",50_frame_bin_left_closed,5,wait_median_ms,2365.957727,ms
7,mean,ALL,"[400,450)",50_frame_bin_left_closed,5,wait_p95_ms,2428.8296072999997,ms
7,sample_sd,ALL,"[400,450)",50_frame_bin_left_closed,5,wait_p95_ms,47.48591582068482,ms
7,min,ALL,"[400,450)",50_frame_bin_left_closed,5,wait_p95_ms,2350.7135845,ms
7,max,ALL,"[400,450)",50_frame_bin_left_closed,5,wait_p95_ms,2462.8224935,ms
7,mean,ALL,"[450,500)",50_frame_bin_left_closed,5,frame_count,416.8,frames
7,sample_sd,ALL,"[450,500)",50_frame_bin_left_closed,5,frame_count,93.62531708891565,frames
7,min,ALL,"[450,500)",50_frame_bin_left_closed,5,frame_count,340.0,frames
7,max,ALL,"[450,500)",50_frame_bin_left_closed,5,frame_count,573.0,frames
7,mean,ALL,"[450,500)",50_frame_bin_left_closed,5,wait_mean_ms,2573.678089025373,ms
7,sample_sd,ALL,"[450,500)",50_frame_bin_left_closed,5,wait_mean_ms,38.56969004084386,ms
7,min,ALL,"[450,500)",50_frame_bin_left_closed,5,wait_mean_ms,2508.3850971099478,ms
7,max,ALL,"[450,500)",50_frame_bin_left_closed,5,wait_mean_ms,2611.216161257062,ms
7,mean,ALL,"[450,500)",50_frame_bin_left_closed,5,wait_median_ms,2568.7195992,ms
7,sample_sd,ALL,"[450,500)",50_frame_bin_left_closed,5,wait_median_ms,40.80504577299934,ms
7,min,ALL,"[450,500)",50_frame_bin_left_closed,5,wait_median_ms,2502.17589,ms
7,max,ALL,"[450,500)",50_frame_bin_left_closed,5,wait_median_ms,2614.3453025,ms
7,mean,ALL,"[450,500)",50_frame_bin_left_closed,5,wait_p95_ms,2704.64852463,ms
7,sample_sd,ALL,"[450,500)",50_frame_bin_left_closed,5,wait_p95_ms,30.00242656306744,ms
7,min,ALL,"[450,500)",50_frame_bin_left_closed,5,wait_p95_ms,2662.114599,ms
7,max,ALL,"[450,500)",50_frame_bin_left_closed,5,wait_p95_ms,2737.7089114,ms
7,mean,ALL,"[50,100)",50_frame_bin_left_closed,5,frame_count,286.6,frames
7,sample_sd,ALL,"[50,100)",50_frame_bin_left_closed,5,frame_count,79.03670033598316,frames
7,min,ALL,"[50,100)",50_frame_bin_left_closed,5,frame_count,186.0,frames
7,max,ALL,"[50,100)",50_frame_bin_left_closed,5,frame_count,363.0,frames
7,mean,ALL,"[50,100)",50_frame_bin_left_closed,5,wait_mean_ms,441.50849656787125,ms
7,sample_sd,ALL,"[50,100)",50_frame_bin_left_closed,5,wait_mean_ms,24.273554554490605,ms
7,min,ALL,"[50,100)",50_frame_bin_left_closed,5,wait_mean_ms,418.01014974655646,ms
7,max,ALL,"[50,100)",50_frame_bin_left_closed,5,wait_mean_ms,474.6568570107527,ms
7,mean,ALL,"[50,100)",50_frame_bin_left_closed,5,wait_median_ms,443.8959245,ms
7,sample_sd,ALL,"[50,100)",50_frame_bin_left_closed,5,wait_median_ms,28.70186188240988,ms
7,min,ALL,"[50,100)",50_frame_bin_left_closed,5,wait_median_ms,416.510744,ms
7,max,ALL,"[50,100)",50_frame_bin_left_closed,5,wait_median_ms,476.4260015,ms
7,mean,ALL,"[50,100)",50_frame_bin_left_closed,5,wait_p95_ms,533.43007317,ms
7,sample_sd,ALL,"[50,100)",50_frame_bin_left_closed,5,wait_p95_ms,13.11854760449008,ms
7,min,ALL,"[50,100)",50_frame_bin_left_closed,5,wait_p95_ms,518.87892605,ms
7,max,ALL,"[50,100)",50_frame_bin_left_closed,5,wait_p95_ms,554.82730725,ms
7,mean,ALL,"[500,550)",50_frame_bin_left_closed,5,frame_count,414.0,frames
7,sample_sd,ALL,"[500,550)",50_frame_bin_left_closed,5,frame_count,31.400636936215164,frames
7,min,ALL,"[500,550)",50_frame_bin_left_closed,5,frame_count,371.0,frames
7,max,ALL,"[500,550)",50_frame_bin_left_closed,5,frame_count,449.0,frames
7,mean,ALL,"[500,550)",50_frame_bin_left_closed,5,wait_mean_ms,2853.0597317672537,ms
7,sample_sd,ALL,"[500,550)",50_frame_bin_left_closed,5,wait_mean_ms,38.567910709469665,ms
7,min,ALL,"[500,550)",50_frame_bin_left_closed,5,wait_mean_ms,2795.08716406422,ms
7,max,ALL,"[500,550)",50_frame_bin_left_closed,5,wait_mean_ms,2891.381593086076,ms
7,mean,ALL,"[500,550)",50_frame_bin_left_closed,5,wait_median_ms,2854.2576332,ms
7,sample_sd,ALL,"[500,550)",50_frame_bin_left_closed,5,wait_median_ms,41.91845510746536,ms
7,min,ALL,"[500,550)",50_frame_bin_left_closed,5,wait_median_ms,2790.800785,ms
7,max,ALL,"[500,550)",50_frame_bin_left_closed,5,wait_median_ms,2890.734097,ms
7,mean,ALL,"[500,550)",50_frame_bin_left_closed,5,wait_p95_ms,2970.34680545,ms
7,sample_sd,ALL,"[500,550)",50_frame_bin_left_closed,5,wait_p95_ms,39.532619740454926,ms
7,min,ALL,"[500,550)",50_frame_bin_left_closed,5,wait_p95_ms,2907.23220075,ms
7,max,ALL,"[500,550)",50_frame_bin_left_closed,5,wait_p95_ms,3003.2312404,ms
7,mean,ALL,"[550,600)",50_frame_bin_left_closed,5,frame_count,395.4,frames
7,sample_sd,ALL,"[550,600)",50_frame_bin_left_closed,5,frame_count,57.78235024642041,frames
7,min,ALL,"[550,600)",50_frame_bin_left_closed,5,frame_count,340.0,frames
7,max,ALL,"[550,600)",50_frame_bin_left_closed,5,frame_count,487.0,frames
7,mean,ALL,"[550,600)",50_frame_bin_left_closed,5,wait_mean_ms,3103.8485205823804,ms
7,sample_sd,ALL,"[550,600)",50_frame_bin_left_closed,5,wait_mean_ms,18.0059031270103,ms
7,min,ALL,"[550,600)",50_frame_bin_left_closed,5,wait_mean_ms,3080.673745926078,ms
7,max,ALL,"[550,600)",50_frame_bin_left_closed,5,wait_mean_ms,3129.2187248848313,ms
7,mean,ALL,"[550,600)",50_frame_bin_left_closed,5,wait_median_ms,3108.3173555999997,ms
7,sample_sd,ALL,"[550,600)",50_frame_bin_left_closed,5,wait_median_ms,18.22356686704835,ms
7,min,ALL,"[550,600)",50_frame_bin_left_closed,5,wait_median_ms,3091.481684,ms
7,max,ALL,"[550,600)",50_frame_bin_left_closed,5,wait_median_ms,3131.1674675,ms
7,mean,ALL,"[550,600)",50_frame_bin_left_closed,5,wait_p95_ms,3205.27469585,ms
7,sample_sd,ALL,"[550,600)",50_frame_bin_left_closed,5,wait_p95_ms,22.245228736157244,ms
7,min,ALL,"[550,600)",50_frame_bin_left_closed,5,wait_p95_ms,3184.4014650500003,ms
7,max,ALL,"[550,600)",50_frame_bin_left_closed,5,wait_p95_ms,3236.2263755,ms
7,mean,ALL,"[600,650)",50_frame_bin_left_closed,5,frame_count,431.6,frames
7,sample_sd,ALL,"[600,650)",50_frame_bin_left_closed,5,frame_count,15.388307249337075,frames
7,min,ALL,"[600,650)",50_frame_bin_left_closed,5,frame_count,415.0,frames
7,max,ALL,"[600,650)",50_frame_bin_left_closed,5,frame_count,447.0,frames
7,mean,ALL,"[600,650)",50_frame_bin_left_closed,5,wait_mean_ms,3368.324623562747,ms
7,sample_sd,ALL,"[600,650)",50_frame_bin_left_closed,5,wait_mean_ms,18.910678694399707,ms
7,min,ALL,"[600,650)",50_frame_bin_left_closed,5,wait_mean_ms,3344.403701805288,ms
7,max,ALL,"[600,650)",50_frame_bin_left_closed,5,wait_mean_ms,3396.9777961252794,ms
7,mean,ALL,"[600,650)",50_frame_bin_left_closed,5,wait_median_ms,3372.5770401,ms
7,sample_sd,ALL,"[600,650)",50_frame_bin_left_closed,5,wait_median_ms,18.152651614412,ms
7,min,ALL,"[600,650)",50_frame_bin_left_closed,5,wait_median_ms,3345.5690805,ms
7,max,ALL,"[600,650)",50_frame_bin_left_closed,5,wait_median_ms,3395.851138,ms
7,mean,ALL,"[600,650)",50_frame_bin_left_closed,5,wait_p95_ms,3496.07549482,ms
7,sample_sd,ALL,"[600,650)",50_frame_bin_left_closed,5,wait_p95_ms,27.57671932188174,ms
7,min,ALL,"[600,650)",50_frame_bin_left_closed,5,wait_p95_ms,3462.3168246,ms
7,max,ALL,"[600,650)",50_frame_bin_left_closed,5,wait_p95_ms,3530.9122433000002,ms
7,mean,ALL,"[650,700)",50_frame_bin_left_closed,5,frame_count,424.2,frames
7,sample_sd,ALL,"[650,700)",50_frame_bin_left_closed,5,frame_count,37.13758204299251,frames
7,min,ALL,"[650,700)",50_frame_bin_left_closed,5,frame_count,370.0,frames
7,max,ALL,"[650,700)",50_frame_bin_left_closed,5,frame_count,470.0,frames
7,mean,ALL,"[650,700)",50_frame_bin_left_closed,5,wait_mean_ms,3648.8719263565044,ms
7,sample_sd,ALL,"[650,700)",50_frame_bin_left_closed,5,wait_mean_ms,21.43934562155417,ms
7,min,ALL,"[650,700)",50_frame_bin_left_closed,5,wait_mean_ms,3616.6871398638295,ms
7,max,ALL,"[650,700)",50_frame_bin_left_closed,5,wait_mean_ms,3671.0100751783784,ms
7,mean,ALL,"[650,700)",50_frame_bin_left_closed,5,wait_median_ms,3647.0586522,ms
7,sample_sd,ALL,"[650,700)",50_frame_bin_left_closed,5,wait_median_ms,21.370271323038263,ms
7,min,ALL,"[650,700)",50_frame_bin_left_closed,5,wait_median_ms,3614.2335835,ms
7,max,ALL,"[650,700)",50_frame_bin_left_closed,5,wait_median_ms,3665.502623,ms
7,mean,ALL,"[650,700)",50_frame_bin_left_closed,5,wait_p95_ms,3770.0688018499995,ms
7,sample_sd,ALL,"[650,700)",50_frame_bin_left_closed,5,wait_p95_ms,26.63298838872972,ms
7,min,ALL,"[650,700)",50_frame_bin_left_closed,5,wait_p95_ms,3723.95099755,ms
7,max,ALL,"[650,700)",50_frame_bin_left_closed,5,wait_p95_ms,3790.7414619,ms
7,mean,ALL,"[700,750)",50_frame_bin_left_closed,5,frame_count,418.0,frames
7,sample_sd,ALL,"[700,750)",50_frame_bin_left_closed,5,frame_count,19.42935922772545,frames
7,min,ALL,"[700,750)",50_frame_bin_left_closed,5,frame_count,392.0,frames
7,max,ALL,"[700,750)",50_frame_bin_left_closed,5,frame_count,439.0,frames
7,mean,ALL,"[700,750)",50_frame_bin_left_closed,5,wait_mean_ms,3912.2856778679247,ms
7,sample_sd,ALL,"[700,750)",50_frame_bin_left_closed,5,wait_mean_ms,32.018880812047385,ms
7,min,ALL,"[700,750)",50_frame_bin_left_closed,5,wait_mean_ms,3870.0798326390805,ms
7,max,ALL,"[700,750)",50_frame_bin_left_closed,5,wait_mean_ms,3938.88252759375,ms
7,mean,ALL,"[700,750)",50_frame_bin_left_closed,5,wait_median_ms,3913.0007195999997,ms
7,sample_sd,ALL,"[700,750)",50_frame_bin_left_closed,5,wait_median_ms,33.28404182740621,ms
7,min,ALL,"[700,750)",50_frame_bin_left_closed,5,wait_median_ms,3876.095172,ms
7,max,ALL,"[700,750)",50_frame_bin_left_closed,5,wait_median_ms,3946.569768,ms
7,mean,ALL,"[700,750)",50_frame_bin_left_closed,5,wait_p95_ms,4032.8327080299996,ms
7,sample_sd,ALL,"[700,750)",50_frame_bin_left_closed,5,wait_p95_ms,36.61693093751435,ms
7,min,ALL,"[700,750)",50_frame_bin_left_closed,5,wait_p95_ms,3992.5319796,ms
7,max,ALL,"[700,750)",50_frame_bin_left_closed,5,wait_p95_ms,4063.4331976500002,ms
7,mean,ALL,"[750,800)",50_frame_bin_left_closed,5,frame_count,429.2,frames
7,sample_sd,ALL,"[750,800)",50_frame_bin_left_closed,5,frame_count,50.42519211663947,frames
7,min,ALL,"[750,800)",50_frame_bin_left_closed,5,frame_count,369.0,frames
7,max,ALL,"[750,800)",50_frame_bin_left_closed,5,frame_count,490.0,frames
7,mean,ALL,"[750,800)",50_frame_bin_left_closed,5,wait_mean_ms,4176.886411875063,ms
7,sample_sd,ALL,"[750,800)",50_frame_bin_left_closed,5,wait_mean_ms,34.35500391766485,ms
7,min,ALL,"[750,800)",50_frame_bin_left_closed,5,wait_mean_ms,4138.274021289979,ms
7,max,ALL,"[750,800)",50_frame_bin_left_closed,5,wait_mean_ms,4223.255930113207,ms
7,mean,ALL,"[750,800)",50_frame_bin_left_closed,5,wait_median_ms,4174.7273921,ms
7,sample_sd,ALL,"[750,800)",50_frame_bin_left_closed,5,wait_median_ms,37.22803679841847,ms
7,min,ALL,"[750,800)",50_frame_bin_left_closed,5,wait_median_ms,4130.561497,ms
7,max,ALL,"[750,800)",50_frame_bin_left_closed,5,wait_median_ms,4223.145249,ms
7,mean,ALL,"[750,800)",50_frame_bin_left_closed,5,wait_p95_ms,4296.99841185,ms
7,sample_sd,ALL,"[750,800)",50_frame_bin_left_closed,5,wait_p95_ms,30.110899105274484,ms
7,min,ALL,"[750,800)",50_frame_bin_left_closed,5,wait_p95_ms,4273.3547092,ms
7,max,ALL,"[750,800)",50_frame_bin_left_closed,5,wait_p95_ms,4341.9848757,ms
7,mean,ALL,"[800,850)",50_frame_bin_left_closed,5,frame_count,421.2,frames
7,sample_sd,ALL,"[800,850)",50_frame_bin_left_closed,5,frame_count,30.581039877675842,frames
7,min,ALL,"[800,850)",50_frame_bin_left_closed,5,frame_count,380.0,frames
7,max,ALL,"[800,850)",50_frame_bin_left_closed,5,frame_count,455.0,frames
7,mean,ALL,"[800,850)",50_frame_bin_left_closed,5,wait_mean_ms,4444.362469679017,ms
7,sample_sd,ALL,"[800,850)",50_frame_bin_left_closed,5,wait_mean_ms,27.435698961747793,ms
7,min,ALL,"[800,850)",50_frame_bin_left_closed,5,wait_mean_ms,4410.774267525274,ms
7,max,ALL,"[800,850)",50_frame_bin_left_closed,5,wait_mean_ms,4480.435462896629,ms
7,mean,ALL,"[800,850)",50_frame_bin_left_closed,5,wait_median_ms,4447.5613842,ms
7,sample_sd,ALL,"[800,850)",50_frame_bin_left_closed,5,wait_median_ms,27.78688802488554,ms
7,min,ALL,"[800,850)",50_frame_bin_left_closed,5,wait_median_ms,4410.577974,ms
7,max,ALL,"[800,850)",50_frame_bin_left_closed,5,wait_median_ms,4481.736886,ms
7,mean,ALL,"[800,850)",50_frame_bin_left_closed,5,wait_p95_ms,4569.75013521,ms
7,sample_sd,ALL,"[800,850)",50_frame_bin_left_closed,5,wait_p95_ms,39.206335291338846,ms
7,min,ALL,"[800,850)",50_frame_bin_left_closed,5,wait_p95_ms,4523.1796941,ms
7,max,ALL,"[800,850)",50_frame_bin_left_closed,5,wait_p95_ms,4629.8278632,ms
7,mean,ALL,"[850,900)",50_frame_bin_left_closed,5,frame_count,438.2,frames
7,sample_sd,ALL,"[850,900)",50_frame_bin_left_closed,5,frame_count,43.26314829043305,frames
7,min,ALL,"[850,900)",50_frame_bin_left_closed,5,frame_count,389.0,frames
7,max,ALL,"[850,900)",50_frame_bin_left_closed,5,frame_count,491.0,frames
7,mean,ALL,"[850,900)",50_frame_bin_left_closed,5,wait_mean_ms,4715.491044907316,ms
7,sample_sd,ALL,"[850,900)",50_frame_bin_left_closed,5,wait_mean_ms,33.347201551990004,ms
7,min,ALL,"[850,900)",50_frame_bin_left_closed,5,wait_mean_ms,4688.9209532875,ms
7,max,ALL,"[850,900)",50_frame_bin_left_closed,5,wait_mean_ms,4770.571177899743,ms
7,mean,ALL,"[850,900)",50_frame_bin_left_closed,5,wait_median_ms,4717.973404900001,ms
7,sample_sd,ALL,"[850,900)",50_frame_bin_left_closed,5,wait_median_ms,36.29457594022916,ms
7,min,ALL,"[850,900)",50_frame_bin_left_closed,5,wait_median_ms,4678.2807805,ms
7,max,ALL,"[850,900)",50_frame_bin_left_closed,5,wait_median_ms,4774.598793,ms
7,mean,ALL,"[850,900)",50_frame_bin_left_closed,5,wait_p95_ms,4827.38949453,ms
7,sample_sd,ALL,"[850,900)",50_frame_bin_left_closed,5,wait_p95_ms,35.83005098719056,ms
7,min,ALL,"[850,900)",50_frame_bin_left_closed,5,wait_p95_ms,4800.959325649999,ms
7,max,ALL,"[850,900)",50_frame_bin_left_closed,5,wait_p95_ms,4885.8394184,ms
7,mean,ALL,"[900,950)",50_frame_bin_left_closed,5,frame_count,428.8,frames
7,sample_sd,ALL,"[900,950)",50_frame_bin_left_closed,5,frame_count,50.04697793074023,frames
7,min,ALL,"[900,950)",50_frame_bin_left_closed,5,frame_count,388.0,frames
7,max,ALL,"[900,950)",50_frame_bin_left_closed,5,frame_count,485.0,frames
7,mean,ALL,"[900,950)",50_frame_bin_left_closed,5,wait_mean_ms,4960.744398094341,ms
7,sample_sd,ALL,"[900,950)",50_frame_bin_left_closed,5,wait_mean_ms,44.84885150691724,ms
7,min,ALL,"[900,950)",50_frame_bin_left_closed,5,wait_mean_ms,4906.90789622449,ms
7,max,ALL,"[900,950)",50_frame_bin_left_closed,5,wait_mean_ms,5028.053595546599,ms
7,mean,ALL,"[900,950)",50_frame_bin_left_closed,5,wait_median_ms,4957.0043439,ms
7,sample_sd,ALL,"[900,950)",50_frame_bin_left_closed,5,wait_median_ms,44.85721495433206,ms
7,min,ALL,"[900,950)",50_frame_bin_left_closed,5,wait_median_ms,4900.0769735,ms
7,max,ALL,"[900,950)",50_frame_bin_left_closed,5,wait_median_ms,5021.770681,ms
7,mean,ALL,"[900,950)",50_frame_bin_left_closed,5,wait_p95_ms,5075.002161350001,ms
7,sample_sd,ALL,"[900,950)",50_frame_bin_left_closed,5,wait_p95_ms,48.43899926226637,ms
7,min,ALL,"[900,950)",50_frame_bin_left_closed,5,wait_p95_ms,5002.766582050001,ms
7,max,ALL,"[900,950)",50_frame_bin_left_closed,5,wait_p95_ms,5137.1737041999995,ms
7,mean,ALL,"[950,1000)",50_frame_bin_left_closed,5,frame_count,433.4,frames
7,sample_sd,ALL,"[950,1000)",50_frame_bin_left_closed,5,frame_count,38.75951496084542,frames
7,min,ALL,"[950,1000)",50_frame_bin_left_closed,5,frame_count,386.0,frames
7,max,ALL,"[950,1000)",50_frame_bin_left_closed,5,frame_count,489.0,frames
7,mean,ALL,"[950,1000)",50_frame_bin_left_closed,5,wait_mean_ms,5218.763846821947,ms
7,sample_sd,ALL,"[950,1000)",50_frame_bin_left_closed,5,wait_mean_ms,49.30066503866411,ms
7,min,ALL,"[950,1000)",50_frame_bin_left_closed,5,wait_mean_ms,5151.548610364008,ms
7,max,ALL,"[950,1000)",50_frame_bin_left_closed,5,wait_mean_ms,5284.898137629534,ms
7,mean,ALL,"[950,1000)",50_frame_bin_left_closed,5,wait_median_ms,5219.8535876999995,ms
7,sample_sd,ALL,"[950,1000)",50_frame_bin_left_closed,5,wait_median_ms,52.28348043794064,ms
7,min,ALL,"[950,1000)",50_frame_bin_left_closed,5,wait_median_ms,5147.440671,ms
7,max,ALL,"[950,1000)",50_frame_bin_left_closed,5,wait_median_ms,5277.109094,ms
7,mean,ALL,"[950,1000)",50_frame_bin_left_closed,5,wait_p95_ms,5330.962503029999,ms
7,sample_sd,ALL,"[950,1000)",50_frame_bin_left_closed,5,wait_p95_ms,55.02678794874948,ms
7,min,ALL,"[950,1000)",50_frame_bin_left_closed,5,wait_p95_ms,5265.3788536,ms
7,max,ALL,"[950,1000)",50_frame_bin_left_closed,5,wait_p95_ms,5414.45309875,ms
