acquisition_id,round,trace,policy,phase,boundary_s,boundary_ns,K_before,K_after,C_before,C_after,logical_boundary_ns,notification_ns,apply_ns,cap_apply_delay_ms,offset_ms,sample_ns,sample_side,C,A,ready_queue,unfinished_backlog,generated_unfinished,due_not_generated,online_active_counter,observed_K,latest_event_seq,latest_event_ns,unfinished_slack_min_ms,unfinished_slack_p10_ms,unfinished_slack_median_ms,unfinished_slack_p90_ms,unfinished_late_count,unfinished_late_fraction,unfinished_urgent_5ms_count,unfinished_urgent_10ms_count,ready_slack_min_ms,ready_slack_p10_ms,ready_slack_median_ms,ready_slack_p90_ms,ready_late_count,ready_late_fraction,ready_urgent_5ms_count,ready_urgent_10ms_count,generated_slack_min_ms,generated_slack_p10_ms,generated_slack_median_ms,generated_slack_p90_ms,generated_late_count,generated_late_fraction,generated_urgent_5ms_count,generated_urgent_10ms_count
primary_01,1,B,FIXED_C4,1,15,85513225180489,7,6,4,4,85513225180489,85513225286505,85513225331718,0.151229,1,85513226180489,RIGHT_CONTINUOUS,4,3,0,9,9,0,3,6,12605,85513225450960,-1.00000066666667,-1.00000066666667,32.3333333333333,32.3333333333333,3,0.333333333333333,0,0,,,,,0,,0,0,-1.00000066666667,-1.00000066666667,32.3333333333333,32.3333333333333,3,0.333333333333333,0,0
primary_01,1,B,FIXED_C4,1,15,85513225180489,7,6,4,4,85513225180489,85513225286505,85513225331718,0.151229,5,85513230180489,RIGHT_CONTINUOUS,4,3,0,9,9,0,3,6,12605,85513225450960,-5.00000066666667,-5.00000066666667,28.3333333333333,28.3333333333333,3,0.333333333333333,0,0,,,,,0,,0,0,-5.00000066666667,-5.00000066666667,28.3333333333333,28.3333333333333,3,0.333333333333333,0,0
primary_01,1,B,FIXED_C4,1,15,85513225180489,7,6,4,4,85513225180489,85513225286505,85513225331718,0.151229,10,85513235180489,RIGHT_CONTINUOUS,4,1,0,7,7,0,1,6,12607,85513232889486,-10.0000006666667,9.99999973333333,23.3333333333333,23.3333333333333,1,0.142857142857143,0,0,,,,,0,,0,0,-10.0000006666667,9.99999973333333,23.3333333333333,23.3333333333333,1,0.142857142857143,0,0
primary_01,1,B,FIXED_C4,1,15,85513225180489,7,6,4,4,85513225180489,85513225286505,85513225331718,0.151229,20,85513245180489,RIGHT_CONTINUOUS,4,4,2,6,6,0,4,6,12618,85513240438096,13.3333333333333,13.3333333333333,13.3333333333333,13.3333333333333,0,0,0,0,13.3333333333333,13.3333333333333,13.3333333333333,13.3333333333333,0,0,0,0,13.3333333333333,13.3333333333333,13.3333333333333,13.3333333333333,0,0,0,0
primary_01,1,B,FIXED_C4,1,15,85513225180489,7,6,4,4,85513225180489,85513225286505,85513225331718,0.151229,50,85513275180489,RIGHT_CONTINUOUS,4,3,1,6,6,0,3,6,12639,85513272131022,16.6666663333333,16.6666663333333,16.6666663333333,16.6666663333333,0,0,0,0,16.6666663333333,16.6666663333333,16.6666663333333,16.6666663333333,0,0,0,0,16.6666663333333,16.6666663333333,16.6666663333333,16.6666663333333,0,0,0,0
primary_01,1,B,FIXED_C4,1,15,85513225180489,7,6,4,4,85513225180489,85513225286505,85513225331718,0.151229,100,85513325180489,RIGHT_CONTINUOUS,4,4,2,12,6,6,4,6,12666,85513307738875,-6.66666666666667e-07,-6.66666666666667e-07,16.6666663333333,33.3333333333333,6,0.5,0,0,-6.66666666666667e-07,-6.66666666666667e-07,-6.66666666666667e-07,-6.66666666666667e-07,2,1,0,0,-6.66666666666667e-07,-6.66666666666667e-07,-6.66666666666667e-07,-6.66666666666667e-07,6,1,0,0
primary_01,1,B,FIXED_C4,1,15,85513225180489,7,6,4,4,85513225180489,85513225286505,85513225331718,0.151229,500,85513725180489,RIGHT_CONTINUOUS,4,2,0,8,2,6,2,6,12960,85513720131954,-6.66666666666667e-07,-6.66666666666667e-07,33.3333333333333,33.3333333333333,2,0.25,0,0,,,,,0,,0,0,-6.66666666666667e-07,-6.66666666666667e-07,-6.66666666666667e-07,-6.66666666666667e-07,2,1,0,0
primary_01,1,B,FIXED_C4,1,15,85513225180489,7,6,4,4,85513225180489,85513225286505,85513225331718,0.151229,1000,85514225180489,RIGHT_CONTINUOUS,4,1,0,7,1,6,1,6,13321,85514224828910,-6.66666666666667e-07,19.9999997333333,33.3333333333333,33.3333333333333,1,0.142857142857143,0,0,,,,,0,,0,0,-6.66666666666667e-07,-6.66666666666667e-07,-6.66666666666667e-07,-6.66666666666667e-07,1,1,0,0
primary_01,1,B,FIXED_C4,2,30,85528225180489,6,7,4,4,85528225180489,85528225281565,85528225305250,0.124761,1,85528226180489,RIGHT_CONTINUOUS,4,2,0,9,9,0,2,7,23409,85528225443353,-1.00000066666667,-1.00000066666667,32.3333333333333,32.3333333333333,2,0.222222222222222,0,0,,,,,0,,0,0,-1.00000066666667,-1.00000066666667,32.3333333333333,32.3333333333333,2,0.222222222222222,0,0
primary_01,1,B,FIXED_C4,2,30,85528225180489,6,7,4,4,85528225180489,85528225281565,85528225305250,0.124761,5,85528230180489,RIGHT_CONTINUOUS,4,0,0,7,7,0,0,7,23411,85528229951257,28.3333333333333,28.3333333333333,28.3333333333333,28.3333333333333,0,0,0,0,,,,,0,,0,0,28.3333333333333,28.3333333333333,28.3333333333333,28.3333333333333,0,0,0,0
primary_01,1,B,FIXED_C4,2,30,85528225180489,6,7,4,4,85528225180489,85528225281565,85528225305250,0.124761,10,85528235180489,RIGHT_CONTINUOUS,4,1,0,7,7,0,1,7,23413,85528234818727,23.3333333333333,23.3333333333333,23.3333333333333,23.3333333333333,0,0,0,0,,,,,0,,0,0,23.3333333333333,23.3333333333333,23.3333333333333,23.3333333333333,0,0,0,0
primary_01,1,B,FIXED_C4,2,30,85528225180489,6,7,4,4,85528225180489,85528225281565,85528225305250,0.124761,20,85528245180489,RIGHT_CONTINUOUS,4,4,3,7,7,0,4,7,23422,85528243796450,13.3333333333333,13.3333333333333,13.3333333333333,13.3333333333333,0,0,0,0,13.3333333333333,13.3333333333333,13.3333333333333,13.3333333333333,0,0,0,0,13.3333333333333,13.3333333333333,13.3333333333333,13.3333333333333,0,0,0,0
primary_01,1,B,FIXED_C4,2,30,85528225180489,6,7,4,4,85528225180489,85528225281565,85528225305250,0.124761,50,85528275180489,RIGHT_CONTINUOUS,4,3,2,7,7,0,3,7,23447,85528274759482,16.6666663333333,16.6666663333333,16.6666663333333,16.6666663333333,0,0,0,0,16.6666663333333,16.6666663333333,16.6666663333333,16.6666663333333,0,0,0,0,16.6666663333333,16.6666663333333,16.6666663333333,16.6666663333333,0,0,0,0
primary_01,1,B,FIXED_C4,2,30,85528225180489,6,7,4,4,85528225180489,85528225281565,85528225305250,0.124761,100,85528325180489,RIGHT_CONTINUOUS,4,3,0,10,3,7,3,7,23485,85528322948055,-6.66666666666667e-07,-6.66666666666667e-07,33.3333333333333,33.3333333333333,3,0.3,0,0,,,,,0,,0,0,-6.66666666666667e-07,-6.66666666666667e-07,-6.66666666666667e-07,-6.66666666666667e-07,3,1,0,0
primary_01,1,B,FIXED_C4,2,30,85528225180489,6,7,4,4,85528225180489,85528225281565,85528225305250,0.124761,500,85528725180489,RIGHT_CONTINUOUS,4,3,0,10,3,7,3,7,23821,85528721756674,-6.66666666666667e-07,-6.66666666666667e-07,33.3333333333333,33.3333333333333,3,0.3,0,0,,,,,0,,0,0,-6.66666666666667e-07,-6.66666666666667e-07,-6.66666666666667e-07,-6.66666666666667e-07,3,1,0,0
primary_01,1,B,FIXED_C4,2,30,85528225180489,6,7,4,4,85528225180489,85528225281565,85528225305250,0.124761,1000,85529225180489,RIGHT_CONTINUOUS,4,4,1,12,5,7,4,7,24238,85529225062633,-6.66666666666667e-07,-6.66666666666667e-07,33.3333333333333,33.3333333333333,5,0.416666666666667,0,0,-6.66666666666667e-07,-6.66666666666667e-07,-6.66666666666667e-07,-6.66666666666667e-07,1,1,0,0,-6.66666666666667e-07,-6.66666666666667e-07,-6.66666666666667e-07,-6.66666666666667e-07,5,1,0,0
primary_01,1,B,FIXED_C4,3,45,85543225180489,7,6,4,4,85543225180489,85543225277052,85543225299468,0.118979,1,85543226180489,RIGHT_CONTINUOUS,4,4,0,10,10,0,4,6,36008,85543225429034,-1.00000066666667,-1.00000066666667,32.3333333333333,32.3333333333333,4,0.4,0,0,,,,,0,,0,0,-1.00000066666667,-1.00000066666667,32.3333333333333,32.3333333333333,4,0.4,0,0
primary_01,1,B,FIXED_C4,3,45,85543225180489,7,6,4,4,85543225180489,85543225277052,85543225299468,0.118979,5,85543230180489,RIGHT_CONTINUOUS,4,3,0,9,9,0,3,6,36009,85543229964929,-5.00000066666667,-5.00000066666667,28.3333333333333,28.3333333333333,3,0.333333333333333,0,0,,,,,0,,0,0,-5.00000066666667,-5.00000066666667,28.3333333333333,28.3333333333333,3,0.333333333333333,0,0
primary_01,1,B,FIXED_C4,3,45,85543225180489,7,6,4,4,85543225180489,85543225277052,85543225299468,0.118979,10,85543235180489,RIGHT_CONTINUOUS,4,3,0,9,9,0,3,6,36009,85543229964929,-10.0000006666667,-10.0000006666667,23.3333333333333,23.3333333333333,3,0.333333333333333,0,0,,,,,0,,0,0,-10.0000006666667,-10.0000006666667,23.3333333333333,23.3333333333333,3,0.333333333333333,0,0
primary_01,1,B,FIXED_C4,3,45,85543225180489,7,6,4,4,85543225180489,85543225277052,85543225299468,0.118979,20,85543245180489,RIGHT_CONTINUOUS,4,4,1,5,5,0,4,6,36024,85543244421264,13.3333333333333,13.3333333333333,13.3333333333333,13.3333333333333,0,0,0,0,13.3333333333333,13.3333333333333,13.3333333333333,13.3333333333333,0,0,0,0,13.3333333333333,13.3333333333333,13.3333333333333,13.3333333333333,0,0,0,0
primary_01,1,B,FIXED_C4,3,45,85543225180489,7,6,4,4,85543225180489,85543225277052,85543225299468,0.118979,50,85543275180489,RIGHT_CONTINUOUS,4,4,1,6,6,0,4,6,36045,85543273788691,16.6666663333333,16.6666663333333,16.6666663333333,16.6666663333333,0,0,0,0,16.6666663333333,16.6666663333333,16.6666663333333,16.6666663333333,0,0,0,0,16.6666663333333,16.6666663333333,16.6666663333333,16.6666663333333,0,0,0,0
primary_01,1,B,FIXED_C4,3,45,85543225180489,7,6,4,4,85543225180489,85543225277052,85543225299468,0.118979,100,85543325180489,RIGHT_CONTINUOUS,4,2,0,8,2,6,2,6,36076,85543320455308,-6.66666666666667e-07,-6.66666666666667e-07,33.3333333333333,33.3333333333333,2,0.25,0,0,,,,,0,,0,0,-6.66666666666667e-07,-6.66666666666667e-07,-6.66666666666667e-07,-6.66666666666667e-07,2,1,0,0
primary_01,1,B,FIXED_C4,3,45,85543225180489,7,6,4,4,85543225180489,85543225277052,85543225299468,0.118979,500,85543725180489,RIGHT_CONTINUOUS,4,2,0,8,2,6,2,6,36364,85543720899825,-6.66666666666667e-07,-6.66666666666667e-07,33.3333333333333,33.3333333333333,2,0.25,0,0,,,,,0,,0,0,-6.66666666666667e-07,-6.66666666666667e-07,-6.66666666666667e-07,-6.66666666666667e-07,2,1,0,0
primary_01,1,B,FIXED_C4,3,45,85543225180489,7,6,4,4,85543225180489,85543225277052,85543225299468,0.118979,1000,85544225180489,RIGHT_CONTINUOUS,4,2,0,8,2,6,2,6,36724,85544222327269,-6.66666666666667e-07,-6.66666666666667e-07,33.3333333333333,33.3333333333333,2,0.25,0,0,,,,,0,,0,0,-6.66666666666667e-07,-6.66666666666667e-07,-6.66666666666667e-07,-6.66666666666667e-07,2,1,0,0
primary_02,1,A,FIXED_C2,1,15,85577271800980,6,7,2,2,85577271800980,85577271901636,85577271943571,0.142591,1,85577272800980,RIGHT_CONTINUOUS,2,2,0,9,9,0,2,7,10807,85577272091701,-1.00000066666667,-1.00000066666667,32.3333333333333,32.3333333333333,2,0.222222222222222,0,0,,,,,0,,0,0,-1.00000066666667,-1.00000066666667,32.3333333333333,32.3333333333333,2,0.222222222222222,0,0
primary_02,1,A,FIXED_C2,1,15,85577271800980,6,7,2,2,85577271800980,85577271901636,85577271943571,0.142591,5,85577276800980,RIGHT_CONTINUOUS,2,1,0,8,8,0,1,7,10808,85577273820612,-5.00000066666667,18.3333331333333,28.3333333333333,28.3333333333333,1,0.125,0,0,,,,,0,,0,0,-5.00000066666667,18.3333331333333,28.3333333333333,28.3333333333333,1,0.125,0,0
primary_02,1,A,FIXED_C2,1,15,85577271800980,6,7,2,2,85577271800980,85577271901636,85577271943571,0.142591,10,85577281800980,RIGHT_CONTINUOUS,2,0,0,7,7,0,0,7,10809,85577279377662,23.3333333333333,23.3333333333333,23.3333333333333,23.3333333333333,0,0,0,0,,,,,0,,0,0,23.3333333333333,23.3333333333333,23.3333333333333,23.3333333333333,0,0,0,0
primary_02,1,A,FIXED_C2,1,15,85577271800980,6,7,2,2,85577271800980,85577271901636,85577271943571,0.142591,20,85577291800980,RIGHT_CONTINUOUS,2,2,5,7,7,0,2,7,10818,85577291611434,13.3333333333333,13.3333333333333,13.3333333333333,13.3333333333333,0,0,0,0,13.3333333333333,13.3333333333333,13.3333333333333,13.3333333333333,0,0,0,0,13.3333333333333,13.3333333333333,13.3333333333333,13.3333333333333,0,0,0,0
primary_02,1,A,FIXED_C2,1,15,85577271800980,6,7,2,2,85577271800980,85577271901636,85577271943571,0.142591,50,85577321800980,RIGHT_CONTINUOUS,2,2,3,8,8,0,2,7,10841,85577321523502,-16.6666666666667,6.66666643333333,16.6666663333333,16.6666663333333,1,0.125,0,0,16.6666663333333,16.6666663333333,16.6666663333333,16.6666663333333,0,0,0,0,-16.6666666666667,6.66666643333333,16.6666663333333,16.6666663333333,1,0.125,0,0
primary_02,1,A,FIXED_C2,1,15,85577271800980,6,7,2,2,85577271800980,85577271901636,85577271943571,0.142591,100,85577371800980,RIGHT_CONTINUOUS,2,2,2,11,4,7,2,7,10880,85577371385202,-6.66666666666667e-07,-6.66666666666667e-07,33.3333333333333,33.3333333333333,4,0.363636363636364,0,0,-6.66666666666667e-07,-6.66666666666667e-07,-6.66666666666667e-07,-6.66666666666667e-07,2,1,0,0,-6.66666666666667e-07,-6.66666666666667e-07,-6.66666666666667e-07,-6.66666666666667e-07,4,1,0,0
primary_02,1,A,FIXED_C2,1,15,85577271800980,6,7,2,2,85577271800980,85577271901636,85577271943571,0.142591,500,85577771800980,RIGHT_CONTINUOUS,2,2,1,10,3,7,2,7,11218,85577767531401,-6.66666666666667e-07,-6.66666666666667e-07,33.3333333333333,33.3333333333333,3,0.3,0,0,-6.66666666666667e-07,-6.66666666666667e-07,-6.66666666666667e-07,-6.66666666666667e-07,1,1,0,0,-6.66666666666667e-07,-6.66666666666667e-07,-6.66666666666667e-07,-6.66666666666667e-07,3,1,0,0
primary_02,1,A,FIXED_C2,1,15,85577271800980,6,7,2,2,85577271800980,85577271901636,85577271943571,0.142591,1000,85578271800980,RIGHT_CONTINUOUS,2,2,1,10,3,7,2,7,11638,85578269513804,-6.66666666666667e-07,-6.66666666666667e-07,33.3333333333333,33.3333333333333,3,0.3,0,0,-6.66666666666667e-07,-6.66666666666667e-07,-6.66666666666667e-07,-6.66666666666667e-07,1,1,0,0,-6.66666666666667e-07,-6.66666666666667e-07,-6.66666666666667e-07,-6.66666666666667e-07,3,1,0,0
primary_02,1,A,FIXED_C2,2,30,85592271800980,7,6,2,2,85592271800980,85592271897037,85592271921731,0.120751,1,85592272800980,RIGHT_CONTINUOUS,2,2,1,9,9,0,2,6,23406,85592272050649,-1.00000066666667,-1.00000066666667,32.3333333333333,32.3333333333333,3,0.333333333333333,0,0,-1.00000066666667,-1.00000066666667,-1.00000066666667,-1.00000066666667,1,1,0,0,-1.00000066666667,-1.00000066666667,32.3333333333333,32.3333333333333,3,0.333333333333333,0,0
primary_02,1,A,FIXED_C2,2,30,85592271800980,7,6,2,2,85592271800980,85592271897037,85592271921731,0.120751,5,85592276800980,RIGHT_CONTINUOUS,2,1,0,7,7,0,1,6,23409,85592276366828,-5.00000066666667,14.9999997333333,28.3333333333333,28.3333333333333,1,0.142857142857143,0,0,,,,,0,,0,0,-5.00000066666667,14.9999997333333,28.3333333333333,28.3333333333333,1,0.142857142857143,0,0
primary_02,1,A,FIXED_C2,2,30,85592271800980,7,6,2,2,85592271800980,85592271897037,85592271921731,0.120751,10,85592281800980,RIGHT_CONTINUOUS,2,2,0,6,6,0,2,6,23414,85592281740736,23.3333333333333,23.3333333333333,23.3333333333333,23.3333333333333,0,0,0,0,,,,,0,,0,0,23.3333333333333,23.3333333333333,23.3333333333333,23.3333333333333,0,0,0,0
primary_02,1,A,FIXED_C2,2,30,85592271800980,7,6,2,2,85592271800980,85592271897037,85592271921731,0.120751,20,85592291800980,RIGHT_CONTINUOUS,2,2,2,4,4,0,2,6,23422,85592291034646,13.3333333333333,13.3333333333333,13.3333333333333,13.3333333333333,0,0,0,0,13.3333333333333,13.3333333333333,13.3333333333333,13.3333333333333,0,0,0,0,13.3333333333333,13.3333333333333,13.3333333333333,13.3333333333333,0,0,0,0
primary_02,1,A,FIXED_C2,2,30,85592271800980,7,6,2,2,85592271800980,85592271897037,85592271921731,0.120751,50,85592321800980,RIGHT_CONTINUOUS,2,2,4,6,6,0,2,6,23442,85592318368195,16.6666663333333,16.6666663333333,16.6666663333333,16.6666663333333,0,0,0,0,16.6666663333333,16.6666663333333,16.6666663333333,16.6666663333333,0,0,0,0,16.6666663333333,16.6666663333333,16.6666663333333,16.6666663333333,0,0,0,0
primary_02,1,A,FIXED_C2,2,30,85592271800980,7,6,2,2,85592271800980,85592271897037,85592271921731,0.120751,100,85592371800980,RIGHT_CONTINUOUS,2,2,0,8,2,6,2,6,23474,85592366042547,-6.66666666666667e-07,-6.66666666666667e-07,33.3333333333333,33.3333333333333,2,0.25,0,0,,,,,0,,0,0,-6.66666666666667e-07,-6.66666666666667e-07,-6.66666666666667e-07,-6.66666666666667e-07,2,1,0,0
primary_02,1,A,FIXED_C2,2,30,85592271800980,7,6,2,2,85592271800980,85592271897037,85592271921731,0.120751,500,85592771800980,RIGHT_CONTINUOUS,2,2,0,8,2,6,2,6,23762,85592765826061,-6.66666666666667e-07,-6.66666666666667e-07,33.3333333333333,33.3333333333333,2,0.25,0,0,,,,,0,,0,0,-6.66666666666667e-07,-6.66666666666667e-07,-6.66666666666667e-07,-6.66666666666667e-07,2,1,0,0
primary_02,1,A,FIXED_C2,2,30,85592271800980,7,6,2,2,85592271800980,85592271897037,85592271921731,0.120751,1000,85593271800980,RIGHT_CONTINUOUS,2,2,0,8,2,6,2,6,24122,85593266153261,-6.66666666666667e-07,-6.66666666666667e-07,33.3333333333333,33.3333333333333,2,0.25,0,0,,,,,0,,0,0,-6.66666666666667e-07,-6.66666666666667e-07,-6.66666666666667e-07,-6.66666666666667e-07,2,1,0,0
primary_02,1,A,FIXED_C2,3,45,85607271800980,6,7,2,2,85607271800980,85607271887046,85607271912296,0.111316,1,85607272800980,RIGHT_CONTINUOUS,2,2,0,9,9,0,2,7,34211,85607272108936,-1.00000066666667,-1.00000066666667,32.3333333333333,32.3333333333333,2,0.222222222222222,0,0,,,,,0,,0,0,-1.00000066666667,-1.00000066666667,32.3333333333333,32.3333333333333,2,0.222222222222222,0,0
primary_02,1,A,FIXED_C2,3,45,85607271800980,6,7,2,2,85607271800980,85607271887046,85607271912296,0.111316,5,85607276800980,RIGHT_CONTINUOUS,2,0,0,7,7,0,0,7,34213,85607276542458,28.3333333333333,28.3333333333333,28.3333333333333,28.3333333333333,0,0,0,0,,,,,0,,0,0,28.3333333333333,28.3333333333333,28.3333333333333,28.3333333333333,0,0,0,0
primary_02,1,A,FIXED_C2,3,45,85607271800980,6,7,2,2,85607271800980,85607271887046,85607271912296,0.111316,10,85607281800980,RIGHT_CONTINUOUS,2,0,0,7,7,0,0,7,34213,85607276542458,23.3333333333333,23.3333333333333,23.3333333333333,23.3333333333333,0,0,0,0,,,,,0,,0,0,23.3333333333333,23.3333333333333,23.3333333333333,23.3333333333333,0,0,0,0
primary_02,1,A,FIXED_C2,3,45,85607271800980,6,7,2,2,85607271800980,85607271887046,85607271912296,0.111316,20,85607291800980,RIGHT_CONTINUOUS,2,2,5,7,7,0,2,7,34222,85607290827680,13.3333333333333,13.3333333333333,13.3333333333333,13.3333333333333,0,0,0,0,13.3333333333333,13.3333333333333,13.3333333333333,13.3333333333333,0,0,0,0,13.3333333333333,13.3333333333333,13.3333333333333,13.3333333333333,0,0,0,0
primary_02,1,A,FIXED_C2,3,45,85607271800980,6,7,2,2,85607271800980,85607271887046,85607271912296,0.111316,50,85607321800980,RIGHT_CONTINUOUS,2,2,5,7,7,0,2,7,34250,85607321724198,16.6666663333333,16.6666663333333,16.6666663333333,16.6666663333333,0,0,0,0,16.6666663333333,16.6666663333333,16.6666663333333,16.6666663333333,0,0,0,0,16.6666663333333,16.6666663333333,16.6666663333333,16.6666663333333,0,0,0,0
primary_02,1,A,FIXED_C2,3,45,85607271800980,6,7,2,2,85607271800980,85607271887046,85607271912296,0.111316,100,85607371800980,RIGHT_CONTINUOUS,2,2,1,10,3,7,2,7,34286,85607370562000,-6.66666666666667e-07,-6.66666666666667e-07,33.3333333333333,33.3333333333333,3,0.3,0,0,-6.66666666666667e-07,-6.66666666666667e-07,-6.66666666666667e-07,-6.66666666666667e-07,1,1,0,0,-6.66666666666667e-07,-6.66666666666667e-07,-6.66666666666667e-07,-6.66666666666667e-07,3,1,0,0
primary_02,1,A,FIXED_C2,3,45,85607271800980,6,7,2,2,85607271800980,85607271887046,85607271912296,0.111316,500,85607771800980,RIGHT_CONTINUOUS,2,2,1,10,3,7,2,7,34622,85607768099640,-6.66666666666667e-07,-6.66666666666667e-07,33.3333333333333,33.3333333333333,3,0.3,0,0,-6.66666666666667e-07,-6.66666666666667e-07,-6.66666666666667e-07,-6.66666666666667e-07,1,1,0,0,-6.66666666666667e-07,-6.66666666666667e-07,-6.66666666666667e-07,-6.66666666666667e-07,3,1,0,0
primary_02,1,A,FIXED_C2,3,45,85607271800980,6,7,2,2,85607271800980,85607271887046,85607271912296,0.111316,1000,85608271800980,RIGHT_CONTINUOUS,2,2,1,10,3,7,2,7,35042,85608269073035,-6.66666666666667e-07,-6.66666666666667e-07,33.3333333333333,33.3333333333333,3,0.3,0,0,-6.66666666666667e-07,-6.66666666666667e-07,-6.66666666666667e-07,-6.66666666666667e-07,1,1,0,0,-6.66666666666667e-07,-6.66666666666667e-07,-6.66666666666667e-07,-6.66666666666667e-07,3,1,0,0
primary_03,1,A,K_LOOKUP_C2_C4,1,15,85641099785040,6,7,2,4,85641099785040,85641099880526,85641099908869,0.123829,1,85641100785040,RIGHT_CONTINUOUS,4,2,0,9,9,0,2,7,10807,85641100046148,-1.00000066666667,-1.00000066666667,32.3333333333333,32.3333333333333,2,0.222222222222222,0,0,,,,,0,,0,0,-1.00000066666667,-1.00000066666667,32.3333333333333,32.3333333333333,2,0.222222222222222,0,0
primary_03,1,A,K_LOOKUP_C2_C4,1,15,85641099785040,6,7,2,4,85641099785040,85641099880526,85641099908869,0.123829,5,85641104785040,RIGHT_CONTINUOUS,4,1,0,8,8,0,1,7,10808,85641102308923,-5.00000066666667,18.3333331333333,28.3333333333333,28.3333333333333,1,0.125,0,0,,,,,0,,0,0,-5.00000066666667,18.3333331333333,28.3333333333333,28.3333333333333,1,0.125,0,0
primary_03,1,A,K_LOOKUP_C2_C4,1,15,85641099785040,6,7,2,4,85641099785040,85641099880526,85641099908869,0.123829,10,85641109785040,RIGHT_CONTINUOUS,4,0,0,7,7,0,0,7,10809,85641107005947,23.3333333333333,23.3333333333333,23.3333333333333,23.3333333333333,0,0,0,0,,,,,0,,0,0,23.3333333333333,23.3333333333333,23.3333333333333,23.3333333333333,0,0,0,0
primary_03,1,A,K_LOOKUP_C2_C4,1,15,85641099785040,6,7,2,4,85641099785040,85641099880526,85641099908869,0.123829,20,85641119785040,RIGHT_CONTINUOUS,4,4,1,7,7,0,4,7,10818,85641113989561,13.3333333333333,13.3333333333333,13.3333333333333,13.3333333333333,0,0,0,0,13.3333333333333,13.3333333333333,13.3333333333333,13.3333333333333,0,0,0,0,13.3333333333333,13.3333333333333,13.3333333333333,13.3333333333333,0,0,0,0
primary_03,1,A,K_LOOKUP_C2_C4,1,15,85641099785040,6,7,2,4,85641099785040,85641099880526,85641099908869,0.123829,50,85641149785040,RIGHT_CONTINUOUS,4,4,2,7,7,0,4,7,10847,85641149770734,16.6666663333333,16.6666663333333,16.6666663333333,16.6666663333333,0,0,0,0,16.6666663333333,16.6666663333333,16.6666663333333,16.6666663333333,0,0,0,0,16.6666663333333,16.6666663333333,16.6666663333333,16.6666663333333,0,0,0,0
primary_03,1,A,K_LOOKUP_C2_C4,1,15,85641099785040,6,7,2,4,85641099785040,85641099880526,85641099908869,0.123829,100,85641199785040,RIGHT_CONTINUOUS,4,3,0,10,3,7,3,7,10883,85641197472250,-6.66666666666667e-07,-6.66666666666667e-07,33.3333333333333,33.3333333333333,3,0.3,0,0,,,,,0,,0,0,-6.66666666666667e-07,-6.66666666666667e-07,-6.66666666666667e-07,-6.66666666666667e-07,3,1,0,0
primary_03,1,A,K_LOOKUP_C2_C4,1,15,85641099785040,6,7,2,4,85641099785040,85641099880526,85641099908869,0.123829,500,85641599785040,RIGHT_CONTINUOUS,4,3,0,10,3,7,3,7,11219,85641596825180,-6.66666666666667e-07,-6.66666666666667e-07,33.3333333333333,33.3333333333333,3,0.3,0,0,,,,,0,,0,0,-6.66666666666667e-07,-6.66666666666667e-07,-6.66666666666667e-07,-6.66666666666667e-07,3,1,0,0
primary_03,1,A,K_LOOKUP_C2_C4,1,15,85641099785040,6,7,2,4,85641099785040,85641099880526,85641099908869,0.123829,1000,85642099785040,RIGHT_CONTINUOUS,4,4,0,11,4,7,4,7,11638,85642096999096,-6.66666666666667e-07,-6.66666666666667e-07,33.3333333333333,33.3333333333333,4,0.363636363636364,0,0,,,,,0,,0,0,-6.66666666666667e-07,-6.66666666666667e-07,-6.66666666666667e-07,-6.66666666666667e-07,4,1,0,0
primary_03,1,A,K_LOOKUP_C2_C4,2,30,85656099785040,7,6,4,2,85656099785040,85656099887492,85656099909982,0.124942,1,85656100785040,RIGHT_CONTINUOUS,2,3,0,9,9,0,3,6,23407,85656100032520,-1.00000066666667,-1.00000066666667,32.3333333333333,32.3333333333333,3,0.333333333333333,0,0,,,,,0,,0,0,-1.00000066666667,-1.00000066666667,32.3333333333333,32.3333333333333,3,0.333333333333333,0,0
primary_03,1,A,K_LOOKUP_C2_C4,2,30,85656099785040,7,6,4,2,85656099785040,85656099887492,85656099909982,0.124942,5,85656104785040,RIGHT_CONTINUOUS,2,3,0,9,9,0,3,6,23407,85656100032520,-5.00000066666667,-5.00000066666667,28.3333333333333,28.3333333333333,3,0.333333333333333,0,0,,,,,0,,0,0,-5.00000066666667,-5.00000066666667,28.3333333333333,28.3333333333333,3,0.333333333333333,0,0
primary_03,1,A,K_LOOKUP_C2_C4,2,30,85656099785040,7,6,4,2,85656099785040,85656099887492,85656099909982,0.124942,10,85656109785040,RIGHT_CONTINUOUS,2,2,0,8,8,0,2,6,23408,85656108057216,-10.0000006666667,-10.0000006666667,23.3333333333333,23.3333333333333,2,0.25,0,0,,,,,0,,0,0,-10.0000006666667,-10.0000006666667,23.3333333333333,23.3333333333333,2,0.25,0,0
primary_03,1,A,K_LOOKUP_C2_C4,2,30,85656099785040,7,6,4,2,85656099785040,85656099887492,85656099909982,0.124942,20,85656119785040,RIGHT_CONTINUOUS,2,2,4,6,6,0,2,6,23418,85656114541401,13.3333333333333,13.3333333333333,13.3333333333333,13.3333333333333,0,0,0,0,13.3333333333333,13.3333333333333,13.3333333333333,13.3333333333333,0,0,0,0,13.3333333333333,13.3333333333333,13.3333333333333,13.3333333333333,0,0,0,0
primary_03,1,A,K_LOOKUP_C2_C4,2,30,85656099785040,7,6,4,2,85656099785040,85656099887492,85656099909982,0.124942,50,85656149785040,RIGHT_CONTINUOUS,2,2,4,6,6,0,2,6,23442,85656147040087,16.6666663333333,16.6666663333333,16.6666663333333,16.6666663333333,0,0,0,0,16.6666663333333,16.6666663333333,16.6666663333333,16.6666663333333,0,0,0,0,16.6666663333333,16.6666663333333,16.6666663333333,16.6666663333333,0,0,0,0
primary_03,1,A,K_LOOKUP_C2_C4,2,30,85656099785040,7,6,4,2,85656099785040,85656099887492,85656099909982,0.124942,100,85656199785040,RIGHT_CONTINUOUS,2,2,0,8,2,6,2,6,23474,85656195587433,-6.66666666666667e-07,-6.66666666666667e-07,33.3333333333333,33.3333333333333,2,0.25,0,0,,,,,0,,0,0,-6.66666666666667e-07,-6.66666666666667e-07,-6.66666666666667e-07,-6.66666666666667e-07,2,1,0,0
primary_03,1,A,K_LOOKUP_C2_C4,2,30,85656099785040,7,6,4,2,85656099785040,85656099887492,85656099909982,0.124942,500,85656599785040,RIGHT_CONTINUOUS,2,2,0,8,2,6,2,6,23762,85656597520532,-6.66666666666667e-07,-6.66666666666667e-07,33.3333333333333,33.3333333333333,2,0.25,0,0,,,,,0,,0,0,-6.66666666666667e-07,-6.66666666666667e-07,-6.66666666666667e-07,-6.66666666666667e-07,2,1,0,0
primary_03,1,A,K_LOOKUP_C2_C4,2,30,85656099785040,7,6,4,2,85656099785040,85656099887492,85656099909982,0.124942,1000,85657099785040,RIGHT_CONTINUOUS,2,2,0,8,2,6,2,6,24122,85657095111214,-6.66666666666667e-07,-6.66666666666667e-07,33.3333333333333,33.3333333333333,2,0.25,0,0,,,,,0,,0,0,-6.66666666666667e-07,-6.66666666666667e-07,-6.66666666666667e-07,-6.66666666666667e-07,2,1,0,0
primary_03,1,A,K_LOOKUP_C2_C4,3,45,85671099785040,6,7,2,4,85671099785040,85671099869053,85671099884775,0.099735,1,85671100785040,RIGHT_CONTINUOUS,4,2,0,9,9,0,2,7,34211,85671100027832,-1.00000066666667,-1.00000066666667,32.3333333333333,32.3333333333333,2,0.222222222222222,0,0,,,,,0,,0,0,-1.00000066666667,-1.00000066666667,32.3333333333333,32.3333333333333,2,0.222222222222222,0,0
primary_03,1,A,K_LOOKUP_C2_C4,3,45,85671099785040,6,7,2,4,85671099785040,85671099869053,85671099884775,0.099735,5,85671104785040,RIGHT_CONTINUOUS,4,1,0,8,8,0,1,7,34212,85671103872433,-5.00000066666667,18.3333331333333,28.3333333333333,28.3333333333333,1,0.125,0,0,,,,,0,,0,0,-5.00000066666667,18.3333331333333,28.3333333333333,28.3333333333333,1,0.125,0,0
primary_03,1,A,K_LOOKUP_C2_C4,3,45,85671099785040,6,7,2,4,85671099785040,85671099869053,85671099884775,0.099735,10,85671109785040,RIGHT_CONTINUOUS,4,0,0,7,7,0,0,7,34213,85671105273730,23.3333333333333,23.3333333333333,23.3333333333333,23.3333333333333,0,0,0,0,,,,,0,,0,0,23.3333333333333,23.3333333333333,23.3333333333333,23.3333333333333,0,0,0,0
primary_03,1,A,K_LOOKUP_C2_C4,3,45,85671099785040,6,7,2,4,85671099785040,85671099869053,85671099884775,0.099735,20,85671119785040,RIGHT_CONTINUOUS,4,4,3,7,7,0,4,7,34224,85671114937909,13.3333333333333,13.3333333333333,13.3333333333333,13.3333333333333,0,0,0,0,13.3333333333333,13.3333333333333,13.3333333333333,13.3333333333333,0,0,0,0,13.3333333333333,13.3333333333333,13.3333333333333,13.3333333333333,0,0,0,0
primary_03,1,A,K_LOOKUP_C2_C4,3,45,85671099785040,6,7,2,4,85671099785040,85671099869053,85671099884775,0.099735,50,85671149785040,RIGHT_CONTINUOUS,4,4,1,7,7,0,4,7,34250,85671148996773,16.6666663333333,16.6666663333333,16.6666663333333,16.6666663333333,0,0,0,0,16.6666663333333,16.6666663333333,16.6666663333333,16.6666663333333,0,0,0,0,16.6666663333333,16.6666663333333,16.6666663333333,16.6666663333333,0,0,0,0
primary_03,1,A,K_LOOKUP_C2_C4,3,45,85671099785040,6,7,2,4,85671099785040,85671099869053,85671099884775,0.099735,100,85671199785040,RIGHT_CONTINUOUS,4,3,0,10,3,7,3,7,34287,85671195948101,-6.66666666666667e-07,-6.66666666666667e-07,33.3333333333333,33.3333333333333,3,0.3,0,0,,,,,0,,0,0,-6.66666666666667e-07,-6.66666666666667e-07,-6.66666666666667e-07,-6.66666666666667e-07,3,1,0,0
primary_03,1,A,K_LOOKUP_C2_C4,3,45,85671099785040,6,7,2,4,85671099785040,85671099869053,85671099884775,0.099735,500,85671599785040,RIGHT_CONTINUOUS,4,3,0,10,3,7,3,7,34623,85671596490574,-6.66666666666667e-07,-6.66666666666667e-07,33.3333333333333,33.3333333333333,3,0.3,0,0,,,,,0,,0,0,-6.66666666666667e-07,-6.66666666666667e-07,-6.66666666666667e-07,-6.66666666666667e-07,3,1,0,0
primary_03,1,A,K_LOOKUP_C2_C4,3,45,85671099785040,6,7,2,4,85671099785040,85671099869053,85671099884775,0.099735,1000,85672099785040,RIGHT_CONTINUOUS,4,3,0,10,3,7,3,7,35043,85672098473718,-6.66666666666667e-07,-6.66666666666667e-07,33.3333333333333,33.3333333333333,3,0.3,0,0,,,,,0,,0,0,-6.66666666666667e-07,-6.66666666666667e-07,-6.66666666666667e-07,-6.66666666666667e-07,3,1,0,0
primary_04,1,B,FIXED_C2,1,15,85704983847952,7,6,2,2,85704983847952,85704983949740,85704983979139,0.131187,1,85704984847952,RIGHT_CONTINUOUS,2,2,1,9,9,0,2,6,12604,85704984142483,-1.00000066666667,-1.00000066666667,32.3333333333333,32.3333333333333,3,0.333333333333333,0,0,-1.00000066666667,-1.00000066666667,-1.00000066666667,-1.00000066666667,1,1,0,0,-1.00000066666667,-1.00000066666667,32.3333333333333,32.3333333333333,3,0.333333333333333,0,0
primary_04,1,B,FIXED_C2,1,15,85704983847952,7,6,2,2,85704983847952,85704983949740,85704983979139,0.131187,5,85704988847952,RIGHT_CONTINUOUS,2,1,0,7,7,0,1,6,12607,85704988147548,-5.00000066666667,14.9999997333333,28.3333333333333,28.3333333333333,1,0.142857142857143,0,0,,,,,0,,0,0,-5.00000066666667,14.9999997333333,28.3333333333333,28.3333333333333,1,0.142857142857143,0,0
primary_04,1,B,FIXED_C2,1,15,85704983847952,7,6,2,2,85704983847952,85704983949740,85704983979139,0.131187,10,85704993847952,RIGHT_CONTINUOUS,2,0,0,6,6,0,0,6,12608,85704993204278,23.3333333333333,23.3333333333333,23.3333333333333,23.3333333333333,0,0,0,0,,,,,0,,0,0,23.3333333333333,23.3333333333333,23.3333333333333,23.3333333333333,0,0,0,0
primary_04,1,B,FIXED_C2,1,15,85704983847952,7,6,2,2,85704983847952,85704983949740,85704983979139,0.131187,20,85705003847952,RIGHT_CONTINUOUS,2,2,3,5,5,0,2,6,12618,85705002468158,13.3333333333333,13.3333333333333,13.3333333333333,13.3333333333333,0,0,0,0,13.3333333333333,13.3333333333333,13.3333333333333,13.3333333333333,0,0,0,0,13.3333333333333,13.3333333333333,13.3333333333333,13.3333333333333,0,0,0,0
primary_04,1,B,FIXED_C2,1,15,85704983847952,7,6,2,2,85704983847952,85704983949740,85704983979139,0.131187,50,85705033847952,RIGHT_CONTINUOUS,2,2,4,6,6,0,2,6,12640,85705031779144,16.6666663333333,16.6666663333333,16.6666663333333,16.6666663333333,0,0,0,0,16.6666663333333,16.6666663333333,16.6666663333333,16.6666663333333,0,0,0,0,16.6666663333333,16.6666663333333,16.6666663333333,16.6666663333333,0,0,0,0
primary_04,1,B,FIXED_C2,1,15,85704983847952,7,6,2,2,85704983847952,85704983949740,85704983979139,0.131187,100,85705083847952,RIGHT_CONTINUOUS,2,2,0,8,2,6,2,6,12672,85705078799348,-6.66666666666667e-07,-6.66666666666667e-07,33.3333333333333,33.3333333333333,2,0.25,0,0,,,,,0,,0,0,-6.66666666666667e-07,-6.66666666666667e-07,-6.66666666666667e-07,-6.66666666666667e-07,2,1,0,0
primary_04,1,B,FIXED_C2,1,15,85704983847952,7,6,2,2,85704983847952,85704983949740,85704983979139,0.131187,500,85705483847952,RIGHT_CONTINUOUS,2,2,0,8,2,6,2,6,12960,85705479947336,-6.66666666666667e-07,-6.66666666666667e-07,33.3333333333333,33.3333333333333,2,0.25,0,0,,,,,0,,0,0,-6.66666666666667e-07,-6.66666666666667e-07,-6.66666666666667e-07,-6.66666666666667e-07,2,1,0,0
primary_04,1,B,FIXED_C2,1,15,85704983847952,7,6,2,2,85704983847952,85704983949740,85704983979139,0.131187,1000,85705983847952,RIGHT_CONTINUOUS,2,2,0,8,2,6,2,6,13320,85705981915376,-6.66666666666667e-07,-6.66666666666667e-07,33.3333333333333,33.3333333333333,2,0.25,0,0,,,,,0,,0,0,-6.66666666666667e-07,-6.66666666666667e-07,-6.66666666666667e-07,-6.66666666666667e-07,2,1,0,0
primary_04,1,B,FIXED_C2,2,30,85719983847952,6,7,2,2,85719983847952,85719983948739,85719983972091,0.124139,1,85719984847952,RIGHT_CONTINUOUS,2,2,0,9,9,0,2,7,23409,85719984126537,-1.00000066666667,-1.00000066666667,32.3333333333333,32.3333333333333,2,0.222222222222222,0,0,,,,,0,,0,0,-1.00000066666667,-1.00000066666667,32.3333333333333,32.3333333333333,2,0.222222222222222,0,0
primary_04,1,B,FIXED_C2,2,30,85719983847952,6,7,2,2,85719983847952,85719983948739,85719983972091,0.124139,5,85719988847952,RIGHT_CONTINUOUS,2,0,0,7,7,0,0,7,23411,85719988336899,28.3333333333333,28.3333333333333,28.3333333333333,28.3333333333333,0,0,0,0,,,,,0,,0,0,28.3333333333333,28.3333333333333,28.3333333333333,28.3333333333333,0,0,0,0
primary_04,1,B,FIXED_C2,2,30,85719983847952,6,7,2,2,85719983847952,85719983948739,85719983972091,0.124139,10,85719993847952,RIGHT_CONTINUOUS,2,0,0,7,7,0,0,7,23411,85719988336899,23.3333333333333,23.3333333333333,23.3333333333333,23.3333333333333,0,0,0,0,,,,,0,,0,0,23.3333333333333,23.3333333333333,23.3333333333333,23.3333333333333,0,0,0,0
primary_04,1,B,FIXED_C2,2,30,85719983847952,6,7,2,2,85719983847952,85719983948739,85719983972091,0.124139,20,85720003847952,RIGHT_CONTINUOUS,2,2,5,7,7,0,2,7,23420,85720003319301,13.3333333333333,13.3333333333333,13.3333333333333,13.3333333333333,0,0,0,0,13.3333333333333,13.3333333333333,13.3333333333333,13.3333333333333,0,0,0,0,13.3333333333333,13.3333333333333,13.3333333333333,13.3333333333333,0,0,0,0
primary_04,1,B,FIXED_C2,2,30,85719983847952,6,7,2,2,85719983847952,85719983948739,85719983972091,0.124139,50,85720033847952,RIGHT_CONTINUOUS,2,2,3,6,6,0,2,7,23449,85720033588044,16.6666663333333,16.6666663333333,16.6666663333333,16.6666663333333,0,0,0,0,16.6666663333333,16.6666663333333,16.6666663333333,16.6666663333333,0,0,0,0,16.6666663333333,16.6666663333333,16.6666663333333,16.6666663333333,0,0,0,0
primary_04,1,B,FIXED_C2,2,30,85719983847952,6,7,2,2,85719983847952,85719983948739,85719983972091,0.124139,100,85720083847952,RIGHT_CONTINUOUS,2,2,1,10,3,7,2,7,23484,85720080328197,-6.66666666666667e-07,-6.66666666666667e-07,33.3333333333333,33.3333333333333,3,0.3,0,0,-6.66666666666667e-07,-6.66666666666667e-07,-6.66666666666667e-07,-6.66666666666667e-07,1,1,0,0,-6.66666666666667e-07,-6.66666666666667e-07,-6.66666666666667e-07,-6.66666666666667e-07,3,1,0,0
primary_04,1,B,FIXED_C2,2,30,85719983847952,6,7,2,2,85719983847952,85719983948739,85719983972091,0.124139,500,85720483847952,RIGHT_CONTINUOUS,2,2,1,10,3,7,2,7,23820,85720479604570,-6.66666666666667e-07,-6.66666666666667e-07,33.3333333333333,33.3333333333333,3,0.3,0,0,-6.66666666666667e-07,-6.66666666666667e-07,-6.66666666666667e-07,-6.66666666666667e-07,1,1,0,0,-6.66666666666667e-07,-6.66666666666667e-07,-6.66666666666667e-07,-6.66666666666667e-07,3,1,0,0
primary_04,1,B,FIXED_C2,2,30,85719983847952,6,7,2,2,85719983847952,85719983948739,85719983972091,0.124139,1000,85720983847952,RIGHT_CONTINUOUS,2,2,1,10,3,7,2,7,24240,85720980973719,-6.66666666666667e-07,-6.66666666666667e-07,33.3333333333333,33.3333333333333,3,0.3,0,0,-6.66666666666667e-07,-6.66666666666667e-07,-6.66666666666667e-07,-6.66666666666667e-07,1,1,0,0,-6.66666666666667e-07,-6.66666666666667e-07,-6.66666666666667e-07,-6.66666666666667e-07,3,1,0,0
primary_04,1,B,FIXED_C2,3,45,85734983847952,7,6,2,2,85734983847952,85734983941261,85734983959242,0.11129,1,85734984847952,RIGHT_CONTINUOUS,2,2,1,9,9,0,2,6,36008,85734984198549,-1.00000066666667,-1.00000066666667,32.3333333333333,32.3333333333333,3,0.333333333333333,0,0,-1.00000066666667,-1.00000066666667,-1.00000066666667,-1.00000066666667,1,1,0,0,-1.00000066666667,-1.00000066666667,32.3333333333333,32.3333333333333,3,0.333333333333333,0,0
primary_04,1,B,FIXED_C2,3,45,85734983847952,7,6,2,2,85734983847952,85734983941261,85734983959242,0.11129,5,85734988847952,RIGHT_CONTINUOUS,2,1,0,7,7,0,1,6,36011,85734988791999,-5.00000066666667,14.9999997333333,28.3333333333333,28.3333333333333,1,0.142857142857143,0,0,,,,,0,,0,0,-5.00000066666667,14.9999997333333,28.3333333333333,28.3333333333333,1,0.142857142857143,0,0
primary_04,1,B,FIXED_C2,3,45,85734983847952,7,6,2,2,85734983847952,85734983941261,85734983959242,0.11129,10,85734993847952,RIGHT_CONTINUOUS,2,0,0,6,6,0,0,6,36012,85734993245743,23.3333333333333,23.3333333333333,23.3333333333333,23.3333333333333,0,0,0,0,,,,,0,,0,0,23.3333333333333,23.3333333333333,23.3333333333333,23.3333333333333,0,0,0,0
primary_04,1,B,FIXED_C2,3,45,85734983847952,7,6,2,2,85734983847952,85734983941261,85734983959242,0.11129,20,85735003847952,RIGHT_CONTINUOUS,2,2,4,6,6,0,2,6,36020,85734999137414,13.3333333333333,13.3333333333333,13.3333333333333,13.3333333333333,0,0,0,0,13.3333333333333,13.3333333333333,13.3333333333333,13.3333333333333,0,0,0,0,13.3333333333333,13.3333333333333,13.3333333333333,13.3333333333333,0,0,0,0
primary_04,1,B,FIXED_C2,3,45,85734983847952,7,6,2,2,85734983847952,85734983941261,85734983959242,0.11129,50,85735033847952,RIGHT_CONTINUOUS,2,2,4,6,6,0,2,6,36044,85735030610673,16.6666663333333,16.6666663333333,16.6666663333333,16.6666663333333,0,0,0,0,16.6666663333333,16.6666663333333,16.6666663333333,16.6666663333333,0,0,0,0,16.6666663333333,16.6666663333333,16.6666663333333,16.6666663333333,0,0,0,0
primary_04,1,B,FIXED_C2,3,45,85734983847952,7,6,2,2,85734983847952,85734983941261,85734983959242,0.11129,100,85735083847952,RIGHT_CONTINUOUS,2,2,0,8,2,6,2,6,36076,85735079339406,-6.66666666666667e-07,-6.66666666666667e-07,33.3333333333333,33.3333333333333,2,0.25,0,0,,,,,0,,0,0,-6.66666666666667e-07,-6.66666666666667e-07,-6.66666666666667e-07,-6.66666666666667e-07,2,1,0,0
primary_04,1,B,FIXED_C2,3,45,85734983847952,7,6,2,2,85734983847952,85734983941261,85734983959242,0.11129,500,85735483847952,RIGHT_CONTINUOUS,2,2,0,8,2,6,2,6,36364,85735479167817,-6.66666666666667e-07,-6.66666666666667e-07,33.3333333333333,33.3333333333333,2,0.25,0,0,,,,,0,,0,0,-6.66666666666667e-07,-6.66666666666667e-07,-6.66666666666667e-07,-6.66666666666667e-07,2,1,0,0
primary_04,1,B,FIXED_C2,3,45,85734983847952,7,6,2,2,85734983847952,85734983941261,85734983959242,0.11129,1000,85735983847952,RIGHT_CONTINUOUS,2,2,0,8,2,6,2,6,36724,85735980795929,-6.66666666666667e-07,-6.66666666666667e-07,33.3333333333333,33.3333333333333,2,0.25,0,0,,,,,0,,0,0,-6.66666666666667e-07,-6.66666666666667e-07,-6.66666666666667e-07,-6.66666666666667e-07,2,1,0,0
primary_05,1,B,K_LOOKUP_C2_C4,1,15,85768868303206,7,6,4,2,85768868303206,85768868408107,85768868456561,0.153355,1,85768869303206,RIGHT_CONTINUOUS,2,3,0,9,9,0,3,6,12605,85768868602414,-1.00000066666667,-1.00000066666667,32.3333333333333,32.3333333333333,3,0.333333333333333,0,0,,,,,0,,0,0,-1.00000066666667,-1.00000066666667,32.3333333333333,32.3333333333333,3,0.333333333333333,0,0
primary_05,1,B,K_LOOKUP_C2_C4,1,15,85768868303206,7,6,4,2,85768868303206,85768868408107,85768868456561,0.153355,5,85768873303206,RIGHT_CONTINUOUS,2,3,0,9,9,0,3,6,12605,85768868602414,-5.00000066666667,-5.00000066666667,28.3333333333333,28.3333333333333,3,0.333333333333333,0,0,,,,,0,,0,0,-5.00000066666667,-5.00000066666667,28.3333333333333,28.3333333333333,3,0.333333333333333,0,0
primary_05,1,B,K_LOOKUP_C2_C4,1,15,85768868303206,7,6,4,2,85768868303206,85768868408107,85768868456561,0.153355,10,85768878303206,RIGHT_CONTINUOUS,2,0,0,6,6,0,0,6,12608,85768876495145,23.3333333333333,23.3333333333333,23.3333333333333,23.3333333333333,0,0,0,0,,,,,0,,0,0,23.3333333333333,23.3333333333333,23.3333333333333,23.3333333333333,0,0,0,0
primary_05,1,B,K_LOOKUP_C2_C4,1,15,85768868303206,7,6,4,2,85768868303206,85768868408107,85768868456561,0.153355,20,85768888303206,RIGHT_CONTINUOUS,2,2,3,5,5,0,2,6,12618,85768887290961,13.3333333333333,13.3333333333333,13.3333333333333,13.3333333333333,0,0,0,0,13.3333333333333,13.3333333333333,13.3333333333333,13.3333333333333,0,0,0,0,13.3333333333333,13.3333333333333,13.3333333333333,13.3333333333333,0,0,0,0
primary_05,1,B,K_LOOKUP_C2_C4,1,15,85768868303206,7,6,4,2,85768868303206,85768868408107,85768868456561,0.153355,50,85768918303206,RIGHT_CONTINUOUS,2,2,4,6,6,0,2,6,12640,85768915713466,16.6666663333333,16.6666663333333,16.6666663333333,16.6666663333333,0,0,0,0,16.6666663333333,16.6666663333333,16.6666663333333,16.6666663333333,0,0,0,0,16.6666663333333,16.6666663333333,16.6666663333333,16.6666663333333,0,0,0,0
primary_05,1,B,K_LOOKUP_C2_C4,1,15,85768868303206,7,6,4,2,85768868303206,85768868408107,85768868456561,0.153355,100,85768968303206,RIGHT_CONTINUOUS,2,2,0,8,2,6,2,6,12672,85768964320499,-6.66666666666667e-07,-6.66666666666667e-07,33.3333333333333,33.3333333333333,2,0.25,0,0,,,,,0,,0,0,-6.66666666666667e-07,-6.66666666666667e-07,-6.66666666666667e-07,-6.66666666666667e-07,2,1,0,0
primary_05,1,B,K_LOOKUP_C2_C4,1,15,85768868303206,7,6,4,2,85768868303206,85768868408107,85768868456561,0.153355,500,85769368303206,RIGHT_CONTINUOUS,2,2,0,8,2,6,2,6,12960,85769364222807,-6.66666666666667e-07,-6.66666666666667e-07,33.3333333333333,33.3333333333333,2,0.25,0,0,,,,,0,,0,0,-6.66666666666667e-07,-6.66666666666667e-07,-6.66666666666667e-07,-6.66666666666667e-07,2,1,0,0
primary_05,1,B,K_LOOKUP_C2_C4,1,15,85768868303206,7,6,4,2,85768868303206,85768868408107,85768868456561,0.153355,1000,85769868303206,RIGHT_CONTINUOUS,2,2,0,8,2,6,2,6,13320,85769865756671,-6.66666666666667e-07,-6.66666666666667e-07,33.3333333333333,33.3333333333333,2,0.25,0,0,,,,,0,,0,0,-6.66666666666667e-07,-6.66666666666667e-07,-6.66666666666667e-07,-6.66666666666667e-07,2,1,0,0
primary_05,1,B,K_LOOKUP_C2_C4,2,30,85783868303206,6,7,2,4,85783868303206,85783868398369,85783868426129,0.122923,1,85783869303206,RIGHT_CONTINUOUS,4,2,0,9,9,0,2,7,23409,85783868576250,-1.00000066666667,-1.00000066666667,32.3333333333333,32.3333333333333,2,0.222222222222222,0,0,,,,,0,,0,0,-1.00000066666667,-1.00000066666667,32.3333333333333,32.3333333333333,2,0.222222222222222,0,0
primary_05,1,B,K_LOOKUP_C2_C4,2,30,85783868303206,6,7,2,4,85783868303206,85783868398369,85783868426129,0.122923,5,85783873303206,RIGHT_CONTINUOUS,4,1,0,8,8,0,1,7,23410,85783870595200,-5.00000066666667,18.3333331333333,28.3333333333333,28.3333333333333,1,0.125,0,0,,,,,0,,0,0,-5.00000066666667,18.3333331333333,28.3333333333333,28.3333333333333,1,0.125,0,0
primary_05,1,B,K_LOOKUP_C2_C4,2,30,85783868303206,6,7,2,4,85783868303206,85783868398369,85783868426129,0.122923,10,85783878303206,RIGHT_CONTINUOUS,4,0,0,7,7,0,0,7,23411,85783873375265,23.3333333333333,23.3333333333333,23.3333333333333,23.3333333333333,0,0,0,0,,,,,0,,0,0,23.3333333333333,23.3333333333333,23.3333333333333,23.3333333333333,0,0,0,0
primary_05,1,B,K_LOOKUP_C2_C4,2,30,85783868303206,6,7,2,4,85783868303206,85783868398369,85783868426129,0.122923,20,85783888303206,RIGHT_CONTINUOUS,4,4,2,6,6,0,4,7,23424,85783887394724,13.3333333333333,13.3333333333333,13.3333333333333,13.3333333333333,0,0,0,0,13.3333333333333,13.3333333333333,13.3333333333333,13.3333333333333,0,0,0,0,13.3333333333333,13.3333333333333,13.3333333333333,13.3333333333333,0,0,0,0
primary_05,1,B,K_LOOKUP_C2_C4,2,30,85783868303206,6,7,2,4,85783868303206,85783868398369,85783868426129,0.122923,50,85783918303206,RIGHT_CONTINUOUS,4,3,1,7,7,0,3,7,23446,85783918285746,16.6666663333333,16.6666663333333,16.6666663333333,16.6666663333333,0,0,0,0,16.6666663333333,16.6666663333333,16.6666663333333,16.6666663333333,0,0,0,0,16.6666663333333,16.6666663333333,16.6666663333333,16.6666663333333,0,0,0,0
primary_05,1,B,K_LOOKUP_C2_C4,2,30,85783868303206,6,7,2,4,85783868303206,85783868398369,85783868426129,0.122923,100,85783968303206,RIGHT_CONTINUOUS,4,3,0,10,3,7,3,7,23485,85783966663132,-6.66666666666667e-07,-6.66666666666667e-07,33.3333333333333,33.3333333333333,3,0.3,0,0,,,,,0,,0,0,-6.66666666666667e-07,-6.66666666666667e-07,-6.66666666666667e-07,-6.66666666666667e-07,3,1,0,0
primary_05,1,B,K_LOOKUP_C2_C4,2,30,85783868303206,6,7,2,4,85783868303206,85783868398369,85783868426129,0.122923,500,85784368303206,RIGHT_CONTINUOUS,4,3,0,10,3,7,3,7,23821,85784365237718,-6.66666666666667e-07,-6.66666666666667e-07,33.3333333333333,33.3333333333333,3,0.3,0,0,,,,,0,,0,0,-6.66666666666667e-07,-6.66666666666667e-07,-6.66666666666667e-07,-6.66666666666667e-07,3,1,0,0
primary_05,1,B,K_LOOKUP_C2_C4,2,30,85783868303206,6,7,2,4,85783868303206,85783868398369,85783868426129,0.122923,1000,85784868303206,RIGHT_CONTINUOUS,4,3,0,10,3,7,3,7,24241,85784866179109,-6.66666666666667e-07,-6.66666666666667e-07,33.3333333333333,33.3333333333333,3,0.3,0,0,,,,,0,,0,0,-6.66666666666667e-07,-6.66666666666667e-07,-6.66666666666667e-07,-6.66666666666667e-07,3,1,0,0
primary_05,1,B,K_LOOKUP_C2_C4,3,45,85798868303206,7,6,4,2,85798868303206,85798868389994,85798868409040,0.105834,1,85798869303206,RIGHT_CONTINUOUS,2,3,0,9,9,0,3,6,36009,85798868671200,-1.00000066666667,-1.00000066666667,32.3333333333333,32.3333333333333,3,0.333333333333333,0,0,,,,,0,,0,0,-1.00000066666667,-1.00000066666667,32.3333333333333,32.3333333333333,3,0.333333333333333,0,0
primary_05,1,B,K_LOOKUP_C2_C4,3,45,85798868303206,7,6,4,2,85798868303206,85798868389994,85798868409040,0.105834,5,85798873303206,RIGHT_CONTINUOUS,2,2,0,8,8,0,2,6,36010,85798869630900,-5.00000066666667,-5.00000066666667,28.3333333333333,28.3333333333333,2,0.25,0,0,,,,,0,,0,0,-5.00000066666667,-5.00000066666667,28.3333333333333,28.3333333333333,2,0.25,0,0
primary_05,1,B,K_LOOKUP_C2_C4,3,45,85798868303206,7,6,4,2,85798868303206,85798868389994,85798868409040,0.105834,10,85798878303206,RIGHT_CONTINUOUS,2,0,0,6,6,0,0,6,36012,85798876714246,23.3333333333333,23.3333333333333,23.3333333333333,23.3333333333333,0,0,0,0,,,,,0,,0,0,23.3333333333333,23.3333333333333,23.3333333333333,23.3333333333333,0,0,0,0
primary_05,1,B,K_LOOKUP_C2_C4,3,45,85798868303206,7,6,4,2,85798868303206,85798868389994,85798868409040,0.105834,20,85798888303206,RIGHT_CONTINUOUS,2,2,3,5,5,0,2,6,36022,85798888103491,13.3333333333333,13.3333333333333,13.3333333333333,13.3333333333333,0,0,0,0,13.3333333333333,13.3333333333333,13.3333333333333,13.3333333333333,0,0,0,0,13.3333333333333,13.3333333333333,13.3333333333333,13.3333333333333,0,0,0,0
primary_05,1,B,K_LOOKUP_C2_C4,3,45,85798868303206,7,6,4,2,85798868303206,85798868389994,85798868409040,0.105834,50,85798918303206,RIGHT_CONTINUOUS,2,2,4,6,6,0,2,6,36044,85798917382733,16.6666663333333,16.6666663333333,16.6666663333333,16.6666663333333,0,0,0,0,16.6666663333333,16.6666663333333,16.6666663333333,16.6666663333333,0,0,0,0,16.6666663333333,16.6666663333333,16.6666663333333,16.6666663333333,0,0,0,0
primary_05,1,B,K_LOOKUP_C2_C4,3,45,85798868303206,7,6,4,2,85798868303206,85798868389994,85798868409040,0.105834,100,85798968303206,RIGHT_CONTINUOUS,2,2,0,8,2,6,2,6,36076,85798965981265,-6.66666666666667e-07,-6.66666666666667e-07,33.3333333333333,33.3333333333333,2,0.25,0,0,,,,,0,,0,0,-6.66666666666667e-07,-6.66666666666667e-07,-6.66666666666667e-07,-6.66666666666667e-07,2,1,0,0
primary_05,1,B,K_LOOKUP_C2_C4,3,45,85798868303206,7,6,4,2,85798868303206,85798868389994,85798868409040,0.105834,500,85799368303206,RIGHT_CONTINUOUS,2,2,0,8,2,6,2,6,36364,85799364192569,-6.66666666666667e-07,-6.66666666666667e-07,33.3333333333333,33.3333333333333,2,0.25,0,0,,,,,0,,0,0,-6.66666666666667e-07,-6.66666666666667e-07,-6.66666666666667e-07,-6.66666666666667e-07,2,1,0,0
primary_05,1,B,K_LOOKUP_C2_C4,3,45,85798868303206,7,6,4,2,85798868303206,85798868389994,85798868409040,0.105834,1000,85799868303206,RIGHT_CONTINUOUS,2,2,0,8,2,6,2,6,36724,85799863603379,-6.66666666666667e-07,-6.66666666666667e-07,33.3333333333333,33.3333333333333,2,0.25,0,0,,,,,0,,0,0,-6.66666666666667e-07,-6.66666666666667e-07,-6.66666666666667e-07,-6.66666666666667e-07,2,1,0,0
primary_06,1,A,FIXED_C4,1,15,85832767672224,6,7,4,4,85832767672224,85832767809591,85832767845036,0.172812,1,85832768672224,RIGHT_CONTINUOUS,4,2,0,9,9,0,2,7,10807,85832768027788,-1.00000066666667,-1.00000066666667,32.3333333333333,32.3333333333333,2,0.222222222222222,0,0,,,,,0,,0,0,-1.00000066666667,-1.00000066666667,32.3333333333333,32.3333333333333,2,0.222222222222222,0,0
primary_06,1,A,FIXED_C4,1,15,85832767672224,6,7,4,4,85832767672224,85832767809591,85832767845036,0.172812,5,85832772672224,RIGHT_CONTINUOUS,4,2,0,9,9,0,2,7,10807,85832768027788,-5.00000066666667,-5.00000066666667,28.3333333333333,28.3333333333333,2,0.222222222222222,0,0,,,,,0,,0,0,-5.00000066666667,-5.00000066666667,28.3333333333333,28.3333333333333,2,0.222222222222222,0,0
primary_06,1,A,FIXED_C4,1,15,85832767672224,6,7,4,4,85832767672224,85832767809591,85832767845036,0.172812,10,85832777672224,RIGHT_CONTINUOUS,4,0,0,7,7,0,0,7,10809,85832774770557,23.3333333333333,23.3333333333333,23.3333333333333,23.3333333333333,0,0,0,0,,,,,0,,0,0,23.3333333333333,23.3333333333333,23.3333333333333,23.3333333333333,0,0,0,0
primary_06,1,A,FIXED_C4,1,15,85832767672224,6,7,4,4,85832767672224,85832767809591,85832767845036,0.172812,20,85832787672224,RIGHT_CONTINUOUS,4,4,2,7,7,0,4,7,10819,85832786795241,13.3333333333333,13.3333333333333,13.3333333333333,13.3333333333333,0,0,0,0,13.3333333333333,13.3333333333333,13.3333333333333,13.3333333333333,0,0,0,0,13.3333333333333,13.3333333333333,13.3333333333333,13.3333333333333,0,0,0,0
primary_06,1,A,FIXED_C4,1,15,85832767672224,6,7,4,4,85832767672224,85832767809591,85832767845036,0.172812,50,85832817672224,RIGHT_CONTINUOUS,4,4,1,7,7,0,4,7,10846,85832816337724,16.6666663333333,16.6666663333333,16.6666663333333,16.6666663333333,0,0,0,0,16.6666663333333,16.6666663333333,16.6666663333333,16.6666663333333,0,0,0,0,16.6666663333333,16.6666663333333,16.6666663333333,16.6666663333333,0,0,0,0
primary_06,1,A,FIXED_C4,1,15,85832767672224,6,7,4,4,85832767672224,85832767809591,85832767845036,0.172812,100,85832867672224,RIGHT_CONTINUOUS,4,3,0,10,3,7,3,7,10883,85832866092189,-6.66666666666667e-07,-6.66666666666667e-07,33.3333333333333,33.3333333333333,3,0.3,0,0,,,,,0,,0,0,-6.66666666666667e-07,-6.66666666666667e-07,-6.66666666666667e-07,-6.66666666666667e-07,3,1,0,0
primary_06,1,A,FIXED_C4,1,15,85832767672224,6,7,4,4,85832767672224,85832767809591,85832767845036,0.172812,500,85833267672224,RIGHT_CONTINUOUS,4,3,0,10,3,7,3,7,11219,85833266218974,-6.66666666666667e-07,-6.66666666666667e-07,33.3333333333333,33.3333333333333,3,0.3,0,0,,,,,0,,0,0,-6.66666666666667e-07,-6.66666666666667e-07,-6.66666666666667e-07,-6.66666666666667e-07,3,1,0,0
primary_06,1,A,FIXED_C4,1,15,85832767672224,6,7,4,4,85832767672224,85832767809591,85832767845036,0.172812,1000,85833767672224,RIGHT_CONTINUOUS,4,3,0,10,3,7,3,7,11639,85833763521223,-6.66666666666667e-07,-6.66666666666667e-07,33.3333333333333,33.3333333333333,3,0.3,0,0,,,,,0,,0,0,-6.66666666666667e-07,-6.66666666666667e-07,-6.66666666666667e-07,-6.66666666666667e-07,3,1,0,0
primary_06,1,A,FIXED_C4,2,30,85847767672224,7,6,4,4,85847767672224,85847767774224,85847767800299,0.128075,1,85847768672224,RIGHT_CONTINUOUS,4,4,0,10,10,0,4,6,23406,85847768092078,-1.00000066666667,-1.00000066666667,32.3333333333333,32.3333333333333,4,0.4,0,0,,,,,0,,0,0,-1.00000066666667,-1.00000066666667,32.3333333333333,32.3333333333333,4,0.4,0,0
primary_06,1,A,FIXED_C4,2,30,85847767672224,7,6,4,4,85847767672224,85847767774224,85847767800299,0.128075,5,85847772672224,RIGHT_CONTINUOUS,4,2,0,8,8,0,2,6,23408,85847771741335,-5.00000066666667,-5.00000066666667,28.3333333333333,28.3333333333333,2,0.25,0,0,,,,,0,,0,0,-5.00000066666667,-5.00000066666667,28.3333333333333,28.3333333333333,2,0.25,0,0
primary_06,1,A,FIXED_C4,2,30,85847767672224,7,6,4,4,85847767672224,85847767774224,85847767800299,0.128075,10,85847777672224,RIGHT_CONTINUOUS,4,1,0,7,7,0,1,6,23409,85847776035364,-10.0000006666667,9.99999973333333,23.3333333333333,23.3333333333333,1,0.142857142857143,0,0,,,,,0,,0,0,-10.0000006666667,9.99999973333333,23.3333333333333,23.3333333333333,1,0.142857142857143,0,0
primary_06,1,A,FIXED_C4,2,30,85847767672224,7,6,4,4,85847767672224,85847767774224,85847767800299,0.128075,20,85847787672224,RIGHT_CONTINUOUS,4,4,2,6,6,0,4,6,23420,85847783712363,13.3333333333333,13.3333333333333,13.3333333333333,13.3333333333333,0,0,0,0,13.3333333333333,13.3333333333333,13.3333333333333,13.3333333333333,0,0,0,0,13.3333333333333,13.3333333333333,13.3333333333333,13.3333333333333,0,0,0,0
primary_06,1,A,FIXED_C4,2,30,85847767672224,7,6,4,4,85847767672224,85847767774224,85847767800299,0.128075,50,85847817672224,RIGHT_CONTINUOUS,4,4,2,6,6,0,4,6,23444,85847816719157,16.6666663333333,16.6666663333333,16.6666663333333,16.6666663333333,0,0,0,0,16.6666663333333,16.6666663333333,16.6666663333333,16.6666663333333,0,0,0,0,16.6666663333333,16.6666663333333,16.6666663333333,16.6666663333333,0,0,0,0
primary_06,1,A,FIXED_C4,2,30,85847767672224,7,6,4,4,85847767672224,85847767774224,85847767800299,0.128075,100,85847867672224,RIGHT_CONTINUOUS,4,2,0,8,2,6,2,6,23474,85847865218856,-6.66666666666667e-07,-6.66666666666667e-07,33.3333333333333,33.3333333333333,2,0.25,0,0,,,,,0,,0,0,-6.66666666666667e-07,-6.66666666666667e-07,-6.66666666666667e-07,-6.66666666666667e-07,2,1,0,0
primary_06,1,A,FIXED_C4,2,30,85847767672224,7,6,4,4,85847767672224,85847767774224,85847767800299,0.128075,500,85848267672224,RIGHT_CONTINUOUS,4,2,0,8,2,6,2,6,23762,85848265261723,-6.66666666666667e-07,-6.66666666666667e-07,33.3333333333333,33.3333333333333,2,0.25,0,0,,,,,0,,0,0,-6.66666666666667e-07,-6.66666666666667e-07,-6.66666666666667e-07,-6.66666666666667e-07,2,1,0,0
primary_06,1,A,FIXED_C4,2,30,85847767672224,7,6,4,4,85847767672224,85847767774224,85847767800299,0.128075,1000,85848767672224,RIGHT_CONTINUOUS,4,2,0,8,2,6,2,6,24122,85848763482885,-6.66666666666667e-07,-6.66666666666667e-07,33.3333333333333,33.3333333333333,2,0.25,0,0,,,,,0,,0,0,-6.66666666666667e-07,-6.66666666666667e-07,-6.66666666666667e-07,-6.66666666666667e-07,2,1,0,0
primary_06,1,A,FIXED_C4,3,45,85862767672224,6,7,4,4,85862767672224,85862767759310,85862767775718,0.103494,1,85862768672224,RIGHT_CONTINUOUS,4,2,0,9,9,0,2,7,34211,85862767911386,-1.00000066666667,-1.00000066666667,32.3333333333333,32.3333333333333,2,0.222222222222222,0,0,,,,,0,,0,0,-1.00000066666667,-1.00000066666667,32.3333333333333,32.3333333333333,2,0.222222222222222,0,0
primary_06,1,A,FIXED_C4,3,45,85862767672224,6,7,4,4,85862767672224,85862767759310,85862767775718,0.103494,5,85862772672224,RIGHT_CONTINUOUS,4,2,0,9,9,0,2,7,34211,85862767911386,-5.00000066666667,-5.00000066666667,28.3333333333333,28.3333333333333,2,0.222222222222222,0,0,,,,,0,,0,0,-5.00000066666667,-5.00000066666667,28.3333333333333,28.3333333333333,2,0.222222222222222,0,0
primary_06,1,A,FIXED_C4,3,45,85862767672224,6,7,4,4,85862767672224,85862767759310,85862767775718,0.103494,10,85862777672224,RIGHT_CONTINUOUS,4,0,0,7,7,0,0,7,34213,85862777052135,23.3333333333333,23.3333333333333,23.3333333333333,23.3333333333333,0,0,0,0,,,,,0,,0,0,23.3333333333333,23.3333333333333,23.3333333333333,23.3333333333333,0,0,0,0
primary_06,1,A,FIXED_C4,3,45,85862767672224,6,7,4,4,85862767672224,85862767759310,85862767775718,0.103494,20,85862787672224,RIGHT_CONTINUOUS,4,4,2,7,7,0,4,7,34223,85862786818628,13.3333333333333,13.3333333333333,13.3333333333333,13.3333333333333,0,0,0,0,13.3333333333333,13.3333333333333,13.3333333333333,13.3333333333333,0,0,0,0,13.3333333333333,13.3333333333333,13.3333333333333,13.3333333333333,0,0,0,0
primary_06,1,A,FIXED_C4,3,45,85862767672224,6,7,4,4,85862767672224,85862767759310,85862767775718,0.103494,50,85862817672224,RIGHT_CONTINUOUS,4,4,2,8,8,0,4,7,34248,85862817262599,-16.6666666666667,6.66666643333333,16.6666663333333,16.6666663333333,1,0.125,0,0,16.6666663333333,16.6666663333333,16.6666663333333,16.6666663333333,0,0,0,0,-16.6666666666667,6.66666643333333,16.6666663333333,16.6666663333333,1,0.125,0,0
primary_06,1,A,FIXED_C4,3,45,85862767672224,6,7,4,4,85862767672224,85862767759310,85862767775718,0.103494,100,85862867672224,RIGHT_CONTINUOUS,4,3,0,10,3,7,3,7,34287,85862865373572,-6.66666666666667e-07,-6.66666666666667e-07,33.3333333333333,33.3333333333333,3,0.3,0,0,,,,,0,,0,0,-6.66666666666667e-07,-6.66666666666667e-07,-6.66666666666667e-07,-6.66666666666667e-07,3,1,0,0
primary_06,1,A,FIXED_C4,3,45,85862767672224,6,7,4,4,85862767672224,85862767759310,85862767775718,0.103494,500,85863267672224,RIGHT_CONTINUOUS,4,3,0,10,3,7,3,7,34623,85863264092296,-6.66666666666667e-07,-6.66666666666667e-07,33.3333333333333,33.3333333333333,3,0.3,0,0,,,,,0,,0,0,-6.66666666666667e-07,-6.66666666666667e-07,-6.66666666666667e-07,-6.66666666666667e-07,3,1,0,0
primary_06,1,A,FIXED_C4,3,45,85862767672224,6,7,4,4,85862767672224,85862767759310,85862767775718,0.103494,1000,85863767672224,RIGHT_CONTINUOUS,4,3,0,10,3,7,3,7,35043,85863764781317,-6.66666666666667e-07,-6.66666666666667e-07,33.3333333333333,33.3333333333333,3,0.3,0,0,,,,,0,,0,0,-6.66666666666667e-07,-6.66666666666667e-07,-6.66666666666667e-07,-6.66666666666667e-07,3,1,0,0
primary_07,2,B,FIXED_C2,1,15,85896655229147,7,6,2,2,85896655229147,85896655332736,85896655357366,0.128219,1,85896656229147,RIGHT_CONTINUOUS,2,2,55,63,63,0,2,6,12496,85896655575895,-267.666666666667,-234.333333666667,-101.000000666667,-1.00000066666667,57,0.904761904761905,0,0,-234.333333666667,-221.000000466667,-101.000000666667,-1.00000066666667,55,1,0,0,-267.666666666667,-234.333333666667,-101.000000666667,-1.00000066666667,57,0.904761904761905,0,0
primary_07,2,B,FIXED_C2,1,15,85896655229147,7,6,2,2,85896655229147,85896655332736,85896655357366,0.128219,5,85896660229147,RIGHT_CONTINUOUS,2,2,55,63,63,0,2,6,12496,85896655575895,-271.666666666667,-238.333333666667,-105.000000666667,-5.00000066666667,57,0.904761904761905,0,0,-238.333333666667,-225.000000466667,-105.000000666667,-5.00000066666667,55,1,0,0,-271.666666666667,-238.333333666667,-105.000000666667,-5.00000066666667,57,0.904761904761905,0,0
primary_07,2,B,FIXED_C2,1,15,85896655229147,7,6,2,2,85896655229147,85896655332736,85896655357366,0.128219,10,85896665229147,RIGHT_CONTINUOUS,2,2,53,61,61,0,2,6,12500,85896662540387,-243.333333666667,-210.000000666667,-110.000000666667,-10.0000006666667,55,0.901639344262295,0,0,-243.333333666667,-210.000000666667,-110.000000666667,-10.0000006666667,53,1,0,0,-243.333333666667,-210.000000666667,-110.000000666667,-10.0000006666667,55,0.901639344262295,0,0
primary_07,2,B,FIXED_C2,1,15,85896655229147,7,6,2,2,85896655229147,85896655332736,85896655357366,0.128219,20,85896675229147,RIGHT_CONTINUOUS,2,2,57,59,59,0,2,6,12510,85896673122924,-253.333333666667,-220.000000666667,-120.000000666667,-13.3333338666666,53,0.898305084745763,0,0,-253.333333666667,-220.000000666667,-120.000000666667,-6.66666706666671,51,0.894736842105263,0,0,-253.333333666667,-220.000000666667,-120.000000666667,-13.3333338666666,53,0.898305084745763,0,0
primary_07,2,B,FIXED_C2,1,15,85896655229147,7,6,2,2,85896655229147,85896655332736,85896655357366,0.128219,50,85896705229147,RIGHT_CONTINUOUS,2,2,56,58,58,0,2,6,12536,85896704507333,-250.000000666667,-216.666666666667,-116.666666666667,-6.66666676666653,52,0.896551724137931,0,0,-250.000000666667,-216.666666666667,-116.666666666667,-1.66666666245874e-07,50,0.892857142857143,0,0,-250.000000666667,-216.666666666667,-116.666666666667,-6.66666676666653,52,0.896551724137931,0,0
primary_07,2,B,FIXED_C2,1,15,85896655229147,7,6,2,2,85896655229147,85896655332736,85896655357366,0.128219,100,85896755229147,RIGHT_CONTINUOUS,2,2,50,58,52,6,2,6,12572,85896753302049,-233.333333666667,-210.000000566667,-100.000000666667,9.99999953333348,52,0.896551724137931,0,0,-233.333333666667,-200.000000666667,-116.666667166667,-6.66666666666667e-07,50,1,0,0,-233.333333666667,-230.000000366667,-133.333333666667,-3.33333396666671,52,1,0,0
primary_07,2,B,FIXED_C2,1,15,85896655229147,7,6,2,2,85896655229147,85896655332736,85896655357366,0.128219,500,85897155229147,RIGHT_CONTINUOUS,2,2,31,39,33,6,2,6,12898,85897152880080,-166.666666666667,-133.333333666667,-66.6666666666667,33.3333333333333,33,0.846153846153846,0,0,-166.666666666667,-133.333333666667,-66.6666666666667,-6.66666666666667e-07,31,1,0,0,-166.666666666667,-133.333333666667,-66.6666666666667,-6.66666666666667e-07,33,1,0,0
primary_07,2,B,FIXED_C2,1,15,85896655229147,7,6,2,2,85896655229147,85896655332736,85896655357366,0.128219,1000,85897655229147,RIGHT_CONTINUOUS,2,2,5,13,7,6,2,6,13310,85897654625796,-33.3333336666667,-6.66666666666667e-07,-6.66666666666667e-07,33.3333333333333,7,0.538461538461538,0,0,-6.66666666666667e-07,-6.66666666666667e-07,-6.66666666666667e-07,-6.66666666666667e-07,5,1,0,0,-33.3333336666667,-13.3333338666667,-6.66666666666667e-07,-6.66666666666667e-07,7,1,0,0
primary_07,2,B,FIXED_C2,2,30,85911655229147,6,7,2,2,85911655229147,85911655324947,85911655348067,0.11892,1,85911656229147,RIGHT_CONTINUOUS,2,2,0,9,9,0,2,7,23409,85911655505494,-1.00000066666667,-1.00000066666667,32.3333333333333,32.3333333333333,2,0.222222222222222,0,0,,,,,0,,0,0,-1.00000066666667,-1.00000066666667,32.3333333333333,32.3333333333333,2,0.222222222222222,0,0
primary_07,2,B,FIXED_C2,2,30,85911655229147,6,7,2,2,85911655229147,85911655324947,85911655348067,0.11892,5,85911660229147,RIGHT_CONTINUOUS,2,1,0,8,8,0,1,7,23410,85911659757672,-5.00000066666667,18.3333331333333,28.3333333333333,28.3333333333333,1,0.125,0,0,,,,,0,,0,0,-5.00000066666667,18.3333331333333,28.3333333333333,28.3333333333333,1,0.125,0,0
primary_07,2,B,FIXED_C2,2,30,85911655229147,6,7,2,2,85911655229147,85911655324947,85911655348067,0.11892,10,85911665229147,RIGHT_CONTINUOUS,2,0,0,7,7,0,0,7,23411,85911660448325,23.3333333333333,23.3333333333333,23.3333333333333,23.3333333333333,0,0,0,0,,,,,0,,0,0,23.3333333333333,23.3333333333333,23.3333333333333,23.3333333333333,0,0,0,0
primary_07,2,B,FIXED_C2,2,30,85911655229147,6,7,2,2,85911655229147,85911655324947,85911655348067,0.11892,20,85911675229147,RIGHT_CONTINUOUS,2,2,5,7,7,0,2,7,23420,85911672737483,13.3333333333333,13.3333333333333,13.3333333333333,13.3333333333333,0,0,0,0,13.3333333333333,13.3333333333333,13.3333333333333,13.3333333333333,0,0,0,0,13.3333333333333,13.3333333333333,13.3333333333333,13.3333333333333,0,0,0,0
primary_07,2,B,FIXED_C2,2,30,85911655229147,6,7,2,2,85911655229147,85911655324947,85911655348067,0.11892,50,85911705229147,RIGHT_CONTINUOUS,2,2,2,7,7,0,2,7,23445,85911702024971,16.6666663333333,16.6666663333333,16.6666663333333,16.6666663333333,0,0,0,0,16.6666663333333,16.6666663333333,16.6666663333333,16.6666663333333,0,0,0,0,16.6666663333333,16.6666663333333,16.6666663333333,16.6666663333333,0,0,0,0
primary_07,2,B,FIXED_C2,2,30,85911655229147,6,7,2,2,85911655229147,85911655324947,85911655348067,0.11892,100,85911755229147,RIGHT_CONTINUOUS,2,2,1,10,3,7,2,7,23484,85911752808053,-6.66666666666667e-07,-6.66666666666667e-07,33.3333333333333,33.3333333333333,3,0.3,0,0,-6.66666666666667e-07,-6.66666666666667e-07,-6.66666666666667e-07,-6.66666666666667e-07,1,1,0,0,-6.66666666666667e-07,-6.66666666666667e-07,-6.66666666666667e-07,-6.66666666666667e-07,3,1,0,0
primary_07,2,B,FIXED_C2,2,30,85911655229147,6,7,2,2,85911655229147,85911655324947,85911655348067,0.11892,500,85912155229147,RIGHT_CONTINUOUS,2,2,1,10,3,7,2,7,23820,85912151630254,-6.66666666666667e-07,-6.66666666666667e-07,33.3333333333333,33.3333333333333,3,0.3,0,0,-6.66666666666667e-07,-6.66666666666667e-07,-6.66666666666667e-07,-6.66666666666667e-07,1,1,0,0,-6.66666666666667e-07,-6.66666666666667e-07,-6.66666666666667e-07,-6.66666666666667e-07,3,1,0,0
primary_07,2,B,FIXED_C2,2,30,85911655229147,6,7,2,2,85911655229147,85911655324947,85911655348067,0.11892,1000,85912655229147,RIGHT_CONTINUOUS,2,2,1,10,3,7,2,7,24240,85912651577287,-6.66666666666667e-07,-6.66666666666667e-07,33.3333333333333,33.3333333333333,3,0.3,0,0,-6.66666666666667e-07,-6.66666666666667e-07,-6.66666666666667e-07,-6.66666666666667e-07,1,1,0,0,-6.66666666666667e-07,-6.66666666666667e-07,-6.66666666666667e-07,-6.66666666666667e-07,3,1,0,0
primary_07,2,B,FIXED_C2,3,45,85926655229147,7,6,2,2,85926655229147,85926655323018,85926655348213,0.119066,1,85926656229147,RIGHT_CONTINUOUS,2,2,1,9,9,0,2,6,36008,85926655479492,-1.00000066666667,-1.00000066666667,32.3333333333333,32.3333333333333,3,0.333333333333333,0,0,-1.00000066666667,-1.00000066666667,-1.00000066666667,-1.00000066666667,1,1,0,0,-1.00000066666667,-1.00000066666667,32.3333333333333,32.3333333333333,3,0.333333333333333,0,0
primary_07,2,B,FIXED_C2,3,45,85926655229147,7,6,2,2,85926655229147,85926655323018,85926655348213,0.119066,5,85926660229147,RIGHT_CONTINUOUS,2,2,1,9,9,0,2,6,36008,85926655479492,-5.00000066666667,-5.00000066666667,28.3333333333333,28.3333333333333,3,0.333333333333333,0,0,-5.00000066666667,-5.00000066666667,-5.00000066666667,-5.00000066666667,1,1,0,0,-5.00000066666667,-5.00000066666667,28.3333333333333,28.3333333333333,3,0.333333333333333,0,0
primary_07,2,B,FIXED_C2,3,45,85926655229147,7,6,2,2,85926655229147,85926655323018,85926655348213,0.119066,10,85926665229147,RIGHT_CONTINUOUS,2,1,0,7,7,0,1,6,36011,85926660732925,-10.0000006666667,9.99999973333333,23.3333333333333,23.3333333333333,1,0.142857142857143,0,0,,,,,0,,0,0,-10.0000006666667,9.99999973333333,23.3333333333333,23.3333333333333,1,0.142857142857143,0,0
primary_07,2,B,FIXED_C2,3,45,85926655229147,7,6,2,2,85926655229147,85926655323018,85926655348213,0.119066,20,85926675229147,RIGHT_CONTINUOUS,2,2,3,5,5,0,2,6,36022,85926675039996,13.3333333333333,13.3333333333333,13.3333333333333,13.3333333333333,0,0,0,0,13.3333333333333,13.3333333333333,13.3333333333333,13.3333333333333,0,0,0,0,13.3333333333333,13.3333333333333,13.3333333333333,13.3333333333333,0,0,0,0
primary_07,2,B,FIXED_C2,3,45,85926655229147,7,6,2,2,85926655229147,85926655323018,85926655348213,0.119066,50,85926705229147,RIGHT_CONTINUOUS,2,2,4,6,6,0,2,6,36044,85926703746137,16.6666663333333,16.6666663333333,16.6666663333333,16.6666663333333,0,0,0,0,16.6666663333333,16.6666663333333,16.6666663333333,16.6666663333333,0,0,0,0,16.6666663333333,16.6666663333333,16.6666663333333,16.6666663333333,0,0,0,0
primary_07,2,B,FIXED_C2,3,45,85926655229147,7,6,2,2,85926655229147,85926655323018,85926655348213,0.119066,100,85926755229147,RIGHT_CONTINUOUS,2,2,0,8,2,6,2,6,36076,85926750609070,-6.66666666666667e-07,-6.66666666666667e-07,33.3333333333333,33.3333333333333,2,0.25,0,0,,,,,0,,0,0,-6.66666666666667e-07,-6.66666666666667e-07,-6.66666666666667e-07,-6.66666666666667e-07,2,1,0,0
primary_07,2,B,FIXED_C2,3,45,85926655229147,7,6,2,2,85926655229147,85926655323018,85926655348213,0.119066,500,85927155229147,RIGHT_CONTINUOUS,2,2,0,8,2,6,2,6,36364,85927150094176,-6.66666666666667e-07,-6.66666666666667e-07,33.3333333333333,33.3333333333333,2,0.25,0,0,,,,,0,,0,0,-6.66666666666667e-07,-6.66666666666667e-07,-6.66666666666667e-07,-6.66666666666667e-07,2,1,0,0
primary_07,2,B,FIXED_C2,3,45,85926655229147,7,6,2,2,85926655229147,85926655323018,85926655348213,0.119066,1000,85927655229147,RIGHT_CONTINUOUS,2,2,0,8,2,6,2,6,36724,85927651101710,-6.66666666666667e-07,-6.66666666666667e-07,33.3333333333333,33.3333333333333,2,0.25,0,0,,,,,0,,0,0,-6.66666666666667e-07,-6.66666666666667e-07,-6.66666666666667e-07,-6.66666666666667e-07,2,1,0,0
primary_08,2,B,K_LOOKUP_C2_C4,1,15,85960583811350,7,6,4,2,85960583811350,85960583931808,85960583980595,0.169245,1,85960584811350,RIGHT_CONTINUOUS,2,3,0,9,9,0,3,6,12605,85960584122485,-1.00000066666667,-1.00000066666667,32.3333333333333,32.3333333333333,3,0.333333333333333,0,0,,,,,0,,0,0,-1.00000066666667,-1.00000066666667,32.3333333333333,32.3333333333333,3,0.333333333333333,0,0
primary_08,2,B,K_LOOKUP_C2_C4,1,15,85960583811350,7,6,4,2,85960583811350,85960583931808,85960583980595,0.169245,5,85960588811350,RIGHT_CONTINUOUS,2,3,0,9,9,0,3,6,12605,85960584122485,-5.00000066666667,-5.00000066666667,28.3333333333333,28.3333333333333,3,0.333333333333333,0,0,,,,,0,,0,0,-5.00000066666667,-5.00000066666667,28.3333333333333,28.3333333333333,3,0.333333333333333,0,0
primary_08,2,B,K_LOOKUP_C2_C4,1,15,85960583811350,7,6,4,2,85960583811350,85960583931808,85960583980595,0.169245,10,85960593811350,RIGHT_CONTINUOUS,2,0,0,6,6,0,0,6,12608,85960592613562,23.3333333333333,23.3333333333333,23.3333333333333,23.3333333333333,0,0,0,0,,,,,0,,0,0,23.3333333333333,23.3333333333333,23.3333333333333,23.3333333333333,0,0,0,0
primary_08,2,B,K_LOOKUP_C2_C4,1,15,85960583811350,7,6,4,2,85960583811350,85960583931808,85960583980595,0.169245,20,85960603811350,RIGHT_CONTINUOUS,2,2,4,6,6,0,2,6,12616,85960599274737,13.3333333333333,13.3333333333333,13.3333333333333,13.3333333333333,0,0,0,0,13.3333333333333,13.3333333333333,13.3333333333333,13.3333333333333,0,0,0,0,13.3333333333333,13.3333333333333,13.3333333333333,13.3333333333333,0,0,0,0
primary_08,2,B,K_LOOKUP_C2_C4,1,15,85960583811350,7,6,4,2,85960583811350,85960583931808,85960583980595,0.169245,50,85960633811350,RIGHT_CONTINUOUS,2,2,4,6,6,0,2,6,12640,85960633115369,16.6666663333333,16.6666663333333,16.6666663333333,16.6666663333333,0,0,0,0,16.6666663333333,16.6666663333333,16.6666663333333,16.6666663333333,0,0,0,0,16.6666663333333,16.6666663333333,16.6666663333333,16.6666663333333,0,0,0,0
primary_08,2,B,K_LOOKUP_C2_C4,1,15,85960583811350,7,6,4,2,85960583811350,85960583931808,85960583980595,0.169245,100,85960683811350,RIGHT_CONTINUOUS,2,2,0,8,2,6,2,6,12672,85960680452028,-6.66666666666667e-07,-6.66666666666667e-07,33.3333333333333,33.3333333333333,2,0.25,0,0,,,,,0,,0,0,-6.66666666666667e-07,-6.66666666666667e-07,-6.66666666666667e-07,-6.66666666666667e-07,2,1,0,0
primary_08,2,B,K_LOOKUP_C2_C4,1,15,85960583811350,7,6,4,2,85960583811350,85960583931808,85960583980595,0.169245,500,85961083811350,RIGHT_CONTINUOUS,2,2,0,8,2,6,2,6,12960,85961080835966,-6.66666666666667e-07,-6.66666666666667e-07,33.3333333333333,33.3333333333333,2,0.25,0,0,,,,,0,,0,0,-6.66666666666667e-07,-6.66666666666667e-07,-6.66666666666667e-07,-6.66666666666667e-07,2,1,0,0
primary_08,2,B,K_LOOKUP_C2_C4,1,15,85960583811350,7,6,4,2,85960583811350,85960583931808,85960583980595,0.169245,1000,85961583811350,RIGHT_CONTINUOUS,2,2,0,8,2,6,2,6,13320,85961579208642,-6.66666666666667e-07,-6.66666666666667e-07,33.3333333333333,33.3333333333333,2,0.25,0,0,,,,,0,,0,0,-6.66666666666667e-07,-6.66666666666667e-07,-6.66666666666667e-07,-6.66666666666667e-07,2,1,0,0
primary_08,2,B,K_LOOKUP_C2_C4,2,30,85975583811350,6,7,2,4,85975583811350,85975583924555,85975583955176,0.143826,1,85975584811350,RIGHT_CONTINUOUS,4,2,0,9,9,0,2,7,23409,85975584196465,-1.00000066666667,-1.00000066666667,32.3333333333333,32.3333333333333,2,0.222222222222222,0,0,,,,,0,,0,0,-1.00000066666667,-1.00000066666667,32.3333333333333,32.3333333333333,2,0.222222222222222,0,0
primary_08,2,B,K_LOOKUP_C2_C4,2,30,85975583811350,6,7,2,4,85975583811350,85975583924555,85975583955176,0.143826,5,85975588811350,RIGHT_CONTINUOUS,4,2,0,9,9,0,2,7,23409,85975584196465,-5.00000066666667,-5.00000066666667,28.3333333333333,28.3333333333333,2,0.222222222222222,0,0,,,,,0,,0,0,-5.00000066666667,-5.00000066666667,28.3333333333333,28.3333333333333,2,0.222222222222222,0,0
primary_08,2,B,K_LOOKUP_C2_C4,2,30,85975583811350,6,7,2,4,85975583811350,85975583924555,85975583955176,0.143826,10,85975593811350,RIGHT_CONTINUOUS,4,0,0,7,7,0,0,7,23411,85975592727940,23.3333333333333,23.3333333333333,23.3333333333333,23.3333333333333,0,0,0,0,,,,,0,,0,0,23.3333333333333,23.3333333333333,23.3333333333333,23.3333333333333,0,0,0,0
primary_08,2,B,K_LOOKUP_C2_C4,2,30,85975583811350,6,7,2,4,85975583811350,85975583924555,85975583955176,0.143826,20,85975603811350,RIGHT_CONTINUOUS,4,4,2,7,7,0,4,7,23421,85975602001410,13.3333333333333,13.3333333333333,13.3333333333333,13.3333333333333,0,0,0,0,13.3333333333333,13.3333333333333,13.3333333333333,13.3333333333333,0,0,0,0,13.3333333333333,13.3333333333333,13.3333333333333,13.3333333333333,0,0,0,0
primary_08,2,B,K_LOOKUP_C2_C4,2,30,85975583811350,6,7,2,4,85975583811350,85975583924555,85975583955176,0.143826,50,85975633811350,RIGHT_CONTINUOUS,4,4,2,7,7,0,4,7,23449,85975631688633,16.6666663333333,16.6666663333333,16.6666663333333,16.6666663333333,0,0,0,0,16.6666663333333,16.6666663333333,16.6666663333333,16.6666663333333,0,0,0,0,16.6666663333333,16.6666663333333,16.6666663333333,16.6666663333333,0,0,0,0
primary_08,2,B,K_LOOKUP_C2_C4,2,30,85975583811350,6,7,2,4,85975583811350,85975583924555,85975583955176,0.143826,100,85975683811350,RIGHT_CONTINUOUS,4,3,0,10,3,7,3,7,23485,85975680412236,-6.66666666666667e-07,-6.66666666666667e-07,33.3333333333333,33.3333333333333,3,0.3,0,0,,,,,0,,0,0,-6.66666666666667e-07,-6.66666666666667e-07,-6.66666666666667e-07,-6.66666666666667e-07,3,1,0,0
primary_08,2,B,K_LOOKUP_C2_C4,2,30,85975583811350,6,7,2,4,85975583811350,85975583924555,85975583955176,0.143826,500,85976083811350,RIGHT_CONTINUOUS,4,3,0,10,3,7,3,7,23821,85976081480625,-6.66666666666667e-07,-6.66666666666667e-07,33.3333333333333,33.3333333333333,3,0.3,0,0,,,,,0,,0,0,-6.66666666666667e-07,-6.66666666666667e-07,-6.66666666666667e-07,-6.66666666666667e-07,3,1,0,0
primary_08,2,B,K_LOOKUP_C2_C4,2,30,85975583811350,6,7,2,4,85975583811350,85975583924555,85975583955176,0.143826,1000,85976583811350,RIGHT_CONTINUOUS,4,3,0,10,3,7,3,7,24241,85976580262655,-6.66666666666667e-07,-6.66666666666667e-07,33.3333333333333,33.3333333333333,3,0.3,0,0,,,,,0,,0,0,-6.66666666666667e-07,-6.66666666666667e-07,-6.66666666666667e-07,-6.66666666666667e-07,3,1,0,0
primary_08,2,B,K_LOOKUP_C2_C4,3,45,85990583811350,7,6,4,2,85990583811350,85990583895527,85990583909823,0.098473,1,85990584811350,RIGHT_CONTINUOUS,2,3,0,9,9,0,3,6,36009,85990584048334,-1.00000066666667,-1.00000066666667,32.3333333333333,32.3333333333333,3,0.333333333333333,0,0,,,,,0,,0,0,-1.00000066666667,-1.00000066666667,32.3333333333333,32.3333333333333,3,0.333333333333333,0,0
primary_08,2,B,K_LOOKUP_C2_C4,3,45,85990583811350,7,6,4,2,85990583811350,85990583895527,85990583909823,0.098473,5,85990588811350,RIGHT_CONTINUOUS,2,2,0,8,8,0,2,6,36010,85990588365604,-5.00000066666667,-5.00000066666667,28.3333333333333,28.3333333333333,2,0.25,0,0,,,,,0,,0,0,-5.00000066666667,-5.00000066666667,28.3333333333333,28.3333333333333,2,0.25,0,0
primary_08,2,B,K_LOOKUP_C2_C4,3,45,85990583811350,7,6,4,2,85990583811350,85990583895527,85990583909823,0.098473,10,85990593811350,RIGHT_CONTINUOUS,2,0,0,6,6,0,1,6,36011,85990591347652,23.3333333333333,23.3333333333333,23.3333333333333,23.3333333333333,0,0,0,0,,,,,0,,0,0,23.3333333333333,23.3333333333333,23.3333333333333,23.3333333333333,0,0,0,0
primary_08,2,B,K_LOOKUP_C2_C4,3,45,85990583811350,7,6,4,2,85990583811350,85990583895527,85990583909823,0.098473,20,85990603811350,RIGHT_CONTINUOUS,2,2,3,5,5,0,2,6,36022,85990602663822,13.3333333333333,13.3333333333333,13.3333333333333,13.3333333333333,0,0,0,0,13.3333333333333,13.3333333333333,13.3333333333333,13.3333333333333,0,0,0,0,13.3333333333333,13.3333333333333,13.3333333333333,13.3333333333333,0,0,0,0
primary_08,2,B,K_LOOKUP_C2_C4,3,45,85990583811350,7,6,4,2,85990583811350,85990583895527,85990583909823,0.098473,50,85990633811350,RIGHT_CONTINUOUS,2,2,4,6,6,0,2,6,36044,85990631051481,16.6666663333333,16.6666663333333,16.6666663333333,16.6666663333333,0,0,0,0,16.6666663333333,16.6666663333333,16.6666663333333,16.6666663333333,0,0,0,0,16.6666663333333,16.6666663333333,16.6666663333333,16.6666663333333,0,0,0,0
primary_08,2,B,K_LOOKUP_C2_C4,3,45,85990583811350,7,6,4,2,85990583811350,85990583895527,85990583909823,0.098473,100,85990683811350,RIGHT_CONTINUOUS,2,2,0,8,2,6,2,6,36076,85990679606535,-6.66666666666667e-07,-6.66666666666667e-07,33.3333333333333,33.3333333333333,2,0.25,0,0,,,,,0,,0,0,-6.66666666666667e-07,-6.66666666666667e-07,-6.66666666666667e-07,-6.66666666666667e-07,2,1,0,0
primary_08,2,B,K_LOOKUP_C2_C4,3,45,85990583811350,7,6,4,2,85990583811350,85990583895527,85990583909823,0.098473,500,85991083811350,RIGHT_CONTINUOUS,2,2,0,8,2,6,2,6,36364,85991079977630,-6.66666666666667e-07,-6.66666666666667e-07,33.3333333333333,33.3333333333333,2,0.25,0,0,,,,,0,,0,0,-6.66666666666667e-07,-6.66666666666667e-07,-6.66666666666667e-07,-6.66666666666667e-07,2,1,0,0
primary_08,2,B,K_LOOKUP_C2_C4,3,45,85990583811350,7,6,4,2,85990583811350,85990583895527,85990583909823,0.098473,1000,85991583811350,RIGHT_CONTINUOUS,2,2,0,8,2,6,2,6,36724,85991580444566,-6.66666666666667e-07,-6.66666666666667e-07,33.3333333333333,33.3333333333333,2,0.25,0,0,,,,,0,,0,0,-6.66666666666667e-07,-6.66666666666667e-07,-6.66666666666667e-07,-6.66666666666667e-07,2,1,0,0
primary_09,2,A,FIXED_C4,1,15,86024418098535,6,7,4,4,86024418098535,86024418197718,86024418240014,0.141479,1,86024419098535,RIGHT_CONTINUOUS,4,2,0,9,9,0,2,7,10807,86024418383895,-1.00000066666667,-1.00000066666667,32.3333333333333,32.3333333333333,2,0.222222222222222,0,0,,,,,0,,0,0,-1.00000066666667,-1.00000066666667,32.3333333333333,32.3333333333333,2,0.222222222222222,0,0
primary_09,2,A,FIXED_C4,1,15,86024418098535,6,7,4,4,86024418098535,86024418197718,86024418240014,0.141479,5,86024423098535,RIGHT_CONTINUOUS,4,2,0,9,9,0,2,7,10807,86024418383895,-5.00000066666667,-5.00000066666667,28.3333333333333,28.3333333333333,2,0.222222222222222,0,0,,,,,0,,0,0,-5.00000066666667,-5.00000066666667,28.3333333333333,28.3333333333333,2,0.222222222222222,0,0
primary_09,2,A,FIXED_C4,1,15,86024418098535,6,7,4,4,86024418098535,86024418197718,86024418240014,0.141479,10,86024428098535,RIGHT_CONTINUOUS,4,0,0,7,7,0,0,7,10809,86024425496646,23.3333333333333,23.3333333333333,23.3333333333333,23.3333333333333,0,0,0,0,,,,,0,,0,0,23.3333333333333,23.3333333333333,23.3333333333333,23.3333333333333,0,0,0,0
primary_09,2,A,FIXED_C4,1,15,86024418098535,6,7,4,4,86024418098535,86024418197718,86024418240014,0.141479,20,86024438098535,RIGHT_CONTINUOUS,4,4,3,7,7,0,4,7,10820,86024436496739,13.3333333333333,13.3333333333333,13.3333333333333,13.3333333333333,0,0,0,0,13.3333333333333,13.3333333333333,13.3333333333333,13.3333333333333,0,0,0,0,13.3333333333333,13.3333333333333,13.3333333333333,13.3333333333333,0,0,0,0
primary_09,2,A,FIXED_C4,1,15,86024418098535,6,7,4,4,86024418098535,86024418197718,86024418240014,0.141479,50,86024468098535,RIGHT_CONTINUOUS,4,3,0,7,7,0,3,7,10843,86024467716804,16.6666663333333,16.6666663333333,16.6666663333333,16.6666663333333,0,0,0,0,,,,,0,,0,0,16.6666663333333,16.6666663333333,16.6666663333333,16.6666663333333,0,0,0,0
primary_09,2,A,FIXED_C4,1,15,86024418098535,6,7,4,4,86024418098535,86024418197718,86024418240014,0.141479,100,86024518098535,RIGHT_CONTINUOUS,4,3,0,10,3,7,3,7,10883,86024516305423,-6.66666666666667e-07,-6.66666666666667e-07,33.3333333333333,33.3333333333333,3,0.3,0,0,,,,,0,,0,0,-6.66666666666667e-07,-6.66666666666667e-07,-6.66666666666667e-07,-6.66666666666667e-07,3,1,0,0
primary_09,2,A,FIXED_C4,1,15,86024418098535,6,7,4,4,86024418098535,86024418197718,86024418240014,0.141479,500,86024918098535,RIGHT_CONTINUOUS,4,3,0,10,3,7,3,7,11219,86024916327913,-6.66666666666667e-07,-6.66666666666667e-07,33.3333333333333,33.3333333333333,3,0.3,0,0,,,,,0,,0,0,-6.66666666666667e-07,-6.66666666666667e-07,-6.66666666666667e-07,-6.66666666666667e-07,3,1,0,0
primary_09,2,A,FIXED_C4,1,15,86024418098535,6,7,4,4,86024418098535,86024418197718,86024418240014,0.141479,1000,86025418098535,RIGHT_CONTINUOUS,4,3,0,10,3,7,3,7,11639,86025416810480,-6.66666666666667e-07,-6.66666666666667e-07,33.3333333333333,33.3333333333333,3,0.3,0,0,,,,,0,,0,0,-6.66666666666667e-07,-6.66666666666667e-07,-6.66666666666667e-07,-6.66666666666667e-07,3,1,0,0
primary_09,2,A,FIXED_C4,2,30,86039418098535,7,6,4,4,86039418098535,86039418245258,86039418272536,0.174001,1,86039419098535,RIGHT_CONTINUOUS,4,4,0,10,10,0,4,6,23406,86039418398935,-1.00000066666667,-1.00000066666667,32.3333333333333,32.3333333333333,4,0.4,0,0,,,,,0,,0,0,-1.00000066666667,-1.00000066666667,32.3333333333333,32.3333333333333,4,0.4,0,0
primary_09,2,A,FIXED_C4,2,30,86039418098535,7,6,4,4,86039418098535,86039418245258,86039418272536,0.174001,5,86039423098535,RIGHT_CONTINUOUS,4,3,0,9,9,0,3,6,23407,86039421442030,-5.00000066666667,-5.00000066666667,28.3333333333333,28.3333333333333,3,0.333333333333333,0,0,,,,,0,,0,0,-5.00000066666667,-5.00000066666667,28.3333333333333,28.3333333333333,3,0.333333333333333,0,0
primary_09,2,A,FIXED_C4,2,30,86039418098535,7,6,4,4,86039418098535,86039418245258,86039418272536,0.174001,10,86039428098535,RIGHT_CONTINUOUS,4,3,0,9,9,0,3,6,23407,86039421442030,-10.0000006666667,-10.0000006666667,23.3333333333333,23.3333333333333,3,0.333333333333333,0,0,,,,,0,,0,0,-10.0000006666667,-10.0000006666667,23.3333333333333,23.3333333333333,3,0.333333333333333,0,0
primary_09,2,A,FIXED_C4,2,30,86039418098535,7,6,4,4,86039418098535,86039418245258,86039418272536,0.174001,20,86039438098535,RIGHT_CONTINUOUS,4,4,2,6,6,0,4,6,23420,86039433608269,13.3333333333333,13.3333333333333,13.3333333333333,13.3333333333333,0,0,0,0,13.3333333333333,13.3333333333333,13.3333333333333,13.3333333333333,0,0,0,0,13.3333333333333,13.3333333333333,13.3333333333333,13.3333333333333,0,0,0,0
primary_09,2,A,FIXED_C4,2,30,86039418098535,7,6,4,4,86039418098535,86039418245258,86039418272536,0.174001,50,86039468098535,RIGHT_CONTINUOUS,4,4,2,6,6,0,4,6,23444,86039465063513,16.6666663333333,16.6666663333333,16.6666663333333,16.6666663333333,0,0,0,0,16.6666663333333,16.6666663333333,16.6666663333333,16.6666663333333,0,0,0,0,16.6666663333333,16.6666663333333,16.6666663333333,16.6666663333333,0,0,0,0
primary_09,2,A,FIXED_C4,2,30,86039418098535,7,6,4,4,86039418098535,86039418245258,86039418272536,0.174001,100,86039518098535,RIGHT_CONTINUOUS,4,2,0,8,2,6,2,6,23474,86039515617608,-6.66666666666667e-07,-6.66666666666667e-07,33.3333333333333,33.3333333333333,2,0.25,0,0,,,,,0,,0,0,-6.66666666666667e-07,-6.66666666666667e-07,-6.66666666666667e-07,-6.66666666666667e-07,2,1,0,0
primary_09,2,A,FIXED_C4,2,30,86039418098535,7,6,4,4,86039418098535,86039418245258,86039418272536,0.174001,500,86039918098535,RIGHT_CONTINUOUS,4,2,0,8,2,6,2,6,23762,86039916113546,-6.66666666666667e-07,-6.66666666666667e-07,33.3333333333333,33.3333333333333,2,0.25,0,0,,,,,0,,0,0,-6.66666666666667e-07,-6.66666666666667e-07,-6.66666666666667e-07,-6.66666666666667e-07,2,1,0,0
primary_09,2,A,FIXED_C4,2,30,86039418098535,7,6,4,4,86039418098535,86039418245258,86039418272536,0.174001,1000,86040418098535,RIGHT_CONTINUOUS,4,2,0,8,2,6,2,6,24122,86040414196153,-6.66666666666667e-07,-6.66666666666667e-07,33.3333333333333,33.3333333333333,2,0.25,0,0,,,,,0,,0,0,-6.66666666666667e-07,-6.66666666666667e-07,-6.66666666666667e-07,-6.66666666666667e-07,2,1,0,0
primary_09,2,A,FIXED_C4,3,45,86054418098535,6,7,4,4,86054418098535,86054418208554,86054418233054,0.134519,1,86054419098535,RIGHT_CONTINUOUS,4,1,0,8,8,0,1,7,34212,86054418501843,-1.00000066666667,22.3333331333333,32.3333333333333,32.3333333333333,1,0.125,0,0,,,,,0,,0,0,-1.00000066666667,22.3333331333333,32.3333333333333,32.3333333333333,1,0.125,0,0
primary_09,2,A,FIXED_C4,3,45,86054418098535,6,7,4,4,86054418098535,86054418208554,86054418233054,0.134519,5,86054423098535,RIGHT_CONTINUOUS,4,0,0,7,7,0,0,7,34213,86054421907053,28.3333333333333,28.3333333333333,28.3333333333333,28.3333333333333,0,0,0,0,,,,,0,,0,0,28.3333333333333,28.3333333333333,28.3333333333333,28.3333333333333,0,0,0,0
primary_09,2,A,FIXED_C4,3,45,86054418098535,6,7,4,4,86054418098535,86054418208554,86054418233054,0.134519,10,86054428098535,RIGHT_CONTINUOUS,4,1,2,7,7,0,1,7,34217,86054428032085,23.3333333333333,23.3333333333333,23.3333333333333,23.3333333333333,0,0,0,0,23.3333333333333,23.3333333333333,23.3333333333333,23.3333333333333,0,0,0,0,23.3333333333333,23.3333333333333,23.3333333333333,23.3333333333333,0,0,0,0
primary_09,2,A,FIXED_C4,3,45,86054418098535,6,7,4,4,86054418098535,86054418208554,86054418233054,0.134519,20,86054438098535,RIGHT_CONTINUOUS,4,4,3,7,7,0,4,7,34224,86054434128627,13.3333333333333,13.3333333333333,13.3333333333333,13.3333333333333,0,0,0,0,13.3333333333333,13.3333333333333,13.3333333333333,13.3333333333333,0,0,0,0,13.3333333333333,13.3333333333333,13.3333333333333,13.3333333333333,0,0,0,0
primary_09,2,A,FIXED_C4,3,45,86054418098535,6,7,4,4,86054418098535,86054418208554,86054418233054,0.134519,50,86054468098535,RIGHT_CONTINUOUS,4,4,3,7,7,0,4,7,34252,86054465910113,16.6666663333333,16.6666663333333,16.6666663333333,16.6666663333333,0,0,0,0,16.6666663333333,16.6666663333333,16.6666663333333,16.6666663333333,0,0,0,0,16.6666663333333,16.6666663333333,16.6666663333333,16.6666663333333,0,0,0,0
primary_09,2,A,FIXED_C4,3,45,86054418098535,6,7,4,4,86054418098535,86054418208554,86054418233054,0.134519,100,86054518098535,RIGHT_CONTINUOUS,4,3,0,10,3,7,3,7,34287,86054517247824,-6.66666666666667e-07,-6.66666666666667e-07,33.3333333333333,33.3333333333333,3,0.3,0,0,,,,,0,,0,0,-6.66666666666667e-07,-6.66666666666667e-07,-6.66666666666667e-07,-6.66666666666667e-07,3,1,0,0
primary_09,2,A,FIXED_C4,3,45,86054418098535,6,7,4,4,86054418098535,86054418208554,86054418233054,0.134519,500,86054918098535,RIGHT_CONTINUOUS,4,3,0,10,3,7,3,7,34623,86054913925766,-6.66666666666667e-07,-6.66666666666667e-07,33.3333333333333,33.3333333333333,3,0.3,0,0,,,,,0,,0,0,-6.66666666666667e-07,-6.66666666666667e-07,-6.66666666666667e-07,-6.66666666666667e-07,3,1,0,0
primary_09,2,A,FIXED_C4,3,45,86054418098535,6,7,4,4,86054418098535,86054418208554,86054418233054,0.134519,1000,86055418098535,RIGHT_CONTINUOUS,4,3,0,10,3,7,3,7,35043,86055417926970,-6.66666666666667e-07,-6.66666666666667e-07,33.3333333333333,33.3333333333333,3,0.3,0,0,,,,,0,,0,0,-6.66666666666667e-07,-6.66666666666667e-07,-6.66666666666667e-07,-6.66666666666667e-07,3,1,0,0
primary_10,2,B,FIXED_C4,1,15,86088353303326,7,6,4,4,86088353303326,86088353413067,86088353462938,0.159612,1,86088354303326,RIGHT_CONTINUOUS,4,3,0,9,9,0,3,6,12605,86088353583013,-1.00000066666667,-1.00000066666667,32.3333333333333,32.3333333333333,3,0.333333333333333,0,0,,,,,0,,0,0,-1.00000066666667,-1.00000066666667,32.3333333333333,32.3333333333333,3,0.333333333333333,0,0
primary_10,2,B,FIXED_C4,1,15,86088353303326,7,6,4,4,86088353303326,86088353413067,86088353462938,0.159612,5,86088358303326,RIGHT_CONTINUOUS,4,3,0,9,9,0,3,6,12605,86088353583013,-5.00000066666667,-5.00000066666667,28.3333333333333,28.3333333333333,3,0.333333333333333,0,0,,,,,0,,0,0,-5.00000066666667,-5.00000066666667,28.3333333333333,28.3333333333333,3,0.333333333333333,0,0
primary_10,2,B,FIXED_C4,1,15,86088353303326,7,6,4,4,86088353303326,86088353413067,86088353462938,0.159612,10,86088363303326,RIGHT_CONTINUOUS,4,3,0,9,9,0,3,6,12605,86088353583013,-10.0000006666667,-10.0000006666667,23.3333333333333,23.3333333333333,3,0.333333333333333,0,0,,,,,0,,0,0,-10.0000006666667,-10.0000006666667,23.3333333333333,23.3333333333333,3,0.333333333333333,0,0
primary_10,2,B,FIXED_C4,1,15,86088353303326,7,6,4,4,86088353303326,86088353413067,86088353462938,0.159612,20,86088373303326,RIGHT_CONTINUOUS,4,4,2,6,6,0,4,6,12618,86088368553929,13.3333333333333,13.3333333333333,13.3333333333333,13.3333333333333,0,0,0,0,13.3333333333333,13.3333333333333,13.3333333333333,13.3333333333333,0,0,0,0,13.3333333333333,13.3333333333333,13.3333333333333,13.3333333333333,0,0,0,0
primary_10,2,B,FIXED_C4,1,15,86088353303326,7,6,4,4,86088353303326,86088353413067,86088353462938,0.159612,50,86088403303326,RIGHT_CONTINUOUS,4,4,2,6,6,0,4,6,12642,86088402110946,16.6666663333333,16.6666663333333,16.6666663333333,16.6666663333333,0,0,0,0,16.6666663333333,16.6666663333333,16.6666663333333,16.6666663333333,0,0,0,0,16.6666663333333,16.6666663333333,16.6666663333333,16.6666663333333,0,0,0,0
primary_10,2,B,FIXED_C4,1,15,86088353303326,7,6,4,4,86088353303326,86088353413067,86088353462938,0.159612,100,86088453303326,RIGHT_CONTINUOUS,4,2,0,8,2,6,2,6,12672,86088449639510,-6.66666666666667e-07,-6.66666666666667e-07,33.3333333333333,33.3333333333333,2,0.25,0,0,,,,,0,,0,0,-6.66666666666667e-07,-6.66666666666667e-07,-6.66666666666667e-07,-6.66666666666667e-07,2,1,0,0
primary_10,2,B,FIXED_C4,1,15,86088353303326,7,6,4,4,86088353303326,86088353413067,86088353462938,0.159612,500,86088853303326,RIGHT_CONTINUOUS,4,2,0,8,2,6,2,6,12960,86088852034850,-6.66666666666667e-07,-6.66666666666667e-07,33.3333333333333,33.3333333333333,2,0.25,0,0,,,,,0,,0,0,-6.66666666666667e-07,-6.66666666666667e-07,-6.66666666666667e-07,-6.66666666666667e-07,2,1,0,0
primary_10,2,B,FIXED_C4,1,15,86088353303326,7,6,4,4,86088353303326,86088353413067,86088353462938,0.159612,1000,86089353303326,RIGHT_CONTINUOUS,4,2,0,8,2,6,2,6,13320,86089349853320,-6.66666666666667e-07,-6.66666666666667e-07,33.3333333333333,33.3333333333333,2,0.25,0,0,,,,,0,,0,0,-6.66666666666667e-07,-6.66666666666667e-07,-6.66666666666667e-07,-6.66666666666667e-07,2,1,0,0
primary_10,2,B,FIXED_C4,2,30,86103353303326,6,7,4,4,86103353303326,86103353401411,86103353422384,0.119058,1,86103354303326,RIGHT_CONTINUOUS,4,1,0,8,8,0,1,7,23410,86103353730453,-1.00000066666667,22.3333331333333,32.3333333333333,32.3333333333333,1,0.125,0,0,,,,,0,,0,0,-1.00000066666667,22.3333331333333,32.3333333333333,32.3333333333333,1,0.125,0,0
primary_10,2,B,FIXED_C4,2,30,86103353303326,6,7,4,4,86103353303326,86103353401411,86103353422384,0.119058,5,86103358303326,RIGHT_CONTINUOUS,4,0,0,7,7,0,0,7,23411,86103356625099,28.3333333333333,28.3333333333333,28.3333333333333,28.3333333333333,0,0,0,0,,,,,0,,0,0,28.3333333333333,28.3333333333333,28.3333333333333,28.3333333333333,0,0,0,0
primary_10,2,B,FIXED_C4,2,30,86103353303326,6,7,4,4,86103353303326,86103353401411,86103353422384,0.119058,10,86103363303326,RIGHT_CONTINUOUS,4,0,0,7,7,0,0,7,23411,86103356625099,23.3333333333333,23.3333333333333,23.3333333333333,23.3333333333333,0,0,0,0,,,,,0,,0,0,23.3333333333333,23.3333333333333,23.3333333333333,23.3333333333333,0,0,0,0
primary_10,2,B,FIXED_C4,2,30,86103353303326,6,7,4,4,86103353303326,86103353401411,86103353422384,0.119058,20,86103373303326,RIGHT_CONTINUOUS,4,4,3,7,7,0,4,7,23422,86103370715183,13.3333333333333,13.3333333333333,13.3333333333333,13.3333333333333,0,0,0,0,13.3333333333333,13.3333333333333,13.3333333333333,13.3333333333333,0,0,0,0,13.3333333333333,13.3333333333333,13.3333333333333,13.3333333333333,0,0,0,0
primary_10,2,B,FIXED_C4,2,30,86103353303326,6,7,4,4,86103353303326,86103353401411,86103353422384,0.119058,50,86103403303326,RIGHT_CONTINUOUS,4,4,3,7,7,0,4,7,23450,86103402468573,16.6666663333333,16.6666663333333,16.6666663333333,16.6666663333333,0,0,0,0,16.6666663333333,16.6666663333333,16.6666663333333,16.6666663333333,0,0,0,0,16.6666663333333,16.6666663333333,16.6666663333333,16.6666663333333,0,0,0,0
primary_10,2,B,FIXED_C4,2,30,86103353303326,6,7,4,4,86103353303326,86103353401411,86103353422384,0.119058,100,86103453303326,RIGHT_CONTINUOUS,4,3,0,10,3,7,3,7,23485,86103450896613,-6.66666666666667e-07,-6.66666666666667e-07,33.3333333333333,33.3333333333333,3,0.3,0,0,,,,,0,,0,0,-6.66666666666667e-07,-6.66666666666667e-07,-6.66666666666667e-07,-6.66666666666667e-07,3,1,0,0
primary_10,2,B,FIXED_C4,2,30,86103353303326,6,7,4,4,86103353303326,86103353401411,86103353422384,0.119058,500,86103853303326,RIGHT_CONTINUOUS,4,3,0,10,3,7,3,7,23821,86103850923276,-6.66666666666667e-07,-6.66666666666667e-07,33.3333333333333,33.3333333333333,3,0.3,0,0,,,,,0,,0,0,-6.66666666666667e-07,-6.66666666666667e-07,-6.66666666666667e-07,-6.66666666666667e-07,3,1,0,0
primary_10,2,B,FIXED_C4,2,30,86103353303326,6,7,4,4,86103353303326,86103353401411,86103353422384,0.119058,1000,86104353303326,RIGHT_CONTINUOUS,4,3,0,10,3,7,3,7,24241,86104352283365,-6.66666666666667e-07,-6.66666666666667e-07,33.3333333333333,33.3333333333333,3,0.3,0,0,,,,,0,,0,0,-6.66666666666667e-07,-6.66666666666667e-07,-6.66666666666667e-07,-6.66666666666667e-07,3,1,0,0
primary_10,2,B,FIXED_C4,3,45,86118353303326,7,6,4,4,86118353303326,86118353390598,86118353405348,0.102022,1,86118354303326,RIGHT_CONTINUOUS,4,3,0,9,9,0,3,6,36009,86118353661768,-1.00000066666667,-1.00000066666667,32.3333333333333,32.3333333333333,3,0.333333333333333,0,0,,,,,0,,0,0,-1.00000066666667,-1.00000066666667,32.3333333333333,32.3333333333333,3,0.333333333333333,0,0
primary_10,2,B,FIXED_C4,3,45,86118353303326,7,6,4,4,86118353303326,86118353390598,86118353405348,0.102022,5,86118358303326,RIGHT_CONTINUOUS,4,3,0,9,9,0,3,6,36009,86118353661768,-5.00000066666667,-5.00000066666667,28.3333333333333,28.3333333333333,3,0.333333333333333,0,0,,,,,0,,0,0,-5.00000066666667,-5.00000066666667,28.3333333333333,28.3333333333333,3,0.333333333333333,0,0
primary_10,2,B,FIXED_C4,3,45,86118353303326,7,6,4,4,86118353303326,86118353390598,86118353405348,0.102022,10,86118363303326,RIGHT_CONTINUOUS,4,0,0,6,6,0,0,6,36012,86118362763663,23.3333333333333,23.3333333333333,23.3333333333333,23.3333333333333,0,0,0,0,,,,,0,,0,0,23.3333333333333,23.3333333333333,23.3333333333333,23.3333333333333,0,0,0,0
primary_10,2,B,FIXED_C4,3,45,86118353303326,7,6,4,4,86118353303326,86118353390598,86118353405348,0.102022,20,86118373303326,RIGHT_CONTINUOUS,4,4,2,6,6,0,4,6,36022,86118369524153,13.3333333333333,13.3333333333333,13.3333333333333,13.3333333333333,0,0,0,0,13.3333333333333,13.3333333333333,13.3333333333333,13.3333333333333,0,0,0,0,13.3333333333333,13.3333333333333,13.3333333333333,13.3333333333333,0,0,0,0
primary_10,2,B,FIXED_C4,3,45,86118353303326,7,6,4,4,86118353303326,86118353390598,86118353405348,0.102022,50,86118403303326,RIGHT_CONTINUOUS,4,4,2,6,6,0,4,6,36046,86118400177324,16.6666663333333,16.6666663333333,16.6666663333333,16.6666663333333,0,0,0,0,16.6666663333333,16.6666663333333,16.6666663333333,16.6666663333333,0,0,0,0,16.6666663333333,16.6666663333333,16.6666663333333,16.6666663333333,0,0,0,0
primary_10,2,B,FIXED_C4,3,45,86118353303326,7,6,4,4,86118353303326,86118353390598,86118353405348,0.102022,100,86118453303326,RIGHT_CONTINUOUS,4,2,0,8,2,6,2,6,36076,86118450307390,-6.66666666666667e-07,-6.66666666666667e-07,33.3333333333333,33.3333333333333,2,0.25,0,0,,,,,0,,0,0,-6.66666666666667e-07,-6.66666666666667e-07,-6.66666666666667e-07,-6.66666666666667e-07,2,1,0,0
primary_10,2,B,FIXED_C4,3,45,86118353303326,7,6,4,4,86118353303326,86118353390598,86118353405348,0.102022,500,86118853303326,RIGHT_CONTINUOUS,4,2,0,8,2,6,2,6,36364,86118848573301,-6.66666666666667e-07,-6.66666666666667e-07,33.3333333333333,33.3333333333333,2,0.25,0,0,,,,,0,,0,0,-6.66666666666667e-07,-6.66666666666667e-07,-6.66666666666667e-07,-6.66666666666667e-07,2,1,0,0
primary_10,2,B,FIXED_C4,3,45,86118353303326,7,6,4,4,86118353303326,86118353390598,86118353405348,0.102022,1000,86119353303326,RIGHT_CONTINUOUS,4,2,0,8,2,6,2,6,36724,86119351165503,-6.66666666666667e-07,-6.66666666666667e-07,33.3333333333333,33.3333333333333,2,0.25,0,0,,,,,0,,0,0,-6.66666666666667e-07,-6.66666666666667e-07,-6.66666666666667e-07,-6.66666666666667e-07,2,1,0,0
primary_11,2,A,FIXED_C2,1,15,86152238928731,6,7,2,2,86152238928731,86152239024020,86152239049808,0.121077,1,86152239928731,RIGHT_CONTINUOUS,2,2,0,9,9,0,2,7,10807,86152239182347,-1.00000066666667,-1.00000066666667,32.3333333333333,32.3333333333333,2,0.222222222222222,0,0,,,,,0,,0,0,-1.00000066666667,-1.00000066666667,32.3333333333333,32.3333333333333,2,0.222222222222222,0,0
primary_11,2,A,FIXED_C2,1,15,86152238928731,6,7,2,2,86152238928731,86152239024020,86152239049808,0.121077,5,86152243928731,RIGHT_CONTINUOUS,2,1,0,8,8,0,1,7,10808,86152243316037,-5.00000066666667,18.3333331333333,28.3333333333333,28.3333333333333,1,0.125,0,0,,,,,0,,0,0,-5.00000066666667,18.3333331333333,28.3333333333333,28.3333333333333,1,0.125,0,0
primary_11,2,A,FIXED_C2,1,15,86152238928731,6,7,2,2,86152238928731,86152239024020,86152239049808,0.121077,10,86152248928731,RIGHT_CONTINUOUS,2,0,0,7,7,0,0,7,10809,86152243957611,23.3333333333333,23.3333333333333,23.3333333333333,23.3333333333333,0,0,0,0,,,,,0,,0,0,23.3333333333333,23.3333333333333,23.3333333333333,23.3333333333333,0,0,0,0
primary_11,2,A,FIXED_C2,1,15,86152238928731,6,7,2,2,86152238928731,86152239024020,86152239049808,0.121077,20,86152258928731,RIGHT_CONTINUOUS,2,2,4,7,7,0,2,7,10817,86152258668176,13.3333333333333,13.3333333333333,13.3333333333333,13.3333333333333,0,0,0,0,13.3333333333333,13.3333333333333,13.3333333333333,13.3333333333333,0,0,0,0,13.3333333333333,13.3333333333333,13.3333333333333,13.3333333333333,0,0,0,0
primary_11,2,A,FIXED_C2,1,15,86152238928731,6,7,2,2,86152238928731,86152239024020,86152239049808,0.121077,50,86152288928731,RIGHT_CONTINUOUS,2,2,4,8,8,0,2,7,10842,86152287213702,-16.6666666666667,6.66666643333333,16.6666663333333,16.6666663333333,1,0.125,0,0,16.6666663333333,16.6666663333333,16.6666663333333,16.6666663333333,0,0,0,0,-16.6666666666667,6.66666643333333,16.6666663333333,16.6666663333333,1,0.125,0,0
primary_11,2,A,FIXED_C2,1,15,86152238928731,6,7,2,2,86152238928731,86152239024020,86152239049808,0.121077,100,86152338928731,RIGHT_CONTINUOUS,2,2,1,10,3,7,2,7,10882,86152337630139,-6.66666666666667e-07,-6.66666666666667e-07,33.3333333333333,33.3333333333333,3,0.3,0,0,-6.66666666666667e-07,-6.66666666666667e-07,-6.66666666666667e-07,-6.66666666666667e-07,1,1,0,0,-6.66666666666667e-07,-6.66666666666667e-07,-6.66666666666667e-07,-6.66666666666667e-07,3,1,0,0
primary_11,2,A,FIXED_C2,1,15,86152238928731,6,7,2,2,86152238928731,86152239024020,86152239049808,0.121077,500,86152738928731,RIGHT_CONTINUOUS,2,2,1,10,3,7,2,7,11218,86152734476493,-6.66666666666667e-07,-6.66666666666667e-07,33.3333333333333,33.3333333333333,3,0.3,0,0,-6.66666666666667e-07,-6.66666666666667e-07,-6.66666666666667e-07,-6.66666666666667e-07,1,1,0,0,-6.66666666666667e-07,-6.66666666666667e-07,-6.66666666666667e-07,-6.66666666666667e-07,3,1,0,0
primary_11,2,A,FIXED_C2,1,15,86152238928731,6,7,2,2,86152238928731,86152239024020,86152239049808,0.121077,1000,86153238928731,RIGHT_CONTINUOUS,2,2,1,10,3,7,2,7,11638,86153234673260,-6.66666666666667e-07,-6.66666666666667e-07,33.3333333333333,33.3333333333333,3,0.3,0,0,-6.66666666666667e-07,-6.66666666666667e-07,-6.66666666666667e-07,-6.66666666666667e-07,1,1,0,0,-6.66666666666667e-07,-6.66666666666667e-07,-6.66666666666667e-07,-6.66666666666667e-07,3,1,0,0
primary_11,2,A,FIXED_C2,2,30,86167238928731,7,6,2,2,86167238928731,86167239024982,86167239049529,0.120798,1,86167239928731,RIGHT_CONTINUOUS,2,2,1,9,9,0,2,6,23406,86167239181521,-1.00000066666667,-1.00000066666667,32.3333333333333,32.3333333333333,3,0.333333333333333,0,0,-1.00000066666667,-1.00000066666667,-1.00000066666667,-1.00000066666667,1,1,0,0,-1.00000066666667,-1.00000066666667,32.3333333333333,32.3333333333333,3,0.333333333333333,0,0
primary_11,2,A,FIXED_C2,2,30,86167238928731,7,6,2,2,86167238928731,86167239024982,86167239049529,0.120798,5,86167243928731,RIGHT_CONTINUOUS,2,2,0,8,8,0,2,6,23408,86167243798644,-5.00000066666667,-5.00000066666667,28.3333333333333,28.3333333333333,2,0.25,0,0,,,,,0,,0,0,-5.00000066666667,-5.00000066666667,28.3333333333333,28.3333333333333,2,0.25,0,0
primary_11,2,A,FIXED_C2,2,30,86167238928731,7,6,2,2,86167238928731,86167239024982,86167239049529,0.120798,10,86167248928731,RIGHT_CONTINUOUS,2,1,0,7,7,0,1,6,23409,86167244214028,-10.0000006666667,9.99999973333333,23.3333333333333,23.3333333333333,1,0.142857142857143,0,0,,,,,0,,0,0,-10.0000006666667,9.99999973333333,23.3333333333333,23.3333333333333,1,0.142857142857143,0,0
primary_11,2,A,FIXED_C2,2,30,86167238928731,7,6,2,2,86167238928731,86167239024982,86167239049529,0.120798,20,86167258928731,RIGHT_CONTINUOUS,2,2,4,6,6,0,2,6,23418,86167255114945,13.3333333333333,13.3333333333333,13.3333333333333,13.3333333333333,0,0,0,0,13.3333333333333,13.3333333333333,13.3333333333333,13.3333333333333,0,0,0,0,13.3333333333333,13.3333333333333,13.3333333333333,13.3333333333333,0,0,0,0
primary_11,2,A,FIXED_C2,2,30,86167238928731,7,6,2,2,86167238928731,86167239024982,86167239049529,0.120798,50,86167288928731,RIGHT_CONTINUOUS,2,2,3,6,6,0,2,6,23441,86167288059112,16.6666663333333,16.6666663333333,16.6666663333333,16.6666663333333,0,0,0,0,16.6666663333333,16.6666663333333,16.6666663333333,16.6666663333333,0,0,0,0,16.6666663333333,16.6666663333333,16.6666663333333,16.6666663333333,0,0,0,0
primary_11,2,A,FIXED_C2,2,30,86167238928731,7,6,2,2,86167238928731,86167239024982,86167239049529,0.120798,100,86167338928731,RIGHT_CONTINUOUS,2,2,0,8,2,6,2,6,23474,86167335786482,-6.66666666666667e-07,-6.66666666666667e-07,33.3333333333333,33.3333333333333,2,0.25,0,0,,,,,0,,0,0,-6.66666666666667e-07,-6.66666666666667e-07,-6.66666666666667e-07,-6.66666666666667e-07,2,1,0,0
primary_11,2,A,FIXED_C2,2,30,86167238928731,7,6,2,2,86167238928731,86167239024982,86167239049529,0.120798,500,86167738928731,RIGHT_CONTINUOUS,2,2,0,8,2,6,2,6,23762,86167734002767,-6.66666666666667e-07,-6.66666666666667e-07,33.3333333333333,33.3333333333333,2,0.25,0,0,,,,,0,,0,0,-6.66666666666667e-07,-6.66666666666667e-07,-6.66666666666667e-07,-6.66666666666667e-07,2,1,0,0
primary_11,2,A,FIXED_C2,2,30,86167238928731,7,6,2,2,86167238928731,86167239024982,86167239049529,0.120798,1000,86168238928731,RIGHT_CONTINUOUS,2,2,0,8,2,6,2,6,24122,86168234585075,-6.66666666666667e-07,-6.66666666666667e-07,33.3333333333333,33.3333333333333,2,0.25,0,0,,,,,0,,0,0,-6.66666666666667e-07,-6.66666666666667e-07,-6.66666666666667e-07,-6.66666666666667e-07,2,1,0,0
primary_11,2,A,FIXED_C2,3,45,86182238928731,6,7,2,2,86182238928731,86182239015244,86182239034225,0.105494,1,86182239928731,RIGHT_CONTINUOUS,2,2,0,9,9,0,2,7,34211,86182239351340,-1.00000066666667,-1.00000066666667,32.3333333333333,32.3333333333333,2,0.222222222222222,0,0,,,,,0,,0,0,-1.00000066666667,-1.00000066666667,32.3333333333333,32.3333333333333,2,0.222222222222222,0,0
primary_11,2,A,FIXED_C2,3,45,86182238928731,6,7,2,2,86182238928731,86182239015244,86182239034225,0.105494,5,86182243928731,RIGHT_CONTINUOUS,2,2,0,9,9,0,2,7,34211,86182239351340,-5.00000066666667,-5.00000066666667,28.3333333333333,28.3333333333333,2,0.222222222222222,0,0,,,,,0,,0,0,-5.00000066666667,-5.00000066666667,28.3333333333333,28.3333333333333,2,0.222222222222222,0,0
primary_11,2,A,FIXED_C2,3,45,86182238928731,6,7,2,2,86182238928731,86182239015244,86182239034225,0.105494,10,86182248928731,RIGHT_CONTINUOUS,2,0,0,7,7,0,0,7,34213,86182244391013,23.3333333333333,23.3333333333333,23.3333333333333,23.3333333333333,0,0,0,0,,,,,0,,0,0,23.3333333333333,23.3333333333333,23.3333333333333,23.3333333333333,0,0,0,0
primary_11,2,A,FIXED_C2,3,45,86182238928731,6,7,2,2,86182238928731,86182239015244,86182239034225,0.105494,20,86182258928731,RIGHT_CONTINUOUS,2,2,5,7,7,0,2,7,34222,86182254793143,13.3333333333333,13.3333333333333,13.3333333333333,13.3333333333333,0,0,0,0,13.3333333333333,13.3333333333333,13.3333333333333,13.3333333333333,0,0,0,0,13.3333333333333,13.3333333333333,13.3333333333333,13.3333333333333,0,0,0,0
primary_11,2,A,FIXED_C2,3,45,86182238928731,6,7,2,2,86182238928731,86182239015244,86182239034225,0.105494,50,86182288928731,RIGHT_CONTINUOUS,2,2,4,7,7,0,2,7,34249,86182287249167,16.6666663333333,16.6666663333333,16.6666663333333,16.6666663333333,0,0,0,0,16.6666663333333,16.6666663333333,16.6666663333333,16.6666663333333,0,0,0,0,16.6666663333333,16.6666663333333,16.6666663333333,16.6666663333333,0,0,0,0
primary_11,2,A,FIXED_C2,3,45,86182238928731,6,7,2,2,86182238928731,86182239015244,86182239034225,0.105494,100,86182338928731,RIGHT_CONTINUOUS,2,2,1,10,3,7,2,7,34286,86182335854781,-6.66666666666667e-07,-6.66666666666667e-07,33.3333333333333,33.3333333333333,3,0.3,0,0,-6.66666666666667e-07,-6.66666666666667e-07,-6.66666666666667e-07,-6.66666666666667e-07,1,1,0,0,-6.66666666666667e-07,-6.66666666666667e-07,-6.66666666666667e-07,-6.66666666666667e-07,3,1,0,0
primary_11,2,A,FIXED_C2,3,45,86182238928731,6,7,2,2,86182238928731,86182239015244,86182239034225,0.105494,500,86182738928731,RIGHT_CONTINUOUS,2,2,1,10,3,7,2,7,34622,86182736334826,-6.66666666666667e-07,-6.66666666666667e-07,33.3333333333333,33.3333333333333,3,0.3,0,0,-6.66666666666667e-07,-6.66666666666667e-07,-6.66666666666667e-07,-6.66666666666667e-07,1,1,0,0,-6.66666666666667e-07,-6.66666666666667e-07,-6.66666666666667e-07,-6.66666666666667e-07,3,1,0,0
primary_11,2,A,FIXED_C2,3,45,86182238928731,6,7,2,2,86182238928731,86182239015244,86182239034225,0.105494,1000,86183238928731,RIGHT_CONTINUOUS,2,2,1,10,3,7,2,7,35042,86183236807721,-6.66666666666667e-07,-6.66666666666667e-07,33.3333333333333,33.3333333333333,3,0.3,0,0,-6.66666666666667e-07,-6.66666666666667e-07,-6.66666666666667e-07,-6.66666666666667e-07,1,1,0,0,-6.66666666666667e-07,-6.66666666666667e-07,-6.66666666666667e-07,-6.66666666666667e-07,3,1,0,0
primary_12,2,A,K_LOOKUP_C2_C4,1,15,86216194458231,6,7,2,4,86216194458231,86216194555789,86216194583419,0.125188,1,86216195458231,RIGHT_CONTINUOUS,4,2,0,9,9,0,2,7,10807,86216194722736,-1.00000066666667,-1.00000066666667,32.3333333333333,32.3333333333333,2,0.222222222222222,0,0,,,,,0,,0,0,-1.00000066666667,-1.00000066666667,32.3333333333333,32.3333333333333,2,0.222222222222222,0,0
primary_12,2,A,K_LOOKUP_C2_C4,1,15,86216194458231,6,7,2,4,86216194458231,86216194555789,86216194583419,0.125188,5,86216199458231,RIGHT_CONTINUOUS,4,1,0,8,8,0,1,7,10808,86216199085601,-5.00000066666667,18.3333331333333,28.3333333333333,28.3333333333333,1,0.125,0,0,,,,,0,,0,0,-5.00000066666667,18.3333331333333,28.3333333333333,28.3333333333333,1,0.125,0,0
primary_12,2,A,K_LOOKUP_C2_C4,1,15,86216194458231,6,7,2,4,86216194458231,86216194555789,86216194583419,0.125188,10,86216204458231,RIGHT_CONTINUOUS,4,0,0,7,7,0,0,7,10809,86216199714916,23.3333333333333,23.3333333333333,23.3333333333333,23.3333333333333,0,0,0,0,,,,,0,,0,0,23.3333333333333,23.3333333333333,23.3333333333333,23.3333333333333,0,0,0,0
primary_12,2,A,K_LOOKUP_C2_C4,1,15,86216194458231,6,7,2,4,86216194458231,86216194555789,86216194583419,0.125188,20,86216214458231,RIGHT_CONTINUOUS,4,4,3,7,7,0,4,7,10820,86216213333677,13.3333333333333,13.3333333333333,13.3333333333333,13.3333333333333,0,0,0,0,13.3333333333333,13.3333333333333,13.3333333333333,13.3333333333333,0,0,0,0,13.3333333333333,13.3333333333333,13.3333333333333,13.3333333333333,0,0,0,0
primary_12,2,A,K_LOOKUP_C2_C4,1,15,86216194458231,6,7,2,4,86216194458231,86216194555789,86216194583419,0.125188,50,86216244458231,RIGHT_CONTINUOUS,4,4,2,7,7,0,4,7,10847,86216244242778,16.6666663333333,16.6666663333333,16.6666663333333,16.6666663333333,0,0,0,0,16.6666663333333,16.6666663333333,16.6666663333333,16.6666663333333,0,0,0,0,16.6666663333333,16.6666663333333,16.6666663333333,16.6666663333333,0,0,0,0
primary_12,2,A,K_LOOKUP_C2_C4,1,15,86216194458231,6,7,2,4,86216194458231,86216194555789,86216194583419,0.125188,100,86216294458231,RIGHT_CONTINUOUS,4,3,0,10,3,7,3,7,10883,86216294211670,-6.66666666666667e-07,-6.66666666666667e-07,33.3333333333333,33.3333333333333,3,0.3,0,0,,,,,0,,0,0,-6.66666666666667e-07,-6.66666666666667e-07,-6.66666666666667e-07,-6.66666666666667e-07,3,1,0,0
primary_12,2,A,K_LOOKUP_C2_C4,1,15,86216194458231,6,7,2,4,86216194458231,86216194555789,86216194583419,0.125188,500,86216694458231,RIGHT_CONTINUOUS,4,3,0,10,3,7,3,7,11219,86216691866296,-6.66666666666667e-07,-6.66666666666667e-07,33.3333333333333,33.3333333333333,3,0.3,0,0,,,,,0,,0,0,-6.66666666666667e-07,-6.66666666666667e-07,-6.66666666666667e-07,-6.66666666666667e-07,3,1,0,0
primary_12,2,A,K_LOOKUP_C2_C4,1,15,86216194458231,6,7,2,4,86216194458231,86216194555789,86216194583419,0.125188,1000,86217194458231,RIGHT_CONTINUOUS,4,3,0,10,3,7,3,7,11639,86217191938300,-6.66666666666667e-07,-6.66666666666667e-07,33.3333333333333,33.3333333333333,3,0.3,0,0,,,,,0,,0,0,-6.66666666666667e-07,-6.66666666666667e-07,-6.66666666666667e-07,-6.66666666666667e-07,3,1,0,0
primary_12,2,A,K_LOOKUP_C2_C4,2,30,86231194458231,7,6,4,2,86231194458231,86231194550690,86231194570597,0.112366,1,86231195458231,RIGHT_CONTINUOUS,2,3,0,9,9,0,3,6,23407,86231194818934,-1.00000066666667,-1.00000066666667,32.3333333333333,32.3333333333333,3,0.333333333333333,0,0,,,,,0,,0,0,-1.00000066666667,-1.00000066666667,32.3333333333333,32.3333333333333,3,0.333333333333333,0,0
primary_12,2,A,K_LOOKUP_C2_C4,2,30,86231194458231,7,6,4,2,86231194458231,86231194550690,86231194570597,0.112366,5,86231199458231,RIGHT_CONTINUOUS,2,2,0,8,8,0,2,6,23408,86231198862498,-5.00000066666667,-5.00000066666667,28.3333333333333,28.3333333333333,2,0.25,0,0,,,,,0,,0,0,-5.00000066666667,-5.00000066666667,28.3333333333333,28.3333333333333,2,0.25,0,0
primary_12,2,A,K_LOOKUP_C2_C4,2,30,86231194458231,7,6,4,2,86231194458231,86231194550690,86231194570597,0.112366,10,86231204458231,RIGHT_CONTINUOUS,2,0,0,6,6,0,0,6,23410,86231203272586,23.3333333333333,23.3333333333333,23.3333333333333,23.3333333333333,0,0,0,0,,,,,0,,0,0,23.3333333333333,23.3333333333333,23.3333333333333,23.3333333333333,0,0,0,0
primary_12,2,A,K_LOOKUP_C2_C4,2,30,86231194458231,7,6,4,2,86231194458231,86231194550690,86231194570597,0.112366,20,86231214458231,RIGHT_CONTINUOUS,2,2,3,5,5,0,2,6,23420,86231214073214,13.3333333333333,13.3333333333333,13.3333333333333,13.3333333333333,0,0,0,0,13.3333333333333,13.3333333333333,13.3333333333333,13.3333333333333,0,0,0,0,13.3333333333333,13.3333333333333,13.3333333333333,13.3333333333333,0,0,0,0
primary_12,2,A,K_LOOKUP_C2_C4,2,30,86231194458231,7,6,4,2,86231194458231,86231194550690,86231194570597,0.112366,50,86231244458231,RIGHT_CONTINUOUS,2,2,4,6,6,0,2,6,23442,86231242340090,16.6666663333333,16.6666663333333,16.6666663333333,16.6666663333333,0,0,0,0,16.6666663333333,16.6666663333333,16.6666663333333,16.6666663333333,0,0,0,0,16.6666663333333,16.6666663333333,16.6666663333333,16.6666663333333,0,0,0,0
primary_12,2,A,K_LOOKUP_C2_C4,2,30,86231194458231,7,6,4,2,86231194458231,86231194550690,86231194570597,0.112366,100,86231294458231,RIGHT_CONTINUOUS,2,2,0,8,2,6,2,6,23474,86231290223729,-6.66666666666667e-07,-6.66666666666667e-07,33.3333333333333,33.3333333333333,2,0.25,0,0,,,,,0,,0,0,-6.66666666666667e-07,-6.66666666666667e-07,-6.66666666666667e-07,-6.66666666666667e-07,2,1,0,0
primary_12,2,A,K_LOOKUP_C2_C4,2,30,86231194458231,7,6,4,2,86231194458231,86231194550690,86231194570597,0.112366,500,86231694458231,RIGHT_CONTINUOUS,2,2,0,8,2,6,2,6,23762,86231689563592,-6.66666666666667e-07,-6.66666666666667e-07,33.3333333333333,33.3333333333333,2,0.25,0,0,,,,,0,,0,0,-6.66666666666667e-07,-6.66666666666667e-07,-6.66666666666667e-07,-6.66666666666667e-07,2,1,0,0
primary_12,2,A,K_LOOKUP_C2_C4,2,30,86231194458231,7,6,4,2,86231194458231,86231194550690,86231194570597,0.112366,1000,86232194458231,RIGHT_CONTINUOUS,2,2,0,8,2,6,2,6,24122,86232190365498,-6.66666666666667e-07,-6.66666666666667e-07,33.3333333333333,33.3333333333333,2,0.25,0,0,,,,,0,,0,0,-6.66666666666667e-07,-6.66666666666667e-07,-6.66666666666667e-07,-6.66666666666667e-07,2,1,0,0
primary_12,2,A,K_LOOKUP_C2_C4,3,45,86246194458231,6,7,2,4,86246194458231,86246194552826,86246194576234,0.118003,1,86246195458231,RIGHT_CONTINUOUS,4,2,0,9,9,0,2,7,34211,86246194734913,-1.00000066666667,-1.00000066666667,32.3333333333333,32.3333333333333,2,0.222222222222222,0,0,,,,,0,,0,0,-1.00000066666667,-1.00000066666667,32.3333333333333,32.3333333333333,2,0.222222222222222,0,0
primary_12,2,A,K_LOOKUP_C2_C4,3,45,86246194458231,6,7,2,4,86246194458231,86246194552826,86246194576234,0.118003,5,86246199458231,RIGHT_CONTINUOUS,4,0,0,7,7,0,0,7,34213,86246199092257,28.3333333333333,28.3333333333333,28.3333333333333,28.3333333333333,0,0,0,0,,,,,0,,0,0,28.3333333333333,28.3333333333333,28.3333333333333,28.3333333333333,0,0,0,0
primary_12,2,A,K_LOOKUP_C2_C4,3,45,86246194458231,6,7,2,4,86246194458231,86246194552826,86246194576234,0.118003,10,86246204458231,RIGHT_CONTINUOUS,4,0,0,7,7,0,0,7,34213,86246199092257,23.3333333333333,23.3333333333333,23.3333333333333,23.3333333333333,0,0,0,0,,,,,0,,0,0,23.3333333333333,23.3333333333333,23.3333333333333,23.3333333333333,0,0,0,0
primary_12,2,A,K_LOOKUP_C2_C4,3,45,86246194458231,6,7,2,4,86246194458231,86246194552826,86246194576234,0.118003,20,86246214458231,RIGHT_CONTINUOUS,4,4,3,7,7,0,4,7,34224,86246209497879,13.3333333333333,13.3333333333333,13.3333333333333,13.3333333333333,0,0,0,0,13.3333333333333,13.3333333333333,13.3333333333333,13.3333333333333,0,0,0,0,13.3333333333333,13.3333333333333,13.3333333333333,13.3333333333333,0,0,0,0
primary_12,2,A,K_LOOKUP_C2_C4,3,45,86246194458231,6,7,2,4,86246194458231,86246194552826,86246194576234,0.118003,50,86246244458231,RIGHT_CONTINUOUS,4,4,3,7,7,0,4,7,34252,86246242847575,16.6666663333333,16.6666663333333,16.6666663333333,16.6666663333333,0,0,0,0,16.6666663333333,16.6666663333333,16.6666663333333,16.6666663333333,0,0,0,0,16.6666663333333,16.6666663333333,16.6666663333333,16.6666663333333,0,0,0,0
primary_12,2,A,K_LOOKUP_C2_C4,3,45,86246194458231,6,7,2,4,86246194458231,86246194552826,86246194576234,0.118003,100,86246294458231,RIGHT_CONTINUOUS,4,3,0,10,3,7,3,7,34287,86246290021135,-6.66666666666667e-07,-6.66666666666667e-07,33.3333333333333,33.3333333333333,3,0.3,0,0,,,,,0,,0,0,-6.66666666666667e-07,-6.66666666666667e-07,-6.66666666666667e-07,-6.66666666666667e-07,3,1,0,0
primary_12,2,A,K_LOOKUP_C2_C4,3,45,86246194458231,6,7,2,4,86246194458231,86246194552826,86246194576234,0.118003,500,86246694458231,RIGHT_CONTINUOUS,4,3,0,10,3,7,3,7,34623,86246692165069,-6.66666666666667e-07,-6.66666666666667e-07,33.3333333333333,33.3333333333333,3,0.3,0,0,,,,,0,,0,0,-6.66666666666667e-07,-6.66666666666667e-07,-6.66666666666667e-07,-6.66666666666667e-07,3,1,0,0
primary_12,2,A,K_LOOKUP_C2_C4,3,45,86246194458231,6,7,2,4,86246194458231,86246194552826,86246194576234,0.118003,1000,86247194458231,RIGHT_CONTINUOUS,4,4,0,11,4,7,4,7,35042,86247192423407,-6.66666666666667e-07,-6.66666666666667e-07,33.3333333333333,33.3333333333333,4,0.363636363636364,0,0,,,,,0,,0,0,-6.66666666666667e-07,-6.66666666666667e-07,-6.66666666666667e-07,-6.66666666666667e-07,4,1,0,0
primary_13,3,A,K_LOOKUP_C2_C4,1,15,86280134034313,6,7,2,4,86280134034313,86280134151468,86280134197803,0.16349,1,86280135034313,RIGHT_CONTINUOUS,4,2,0,9,9,0,2,7,10807,86280134341897,-1.00000066666667,-1.00000066666667,32.3333333333333,32.3333333333333,2,0.222222222222222,0,0,,,,,0,,0,0,-1.00000066666667,-1.00000066666667,32.3333333333333,32.3333333333333,2,0.222222222222222,0,0
primary_13,3,A,K_LOOKUP_C2_C4,1,15,86280134034313,6,7,2,4,86280134034313,86280134151468,86280134197803,0.16349,5,86280139034313,RIGHT_CONTINUOUS,4,2,0,9,9,0,2,7,10807,86280134341897,-5.00000066666667,-5.00000066666667,28.3333333333333,28.3333333333333,2,0.222222222222222,0,0,,,,,0,,0,0,-5.00000066666667,-5.00000066666667,28.3333333333333,28.3333333333333,2,0.222222222222222,0,0
primary_13,3,A,K_LOOKUP_C2_C4,1,15,86280134034313,6,7,2,4,86280134034313,86280134151468,86280134197803,0.16349,10,86280144034313,RIGHT_CONTINUOUS,4,1,0,8,8,0,1,7,10808,86280141393054,-10.0000006666667,13.3333331333333,23.3333333333333,23.3333333333333,1,0.125,0,0,,,,,0,,0,0,-10.0000006666667,13.3333331333333,23.3333333333333,23.3333333333333,1,0.125,0,0
primary_13,3,A,K_LOOKUP_C2_C4,1,15,86280134034313,6,7,2,4,86280134034313,86280134151468,86280134197803,0.16349,20,86280154034313,RIGHT_CONTINUOUS,4,4,3,7,7,0,4,7,10820,86280153504258,13.3333333333333,13.3333333333333,13.3333333333333,13.3333333333333,0,0,0,0,13.3333333333333,13.3333333333333,13.3333333333333,13.3333333333333,0,0,0,0,13.3333333333333,13.3333333333333,13.3333333333333,13.3333333333333,0,0,0,0
primary_13,3,A,K_LOOKUP_C2_C4,1,15,86280134034313,6,7,2,4,86280134034313,86280134151468,86280134197803,0.16349,50,86280184034313,RIGHT_CONTINUOUS,4,3,0,7,7,0,3,7,10843,86280181706061,16.6666663333333,16.6666663333333,16.6666663333333,16.6666663333333,0,0,0,0,,,,,0,,0,0,16.6666663333333,16.6666663333333,16.6666663333333,16.6666663333333,0,0,0,0
primary_13,3,A,K_LOOKUP_C2_C4,1,15,86280134034313,6,7,2,4,86280134034313,86280134151468,86280134197803,0.16349,100,86280234034313,RIGHT_CONTINUOUS,4,4,2,13,6,7,4,7,10878,86280220324064,-6.66666666666667e-07,-6.66666666666667e-07,33.3333333333333,33.3333333333333,6,0.461538461538462,0,0,-6.66666666666667e-07,-6.66666666666667e-07,-6.66666666666667e-07,-6.66666666666667e-07,2,1,0,0,-6.66666666666667e-07,-6.66666666666667e-07,-6.66666666666667e-07,-6.66666666666667e-07,6,1,0,0
primary_13,3,A,K_LOOKUP_C2_C4,1,15,86280134034313,6,7,2,4,86280134034313,86280134151468,86280134197803,0.16349,500,86280634034313,RIGHT_CONTINUOUS,4,3,0,10,3,7,3,7,11219,86280631577572,-6.66666666666667e-07,-6.66666666666667e-07,33.3333333333333,33.3333333333333,3,0.3,0,0,,,,,0,,0,0,-6.66666666666667e-07,-6.66666666666667e-07,-6.66666666666667e-07,-6.66666666666667e-07,3,1,0,0
primary_13,3,A,K_LOOKUP_C2_C4,1,15,86280134034313,6,7,2,4,86280134034313,86280134151468,86280134197803,0.16349,1000,86281134034313,RIGHT_CONTINUOUS,4,3,0,10,3,7,3,7,11639,86281133640960,-6.66666666666667e-07,-6.66666666666667e-07,33.3333333333333,33.3333333333333,3,0.3,0,0,,,,,0,,0,0,-6.66666666666667e-07,-6.66666666666667e-07,-6.66666666666667e-07,-6.66666666666667e-07,3,1,0,0
primary_13,3,A,K_LOOKUP_C2_C4,2,30,86295134034313,7,6,4,2,86295134034313,86295134145767,86295134175498,0.141185,1,86295135034313,RIGHT_CONTINUOUS,2,3,0,9,9,0,3,6,23407,86295134297834,-1.00000066666667,-1.00000066666667,32.3333333333333,32.3333333333333,3,0.333333333333333,0,0,,,,,0,,0,0,-1.00000066666667,-1.00000066666667,32.3333333333333,32.3333333333333,3,0.333333333333333,0,0
primary_13,3,A,K_LOOKUP_C2_C4,2,30,86295134034313,7,6,4,2,86295134034313,86295134145767,86295134175498,0.141185,5,86295139034313,RIGHT_CONTINUOUS,2,2,0,8,8,0,2,6,23408,86295135967327,-5.00000066666667,-5.00000066666667,28.3333333333333,28.3333333333333,2,0.25,0,0,,,,,0,,0,0,-5.00000066666667,-5.00000066666667,28.3333333333333,28.3333333333333,2,0.25,0,0
primary_13,3,A,K_LOOKUP_C2_C4,2,30,86295134034313,7,6,4,2,86295134034313,86295134145767,86295134175498,0.141185,10,86295144034313,RIGHT_CONTINUOUS,2,0,0,6,6,0,0,6,23410,86295140748185,23.3333333333333,23.3333333333333,23.3333333333333,23.3333333333333,0,0,0,0,,,,,0,,0,0,23.3333333333333,23.3333333333333,23.3333333333333,23.3333333333333,0,0,0,0
primary_13,3,A,K_LOOKUP_C2_C4,2,30,86295134034313,7,6,4,2,86295134034313,86295134145767,86295134175498,0.141185,20,86295154034313,RIGHT_CONTINUOUS,2,2,4,6,6,0,2,6,23418,86295150700138,13.3333333333333,13.3333333333333,13.3333333333333,13.3333333333333,0,0,0,0,13.3333333333333,13.3333333333333,13.3333333333333,13.3333333333333,0,0,0,0,13.3333333333333,13.3333333333333,13.3333333333333,13.3333333333333,0,0,0,0
primary_13,3,A,K_LOOKUP_C2_C4,2,30,86295134034313,7,6,4,2,86295134034313,86295134145767,86295134175498,0.141185,50,86295184034313,RIGHT_CONTINUOUS,2,2,4,6,6,0,2,6,23442,86295182143462,16.6666663333333,16.6666663333333,16.6666663333333,16.6666663333333,0,0,0,0,16.6666663333333,16.6666663333333,16.6666663333333,16.6666663333333,0,0,0,0,16.6666663333333,16.6666663333333,16.6666663333333,16.6666663333333,0,0,0,0
primary_13,3,A,K_LOOKUP_C2_C4,2,30,86295134034313,7,6,4,2,86295134034313,86295134145767,86295134175498,0.141185,100,86295234034313,RIGHT_CONTINUOUS,2,2,0,8,2,6,2,6,23474,86295229866579,-6.66666666666667e-07,-6.66666666666667e-07,33.3333333333333,33.3333333333333,2,0.25,0,0,,,,,0,,0,0,-6.66666666666667e-07,-6.66666666666667e-07,-6.66666666666667e-07,-6.66666666666667e-07,2,1,0,0
primary_13,3,A,K_LOOKUP_C2_C4,2,30,86295134034313,7,6,4,2,86295134034313,86295134145767,86295134175498,0.141185,500,86295634034313,RIGHT_CONTINUOUS,2,2,0,8,2,6,2,6,23762,86295629828797,-6.66666666666667e-07,-6.66666666666667e-07,33.3333333333333,33.3333333333333,2,0.25,0,0,,,,,0,,0,0,-6.66666666666667e-07,-6.66666666666667e-07,-6.66666666666667e-07,-6.66666666666667e-07,2,1,0,0
primary_13,3,A,K_LOOKUP_C2_C4,2,30,86295134034313,7,6,4,2,86295134034313,86295134145767,86295134175498,0.141185,1000,86296134034313,RIGHT_CONTINUOUS,2,2,0,8,2,6,2,6,24122,86296130478918,-6.66666666666667e-07,-6.66666666666667e-07,33.3333333333333,33.3333333333333,2,0.25,0,0,,,,,0,,0,0,-6.66666666666667e-07,-6.66666666666667e-07,-6.66666666666667e-07,-6.66666666666667e-07,2,1,0,0
primary_13,3,A,K_LOOKUP_C2_C4,3,45,86310134034313,6,7,2,4,86310134034313,86310134121526,86310134142174,0.107861,1,86310135034313,RIGHT_CONTINUOUS,4,2,0,9,9,0,2,7,34211,86310134291954,-1.00000066666667,-1.00000066666667,32.3333333333333,32.3333333333333,2,0.222222222222222,0,0,,,,,0,,0,0,-1.00000066666667,-1.00000066666667,32.3333333333333,32.3333333333333,2,0.222222222222222,0,0
primary_13,3,A,K_LOOKUP_C2_C4,3,45,86310134034313,6,7,2,4,86310134034313,86310134121526,86310134142174,0.107861,5,86310139034313,RIGHT_CONTINUOUS,4,1,0,8,8,0,1,7,34212,86310138946819,-5.00000066666667,18.3333331333333,28.3333333333333,28.3333333333333,1,0.125,0,0,,,,,0,,0,0,-5.00000066666667,18.3333331333333,28.3333333333333,28.3333333333333,1,0.125,0,0
primary_13,3,A,K_LOOKUP_C2_C4,3,45,86310134034313,6,7,2,4,86310134034313,86310134121526,86310134142174,0.107861,10,86310144034313,RIGHT_CONTINUOUS,4,0,0,7,7,0,0,7,34213,86310139612892,23.3333333333333,23.3333333333333,23.3333333333333,23.3333333333333,0,0,0,0,,,,,0,,0,0,23.3333333333333,23.3333333333333,23.3333333333333,23.3333333333333,0,0,0,0
primary_13,3,A,K_LOOKUP_C2_C4,3,45,86310134034313,6,7,2,4,86310134034313,86310134121526,86310134142174,0.107861,20,86310154034313,RIGHT_CONTINUOUS,4,4,2,6,6,0,4,7,34226,86310151203883,13.3333333333333,13.3333333333333,13.3333333333333,13.3333333333333,0,0,0,0,13.3333333333333,13.3333333333333,13.3333333333333,13.3333333333333,0,0,0,0,13.3333333333333,13.3333333333333,13.3333333333333,13.3333333333333,0,0,0,0
primary_13,3,A,K_LOOKUP_C2_C4,3,45,86310134034313,6,7,2,4,86310134034313,86310134121526,86310134142174,0.107861,50,86310184034313,RIGHT_CONTINUOUS,4,4,1,7,7,0,4,7,34250,86310182910085,16.6666663333333,16.6666663333333,16.6666663333333,16.6666663333333,0,0,0,0,16.6666663333333,16.6666663333333,16.6666663333333,16.6666663333333,0,0,0,0,16.6666663333333,16.6666663333333,16.6666663333333,16.6666663333333,0,0,0,0
primary_13,3,A,K_LOOKUP_C2_C4,3,45,86310134034313,6,7,2,4,86310134034313,86310134121526,86310134142174,0.107861,100,86310234034313,RIGHT_CONTINUOUS,4,3,0,10,3,7,3,7,34287,86310230333507,-6.66666666666667e-07,-6.66666666666667e-07,33.3333333333333,33.3333333333333,3,0.3,0,0,,,,,0,,0,0,-6.66666666666667e-07,-6.66666666666667e-07,-6.66666666666667e-07,-6.66666666666667e-07,3,1,0,0
primary_13,3,A,K_LOOKUP_C2_C4,3,45,86310134034313,6,7,2,4,86310134034313,86310134121526,86310134142174,0.107861,500,86310634034313,RIGHT_CONTINUOUS,4,3,0,10,3,7,3,7,34623,86310633525514,-6.66666666666667e-07,-6.66666666666667e-07,33.3333333333333,33.3333333333333,3,0.3,0,0,,,,,0,,0,0,-6.66666666666667e-07,-6.66666666666667e-07,-6.66666666666667e-07,-6.66666666666667e-07,3,1,0,0
primary_13,3,A,K_LOOKUP_C2_C4,3,45,86310134034313,6,7,2,4,86310134034313,86310134121526,86310134142174,0.107861,1000,86311134034313,RIGHT_CONTINUOUS,4,4,1,12,5,7,4,7,35040,86311133344807,-6.66666666666667e-07,-6.66666666666667e-07,33.3333333333333,33.3333333333333,5,0.416666666666667,0,0,-6.66666666666667e-07,-6.66666666666667e-07,-6.66666666666667e-07,-6.66666666666667e-07,1,1,0,0,-6.66666666666667e-07,-6.66666666666667e-07,-6.66666666666667e-07,-6.66666666666667e-07,5,1,0,0
primary_14,3,B,FIXED_C2,1,15,86344070465255,7,6,2,2,86344070465255,86344070564808,86344070594152,0.128897,1,86344071465255,RIGHT_CONTINUOUS,2,1,47,54,54,0,1,6,12513,86344071458978,-201.000000666667,-191.000000466667,-84.3333336666667,22.3333331333334,48,0.888888888888889,0,0,-201.000000666667,-181.000000266667,-101.000000666667,-1.00000066666667,47,1,0,0,-201.000000666667,-191.000000466667,-84.3333336666667,22.3333331333334,48,0.888888888888889,0,0
primary_14,3,B,FIXED_C2,1,15,86344070465255,7,6,2,2,86344070465255,86344070564808,86344070594152,0.128897,5,86344075465255,RIGHT_CONTINUOUS,2,2,46,54,54,0,2,6,12514,86344071495885,-205.000000666667,-195.000000466667,-88.3333336666667,18.3333331333334,48,0.888888888888889,0,0,-205.000000666667,-171.666666666667,-105.000000666667,-5.00000066666667,46,1,0,0,-205.000000666667,-195.000000466667,-88.3333336666667,18.3333331333334,48,0.888888888888889,0,0
primary_14,3,B,FIXED_C2,1,15,86344070465255,7,6,2,2,86344070465255,86344070564808,86344070594152,0.128897,10,86344080465255,RIGHT_CONTINUOUS,2,2,45,53,53,0,2,6,12516,86344079737237,-210.000000666667,-176.666666666667,-76.6666666666667,16.6666665333335,47,0.886792452830189,0,0,-210.000000666667,-176.666666666667,-110.000000666667,-10.0000006666667,45,1,0,0,-210.000000666667,-176.666666666667,-76.6666666666667,16.6666665333335,47,0.886792452830189,0,0
primary_14,3,B,FIXED_C2,1,15,86344070465255,7,6,2,2,86344070465255,86344070564808,86344070594152,0.128897,20,86344090465255,RIGHT_CONTINUOUS,2,1,50,51,51,0,2,6,12524,86344088675190,-220.000000666667,-186.666666666667,-86.6666666666667,13.3333333333333,45,0.882352941176471,0,0,-220.000000666667,-186.666666666667,-86.6666666666667,13.3333333333333,44,0.88,0,0,-220.000000666667,-186.666666666667,-86.6666666666667,13.3333333333333,45,0.882352941176471,0,0
primary_14,3,B,FIXED_C2,1,15,86344070465255,7,6,2,2,86344070465255,86344070564808,86344070594152,0.128897,50,86344120465255,RIGHT_CONTINUOUS,2,2,48,50,50,0,2,6,12552,86344119746363,-216.666666666667,-183.333333666667,-83.3333336666667,16.6666663333333,44,0.88,0,0,-216.666666666667,-183.333333666667,-83.3333336666667,16.6666663333333,42,0.875,0,0,-216.666666666667,-183.333333666667,-83.3333336666667,16.6666663333333,44,0.88,0,0
primary_14,3,B,FIXED_C2,1,15,86344070465255,7,6,2,2,86344070465255,86344070564808,86344070594152,0.128897,100,86344170465255,RIGHT_CONTINUOUS,2,2,42,50,44,6,2,6,12588,86344169969377,-200.000000666667,-170.000000066667,-100.000000666667,33.3333333333333,44,0.88,0,0,-200.000000666667,-166.666666666667,-100.000000666667,-6.66666666666667e-07,42,1,0,0,-200.000000666667,-190.000000466667,-100.000000666667,-6.66666666666667e-07,44,1,0,0
primary_14,3,B,FIXED_C2,1,15,86344070465255,7,6,2,2,86344070465255,86344070564808,86344070594152,0.128897,500,86344570465255,RIGHT_CONTINUOUS,2,2,29,37,31,6,2,6,12902,86344563102775,-166.666666666667,-133.333333666667,-66.6666666666667,33.3333333333333,31,0.837837837837838,0,0,-133.333333666667,-133.333333666667,-66.6666666666667,-6.66666666666667e-07,29,1,0,0,-166.666666666667,-133.333333666667,-66.6666666666667,-6.66666666666667e-07,31,1,0,0
primary_14,3,B,FIXED_C2,1,15,86344070465255,7,6,2,2,86344070465255,86344070564808,86344070594152,0.128897,1000,86345070465255,RIGHT_CONTINUOUS,2,2,12,20,14,6,2,6,13296,86345068172568,-66.6666666666667,-36.6666669666667,-6.66666666666667e-07,33.3333333333333,14,0.7,0,0,-33.3333336666667,-33.3333336666667,-16.6666671666667,-6.66666666666667e-07,12,1,0,0,-66.6666666666667,-56.6666667666667,-33.3333336666667,-6.66666666666667e-07,14,1,0,0
primary_14,3,B,FIXED_C2,2,30,86359070465255,6,7,2,2,86359070465255,86359070559133,86359070579726,0.114471,1,86359071465255,RIGHT_CONTINUOUS,2,2,0,9,9,0,2,7,23409,86359070706932,-1.00000066666667,-1.00000066666667,32.3333333333333,32.3333333333333,2,0.222222222222222,0,0,,,,,0,,0,0,-1.00000066666667,-1.00000066666667,32.3333333333333,32.3333333333333,2,0.222222222222222,0,0
primary_14,3,B,FIXED_C2,2,30,86359070465255,6,7,2,2,86359070465255,86359070559133,86359070579726,0.114471,5,86359075465255,RIGHT_CONTINUOUS,2,2,0,9,9,0,2,7,23409,86359070706932,-5.00000066666667,-5.00000066666667,28.3333333333333,28.3333333333333,2,0.222222222222222,0,0,,,,,0,,0,0,-5.00000066666667,-5.00000066666667,28.3333333333333,28.3333333333333,2,0.222222222222222,0,0
primary_14,3,B,FIXED_C2,2,30,86359070465255,6,7,2,2,86359070465255,86359070559133,86359070579726,0.114471,10,86359080465255,RIGHT_CONTINUOUS,2,0,0,7,7,0,0,7,23411,86359077863316,23.3333333333333,23.3333333333333,23.3333333333333,23.3333333333333,0,0,0,0,,,,,0,,0,0,23.3333333333333,23.3333333333333,23.3333333333333,23.3333333333333,0,0,0,0
primary_14,3,B,FIXED_C2,2,30,86359070465255,6,7,2,2,86359070465255,86359070559133,86359070579726,0.114471,20,86359090465255,RIGHT_CONTINUOUS,2,2,4,6,6,0,2,7,23422,86359090342359,13.3333333333333,13.3333333333333,13.3333333333333,13.3333333333333,0,0,0,0,13.3333333333333,13.3333333333333,13.3333333333333,13.3333333333333,0,0,0,0,13.3333333333333,13.3333333333333,13.3333333333333,13.3333333333333,0,0,0,0
primary_14,3,B,FIXED_C2,2,30,86359070465255,6,7,2,2,86359070465255,86359070559133,86359070579726,0.114471,50,86359120465255,RIGHT_CONTINUOUS,2,2,5,7,7,0,2,7,23448,86359119062289,16.6666663333333,16.6666663333333,16.6666663333333,16.6666663333333,0,0,0,0,16.6666663333333,16.6666663333333,16.6666663333333,16.6666663333333,0,0,0,0,16.6666663333333,16.6666663333333,16.6666663333333,16.6666663333333,0,0,0,0
primary_14,3,B,FIXED_C2,2,30,86359070465255,6,7,2,2,86359070465255,86359070559133,86359070579726,0.114471,100,86359170465255,RIGHT_CONTINUOUS,2,2,1,10,3,7,2,7,23484,86359167251336,-6.66666666666667e-07,-6.66666666666667e-07,33.3333333333333,33.3333333333333,3,0.3,0,0,-6.66666666666667e-07,-6.66666666666667e-07,-6.66666666666667e-07,-6.66666666666667e-07,1,1,0,0,-6.66666666666667e-07,-6.66666666666667e-07,-6.66666666666667e-07,-6.66666666666667e-07,3,1,0,0
primary_14,3,B,FIXED_C2,2,30,86359070465255,6,7,2,2,86359070465255,86359070559133,86359070579726,0.114471,500,86359570465255,RIGHT_CONTINUOUS,2,2,1,10,3,7,2,7,23820,86359565776177,-6.66666666666667e-07,-6.66666666666667e-07,33.3333333333333,33.3333333333333,3,0.3,0,0,-6.66666666666667e-07,-6.66666666666667e-07,-6.66666666666667e-07,-6.66666666666667e-07,1,1,0,0,-6.66666666666667e-07,-6.66666666666667e-07,-6.66666666666667e-07,-6.66666666666667e-07,3,1,0,0
primary_14,3,B,FIXED_C2,2,30,86359070465255,6,7,2,2,86359070465255,86359070559133,86359070579726,0.114471,1000,86360070465255,RIGHT_CONTINUOUS,2,2,1,10,3,7,2,7,24240,86360066588980,-6.66666666666667e-07,-6.66666666666667e-07,33.3333333333333,33.3333333333333,3,0.3,0,0,-6.66666666666667e-07,-6.66666666666667e-07,-6.66666666666667e-07,-6.66666666666667e-07,1,1,0,0,-6.66666666666667e-07,-6.66666666666667e-07,-6.66666666666667e-07,-6.66666666666667e-07,3,1,0,0
primary_14,3,B,FIXED_C2,3,45,86374070465255,7,6,2,2,86374070465255,86374070556690,86374070579643,0.114388,1,86374071465255,RIGHT_CONTINUOUS,2,2,1,9,9,0,2,6,36008,86374071403876,-1.00000066666667,-1.00000066666667,32.3333333333333,32.3333333333333,3,0.333333333333333,0,0,-1.00000066666667,-1.00000066666667,-1.00000066666667,-1.00000066666667,1,1,0,0,-1.00000066666667,-1.00000066666667,32.3333333333333,32.3333333333333,3,0.333333333333333,0,0
primary_14,3,B,FIXED_C2,3,45,86374070465255,7,6,2,2,86374070465255,86374070556690,86374070579643,0.114388,5,86374075465255,RIGHT_CONTINUOUS,2,2,1,9,9,0,2,6,36008,86374071403876,-5.00000066666667,-5.00000066666667,28.3333333333333,28.3333333333333,3,0.333333333333333,0,0,-5.00000066666667,-5.00000066666667,-5.00000066666667,-5.00000066666667,1,1,0,0,-5.00000066666667,-5.00000066666667,28.3333333333333,28.3333333333333,3,0.333333333333333,0,0
primary_14,3,B,FIXED_C2,3,45,86374070465255,7,6,2,2,86374070465255,86374070556690,86374070579643,0.114388,10,86374080465255,RIGHT_CONTINUOUS,2,1,0,7,7,0,1,6,36011,86374076860739,-10.0000006666667,9.99999973333333,23.3333333333333,23.3333333333333,1,0.142857142857143,0,0,,,,,0,,0,0,-10.0000006666667,9.99999973333333,23.3333333333333,23.3333333333333,1,0.142857142857143,0,0
primary_14,3,B,FIXED_C2,3,45,86374070465255,7,6,2,2,86374070465255,86374070556690,86374070579643,0.114388,20,86374090465255,RIGHT_CONTINUOUS,2,2,4,6,6,0,2,6,36020,86374086708211,13.3333333333333,13.3333333333333,13.3333333333333,13.3333333333333,0,0,0,0,13.3333333333333,13.3333333333333,13.3333333333333,13.3333333333333,0,0,0,0,13.3333333333333,13.3333333333333,13.3333333333333,13.3333333333333,0,0,0,0
primary_14,3,B,FIXED_C2,3,45,86374070465255,7,6,2,2,86374070465255,86374070556690,86374070579643,0.114388,50,86374120465255,RIGHT_CONTINUOUS,2,2,4,6,6,0,2,6,36044,86374117783728,16.6666663333333,16.6666663333333,16.6666663333333,16.6666663333333,0,0,0,0,16.6666663333333,16.6666663333333,16.6666663333333,16.6666663333333,0,0,0,0,16.6666663333333,16.6666663333333,16.6666663333333,16.6666663333333,0,0,0,0
primary_14,3,B,FIXED_C2,3,45,86374070465255,7,6,2,2,86374070465255,86374070556690,86374070579643,0.114388,100,86374170465255,RIGHT_CONTINUOUS,2,2,0,8,2,6,2,6,36076,86374166998923,-6.66666666666667e-07,-6.66666666666667e-07,33.3333333333333,33.3333333333333,2,0.25,0,0,,,,,0,,0,0,-6.66666666666667e-07,-6.66666666666667e-07,-6.66666666666667e-07,-6.66666666666667e-07,2,1,0,0
primary_14,3,B,FIXED_C2,3,45,86374070465255,7,6,2,2,86374070465255,86374070556690,86374070579643,0.114388,500,86374570465255,RIGHT_CONTINUOUS,2,2,0,8,2,6,2,6,36364,86374566460120,-6.66666666666667e-07,-6.66666666666667e-07,33.3333333333333,33.3333333333333,2,0.25,0,0,,,,,0,,0,0,-6.66666666666667e-07,-6.66666666666667e-07,-6.66666666666667e-07,-6.66666666666667e-07,2,1,0,0
primary_14,3,B,FIXED_C2,3,45,86374070465255,7,6,2,2,86374070465255,86374070556690,86374070579643,0.114388,1000,86375070465255,RIGHT_CONTINUOUS,2,2,0,8,2,6,2,6,36724,86375064678378,-6.66666666666667e-07,-6.66666666666667e-07,33.3333333333333,33.3333333333333,2,0.25,0,0,,,,,0,,0,0,-6.66666666666667e-07,-6.66666666666667e-07,-6.66666666666667e-07,-6.66666666666667e-07,2,1,0,0
primary_15,3,B,K_LOOKUP_C2_C4,1,15,86407939401197,7,6,4,2,86407939401197,86407939508722,86407939558564,0.157367,1,86407940401197,RIGHT_CONTINUOUS,2,3,0,9,9,0,3,6,12605,86407939675974,-1.00000066666667,-1.00000066666667,32.3333333333333,32.3333333333333,3,0.333333333333333,0,0,,,,,0,,0,0,-1.00000066666667,-1.00000066666667,32.3333333333333,32.3333333333333,3,0.333333333333333,0,0
primary_15,3,B,K_LOOKUP_C2_C4,1,15,86407939401197,7,6,4,2,86407939401197,86407939508722,86407939558564,0.157367,5,86407944401197,RIGHT_CONTINUOUS,2,3,0,9,9,0,3,6,12605,86407939675974,-5.00000066666667,-5.00000066666667,28.3333333333333,28.3333333333333,3,0.333333333333333,0,0,,,,,0,,0,0,-5.00000066666667,-5.00000066666667,28.3333333333333,28.3333333333333,3,0.333333333333333,0,0
primary_15,3,B,K_LOOKUP_C2_C4,1,15,86407939401197,7,6,4,2,86407939401197,86407939508722,86407939558564,0.157367,10,86407949401197,RIGHT_CONTINUOUS,2,0,0,6,6,0,0,6,12608,86407949298838,23.3333333333333,23.3333333333333,23.3333333333333,23.3333333333333,0,0,0,0,,,,,0,,0,0,23.3333333333333,23.3333333333333,23.3333333333333,23.3333333333333,0,0,0,0
primary_15,3,B,K_LOOKUP_C2_C4,1,15,86407939401197,7,6,4,2,86407939401197,86407939508722,86407939558564,0.157367,20,86407959401197,RIGHT_CONTINUOUS,2,2,3,5,5,0,2,6,12618,86407958943398,13.3333333333333,13.3333333333333,13.3333333333333,13.3333333333333,0,0,0,0,13.3333333333333,13.3333333333333,13.3333333333333,13.3333333333333,0,0,0,0,13.3333333333333,13.3333333333333,13.3333333333333,13.3333333333333,0,0,0,0
primary_15,3,B,K_LOOKUP_C2_C4,1,15,86407939401197,7,6,4,2,86407939401197,86407939508722,86407939558564,0.157367,50,86407989401197,RIGHT_CONTINUOUS,2,2,4,6,6,0,2,6,12640,86407987572238,16.6666663333333,16.6666663333333,16.6666663333333,16.6666663333333,0,0,0,0,16.6666663333333,16.6666663333333,16.6666663333333,16.6666663333333,0,0,0,0,16.6666663333333,16.6666663333333,16.6666663333333,16.6666663333333,0,0,0,0
primary_15,3,B,K_LOOKUP_C2_C4,1,15,86407939401197,7,6,4,2,86407939401197,86407939508722,86407939558564,0.157367,100,86408039401197,RIGHT_CONTINUOUS,2,2,0,8,2,6,2,6,12672,86408035452902,-6.66666666666667e-07,-6.66666666666667e-07,33.3333333333333,33.3333333333333,2,0.25,0,0,,,,,0,,0,0,-6.66666666666667e-07,-6.66666666666667e-07,-6.66666666666667e-07,-6.66666666666667e-07,2,1,0,0
primary_15,3,B,K_LOOKUP_C2_C4,1,15,86407939401197,7,6,4,2,86407939401197,86407939508722,86407939558564,0.157367,500,86408439401197,RIGHT_CONTINUOUS,2,2,0,8,2,6,2,6,12960,86408437306445,-6.66666666666667e-07,-6.66666666666667e-07,33.3333333333333,33.3333333333333,2,0.25,0,0,,,,,0,,0,0,-6.66666666666667e-07,-6.66666666666667e-07,-6.66666666666667e-07,-6.66666666666667e-07,2,1,0,0
primary_15,3,B,K_LOOKUP_C2_C4,1,15,86407939401197,7,6,4,2,86407939401197,86407939508722,86407939558564,0.157367,1000,86408939401197,RIGHT_CONTINUOUS,2,2,0,8,2,6,2,6,13320,86408934435450,-6.66666666666667e-07,-6.66666666666667e-07,33.3333333333333,33.3333333333333,2,0.25,0,0,,,,,0,,0,0,-6.66666666666667e-07,-6.66666666666667e-07,-6.66666666666667e-07,-6.66666666666667e-07,2,1,0,0
primary_15,3,B,K_LOOKUP_C2_C4,2,30,86422939401197,6,7,2,4,86422939401197,86422939499522,86422939520180,0.118983,1,86422940401197,RIGHT_CONTINUOUS,4,2,0,9,9,0,2,7,23409,86422939664301,-1.00000066666667,-1.00000066666667,32.3333333333333,32.3333333333333,2,0.222222222222222,0,0,,,,,0,,0,0,-1.00000066666667,-1.00000066666667,32.3333333333333,32.3333333333333,2,0.222222222222222,0,0
primary_15,3,B,K_LOOKUP_C2_C4,2,30,86422939401197,6,7,2,4,86422939401197,86422939499522,86422939520180,0.118983,5,86422944401197,RIGHT_CONTINUOUS,4,0,0,7,7,0,0,7,23411,86422944088530,28.3333333333333,28.3333333333333,28.3333333333333,28.3333333333333,0,0,0,0,,,,,0,,0,0,28.3333333333333,28.3333333333333,28.3333333333333,28.3333333333333,0,0,0,0
primary_15,3,B,K_LOOKUP_C2_C4,2,30,86422939401197,6,7,2,4,86422939401197,86422939499522,86422939520180,0.118983,10,86422949401197,RIGHT_CONTINUOUS,4,0,0,7,7,0,0,7,23411,86422944088530,23.3333333333333,23.3333333333333,23.3333333333333,23.3333333333333,0,0,0,0,,,,,0,,0,0,23.3333333333333,23.3333333333333,23.3333333333333,23.3333333333333,0,0,0,0
primary_15,3,B,K_LOOKUP_C2_C4,2,30,86422939401197,6,7,2,4,86422939401197,86422939499522,86422939520180,0.118983,20,86422959401197,RIGHT_CONTINUOUS,4,4,3,7,7,0,4,7,23422,86422954005915,13.3333333333333,13.3333333333333,13.3333333333333,13.3333333333333,0,0,0,0,13.3333333333333,13.3333333333333,13.3333333333333,13.3333333333333,0,0,0,0,13.3333333333333,13.3333333333333,13.3333333333333,13.3333333333333,0,0,0,0
primary_15,3,B,K_LOOKUP_C2_C4,2,30,86422939401197,6,7,2,4,86422939401197,86422939499522,86422939520180,0.118983,50,86422989401197,RIGHT_CONTINUOUS,4,4,2,7,7,0,4,7,23449,86422987861371,16.6666663333333,16.6666663333333,16.6666663333333,16.6666663333333,0,0,0,0,16.6666663333333,16.6666663333333,16.6666663333333,16.6666663333333,0,0,0,0,16.6666663333333,16.6666663333333,16.6666663333333,16.6666663333333,0,0,0,0
primary_15,3,B,K_LOOKUP_C2_C4,2,30,86422939401197,6,7,2,4,86422939401197,86422939499522,86422939520180,0.118983,100,86423039401197,RIGHT_CONTINUOUS,4,3,0,10,3,7,3,7,23485,86423037685960,-6.66666666666667e-07,-6.66666666666667e-07,33.3333333333333,33.3333333333333,3,0.3,0,0,,,,,0,,0,0,-6.66666666666667e-07,-6.66666666666667e-07,-6.66666666666667e-07,-6.66666666666667e-07,3,1,0,0
primary_15,3,B,K_LOOKUP_C2_C4,2,30,86422939401197,6,7,2,4,86422939401197,86422939499522,86422939520180,0.118983,500,86423439401197,RIGHT_CONTINUOUS,4,3,0,10,3,7,3,7,23821,86423438292665,-6.66666666666667e-07,-6.66666666666667e-07,33.3333333333333,33.3333333333333,3,0.3,0,0,,,,,0,,0,0,-6.66666666666667e-07,-6.66666666666667e-07,-6.66666666666667e-07,-6.66666666666667e-07,3,1,0,0
primary_15,3,B,K_LOOKUP_C2_C4,2,30,86422939401197,6,7,2,4,86422939401197,86422939499522,86422939520180,0.118983,1000,86423939401197,RIGHT_CONTINUOUS,4,3,0,10,3,7,3,7,24241,86423938111066,-6.66666666666667e-07,-6.66666666666667e-07,33.3333333333333,33.3333333333333,3,0.3,0,0,,,,,0,,0,0,-6.66666666666667e-07,-6.66666666666667e-07,-6.66666666666667e-07,-6.66666666666667e-07,3,1,0,0
primary_15,3,B,K_LOOKUP_C2_C4,3,45,86437939401197,7,6,4,2,86437939401197,86437939509162,86437939530117,0.12892,1,86437940401197,RIGHT_CONTINUOUS,2,4,0,10,10,0,4,6,36008,86437939664201,-1.00000066666667,-1.00000066666667,32.3333333333333,32.3333333333333,4,0.4,0,0,,,,,0,,0,0,-1.00000066666667,-1.00000066666667,32.3333333333333,32.3333333333333,4,0.4,0,0
primary_15,3,B,K_LOOKUP_C2_C4,3,45,86437939401197,7,6,4,2,86437939401197,86437939509162,86437939530117,0.12892,5,86437944401197,RIGHT_CONTINUOUS,2,3,0,9,9,0,3,6,36009,86437941529899,-5.00000066666667,-5.00000066666667,28.3333333333333,28.3333333333333,3,0.333333333333333,0,0,,,,,0,,0,0,-5.00000066666667,-5.00000066666667,28.3333333333333,28.3333333333333,3,0.333333333333333,0,0
primary_15,3,B,K_LOOKUP_C2_C4,3,45,86437939401197,7,6,4,2,86437939401197,86437939509162,86437939530117,0.12892,10,86437949401197,RIGHT_CONTINUOUS,2,2,0,8,8,0,2,6,36010,86437948155774,-10.0000006666667,-10.0000006666667,23.3333333333333,23.3333333333333,2,0.25,0,0,,,,,0,,0,0,-10.0000006666667,-10.0000006666667,23.3333333333333,23.3333333333333,2,0.25,0,0
primary_15,3,B,K_LOOKUP_C2_C4,3,45,86437939401197,7,6,4,2,86437939401197,86437939509162,86437939530117,0.12892,20,86437959401197,RIGHT_CONTINUOUS,2,2,3,6,6,0,2,6,36019,86437956338453,13.3333333333333,13.3333333333333,13.3333333333333,13.3333333333333,0,0,0,0,13.3333333333333,13.3333333333333,13.3333333333333,13.3333333333333,0,0,0,0,13.3333333333333,13.3333333333333,13.3333333333333,13.3333333333333,0,0,0,0
primary_15,3,B,K_LOOKUP_C2_C4,3,45,86437939401197,7,6,4,2,86437939401197,86437939509162,86437939530117,0.12892,50,86437989401197,RIGHT_CONTINUOUS,2,2,3,6,6,0,2,6,36043,86437988147975,16.6666663333333,16.6666663333333,16.6666663333333,16.6666663333333,0,0,0,0,16.6666663333333,16.6666663333333,16.6666663333333,16.6666663333333,0,0,0,0,16.6666663333333,16.6666663333333,16.6666663333333,16.6666663333333,0,0,0,0
primary_15,3,B,K_LOOKUP_C2_C4,3,45,86437939401197,7,6,4,2,86437939401197,86437939509162,86437939530117,0.12892,100,86438039401197,RIGHT_CONTINUOUS,2,2,0,8,2,6,2,6,36076,86438035184749,-6.66666666666667e-07,-6.66666666666667e-07,33.3333333333333,33.3333333333333,2,0.25,0,0,,,,,0,,0,0,-6.66666666666667e-07,-6.66666666666667e-07,-6.66666666666667e-07,-6.66666666666667e-07,2,1,0,0
primary_15,3,B,K_LOOKUP_C2_C4,3,45,86437939401197,7,6,4,2,86437939401197,86437939509162,86437939530117,0.12892,500,86438439401197,RIGHT_CONTINUOUS,2,2,0,8,2,6,2,6,36364,86438436406029,-6.66666666666667e-07,-6.66666666666667e-07,33.3333333333333,33.3333333333333,2,0.25,0,0,,,,,0,,0,0,-6.66666666666667e-07,-6.66666666666667e-07,-6.66666666666667e-07,-6.66666666666667e-07,2,1,0,0
primary_15,3,B,K_LOOKUP_C2_C4,3,45,86437939401197,7,6,4,2,86437939401197,86437939509162,86437939530117,0.12892,1000,86438939401197,RIGHT_CONTINUOUS,2,2,0,8,2,6,2,6,36724,86438936591865,-6.66666666666667e-07,-6.66666666666667e-07,33.3333333333333,33.3333333333333,2,0.25,0,0,,,,,0,,0,0,-6.66666666666667e-07,-6.66666666666667e-07,-6.66666666666667e-07,-6.66666666666667e-07,2,1,0,0
primary_16,3,A,FIXED_C4,1,15,86472078494760,6,7,4,4,86472078494760,86472078598591,86472078638055,0.143295,1,86472079494760,RIGHT_CONTINUOUS,4,1,0,8,8,0,1,7,10808,86472079229765,-1.00000066666667,22.3333331333333,32.3333333333333,32.3333333333333,1,0.125,0,0,,,,,0,,0,0,-1.00000066666667,22.3333331333333,32.3333333333333,32.3333333333333,1,0.125,0,0
primary_16,3,A,FIXED_C4,1,15,86472078494760,6,7,4,4,86472078494760,86472078598591,86472078638055,0.143295,5,86472083494760,RIGHT_CONTINUOUS,4,0,0,7,7,0,0,7,10809,86472083009929,28.3333333333333,28.3333333333333,28.3333333333333,28.3333333333333,0,0,0,0,,,,,0,,0,0,28.3333333333333,28.3333333333333,28.3333333333333,28.3333333333333,0,0,0,0
primary_16,3,A,FIXED_C4,1,15,86472078494760,6,7,4,4,86472078494760,86472078598591,86472078638055,0.143295,10,86472088494760,RIGHT_CONTINUOUS,4,0,0,7,7,0,0,7,10809,86472083009929,23.3333333333333,23.3333333333333,23.3333333333333,23.3333333333333,0,0,0,0,,,,,0,,0,0,23.3333333333333,23.3333333333333,23.3333333333333,23.3333333333333,0,0,0,0
primary_16,3,A,FIXED_C4,1,15,86472078494760,6,7,4,4,86472078494760,86472078598591,86472078638055,0.143295,20,86472098494760,RIGHT_CONTINUOUS,4,4,3,7,7,0,4,7,10820,86472097623709,13.3333333333333,13.3333333333333,13.3333333333333,13.3333333333333,0,0,0,0,13.3333333333333,13.3333333333333,13.3333333333333,13.3333333333333,0,0,0,0,13.3333333333333,13.3333333333333,13.3333333333333,13.3333333333333,0,0,0,0
primary_16,3,A,FIXED_C4,1,15,86472078494760,6,7,4,4,86472078494760,86472078598591,86472078638055,0.143295,50,86472128494760,RIGHT_CONTINUOUS,4,4,2,7,7,0,4,7,10847,86472128207088,16.6666663333333,16.6666663333333,16.6666663333333,16.6666663333333,0,0,0,0,16.6666663333333,16.6666663333333,16.6666663333333,16.6666663333333,0,0,0,0,16.6666663333333,16.6666663333333,16.6666663333333,16.6666663333333,0,0,0,0
primary_16,3,A,FIXED_C4,1,15,86472078494760,6,7,4,4,86472078494760,86472078598591,86472078638055,0.143295,100,86472178494760,RIGHT_CONTINUOUS,4,3,0,10,3,7,3,7,10883,86472176511578,-6.66666666666667e-07,-6.66666666666667e-07,33.3333333333333,33.3333333333333,3,0.3,0,0,,,,,0,,0,0,-6.66666666666667e-07,-6.66666666666667e-07,-6.66666666666667e-07,-6.66666666666667e-07,3,1,0,0
primary_16,3,A,FIXED_C4,1,15,86472078494760,6,7,4,4,86472078494760,86472078598591,86472078638055,0.143295,500,86472578494760,RIGHT_CONTINUOUS,4,4,2,13,6,7,4,7,11214,86472577261432,-6.66666666666667e-07,-6.66666666666667e-07,33.3333333333333,33.3333333333333,6,0.461538461538462,0,0,-6.66666666666667e-07,-6.66666666666667e-07,-6.66666666666667e-07,-6.66666666666667e-07,2,1,0,0,-6.66666666666667e-07,-6.66666666666667e-07,-6.66666666666667e-07,-6.66666666666667e-07,6,1,0,0
primary_16,3,A,FIXED_C4,1,15,86472078494760,6,7,4,4,86472078494760,86472078598591,86472078638055,0.143295,1000,86473078494760,RIGHT_CONTINUOUS,4,3,0,10,3,7,3,7,11639,86473076378055,-6.66666666666667e-07,-6.66666666666667e-07,33.3333333333333,33.3333333333333,3,0.3,0,0,,,,,0,,0,0,-6.66666666666667e-07,-6.66666666666667e-07,-6.66666666666667e-07,-6.66666666666667e-07,3,1,0,0
primary_16,3,A,FIXED_C4,2,30,86487078494760,7,6,4,4,86487078494760,86487078736155,86487078762591,0.267831,1,86487079494760,RIGHT_CONTINUOUS,4,3,0,9,9,0,3,6,23407,86487079128799,-1.00000066666667,-1.00000066666667,32.3333333333333,32.3333333333333,3,0.333333333333333,0,0,,,,,0,,0,0,-1.00000066666667,-1.00000066666667,32.3333333333333,32.3333333333333,3,0.333333333333333,0,0
primary_16,3,A,FIXED_C4,2,30,86487078494760,7,6,4,4,86487078494760,86487078736155,86487078762591,0.267831,5,86487083494760,RIGHT_CONTINUOUS,4,3,0,9,9,0,3,6,23407,86487079128799,-5.00000066666667,-5.00000066666667,28.3333333333333,28.3333333333333,3,0.333333333333333,0,0,,,,,0,,0,0,-5.00000066666667,-5.00000066666667,28.3333333333333,28.3333333333333,3,0.333333333333333,0,0
primary_16,3,A,FIXED_C4,2,30,86487078494760,7,6,4,4,86487078494760,86487078736155,86487078762591,0.267831,10,86487088494760,RIGHT_CONTINUOUS,4,3,0,9,9,0,3,6,23407,86487079128799,-10.0000006666667,-10.0000006666667,23.3333333333333,23.3333333333333,3,0.333333333333333,0,0,,,,,0,,0,0,-10.0000006666667,-10.0000006666667,23.3333333333333,23.3333333333333,3,0.333333333333333,0,0
primary_16,3,A,FIXED_C4,2,30,86487078494760,7,6,4,4,86487078494760,86487078736155,86487078762591,0.267831,20,86487098494760,RIGHT_CONTINUOUS,4,4,2,6,6,0,4,6,23420,86487097977846,13.3333333333333,13.3333333333333,13.3333333333333,13.3333333333333,0,0,0,0,13.3333333333333,13.3333333333333,13.3333333333333,13.3333333333333,0,0,0,0,13.3333333333333,13.3333333333333,13.3333333333333,13.3333333333333,0,0,0,0
primary_16,3,A,FIXED_C4,2,30,86487078494760,7,6,4,4,86487078494760,86487078736155,86487078762591,0.267831,50,86487128494760,RIGHT_CONTINUOUS,4,4,2,6,6,0,4,6,23444,86487127276142,16.6666663333333,16.6666663333333,16.6666663333333,16.6666663333333,0,0,0,0,16.6666663333333,16.6666663333333,16.6666663333333,16.6666663333333,0,0,0,0,16.6666663333333,16.6666663333333,16.6666663333333,16.6666663333333,0,0,0,0
primary_16,3,A,FIXED_C4,2,30,86487078494760,7,6,4,4,86487078494760,86487078736155,86487078762591,0.267831,100,86487178494760,RIGHT_CONTINUOUS,4,2,0,8,2,6,2,6,23474,86487173671058,-6.66666666666667e-07,-6.66666666666667e-07,33.3333333333333,33.3333333333333,2,0.25,0,0,,,,,0,,0,0,-6.66666666666667e-07,-6.66666666666667e-07,-6.66666666666667e-07,-6.66666666666667e-07,2,1,0,0
primary_16,3,A,FIXED_C4,2,30,86487078494760,7,6,4,4,86487078494760,86487078736155,86487078762591,0.267831,500,86487578494760,RIGHT_CONTINUOUS,4,2,0,8,2,6,2,6,23762,86487575044422,-6.66666666666667e-07,-6.66666666666667e-07,33.3333333333333,33.3333333333333,2,0.25,0,0,,,,,0,,0,0,-6.66666666666667e-07,-6.66666666666667e-07,-6.66666666666667e-07,-6.66666666666667e-07,2,1,0,0
primary_16,3,A,FIXED_C4,2,30,86487078494760,7,6,4,4,86487078494760,86487078736155,86487078762591,0.267831,1000,86488078494760,RIGHT_CONTINUOUS,4,2,0,8,2,6,2,6,24122,86488075559722,-6.66666666666667e-07,-6.66666666666667e-07,33.3333333333333,33.3333333333333,2,0.25,0,0,,,,,0,,0,0,-6.66666666666667e-07,-6.66666666666667e-07,-6.66666666666667e-07,-6.66666666666667e-07,2,1,0,0
primary_16,3,A,FIXED_C4,3,45,86502078494760,6,7,4,4,86502078494760,86502078586376,86502078602950,0.10819,1,86502079494760,RIGHT_CONTINUOUS,4,2,0,9,9,0,2,7,34211,86502078753554,-1.00000066666667,-1.00000066666667,32.3333333333333,32.3333333333333,2,0.222222222222222,0,0,,,,,0,,0,0,-1.00000066666667,-1.00000066666667,32.3333333333333,32.3333333333333,2,0.222222222222222,0,0
primary_16,3,A,FIXED_C4,3,45,86502078494760,6,7,4,4,86502078494760,86502078586376,86502078602950,0.10819,5,86502083494760,RIGHT_CONTINUOUS,4,2,0,9,9,0,2,7,34211,86502078753554,-5.00000066666667,-5.00000066666667,28.3333333333333,28.3333333333333,2,0.222222222222222,0,0,,,,,0,,0,0,-5.00000066666667,-5.00000066666667,28.3333333333333,28.3333333333333,2,0.222222222222222,0,0
primary_16,3,A,FIXED_C4,3,45,86502078494760,6,7,4,4,86502078494760,86502078586376,86502078602950,0.10819,10,86502088494760,RIGHT_CONTINUOUS,4,0,0,7,7,0,0,7,34213,86502084579787,23.3333333333333,23.3333333333333,23.3333333333333,23.3333333333333,0,0,0,0,,,,,0,,0,0,23.3333333333333,23.3333333333333,23.3333333333333,23.3333333333333,0,0,0,0
primary_16,3,A,FIXED_C4,3,45,86502078494760,6,7,4,4,86502078494760,86502078586376,86502078602950,0.10819,20,86502098494760,RIGHT_CONTINUOUS,4,4,3,7,7,0,4,7,34224,86502095509086,13.3333333333333,13.3333333333333,13.3333333333333,13.3333333333333,0,0,0,0,13.3333333333333,13.3333333333333,13.3333333333333,13.3333333333333,0,0,0,0,13.3333333333333,13.3333333333333,13.3333333333333,13.3333333333333,0,0,0,0
primary_16,3,A,FIXED_C4,3,45,86502078494760,6,7,4,4,86502078494760,86502078586376,86502078602950,0.10819,50,86502128494760,RIGHT_CONTINUOUS,4,4,3,7,7,0,4,7,34252,86502126402222,16.6666663333333,16.6666663333333,16.6666663333333,16.6666663333333,0,0,0,0,16.6666663333333,16.6666663333333,16.6666663333333,16.6666663333333,0,0,0,0,16.6666663333333,16.6666663333333,16.6666663333333,16.6666663333333,0,0,0,0
primary_16,3,A,FIXED_C4,3,45,86502078494760,6,7,4,4,86502078494760,86502078586376,86502078602950,0.10819,100,86502178494760,RIGHT_CONTINUOUS,4,3,0,10,3,7,3,7,34287,86502176093552,-6.66666666666667e-07,-6.66666666666667e-07,33.3333333333333,33.3333333333333,3,0.3,0,0,,,,,0,,0,0,-6.66666666666667e-07,-6.66666666666667e-07,-6.66666666666667e-07,-6.66666666666667e-07,3,1,0,0
primary_16,3,A,FIXED_C4,3,45,86502078494760,6,7,4,4,86502078494760,86502078586376,86502078602950,0.10819,500,86502578494760,RIGHT_CONTINUOUS,4,2,0,9,2,7,2,7,34624,86502577591582,-6.66666666666667e-07,-6.66666666666667e-07,33.3333333333333,33.3333333333333,2,0.222222222222222,0,0,,,,,0,,0,0,-6.66666666666667e-07,-6.66666666666667e-07,-6.66666666666667e-07,-6.66666666666667e-07,2,1,0,0
primary_16,3,A,FIXED_C4,3,45,86502078494760,6,7,4,4,86502078494760,86502078586376,86502078602950,0.10819,1000,86503078494760,RIGHT_CONTINUOUS,4,3,0,10,3,7,3,7,35043,86503078420424,-6.66666666666667e-07,-6.66666666666667e-07,33.3333333333333,33.3333333333333,3,0.3,0,0,,,,,0,,0,0,-6.66666666666667e-07,-6.66666666666667e-07,-6.66666666666667e-07,-6.66666666666667e-07,3,1,0,0
primary_17,3,B,FIXED_C4,1,15,86536280570497,7,6,4,4,86536280570497,86536280670405,86536280704054,0.133557,1,86536281570497,RIGHT_CONTINUOUS,4,3,0,9,9,0,3,6,12605,86536280915667,-1.00000066666667,-1.00000066666667,32.3333333333333,32.3333333333333,3,0.333333333333333,0,0,,,,,0,,0,0,-1.00000066666667,-1.00000066666667,32.3333333333333,32.3333333333333,3,0.333333333333333,0,0
primary_17,3,B,FIXED_C4,1,15,86536280570497,7,6,4,4,86536280570497,86536280670405,86536280704054,0.133557,5,86536285570497,RIGHT_CONTINUOUS,4,2,0,8,8,0,2,6,12606,86536284998221,-5.00000066666667,-5.00000066666667,28.3333333333333,28.3333333333333,2,0.25,0,0,,,,,0,,0,0,-5.00000066666667,-5.00000066666667,28.3333333333333,28.3333333333333,2,0.25,0,0
primary_17,3,B,FIXED_C4,1,15,86536280570497,7,6,4,4,86536280570497,86536280670405,86536280704054,0.133557,10,86536290570497,RIGHT_CONTINUOUS,4,0,0,6,6,0,0,6,12608,86536289297751,23.3333333333333,23.3333333333333,23.3333333333333,23.3333333333333,0,0,0,0,,,,,0,,0,0,23.3333333333333,23.3333333333333,23.3333333333333,23.3333333333333,0,0,0,0
primary_17,3,B,FIXED_C4,1,15,86536280570497,7,6,4,4,86536280570497,86536280670405,86536280704054,0.133557,20,86536300570497,RIGHT_CONTINUOUS,4,4,2,6,6,0,4,6,12618,86536294461650,13.3333333333333,13.3333333333333,13.3333333333333,13.3333333333333,0,0,0,0,13.3333333333333,13.3333333333333,13.3333333333333,13.3333333333333,0,0,0,0,13.3333333333333,13.3333333333333,13.3333333333333,13.3333333333333,0,0,0,0
primary_17,3,B,FIXED_C4,1,15,86536280570497,7,6,4,4,86536280570497,86536280670405,86536280704054,0.133557,50,86536330570497,RIGHT_CONTINUOUS,4,4,2,6,6,0,4,6,12642,86536329069978,16.6666663333333,16.6666663333333,16.6666663333333,16.6666663333333,0,0,0,0,16.6666663333333,16.6666663333333,16.6666663333333,16.6666663333333,0,0,0,0,16.6666663333333,16.6666663333333,16.6666663333333,16.6666663333333,0,0,0,0
primary_17,3,B,FIXED_C4,1,15,86536280570497,7,6,4,4,86536280570497,86536280670405,86536280704054,0.133557,100,86536380570497,RIGHT_CONTINUOUS,4,1,0,7,1,6,1,6,12673,86536380127757,-6.66666666666667e-07,19.9999997333333,33.3333333333333,33.3333333333333,1,0.142857142857143,0,0,,,,,0,,0,0,-6.66666666666667e-07,-6.66666666666667e-07,-6.66666666666667e-07,-6.66666666666667e-07,1,1,0,0
primary_17,3,B,FIXED_C4,1,15,86536280570497,7,6,4,4,86536280570497,86536280670405,86536280704054,0.133557,500,86536780570497,RIGHT_CONTINUOUS,4,2,0,8,2,6,2,6,12960,86536776891790,-6.66666666666667e-07,-6.66666666666667e-07,33.3333333333333,33.3333333333333,2,0.25,0,0,,,,,0,,0,0,-6.66666666666667e-07,-6.66666666666667e-07,-6.66666666666667e-07,-6.66666666666667e-07,2,1,0,0
primary_17,3,B,FIXED_C4,1,15,86536280570497,7,6,4,4,86536280570497,86536280670405,86536280704054,0.133557,1000,86537280570497,RIGHT_CONTINUOUS,4,2,0,8,2,6,2,6,13320,86537278311032,-6.66666666666667e-07,-6.66666666666667e-07,33.3333333333333,33.3333333333333,2,0.25,0,0,,,,,0,,0,0,-6.66666666666667e-07,-6.66666666666667e-07,-6.66666666666667e-07,-6.66666666666667e-07,2,1,0,0
primary_17,3,B,FIXED_C4,2,30,86551280570497,6,7,4,4,86551280570497,86551280668831,86551280688729,0.118232,1,86551281570497,RIGHT_CONTINUOUS,4,2,0,9,9,0,2,7,23409,86551280824611,-1.00000066666667,-1.00000066666667,32.3333333333333,32.3333333333333,2,0.222222222222222,0,0,,,,,0,,0,0,-1.00000066666667,-1.00000066666667,32.3333333333333,32.3333333333333,2,0.222222222222222,0,0
primary_17,3,B,FIXED_C4,2,30,86551280570497,6,7,4,4,86551280570497,86551280668831,86551280688729,0.118232,5,86551285570497,RIGHT_CONTINUOUS,4,0,0,7,7,0,0,7,23411,86551284298769,28.3333333333333,28.3333333333333,28.3333333333333,28.3333333333333,0,0,0,0,,,,,0,,0,0,28.3333333333333,28.3333333333333,28.3333333333333,28.3333333333333,0,0,0,0
primary_17,3,B,FIXED_C4,2,30,86551280570497,6,7,4,4,86551280570497,86551280668831,86551280688729,0.118232,10,86551290570497,RIGHT_CONTINUOUS,4,0,0,7,7,0,0,7,23411,86551284298769,23.3333333333333,23.3333333333333,23.3333333333333,23.3333333333333,0,0,0,0,,,,,0,,0,0,23.3333333333333,23.3333333333333,23.3333333333333,23.3333333333333,0,0,0,0
primary_17,3,B,FIXED_C4,2,30,86551280570497,6,7,4,4,86551280570497,86551280668831,86551280688729,0.118232,20,86551300570497,RIGHT_CONTINUOUS,4,4,3,7,7,0,4,7,23422,86551298635815,13.3333333333333,13.3333333333333,13.3333333333333,13.3333333333333,0,0,0,0,13.3333333333333,13.3333333333333,13.3333333333333,13.3333333333333,0,0,0,0,13.3333333333333,13.3333333333333,13.3333333333333,13.3333333333333,0,0,0,0
primary_17,3,B,FIXED_C4,2,30,86551280570497,6,7,4,4,86551280570497,86551280668831,86551280688729,0.118232,50,86551330570497,RIGHT_CONTINUOUS,4,4,2,7,7,0,4,7,23449,86551328825998,16.6666663333333,16.6666663333333,16.6666663333333,16.6666663333333,0,0,0,0,16.6666663333333,16.6666663333333,16.6666663333333,16.6666663333333,0,0,0,0,16.6666663333333,16.6666663333333,16.6666663333333,16.6666663333333,0,0,0,0
primary_17,3,B,FIXED_C4,2,30,86551280570497,6,7,4,4,86551280570497,86551280668831,86551280688729,0.118232,100,86551380570497,RIGHT_CONTINUOUS,4,4,0,11,4,7,4,7,23484,86551376880162,-6.66666666666667e-07,-6.66666666666667e-07,33.3333333333333,33.3333333333333,4,0.363636363636364,0,0,,,,,0,,0,0,-6.66666666666667e-07,-6.66666666666667e-07,-6.66666666666667e-07,-6.66666666666667e-07,4,1,0,0
primary_17,3,B,FIXED_C4,2,30,86551280570497,6,7,4,4,86551280570497,86551280668831,86551280688729,0.118232,500,86551780570497,RIGHT_CONTINUOUS,4,3,0,10,3,7,3,7,23821,86551775857209,-6.66666666666667e-07,-6.66666666666667e-07,33.3333333333333,33.3333333333333,3,0.3,0,0,,,,,0,,0,0,-6.66666666666667e-07,-6.66666666666667e-07,-6.66666666666667e-07,-6.66666666666667e-07,3,1,0,0
primary_17,3,B,FIXED_C4,2,30,86551280570497,6,7,4,4,86551280570497,86551280668831,86551280688729,0.118232,1000,86552280570497,RIGHT_CONTINUOUS,4,3,0,10,3,7,3,7,24241,86552278699908,-6.66666666666667e-07,-6.66666666666667e-07,33.3333333333333,33.3333333333333,3,0.3,0,0,,,,,0,,0,0,-6.66666666666667e-07,-6.66666666666667e-07,-6.66666666666667e-07,-6.66666666666667e-07,3,1,0,0
primary_17,3,B,FIXED_C4,3,45,86566280570497,7,6,4,4,86566280570497,86566280664739,86566280690314,0.119817,1,86566281570497,RIGHT_CONTINUOUS,4,3,0,9,9,0,3,6,36009,86566280949853,-1.00000066666667,-1.00000066666667,32.3333333333333,32.3333333333333,3,0.333333333333333,0,0,,,,,0,,0,0,-1.00000066666667,-1.00000066666667,32.3333333333333,32.3333333333333,3,0.333333333333333,0,0
primary_17,3,B,FIXED_C4,3,45,86566280570497,7,6,4,4,86566280570497,86566280664739,86566280690314,0.119817,5,86566285570497,RIGHT_CONTINUOUS,4,3,0,9,9,0,3,6,36009,86566280949853,-5.00000066666667,-5.00000066666667,28.3333333333333,28.3333333333333,3,0.333333333333333,0,0,,,,,0,,0,0,-5.00000066666667,-5.00000066666667,28.3333333333333,28.3333333333333,3,0.333333333333333,0,0
primary_17,3,B,FIXED_C4,3,45,86566280570497,7,6,4,4,86566280570497,86566280664739,86566280690314,0.119817,10,86566290570497,RIGHT_CONTINUOUS,4,1,0,7,7,0,1,6,36011,86566288039765,-10.0000006666667,9.99999973333333,23.3333333333333,23.3333333333333,1,0.142857142857143,0,0,,,,,0,,0,0,-10.0000006666667,9.99999973333333,23.3333333333333,23.3333333333333,1,0.142857142857143,0,0
primary_17,3,B,FIXED_C4,3,45,86566280570497,7,6,4,4,86566280570497,86566280664739,86566280690314,0.119817,20,86566300570497,RIGHT_CONTINUOUS,4,4,2,6,6,0,4,6,36022,86566294784912,13.3333333333333,13.3333333333333,13.3333333333333,13.3333333333333,0,0,0,0,13.3333333333333,13.3333333333333,13.3333333333333,13.3333333333333,0,0,0,0,13.3333333333333,13.3333333333333,13.3333333333333,13.3333333333333,0,0,0,0
primary_17,3,B,FIXED_C4,3,45,86566280570497,7,6,4,4,86566280570497,86566280664739,86566280690314,0.119817,50,86566330570497,RIGHT_CONTINUOUS,4,4,2,6,6,0,4,6,36046,86566327834958,16.6666663333333,16.6666663333333,16.6666663333333,16.6666663333333,0,0,0,0,16.6666663333333,16.6666663333333,16.6666663333333,16.6666663333333,0,0,0,0,16.6666663333333,16.6666663333333,16.6666663333333,16.6666663333333,0,0,0,0
primary_17,3,B,FIXED_C4,3,45,86566280570497,7,6,4,4,86566280570497,86566280664739,86566280690314,0.119817,100,86566380570497,RIGHT_CONTINUOUS,4,2,0,8,2,6,2,6,36076,86566377663918,-6.66666666666667e-07,-6.66666666666667e-07,33.3333333333333,33.3333333333333,2,0.25,0,0,,,,,0,,0,0,-6.66666666666667e-07,-6.66666666666667e-07,-6.66666666666667e-07,-6.66666666666667e-07,2,1,0,0
primary_17,3,B,FIXED_C4,3,45,86566280570497,7,6,4,4,86566280570497,86566280664739,86566280690314,0.119817,500,86566780570497,RIGHT_CONTINUOUS,4,1,0,7,1,6,1,6,36365,86566780381427,-6.66666666666667e-07,19.9999997333333,33.3333333333333,33.3333333333333,1,0.142857142857143,0,0,,,,,0,,0,0,-6.66666666666667e-07,-6.66666666666667e-07,-6.66666666666667e-07,-6.66666666666667e-07,1,1,0,0
primary_17,3,B,FIXED_C4,3,45,86566280570497,7,6,4,4,86566280570497,86566280664739,86566280690314,0.119817,1000,86567280570497,RIGHT_CONTINUOUS,4,2,0,8,2,6,2,6,36724,86567277462893,-6.66666666666667e-07,-6.66666666666667e-07,33.3333333333333,33.3333333333333,2,0.25,0,0,,,,,0,,0,0,-6.66666666666667e-07,-6.66666666666667e-07,-6.66666666666667e-07,-6.66666666666667e-07,2,1,0,0
primary_18,3,A,FIXED_C2,1,15,86600340495720,6,7,2,2,86600340495720,86600340602926,86600340655351,0.159631,1,86600341495720,RIGHT_CONTINUOUS,2,2,0,9,9,0,2,7,10807,86600340891243,-1.00000066666667,-1.00000066666667,32.3333333333333,32.3333333333333,2,0.222222222222222,0,0,,,,,0,,0,0,-1.00000066666667,-1.00000066666667,32.3333333333333,32.3333333333333,2,0.222222222222222,0,0
primary_18,3,A,FIXED_C2,1,15,86600340495720,6,7,2,2,86600340495720,86600340602926,86600340655351,0.159631,5,86600345495720,RIGHT_CONTINUOUS,2,1,0,8,8,0,1,7,10808,86600343736116,-5.00000066666667,18.3333331333333,28.3333333333333,28.3333333333333,1,0.125,0,0,,,,,0,,0,0,-5.00000066666667,18.3333331333333,28.3333333333333,28.3333333333333,1,0.125,0,0
primary_18,3,A,FIXED_C2,1,15,86600340495720,6,7,2,2,86600340495720,86600340602926,86600340655351,0.159631,10,86600350495720,RIGHT_CONTINUOUS,2,0,0,7,7,0,0,7,10809,86600348079200,23.3333333333333,23.3333333333333,23.3333333333333,23.3333333333333,0,0,0,0,,,,,0,,0,0,23.3333333333333,23.3333333333333,23.3333333333333,23.3333333333333,0,0,0,0
primary_18,3,A,FIXED_C2,1,15,86600340495720,6,7,2,2,86600340495720,86600340602926,86600340655351,0.159631,20,86600360495720,RIGHT_CONTINUOUS,2,2,5,7,7,0,2,7,10818,86600360135014,13.3333333333333,13.3333333333333,13.3333333333333,13.3333333333333,0,0,0,0,13.3333333333333,13.3333333333333,13.3333333333333,13.3333333333333,0,0,0,0,13.3333333333333,13.3333333333333,13.3333333333333,13.3333333333333,0,0,0,0
primary_18,3,A,FIXED_C2,1,15,86600340495720,6,7,2,2,86600340495720,86600340602926,86600340655351,0.159631,50,86600390495720,RIGHT_CONTINUOUS,2,2,4,7,7,0,2,7,10845,86600388063738,16.6666663333333,16.6666663333333,16.6666663333333,16.6666663333333,0,0,0,0,16.6666663333333,16.6666663333333,16.6666663333333,16.6666663333333,0,0,0,0,16.6666663333333,16.6666663333333,16.6666663333333,16.6666663333333,0,0,0,0
primary_18,3,A,FIXED_C2,1,15,86600340495720,6,7,2,2,86600340495720,86600340602926,86600340655351,0.159631,100,86600440495720,RIGHT_CONTINUOUS,2,2,1,10,3,7,2,7,10882,86600435977038,-6.66666666666667e-07,-6.66666666666667e-07,33.3333333333333,33.3333333333333,3,0.3,0,0,-6.66666666666667e-07,-6.66666666666667e-07,-6.66666666666667e-07,-6.66666666666667e-07,1,1,0,0,-6.66666666666667e-07,-6.66666666666667e-07,-6.66666666666667e-07,-6.66666666666667e-07,3,1,0,0
primary_18,3,A,FIXED_C2,1,15,86600340495720,6,7,2,2,86600340495720,86600340602926,86600340655351,0.159631,500,86600840495720,RIGHT_CONTINUOUS,2,2,1,10,3,7,2,7,11218,86600839398709,-6.66666666666667e-07,-6.66666666666667e-07,33.3333333333333,33.3333333333333,3,0.3,0,0,-6.66666666666667e-07,-6.66666666666667e-07,-6.66666666666667e-07,-6.66666666666667e-07,1,1,0,0,-6.66666666666667e-07,-6.66666666666667e-07,-6.66666666666667e-07,-6.66666666666667e-07,3,1,0,0
primary_18,3,A,FIXED_C2,1,15,86600340495720,6,7,2,2,86600340495720,86600340602926,86600340655351,0.159631,1000,86601340495720,RIGHT_CONTINUOUS,2,2,1,10,3,7,2,7,11638,86601335493473,-6.66666666666667e-07,-6.66666666666667e-07,33.3333333333333,33.3333333333333,3,0.3,0,0,-6.66666666666667e-07,-6.66666666666667e-07,-6.66666666666667e-07,-6.66666666666667e-07,1,1,0,0,-6.66666666666667e-07,-6.66666666666667e-07,-6.66666666666667e-07,-6.66666666666667e-07,3,1,0,0
primary_18,3,A,FIXED_C2,2,30,86615340495720,7,6,2,2,86615340495720,86615340591093,86615340620806,0.125086,1,86615341495720,RIGHT_CONTINUOUS,2,2,1,9,9,0,2,6,23406,86615340744632,-1.00000066666667,-1.00000066666667,32.3333333333333,32.3333333333333,3,0.333333333333333,0,0,-1.00000066666667,-1.00000066666667,-1.00000066666667,-1.00000066666667,1,1,0,0,-1.00000066666667,-1.00000066666667,32.3333333333333,32.3333333333333,3,0.333333333333333,0,0
primary_18,3,A,FIXED_C2,2,30,86615340495720,7,6,2,2,86615340495720,86615340591093,86615340620806,0.125086,5,86615345495720,RIGHT_CONTINUOUS,2,1,0,7,7,0,1,6,23409,86615345104678,-5.00000066666667,14.9999997333333,28.3333333333333,28.3333333333333,1,0.142857142857143,0,0,,,,,0,,0,0,-5.00000066666667,14.9999997333333,28.3333333333333,28.3333333333333,1,0.142857142857143,0,0
primary_18,3,A,FIXED_C2,2,30,86615340495720,7,6,2,2,86615340495720,86615340591093,86615340620806,0.125086,10,86615350495720,RIGHT_CONTINUOUS,2,0,0,6,6,0,0,6,23410,86615349791709,23.3333333333333,23.3333333333333,23.3333333333333,23.3333333333333,0,0,0,0,,,,,0,,0,0,23.3333333333333,23.3333333333333,23.3333333333333,23.3333333333333,0,0,0,0
primary_18,3,A,FIXED_C2,2,30,86615340495720,7,6,2,2,86615340495720,86615340591093,86615340620806,0.125086,20,86615360495720,RIGHT_CONTINUOUS,2,2,2,4,4,0,2,6,23422,86615360273432,13.3333333333333,13.3333333333333,13.3333333333333,13.3333333333333,0,0,0,0,13.3333333333333,13.3333333333333,13.3333333333333,13.3333333333333,0,0,0,0,13.3333333333333,13.3333333333333,13.3333333333333,13.3333333333333,0,0,0,0
primary_18,3,A,FIXED_C2,2,30,86615340495720,7,6,2,2,86615340495720,86615340591093,86615340620806,0.125086,50,86615390495720,RIGHT_CONTINUOUS,2,2,4,6,6,0,2,6,23442,86615387977356,16.6666663333333,16.6666663333333,16.6666663333333,16.6666663333333,0,0,0,0,16.6666663333333,16.6666663333333,16.6666663333333,16.6666663333333,0,0,0,0,16.6666663333333,16.6666663333333,16.6666663333333,16.6666663333333,0,0,0,0
primary_18,3,A,FIXED_C2,2,30,86615340495720,7,6,2,2,86615340495720,86615340591093,86615340620806,0.125086,100,86615440495720,RIGHT_CONTINUOUS,2,2,0,8,2,6,2,6,23474,86615438000999,-6.66666666666667e-07,-6.66666666666667e-07,33.3333333333333,33.3333333333333,2,0.25,0,0,,,,,0,,0,0,-6.66666666666667e-07,-6.66666666666667e-07,-6.66666666666667e-07,-6.66666666666667e-07,2,1,0,0
primary_18,3,A,FIXED_C2,2,30,86615340495720,7,6,2,2,86615340495720,86615340591093,86615340620806,0.125086,500,86615840495720,RIGHT_CONTINUOUS,2,2,0,8,2,6,2,6,23762,86615836072575,-6.66666666666667e-07,-6.66666666666667e-07,33.3333333333333,33.3333333333333,2,0.25,0,0,,,,,0,,0,0,-6.66666666666667e-07,-6.66666666666667e-07,-6.66666666666667e-07,-6.66666666666667e-07,2,1,0,0
primary_18,3,A,FIXED_C2,2,30,86615340495720,7,6,2,2,86615340495720,86615340591093,86615340620806,0.125086,1000,86616340495720,RIGHT_CONTINUOUS,2,2,0,8,2,6,2,6,24122,86616336627738,-6.66666666666667e-07,-6.66666666666667e-07,33.3333333333333,33.3333333333333,2,0.25,0,0,,,,,0,,0,0,-6.66666666666667e-07,-6.66666666666667e-07,-6.66666666666667e-07,-6.66666666666667e-07,2,1,0,0
primary_18,3,A,FIXED_C2,3,45,86630340495720,6,7,2,2,86630340495720,86630340574450,86630340587885,0.092165,1,86630341495720,RIGHT_CONTINUOUS,2,1,0,8,8,0,1,7,34212,86630340937824,-1.00000066666667,22.3333331333333,32.3333333333333,32.3333333333333,1,0.125,0,0,,,,,0,,0,0,-1.00000066666667,22.3333331333333,32.3333333333333,32.3333333333333,1,0.125,0,0
primary_18,3,A,FIXED_C2,3,45,86630340495720,6,7,2,2,86630340495720,86630340574450,86630340587885,0.092165,5,86630345495720,RIGHT_CONTINUOUS,2,1,0,8,8,0,1,7,34212,86630340937824,-5.00000066666667,18.3333331333333,28.3333333333333,28.3333333333333,1,0.125,0,0,,,,,0,,0,0,-5.00000066666667,18.3333331333333,28.3333333333333,28.3333333333333,1,0.125,0,0
primary_18,3,A,FIXED_C2,3,45,86630340495720,6,7,2,2,86630340495720,86630340574450,86630340587885,0.092165,10,86630350495720,RIGHT_CONTINUOUS,2,0,0,7,7,0,0,7,34213,86630347380846,23.3333333333333,23.3333333333333,23.3333333333333,23.3333333333333,0,0,0,0,,,,,0,,0,0,23.3333333333333,23.3333333333333,23.3333333333333,23.3333333333333,0,0,0,0
primary_18,3,A,FIXED_C2,3,45,86630340495720,6,7,2,2,86630340495720,86630340574450,86630340587885,0.092165,20,86630360495720,RIGHT_CONTINUOUS,2,2,5,7,7,0,2,7,34222,86630359465446,13.3333333333333,13.3333333333333,13.3333333333333,13.3333333333333,0,0,0,0,13.3333333333333,13.3333333333333,13.3333333333333,13.3333333333333,0,0,0,0,13.3333333333333,13.3333333333333,13.3333333333333,13.3333333333333,0,0,0,0
primary_18,3,A,FIXED_C2,3,45,86630340495720,6,7,2,2,86630340495720,86630340574450,86630340587885,0.092165,50,86630390495720,RIGHT_CONTINUOUS,2,2,1,7,7,0,2,7,34246,86630388926534,16.6666663333333,16.6666663333333,16.6666663333333,16.6666663333333,0,0,0,0,16.6666663333333,16.6666663333333,16.6666663333333,16.6666663333333,0,0,0,0,16.6666663333333,16.6666663333333,16.6666663333333,16.6666663333333,0,0,0,0
primary_18,3,A,FIXED_C2,3,45,86630340495720,6,7,2,2,86630340495720,86630340574450,86630340587885,0.092165,100,86630440495720,RIGHT_CONTINUOUS,2,2,1,10,3,7,2,7,34286,86630438250136,-6.66666666666667e-07,-6.66666666666667e-07,33.3333333333333,33.3333333333333,3,0.3,0,0,-6.66666666666667e-07,-6.66666666666667e-07,-6.66666666666667e-07,-6.66666666666667e-07,1,1,0,0,-6.66666666666667e-07,-6.66666666666667e-07,-6.66666666666667e-07,-6.66666666666667e-07,3,1,0,0
primary_18,3,A,FIXED_C2,3,45,86630340495720,6,7,2,2,86630340495720,86630340574450,86630340587885,0.092165,500,86630840495720,RIGHT_CONTINUOUS,2,2,1,10,3,7,2,7,34622,86630836568872,-6.66666666666667e-07,-6.66666666666667e-07,33.3333333333333,33.3333333333333,3,0.3,0,0,-6.66666666666667e-07,-6.66666666666667e-07,-6.66666666666667e-07,-6.66666666666667e-07,1,1,0,0,-6.66666666666667e-07,-6.66666666666667e-07,-6.66666666666667e-07,-6.66666666666667e-07,3,1,0,0
primary_18,3,A,FIXED_C2,3,45,86630340495720,6,7,2,2,86630340495720,86630340574450,86630340587885,0.092165,1000,86631340495720,RIGHT_CONTINUOUS,2,2,1,10,3,7,2,7,35042,86631337893656,-6.66666666666667e-07,-6.66666666666667e-07,33.3333333333333,33.3333333333333,3,0.3,0,0,-6.66666666666667e-07,-6.66666666666667e-07,-6.66666666666667e-07,-6.66666666666667e-07,1,1,0,0,-6.66666666666667e-07,-6.66666666666667e-07,-6.66666666666667e-07,-6.66666666666667e-07,3,1,0,0
primary_19,4,B,K_LOOKUP_C2_C4,1,15,86664555518716,7,6,4,2,86664555518716,86664555625058,86664555656733,0.138017,1,86664556518716,RIGHT_CONTINUOUS,2,4,1,11,11,0,4,6,12602,86664555778569,-1.00000066666667,-1.00000066666667,32.3333333333333,32.3333333333333,5,0.454545454545455,0,0,-1.00000066666667,-1.00000066666667,-1.00000066666667,-1.00000066666667,1,1,0,0,-1.00000066666667,-1.00000066666667,32.3333333333333,32.3333333333333,5,0.454545454545455,0,0
primary_19,4,B,K_LOOKUP_C2_C4,1,15,86664555518716,7,6,4,2,86664555518716,86664555625058,86664555656733,0.138017,5,86664560518716,RIGHT_CONTINUOUS,2,3,1,10,10,0,3,6,12603,86664559337300,-5.00000066666667,-5.00000066666667,28.3333333333333,28.3333333333333,4,0.4,0,0,-5.00000066666667,-5.00000066666667,-5.00000066666667,-5.00000066666667,1,1,0,0,-5.00000066666667,-5.00000066666667,28.3333333333333,28.3333333333333,4,0.4,0,0
primary_19,4,B,K_LOOKUP_C2_C4,1,15,86664555518716,7,6,4,2,86664555518716,86664555625058,86664555656733,0.138017,10,86664565518716,RIGHT_CONTINUOUS,2,2,1,9,9,0,2,6,12604,86664561564777,-10.0000006666667,-10.0000006666667,23.3333333333333,23.3333333333333,3,0.333333333333333,0,0,-10.0000006666667,-10.0000006666667,-10.0000006666667,-10.0000006666667,1,1,0,0,-10.0000006666667,-10.0000006666667,23.3333333333333,23.3333333333333,3,0.333333333333333,0,0
primary_19,4,B,K_LOOKUP_C2_C4,1,15,86664555518716,7,6,4,2,86664555518716,86664555625058,86664555656733,0.138017,20,86664575518716,RIGHT_CONTINUOUS,2,2,5,7,7,0,2,6,12614,86664572888468,-20.0000006666667,-2.6666666386177e-07,13.3333333333333,13.3333333333333,1,0.142857142857143,0,0,13.3333333333333,13.3333333333333,13.3333333333333,13.3333333333333,0,0,0,0,-20.0000006666667,-2.6666666386177e-07,13.3333333333333,13.3333333333333,1,0.142857142857143,0,0
primary_19,4,B,K_LOOKUP_C2_C4,1,15,86664555518716,7,6,4,2,86664555518716,86664555625058,86664555656733,0.138017,50,86664605518716,RIGHT_CONTINUOUS,2,2,4,6,6,0,2,6,12640,86664605235756,16.6666663333333,16.6666663333333,16.6666663333333,16.6666663333333,0,0,0,0,16.6666663333333,16.6666663333333,16.6666663333333,16.6666663333333,0,0,0,0,16.6666663333333,16.6666663333333,16.6666663333333,16.6666663333333,0,0,0,0
primary_19,4,B,K_LOOKUP_C2_C4,1,15,86664555518716,7,6,4,2,86664555518716,86664555625058,86664555656733,0.138017,100,86664655518716,RIGHT_CONTINUOUS,2,2,0,8,2,6,2,6,12672,86664653775102,-6.66666666666667e-07,-6.66666666666667e-07,33.3333333333333,33.3333333333333,2,0.25,0,0,,,,,0,,0,0,-6.66666666666667e-07,-6.66666666666667e-07,-6.66666666666667e-07,-6.66666666666667e-07,2,1,0,0
primary_19,4,B,K_LOOKUP_C2_C4,1,15,86664555518716,7,6,4,2,86664555518716,86664555625058,86664555656733,0.138017,500,86665055518716,RIGHT_CONTINUOUS,2,2,0,8,2,6,2,6,12960,86665054602080,-6.66666666666667e-07,-6.66666666666667e-07,33.3333333333333,33.3333333333333,2,0.25,0,0,,,,,0,,0,0,-6.66666666666667e-07,-6.66666666666667e-07,-6.66666666666667e-07,-6.66666666666667e-07,2,1,0,0
primary_19,4,B,K_LOOKUP_C2_C4,1,15,86664555518716,7,6,4,2,86664555518716,86664555625058,86664555656733,0.138017,1000,86665555518716,RIGHT_CONTINUOUS,2,2,0,8,2,6,2,6,13320,86665553896388,-6.66666666666667e-07,-6.66666666666667e-07,33.3333333333333,33.3333333333333,2,0.25,0,0,,,,,0,,0,0,-6.66666666666667e-07,-6.66666666666667e-07,-6.66666666666667e-07,-6.66666666666667e-07,2,1,0,0
primary_19,4,B,K_LOOKUP_C2_C4,2,30,86679555518716,6,7,2,4,86679555518716,86679555620597,86679555636005,0.117289,1,86679556518716,RIGHT_CONTINUOUS,4,1,0,8,8,0,1,7,23410,86679555905424,-1.00000066666667,22.3333331333333,32.3333333333333,32.3333333333333,1,0.125,0,0,,,,,0,,0,0,-1.00000066666667,22.3333331333333,32.3333333333333,32.3333333333333,1,0.125,0,0
primary_19,4,B,K_LOOKUP_C2_C4,2,30,86679555518716,6,7,2,4,86679555518716,86679555620597,86679555636005,0.117289,5,86679560518716,RIGHT_CONTINUOUS,4,1,0,8,8,0,1,7,23410,86679555905424,-5.00000066666667,18.3333331333333,28.3333333333333,28.3333333333333,1,0.125,0,0,,,,,0,,0,0,-5.00000066666667,18.3333331333333,28.3333333333333,28.3333333333333,1,0.125,0,0
primary_19,4,B,K_LOOKUP_C2_C4,2,30,86679555518716,6,7,2,4,86679555518716,86679555620597,86679555636005,0.117289,10,86679565518716,RIGHT_CONTINUOUS,4,0,0,7,7,0,0,7,23411,86679561650511,23.3333333333333,23.3333333333333,23.3333333333333,23.3333333333333,0,0,0,0,,,,,0,,0,0,23.3333333333333,23.3333333333333,23.3333333333333,23.3333333333333,0,0,0,0
primary_19,4,B,K_LOOKUP_C2_C4,2,30,86679555518716,6,7,2,4,86679555518716,86679555620597,86679555636005,0.117289,20,86679575518716,RIGHT_CONTINUOUS,4,4,3,7,7,0,4,7,23422,86679574309873,13.3333333333333,13.3333333333333,13.3333333333333,13.3333333333333,0,0,0,0,13.3333333333333,13.3333333333333,13.3333333333333,13.3333333333333,0,0,0,0,13.3333333333333,13.3333333333333,13.3333333333333,13.3333333333333,0,0,0,0
primary_19,4,B,K_LOOKUP_C2_C4,2,30,86679555518716,6,7,2,4,86679555518716,86679555620597,86679555636005,0.117289,50,86679605518716,RIGHT_CONTINUOUS,4,3,0,7,7,0,3,7,23445,86679604643325,16.6666663333333,16.6666663333333,16.6666663333333,16.6666663333333,0,0,0,0,,,,,0,,0,0,16.6666663333333,16.6666663333333,16.6666663333333,16.6666663333333,0,0,0,0
primary_19,4,B,K_LOOKUP_C2_C4,2,30,86679555518716,6,7,2,4,86679555518716,86679555620597,86679555636005,0.117289,100,86679655518716,RIGHT_CONTINUOUS,4,4,0,11,4,7,4,7,23484,86679652549765,-6.66666666666667e-07,-6.66666666666667e-07,33.3333333333333,33.3333333333333,4,0.363636363636364,0,0,,,,,0,,0,0,-6.66666666666667e-07,-6.66666666666667e-07,-6.66666666666667e-07,-6.66666666666667e-07,4,1,0,0
primary_19,4,B,K_LOOKUP_C2_C4,2,30,86679555518716,6,7,2,4,86679555518716,86679555620597,86679555636005,0.117289,500,86680055518716,RIGHT_CONTINUOUS,4,4,0,11,4,7,4,7,23820,86680054380315,-6.66666666666667e-07,-6.66666666666667e-07,33.3333333333333,33.3333333333333,4,0.363636363636364,0,0,,,,,0,,0,0,-6.66666666666667e-07,-6.66666666666667e-07,-6.66666666666667e-07,-6.66666666666667e-07,4,1,0,0
primary_19,4,B,K_LOOKUP_C2_C4,2,30,86679555518716,6,7,2,4,86679555518716,86679555620597,86679555636005,0.117289,1000,86680555518716,RIGHT_CONTINUOUS,4,3,0,10,3,7,3,7,24241,86680554098237,-6.66666666666667e-07,-6.66666666666667e-07,33.3333333333333,33.3333333333333,3,0.3,0,0,,,,,0,,0,0,-6.66666666666667e-07,-6.66666666666667e-07,-6.66666666666667e-07,-6.66666666666667e-07,3,1,0,0
primary_19,4,B,K_LOOKUP_C2_C4,3,45,86694555518716,7,6,4,2,86694555518716,86694556246825,86694556259723,0.741007,1,86694556518716,RIGHT_CONTINUOUS,2,2,1,9,8,1,2,6,36006,86694556508031,-1.00000066666667,-1.00000066666667,32.3333333333333,32.3333333333333,3,0.333333333333333,0,0,-1.00000066666667,-1.00000066666667,-1.00000066666667,-1.00000066666667,1,1,0,0,-1.00000066666667,-1.00000066666667,32.3333333333333,32.3333333333333,3,0.375,0,0
primary_19,4,B,K_LOOKUP_C2_C4,3,45,86694555518716,7,6,4,2,86694555518716,86694556246825,86694556259723,0.741007,5,86694560518716,RIGHT_CONTINUOUS,2,2,0,8,8,0,2,6,36010,86694557922786,-5.00000066666667,-5.00000066666667,28.3333333333333,28.3333333333333,2,0.25,0,0,,,,,0,,0,0,-5.00000066666667,-5.00000066666667,28.3333333333333,28.3333333333333,2,0.25,0,0
primary_19,4,B,K_LOOKUP_C2_C4,3,45,86694555518716,7,6,4,2,86694555518716,86694556246825,86694556259723,0.741007,10,86694565518716,RIGHT_CONTINUOUS,2,1,0,7,7,0,1,6,36011,86694562210664,-10.0000006666667,9.99999973333333,23.3333333333333,23.3333333333333,1,0.142857142857143,0,0,,,,,0,,0,0,-10.0000006666667,9.99999973333333,23.3333333333333,23.3333333333333,1,0.142857142857143,0,0
primary_19,4,B,K_LOOKUP_C2_C4,3,45,86694555518716,7,6,4,2,86694555518716,86694556246825,86694556259723,0.741007,20,86694575518716,RIGHT_CONTINUOUS,2,2,4,6,6,0,2,6,36020,86694574275881,13.3333333333333,13.3333333333333,13.3333333333333,13.3333333333333,0,0,0,0,13.3333333333333,13.3333333333333,13.3333333333333,13.3333333333333,0,0,0,0,13.3333333333333,13.3333333333333,13.3333333333333,13.3333333333333,0,0,0,0
primary_19,4,B,K_LOOKUP_C2_C4,3,45,86694555518716,7,6,4,2,86694555518716,86694556246825,86694556259723,0.741007,50,86694605518716,RIGHT_CONTINUOUS,2,2,3,6,6,0,2,6,36043,86694604760600,16.6666663333333,16.6666663333333,16.6666663333333,16.6666663333333,0,0,0,0,16.6666663333333,16.6666663333333,16.6666663333333,16.6666663333333,0,0,0,0,16.6666663333333,16.6666663333333,16.6666663333333,16.6666663333333,0,0,0,0
primary_19,4,B,K_LOOKUP_C2_C4,3,45,86694555518716,7,6,4,2,86694555518716,86694556246825,86694556259723,0.741007,100,86694655518716,RIGHT_CONTINUOUS,2,2,0,8,2,6,2,6,36076,86694652760092,-6.66666666666667e-07,-6.66666666666667e-07,33.3333333333333,33.3333333333333,2,0.25,0,0,,,,,0,,0,0,-6.66666666666667e-07,-6.66666666666667e-07,-6.66666666666667e-07,-6.66666666666667e-07,2,1,0,0
primary_19,4,B,K_LOOKUP_C2_C4,3,45,86694555518716,7,6,4,2,86694555518716,86694556246825,86694556259723,0.741007,500,86695055518716,RIGHT_CONTINUOUS,2,2,0,8,2,6,2,6,36364,86695051164276,-6.66666666666667e-07,-6.66666666666667e-07,33.3333333333333,33.3333333333333,2,0.25,0,0,,,,,0,,0,0,-6.66666666666667e-07,-6.66666666666667e-07,-6.66666666666667e-07,-6.66666666666667e-07,2,1,0,0
primary_19,4,B,K_LOOKUP_C2_C4,3,45,86694555518716,7,6,4,2,86694555518716,86694556246825,86694556259723,0.741007,1000,86695555518716,RIGHT_CONTINUOUS,2,2,0,8,2,6,2,6,36724,86695552616984,-6.66666666666667e-07,-6.66666666666667e-07,33.3333333333333,33.3333333333333,2,0.25,0,0,,,,,0,,0,0,-6.66666666666667e-07,-6.66666666666667e-07,-6.66666666666667e-07,-6.66666666666667e-07,2,1,0,0
primary_20,4,A,FIXED_C4,1,15,86728468470632,6,7,4,4,86728468470632,86728468568349,86728468601043,0.130411,1,86728469470632,RIGHT_CONTINUOUS,4,2,0,9,9,0,2,7,10807,86728468742091,-1.00000066666667,-1.00000066666667,32.3333333333333,32.3333333333333,2,0.222222222222222,0,0,,,,,0,,0,0,-1.00000066666667,-1.00000066666667,32.3333333333333,32.3333333333333,2,0.222222222222222,0,0
primary_20,4,A,FIXED_C4,1,15,86728468470632,6,7,4,4,86728468470632,86728468568349,86728468601043,0.130411,5,86728473470632,RIGHT_CONTINUOUS,4,1,0,8,8,0,1,7,10808,86728471517805,-5.00000066666667,18.3333331333333,28.3333333333333,28.3333333333333,1,0.125,0,0,,,,,0,,0,0,-5.00000066666667,18.3333331333333,28.3333333333333,28.3333333333333,1,0.125,0,0
primary_20,4,A,FIXED_C4,1,15,86728468470632,6,7,4,4,86728468470632,86728468568349,86728468601043,0.130411,10,86728478470632,RIGHT_CONTINUOUS,4,0,0,7,7,0,0,7,10809,86728475448381,23.3333333333333,23.3333333333333,23.3333333333333,23.3333333333333,0,0,0,0,,,,,0,,0,0,23.3333333333333,23.3333333333333,23.3333333333333,23.3333333333333,0,0,0,0
primary_20,4,A,FIXED_C4,1,15,86728468470632,6,7,4,4,86728468470632,86728468568349,86728468601043,0.130411,20,86728488470632,RIGHT_CONTINUOUS,4,4,2,7,7,0,4,7,10819,86728484863894,13.3333333333333,13.3333333333333,13.3333333333333,13.3333333333333,0,0,0,0,13.3333333333333,13.3333333333333,13.3333333333333,13.3333333333333,0,0,0,0,13.3333333333333,13.3333333333333,13.3333333333333,13.3333333333333,0,0,0,0
primary_20,4,A,FIXED_C4,1,15,86728468470632,6,7,4,4,86728468470632,86728468568349,86728468601043,0.130411,50,86728518470632,RIGHT_CONTINUOUS,4,4,1,7,7,0,4,7,10846,86728518195175,16.6666663333333,16.6666663333333,16.6666663333333,16.6666663333333,0,0,0,0,16.6666663333333,16.6666663333333,16.6666663333333,16.6666663333333,0,0,0,0,16.6666663333333,16.6666663333333,16.6666663333333,16.6666663333333,0,0,0,0
primary_20,4,A,FIXED_C4,1,15,86728468470632,6,7,4,4,86728468470632,86728468568349,86728468601043,0.130411,100,86728568470632,RIGHT_CONTINUOUS,4,3,0,10,3,7,3,7,10883,86728564617885,-6.66666666666667e-07,-6.66666666666667e-07,33.3333333333333,33.3333333333333,3,0.3,0,0,,,,,0,,0,0,-6.66666666666667e-07,-6.66666666666667e-07,-6.66666666666667e-07,-6.66666666666667e-07,3,1,0,0
primary_20,4,A,FIXED_C4,1,15,86728468470632,6,7,4,4,86728468470632,86728468568349,86728468601043,0.130411,500,86728968470632,RIGHT_CONTINUOUS,4,3,0,10,3,7,3,7,11219,86728967684609,-6.66666666666667e-07,-6.66666666666667e-07,33.3333333333333,33.3333333333333,3,0.3,0,0,,,,,0,,0,0,-6.66666666666667e-07,-6.66666666666667e-07,-6.66666666666667e-07,-6.66666666666667e-07,3,1,0,0
primary_20,4,A,FIXED_C4,1,15,86728468470632,6,7,4,4,86728468470632,86728468568349,86728468601043,0.130411,1000,86729468470632,RIGHT_CONTINUOUS,4,4,2,13,6,7,4,7,11634,86729454473149,-6.66666666666667e-07,-6.66666666666667e-07,33.3333333333333,33.3333333333333,6,0.461538461538462,0,0,-6.66666666666667e-07,-6.66666666666667e-07,-6.66666666666667e-07,-6.66666666666667e-07,2,1,0,0,-6.66666666666667e-07,-6.66666666666667e-07,-6.66666666666667e-07,-6.66666666666667e-07,6,1,0,0
primary_20,4,A,FIXED_C4,2,30,86743468470632,7,6,4,4,86743468470632,86743468597446,86743468629520,0.158888,1,86743469470632,RIGHT_CONTINUOUS,4,3,0,9,9,0,3,6,23407,86743468753650,-1.00000066666667,-1.00000066666667,32.3333333333333,32.3333333333333,3,0.333333333333333,0,0,,,,,0,,0,0,-1.00000066666667,-1.00000066666667,32.3333333333333,32.3333333333333,3,0.333333333333333,0,0
primary_20,4,A,FIXED_C4,2,30,86743468470632,7,6,4,4,86743468470632,86743468597446,86743468629520,0.158888,5,86743473470632,RIGHT_CONTINUOUS,4,3,0,9,9,0,3,6,23407,86743468753650,-5.00000066666667,-5.00000066666667,28.3333333333333,28.3333333333333,3,0.333333333333333,0,0,,,,,0,,0,0,-5.00000066666667,-5.00000066666667,28.3333333333333,28.3333333333333,3,0.333333333333333,0,0
primary_20,4,A,FIXED_C4,2,30,86743468470632,7,6,4,4,86743468470632,86743468597446,86743468629520,0.158888,10,86743478470632,RIGHT_CONTINUOUS,4,3,0,9,9,0,3,6,23407,86743468753650,-10.0000006666667,-10.0000006666667,23.3333333333333,23.3333333333333,3,0.333333333333333,0,0,,,,,0,,0,0,-10.0000006666667,-10.0000006666667,23.3333333333333,23.3333333333333,3,0.333333333333333,0,0
primary_20,4,A,FIXED_C4,2,30,86743468470632,7,6,4,4,86743468470632,86743468597446,86743468629520,0.158888,20,86743488470632,RIGHT_CONTINUOUS,4,4,2,6,6,0,4,6,23420,86743484858933,13.3333333333333,13.3333333333333,13.3333333333333,13.3333333333333,0,0,0,0,13.3333333333333,13.3333333333333,13.3333333333333,13.3333333333333,0,0,0,0,13.3333333333333,13.3333333333333,13.3333333333333,13.3333333333333,0,0,0,0
primary_20,4,A,FIXED_C4,2,30,86743468470632,7,6,4,4,86743468470632,86743468597446,86743468629520,0.158888,50,86743518470632,RIGHT_CONTINUOUS,4,4,0,6,6,0,4,6,23442,86743517527057,16.6666663333333,16.6666663333333,16.6666663333333,16.6666663333333,0,0,0,0,,,,,0,,0,0,16.6666663333333,16.6666663333333,16.6666663333333,16.6666663333333,0,0,0,0
primary_20,4,A,FIXED_C4,2,30,86743468470632,7,6,4,4,86743468470632,86743468597446,86743468629520,0.158888,100,86743568470632,RIGHT_CONTINUOUS,4,2,0,8,2,6,2,6,23474,86743565189895,-6.66666666666667e-07,-6.66666666666667e-07,33.3333333333333,33.3333333333333,2,0.25,0,0,,,,,0,,0,0,-6.66666666666667e-07,-6.66666666666667e-07,-6.66666666666667e-07,-6.66666666666667e-07,2,1,0,0
primary_20,4,A,FIXED_C4,2,30,86743468470632,7,6,4,4,86743468470632,86743468597446,86743468629520,0.158888,500,86743968470632,RIGHT_CONTINUOUS,4,2,0,8,2,6,2,6,23762,86743962941666,-6.66666666666667e-07,-6.66666666666667e-07,33.3333333333333,33.3333333333333,2,0.25,0,0,,,,,0,,0,0,-6.66666666666667e-07,-6.66666666666667e-07,-6.66666666666667e-07,-6.66666666666667e-07,2,1,0,0
primary_20,4,A,FIXED_C4,2,30,86743468470632,7,6,4,4,86743468470632,86743468597446,86743468629520,0.158888,1000,86744468470632,RIGHT_CONTINUOUS,4,2,0,8,2,6,2,6,24122,86744467479804,-6.66666666666667e-07,-6.66666666666667e-07,33.3333333333333,33.3333333333333,2,0.25,0,0,,,,,0,,0,0,-6.66666666666667e-07,-6.66666666666667e-07,-6.66666666666667e-07,-6.66666666666667e-07,2,1,0,0
primary_20,4,A,FIXED_C4,3,45,86758468470632,6,7,4,4,86758468470632,86758468557753,86758468573569,0.102937,1,86758469470632,RIGHT_CONTINUOUS,4,2,0,9,9,0,2,7,34211,86758468733153,-1.00000066666667,-1.00000066666667,32.3333333333333,32.3333333333333,2,0.222222222222222,0,0,,,,,0,,0,0,-1.00000066666667,-1.00000066666667,32.3333333333333,32.3333333333333,2,0.222222222222222,0,0
primary_20,4,A,FIXED_C4,3,45,86758468470632,6,7,4,4,86758468470632,86758468557753,86758468573569,0.102937,5,86758473470632,RIGHT_CONTINUOUS,4,0,0,7,7,0,0,7,34213,86758472485033,28.3333333333333,28.3333333333333,28.3333333333333,28.3333333333333,0,0,0,0,,,,,0,,0,0,28.3333333333333,28.3333333333333,28.3333333333333,28.3333333333333,0,0,0,0
primary_20,4,A,FIXED_C4,3,45,86758468470632,6,7,4,4,86758468470632,86758468557753,86758468573569,0.102937,10,86758478470632,RIGHT_CONTINUOUS,4,0,0,7,7,0,0,7,34213,86758472485033,23.3333333333333,23.3333333333333,23.3333333333333,23.3333333333333,0,0,0,0,,,,,0,,0,0,23.3333333333333,23.3333333333333,23.3333333333333,23.3333333333333,0,0,0,0
primary_20,4,A,FIXED_C4,3,45,86758468470632,6,7,4,4,86758468470632,86758468557753,86758468573569,0.102937,20,86758488470632,RIGHT_CONTINUOUS,4,4,3,7,7,0,4,7,34224,86758486759444,13.3333333333333,13.3333333333333,13.3333333333333,13.3333333333333,0,0,0,0,13.3333333333333,13.3333333333333,13.3333333333333,13.3333333333333,0,0,0,0,13.3333333333333,13.3333333333333,13.3333333333333,13.3333333333333,0,0,0,0
primary_20,4,A,FIXED_C4,3,45,86758468470632,6,7,4,4,86758468470632,86758468557753,86758468573569,0.102937,50,86758518470632,RIGHT_CONTINUOUS,4,4,3,7,7,0,4,7,34252,86758517084589,16.6666663333333,16.6666663333333,16.6666663333333,16.6666663333333,0,0,0,0,16.6666663333333,16.6666663333333,16.6666663333333,16.6666663333333,0,0,0,0,16.6666663333333,16.6666663333333,16.6666663333333,16.6666663333333,0,0,0,0
primary_20,4,A,FIXED_C4,3,45,86758468470632,6,7,4,4,86758468470632,86758468557753,86758468573569,0.102937,100,86758568470632,RIGHT_CONTINUOUS,4,3,0,10,3,7,3,7,34287,86758568464149,-6.66666666666667e-07,-6.66666666666667e-07,33.3333333333333,33.3333333333333,3,0.3,0,0,,,,,0,,0,0,-6.66666666666667e-07,-6.66666666666667e-07,-6.66666666666667e-07,-6.66666666666667e-07,3,1,0,0
primary_20,4,A,FIXED_C4,3,45,86758468470632,6,7,4,4,86758468470632,86758468557753,86758468573569,0.102937,500,86758968470632,RIGHT_CONTINUOUS,4,3,0,10,3,7,3,7,34623,86758966606516,-6.66666666666667e-07,-6.66666666666667e-07,33.3333333333333,33.3333333333333,3,0.3,0,0,,,,,0,,0,0,-6.66666666666667e-07,-6.66666666666667e-07,-6.66666666666667e-07,-6.66666666666667e-07,3,1,0,0
primary_20,4,A,FIXED_C4,3,45,86758468470632,6,7,4,4,86758468470632,86758468557753,86758468573569,0.102937,1000,86759468470632,RIGHT_CONTINUOUS,4,3,0,10,3,7,3,7,35043,86759468061231,-6.66666666666667e-07,-6.66666666666667e-07,33.3333333333333,33.3333333333333,3,0.3,0,0,,,,,0,,0,0,-6.66666666666667e-07,-6.66666666666667e-07,-6.66666666666667e-07,-6.66666666666667e-07,3,1,0,0
primary_21,4,B,FIXED_C4,1,15,86792377068815,7,6,4,4,86792377068815,86792377312022,86792377362207,0.293392,1,86792378068815,RIGHT_CONTINUOUS,4,3,0,9,9,0,3,6,12605,86792377479690,-1.00000066666667,-1.00000066666667,32.3333333333333,32.3333333333333,3,0.333333333333333,0,0,,,,,0,,0,0,-1.00000066666667,-1.00000066666667,32.3333333333333,32.3333333333333,3,0.333333333333333,0,0
primary_21,4,B,FIXED_C4,1,15,86792377068815,7,6,4,4,86792377068815,86792377312022,86792377362207,0.293392,5,86792382068815,RIGHT_CONTINUOUS,4,3,0,9,9,0,3,6,12605,86792377479690,-5.00000066666667,-5.00000066666667,28.3333333333333,28.3333333333333,3,0.333333333333333,0,0,,,,,0,,0,0,-5.00000066666667,-5.00000066666667,28.3333333333333,28.3333333333333,3,0.333333333333333,0,0
primary_21,4,B,FIXED_C4,1,15,86792377068815,7,6,4,4,86792377068815,86792377312022,86792377362207,0.293392,10,86792387068815,RIGHT_CONTINUOUS,4,0,0,6,6,0,0,6,12608,86792386467640,23.3333333333333,23.3333333333333,23.3333333333333,23.3333333333333,0,0,0,0,,,,,0,,0,0,23.3333333333333,23.3333333333333,23.3333333333333,23.3333333333333,0,0,0,0
primary_21,4,B,FIXED_C4,1,15,86792377068815,7,6,4,4,86792377068815,86792377312022,86792377362207,0.293392,20,86792397068815,RIGHT_CONTINUOUS,4,4,2,6,6,0,4,6,12618,86792393391772,13.3333333333333,13.3333333333333,13.3333333333333,13.3333333333333,0,0,0,0,13.3333333333333,13.3333333333333,13.3333333333333,13.3333333333333,0,0,0,0,13.3333333333333,13.3333333333333,13.3333333333333,13.3333333333333,0,0,0,0
primary_21,4,B,FIXED_C4,1,15,86792377068815,7,6,4,4,86792377068815,86792377312022,86792377362207,0.293392,50,86792427068815,RIGHT_CONTINUOUS,4,4,2,6,6,0,4,6,12642,86792426264957,16.6666663333333,16.6666663333333,16.6666663333333,16.6666663333333,0,0,0,0,16.6666663333333,16.6666663333333,16.6666663333333,16.6666663333333,0,0,0,0,16.6666663333333,16.6666663333333,16.6666663333333,16.6666663333333,0,0,0,0
primary_21,4,B,FIXED_C4,1,15,86792377068815,7,6,4,4,86792377068815,86792377312022,86792377362207,0.293392,100,86792477068815,RIGHT_CONTINUOUS,4,1,0,7,1,6,1,6,12673,86792476821990,-6.66666666666667e-07,19.9999997333333,33.3333333333333,33.3333333333333,1,0.142857142857143,0,0,,,,,0,,0,0,-6.66666666666667e-07,-6.66666666666667e-07,-6.66666666666667e-07,-6.66666666666667e-07,1,1,0,0
primary_21,4,B,FIXED_C4,1,15,86792377068815,7,6,4,4,86792377068815,86792377312022,86792377362207,0.293392,500,86792877068815,RIGHT_CONTINUOUS,4,2,0,8,2,6,2,6,12960,86792874066843,-6.66666666666667e-07,-6.66666666666667e-07,33.3333333333333,33.3333333333333,2,0.25,0,0,,,,,0,,0,0,-6.66666666666667e-07,-6.66666666666667e-07,-6.66666666666667e-07,-6.66666666666667e-07,2,1,0,0
primary_21,4,B,FIXED_C4,1,15,86792377068815,7,6,4,4,86792377068815,86792377312022,86792377362207,0.293392,1000,86793377068815,RIGHT_CONTINUOUS,4,2,0,8,2,6,2,6,13320,86793376065433,-6.66666666666667e-07,-6.66666666666667e-07,33.3333333333333,33.3333333333333,2,0.25,0,0,,,,,0,,0,0,-6.66666666666667e-07,-6.66666666666667e-07,-6.66666666666667e-07,-6.66666666666667e-07,2,1,0,0
primary_21,4,B,FIXED_C4,2,30,86807377068815,6,7,4,4,86807377068815,86807377167882,86807377191291,0.122476,1,86807378068815,RIGHT_CONTINUOUS,4,2,0,9,9,0,2,7,23409,86807377335394,-1.00000066666667,-1.00000066666667,32.3333333333333,32.3333333333333,2,0.222222222222222,0,0,,,,,0,,0,0,-1.00000066666667,-1.00000066666667,32.3333333333333,32.3333333333333,2,0.222222222222222,0,0
primary_21,4,B,FIXED_C4,2,30,86807377068815,6,7,4,4,86807377068815,86807377167882,86807377191291,0.122476,5,86807382068815,RIGHT_CONTINUOUS,4,1,0,8,8,0,1,7,23410,86807380697519,-5.00000066666667,18.3333331333333,28.3333333333333,28.3333333333333,1,0.125,0,0,,,,,0,,0,0,-5.00000066666667,18.3333331333333,28.3333333333333,28.3333333333333,1,0.125,0,0
primary_21,4,B,FIXED_C4,2,30,86807377068815,6,7,4,4,86807377068815,86807377167882,86807377191291,0.122476,10,86807387068815,RIGHT_CONTINUOUS,4,0,0,7,7,0,0,7,23411,86807384126452,23.3333333333333,23.3333333333333,23.3333333333333,23.3333333333333,0,0,0,0,,,,,0,,0,0,23.3333333333333,23.3333333333333,23.3333333333333,23.3333333333333,0,0,0,0
primary_21,4,B,FIXED_C4,2,30,86807377068815,6,7,4,4,86807377068815,86807377167882,86807377191291,0.122476,20,86807397068815,RIGHT_CONTINUOUS,4,4,2,7,7,0,4,7,23421,86807396134837,13.3333333333333,13.3333333333333,13.3333333333333,13.3333333333333,0,0,0,0,13.3333333333333,13.3333333333333,13.3333333333333,13.3333333333333,0,0,0,0,13.3333333333333,13.3333333333333,13.3333333333333,13.3333333333333,0,0,0,0
primary_21,4,B,FIXED_C4,2,30,86807377068815,6,7,4,4,86807377068815,86807377167882,86807377191291,0.122476,50,86807427068815,RIGHT_CONTINUOUS,4,4,3,7,7,0,4,7,23450,86807425167123,16.6666663333333,16.6666663333333,16.6666663333333,16.6666663333333,0,0,0,0,16.6666663333333,16.6666663333333,16.6666663333333,16.6666663333333,0,0,0,0,16.6666663333333,16.6666663333333,16.6666663333333,16.6666663333333,0,0,0,0
primary_21,4,B,FIXED_C4,2,30,86807377068815,6,7,4,4,86807377068815,86807377167882,86807377191291,0.122476,100,86807477068815,RIGHT_CONTINUOUS,4,4,0,11,4,7,4,7,23484,86807476227920,-6.66666666666667e-07,-6.66666666666667e-07,33.3333333333333,33.3333333333333,4,0.363636363636364,0,0,,,,,0,,0,0,-6.66666666666667e-07,-6.66666666666667e-07,-6.66666666666667e-07,-6.66666666666667e-07,4,1,0,0
primary_21,4,B,FIXED_C4,2,30,86807377068815,6,7,4,4,86807377068815,86807377167882,86807377191291,0.122476,500,86807877068815,RIGHT_CONTINUOUS,4,3,0,10,3,7,3,7,23821,86807873204893,-6.66666666666667e-07,-6.66666666666667e-07,33.3333333333333,33.3333333333333,3,0.3,0,0,,,,,0,,0,0,-6.66666666666667e-07,-6.66666666666667e-07,-6.66666666666667e-07,-6.66666666666667e-07,3,1,0,0
primary_21,4,B,FIXED_C4,2,30,86807377068815,6,7,4,4,86807377068815,86807377167882,86807377191291,0.122476,1000,86808377068815,RIGHT_CONTINUOUS,4,3,0,10,3,7,3,7,24241,86808372800595,-6.66666666666667e-07,-6.66666666666667e-07,33.3333333333333,33.3333333333333,3,0.3,0,0,,,,,0,,0,0,-6.66666666666667e-07,-6.66666666666667e-07,-6.66666666666667e-07,-6.66666666666667e-07,3,1,0,0
primary_21,4,B,FIXED_C4,3,45,86822377068815,7,6,4,4,86822377068815,86822377170841,86822377192081,0.123266,1,86822378068815,RIGHT_CONTINUOUS,4,4,0,10,4,6,4,6,36002,86822377192081,-1.00000066666667,-1.00000066666667,32.3333333333333,32.3333333333333,4,0.4,0,0,,,,,0,,0,0,-1.00000066666667,-1.00000066666667,-1.00000066666667,-1.00000066666667,4,1,0,0
primary_21,4,B,FIXED_C4,3,45,86822377068815,7,6,4,4,86822377068815,86822377170841,86822377192081,0.123266,5,86822382068815,RIGHT_CONTINUOUS,4,3,0,9,9,0,3,6,36009,86822381973952,-5.00000066666667,-5.00000066666667,28.3333333333333,28.3333333333333,3,0.333333333333333,0,0,,,,,0,,0,0,-5.00000066666667,-5.00000066666667,28.3333333333333,28.3333333333333,3,0.333333333333333,0,0
primary_21,4,B,FIXED_C4,3,45,86822377068815,7,6,4,4,86822377068815,86822377170841,86822377192081,0.123266,10,86822387068815,RIGHT_CONTINUOUS,4,0,0,6,6,0,0,6,36012,86822386670433,23.3333333333333,23.3333333333333,23.3333333333333,23.3333333333333,0,0,0,0,,,,,0,,0,0,23.3333333333333,23.3333333333333,23.3333333333333,23.3333333333333,0,0,0,0
primary_21,4,B,FIXED_C4,3,45,86822377068815,7,6,4,4,86822377068815,86822377170841,86822377192081,0.123266,20,86822397068815,RIGHT_CONTINUOUS,4,4,2,6,6,0,4,6,36022,86822394654992,13.3333333333333,13.3333333333333,13.3333333333333,13.3333333333333,0,0,0,0,13.3333333333333,13.3333333333333,13.3333333333333,13.3333333333333,0,0,0,0,13.3333333333333,13.3333333333333,13.3333333333333,13.3333333333333,0,0,0,0
primary_21,4,B,FIXED_C4,3,45,86822377068815,7,6,4,4,86822377068815,86822377170841,86822377192081,0.123266,50,86822427068815,RIGHT_CONTINUOUS,4,4,2,6,6,0,4,6,36046,86822424300439,16.6666663333333,16.6666663333333,16.6666663333333,16.6666663333333,0,0,0,0,16.6666663333333,16.6666663333333,16.6666663333333,16.6666663333333,0,0,0,0,16.6666663333333,16.6666663333333,16.6666663333333,16.6666663333333,0,0,0,0
primary_21,4,B,FIXED_C4,3,45,86822377068815,7,6,4,4,86822377068815,86822377170841,86822377192081,0.123266,100,86822477068815,RIGHT_CONTINUOUS,4,2,0,8,2,6,2,6,36076,86822474078277,-6.66666666666667e-07,-6.66666666666667e-07,33.3333333333333,33.3333333333333,2,0.25,0,0,,,,,0,,0,0,-6.66666666666667e-07,-6.66666666666667e-07,-6.66666666666667e-07,-6.66666666666667e-07,2,1,0,0
primary_21,4,B,FIXED_C4,3,45,86822377068815,7,6,4,4,86822377068815,86822377170841,86822377192081,0.123266,500,86822877068815,RIGHT_CONTINUOUS,4,2,0,8,2,6,2,6,36364,86822874953632,-6.66666666666667e-07,-6.66666666666667e-07,33.3333333333333,33.3333333333333,2,0.25,0,0,,,,,0,,0,0,-6.66666666666667e-07,-6.66666666666667e-07,-6.66666666666667e-07,-6.66666666666667e-07,2,1,0,0
primary_21,4,B,FIXED_C4,3,45,86822377068815,7,6,4,4,86822377068815,86822377170841,86822377192081,0.123266,1000,86823377068815,RIGHT_CONTINUOUS,4,2,0,8,2,6,2,6,36724,86823373526474,-6.66666666666667e-07,-6.66666666666667e-07,33.3333333333333,33.3333333333333,2,0.25,0,0,,,,,0,,0,0,-6.66666666666667e-07,-6.66666666666667e-07,-6.66666666666667e-07,-6.66666666666667e-07,2,1,0,0
primary_22,4,A,FIXED_C2,1,15,86856231895326,6,7,2,2,86856231895326,86856232030455,86856232069020,0.173694,1,86856232895326,RIGHT_CONTINUOUS,2,2,0,9,9,0,2,7,10807,86856232240346,-1.00000066666667,-1.00000066666667,32.3333333333333,32.3333333333333,2,0.222222222222222,0,0,,,,,0,,0,0,-1.00000066666667,-1.00000066666667,32.3333333333333,32.3333333333333,2,0.222222222222222,0,0
primary_22,4,A,FIXED_C2,1,15,86856231895326,6,7,2,2,86856231895326,86856232030455,86856232069020,0.173694,5,86856236895326,RIGHT_CONTINUOUS,2,2,0,9,9,0,2,7,10807,86856232240346,-5.00000066666667,-5.00000066666667,28.3333333333333,28.3333333333333,2,0.222222222222222,0,0,,,,,0,,0,0,-5.00000066666667,-5.00000066666667,28.3333333333333,28.3333333333333,2,0.222222222222222,0,0
primary_22,4,A,FIXED_C2,1,15,86856231895326,6,7,2,2,86856231895326,86856232030455,86856232069020,0.173694,10,86856241895326,RIGHT_CONTINUOUS,2,0,0,7,7,0,0,7,10809,86856239094143,23.3333333333333,23.3333333333333,23.3333333333333,23.3333333333333,0,0,0,0,,,,,0,,0,0,23.3333333333333,23.3333333333333,23.3333333333333,23.3333333333333,0,0,0,0
primary_22,4,A,FIXED_C2,1,15,86856231895326,6,7,2,2,86856231895326,86856232030455,86856232069020,0.173694,20,86856251895326,RIGHT_CONTINUOUS,2,2,4,7,7,0,2,7,10817,86856251549958,13.3333333333333,13.3333333333333,13.3333333333333,13.3333333333333,0,0,0,0,13.3333333333333,13.3333333333333,13.3333333333333,13.3333333333333,0,0,0,0,13.3333333333333,13.3333333333333,13.3333333333333,13.3333333333333,0,0,0,0
primary_22,4,A,FIXED_C2,1,15,86856231895326,6,7,2,2,86856231895326,86856232030455,86856232069020,0.173694,50,86856281895326,RIGHT_CONTINUOUS,2,2,5,7,7,0,2,7,10846,86856281788908,16.6666663333333,16.6666663333333,16.6666663333333,16.6666663333333,0,0,0,0,16.6666663333333,16.6666663333333,16.6666663333333,16.6666663333333,0,0,0,0,16.6666663333333,16.6666663333333,16.6666663333333,16.6666663333333,0,0,0,0
primary_22,4,A,FIXED_C2,1,15,86856231895326,6,7,2,2,86856231895326,86856232030455,86856232069020,0.173694,100,86856331895326,RIGHT_CONTINUOUS,2,2,1,10,3,7,2,7,10882,86856327386644,-6.66666666666667e-07,-6.66666666666667e-07,33.3333333333333,33.3333333333333,3,0.3,0,0,-6.66666666666667e-07,-6.66666666666667e-07,-6.66666666666667e-07,-6.66666666666667e-07,1,1,0,0,-6.66666666666667e-07,-6.66666666666667e-07,-6.66666666666667e-07,-6.66666666666667e-07,3,1,0,0
primary_22,4,A,FIXED_C2,1,15,86856231895326,6,7,2,2,86856231895326,86856232030455,86856232069020,0.173694,500,86856731895326,RIGHT_CONTINUOUS,2,2,1,10,3,7,2,7,11218,86856729729627,-6.66666666666667e-07,-6.66666666666667e-07,33.3333333333333,33.3333333333333,3,0.3,0,0,-6.66666666666667e-07,-6.66666666666667e-07,-6.66666666666667e-07,-6.66666666666667e-07,1,1,0,0,-6.66666666666667e-07,-6.66666666666667e-07,-6.66666666666667e-07,-6.66666666666667e-07,3,1,0,0
primary_22,4,A,FIXED_C2,1,15,86856231895326,6,7,2,2,86856231895326,86856232030455,86856232069020,0.173694,1000,86857231895326,RIGHT_CONTINUOUS,2,2,1,10,3,7,2,7,11638,86857227509144,-6.66666666666667e-07,-6.66666666666667e-07,33.3333333333333,33.3333333333333,3,0.3,0,0,-6.66666666666667e-07,-6.66666666666667e-07,-6.66666666666667e-07,-6.66666666666667e-07,1,1,0,0,-6.66666666666667e-07,-6.66666666666667e-07,-6.66666666666667e-07,-6.66666666666667e-07,3,1,0,0
primary_22,4,A,FIXED_C2,2,30,86871231895326,7,6,2,2,86871231895326,86871232013082,86871232042166,0.14684,1,86871232895326,RIGHT_CONTINUOUS,2,2,1,9,9,0,2,6,23406,86871232170083,-1.00000066666667,-1.00000066666667,32.3333333333333,32.3333333333333,3,0.333333333333333,0,0,-1.00000066666667,-1.00000066666667,-1.00000066666667,-1.00000066666667,1,1,0,0,-1.00000066666667,-1.00000066666667,32.3333333333333,32.3333333333333,3,0.333333333333333,0,0
primary_22,4,A,FIXED_C2,2,30,86871231895326,7,6,2,2,86871231895326,86871232013082,86871232042166,0.14684,5,86871236895326,RIGHT_CONTINUOUS,2,2,1,9,9,0,2,6,23406,86871232170083,-5.00000066666667,-5.00000066666667,28.3333333333333,28.3333333333333,3,0.333333333333333,0,0,-5.00000066666667,-5.00000066666667,-5.00000066666667,-5.00000066666667,1,1,0,0,-5.00000066666667,-5.00000066666667,28.3333333333333,28.3333333333333,3,0.333333333333333,0,0
primary_22,4,A,FIXED_C2,2,30,86871231895326,7,6,2,2,86871231895326,86871232013082,86871232042166,0.14684,10,86871241895326,RIGHT_CONTINUOUS,2,1,0,7,7,0,1,6,23409,86871237184048,-10.0000006666667,9.99999973333333,23.3333333333333,23.3333333333333,1,0.142857142857143,0,0,,,,,0,,0,0,-10.0000006666667,9.99999973333333,23.3333333333333,23.3333333333333,1,0.142857142857143,0,0
primary_22,4,A,FIXED_C2,2,30,86871231895326,7,6,2,2,86871231895326,86871232013082,86871232042166,0.14684,20,86871251895326,RIGHT_CONTINUOUS,2,2,3,5,5,0,2,6,23420,86871251809605,13.3333333333333,13.3333333333333,13.3333333333333,13.3333333333333,0,0,0,0,13.3333333333333,13.3333333333333,13.3333333333333,13.3333333333333,0,0,0,0,13.3333333333333,13.3333333333333,13.3333333333333,13.3333333333333,0,0,0,0
primary_22,4,A,FIXED_C2,2,30,86871231895326,7,6,2,2,86871231895326,86871232013082,86871232042166,0.14684,50,86871281895326,RIGHT_CONTINUOUS,2,2,4,6,6,0,2,6,23442,86871278740882,16.6666663333333,16.6666663333333,16.6666663333333,16.6666663333333,0,0,0,0,16.6666663333333,16.6666663333333,16.6666663333333,16.6666663333333,0,0,0,0,16.6666663333333,16.6666663333333,16.6666663333333,16.6666663333333,0,0,0,0
primary_22,4,A,FIXED_C2,2,30,86871231895326,7,6,2,2,86871231895326,86871232013082,86871232042166,0.14684,100,86871331895326,RIGHT_CONTINUOUS,2,2,0,8,2,6,2,6,23474,86871327661685,-6.66666666666667e-07,-6.66666666666667e-07,33.3333333333333,33.3333333333333,2,0.25,0,0,,,,,0,,0,0,-6.66666666666667e-07,-6.66666666666667e-07,-6.66666666666667e-07,-6.66666666666667e-07,2,1,0,0
primary_22,4,A,FIXED_C2,2,30,86871231895326,7,6,2,2,86871231895326,86871232013082,86871232042166,0.14684,500,86871731895326,RIGHT_CONTINUOUS,2,2,0,8,2,6,2,6,23762,86871728181936,-6.66666666666667e-07,-6.66666666666667e-07,33.3333333333333,33.3333333333333,2,0.25,0,0,,,,,0,,0,0,-6.66666666666667e-07,-6.66666666666667e-07,-6.66666666666667e-07,-6.66666666666667e-07,2,1,0,0
primary_22,4,A,FIXED_C2,2,30,86871231895326,7,6,2,2,86871231895326,86871232013082,86871232042166,0.14684,1000,86872231895326,RIGHT_CONTINUOUS,2,2,0,8,2,6,2,6,24122,86872228510905,-6.66666666666667e-07,-6.66666666666667e-07,33.3333333333333,33.3333333333333,2,0.25,0,0,,,,,0,,0,0,-6.66666666666667e-07,-6.66666666666667e-07,-6.66666666666667e-07,-6.66666666666667e-07,2,1,0,0
primary_22,4,A,FIXED_C2,3,45,86886231895326,6,7,2,2,86886231895326,86886231911239,86886231922518,0.027192,1,86886232895326,RIGHT_CONTINUOUS,2,1,0,8,8,0,1,7,34212,86886232091278,-1.00000066666667,22.3333331333333,32.3333333333333,32.3333333333333,1,0.125,0,0,,,,,0,,0,0,-1.00000066666667,22.3333331333333,32.3333333333333,32.3333333333333,1,0.125,0,0
primary_22,4,A,FIXED_C2,3,45,86886231895326,6,7,2,2,86886231895326,86886231911239,86886231922518,0.027192,5,86886236895326,RIGHT_CONTINUOUS,2,0,0,7,7,0,0,7,34213,86886236162530,28.3333333333333,28.3333333333333,28.3333333333333,28.3333333333333,0,0,0,0,,,,,0,,0,0,28.3333333333333,28.3333333333333,28.3333333333333,28.3333333333333,0,0,0,0
primary_22,4,A,FIXED_C2,3,45,86886231895326,6,7,2,2,86886231895326,86886231911239,86886231922518,0.027192,10,86886241895326,RIGHT_CONTINUOUS,2,0,0,7,7,0,0,7,34213,86886236162530,23.3333333333333,23.3333333333333,23.3333333333333,23.3333333333333,0,0,0,0,,,,,0,,0,0,23.3333333333333,23.3333333333333,23.3333333333333,23.3333333333333,0,0,0,0
primary_22,4,A,FIXED_C2,3,45,86886231895326,6,7,2,2,86886231895326,86886231911239,86886231922518,0.027192,20,86886251895326,RIGHT_CONTINUOUS,2,2,5,7,7,0,2,7,34222,86886250700781,13.3333333333333,13.3333333333333,13.3333333333333,13.3333333333333,0,0,0,0,13.3333333333333,13.3333333333333,13.3333333333333,13.3333333333333,0,0,0,0,13.3333333333333,13.3333333333333,13.3333333333333,13.3333333333333,0,0,0,0
primary_22,4,A,FIXED_C2,3,45,86886231895326,6,7,2,2,86886231895326,86886231911239,86886231922518,0.027192,50,86886281895326,RIGHT_CONTINUOUS,2,2,3,7,7,0,2,7,34248,86886281538186,16.6666663333333,16.6666663333333,16.6666663333333,16.6666663333333,0,0,0,0,16.6666663333333,16.6666663333333,16.6666663333333,16.6666663333333,0,0,0,0,16.6666663333333,16.6666663333333,16.6666663333333,16.6666663333333,0,0,0,0
primary_22,4,A,FIXED_C2,3,45,86886231895326,6,7,2,2,86886231895326,86886231911239,86886231922518,0.027192,100,86886331895326,RIGHT_CONTINUOUS,2,2,1,10,3,7,2,7,34286,86886327981945,-6.66666666666667e-07,-6.66666666666667e-07,33.3333333333333,33.3333333333333,3,0.3,0,0,-6.66666666666667e-07,-6.66666666666667e-07,-6.66666666666667e-07,-6.66666666666667e-07,1,1,0,0,-6.66666666666667e-07,-6.66666666666667e-07,-6.66666666666667e-07,-6.66666666666667e-07,3,1,0,0
primary_22,4,A,FIXED_C2,3,45,86886231895326,6,7,2,2,86886231895326,86886231911239,86886231922518,0.027192,500,86886731895326,RIGHT_CONTINUOUS,2,2,1,10,3,7,2,7,34622,86886730933266,-6.66666666666667e-07,-6.66666666666667e-07,33.3333333333333,33.3333333333333,3,0.3,0,0,-6.66666666666667e-07,-6.66666666666667e-07,-6.66666666666667e-07,-6.66666666666667e-07,1,1,0,0,-6.66666666666667e-07,-6.66666666666667e-07,-6.66666666666667e-07,-6.66666666666667e-07,3,1,0,0
primary_22,4,A,FIXED_C2,3,45,86886231895326,6,7,2,2,86886231895326,86886231911239,86886231922518,0.027192,1000,86887231895326,RIGHT_CONTINUOUS,2,2,1,10,3,7,2,7,35042,86887229984936,-6.66666666666667e-07,-6.66666666666667e-07,33.3333333333333,33.3333333333333,3,0.3,0,0,-6.66666666666667e-07,-6.66666666666667e-07,-6.66666666666667e-07,-6.66666666666667e-07,1,1,0,0,-6.66666666666667e-07,-6.66666666666667e-07,-6.66666666666667e-07,-6.66666666666667e-07,3,1,0,0
primary_23,4,A,K_LOOKUP_C2_C4,1,15,86920159772923,6,7,2,4,86920159772923,86920159867768,86920159901203,0.12828,1,86920160772923,RIGHT_CONTINUOUS,4,2,0,9,9,0,2,7,10807,86920160042141,-1.00000066666667,-1.00000066666667,32.3333333333333,32.3333333333333,2,0.222222222222222,0,0,,,,,0,,0,0,-1.00000066666667,-1.00000066666667,32.3333333333333,32.3333333333333,2,0.222222222222222,0,0
primary_23,4,A,K_LOOKUP_C2_C4,1,15,86920159772923,6,7,2,4,86920159772923,86920159867768,86920159901203,0.12828,5,86920164772923,RIGHT_CONTINUOUS,4,1,0,8,8,0,1,7,10808,86920161852111,-5.00000066666667,18.3333331333333,28.3333333333333,28.3333333333333,1,0.125,0,0,,,,,0,,0,0,-5.00000066666667,18.3333331333333,28.3333333333333,28.3333333333333,1,0.125,0,0
primary_23,4,A,K_LOOKUP_C2_C4,1,15,86920159772923,6,7,2,4,86920159772923,86920159867768,86920159901203,0.12828,10,86920169772923,RIGHT_CONTINUOUS,4,0,0,7,7,0,0,7,10809,86920165912501,23.3333333333333,23.3333333333333,23.3333333333333,23.3333333333333,0,0,0,0,,,,,0,,0,0,23.3333333333333,23.3333333333333,23.3333333333333,23.3333333333333,0,0,0,0
primary_23,4,A,K_LOOKUP_C2_C4,1,15,86920159772923,6,7,2,4,86920159772923,86920159867768,86920159901203,0.12828,20,86920179772923,RIGHT_CONTINUOUS,4,4,2,7,7,0,4,7,10819,86920179552176,13.3333333333333,13.3333333333333,13.3333333333333,13.3333333333333,0,0,0,0,13.3333333333333,13.3333333333333,13.3333333333333,13.3333333333333,0,0,0,0,13.3333333333333,13.3333333333333,13.3333333333333,13.3333333333333,0,0,0,0
primary_23,4,A,K_LOOKUP_C2_C4,1,15,86920159772923,6,7,2,4,86920159772923,86920159867768,86920159901203,0.12828,50,86920209772923,RIGHT_CONTINUOUS,4,3,0,7,7,0,3,7,10843,86920209417170,16.6666663333333,16.6666663333333,16.6666663333333,16.6666663333333,0,0,0,0,,,,,0,,0,0,16.6666663333333,16.6666663333333,16.6666663333333,16.6666663333333,0,0,0,0
primary_23,4,A,K_LOOKUP_C2_C4,1,15,86920159772923,6,7,2,4,86920159772923,86920159867768,86920159901203,0.12828,100,86920259772923,RIGHT_CONTINUOUS,4,3,0,10,3,7,3,7,10883,86920256543178,-6.66666666666667e-07,-6.66666666666667e-07,33.3333333333333,33.3333333333333,3,0.3,0,0,,,,,0,,0,0,-6.66666666666667e-07,-6.66666666666667e-07,-6.66666666666667e-07,-6.66666666666667e-07,3,1,0,0
primary_23,4,A,K_LOOKUP_C2_C4,1,15,86920159772923,6,7,2,4,86920159772923,86920159867768,86920159901203,0.12828,500,86920659772923,RIGHT_CONTINUOUS,4,3,0,10,3,7,3,7,11219,86920659173017,-6.66666666666667e-07,-6.66666666666667e-07,33.3333333333333,33.3333333333333,3,0.3,0,0,,,,,0,,0,0,-6.66666666666667e-07,-6.66666666666667e-07,-6.66666666666667e-07,-6.66666666666667e-07,3,1,0,0
primary_23,4,A,K_LOOKUP_C2_C4,1,15,86920159772923,6,7,2,4,86920159772923,86920159867768,86920159901203,0.12828,1000,86921159772923,RIGHT_CONTINUOUS,4,3,0,10,3,7,3,7,11639,86921157472475,-6.66666666666667e-07,-6.66666666666667e-07,33.3333333333333,33.3333333333333,3,0.3,0,0,,,,,0,,0,0,-6.66666666666667e-07,-6.66666666666667e-07,-6.66666666666667e-07,-6.66666666666667e-07,3,1,0,0
primary_23,4,A,K_LOOKUP_C2_C4,2,30,86935159772923,7,6,4,2,86935159772923,86935159879820,86935159910903,0.13798,1,86935160772923,RIGHT_CONTINUOUS,2,3,0,9,9,0,3,6,23407,86935160121896,-1.00000066666667,-1.00000066666667,32.3333333333333,32.3333333333333,3,0.333333333333333,0,0,,,,,0,,0,0,-1.00000066666667,-1.00000066666667,32.3333333333333,32.3333333333333,3,0.333333333333333,0,0
primary_23,4,A,K_LOOKUP_C2_C4,2,30,86935159772923,7,6,4,2,86935159772923,86935159879820,86935159910903,0.13798,5,86935164772923,RIGHT_CONTINUOUS,2,3,0,9,9,0,3,6,23407,86935160121896,-5.00000066666667,-5.00000066666667,28.3333333333333,28.3333333333333,3,0.333333333333333,0,0,,,,,0,,0,0,-5.00000066666667,-5.00000066666667,28.3333333333333,28.3333333333333,3,0.333333333333333,0,0
primary_23,4,A,K_LOOKUP_C2_C4,2,30,86935159772923,7,6,4,2,86935159772923,86935159879820,86935159910903,0.13798,10,86935169772923,RIGHT_CONTINUOUS,2,3,0,9,9,0,3,6,23407,86935160121896,-10.0000006666667,-10.0000006666667,23.3333333333333,23.3333333333333,3,0.333333333333333,0,0,,,,,0,,0,0,-10.0000006666667,-10.0000006666667,23.3333333333333,23.3333333333333,3,0.333333333333333,0,0
primary_23,4,A,K_LOOKUP_C2_C4,2,30,86935159772923,7,6,4,2,86935159772923,86935159879820,86935159910903,0.13798,20,86935179772923,RIGHT_CONTINUOUS,2,2,4,6,6,0,2,6,23418,86935175629533,13.3333333333333,13.3333333333333,13.3333333333333,13.3333333333333,0,0,0,0,13.3333333333333,13.3333333333333,13.3333333333333,13.3333333333333,0,0,0,0,13.3333333333333,13.3333333333333,13.3333333333333,13.3333333333333,0,0,0,0
primary_23,4,A,K_LOOKUP_C2_C4,2,30,86935159772923,7,6,4,2,86935159772923,86935159879820,86935159910903,0.13798,50,86935209772923,RIGHT_CONTINUOUS,2,2,4,6,6,0,2,6,23442,86935207658501,16.6666663333333,16.6666663333333,16.6666663333333,16.6666663333333,0,0,0,0,16.6666663333333,16.6666663333333,16.6666663333333,16.6666663333333,0,0,0,0,16.6666663333333,16.6666663333333,16.6666663333333,16.6666663333333,0,0,0,0
primary_23,4,A,K_LOOKUP_C2_C4,2,30,86935159772923,7,6,4,2,86935159772923,86935159879820,86935159910903,0.13798,100,86935259772923,RIGHT_CONTINUOUS,2,2,0,8,2,6,2,6,23474,86935255847871,-6.66666666666667e-07,-6.66666666666667e-07,33.3333333333333,33.3333333333333,2,0.25,0,0,,,,,0,,0,0,-6.66666666666667e-07,-6.66666666666667e-07,-6.66666666666667e-07,-6.66666666666667e-07,2,1,0,0
primary_23,4,A,K_LOOKUP_C2_C4,2,30,86935159772923,7,6,4,2,86935159772923,86935159879820,86935159910903,0.13798,500,86935659772923,RIGHT_CONTINUOUS,2,2,0,8,2,6,2,6,23762,86935656084849,-6.66666666666667e-07,-6.66666666666667e-07,33.3333333333333,33.3333333333333,2,0.25,0,0,,,,,0,,0,0,-6.66666666666667e-07,-6.66666666666667e-07,-6.66666666666667e-07,-6.66666666666667e-07,2,1,0,0
primary_23,4,A,K_LOOKUP_C2_C4,2,30,86935159772923,7,6,4,2,86935159772923,86935159879820,86935159910903,0.13798,1000,86936159772923,RIGHT_CONTINUOUS,2,2,0,8,2,6,2,6,24122,86936156214195,-6.66666666666667e-07,-6.66666666666667e-07,33.3333333333333,33.3333333333333,2,0.25,0,0,,,,,0,,0,0,-6.66666666666667e-07,-6.66666666666667e-07,-6.66666666666667e-07,-6.66666666666667e-07,2,1,0,0
primary_23,4,A,K_LOOKUP_C2_C4,3,45,86950159772923,6,7,2,4,86950159772923,86950159871040,86950159898429,0.125506,1,86950160772923,RIGHT_CONTINUOUS,4,2,0,9,2,7,2,7,34204,86950159898429,-1.00000066666667,-1.00000066666667,32.3333333333333,32.3333333333333,2,0.222222222222222,0,0,,,,,0,,0,0,-1.00000066666667,-1.00000066666667,-1.00000066666667,-1.00000066666667,2,1,0,0
primary_23,4,A,K_LOOKUP_C2_C4,3,45,86950159772923,6,7,2,4,86950159772923,86950159871040,86950159898429,0.125506,5,86950164772923,RIGHT_CONTINUOUS,4,0,0,7,7,0,0,7,34213,86950163977523,28.3333333333333,28.3333333333333,28.3333333333333,28.3333333333333,0,0,0,0,,,,,0,,0,0,28.3333333333333,28.3333333333333,28.3333333333333,28.3333333333333,0,0,0,0
primary_23,4,A,K_LOOKUP_C2_C4,3,45,86950159772923,6,7,2,4,86950159772923,86950159871040,86950159898429,0.125506,10,86950169772923,RIGHT_CONTINUOUS,4,0,0,7,7,0,0,7,34213,86950163977523,23.3333333333333,23.3333333333333,23.3333333333333,23.3333333333333,0,0,0,0,,,,,0,,0,0,23.3333333333333,23.3333333333333,23.3333333333333,23.3333333333333,0,0,0,0
primary_23,4,A,K_LOOKUP_C2_C4,3,45,86950159772923,6,7,2,4,86950159772923,86950159871040,86950159898429,0.125506,20,86950179772923,RIGHT_CONTINUOUS,4,4,2,6,6,0,4,7,34226,86950177449398,13.3333333333333,13.3333333333333,13.3333333333333,13.3333333333333,0,0,0,0,13.3333333333333,13.3333333333333,13.3333333333333,13.3333333333333,0,0,0,0,13.3333333333333,13.3333333333333,13.3333333333333,13.3333333333333,0,0,0,0
primary_23,4,A,K_LOOKUP_C2_C4,3,45,86950159772923,6,7,2,4,86950159772923,86950159871040,86950159898429,0.125506,50,86950209772923,RIGHT_CONTINUOUS,4,4,2,7,7,0,4,7,34251,86950207891951,16.6666663333333,16.6666663333333,16.6666663333333,16.6666663333333,0,0,0,0,16.6666663333333,16.6666663333333,16.6666663333333,16.6666663333333,0,0,0,0,16.6666663333333,16.6666663333333,16.6666663333333,16.6666663333333,0,0,0,0
primary_23,4,A,K_LOOKUP_C2_C4,3,45,86950159772923,6,7,2,4,86950159772923,86950159871040,86950159898429,0.125506,100,86950259772923,RIGHT_CONTINUOUS,4,3,0,10,3,7,3,7,34287,86950258351626,-6.66666666666667e-07,-6.66666666666667e-07,33.3333333333333,33.3333333333333,3,0.3,0,0,,,,,0,,0,0,-6.66666666666667e-07,-6.66666666666667e-07,-6.66666666666667e-07,-6.66666666666667e-07,3,1,0,0
primary_23,4,A,K_LOOKUP_C2_C4,3,45,86950159772923,6,7,2,4,86950159772923,86950159871040,86950159898429,0.125506,500,86950659772923,RIGHT_CONTINUOUS,4,4,0,11,4,7,4,7,34622,86950658133848,-6.66666666666667e-07,-6.66666666666667e-07,33.3333333333333,33.3333333333333,4,0.363636363636364,0,0,,,,,0,,0,0,-6.66666666666667e-07,-6.66666666666667e-07,-6.66666666666667e-07,-6.66666666666667e-07,4,1,0,0
primary_23,4,A,K_LOOKUP_C2_C4,3,45,86950159772923,6,7,2,4,86950159772923,86950159871040,86950159898429,0.125506,1000,86951159772923,RIGHT_CONTINUOUS,4,3,0,10,3,7,3,7,35043,86951156110282,-6.66666666666667e-07,-6.66666666666667e-07,33.3333333333333,33.3333333333333,3,0.3,0,0,,,,,0,,0,0,-6.66666666666667e-07,-6.66666666666667e-07,-6.66666666666667e-07,-6.66666666666667e-07,3,1,0,0
primary_24,4,B,FIXED_C2,1,15,86984067542541,7,6,2,2,86984067542541,86984067657026,86984067681517,0.138976,1,86984068542541,RIGHT_CONTINUOUS,2,2,49,57,57,0,2,6,12508,86984067782888,-234.333333666667,-201.000000666667,-101.000000666667,12.3333329333333,51,0.894736842105263,0,0,-201.000000666667,-201.000000666667,-101.000000666667,-1.00000066666667,49,1,0,0,-234.333333666667,-201.000000666667,-101.000000666667,12.3333329333333,51,0.894736842105263,0,0
primary_24,4,B,FIXED_C2,1,15,86984067542541,7,6,2,2,86984067542541,86984067657026,86984067681517,0.138976,5,86984072542541,RIGHT_CONTINUOUS,2,2,49,57,57,0,2,6,12508,86984067782888,-238.333333666667,-205.000000666667,-105.000000666667,8.33333293333329,51,0.894736842105263,0,0,-205.000000666667,-205.000000666667,-105.000000666667,-5.00000066666667,49,1,0,0,-238.333333666667,-205.000000666667,-105.000000666667,8.33333293333329,51,0.894736842105263,0,0
primary_24,4,B,FIXED_C2,1,15,86984067542541,7,6,2,2,86984067542541,86984067657026,86984067681517,0.138976,10,86984077542541,RIGHT_CONTINUOUS,2,2,47,55,55,0,2,6,12512,86984072873685,-210.000000666667,-210.000000666667,-110.000000666667,9.99999973333338,49,0.890909090909091,0,0,-210.000000666667,-190.000000266667,-110.000000666667,-10.0000006666667,47,1,0,0,-210.000000666667,-210.000000666667,-110.000000666667,9.99999973333338,49,0.890909090909091,0,0
primary_24,4,B,FIXED_C2,1,15,86984067542541,7,6,2,2,86984067542541,86984067657026,86984067681517,0.138976,20,86984087542541,RIGHT_CONTINUOUS,2,2,51,53,53,0,2,6,12522,86984083852417,-220.000000666667,-186.666666666667,-86.6666666666667,6.66666653333348,47,0.886792452830189,0,0,-220.000000666667,-186.666666666667,-86.6666666666667,13.3333333333333,45,0.882352941176471,0,0,-220.000000666667,-186.666666666667,-86.6666666666667,6.66666653333348,47,0.886792452830189,0,0
primary_24,4,B,FIXED_C2,1,15,86984067542541,7,6,2,2,86984067542541,86984067657026,86984067681517,0.138976,50,86984117542541,RIGHT_CONTINUOUS,2,2,50,53,53,0,2,6,12545,86984116755510,-216.666666666667,-210.000000066667,-116.666666666667,9.99999973333347,47,0.886792452830189,0,0,-216.666666666667,-183.333333666667,-100.000000166667,-13.3333333666666,45,0.9,0,0,-216.666666666667,-210.000000066667,-116.666666666667,9.99999973333347,47,0.886792452830189,0,0
primary_24,4,B,FIXED_C2,1,15,86984067542541,7,6,2,2,86984067542541,86984067657026,86984067681517,0.138976,100,86984167542541,RIGHT_CONTINUOUS,2,2,45,53,47,6,2,6,12582,86984165877780,-233.333333666667,-200.000000666667,-100.000000666667,26.6666665333335,47,0.886792452830189,0,0,-200.000000666667,-200.000000666667,-100.000000666667,-6.66666666666667e-07,45,1,0,0,-233.333333666667,-200.000000666667,-100.000000666667,-6.66666666666667e-07,47,1,0,0
primary_24,4,B,FIXED_C2,1,15,86984067542541,7,6,2,2,86984067542541,86984067657026,86984067681517,0.138976,500,86984567542541,RIGHT_CONTINUOUS,2,2,31,39,33,6,2,6,12898,86984566937686,-166.666666666667,-133.333333666667,-66.6666666666667,33.3333333333333,33,0.846153846153846,0,0,-166.666666666667,-133.333333666667,-66.6666666666667,-6.66666666666667e-07,31,1,0,0,-166.666666666667,-133.333333666667,-66.6666666666667,-6.66666666666667e-07,33,1,0,0
primary_24,4,B,FIXED_C2,1,15,86984067542541,7,6,2,2,86984067542541,86984067657026,86984067681517,0.138976,1000,86985067542541,RIGHT_CONTINUOUS,2,2,19,27,21,6,2,6,13282,86985060855513,-100.000000666667,-80.0000002666667,-33.3333336666667,33.3333333333333,21,0.777777777777778,0,0,-100.000000666667,-66.6666666666667,-33.3333336666667,-6.66666666666667e-07,19,1,0,0,-100.000000666667,-100.000000666667,-33.3333336666667,-6.66666666666667e-07,21,1,0,0
primary_24,4,B,FIXED_C2,2,30,86999067542541,6,7,2,2,86999067542541,86999067642090,86999067668534,0.125993,1,86999068542541,RIGHT_CONTINUOUS,2,2,0,9,9,0,2,7,23409,86999067831313,-1.00000066666667,-1.00000066666667,32.3333333333333,32.3333333333333,2,0.222222222222222,0,0,,,,,0,,0,0,-1.00000066666667,-1.00000066666667,32.3333333333333,32.3333333333333,2,0.222222222222222,0,0
primary_24,4,B,FIXED_C2,2,30,86999067542541,6,7,2,2,86999067542541,86999067642090,86999067668534,0.125993,5,86999072542541,RIGHT_CONTINUOUS,2,2,0,9,9,0,2,7,23409,86999067831313,-5.00000066666667,-5.00000066666667,28.3333333333333,28.3333333333333,2,0.222222222222222,0,0,,,,,0,,0,0,-5.00000066666667,-5.00000066666667,28.3333333333333,28.3333333333333,2,0.222222222222222,0,0
primary_24,4,B,FIXED_C2,2,30,86999067542541,6,7,2,2,86999067542541,86999067642090,86999067668534,0.125993,10,86999077542541,RIGHT_CONTINUOUS,2,0,0,7,7,0,0,7,23411,86999076140381,23.3333333333333,23.3333333333333,23.3333333333333,23.3333333333333,0,0,0,0,,,,,0,,0,0,23.3333333333333,23.3333333333333,23.3333333333333,23.3333333333333,0,0,0,0
primary_24,4,B,FIXED_C2,2,30,86999067542541,6,7,2,2,86999067542541,86999067642090,86999067668534,0.125993,20,86999087542541,RIGHT_CONTINUOUS,2,2,5,7,7,0,2,7,23420,86999087365707,13.3333333333333,13.3333333333333,13.3333333333333,13.3333333333333,0,0,0,0,13.3333333333333,13.3333333333333,13.3333333333333,13.3333333333333,0,0,0,0,13.3333333333333,13.3333333333333,13.3333333333333,13.3333333333333,0,0,0,0
primary_24,4,B,FIXED_C2,2,30,86999067542541,6,7,2,2,86999067542541,86999067642090,86999067668534,0.125993,50,86999117542541,RIGHT_CONTINUOUS,2,2,5,8,8,0,2,7,23445,86999117488652,-16.6666666666667,6.66666643333333,16.6666663333333,16.6666663333333,1,0.125,0,0,16.6666663333333,16.6666663333333,16.6666663333333,16.6666663333333,0,0,0,0,-16.6666666666667,6.66666643333333,16.6666663333333,16.6666663333333,1,0.125,0,0
primary_24,4,B,FIXED_C2,2,30,86999067542541,6,7,2,2,86999067542541,86999067642090,86999067668534,0.125993,100,86999167542541,RIGHT_CONTINUOUS,2,2,2,11,4,7,2,7,23482,86999166639097,-6.66666666666667e-07,-6.66666666666667e-07,33.3333333333333,33.3333333333333,4,0.363636363636364,0,0,-6.66666666666667e-07,-6.66666666666667e-07,-6.66666666666667e-07,-6.66666666666667e-07,2,1,0,0,-6.66666666666667e-07,-6.66666666666667e-07,-6.66666666666667e-07,-6.66666666666667e-07,4,1,0,0
primary_24,4,B,FIXED_C2,2,30,86999067542541,6,7,2,2,86999067542541,86999067642090,86999067668534,0.125993,500,86999567542541,RIGHT_CONTINUOUS,2,2,2,11,4,7,2,7,23818,86999562790759,-6.66666666666667e-07,-6.66666666666667e-07,33.3333333333333,33.3333333333333,4,0.363636363636364,0,0,-6.66666666666667e-07,-6.66666666666667e-07,-6.66666666666667e-07,-6.66666666666667e-07,2,1,0,0,-6.66666666666667e-07,-6.66666666666667e-07,-6.66666666666667e-07,-6.66666666666667e-07,4,1,0,0
primary_24,4,B,FIXED_C2,2,30,86999067542541,6,7,2,2,86999067542541,86999067642090,86999067668534,0.125993,1000,87000067542541,RIGHT_CONTINUOUS,2,2,1,10,3,7,2,7,24240,87000066188553,-6.66666666666667e-07,-6.66666666666667e-07,33.3333333333333,33.3333333333333,3,0.3,0,0,-6.66666666666667e-07,-6.66666666666667e-07,-6.66666666666667e-07,-6.66666666666667e-07,1,1,0,0,-6.66666666666667e-07,-6.66666666666667e-07,-6.66666666666667e-07,-6.66666666666667e-07,3,1,0,0
primary_24,4,B,FIXED_C2,3,45,87014067542541,7,6,2,2,87014067542541,87014068059121,87014068071223,0.528682,1,87014068542541,RIGHT_CONTINUOUS,2,2,0,8,8,0,2,6,36010,87014068436745,-1.00000066666667,-1.00000066666667,32.3333333333333,32.3333333333333,2,0.25,0,0,,,,,0,,0,0,-1.00000066666667,-1.00000066666667,32.3333333333333,32.3333333333333,2,0.25,0,0
primary_24,4,B,FIXED_C2,3,45,87014067542541,7,6,2,2,87014067542541,87014068059121,87014068071223,0.528682,5,87014072542541,RIGHT_CONTINUOUS,2,2,0,8,8,0,2,6,36010,87014068436745,-5.00000066666667,-5.00000066666667,28.3333333333333,28.3333333333333,2,0.25,0,0,,,,,0,,0,0,-5.00000066666667,-5.00000066666667,28.3333333333333,28.3333333333333,2,0.25,0,0
primary_24,4,B,FIXED_C2,3,45,87014067542541,7,6,2,2,87014067542541,87014068059121,87014068071223,0.528682,10,87014077542541,RIGHT_CONTINUOUS,2,1,0,7,7,0,1,6,36011,87014076090083,-10.0000006666667,9.99999973333333,23.3333333333333,23.3333333333333,1,0.142857142857143,0,0,,,,,0,,0,0,-10.0000006666667,9.99999973333333,23.3333333333333,23.3333333333333,1,0.142857142857143,0,0
primary_24,4,B,FIXED_C2,3,45,87014067542541,7,6,2,2,87014067542541,87014068059121,87014068071223,0.528682,20,87014087542541,RIGHT_CONTINUOUS,2,2,4,6,6,0,2,6,36020,87014083234631,13.3333333333333,13.3333333333333,13.3333333333333,13.3333333333333,0,0,0,0,13.3333333333333,13.3333333333333,13.3333333333333,13.3333333333333,0,0,0,0,13.3333333333333,13.3333333333333,13.3333333333333,13.3333333333333,0,0,0,0
primary_24,4,B,FIXED_C2,3,45,87014067542541,7,6,2,2,87014067542541,87014068059121,87014068071223,0.528682,50,87014117542541,RIGHT_CONTINUOUS,2,2,4,6,6,0,2,6,36044,87014116504808,16.6666663333333,16.6666663333333,16.6666663333333,16.6666663333333,0,0,0,0,16.6666663333333,16.6666663333333,16.6666663333333,16.6666663333333,0,0,0,0,16.6666663333333,16.6666663333333,16.6666663333333,16.6666663333333,0,0,0,0
primary_24,4,B,FIXED_C2,3,45,87014067542541,7,6,2,2,87014067542541,87014068059121,87014068071223,0.528682,100,87014167542541,RIGHT_CONTINUOUS,2,2,0,8,2,6,2,6,36076,87014163714789,-6.66666666666667e-07,-6.66666666666667e-07,33.3333333333333,33.3333333333333,2,0.25,0,0,,,,,0,,0,0,-6.66666666666667e-07,-6.66666666666667e-07,-6.66666666666667e-07,-6.66666666666667e-07,2,1,0,0
primary_24,4,B,FIXED_C2,3,45,87014067542541,7,6,2,2,87014067542541,87014068059121,87014068071223,0.528682,500,87014567542541,RIGHT_CONTINUOUS,2,1,0,7,1,6,1,6,36365,87014567524426,-6.66666666666667e-07,19.9999997333333,33.3333333333333,33.3333333333333,1,0.142857142857143,0,0,,,,,0,,0,0,-6.66666666666667e-07,-6.66666666666667e-07,-6.66666666666667e-07,-6.66666666666667e-07,1,1,0,0
primary_24,4,B,FIXED_C2,3,45,87014067542541,7,6,2,2,87014067542541,87014068059121,87014068071223,0.528682,1000,87015067542541,RIGHT_CONTINUOUS,2,2,0,8,2,6,2,6,36724,87015062216523,-6.66666666666667e-07,-6.66666666666667e-07,33.3333333333333,33.3333333333333,2,0.25,0,0,,,,,0,,0,0,-6.66666666666667e-07,-6.66666666666667e-07,-6.66666666666667e-07,-6.66666666666667e-07,2,1,0,0
primary_25,5,A,FIXED_C2,1,15,87047987016229,6,7,2,2,87047987016229,87047987113599,87047987151729,0.1355,1,87047988016229,RIGHT_CONTINUOUS,2,2,0,9,9,0,2,7,10807,87047987311370,-1.00000066666667,-1.00000066666667,32.3333333333333,32.3333333333333,2,0.222222222222222,0,0,,,,,0,,0,0,-1.00000066666667,-1.00000066666667,32.3333333333333,32.3333333333333,2,0.222222222222222,0,0
primary_25,5,A,FIXED_C2,1,15,87047987016229,6,7,2,2,87047987016229,87047987113599,87047987151729,0.1355,5,87047992016229,RIGHT_CONTINUOUS,2,2,0,9,9,0,2,7,10807,87047987311370,-5.00000066666667,-5.00000066666667,28.3333333333333,28.3333333333333,2,0.222222222222222,0,0,,,,,0,,0,0,-5.00000066666667,-5.00000066666667,28.3333333333333,28.3333333333333,2,0.222222222222222,0,0
primary_25,5,A,FIXED_C2,1,15,87047987016229,6,7,2,2,87047987016229,87047987113599,87047987151729,0.1355,10,87047997016229,RIGHT_CONTINUOUS,2,0,0,7,7,0,0,7,10809,87047993190395,23.3333333333333,23.3333333333333,23.3333333333333,23.3333333333333,0,0,0,0,,,,,0,,0,0,23.3333333333333,23.3333333333333,23.3333333333333,23.3333333333333,0,0,0,0
primary_25,5,A,FIXED_C2,1,15,87047987016229,6,7,2,2,87047987016229,87047987113599,87047987151729,0.1355,20,87048007016229,RIGHT_CONTINUOUS,2,2,5,7,7,0,2,7,10818,87048005259015,13.3333333333333,13.3333333333333,13.3333333333333,13.3333333333333,0,0,0,0,13.3333333333333,13.3333333333333,13.3333333333333,13.3333333333333,0,0,0,0,13.3333333333333,13.3333333333333,13.3333333333333,13.3333333333333,0,0,0,0
primary_25,5,A,FIXED_C2,1,15,87047987016229,6,7,2,2,87047987016229,87047987113599,87047987151729,0.1355,50,87048037016229,RIGHT_CONTINUOUS,2,2,1,7,7,0,2,7,10842,87048036764894,16.6666663333333,16.6666663333333,16.6666663333333,16.6666663333333,0,0,0,0,16.6666663333333,16.6666663333333,16.6666663333333,16.6666663333333,0,0,0,0,16.6666663333333,16.6666663333333,16.6666663333333,16.6666663333333,0,0,0,0
primary_25,5,A,FIXED_C2,1,15,87047987016229,6,7,2,2,87047987016229,87047987113599,87047987151729,0.1355,100,87048087016229,RIGHT_CONTINUOUS,2,2,1,10,3,7,2,7,10882,87048086330511,-6.66666666666667e-07,-6.66666666666667e-07,33.3333333333333,33.3333333333333,3,0.3,0,0,-6.66666666666667e-07,-6.66666666666667e-07,-6.66666666666667e-07,-6.66666666666667e-07,1,1,0,0,-6.66666666666667e-07,-6.66666666666667e-07,-6.66666666666667e-07,-6.66666666666667e-07,3,1,0,0
primary_25,5,A,FIXED_C2,1,15,87047987016229,6,7,2,2,87047987016229,87047987113599,87047987151729,0.1355,500,87048487016229,RIGHT_CONTINUOUS,2,2,1,10,3,7,2,7,11218,87048483683105,-6.66666666666667e-07,-6.66666666666667e-07,33.3333333333333,33.3333333333333,3,0.3,0,0,-6.66666666666667e-07,-6.66666666666667e-07,-6.66666666666667e-07,-6.66666666666667e-07,1,1,0,0,-6.66666666666667e-07,-6.66666666666667e-07,-6.66666666666667e-07,-6.66666666666667e-07,3,1,0,0
primary_25,5,A,FIXED_C2,1,15,87047987016229,6,7,2,2,87047987016229,87047987113599,87047987151729,0.1355,1000,87048987016229,RIGHT_CONTINUOUS,2,2,1,10,3,7,2,7,11638,87048983834718,-6.66666666666667e-07,-6.66666666666667e-07,33.3333333333333,33.3333333333333,3,0.3,0,0,-6.66666666666667e-07,-6.66666666666667e-07,-6.66666666666667e-07,-6.66666666666667e-07,1,1,0,0,-6.66666666666667e-07,-6.66666666666667e-07,-6.66666666666667e-07,-6.66666666666667e-07,3,1,0,0
primary_25,5,A,FIXED_C2,2,30,87062987016229,7,6,2,2,87062987016229,87062987128803,87062987165914,0.149685,1,87062988016229,RIGHT_CONTINUOUS,2,2,1,9,9,0,2,6,23406,87062987298924,-1.00000066666667,-1.00000066666667,32.3333333333333,32.3333333333333,3,0.333333333333333,0,0,-1.00000066666667,-1.00000066666667,-1.00000066666667,-1.00000066666667,1,1,0,0,-1.00000066666667,-1.00000066666667,32.3333333333333,32.3333333333333,3,0.333333333333333,0,0
primary_25,5,A,FIXED_C2,2,30,87062987016229,7,6,2,2,87062987016229,87062987128803,87062987165914,0.149685,5,87062992016229,RIGHT_CONTINUOUS,2,2,0,8,8,0,2,6,23408,87062991883929,-5.00000066666667,-5.00000066666667,28.3333333333333,28.3333333333333,2,0.25,0,0,,,,,0,,0,0,-5.00000066666667,-5.00000066666667,28.3333333333333,28.3333333333333,2,0.25,0,0
primary_25,5,A,FIXED_C2,2,30,87062987016229,7,6,2,2,87062987016229,87062987128803,87062987165914,0.149685,10,87062997016229,RIGHT_CONTINUOUS,2,0,0,6,6,0,0,6,23410,87062996779030,23.3333333333333,23.3333333333333,23.3333333333333,23.3333333333333,0,0,0,0,,,,,0,,0,0,23.3333333333333,23.3333333333333,23.3333333333333,23.3333333333333,0,0,0,0
primary_25,5,A,FIXED_C2,2,30,87062987016229,7,6,2,2,87062987016229,87062987128803,87062987165914,0.149685,20,87063007016229,RIGHT_CONTINUOUS,2,2,3,5,5,0,2,6,23420,87063006675343,13.3333333333333,13.3333333333333,13.3333333333333,13.3333333333333,0,0,0,0,13.3333333333333,13.3333333333333,13.3333333333333,13.3333333333333,0,0,0,0,13.3333333333333,13.3333333333333,13.3333333333333,13.3333333333333,0,0,0,0
primary_25,5,A,FIXED_C2,2,30,87062987016229,7,6,2,2,87062987016229,87062987128803,87062987165914,0.149685,50,87063037016229,RIGHT_CONTINUOUS,2,2,3,6,6,0,2,6,23441,87063034217473,16.6666663333333,16.6666663333333,16.6666663333333,16.6666663333333,0,0,0,0,16.6666663333333,16.6666663333333,16.6666663333333,16.6666663333333,0,0,0,0,16.6666663333333,16.6666663333333,16.6666663333333,16.6666663333333,0,0,0,0
primary_25,5,A,FIXED_C2,2,30,87062987016229,7,6,2,2,87062987016229,87062987128803,87062987165914,0.149685,100,87063087016229,RIGHT_CONTINUOUS,2,2,0,8,2,6,2,6,23474,87063084800202,-6.66666666666667e-07,-6.66666666666667e-07,33.3333333333333,33.3333333333333,2,0.25,0,0,,,,,0,,0,0,-6.66666666666667e-07,-6.66666666666667e-07,-6.66666666666667e-07,-6.66666666666667e-07,2,1,0,0
primary_25,5,A,FIXED_C2,2,30,87062987016229,7,6,2,2,87062987016229,87062987128803,87062987165914,0.149685,500,87063487016229,RIGHT_CONTINUOUS,2,2,0,8,2,6,2,6,23762,87063481627094,-6.66666666666667e-07,-6.66666666666667e-07,33.3333333333333,33.3333333333333,2,0.25,0,0,,,,,0,,0,0,-6.66666666666667e-07,-6.66666666666667e-07,-6.66666666666667e-07,-6.66666666666667e-07,2,1,0,0
primary_25,5,A,FIXED_C2,2,30,87062987016229,7,6,2,2,87062987016229,87062987128803,87062987165914,0.149685,1000,87063987016229,RIGHT_CONTINUOUS,2,2,0,8,2,6,2,6,24122,87063982937907,-6.66666666666667e-07,-6.66666666666667e-07,33.3333333333333,33.3333333333333,2,0.25,0,0,,,,,0,,0,0,-6.66666666666667e-07,-6.66666666666667e-07,-6.66666666666667e-07,-6.66666666666667e-07,2,1,0,0
primary_25,5,A,FIXED_C2,3,45,87077987016229,6,7,2,2,87077987016229,87077987113332,87077987139961,0.123732,1,87077988016229,RIGHT_CONTINUOUS,2,1,0,8,8,0,1,7,34212,87077987301314,-1.00000066666667,22.3333331333333,32.3333333333333,32.3333333333333,1,0.125,0,0,,,,,0,,0,0,-1.00000066666667,22.3333331333333,32.3333333333333,32.3333333333333,1,0.125,0,0
primary_25,5,A,FIXED_C2,3,45,87077987016229,6,7,2,2,87077987016229,87077987113332,87077987139961,0.123732,5,87077992016229,RIGHT_CONTINUOUS,2,0,0,7,7,0,0,7,34213,87077991329111,28.3333333333333,28.3333333333333,28.3333333333333,28.3333333333333,0,0,0,0,,,,,0,,0,0,28.3333333333333,28.3333333333333,28.3333333333333,28.3333333333333,0,0,0,0
primary_25,5,A,FIXED_C2,3,45,87077987016229,6,7,2,2,87077987016229,87077987113332,87077987139961,0.123732,10,87077997016229,RIGHT_CONTINUOUS,2,0,0,7,7,0,0,7,34213,87077991329111,23.3333333333333,23.3333333333333,23.3333333333333,23.3333333333333,0,0,0,0,,,,,0,,0,0,23.3333333333333,23.3333333333333,23.3333333333333,23.3333333333333,0,0,0,0
primary_25,5,A,FIXED_C2,3,45,87077987016229,6,7,2,2,87077987016229,87077987113332,87077987139961,0.123732,20,87078007016229,RIGHT_CONTINUOUS,2,2,5,7,7,0,2,7,34222,87078005429516,13.3333333333333,13.3333333333333,13.3333333333333,13.3333333333333,0,0,0,0,13.3333333333333,13.3333333333333,13.3333333333333,13.3333333333333,0,0,0,0,13.3333333333333,13.3333333333333,13.3333333333333,13.3333333333333,0,0,0,0
primary_25,5,A,FIXED_C2,3,45,87077987016229,6,7,2,2,87077987016229,87077987113332,87077987139961,0.123732,50,87078037016229,RIGHT_CONTINUOUS,2,2,5,7,7,0,2,7,34250,87078036447481,16.6666663333333,16.6666663333333,16.6666663333333,16.6666663333333,0,0,0,0,16.6666663333333,16.6666663333333,16.6666663333333,16.6666663333333,0,0,0,0,16.6666663333333,16.6666663333333,16.6666663333333,16.6666663333333,0,0,0,0
primary_25,5,A,FIXED_C2,3,45,87077987016229,6,7,2,2,87077987016229,87077987113332,87077987139961,0.123732,100,87078087016229,RIGHT_CONTINUOUS,2,2,1,10,3,7,2,7,34286,87078083309377,-6.66666666666667e-07,-6.66666666666667e-07,33.3333333333333,33.3333333333333,3,0.3,0,0,-6.66666666666667e-07,-6.66666666666667e-07,-6.66666666666667e-07,-6.66666666666667e-07,1,1,0,0,-6.66666666666667e-07,-6.66666666666667e-07,-6.66666666666667e-07,-6.66666666666667e-07,3,1,0,0
primary_25,5,A,FIXED_C2,3,45,87077987016229,6,7,2,2,87077987016229,87077987113332,87077987139961,0.123732,500,87078487016229,RIGHT_CONTINUOUS,2,2,1,10,3,7,2,7,34622,87078484286958,-6.66666666666667e-07,-6.66666666666667e-07,33.3333333333333,33.3333333333333,3,0.3,0,0,-6.66666666666667e-07,-6.66666666666667e-07,-6.66666666666667e-07,-6.66666666666667e-07,1,1,0,0,-6.66666666666667e-07,-6.66666666666667e-07,-6.66666666666667e-07,-6.66666666666667e-07,3,1,0,0
primary_25,5,A,FIXED_C2,3,45,87077987016229,6,7,2,2,87077987016229,87077987113332,87077987139961,0.123732,1000,87078987016229,RIGHT_CONTINUOUS,2,2,1,10,3,7,2,7,35042,87078983596891,-6.66666666666667e-07,-6.66666666666667e-07,33.3333333333333,33.3333333333333,3,0.3,0,0,-6.66666666666667e-07,-6.66666666666667e-07,-6.66666666666667e-07,-6.66666666666667e-07,1,1,0,0,-6.66666666666667e-07,-6.66666666666667e-07,-6.66666666666667e-07,-6.66666666666667e-07,3,1,0,0
primary_26,5,A,K_LOOKUP_C2_C4,1,15,87112062720723,6,7,2,4,87112062720723,87112062817393,87112062856468,0.135745,1,87112063720723,RIGHT_CONTINUOUS,4,2,0,9,9,0,2,7,10807,87112062998330,-1.00000066666667,-1.00000066666667,32.3333333333333,32.3333333333333,2,0.222222222222222,0,0,,,,,0,,0,0,-1.00000066666667,-1.00000066666667,32.3333333333333,32.3333333333333,2,0.222222222222222,0,0
primary_26,5,A,K_LOOKUP_C2_C4,1,15,87112062720723,6,7,2,4,87112062720723,87112062817393,87112062856468,0.135745,5,87112067720723,RIGHT_CONTINUOUS,4,2,0,9,9,0,2,7,10807,87112062998330,-5.00000066666667,-5.00000066666667,28.3333333333333,28.3333333333333,2,0.222222222222222,0,0,,,,,0,,0,0,-5.00000066666667,-5.00000066666667,28.3333333333333,28.3333333333333,2,0.222222222222222,0,0
primary_26,5,A,K_LOOKUP_C2_C4,1,15,87112062720723,6,7,2,4,87112062720723,87112062817393,87112062856468,0.135745,10,87112072720723,RIGHT_CONTINUOUS,4,0,0,7,7,0,0,7,10809,87112069358369,23.3333333333333,23.3333333333333,23.3333333333333,23.3333333333333,0,0,0,0,,,,,0,,0,0,23.3333333333333,23.3333333333333,23.3333333333333,23.3333333333333,0,0,0,0
primary_26,5,A,K_LOOKUP_C2_C4,1,15,87112062720723,6,7,2,4,87112062720723,87112062817393,87112062856468,0.135745,20,87112082720723,RIGHT_CONTINUOUS,4,4,2,7,7,0,4,7,10819,87112081354745,13.3333333333333,13.3333333333333,13.3333333333333,13.3333333333333,0,0,0,0,13.3333333333333,13.3333333333333,13.3333333333333,13.3333333333333,0,0,0,0,13.3333333333333,13.3333333333333,13.3333333333333,13.3333333333333,0,0,0,0
primary_26,5,A,K_LOOKUP_C2_C4,1,15,87112062720723,6,7,2,4,87112062720723,87112062817393,87112062856468,0.135745,50,87112112720723,RIGHT_CONTINUOUS,4,1,1,7,7,0,1,7,10840,87112111646815,16.6666663333333,16.6666663333333,16.6666663333333,16.6666663333333,0,0,0,0,16.6666663333333,16.6666663333333,16.6666663333333,16.6666663333333,0,0,0,0,16.6666663333333,16.6666663333333,16.6666663333333,16.6666663333333,0,0,0,0
primary_26,5,A,K_LOOKUP_C2_C4,1,15,87112062720723,6,7,2,4,87112062720723,87112062817393,87112062856468,0.135745,100,87112162720723,RIGHT_CONTINUOUS,4,3,0,10,3,7,3,7,10883,87112162487558,-6.66666666666667e-07,-6.66666666666667e-07,33.3333333333333,33.3333333333333,3,0.3,0,0,,,,,0,,0,0,-6.66666666666667e-07,-6.66666666666667e-07,-6.66666666666667e-07,-6.66666666666667e-07,3,1,0,0
primary_26,5,A,K_LOOKUP_C2_C4,1,15,87112062720723,6,7,2,4,87112062720723,87112062817393,87112062856468,0.135745,500,87112562720723,RIGHT_CONTINUOUS,4,3,0,10,3,7,3,7,11219,87112562473483,-6.66666666666667e-07,-6.66666666666667e-07,33.3333333333333,33.3333333333333,3,0.3,0,0,,,,,0,,0,0,-6.66666666666667e-07,-6.66666666666667e-07,-6.66666666666667e-07,-6.66666666666667e-07,3,1,0,0
primary_26,5,A,K_LOOKUP_C2_C4,1,15,87112062720723,6,7,2,4,87112062720723,87112062817393,87112062856468,0.135745,1000,87113062720723,RIGHT_CONTINUOUS,4,3,0,10,3,7,3,7,11639,87113059579192,-6.66666666666667e-07,-6.66666666666667e-07,33.3333333333333,33.3333333333333,3,0.3,0,0,,,,,0,,0,0,-6.66666666666667e-07,-6.66666666666667e-07,-6.66666666666667e-07,-6.66666666666667e-07,3,1,0,0
primary_26,5,A,K_LOOKUP_C2_C4,2,30,87127062720723,7,6,4,2,87127062720723,87127062835123,87127062871188,0.150465,1,87127063720723,RIGHT_CONTINUOUS,2,2,0,8,8,0,2,6,23408,87127063513537,-1.00000066666667,-1.00000066666667,32.3333333333333,32.3333333333333,2,0.25,0,0,,,,,0,,0,0,-1.00000066666667,-1.00000066666667,32.3333333333333,32.3333333333333,2,0.25,0,0
primary_26,5,A,K_LOOKUP_C2_C4,2,30,87127062720723,7,6,4,2,87127062720723,87127062835123,87127062871188,0.150465,5,87127067720723,RIGHT_CONTINUOUS,2,2,0,8,8,0,2,6,23408,87127063513537,-5.00000066666667,-5.00000066666667,28.3333333333333,28.3333333333333,2,0.25,0,0,,,,,0,,0,0,-5.00000066666667,-5.00000066666667,28.3333333333333,28.3333333333333,2,0.25,0,0
primary_26,5,A,K_LOOKUP_C2_C4,2,30,87127062720723,7,6,4,2,87127062720723,87127062835123,87127062871188,0.150465,10,87127072720723,RIGHT_CONTINUOUS,2,0,0,6,6,0,0,6,23410,87127070747796,23.3333333333333,23.3333333333333,23.3333333333333,23.3333333333333,0,0,0,0,,,,,0,,0,0,23.3333333333333,23.3333333333333,23.3333333333333,23.3333333333333,0,0,0,0
primary_26,5,A,K_LOOKUP_C2_C4,2,30,87127062720723,7,6,4,2,87127062720723,87127062835123,87127062871188,0.150465,20,87127082720723,RIGHT_CONTINUOUS,2,2,3,5,5,0,2,6,23420,87127082452363,13.3333333333333,13.3333333333333,13.3333333333333,13.3333333333333,0,0,0,0,13.3333333333333,13.3333333333333,13.3333333333333,13.3333333333333,0,0,0,0,13.3333333333333,13.3333333333333,13.3333333333333,13.3333333333333,0,0,0,0
primary_26,5,A,K_LOOKUP_C2_C4,2,30,87127062720723,7,6,4,2,87127062720723,87127062835123,87127062871188,0.150465,50,87127112720723,RIGHT_CONTINUOUS,2,2,4,6,6,0,2,6,23442,87127109417420,16.6666663333333,16.6666663333333,16.6666663333333,16.6666663333333,0,0,0,0,16.6666663333333,16.6666663333333,16.6666663333333,16.6666663333333,0,0,0,0,16.6666663333333,16.6666663333333,16.6666663333333,16.6666663333333,0,0,0,0
primary_26,5,A,K_LOOKUP_C2_C4,2,30,87127062720723,7,6,4,2,87127062720723,87127062835123,87127062871188,0.150465,100,87127162720723,RIGHT_CONTINUOUS,2,2,0,8,2,6,2,6,23474,87127159313433,-6.66666666666667e-07,-6.66666666666667e-07,33.3333333333333,33.3333333333333,2,0.25,0,0,,,,,0,,0,0,-6.66666666666667e-07,-6.66666666666667e-07,-6.66666666666667e-07,-6.66666666666667e-07,2,1,0,0
primary_26,5,A,K_LOOKUP_C2_C4,2,30,87127062720723,7,6,4,2,87127062720723,87127062835123,87127062871188,0.150465,500,87127562720723,RIGHT_CONTINUOUS,2,2,0,8,2,6,2,6,23762,87127558347427,-6.66666666666667e-07,-6.66666666666667e-07,33.3333333333333,33.3333333333333,2,0.25,0,0,,,,,0,,0,0,-6.66666666666667e-07,-6.66666666666667e-07,-6.66666666666667e-07,-6.66666666666667e-07,2,1,0,0
primary_26,5,A,K_LOOKUP_C2_C4,2,30,87127062720723,7,6,4,2,87127062720723,87127062835123,87127062871188,0.150465,1000,87128062720723,RIGHT_CONTINUOUS,2,2,0,8,2,6,2,6,24122,87128060507690,-6.66666666666667e-07,-6.66666666666667e-07,33.3333333333333,33.3333333333333,2,0.25,0,0,,,,,0,,0,0,-6.66666666666667e-07,-6.66666666666667e-07,-6.66666666666667e-07,-6.66666666666667e-07,2,1,0,0
primary_26,5,A,K_LOOKUP_C2_C4,3,45,87142062720723,6,7,2,4,87142062720723,87142062809694,87142062828509,0.107786,1,87142063720723,RIGHT_CONTINUOUS,4,2,0,9,9,0,2,7,34211,87142063111531,-1.00000066666667,-1.00000066666667,32.3333333333333,32.3333333333333,2,0.222222222222222,0,0,,,,,0,,0,0,-1.00000066666667,-1.00000066666667,32.3333333333333,32.3333333333333,2,0.222222222222222,0,0
primary_26,5,A,K_LOOKUP_C2_C4,3,45,87142062720723,6,7,2,4,87142062720723,87142062809694,87142062828509,0.107786,5,87142067720723,RIGHT_CONTINUOUS,4,0,0,7,7,0,0,7,34213,87142066870675,28.3333333333333,28.3333333333333,28.3333333333333,28.3333333333333,0,0,0,0,,,,,0,,0,0,28.3333333333333,28.3333333333333,28.3333333333333,28.3333333333333,0,0,0,0
primary_26,5,A,K_LOOKUP_C2_C4,3,45,87142062720723,6,7,2,4,87142062720723,87142062809694,87142062828509,0.107786,10,87142072720723,RIGHT_CONTINUOUS,4,0,0,7,7,0,0,7,34213,87142066870675,23.3333333333333,23.3333333333333,23.3333333333333,23.3333333333333,0,0,0,0,,,,,0,,0,0,23.3333333333333,23.3333333333333,23.3333333333333,23.3333333333333,0,0,0,0
primary_26,5,A,K_LOOKUP_C2_C4,3,45,87142062720723,6,7,2,4,87142062720723,87142062809694,87142062828509,0.107786,20,87142082720723,RIGHT_CONTINUOUS,4,4,2,6,6,0,4,7,34226,87142081174090,13.3333333333333,13.3333333333333,13.3333333333333,13.3333333333333,0,0,0,0,13.3333333333333,13.3333333333333,13.3333333333333,13.3333333333333,0,0,0,0,13.3333333333333,13.3333333333333,13.3333333333333,13.3333333333333,0,0,0,0
primary_26,5,A,K_LOOKUP_C2_C4,3,45,87142062720723,6,7,2,4,87142062720723,87142062809694,87142062828509,0.107786,50,87142112720723,RIGHT_CONTINUOUS,4,4,1,7,7,0,4,7,34250,87142110110359,16.6666663333333,16.6666663333333,16.6666663333333,16.6666663333333,0,0,0,0,16.6666663333333,16.6666663333333,16.6666663333333,16.6666663333333,0,0,0,0,16.6666663333333,16.6666663333333,16.6666663333333,16.6666663333333,0,0,0,0
primary_26,5,A,K_LOOKUP_C2_C4,3,45,87142062720723,6,7,2,4,87142062720723,87142062809694,87142062828509,0.107786,100,87142162720723,RIGHT_CONTINUOUS,4,3,0,10,3,7,3,7,34287,87142162398733,-6.66666666666667e-07,-6.66666666666667e-07,33.3333333333333,33.3333333333333,3,0.3,0,0,,,,,0,,0,0,-6.66666666666667e-07,-6.66666666666667e-07,-6.66666666666667e-07,-6.66666666666667e-07,3,1,0,0
primary_26,5,A,K_LOOKUP_C2_C4,3,45,87142062720723,6,7,2,4,87142062720723,87142062809694,87142062828509,0.107786,500,87142562720723,RIGHT_CONTINUOUS,4,2,0,9,2,7,2,7,34624,87142560390995,-6.66666666666667e-07,-6.66666666666667e-07,33.3333333333333,33.3333333333333,2,0.222222222222222,0,0,,,,,0,,0,0,-6.66666666666667e-07,-6.66666666666667e-07,-6.66666666666667e-07,-6.66666666666667e-07,2,1,0,0
primary_26,5,A,K_LOOKUP_C2_C4,3,45,87142062720723,6,7,2,4,87142062720723,87142062809694,87142062828509,0.107786,1000,87143062720723,RIGHT_CONTINUOUS,4,4,2,13,6,7,4,7,35038,87143049013695,-6.66666666666667e-07,-6.66666666666667e-07,33.3333333333333,33.3333333333333,6,0.461538461538462,0,0,-6.66666666666667e-07,-6.66666666666667e-07,-6.66666666666667e-07,-6.66666666666667e-07,2,1,0,0,-6.66666666666667e-07,-6.66666666666667e-07,-6.66666666666667e-07,-6.66666666666667e-07,6,1,0,0
primary_27,5,B,FIXED_C2,1,15,87175786609181,7,6,2,2,87175786609181,87175786709707,87175786732151,0.12297,1,87175787609181,RIGHT_CONTINUOUS,2,2,18,26,26,0,2,6,12570,87175786917236,-67.6666666666667,-67.6666666666667,-17.6666671666667,32.3333333333333,20,0.769230769230769,0,0,-67.6666666666667,-67.6666666666667,-34.3333336666667,-1.00000066666667,18,1,0,0,-67.6666666666667,-67.6666666666667,-17.6666671666667,32.3333333333333,20,0.769230769230769,0,0
primary_27,5,B,FIXED_C2,1,15,87175786609181,7,6,2,2,87175786609181,87175786709707,87175786732151,0.12297,5,87175791609181,RIGHT_CONTINUOUS,2,2,17,25,25,0,2,6,12572,87175791216599,-71.6666666666667,-71.6666666666667,-5.00000066666667,28.3333333333333,19,0.76,0,0,-71.6666666666667,-71.6666666666667,-38.3333336666667,-5.00000066666667,17,1,0,0,-71.6666666666667,-71.6666666666667,-5.00000066666667,28.3333333333333,19,0.76,0,0
primary_27,5,B,FIXED_C2,1,15,87175786609181,7,6,2,2,87175786609181,87175786709707,87175786732151,0.12297,10,87175796609181,RIGHT_CONTINUOUS,2,2,16,24,24,0,2,6,12574,87175791990447,-76.6666666666667,-76.6666666666667,-10.0000006666667,23.3333333333333,18,0.75,0,0,-76.6666666666667,-60.0000001666667,-43.3333336666667,-10.0000006666667,16,1,0,0,-76.6666666666667,-76.6666666666667,-10.0000006666667,23.3333333333333,18,0.75,0,0
primary_27,5,B,FIXED_C2,1,15,87175786609181,7,6,2,2,87175786609181,87175786709707,87175786732151,0.12297,20,87175806609181,RIGHT_CONTINUOUS,2,2,20,22,22,0,2,6,12584,87175802278122,-86.6666666666667,-53.3333336666667,-20.0000006666667,13.3333333333333,16,0.727272727272727,0,0,-53.3333336666667,-53.3333336666667,-20.0000006666667,13.3333333333333,14,0.7,0,0,-86.6666666666667,-53.3333336666667,-20.0000006666667,13.3333333333333,16,0.727272727272727,0,0
primary_27,5,B,FIXED_C2,1,15,87175786609181,7,6,2,2,87175786609181,87175786709707,87175786732151,0.12297,50,87175836609181,RIGHT_CONTINUOUS,2,2,19,21,21,0,2,6,12610,87175836300135,-83.3333336666667,-50.0000006666667,-16.6666666666667,16.6666663333333,15,0.714285714285714,0,0,-50.0000006666667,-50.0000006666667,-16.6666666666667,16.6666663333333,13,0.684210526315789,0,0,-83.3333336666667,-50.0000006666667,-16.6666666666667,16.6666663333333,15,0.714285714285714,0,0
primary_27,5,B,FIXED_C2,1,15,87175786609181,7,6,2,2,87175786609181,87175786709707,87175786732151,0.12297,100,87175886609181,RIGHT_CONTINUOUS,2,2,13,21,15,6,2,6,12646,87175884246383,-66.6666666666667,-66.6666666666667,-6.66666666666667e-07,33.3333333333333,15,0.714285714285714,0,0,-66.6666666666667,-33.3333336666667,-33.3333336666667,-6.66666666666667e-07,13,1,0,0,-66.6666666666667,-66.6666666666667,-33.3333336666667,-6.66666666666667e-07,15,1,0,0
primary_27,5,B,FIXED_C2,1,15,87175786609181,7,6,2,2,87175786609181,87175786709707,87175786732151,0.12297,500,87176286609181,RIGHT_CONTINUOUS,2,1,0,7,1,6,1,6,12961,87176286107998,-6.66666666666667e-07,19.9999997333333,33.3333333333333,33.3333333333333,1,0.142857142857143,0,0,,,,,0,,0,0,-6.66666666666667e-07,-6.66666666666667e-07,-6.66666666666667e-07,-6.66666666666667e-07,1,1,0,0
primary_27,5,B,FIXED_C2,1,15,87175786609181,7,6,2,2,87175786609181,87175786709707,87175786732151,0.12297,1000,87176786609181,RIGHT_CONTINUOUS,2,2,0,8,2,6,2,6,13320,87176781375210,-6.66666666666667e-07,-6.66666666666667e-07,33.3333333333333,33.3333333333333,2,0.25,0,0,,,,,0,,0,0,-6.66666666666667e-07,-6.66666666666667e-07,-6.66666666666667e-07,-6.66666666666667e-07,2,1,0,0
primary_27,5,B,FIXED_C2,2,30,87190786609181,6,7,2,2,87190786609181,87190786713084,87190786740528,0.131347,1,87190787609181,RIGHT_CONTINUOUS,2,2,0,9,9,0,2,7,23409,87190787013687,-1.00000066666667,-1.00000066666667,32.3333333333333,32.3333333333333,2,0.222222222222222,0,0,,,,,0,,0,0,-1.00000066666667,-1.00000066666667,32.3333333333333,32.3333333333333,2,0.222222222222222,0,0
primary_27,5,B,FIXED_C2,2,30,87190786609181,6,7,2,2,87190786609181,87190786713084,87190786740528,0.131347,5,87190791609181,RIGHT_CONTINUOUS,2,0,0,7,7,0,0,7,23411,87190791315097,28.3333333333333,28.3333333333333,28.3333333333333,28.3333333333333,0,0,0,0,,,,,0,,0,0,28.3333333333333,28.3333333333333,28.3333333333333,28.3333333333333,0,0,0,0
primary_27,5,B,FIXED_C2,2,30,87190786609181,6,7,2,2,87190786609181,87190786713084,87190786740528,0.131347,10,87190796609181,RIGHT_CONTINUOUS,2,0,0,7,7,0,0,7,23411,87190791315097,23.3333333333333,23.3333333333333,23.3333333333333,23.3333333333333,0,0,0,0,,,,,0,,0,0,23.3333333333333,23.3333333333333,23.3333333333333,23.3333333333333,0,0,0,0
primary_27,5,B,FIXED_C2,2,30,87190786609181,6,7,2,2,87190786609181,87190786713084,87190786740528,0.131347,20,87190806609181,RIGHT_CONTINUOUS,2,2,5,7,7,0,2,7,23420,87190803780966,13.3333333333333,13.3333333333333,13.3333333333333,13.3333333333333,0,0,0,0,13.3333333333333,13.3333333333333,13.3333333333333,13.3333333333333,0,0,0,0,13.3333333333333,13.3333333333333,13.3333333333333,13.3333333333333,0,0,0,0
primary_27,5,B,FIXED_C2,2,30,87190786609181,6,7,2,2,87190786609181,87190786713084,87190786740528,0.131347,50,87190836609181,RIGHT_CONTINUOUS,2,2,5,7,7,0,2,7,23448,87190836175068,16.6666663333333,16.6666663333333,16.6666663333333,16.6666663333333,0,0,0,0,16.6666663333333,16.6666663333333,16.6666663333333,16.6666663333333,0,0,0,0,16.6666663333333,16.6666663333333,16.6666663333333,16.6666663333333,0,0,0,0
primary_27,5,B,FIXED_C2,2,30,87190786609181,6,7,2,2,87190786609181,87190786713084,87190786740528,0.131347,100,87190886609181,RIGHT_CONTINUOUS,2,2,1,10,3,7,2,7,23484,87190882573460,-6.66666666666667e-07,-6.66666666666667e-07,33.3333333333333,33.3333333333333,3,0.3,0,0,-6.66666666666667e-07,-6.66666666666667e-07,-6.66666666666667e-07,-6.66666666666667e-07,1,1,0,0,-6.66666666666667e-07,-6.66666666666667e-07,-6.66666666666667e-07,-6.66666666666667e-07,3,1,0,0
primary_27,5,B,FIXED_C2,2,30,87190786609181,6,7,2,2,87190786609181,87190786713084,87190786740528,0.131347,500,87191286609181,RIGHT_CONTINUOUS,2,2,1,10,3,7,2,7,23820,87191284857609,-6.66666666666667e-07,-6.66666666666667e-07,33.3333333333333,33.3333333333333,3,0.3,0,0,-6.66666666666667e-07,-6.66666666666667e-07,-6.66666666666667e-07,-6.66666666666667e-07,1,1,0,0,-6.66666666666667e-07,-6.66666666666667e-07,-6.66666666666667e-07,-6.66666666666667e-07,3,1,0,0
primary_27,5,B,FIXED_C2,2,30,87190786609181,6,7,2,2,87190786609181,87190786713084,87190786740528,0.131347,1000,87191786609181,RIGHT_CONTINUOUS,2,2,1,10,3,7,2,7,24240,87191786471749,-6.66666666666667e-07,-6.66666666666667e-07,33.3333333333333,33.3333333333333,3,0.3,0,0,-6.66666666666667e-07,-6.66666666666667e-07,-6.66666666666667e-07,-6.66666666666667e-07,1,1,0,0,-6.66666666666667e-07,-6.66666666666667e-07,-6.66666666666667e-07,-6.66666666666667e-07,3,1,0,0
primary_27,5,B,FIXED_C2,3,45,87205786609181,7,6,2,2,87205786609181,87205786722910,87205786749596,0.140415,1,87205787609181,RIGHT_CONTINUOUS,2,2,1,9,9,0,2,6,36008,87205787054496,-1.00000066666667,-1.00000066666667,32.3333333333333,32.3333333333333,3,0.333333333333333,0,0,-1.00000066666667,-1.00000066666667,-1.00000066666667,-1.00000066666667,1,1,0,0,-1.00000066666667,-1.00000066666667,32.3333333333333,32.3333333333333,3,0.333333333333333,0,0
primary_27,5,B,FIXED_C2,3,45,87205786609181,7,6,2,2,87205786609181,87205786722910,87205786749596,0.140415,5,87205791609181,RIGHT_CONTINUOUS,2,1,0,7,7,0,1,6,36011,87205791297785,-5.00000066666667,14.9999997333333,28.3333333333333,28.3333333333333,1,0.142857142857143,0,0,,,,,0,,0,0,-5.00000066666667,14.9999997333333,28.3333333333333,28.3333333333333,1,0.142857142857143,0,0
primary_27,5,B,FIXED_C2,3,45,87205786609181,7,6,2,2,87205786609181,87205786722910,87205786749596,0.140415,10,87205796609181,RIGHT_CONTINUOUS,2,0,0,6,6,0,0,6,36012,87205796109864,23.3333333333333,23.3333333333333,23.3333333333333,23.3333333333333,0,0,0,0,,,,,0,,0,0,23.3333333333333,23.3333333333333,23.3333333333333,23.3333333333333,0,0,0,0
primary_27,5,B,FIXED_C2,3,45,87205786609181,7,6,2,2,87205786609181,87205786722910,87205786749596,0.140415,20,87205806609181,RIGHT_CONTINUOUS,2,2,3,5,5,0,2,6,36022,87205805687634,13.3333333333333,13.3333333333333,13.3333333333333,13.3333333333333,0,0,0,0,13.3333333333333,13.3333333333333,13.3333333333333,13.3333333333333,0,0,0,0,13.3333333333333,13.3333333333333,13.3333333333333,13.3333333333333,0,0,0,0
primary_27,5,B,FIXED_C2,3,45,87205786609181,7,6,2,2,87205786609181,87205786722910,87205786749596,0.140415,50,87205836609181,RIGHT_CONTINUOUS,2,2,4,6,6,0,2,6,36044,87205834437267,16.6666663333333,16.6666663333333,16.6666663333333,16.6666663333333,0,0,0,0,16.6666663333333,16.6666663333333,16.6666663333333,16.6666663333333,0,0,0,0,16.6666663333333,16.6666663333333,16.6666663333333,16.6666663333333,0,0,0,0
primary_27,5,B,FIXED_C2,3,45,87205786609181,7,6,2,2,87205786609181,87205786722910,87205786749596,0.140415,100,87205886609181,RIGHT_CONTINUOUS,2,2,0,8,2,6,2,6,36076,87205883715239,-6.66666666666667e-07,-6.66666666666667e-07,33.3333333333333,33.3333333333333,2,0.25,0,0,,,,,0,,0,0,-6.66666666666667e-07,-6.66666666666667e-07,-6.66666666666667e-07,-6.66666666666667e-07,2,1,0,0
primary_27,5,B,FIXED_C2,3,45,87205786609181,7,6,2,2,87205786609181,87205786722910,87205786749596,0.140415,500,87206286609181,RIGHT_CONTINUOUS,2,2,0,8,2,6,2,6,36364,87206283330110,-6.66666666666667e-07,-6.66666666666667e-07,33.3333333333333,33.3333333333333,2,0.25,0,0,,,,,0,,0,0,-6.66666666666667e-07,-6.66666666666667e-07,-6.66666666666667e-07,-6.66666666666667e-07,2,1,0,0
primary_27,5,B,FIXED_C2,3,45,87205786609181,7,6,2,2,87205786609181,87205786722910,87205786749596,0.140415,1000,87206786609181,RIGHT_CONTINUOUS,2,2,0,8,2,6,2,6,36724,87206783011198,-6.66666666666667e-07,-6.66666666666667e-07,33.3333333333333,33.3333333333333,2,0.25,0,0,,,,,0,,0,0,-6.66666666666667e-07,-6.66666666666667e-07,-6.66666666666667e-07,-6.66666666666667e-07,2,1,0,0
primary_28,5,B,K_LOOKUP_C2_C4,1,15,87239738876449,7,6,4,2,87239738876449,87239738993066,87239739037603,0.161154,1,87239739876449,RIGHT_CONTINUOUS,2,3,0,9,9,0,3,6,12605,87239739162632,-1.00000066666667,-1.00000066666667,32.3333333333333,32.3333333333333,3,0.333333333333333,0,0,,,,,0,,0,0,-1.00000066666667,-1.00000066666667,32.3333333333333,32.3333333333333,3,0.333333333333333,0,0
primary_28,5,B,K_LOOKUP_C2_C4,1,15,87239738876449,7,6,4,2,87239738876449,87239738993066,87239739037603,0.161154,5,87239743876449,RIGHT_CONTINUOUS,2,3,0,9,9,0,3,6,12605,87239739162632,-5.00000066666667,-5.00000066666667,28.3333333333333,28.3333333333333,3,0.333333333333333,0,0,,,,,0,,0,0,-5.00000066666667,-5.00000066666667,28.3333333333333,28.3333333333333,3,0.333333333333333,0,0
primary_28,5,B,K_LOOKUP_C2_C4,1,15,87239738876449,7,6,4,2,87239738876449,87239738993066,87239739037603,0.161154,10,87239748876449,RIGHT_CONTINUOUS,2,0,0,6,6,0,0,6,12608,87239748608103,23.3333333333333,23.3333333333333,23.3333333333333,23.3333333333333,0,0,0,0,,,,,0,,0,0,23.3333333333333,23.3333333333333,23.3333333333333,23.3333333333333,0,0,0,0
primary_28,5,B,K_LOOKUP_C2_C4,1,15,87239738876449,7,6,4,2,87239738876449,87239738993066,87239739037603,0.161154,20,87239758876449,RIGHT_CONTINUOUS,2,2,3,5,5,0,2,6,12618,87239757417402,13.3333333333333,13.3333333333333,13.3333333333333,13.3333333333333,0,0,0,0,13.3333333333333,13.3333333333333,13.3333333333333,13.3333333333333,0,0,0,0,13.3333333333333,13.3333333333333,13.3333333333333,13.3333333333333,0,0,0,0
primary_28,5,B,K_LOOKUP_C2_C4,1,15,87239738876449,7,6,4,2,87239738876449,87239738993066,87239739037603,0.161154,50,87239788876449,RIGHT_CONTINUOUS,2,2,4,6,6,0,2,6,12640,87239786093228,16.6666663333333,16.6666663333333,16.6666663333333,16.6666663333333,0,0,0,0,16.6666663333333,16.6666663333333,16.6666663333333,16.6666663333333,0,0,0,0,16.6666663333333,16.6666663333333,16.6666663333333,16.6666663333333,0,0,0,0
primary_28,5,B,K_LOOKUP_C2_C4,1,15,87239738876449,7,6,4,2,87239738876449,87239738993066,87239739037603,0.161154,100,87239838876449,RIGHT_CONTINUOUS,2,2,0,8,2,6,2,6,12672,87239834737673,-6.66666666666667e-07,-6.66666666666667e-07,33.3333333333333,33.3333333333333,2,0.25,0,0,,,,,0,,0,0,-6.66666666666667e-07,-6.66666666666667e-07,-6.66666666666667e-07,-6.66666666666667e-07,2,1,0,0
primary_28,5,B,K_LOOKUP_C2_C4,1,15,87239738876449,7,6,4,2,87239738876449,87239738993066,87239739037603,0.161154,500,87240238876449,RIGHT_CONTINUOUS,2,2,0,8,2,6,2,6,12960,87240234820501,-6.66666666666667e-07,-6.66666666666667e-07,33.3333333333333,33.3333333333333,2,0.25,0,0,,,,,0,,0,0,-6.66666666666667e-07,-6.66666666666667e-07,-6.66666666666667e-07,-6.66666666666667e-07,2,1,0,0
primary_28,5,B,K_LOOKUP_C2_C4,1,15,87239738876449,7,6,4,2,87239738876449,87239738993066,87239739037603,0.161154,1000,87240738876449,RIGHT_CONTINUOUS,2,2,0,8,2,6,2,6,13320,87240734932138,-6.66666666666667e-07,-6.66666666666667e-07,33.3333333333333,33.3333333333333,2,0.25,0,0,,,,,0,,0,0,-6.66666666666667e-07,-6.66666666666667e-07,-6.66666666666667e-07,-6.66666666666667e-07,2,1,0,0
primary_28,5,B,K_LOOKUP_C2_C4,2,30,87254738876449,6,7,2,4,87254738876449,87254738977847,87254739006051,0.129602,1,87254739876449,RIGHT_CONTINUOUS,4,2,0,9,9,0,2,7,23409,87254739199183,-1.00000066666667,-1.00000066666667,32.3333333333333,32.3333333333333,2,0.222222222222222,0,0,,,,,0,,0,0,-1.00000066666667,-1.00000066666667,32.3333333333333,32.3333333333333,2,0.222222222222222,0,0
primary_28,5,B,K_LOOKUP_C2_C4,2,30,87254738876449,6,7,2,4,87254738876449,87254738977847,87254739006051,0.129602,5,87254743876449,RIGHT_CONTINUOUS,4,2,0,9,9,0,2,7,23409,87254739199183,-5.00000066666667,-5.00000066666667,28.3333333333333,28.3333333333333,2,0.222222222222222,0,0,,,,,0,,0,0,-5.00000066666667,-5.00000066666667,28.3333333333333,28.3333333333333,2,0.222222222222222,0,0
primary_28,5,B,K_LOOKUP_C2_C4,2,30,87254738876449,6,7,2,4,87254738876449,87254738977847,87254739006051,0.129602,10,87254748876449,RIGHT_CONTINUOUS,4,0,0,7,7,0,0,7,23411,87254744945010,23.3333333333333,23.3333333333333,23.3333333333333,23.3333333333333,0,0,0,0,,,,,0,,0,0,23.3333333333333,23.3333333333333,23.3333333333333,23.3333333333333,0,0,0,0
primary_28,5,B,K_LOOKUP_C2_C4,2,30,87254738876449,6,7,2,4,87254738876449,87254738977847,87254739006051,0.129602,20,87254758876449,RIGHT_CONTINUOUS,4,4,3,7,7,0,4,7,23422,87254755235757,13.3333333333333,13.3333333333333,13.3333333333333,13.3333333333333,0,0,0,0,13.3333333333333,13.3333333333333,13.3333333333333,13.3333333333333,0,0,0,0,13.3333333333333,13.3333333333333,13.3333333333333,13.3333333333333,0,0,0,0
primary_28,5,B,K_LOOKUP_C2_C4,2,30,87254738876449,6,7,2,4,87254738876449,87254738977847,87254739006051,0.129602,50,87254788876449,RIGHT_CONTINUOUS,4,3,0,7,7,0,3,7,23445,87254785754070,16.6666663333333,16.6666663333333,16.6666663333333,16.6666663333333,0,0,0,0,,,,,0,,0,0,16.6666663333333,16.6666663333333,16.6666663333333,16.6666663333333,0,0,0,0
primary_28,5,B,K_LOOKUP_C2_C4,2,30,87254738876449,6,7,2,4,87254738876449,87254738977847,87254739006051,0.129602,100,87254838876449,RIGHT_CONTINUOUS,4,4,0,11,4,7,4,7,23484,87254837234732,-6.66666666666667e-07,-6.66666666666667e-07,33.3333333333333,33.3333333333333,4,0.363636363636364,0,0,,,,,0,,0,0,-6.66666666666667e-07,-6.66666666666667e-07,-6.66666666666667e-07,-6.66666666666667e-07,4,1,0,0
primary_28,5,B,K_LOOKUP_C2_C4,2,30,87254738876449,6,7,2,4,87254738876449,87254738977847,87254739006051,0.129602,500,87255238876449,RIGHT_CONTINUOUS,4,2,0,9,2,7,2,7,23822,87255238264083,-6.66666666666667e-07,-6.66666666666667e-07,33.3333333333333,33.3333333333333,2,0.222222222222222,0,0,,,,,0,,0,0,-6.66666666666667e-07,-6.66666666666667e-07,-6.66666666666667e-07,-6.66666666666667e-07,2,1,0,0
primary_28,5,B,K_LOOKUP_C2_C4,2,30,87254738876449,6,7,2,4,87254738876449,87254738977847,87254739006051,0.129602,1000,87255738876449,RIGHT_CONTINUOUS,4,3,0,10,3,7,3,7,24241,87255733867000,-6.66666666666667e-07,-6.66666666666667e-07,33.3333333333333,33.3333333333333,3,0.3,0,0,,,,,0,,0,0,-6.66666666666667e-07,-6.66666666666667e-07,-6.66666666666667e-07,-6.66666666666667e-07,3,1,0,0
primary_28,5,B,K_LOOKUP_C2_C4,3,45,87269738876449,7,6,4,2,87269738876449,87269739040958,87269739055384,0.178935,1,87269739876449,RIGHT_CONTINUOUS,2,2,1,9,9,0,2,6,36008,87269739480055,-1.00000066666667,-1.00000066666667,32.3333333333333,32.3333333333333,3,0.333333333333333,0,0,-1.00000066666667,-1.00000066666667,-1.00000066666667,-1.00000066666667,1,1,0,0,-1.00000066666667,-1.00000066666667,32.3333333333333,32.3333333333333,3,0.333333333333333,0,0
primary_28,5,B,K_LOOKUP_C2_C4,3,45,87269738876449,7,6,4,2,87269738876449,87269739040958,87269739055384,0.178935,5,87269743876449,RIGHT_CONTINUOUS,2,2,0,8,8,0,2,6,36010,87269743017687,-5.00000066666667,-5.00000066666667,28.3333333333333,28.3333333333333,2,0.25,0,0,,,,,0,,0,0,-5.00000066666667,-5.00000066666667,28.3333333333333,28.3333333333333,2,0.25,0,0
primary_28,5,B,K_LOOKUP_C2_C4,3,45,87269738876449,7,6,4,2,87269738876449,87269739040958,87269739055384,0.178935,10,87269748876449,RIGHT_CONTINUOUS,2,1,0,7,7,0,1,6,36011,87269744030650,-10.0000006666667,9.99999973333333,23.3333333333333,23.3333333333333,1,0.142857142857143,0,0,,,,,0,,0,0,-10.0000006666667,9.99999973333333,23.3333333333333,23.3333333333333,1,0.142857142857143,0,0
primary_28,5,B,K_LOOKUP_C2_C4,3,45,87269738876449,7,6,4,2,87269738876449,87269739040958,87269739055384,0.178935,20,87269758876449,RIGHT_CONTINUOUS,2,2,4,6,6,0,2,6,36020,87269757725954,13.3333333333333,13.3333333333333,13.3333333333333,13.3333333333333,0,0,0,0,13.3333333333333,13.3333333333333,13.3333333333333,13.3333333333333,0,0,0,0,13.3333333333333,13.3333333333333,13.3333333333333,13.3333333333333,0,0,0,0
primary_28,5,B,K_LOOKUP_C2_C4,3,45,87269738876449,7,6,4,2,87269738876449,87269739040958,87269739055384,0.178935,50,87269788876449,RIGHT_CONTINUOUS,2,2,4,6,6,0,2,6,36044,87269786394214,16.6666663333333,16.6666663333333,16.6666663333333,16.6666663333333,0,0,0,0,16.6666663333333,16.6666663333333,16.6666663333333,16.6666663333333,0,0,0,0,16.6666663333333,16.6666663333333,16.6666663333333,16.6666663333333,0,0,0,0
primary_28,5,B,K_LOOKUP_C2_C4,3,45,87269738876449,7,6,4,2,87269738876449,87269739040958,87269739055384,0.178935,100,87269838876449,RIGHT_CONTINUOUS,2,2,0,8,2,6,2,6,36076,87269833126001,-6.66666666666667e-07,-6.66666666666667e-07,33.3333333333333,33.3333333333333,2,0.25,0,0,,,,,0,,0,0,-6.66666666666667e-07,-6.66666666666667e-07,-6.66666666666667e-07,-6.66666666666667e-07,2,1,0,0
primary_28,5,B,K_LOOKUP_C2_C4,3,45,87269738876449,7,6,4,2,87269738876449,87269739040958,87269739055384,0.178935,500,87270238876449,RIGHT_CONTINUOUS,2,2,0,8,2,6,2,6,36364,87270234519874,-6.66666666666667e-07,-6.66666666666667e-07,33.3333333333333,33.3333333333333,2,0.25,0,0,,,,,0,,0,0,-6.66666666666667e-07,-6.66666666666667e-07,-6.66666666666667e-07,-6.66666666666667e-07,2,1,0,0
primary_28,5,B,K_LOOKUP_C2_C4,3,45,87269738876449,7,6,4,2,87269738876449,87269739040958,87269739055384,0.178935,1000,87270738876449,RIGHT_CONTINUOUS,2,2,0,8,2,6,2,6,36724,87270734357973,-6.66666666666667e-07,-6.66666666666667e-07,33.3333333333333,33.3333333333333,2,0.25,0,0,,,,,0,,0,0,-6.66666666666667e-07,-6.66666666666667e-07,-6.66666666666667e-07,-6.66666666666667e-07,2,1,0,0
primary_29,5,A,FIXED_C4,1,15,87303628532061,6,7,4,4,87303628532061,87303628645233,87303628683420,0.151359,1,87303629532061,RIGHT_CONTINUOUS,4,1,0,8,8,0,1,7,10808,87303629131914,-1.00000066666667,22.3333331333333,32.3333333333333,32.3333333333333,1,0.125,0,0,,,,,0,,0,0,-1.00000066666667,22.3333331333333,32.3333333333333,32.3333333333333,1,0.125,0,0
primary_29,5,A,FIXED_C4,1,15,87303628532061,6,7,4,4,87303628532061,87303628645233,87303628683420,0.151359,5,87303633532061,RIGHT_CONTINUOUS,4,1,0,8,8,0,1,7,10808,87303629131914,-5.00000066666667,18.3333331333333,28.3333333333333,28.3333333333333,1,0.125,0,0,,,,,0,,0,0,-5.00000066666667,18.3333331333333,28.3333333333333,28.3333333333333,1,0.125,0,0
primary_29,5,A,FIXED_C4,1,15,87303628532061,6,7,4,4,87303628532061,87303628645233,87303628683420,0.151359,10,87303638532061,RIGHT_CONTINUOUS,4,0,0,7,7,0,0,7,10809,87303635087308,23.3333333333333,23.3333333333333,23.3333333333333,23.3333333333333,0,0,0,0,,,,,0,,0,0,23.3333333333333,23.3333333333333,23.3333333333333,23.3333333333333,0,0,0,0
primary_29,5,A,FIXED_C4,1,15,87303628532061,6,7,4,4,87303628532061,87303628645233,87303628683420,0.151359,20,87303648532061,RIGHT_CONTINUOUS,4,4,3,7,7,0,4,7,10820,87303647937078,13.3333333333333,13.3333333333333,13.3333333333333,13.3333333333333,0,0,0,0,13.3333333333333,13.3333333333333,13.3333333333333,13.3333333333333,0,0,0,0,13.3333333333333,13.3333333333333,13.3333333333333,13.3333333333333,0,0,0,0
primary_29,5,A,FIXED_C4,1,15,87303628532061,6,7,4,4,87303628532061,87303628645233,87303628683420,0.151359,50,87303678532061,RIGHT_CONTINUOUS,4,4,1,7,7,0,4,7,10846,87303677706003,16.6666663333333,16.6666663333333,16.6666663333333,16.6666663333333,0,0,0,0,16.6666663333333,16.6666663333333,16.6666663333333,16.6666663333333,0,0,0,0,16.6666663333333,16.6666663333333,16.6666663333333,16.6666663333333,0,0,0,0
primary_29,5,A,FIXED_C4,1,15,87303628532061,6,7,4,4,87303628532061,87303628645233,87303628683420,0.151359,100,87303728532061,RIGHT_CONTINUOUS,4,3,0,10,3,7,3,7,10883,87303725948273,-6.66666666666667e-07,-6.66666666666667e-07,33.3333333333333,33.3333333333333,3,0.3,0,0,,,,,0,,0,0,-6.66666666666667e-07,-6.66666666666667e-07,-6.66666666666667e-07,-6.66666666666667e-07,3,1,0,0
primary_29,5,A,FIXED_C4,1,15,87303628532061,6,7,4,4,87303628532061,87303628645233,87303628683420,0.151359,500,87304128532061,RIGHT_CONTINUOUS,4,3,0,10,3,7,3,7,11219,87304126966386,-6.66666666666667e-07,-6.66666666666667e-07,33.3333333333333,33.3333333333333,3,0.3,0,0,,,,,0,,0,0,-6.66666666666667e-07,-6.66666666666667e-07,-6.66666666666667e-07,-6.66666666666667e-07,3,1,0,0
primary_29,5,A,FIXED_C4,1,15,87303628532061,6,7,4,4,87303628532061,87303628645233,87303628683420,0.151359,1000,87304628532061,RIGHT_CONTINUOUS,4,3,0,10,3,7,3,7,11639,87304624585591,-6.66666666666667e-07,-6.66666666666667e-07,33.3333333333333,33.3333333333333,3,0.3,0,0,,,,,0,,0,0,-6.66666666666667e-07,-6.66666666666667e-07,-6.66666666666667e-07,-6.66666666666667e-07,3,1,0,0
primary_29,5,A,FIXED_C4,2,30,87318628532061,7,6,4,4,87318628532061,87318628632937,87318628655483,0.123422,1,87318629532061,RIGHT_CONTINUOUS,4,3,0,9,9,0,3,6,23407,87318628760762,-1.00000066666667,-1.00000066666667,32.3333333333333,32.3333333333333,3,0.333333333333333,0,0,,,,,0,,0,0,-1.00000066666667,-1.00000066666667,32.3333333333333,32.3333333333333,3,0.333333333333333,0,0
primary_29,5,A,FIXED_C4,2,30,87318628532061,7,6,4,4,87318628532061,87318628632937,87318628655483,0.123422,5,87318633532061,RIGHT_CONTINUOUS,4,3,0,9,9,0,3,6,23407,87318628760762,-5.00000066666667,-5.00000066666667,28.3333333333333,28.3333333333333,3,0.333333333333333,0,0,,,,,0,,0,0,-5.00000066666667,-5.00000066666667,28.3333333333333,28.3333333333333,3,0.333333333333333,0,0
primary_29,5,A,FIXED_C4,2,30,87318628532061,7,6,4,4,87318628532061,87318628632937,87318628655483,0.123422,10,87318638532061,RIGHT_CONTINUOUS,4,0,0,6,6,0,0,6,23410,87318636295995,23.3333333333333,23.3333333333333,23.3333333333333,23.3333333333333,0,0,0,0,,,,,0,,0,0,23.3333333333333,23.3333333333333,23.3333333333333,23.3333333333333,0,0,0,0
primary_29,5,A,FIXED_C4,2,30,87318628532061,7,6,4,4,87318628532061,87318628632937,87318628655483,0.123422,20,87318648532061,RIGHT_CONTINUOUS,4,4,2,6,6,0,4,6,23420,87318644438611,13.3333333333333,13.3333333333333,13.3333333333333,13.3333333333333,0,0,0,0,13.3333333333333,13.3333333333333,13.3333333333333,13.3333333333333,0,0,0,0,13.3333333333333,13.3333333333333,13.3333333333333,13.3333333333333,0,0,0,0
primary_29,5,A,FIXED_C4,2,30,87318628532061,7,6,4,4,87318628532061,87318628632937,87318628655483,0.123422,50,87318678532061,RIGHT_CONTINUOUS,4,4,2,6,6,0,4,6,23444,87318677967309,16.6666663333333,16.6666663333333,16.6666663333333,16.6666663333333,0,0,0,0,16.6666663333333,16.6666663333333,16.6666663333333,16.6666663333333,0,0,0,0,16.6666663333333,16.6666663333333,16.6666663333333,16.6666663333333,0,0,0,0
primary_29,5,A,FIXED_C4,2,30,87318628532061,7,6,4,4,87318628532061,87318628632937,87318628655483,0.123422,100,87318728532061,RIGHT_CONTINUOUS,4,2,0,8,2,6,2,6,23474,87318726322173,-6.66666666666667e-07,-6.66666666666667e-07,33.3333333333333,33.3333333333333,2,0.25,0,0,,,,,0,,0,0,-6.66666666666667e-07,-6.66666666666667e-07,-6.66666666666667e-07,-6.66666666666667e-07,2,1,0,0
primary_29,5,A,FIXED_C4,2,30,87318628532061,7,6,4,4,87318628532061,87318628632937,87318628655483,0.123422,500,87319128532061,RIGHT_CONTINUOUS,4,2,0,8,2,6,2,6,23762,87319127017798,-6.66666666666667e-07,-6.66666666666667e-07,33.3333333333333,33.3333333333333,2,0.25,0,0,,,,,0,,0,0,-6.66666666666667e-07,-6.66666666666667e-07,-6.66666666666667e-07,-6.66666666666667e-07,2,1,0,0
primary_29,5,A,FIXED_C4,2,30,87318628532061,7,6,4,4,87318628532061,87318628632937,87318628655483,0.123422,1000,87319628532061,RIGHT_CONTINUOUS,4,2,0,8,2,6,2,6,24122,87319625336574,-6.66666666666667e-07,-6.66666666666667e-07,33.3333333333333,33.3333333333333,2,0.25,0,0,,,,,0,,0,0,-6.66666666666667e-07,-6.66666666666667e-07,-6.66666666666667e-07,-6.66666666666667e-07,2,1,0,0
primary_29,5,A,FIXED_C4,3,45,87333628532061,6,7,4,4,87333628532061,87333628627564,87333628646676,0.114615,1,87333629532061,RIGHT_CONTINUOUS,4,2,0,9,9,0,2,7,34211,87333628937400,-1.00000066666667,-1.00000066666667,32.3333333333333,32.3333333333333,2,0.222222222222222,0,0,,,,,0,,0,0,-1.00000066666667,-1.00000066666667,32.3333333333333,32.3333333333333,2,0.222222222222222,0,0
primary_29,5,A,FIXED_C4,3,45,87333628532061,6,7,4,4,87333628532061,87333628627564,87333628646676,0.114615,5,87333633532061,RIGHT_CONTINUOUS,4,1,0,8,8,0,1,7,34212,87333632375116,-5.00000066666667,18.3333331333333,28.3333333333333,28.3333333333333,1,0.125,0,0,,,,,0,,0,0,-5.00000066666667,18.3333331333333,28.3333333333333,28.3333333333333,1,0.125,0,0
primary_29,5,A,FIXED_C4,3,45,87333628532061,6,7,4,4,87333628532061,87333628627564,87333628646676,0.114615,10,87333638532061,RIGHT_CONTINUOUS,4,0,0,7,7,0,0,7,34213,87333634234363,23.3333333333333,23.3333333333333,23.3333333333333,23.3333333333333,0,0,0,0,,,,,0,,0,0,23.3333333333333,23.3333333333333,23.3333333333333,23.3333333333333,0,0,0,0
primary_29,5,A,FIXED_C4,3,45,87333628532061,6,7,4,4,87333628532061,87333628627564,87333628646676,0.114615,20,87333648532061,RIGHT_CONTINUOUS,4,4,3,7,7,0,4,7,34224,87333643442405,13.3333333333333,13.3333333333333,13.3333333333333,13.3333333333333,0,0,0,0,13.3333333333333,13.3333333333333,13.3333333333333,13.3333333333333,0,0,0,0,13.3333333333333,13.3333333333333,13.3333333333333,13.3333333333333,0,0,0,0
primary_29,5,A,FIXED_C4,3,45,87333628532061,6,7,4,4,87333628532061,87333628627564,87333628646676,0.114615,50,87333678532061,RIGHT_CONTINUOUS,4,4,3,7,7,0,4,7,34252,87333677781453,16.6666663333333,16.6666663333333,16.6666663333333,16.6666663333333,0,0,0,0,16.6666663333333,16.6666663333333,16.6666663333333,16.6666663333333,0,0,0,0,16.6666663333333,16.6666663333333,16.6666663333333,16.6666663333333,0,0,0,0
primary_29,5,A,FIXED_C4,3,45,87333628532061,6,7,4,4,87333628532061,87333628627564,87333628646676,0.114615,100,87333728532061,RIGHT_CONTINUOUS,4,3,0,10,3,7,3,7,34287,87333727937933,-6.66666666666667e-07,-6.66666666666667e-07,33.3333333333333,33.3333333333333,3,0.3,0,0,,,,,0,,0,0,-6.66666666666667e-07,-6.66666666666667e-07,-6.66666666666667e-07,-6.66666666666667e-07,3,1,0,0
primary_29,5,A,FIXED_C4,3,45,87333628532061,6,7,4,4,87333628532061,87333628627564,87333628646676,0.114615,500,87334128532061,RIGHT_CONTINUOUS,4,3,0,10,3,7,3,7,34623,87334126571231,-6.66666666666667e-07,-6.66666666666667e-07,33.3333333333333,33.3333333333333,3,0.3,0,0,,,,,0,,0,0,-6.66666666666667e-07,-6.66666666666667e-07,-6.66666666666667e-07,-6.66666666666667e-07,3,1,0,0
primary_29,5,A,FIXED_C4,3,45,87333628532061,6,7,4,4,87333628532061,87333628627564,87333628646676,0.114615,1000,87334628532061,RIGHT_CONTINUOUS,4,3,0,10,3,7,3,7,35043,87334626003826,-6.66666666666667e-07,-6.66666666666667e-07,33.3333333333333,33.3333333333333,3,0.3,0,0,,,,,0,,0,0,-6.66666666666667e-07,-6.66666666666667e-07,-6.66666666666667e-07,-6.66666666666667e-07,3,1,0,0
primary_30,5,B,FIXED_C4,1,15,87367636843253,7,6,4,4,87367636843253,87367636954015,87367636991201,0.147948,1,87367637843253,RIGHT_CONTINUOUS,4,4,0,10,10,0,4,6,12604,87367637095415,-1.00000066666667,-1.00000066666667,32.3333333333333,32.3333333333333,4,0.4,0,0,,,,,0,,0,0,-1.00000066666667,-1.00000066666667,32.3333333333333,32.3333333333333,4,0.4,0,0
primary_30,5,B,FIXED_C4,1,15,87367636843253,7,6,4,4,87367636843253,87367636954015,87367636991201,0.147948,5,87367641843253,RIGHT_CONTINUOUS,4,3,0,9,9,0,3,6,12605,87367639381379,-5.00000066666667,-5.00000066666667,28.3333333333333,28.3333333333333,3,0.333333333333333,0,0,,,,,0,,0,0,-5.00000066666667,-5.00000066666667,28.3333333333333,28.3333333333333,3,0.333333333333333,0,0
primary_30,5,B,FIXED_C4,1,15,87367636843253,7,6,4,4,87367636843253,87367636954015,87367636991201,0.147948,10,87367646843253,RIGHT_CONTINUOUS,4,1,0,7,7,0,1,6,12607,87367646254291,-10.0000006666667,9.99999973333333,23.3333333333333,23.3333333333333,1,0.142857142857143,0,0,,,,,0,,0,0,-10.0000006666667,9.99999973333333,23.3333333333333,23.3333333333333,1,0.142857142857143,0,0
primary_30,5,B,FIXED_C4,1,15,87367636843253,7,6,4,4,87367636843253,87367636954015,87367636991201,0.147948,20,87367656843253,RIGHT_CONTINUOUS,4,4,2,6,6,0,4,6,12618,87367652672892,13.3333333333333,13.3333333333333,13.3333333333333,13.3333333333333,0,0,0,0,13.3333333333333,13.3333333333333,13.3333333333333,13.3333333333333,0,0,0,0,13.3333333333333,13.3333333333333,13.3333333333333,13.3333333333333,0,0,0,0
primary_30,5,B,FIXED_C4,1,15,87367636843253,7,6,4,4,87367636843253,87367636954015,87367636991201,0.147948,50,87367686843253,RIGHT_CONTINUOUS,4,4,2,6,6,0,4,6,12642,87367684529277,16.6666663333333,16.6666663333333,16.6666663333333,16.6666663333333,0,0,0,0,16.6666663333333,16.6666663333333,16.6666663333333,16.6666663333333,0,0,0,0,16.6666663333333,16.6666663333333,16.6666663333333,16.6666663333333,0,0,0,0
primary_30,5,B,FIXED_C4,1,15,87367636843253,7,6,4,4,87367636843253,87367636954015,87367636991201,0.147948,100,87367736843253,RIGHT_CONTINUOUS,4,2,0,8,2,6,2,6,12672,87367732763498,-6.66666666666667e-07,-6.66666666666667e-07,33.3333333333333,33.3333333333333,2,0.25,0,0,,,,,0,,0,0,-6.66666666666667e-07,-6.66666666666667e-07,-6.66666666666667e-07,-6.66666666666667e-07,2,1,0,0
primary_30,5,B,FIXED_C4,1,15,87367636843253,7,6,4,4,87367636843253,87367636954015,87367636991201,0.147948,500,87368136843253,RIGHT_CONTINUOUS,4,2,0,8,2,6,2,6,12960,87368133254379,-6.66666666666667e-07,-6.66666666666667e-07,33.3333333333333,33.3333333333333,2,0.25,0,0,,,,,0,,0,0,-6.66666666666667e-07,-6.66666666666667e-07,-6.66666666666667e-07,-6.66666666666667e-07,2,1,0,0
primary_30,5,B,FIXED_C4,1,15,87367636843253,7,6,4,4,87367636843253,87367636954015,87367636991201,0.147948,1000,87368636843253,RIGHT_CONTINUOUS,4,2,0,8,2,6,2,6,13320,87368634169300,-6.66666666666667e-07,-6.66666666666667e-07,33.3333333333333,33.3333333333333,2,0.25,0,0,,,,,0,,0,0,-6.66666666666667e-07,-6.66666666666667e-07,-6.66666666666667e-07,-6.66666666666667e-07,2,1,0,0
primary_30,5,B,FIXED_C4,2,30,87382636843253,6,7,4,4,87382636843253,87382636940888,87382636966083,0.12283,1,87382637843253,RIGHT_CONTINUOUS,4,2,0,9,9,0,2,7,23409,87382637111926,-1.00000066666667,-1.00000066666667,32.3333333333333,32.3333333333333,2,0.222222222222222,0,0,,,,,0,,0,0,-1.00000066666667,-1.00000066666667,32.3333333333333,32.3333333333333,2,0.222222222222222,0,0
primary_30,5,B,FIXED_C4,2,30,87382636843253,6,7,4,4,87382636843253,87382636940888,87382636966083,0.12283,5,87382641843253,RIGHT_CONTINUOUS,4,0,0,7,7,0,0,7,23411,87382641105684,28.3333333333333,28.3333333333333,28.3333333333333,28.3333333333333,0,0,0,0,,,,,0,,0,0,28.3333333333333,28.3333333333333,28.3333333333333,28.3333333333333,0,0,0,0
primary_30,5,B,FIXED_C4,2,30,87382636843253,6,7,4,4,87382636843253,87382636940888,87382636966083,0.12283,10,87382646843253,RIGHT_CONTINUOUS,4,0,0,7,7,0,0,7,23411,87382641105684,23.3333333333333,23.3333333333333,23.3333333333333,23.3333333333333,0,0,0,0,,,,,0,,0,0,23.3333333333333,23.3333333333333,23.3333333333333,23.3333333333333,0,0,0,0
primary_30,5,B,FIXED_C4,2,30,87382636843253,6,7,4,4,87382636843253,87382636940888,87382636966083,0.12283,20,87382656843253,RIGHT_CONTINUOUS,4,4,2,7,7,0,4,7,23421,87382650839017,13.3333333333333,13.3333333333333,13.3333333333333,13.3333333333333,0,0,0,0,13.3333333333333,13.3333333333333,13.3333333333333,13.3333333333333,0,0,0,0,13.3333333333333,13.3333333333333,13.3333333333333,13.3333333333333,0,0,0,0
primary_30,5,B,FIXED_C4,2,30,87382636843253,6,7,4,4,87382636843253,87382636940888,87382636966083,0.12283,50,87382686843253,RIGHT_CONTINUOUS,4,4,3,7,7,0,4,7,23450,87382686077958,16.6666663333333,16.6666663333333,16.6666663333333,16.6666663333333,0,0,0,0,16.6666663333333,16.6666663333333,16.6666663333333,16.6666663333333,0,0,0,0,16.6666663333333,16.6666663333333,16.6666663333333,16.6666663333333,0,0,0,0
primary_30,5,B,FIXED_C4,2,30,87382636843253,6,7,4,4,87382636843253,87382636940888,87382636966083,0.12283,100,87382736843253,RIGHT_CONTINUOUS,4,3,0,10,3,7,3,7,23485,87382736489863,-6.66666666666667e-07,-6.66666666666667e-07,33.3333333333333,33.3333333333333,3,0.3,0,0,,,,,0,,0,0,-6.66666666666667e-07,-6.66666666666667e-07,-6.66666666666667e-07,-6.66666666666667e-07,3,1,0,0
primary_30,5,B,FIXED_C4,2,30,87382636843253,6,7,4,4,87382636843253,87382636940888,87382636966083,0.12283,500,87383136843253,RIGHT_CONTINUOUS,4,4,3,14,7,7,4,7,23814,87383124810837,-6.66666666666667e-07,-6.66666666666667e-07,16.6666663333333,33.3333333333333,7,0.5,0,0,-6.66666666666667e-07,-6.66666666666667e-07,-6.66666666666667e-07,-6.66666666666667e-07,3,1,0,0,-6.66666666666667e-07,-6.66666666666667e-07,-6.66666666666667e-07,-6.66666666666667e-07,7,1,0,0
primary_30,5,B,FIXED_C4,2,30,87382636843253,6,7,4,4,87382636843253,87382636940888,87382636966083,0.12283,1000,87383636843253,RIGHT_CONTINUOUS,4,3,0,10,3,7,3,7,24241,87383632488484,-6.66666666666667e-07,-6.66666666666667e-07,33.3333333333333,33.3333333333333,3,0.3,0,0,,,,,0,,0,0,-6.66666666666667e-07,-6.66666666666667e-07,-6.66666666666667e-07,-6.66666666666667e-07,3,1,0,0
primary_30,5,B,FIXED_C4,3,45,87397636843253,7,6,4,4,87397636843253,87397636942044,87397636973360,0.130107,1,87397637843253,RIGHT_CONTINUOUS,4,3,0,9,9,0,3,6,36009,87397637212732,-1.00000066666667,-1.00000066666667,32.3333333333333,32.3333333333333,3,0.333333333333333,0,0,,,,,0,,0,0,-1.00000066666667,-1.00000066666667,32.3333333333333,32.3333333333333,3,0.333333333333333,0,0
primary_30,5,B,FIXED_C4,3,45,87397636843253,7,6,4,4,87397636843253,87397636942044,87397636973360,0.130107,5,87397641843253,RIGHT_CONTINUOUS,4,3,0,9,9,0,3,6,36009,87397637212732,-5.00000066666667,-5.00000066666667,28.3333333333333,28.3333333333333,3,0.333333333333333,0,0,,,,,0,,0,0,-5.00000066666667,-5.00000066666667,28.3333333333333,28.3333333333333,3,0.333333333333333,0,0
primary_30,5,B,FIXED_C4,3,45,87397636843253,7,6,4,4,87397636843253,87397636942044,87397636973360,0.130107,10,87397646843253,RIGHT_CONTINUOUS,4,2,0,6,6,0,2,6,36016,87397646823129,23.3333333333333,23.3333333333333,23.3333333333333,23.3333333333333,0,0,0,0,,,,,0,,0,0,23.3333333333333,23.3333333333333,23.3333333333333,23.3333333333333,0,0,0,0
primary_30,5,B,FIXED_C4,3,45,87397636843253,7,6,4,4,87397636843253,87397636942044,87397636973360,0.130107,20,87397656843253,RIGHT_CONTINUOUS,4,4,2,6,6,0,4,6,36022,87397651736171,13.3333333333333,13.3333333333333,13.3333333333333,13.3333333333333,0,0,0,0,13.3333333333333,13.3333333333333,13.3333333333333,13.3333333333333,0,0,0,0,13.3333333333333,13.3333333333333,13.3333333333333,13.3333333333333,0,0,0,0
primary_30,5,B,FIXED_C4,3,45,87397636843253,7,6,4,4,87397636843253,87397636942044,87397636973360,0.130107,50,87397686843253,RIGHT_CONTINUOUS,4,4,2,6,6,0,4,6,36046,87397684500285,16.6666663333333,16.6666663333333,16.6666663333333,16.6666663333333,0,0,0,0,16.6666663333333,16.6666663333333,16.6666663333333,16.6666663333333,0,0,0,0,16.6666663333333,16.6666663333333,16.6666663333333,16.6666663333333,0,0,0,0
primary_30,5,B,FIXED_C4,3,45,87397636843253,7,6,4,4,87397636843253,87397636942044,87397636973360,0.130107,100,87397736843253,RIGHT_CONTINUOUS,4,2,0,8,2,6,2,6,36076,87397734817143,-6.66666666666667e-07,-6.66666666666667e-07,33.3333333333333,33.3333333333333,2,0.25,0,0,,,,,0,,0,0,-6.66666666666667e-07,-6.66666666666667e-07,-6.66666666666667e-07,-6.66666666666667e-07,2,1,0,0
primary_30,5,B,FIXED_C4,3,45,87397636843253,7,6,4,4,87397636843253,87397636942044,87397636973360,0.130107,500,87398136843253,RIGHT_CONTINUOUS,4,2,0,8,2,6,2,6,36364,87398132313693,-6.66666666666667e-07,-6.66666666666667e-07,33.3333333333333,33.3333333333333,2,0.25,0,0,,,,,0,,0,0,-6.66666666666667e-07,-6.66666666666667e-07,-6.66666666666667e-07,-6.66666666666667e-07,2,1,0,0
primary_30,5,B,FIXED_C4,3,45,87397636843253,7,6,4,4,87397636843253,87397636942044,87397636973360,0.130107,1000,87398636843253,RIGHT_CONTINUOUS,4,2,0,8,2,6,2,6,36724,87398632059267,-6.66666666666667e-07,-6.66666666666667e-07,33.3333333333333,33.3333333333333,2,0.25,0,0,,,,,0,,0,0,-6.66666666666667e-07,-6.66666666666667e-07,-6.66666666666667e-07,-6.66666666666667e-07,2,1,0,0
