acquisition_id,round,trace,policy,phase,relative_ms,sample_ns,sample_side,C,A,ready_queue,unfinished_backlog,generated_unfinished,due_not_generated,online_active_counter,observed_K,latest_event_seq,latest_event_ns,unfinished_slack_min_ms,unfinished_slack_p10_ms,unfinished_slack_median_ms,unfinished_slack_p90_ms,unfinished_late_count,unfinished_late_fraction,unfinished_urgent_5ms_count,unfinished_urgent_10ms_count,ready_slack_min_ms,ready_slack_p10_ms,ready_slack_median_ms,ready_slack_p90_ms,ready_late_count,ready_late_fraction,ready_urgent_5ms_count,ready_urgent_10ms_count,generated_slack_min_ms,generated_slack_p10_ms,generated_slack_median_ms,generated_slack_p90_ms,generated_late_count,generated_late_fraction,generated_urgent_5ms_count,generated_urgent_10ms_count
primary_01,1,B,FIXED_C4,1,-50,85513175180489,RIGHT_CONTINUOUS,4,4,2,7,7,0,4,7,12561,85513175138501,16.6666663333333,16.6666663333333,16.6666663333333,16.6666663333333,0,0,0,0,16.6666663333333,16.6666663333333,16.6666663333333,16.6666663333333,0,0,0,0,16.6666663333333,16.6666663333333,16.6666663333333,16.6666663333333,0,0,0,0
primary_01,1,B,FIXED_C4,1,-48.150455,85513177030034,RIGHT_CONTINUOUS,4,4,3,7,7,0,4,7,12561,85513175138501,14.8171213333333,14.8171213333333,14.8171213333333,14.8171213333333,0,0,0,0,14.8171213333333,14.8171213333333,14.8171213333333,14.8171213333333,0,0,0,0,14.8171213333333,14.8171213333333,14.8171213333333,14.8171213333333,0,0,0,0
primary_01,1,B,FIXED_C4,1,-48.147724,85513177032765,RIGHT_CONTINUOUS,4,4,3,7,7,0,4,7,12562,85513177032765,14.8143903333333,14.8143903333333,14.8143903333333,14.8143903333333,0,0,0,0,14.8143903333333,14.8143903333333,14.8143903333333,14.8143903333333,0,0,0,0,14.8143903333333,14.8143903333333,14.8143903333333,14.8143903333333,0,0,0,0
primary_01,1,B,FIXED_C4,1,-34.204114,85513190976375,RIGHT_CONTINUOUS,4,3,3,6,6,0,4,7,12562,85513177032765,0.870780333333333,0.870780333333333,0.870780333333333,0.870780333333333,0,0,6,6,0.870780333333333,0.870780333333333,0.870780333333333,0.870780333333333,0,0,3,3,0.870780333333333,0.870780333333333,0.870780333333333,0.870780333333333,0,0,6,6
primary_01,1,B,FIXED_C4,1,-34.184892,85513190995597,RIGHT_CONTINUOUS,4,3,3,6,6,0,3,7,12563,85513190995597,0.851558333333333,0.851558333333333,0.851558333333333,0.851558333333333,0,0,6,6,0.851558333333333,0.851558333333333,0.851558333333333,0.851558333333333,0,0,3,3,0.851558333333333,0.851558333333333,0.851558333333333,0.851558333333333,0,0,6,6
primary_01,1,B,FIXED_C4,1,-34.133567,85513191046922,RIGHT_CONTINUOUS,4,3,3,6,6,0,4,7,12564,85513191046922,0.800233333333333,0.800233333333333,0.800233333333333,0.800233333333333,0,0,6,6,0.800233333333333,0.800233333333333,0.800233333333333,0.800233333333333,0,0,3,3,0.800233333333333,0.800233333333333,0.800233333333333,0.800233333333333,0,0,6,6
primary_01,1,B,FIXED_C4,1,-34.128483,85513191052006,RIGHT_CONTINUOUS,4,4,2,6,6,0,4,7,12564,85513191046922,0.795149333333333,0.795149333333333,0.795149333333333,0.795149333333333,0,0,6,6,0.795149333333333,0.795149333333333,0.795149333333333,0.795149333333333,0,0,2,2,0.795149333333333,0.795149333333333,0.795149333333333,0.795149333333333,0,0,6,6
primary_01,1,B,FIXED_C4,1,-34.058974,85513191121515,RIGHT_CONTINUOUS,4,3,2,5,5,0,4,7,12564,85513191046922,0.725640333333333,0.725640333333333,0.725640333333333,0.725640333333333,0,0,5,5,0.725640333333333,0.725640333333333,0.725640333333333,0.725640333333333,0,0,2,2,0.725640333333333,0.725640333333333,0.725640333333333,0.725640333333333,0,0,5,5
primary_01,1,B,FIXED_C4,1,-34.039696,85513191140793,RIGHT_CONTINUOUS,4,3,2,5,5,0,3,7,12565,85513191140793,0.706362333333333,0.706362333333333,0.706362333333333,0.706362333333333,0,0,5,5,0.706362333333333,0.706362333333333,0.706362333333333,0.706362333333333,0,0,2,2,0.706362333333333,0.706362333333333,0.706362333333333,0.706362333333333,0,0,5,5
primary_01,1,B,FIXED_C4,1,-33.985658,85513191194831,RIGHT_CONTINUOUS,4,3,2,5,5,0,4,7,12566,85513191194831,0.652324333333333,0.652324333333333,0.652324333333333,0.652324333333333,0,0,5,5,0.652324333333333,0.652324333333333,0.652324333333333,0.652324333333333,0,0,2,2,0.652324333333333,0.652324333333333,0.652324333333333,0.652324333333333,0,0,5,5
primary_01,1,B,FIXED_C4,1,-33.961001,85513191219488,RIGHT_CONTINUOUS,4,4,1,5,5,0,4,7,12566,85513191194831,0.627667333333333,0.627667333333333,0.627667333333333,0.627667333333333,0,0,5,5,0.627667333333333,0.627667333333333,0.627667333333333,0.627667333333333,0,0,1,1,0.627667333333333,0.627667333333333,0.627667333333333,0.627667333333333,0,0,5,5
primary_01,1,B,FIXED_C4,1,-33.333334,85513191847155,RIGHT_CONTINUOUS,4,4,1,12,5,7,4,7,12566,85513191194831,3.33333333333333e-07,3.33333333333333e-07,33.3333333333333,33.3333333333333,0,0,5,5,3.33333333333333e-07,3.33333333333333e-07,3.33333333333333e-07,3.33333333333333e-07,0,0,1,1,3.33333333333333e-07,3.33333333333333e-07,3.33333333333333e-07,3.33333333333333e-07,0,0,5,5
primary_01,1,B,FIXED_C4,1,-33.116828,85513192063661,RIGHT_CONTINUOUS,4,4,1,12,6,6,4,7,12566,85513191194831,-0.216505666666667,-0.216505666666667,33.1168273333333,33.1168273333333,5,0.416666666666667,0,0,-0.216505666666667,-0.216505666666667,-0.216505666666667,-0.216505666666667,1,1,0,0,-0.216505666666667,-0.216505666666667,-0.216505666666667,16.4501608333333,5,0.833333333333333,0,0
primary_01,1,B,FIXED_C4,1,-33.094023,85513192086466,RIGHT_CONTINUOUS,4,4,1,12,6,6,4,7,12567,85513192086466,-0.239310666666667,-0.239310666666667,33.0940223333333,33.0940223333333,5,0.416666666666667,0,0,-0.239310666666667,-0.239310666666667,-0.239310666666667,-0.239310666666667,1,1,0,0,-0.239310666666667,-0.239310666666667,-0.239310666666667,16.4273558333333,5,0.833333333333333,0,0
primary_01,1,B,FIXED_C4,1,-33.070531,85513192109958,RIGHT_CONTINUOUS,4,4,1,12,7,5,4,7,12567,85513192086466,-0.262802666666667,-0.262802666666667,33.0705303333333,33.0705303333333,5,0.416666666666667,0,0,-0.262802666666667,-0.262802666666667,-0.262802666666667,-0.262802666666667,1,1,0,0,-0.262802666666667,-0.262802666666667,-0.262802666666667,33.0705303333333,5,0.714285714285714,0,0
primary_01,1,B,FIXED_C4,1,-33.058512,85513192121977,RIGHT_CONTINUOUS,4,4,1,12,7,5,4,7,12568,85513192121977,-0.274821666666667,-0.274821666666667,33.0585113333333,33.0585113333333,5,0.416666666666667,0,0,-0.274821666666667,-0.274821666666667,-0.274821666666667,-0.274821666666667,1,1,0,0,-0.274821666666667,-0.274821666666667,-0.274821666666667,33.0585113333333,5,0.714285714285714,0,0
primary_01,1,B,FIXED_C4,1,-33.048577,85513192131912,RIGHT_CONTINUOUS,4,4,1,12,8,4,4,7,12568,85513192121977,-0.284756666666667,-0.284756666666667,33.0485763333333,33.0485763333333,5,0.416666666666667,0,0,-0.284756666666667,-0.284756666666667,-0.284756666666667,-0.284756666666667,1,1,0,0,-0.284756666666667,-0.284756666666667,-0.284756666666667,33.0485763333333,5,0.625,0,0
primary_01,1,B,FIXED_C4,1,-33.039114,85513192141375,RIGHT_CONTINUOUS,4,4,1,12,8,4,4,7,12569,85513192141375,-0.294219666666667,-0.294219666666667,33.0391133333333,33.0391133333333,5,0.416666666666667,0,0,-0.294219666666667,-0.294219666666667,-0.294219666666667,-0.294219666666667,1,1,0,0,-0.294219666666667,-0.294219666666667,-0.294219666666667,33.0391133333333,5,0.625,0,0
primary_01,1,B,FIXED_C4,1,-33.032596,85513192147893,RIGHT_CONTINUOUS,4,4,1,12,9,3,4,7,12569,85513192141375,-0.300737666666667,-0.300737666666667,33.0325953333333,33.0325953333333,5,0.416666666666667,0,0,-0.300737666666667,-0.300737666666667,-0.300737666666667,-0.300737666666667,1,1,0,0,-0.300737666666667,-0.300737666666667,-0.300737666666667,33.0325953333333,5,0.555555555555556,0,0
primary_01,1,B,FIXED_C4,1,-33.025883,85513192154606,RIGHT_CONTINUOUS,4,4,1,12,9,3,4,7,12570,85513192154606,-0.307450666666667,-0.307450666666667,33.0258823333333,33.0258823333333,5,0.416666666666667,0,0,-0.307450666666667,-0.307450666666667,-0.307450666666667,-0.307450666666667,1,1,0,0,-0.307450666666667,-0.307450666666667,-0.307450666666667,33.0258823333333,5,0.555555555555556,0,0
primary_01,1,B,FIXED_C4,1,-33.019725,85513192160764,RIGHT_CONTINUOUS,4,4,1,12,10,2,4,7,12570,85513192154606,-0.313608666666667,-0.313608666666667,33.0197243333333,33.0197243333333,5,0.416666666666667,0,0,-0.313608666666667,-0.313608666666667,-0.313608666666667,-0.313608666666667,1,1,0,0,-0.313608666666667,-0.313608666666667,16.3530578333333,33.0197243333333,5,0.5,0,0
primary_01,1,B,FIXED_C4,1,-33.012262,85513192168227,RIGHT_CONTINUOUS,4,4,1,12,10,2,4,7,12571,85513192168227,-0.321071666666667,-0.321071666666667,33.0122613333333,33.0122613333333,5,0.416666666666667,0,0,-0.321071666666667,-0.321071666666667,-0.321071666666667,-0.321071666666667,1,1,0,0,-0.321071666666667,-0.321071666666667,16.3455948333333,33.0122613333333,5,0.5,0,0
primary_01,1,B,FIXED_C4,1,-33.006077,85513192174412,RIGHT_CONTINUOUS,4,4,1,12,11,1,4,7,12571,85513192168227,-0.327256666666667,-0.327256666666667,33.0060763333333,33.0060763333333,5,0.416666666666667,0,0,-0.327256666666667,-0.327256666666667,-0.327256666666667,-0.327256666666667,1,1,0,0,-0.327256666666667,-0.327256666666667,33.0060763333333,33.0060763333333,5,0.454545454545455,0,0
primary_01,1,B,FIXED_C4,1,-32.998068,85513192182421,RIGHT_CONTINUOUS,4,4,1,12,11,1,4,7,12572,85513192182421,-0.335265666666667,-0.335265666666667,32.9980673333333,32.9980673333333,5,0.416666666666667,0,0,-0.335265666666667,-0.335265666666667,-0.335265666666667,-0.335265666666667,1,1,0,0,-0.335265666666667,-0.335265666666667,32.9980673333333,32.9980673333333,5,0.454545454545455,0,0
primary_01,1,B,FIXED_C4,1,-32.991716,85513192188773,RIGHT_CONTINUOUS,4,4,1,12,12,0,4,7,12572,85513192182421,-0.341617666666667,-0.341617666666667,32.9917153333333,32.9917153333333,5,0.416666666666667,0,0,-0.341617666666667,-0.341617666666667,-0.341617666666667,-0.341617666666667,1,1,0,0,-0.341617666666667,-0.341617666666667,32.9917153333333,32.9917153333333,5,0.416666666666667,0,0
primary_01,1,B,FIXED_C4,1,-32.969197,85513192211292,RIGHT_CONTINUOUS,4,4,1,12,12,0,4,7,12573,85513192211292,-0.364136666666667,-0.364136666666667,32.9691963333333,32.9691963333333,5,0.416666666666667,0,0,-0.364136666666667,-0.364136666666667,-0.364136666666667,-0.364136666666667,1,1,0,0,-0.364136666666667,-0.364136666666667,32.9691963333333,32.9691963333333,5,0.416666666666667,0,0
primary_01,1,B,FIXED_C4,1,-32.935002,85513192245487,RIGHT_CONTINUOUS,4,4,1,12,12,0,4,7,12573,85513192211292,-0.398331666666667,-0.398331666666667,32.9350013333333,32.9350013333333,5,0.416666666666667,0,0,-0.398331666666667,-0.398331666666667,-0.398331666666667,-0.398331666666667,1,1,0,0,-0.398331666666667,-0.398331666666667,32.9350013333333,32.9350013333333,5,0.416666666666667,0,0
primary_01,1,B,FIXED_C4,1,-32.884937,85513192295552,RIGHT_CONTINUOUS,4,4,1,12,12,0,4,7,12573,85513192211292,-0.448396666666667,-0.448396666666667,32.8849363333333,32.8849363333333,5,0.416666666666667,0,0,-0.448396666666667,-0.448396666666667,-0.448396666666667,-0.448396666666667,1,1,0,0,-0.448396666666667,-0.448396666666667,32.8849363333333,32.8849363333333,5,0.416666666666667,0,0
primary_01,1,B,FIXED_C4,1,-32.85278,85513192327709,RIGHT_CONTINUOUS,4,4,1,12,12,0,4,7,12573,85513192211292,-0.480553666666667,-0.480553666666667,32.8527793333333,32.8527793333333,5,0.416666666666667,0,0,-0.480553666666667,-0.480553666666667,-0.480553666666667,-0.480553666666667,1,1,0,0,-0.480553666666667,-0.480553666666667,32.8527793333333,32.8527793333333,5,0.416666666666667,0,0
primary_01,1,B,FIXED_C4,1,-32.80765,85513192372839,RIGHT_CONTINUOUS,4,4,1,12,12,0,4,7,12573,85513192211292,-0.525683666666667,-0.525683666666667,32.8076493333333,32.8076493333333,5,0.416666666666667,0,0,-0.525683666666667,-0.525683666666667,-0.525683666666667,-0.525683666666667,1,1,0,0,-0.525683666666667,-0.525683666666667,32.8076493333333,32.8076493333333,5,0.416666666666667,0,0
primary_01,1,B,FIXED_C4,1,-32.778307,85513192402182,RIGHT_CONTINUOUS,4,4,1,12,12,0,4,7,12573,85513192211292,-0.555026666666667,-0.555026666666667,32.7783063333333,32.7783063333333,5,0.416666666666667,0,0,-0.555026666666667,-0.555026666666667,-0.555026666666667,-0.555026666666667,1,1,0,0,-0.555026666666667,-0.555026666666667,32.7783063333333,32.7783063333333,5,0.416666666666667,0,0
primary_01,1,B,FIXED_C4,1,-29.867147,85513195313342,RIGHT_CONTINUOUS,4,3,1,11,11,0,4,7,12573,85513192211292,-3.46618666666667,-3.46618666666667,29.8671463333333,29.8671463333333,4,0.363636363636364,0,0,-3.46618666666667,-3.46618666666667,-3.46618666666667,-3.46618666666667,1,1,0,0,-3.46618666666667,-3.46618666666667,29.8671463333333,29.8671463333333,4,0.363636363636364,0,0
primary_01,1,B,FIXED_C4,1,-29.848147,85513195332342,RIGHT_CONTINUOUS,4,3,1,11,11,0,3,7,12574,85513195332342,-3.48518666666667,-3.48518666666667,29.8481463333333,29.8481463333333,4,0.363636363636364,0,0,-3.48518666666667,-3.48518666666667,-3.48518666666667,-3.48518666666667,1,1,0,0,-3.48518666666667,-3.48518666666667,29.8481463333333,29.8481463333333,4,0.363636363636364,0,0
primary_01,1,B,FIXED_C4,1,-29.799303,85513195381186,RIGHT_CONTINUOUS,4,3,1,11,11,0,4,7,12575,85513195381186,-3.53403066666667,-3.53403066666667,29.7993023333333,29.7993023333333,4,0.363636363636364,0,0,-3.53403066666667,-3.53403066666667,-3.53403066666667,-3.53403066666667,1,1,0,0,-3.53403066666667,-3.53403066666667,29.7993023333333,29.7993023333333,4,0.363636363636364,0,0
primary_01,1,B,FIXED_C4,1,-29.793924,85513195386565,RIGHT_CONTINUOUS,4,4,0,11,11,0,4,7,12575,85513195381186,-3.53940966666667,-3.53940966666667,29.7939233333333,29.7939233333333,4,0.363636363636364,0,0,,,,,0,,0,0,-3.53940966666667,-3.53940966666667,29.7939233333333,29.7939233333333,4,0.363636363636364,0,0
primary_01,1,B,FIXED_C4,1,-29.67808,85513195502409,RIGHT_CONTINUOUS,4,4,0,11,11,0,4,7,12575,85513195381186,-3.65525366666667,-3.65525366666667,29.6780793333333,29.6780793333333,4,0.363636363636364,0,0,,,,,0,,0,0,-3.65525366666667,-3.65525366666667,29.6780793333333,29.6780793333333,4,0.363636363636364,0,0
primary_01,1,B,FIXED_C4,1,-29.622015,85513195558474,RIGHT_CONTINUOUS,4,4,0,11,11,0,4,7,12575,85513195381186,-3.71131866666667,-3.71131866666667,29.6220143333333,29.6220143333333,4,0.363636363636364,0,0,,,,,0,,0,0,-3.71131866666667,-3.71131866666667,29.6220143333333,29.6220143333333,4,0.363636363636364,0,0
primary_01,1,B,FIXED_C4,1,-29.583432,85513195597057,RIGHT_CONTINUOUS,4,3,0,10,10,0,4,7,12575,85513195381186,-3.74990166666667,-3.74990166666667,29.5834313333333,29.5834313333333,3,0.3,0,0,,,,,0,,0,0,-3.74990166666667,-3.74990166666667,29.5834313333333,29.5834313333333,3,0.3,0,0
primary_01,1,B,FIXED_C4,1,-29.560774,85513195619715,RIGHT_CONTINUOUS,4,3,0,10,10,0,3,7,12576,85513195619715,-3.77255966666667,-3.77255966666667,29.5607733333333,29.5607733333333,3,0.3,0,0,,,,,0,,0,0,-3.77255966666667,-3.77255966666667,29.5607733333333,29.5607733333333,3,0.3,0,0
primary_01,1,B,FIXED_C4,1,-23.889371,85513201291118,RIGHT_CONTINUOUS,4,2,0,9,9,0,3,7,12576,85513195619715,-9.44396266666667,-9.44396266666667,23.8893703333333,23.8893703333333,2,0.222222222222222,0,0,,,,,0,,0,0,-9.44396266666667,-9.44396266666667,23.8893703333333,23.8893703333333,2,0.222222222222222,0,0
primary_01,1,B,FIXED_C4,1,-23.865936,85513201314553,RIGHT_CONTINUOUS,4,2,0,9,9,0,2,7,12577,85513201314553,-9.46739766666667,-9.46739766666667,23.8659353333333,23.8659353333333,2,0.222222222222222,0,0,,,,,0,,0,0,-9.46739766666667,-9.46739766666667,23.8659353333333,23.8659353333333,2,0.222222222222222,0,0
primary_01,1,B,FIXED_C4,1,-23.778926,85513201401563,RIGHT_CONTINUOUS,4,1,0,8,8,0,2,7,12577,85513201314553,-9.55440766666667,13.7789254333333,23.7789253333333,23.7789253333333,1,0.125,0,0,,,,,0,,0,0,-9.55440766666667,13.7789254333333,23.7789253333333,23.7789253333333,1,0.125,0,0
primary_01,1,B,FIXED_C4,1,-23.758056,85513201422433,RIGHT_CONTINUOUS,4,1,0,8,8,0,1,7,12578,85513201422433,-9.57527766666667,13.7580554333333,23.7580553333333,23.7580553333333,1,0.125,0,0,,,,,0,,0,0,-9.57527766666667,13.7580554333333,23.7580553333333,23.7580553333333,1,0.125,0,0
primary_01,1,B,FIXED_C4,1,-21.50004,85513203680449,RIGHT_CONTINUOUS,4,1,1,8,8,0,1,7,12578,85513201422433,-11.8332936666667,11.5000394333333,21.5000393333333,21.5000393333333,1,0.125,0,0,21.5000393333333,21.5000393333333,21.5000393333333,21.5000393333333,0,0,0,0,-11.8332936666667,11.5000394333333,21.5000393333333,21.5000393333333,1,0.125,0,0
primary_01,1,B,FIXED_C4,1,-21.495567,85513203684922,RIGHT_CONTINUOUS,4,1,1,8,8,0,1,7,12579,85513203684922,-11.8377666666667,11.4955664333333,21.4955663333333,21.4955663333333,1,0.125,0,0,21.4955663333333,21.4955663333333,21.4955663333333,21.4955663333333,0,0,0,0,-11.8377666666667,11.4955664333333,21.4955663333333,21.4955663333333,1,0.125,0,0
primary_01,1,B,FIXED_C4,1,-21.380409,85513203800080,RIGHT_CONTINUOUS,4,1,1,8,8,0,2,7,12580,85513203800080,-11.9529246666667,11.3804084333333,21.3804083333333,21.3804083333333,1,0.125,0,0,21.3804083333333,21.3804083333333,21.3804083333333,21.3804083333333,0,0,0,0,-11.9529246666667,11.3804084333333,21.3804083333333,21.3804083333333,1,0.125,0,0
primary_01,1,B,FIXED_C4,1,-21.372566,85513203807923,RIGHT_CONTINUOUS,4,2,0,8,8,0,2,7,12580,85513203800080,-11.9607676666667,11.3725654333333,21.3725653333333,21.3725653333333,1,0.125,0,0,,,,,0,,0,0,-11.9607676666667,11.3725654333333,21.3725653333333,21.3725653333333,1,0.125,0,0
primary_01,1,B,FIXED_C4,1,-20.810701,85513204369788,RIGHT_CONTINUOUS,4,2,1,8,8,0,2,7,12580,85513203800080,-12.5226326666667,10.8107004333333,20.8107003333333,20.8107003333333,1,0.125,0,0,20.8107003333333,20.8107003333333,20.8107003333333,20.8107003333333,0,0,0,0,-12.5226326666667,10.8107004333333,20.8107003333333,20.8107003333333,1,0.125,0,0
primary_01,1,B,FIXED_C4,1,-20.806775,85513204373714,RIGHT_CONTINUOUS,4,2,1,8,8,0,2,7,12581,85513204373714,-12.5265586666667,10.8067744333333,20.8067743333333,20.8067743333333,1,0.125,0,0,20.8067743333333,20.8067743333333,20.8067743333333,20.8067743333333,0,0,0,0,-12.5265586666667,10.8067744333333,20.8067743333333,20.8067743333333,1,0.125,0,0
primary_01,1,B,FIXED_C4,1,-20.721867,85513204458622,RIGHT_CONTINUOUS,4,2,1,8,8,0,3,7,12582,85513204458622,-12.6114666666667,10.7218664333333,20.7218663333333,20.7218663333333,1,0.125,0,0,20.7218663333333,20.7218663333333,20.7218663333333,20.7218663333333,0,0,0,0,-12.6114666666667,10.7218664333333,20.7218663333333,20.7218663333333,1,0.125,0,0
primary_01,1,B,FIXED_C4,1,-20.710849,85513204469640,RIGHT_CONTINUOUS,4,3,0,8,8,0,3,7,12582,85513204458622,-12.6224846666667,10.7108484333333,20.7108483333333,20.7108483333333,1,0.125,0,0,,,,,0,,0,0,-12.6224846666667,10.7108484333333,20.7108483333333,20.7108483333333,1,0.125,0,0
primary_01,1,B,FIXED_C4,1,-19.498293,85513205682196,RIGHT_CONTINUOUS,4,3,1,8,8,0,3,7,12582,85513204458622,-13.8350406666667,9.49829243333333,19.4982923333333,19.4982923333333,1,0.125,0,0,19.4982923333333,19.4982923333333,19.4982923333333,19.4982923333333,0,0,0,0,-13.8350406666667,9.49829243333333,19.4982923333333,19.4982923333333,1,0.125,0,0
primary_01,1,B,FIXED_C4,1,-19.493904,85513205686585,RIGHT_CONTINUOUS,4,3,1,8,8,0,3,7,12583,85513205686585,-13.8394296666667,9.49390343333333,19.4939033333333,19.4939033333333,1,0.125,0,0,19.4939033333333,19.4939033333333,19.4939033333333,19.4939033333333,0,0,0,0,-13.8394296666667,9.49390343333333,19.4939033333333,19.4939033333333,1,0.125,0,0
primary_01,1,B,FIXED_C4,1,-19.426265,85513205754224,RIGHT_CONTINUOUS,4,3,1,8,8,0,4,7,12584,85513205754224,-13.9070686666667,9.42626443333334,19.4262643333333,19.4262643333333,1,0.125,0,0,19.4262643333333,19.4262643333333,19.4262643333333,19.4262643333333,0,0,0,0,-13.9070686666667,9.42626443333334,19.4262643333333,19.4262643333333,1,0.125,0,0
primary_01,1,B,FIXED_C4,1,-19.417543,85513205762946,RIGHT_CONTINUOUS,4,4,0,8,8,0,4,7,12584,85513205754224,-13.9157906666667,9.41754243333334,19.4175423333333,19.4175423333333,1,0.125,0,0,,,,,0,,0,0,-13.9157906666667,9.41754243333334,19.4175423333333,19.4175423333333,1,0.125,0,0
primary_01,1,B,FIXED_C4,1,-19.360014,85513205820475,RIGHT_CONTINUOUS,4,4,1,8,8,0,4,7,12584,85513205754224,-13.9733196666667,9.36001343333334,19.3600133333333,19.3600133333333,1,0.125,0,0,19.3600133333333,19.3600133333333,19.3600133333333,19.3600133333333,0,0,0,0,-13.9733196666667,9.36001343333334,19.3600133333333,19.3600133333333,1,0.125,0,0
primary_01,1,B,FIXED_C4,1,-19.357366,85513205823123,RIGHT_CONTINUOUS,4,4,1,8,8,0,4,7,12585,85513205823123,-13.9759676666667,9.35736543333334,19.3573653333333,19.3573653333333,1,0.125,0,0,19.3573653333333,19.3573653333333,19.3573653333333,19.3573653333333,0,0,0,0,-13.9759676666667,9.35736543333334,19.3573653333333,19.3573653333333,1,0.125,0,0
primary_01,1,B,FIXED_C4,1,-17.430871,85513207749618,RIGHT_CONTINUOUS,4,4,2,8,8,0,4,7,12585,85513205823123,-15.9024626666667,7.43087043333334,17.4308703333333,17.4308703333333,1,0.125,0,0,17.4308703333333,17.4308703333333,17.4308703333333,17.4308703333333,0,0,0,0,-15.9024626666667,7.43087043333334,17.4308703333333,17.4308703333333,1,0.125,0,0
primary_01,1,B,FIXED_C4,1,-17.425389,85513207755100,RIGHT_CONTINUOUS,4,4,2,8,8,0,4,7,12586,85513207755100,-15.9079446666667,7.42538843333334,17.4253883333333,17.4253883333333,1,0.125,0,0,17.4253883333333,17.4253883333333,17.4253883333333,17.4253883333333,0,0,0,0,-15.9079446666667,7.42538843333334,17.4253883333333,17.4253883333333,1,0.125,0,0
primary_01,1,B,FIXED_C4,1,-17.069091,85513208111398,RIGHT_CONTINUOUS,4,3,2,7,7,0,4,7,12586,85513207755100,17.0690903333333,17.0690903333333,17.0690903333333,17.0690903333333,0,0,0,0,17.0690903333333,17.0690903333333,17.0690903333333,17.0690903333333,0,0,0,0,17.0690903333333,17.0690903333333,17.0690903333333,17.0690903333333,0,0,0,0
primary_01,1,B,FIXED_C4,1,-17.0516,85513208128889,RIGHT_CONTINUOUS,4,3,2,7,7,0,3,7,12587,85513208128889,17.0515993333333,17.0515993333333,17.0515993333333,17.0515993333333,0,0,0,0,17.0515993333333,17.0515993333333,17.0515993333333,17.0515993333333,0,0,0,0,17.0515993333333,17.0515993333333,17.0515993333333,17.0515993333333,0,0,0,0
primary_01,1,B,FIXED_C4,1,-17.003877,85513208176612,RIGHT_CONTINUOUS,4,3,2,7,7,0,4,7,12588,85513208176612,17.0038763333333,17.0038763333333,17.0038763333333,17.0038763333333,0,0,0,0,17.0038763333333,17.0038763333333,17.0038763333333,17.0038763333333,0,0,0,0,17.0038763333333,17.0038763333333,17.0038763333333,17.0038763333333,0,0,0,0
primary_01,1,B,FIXED_C4,1,-16.998868,85513208181621,RIGHT_CONTINUOUS,4,4,1,7,7,0,4,7,12588,85513208176612,16.9988673333333,16.9988673333333,16.9988673333333,16.9988673333333,0,0,0,0,16.9988673333333,16.9988673333333,16.9988673333333,16.9988673333333,0,0,0,0,16.9988673333333,16.9988673333333,16.9988673333333,16.9988673333333,0,0,0,0
primary_01,1,B,FIXED_C4,1,-16.044574,85513209135915,RIGHT_CONTINUOUS,4,4,2,7,7,0,4,7,12588,85513208176612,16.0445733333333,16.0445733333333,16.0445733333333,16.0445733333333,0,0,0,0,16.0445733333333,16.0445733333333,16.0445733333333,16.0445733333333,0,0,0,0,16.0445733333333,16.0445733333333,16.0445733333333,16.0445733333333,0,0,0,0
primary_01,1,B,FIXED_C4,1,-16.040778,85513209139711,RIGHT_CONTINUOUS,4,4,2,7,7,0,4,7,12589,85513209139711,16.0407773333333,16.0407773333333,16.0407773333333,16.0407773333333,0,0,0,0,16.0407773333333,16.0407773333333,16.0407773333333,16.0407773333333,0,0,0,0,16.0407773333333,16.0407773333333,16.0407773333333,16.0407773333333,0,0,0,0
primary_01,1,B,FIXED_C4,1,-15.390421,85513209790068,RIGHT_CONTINUOUS,4,4,3,7,7,0,4,7,12589,85513209139711,15.3904203333333,15.3904203333333,15.3904203333333,15.3904203333333,0,0,0,0,15.3904203333333,15.3904203333333,15.3904203333333,15.3904203333333,0,0,0,0,15.3904203333333,15.3904203333333,15.3904203333333,15.3904203333333,0,0,0,0
primary_01,1,B,FIXED_C4,1,-15.385374,85513209795115,RIGHT_CONTINUOUS,4,4,3,7,7,0,4,7,12590,85513209795115,15.3853733333333,15.3853733333333,15.3853733333333,15.3853733333333,0,0,0,0,15.3853733333333,15.3853733333333,15.3853733333333,15.3853733333333,0,0,0,0,15.3853733333333,15.3853733333333,15.3853733333333,15.3853733333333,0,0,0,0
primary_01,1,B,FIXED_C4,1,-9.927038,85513215253451,RIGHT_CONTINUOUS,4,3,3,6,6,0,4,7,12590,85513209795115,9.92703733333333,9.92703733333333,9.92703733333333,9.92703733333333,0,0,0,6,9.92703733333333,9.92703733333333,9.92703733333333,9.92703733333333,0,0,0,3,9.92703733333333,9.92703733333333,9.92703733333333,9.92703733333333,0,0,0,6
primary_01,1,B,FIXED_C4,1,-9.905149,85513215275340,RIGHT_CONTINUOUS,4,3,3,6,6,0,3,7,12591,85513215275340,9.90514833333333,9.90514833333333,9.90514833333333,9.90514833333333,0,0,0,6,9.90514833333333,9.90514833333333,9.90514833333333,9.90514833333333,0,0,0,3,9.90514833333333,9.90514833333333,9.90514833333333,9.90514833333333,0,0,0,6
primary_01,1,B,FIXED_C4,1,-9.848177,85513215332312,RIGHT_CONTINUOUS,4,3,3,6,6,0,4,7,12592,85513215332312,9.84817633333333,9.84817633333333,9.84817633333333,9.84817633333333,0,0,0,6,9.84817633333333,9.84817633333333,9.84817633333333,9.84817633333333,0,0,0,3,9.84817633333333,9.84817633333333,9.84817633333333,9.84817633333333,0,0,0,6
primary_01,1,B,FIXED_C4,1,-9.84189,85513215338599,RIGHT_CONTINUOUS,4,4,2,6,6,0,4,7,12592,85513215332312,9.84188933333333,9.84188933333333,9.84188933333333,9.84188933333333,0,0,0,6,9.84188933333333,9.84188933333333,9.84188933333333,9.84188933333333,0,0,0,2,9.84188933333333,9.84188933333333,9.84188933333333,9.84188933333333,0,0,0,6
primary_01,1,B,FIXED_C4,1,-4.252516,85513220927973,RIGHT_CONTINUOUS,4,3,2,5,5,0,4,7,12592,85513215332312,4.25251533333333,4.25251533333333,4.25251533333333,4.25251533333333,0,0,5,5,4.25251533333333,4.25251533333333,4.25251533333333,4.25251533333333,0,0,2,2,4.25251533333333,4.25251533333333,4.25251533333333,4.25251533333333,0,0,5,5
primary_01,1,B,FIXED_C4,1,-4.230294,85513220950195,RIGHT_CONTINUOUS,4,3,2,5,5,0,3,7,12593,85513220950195,4.23029333333333,4.23029333333333,4.23029333333333,4.23029333333333,0,0,5,5,4.23029333333333,4.23029333333333,4.23029333333333,4.23029333333333,0,0,2,2,4.23029333333333,4.23029333333333,4.23029333333333,4.23029333333333,0,0,5,5
primary_01,1,B,FIXED_C4,1,-4.170404,85513221010085,RIGHT_CONTINUOUS,4,3,2,5,5,0,4,7,12594,85513221010085,4.17040333333333,4.17040333333333,4.17040333333333,4.17040333333333,0,0,5,5,4.17040333333333,4.17040333333333,4.17040333333333,4.17040333333333,0,0,2,2,4.17040333333333,4.17040333333333,4.17040333333333,4.17040333333333,0,0,5,5
primary_01,1,B,FIXED_C4,1,-4.162617,85513221017872,RIGHT_CONTINUOUS,4,4,1,5,5,0,4,7,12594,85513221010085,4.16261633333333,4.16261633333333,4.16261633333333,4.16261633333333,0,0,5,5,4.16261633333333,4.16261633333333,4.16261633333333,4.16261633333333,0,0,1,1,4.16261633333333,4.16261633333333,4.16261633333333,4.16261633333333,0,0,5,5
primary_01,1,B,FIXED_C4,1,-3.163777,85513222016712,RIGHT_CONTINUOUS,4,3,1,4,4,0,4,7,12594,85513221010085,3.16377633333333,3.16377633333333,3.16377633333333,3.16377633333333,0,0,4,4,3.16377633333333,3.16377633333333,3.16377633333333,3.16377633333333,0,0,1,1,3.16377633333333,3.16377633333333,3.16377633333333,3.16377633333333,0,0,4,4
primary_01,1,B,FIXED_C4,1,-3.138943,85513222041546,RIGHT_CONTINUOUS,4,3,1,4,4,0,3,7,12595,85513222041546,3.13894233333333,3.13894233333333,3.13894233333333,3.13894233333333,0,0,4,4,3.13894233333333,3.13894233333333,3.13894233333333,3.13894233333333,0,0,1,1,3.13894233333333,3.13894233333333,3.13894233333333,3.13894233333333,0,0,4,4
primary_01,1,B,FIXED_C4,1,-3.078664,85513222101825,RIGHT_CONTINUOUS,4,3,1,4,4,0,4,7,12596,85513222101825,3.07866333333333,3.07866333333333,3.07866333333333,3.07866333333333,0,0,4,4,3.07866333333333,3.07866333333333,3.07866333333333,3.07866333333333,0,0,1,1,3.07866333333333,3.07866333333333,3.07866333333333,3.07866333333333,0,0,4,4
primary_01,1,B,FIXED_C4,1,-3.071072,85513222109417,RIGHT_CONTINUOUS,4,4,0,4,4,0,4,7,12596,85513222101825,3.07107133333333,3.07107133333333,3.07107133333333,3.07107133333333,0,0,4,4,,,,,0,,0,0,3.07107133333333,3.07107133333333,3.07107133333333,3.07107133333333,0,0,4,4
primary_01,1,B,FIXED_C4,1,-1.377977,85513223802512,RIGHT_CONTINUOUS,4,3,0,3,3,0,4,7,12596,85513222101825,1.37797633333333,1.37797633333333,1.37797633333333,1.37797633333333,0,0,3,3,,,,,0,,0,0,1.37797633333333,1.37797633333333,1.37797633333333,1.37797633333333,0,0,3,3
primary_01,1,B,FIXED_C4,1,-1.357402,85513223823087,RIGHT_CONTINUOUS,4,3,0,3,3,0,3,7,12597,85513223823087,1.35740133333333,1.35740133333333,1.35740133333333,1.35740133333333,0,0,3,3,,,,,0,,0,0,1.35740133333333,1.35740133333333,1.35740133333333,1.35740133333333,0,0,3,3
primary_01,1,B,FIXED_C4,1,0,85513225180489,RIGHT_CONTINUOUS,4,3,0,9,3,6,3,7,12597,85513223823087,-6.66666666666667e-07,-6.66666666666667e-07,33.3333333333333,33.3333333333333,3,0.333333333333333,0,0,,,,,0,,0,0,-6.66666666666667e-07,-6.66666666666667e-07,-6.66666666666667e-07,-6.66666666666667e-07,3,1,0,0
primary_01,1,B,FIXED_C4,1,0.106016,85513225286505,RIGHT_CONTINUOUS,4,3,0,9,3,6,3,6,12598,85513225286505,-0.106016666666667,-0.106016666666667,33.2273173333333,33.2273173333333,3,0.333333333333333,0,0,,,,,0,,0,0,-0.106016666666667,-0.106016666666667,-0.106016666666667,-0.106016666666667,3,1,0,0
primary_01,1,B,FIXED_C4,1,0.151229,85513225331718,RIGHT_CONTINUOUS,4,3,0,9,3,6,3,6,12599,85513225331718,-0.151229666666667,-0.151229666666667,33.1821043333333,33.1821043333333,3,0.333333333333333,0,0,,,,,0,,0,0,-0.151229666666667,-0.151229666666667,-0.151229666666667,-0.151229666666667,3,1,0,0
primary_01,1,B,FIXED_C4,1,0.17146,85513225351949,RIGHT_CONTINUOUS,4,3,0,9,4,5,3,6,12599,85513225331718,-0.171460666666667,-0.171460666666667,33.1618733333333,33.1618733333333,3,0.333333333333333,0,0,,,,,0,,0,0,-0.171460666666667,-0.171460666666667,-0.171460666666667,23.1618731333333,3,0.75,0,0
primary_01,1,B,FIXED_C4,1,0.190433,85513225370922,RIGHT_CONTINUOUS,4,3,0,9,4,5,3,6,12600,85513225370922,-0.190433666666667,-0.190433666666667,33.1429003333333,33.1429003333333,3,0.333333333333333,0,0,,,,,0,,0,0,-0.190433666666667,-0.190433666666667,-0.190433666666667,23.1429001333333,3,0.75,0,0
primary_01,1,B,FIXED_C4,1,0.201062,85513225381551,RIGHT_CONTINUOUS,4,3,0,9,5,4,3,6,12600,85513225370922,-0.201062666666667,-0.201062666666667,33.1322713333333,33.1322713333333,3,0.333333333333333,0,0,,,,,0,,0,0,-0.201062666666667,-0.201062666666667,-0.201062666666667,33.1322713333333,3,0.6,0,0
primary_01,1,B,FIXED_C4,1,0.210312,85513225390801,RIGHT_CONTINUOUS,4,3,0,9,5,4,3,6,12601,85513225390801,-0.210312666666667,-0.210312666666667,33.1230213333333,33.1230213333333,3,0.333333333333333,0,0,,,,,0,,0,0,-0.210312666666667,-0.210312666666667,-0.210312666666667,33.1230213333333,3,0.6,0,0
primary_01,1,B,FIXED_C4,1,0.216998,85513225397487,RIGHT_CONTINUOUS,4,3,0,9,6,3,3,6,12601,85513225390801,-0.216998666666667,-0.216998666666667,33.1163353333333,33.1163353333333,3,0.333333333333333,0,0,,,,,0,,0,0,-0.216998666666667,-0.216998666666667,16.4496683333333,33.1163353333333,3,0.5,0,0
primary_01,1,B,FIXED_C4,1,0.226526,85513225407015,RIGHT_CONTINUOUS,4,3,0,9,6,3,3,6,12602,85513225407015,-0.226526666666667,-0.226526666666667,33.1068073333333,33.1068073333333,3,0.333333333333333,0,0,,,,,0,,0,0,-0.226526666666667,-0.226526666666667,16.4401403333333,33.1068073333333,3,0.5,0,0
primary_01,1,B,FIXED_C4,1,0.232739,85513225413228,RIGHT_CONTINUOUS,4,3,0,9,7,2,3,6,12602,85513225407015,-0.232739666666667,-0.232739666666667,33.1005943333333,33.1005943333333,3,0.333333333333333,0,0,,,,,0,,0,0,-0.232739666666667,-0.232739666666667,33.1005943333333,33.1005943333333,3,0.428571428571429,0,0
primary_01,1,B,FIXED_C4,1,0.2411,85513225421589,RIGHT_CONTINUOUS,4,3,0,9,7,2,3,6,12603,85513225421589,-0.241100666666667,-0.241100666666667,33.0922333333333,33.0922333333333,3,0.333333333333333,0,0,,,,,0,,0,0,-0.241100666666667,-0.241100666666667,33.0922333333333,33.0922333333333,3,0.428571428571429,0,0
primary_01,1,B,FIXED_C4,1,0.247054,85513225427543,RIGHT_CONTINUOUS,4,3,0,9,8,1,3,6,12603,85513225421589,-0.247054666666667,-0.247054666666667,33.0862793333333,33.0862793333333,3,0.333333333333333,0,0,,,,,0,,0,0,-0.247054666666667,-0.247054666666667,33.0862793333333,33.0862793333333,3,0.375,0,0
primary_01,1,B,FIXED_C4,1,0.255952,85513225436441,RIGHT_CONTINUOUS,4,3,0,9,8,1,3,6,12604,85513225436441,-0.255952666666667,-0.255952666666667,33.0773813333333,33.0773813333333,3,0.333333333333333,0,0,,,,,0,,0,0,-0.255952666666667,-0.255952666666667,33.0773813333333,33.0773813333333,3,0.375,0,0
primary_01,1,B,FIXED_C4,1,0.261897,85513225442386,RIGHT_CONTINUOUS,4,3,0,9,9,0,3,6,12604,85513225436441,-0.261897666666667,-0.261897666666667,33.0714363333333,33.0714363333333,3,0.333333333333333,0,0,,,,,0,,0,0,-0.261897666666667,-0.261897666666667,33.0714363333333,33.0714363333333,3,0.333333333333333,0,0
primary_01,1,B,FIXED_C4,1,0.270471,85513225450960,RIGHT_CONTINUOUS,4,3,0,9,9,0,3,6,12605,85513225450960,-0.270471666666667,-0.270471666666667,33.0628623333333,33.0628623333333,3,0.333333333333333,0,0,,,,,0,,0,0,-0.270471666666667,-0.270471666666667,33.0628623333333,33.0628623333333,3,0.333333333333333,0,0
primary_01,1,B,FIXED_C4,1,0.402305,85513225582794,RIGHT_CONTINUOUS,4,3,0,9,9,0,3,6,12605,85513225450960,-0.402305666666667,-0.402305666666667,32.9310283333333,32.9310283333333,3,0.333333333333333,0,0,,,,,0,,0,0,-0.402305666666667,-0.402305666666667,32.9310283333333,32.9310283333333,3,0.333333333333333,0,0
primary_01,1,B,FIXED_C4,1,0.445675,85513225626164,RIGHT_CONTINUOUS,4,3,0,9,9,0,3,6,12605,85513225450960,-0.445675666666667,-0.445675666666667,32.8876583333333,32.8876583333333,3,0.333333333333333,0,0,,,,,0,,0,0,-0.445675666666667,-0.445675666666667,32.8876583333333,32.8876583333333,3,0.333333333333333,0,0
primary_01,1,B,FIXED_C4,1,0.493445,85513225673934,RIGHT_CONTINUOUS,4,3,0,9,9,0,3,6,12605,85513225450960,-0.493445666666667,-0.493445666666667,32.8398883333333,32.8398883333333,3,0.333333333333333,0,0,,,,,0,,0,0,-0.493445666666667,-0.493445666666667,32.8398883333333,32.8398883333333,3,0.333333333333333,0,0
primary_01,1,B,FIXED_C4,1,1.348858,85513226529347,RIGHT_CONTINUOUS,4,3,0,9,9,0,3,6,12605,85513225450960,-1.34885866666667,-1.34885866666667,31.9844753333333,31.9844753333333,3,0.333333333333333,0,0,,,,,0,,0,0,-1.34885866666667,-1.34885866666667,31.9844753333333,31.9844753333333,3,0.333333333333333,0,0
primary_01,1,B,FIXED_C4,1,1.419071,85513226599560,RIGHT_CONTINUOUS,4,3,0,9,9,0,3,6,12605,85513225450960,-1.41907166666667,-1.41907166666667,31.9142623333333,31.9142623333333,3,0.333333333333333,0,0,,,,,0,,0,0,-1.41907166666667,-1.41907166666667,31.9142623333333,31.9142623333333,3,0.333333333333333,0,0
primary_01,1,B,FIXED_C4,1,2.287032,85513227467521,RIGHT_CONTINUOUS,4,3,0,9,9,0,3,6,12605,85513225450960,-2.28703266666667,-2.28703266666667,31.0463013333333,31.0463013333333,3,0.333333333333333,0,0,,,,,0,,0,0,-2.28703266666667,-2.28703266666667,31.0463013333333,31.0463013333333,3,0.333333333333333,0,0
primary_01,1,B,FIXED_C4,1,5.081876,85513230262365,RIGHT_CONTINUOUS,4,2,0,8,8,0,3,6,12605,85513225450960,-5.08187666666667,-5.08187666666667,28.2514573333333,28.2514573333333,2,0.25,0,0,,,,,0,,0,0,-5.08187666666667,-5.08187666666667,28.2514573333333,28.2514573333333,2,0.25,0,0
primary_01,1,B,FIXED_C4,1,5.104052,85513230284541,RIGHT_CONTINUOUS,4,2,0,8,8,0,2,6,12606,85513230284541,-5.10405266666667,-5.10405266666667,28.2292813333333,28.2292813333333,2,0.25,0,0,,,,,0,,0,0,-5.10405266666667,-5.10405266666667,28.2292813333333,28.2292813333333,2,0.25,0,0
primary_01,1,B,FIXED_C4,1,7.689071,85513232869560,RIGHT_CONTINUOUS,4,1,0,7,7,0,2,6,12606,85513230284541,-7.68907166666667,12.3109287333333,25.6442623333333,25.6442623333333,1,0.142857142857143,0,0,,,,,0,,0,0,-7.68907166666667,12.3109287333333,25.6442623333333,25.6442623333333,1,0.142857142857143,0,0
primary_01,1,B,FIXED_C4,1,7.708997,85513232889486,RIGHT_CONTINUOUS,4,1,0,7,7,0,1,6,12607,85513232889486,-7.70899766666667,12.2910027333333,25.6243363333333,25.6243363333333,1,0.142857142857143,0,0,,,,,0,,0,0,-7.70899766666667,12.2910027333333,25.6243363333333,25.6243363333333,1,0.142857142857143,0,0
primary_01,1,B,FIXED_C4,1,10.215719,85513235396208,RIGHT_CONTINUOUS,4,0,0,6,6,0,1,6,12607,85513232889486,23.1176143333333,23.1176143333333,23.1176143333333,23.1176143333333,0,0,0,0,,,,,0,,0,0,23.1176143333333,23.1176143333333,23.1176143333333,23.1176143333333,0,0,0,0
primary_01,1,B,FIXED_C4,1,10.232997,85513235413486,RIGHT_CONTINUOUS,4,0,0,6,6,0,0,6,12608,85513235413486,23.1003363333333,23.1003363333333,23.1003363333333,23.1003363333333,0,0,0,0,,,,,0,,0,0,23.1003363333333,23.1003363333333,23.1003363333333,23.1003363333333,0,0,0,0
primary_01,1,B,FIXED_C4,1,12.678108,85513237858597,RIGHT_CONTINUOUS,4,0,1,6,6,0,0,6,12608,85513235413486,20.6552253333333,20.6552253333333,20.6552253333333,20.6552253333333,0,0,0,0,20.6552253333333,20.6552253333333,20.6552253333333,20.6552253333333,0,0,0,0,20.6552253333333,20.6552253333333,20.6552253333333,20.6552253333333,0,0,0,0
primary_01,1,B,FIXED_C4,1,12.682534,85513237863023,RIGHT_CONTINUOUS,4,0,1,6,6,0,0,6,12609,85513237863023,20.6507993333333,20.6507993333333,20.6507993333333,20.6507993333333,0,0,0,0,20.6507993333333,20.6507993333333,20.6507993333333,20.6507993333333,0,0,0,0,20.6507993333333,20.6507993333333,20.6507993333333,20.6507993333333,0,0,0,0
primary_01,1,B,FIXED_C4,1,12.769885,85513237950374,RIGHT_CONTINUOUS,4,0,1,6,6,0,1,6,12610,85513237950374,20.5634483333333,20.5634483333333,20.5634483333333,20.5634483333333,0,0,0,0,20.5634483333333,20.5634483333333,20.5634483333333,20.5634483333333,0,0,0,0,20.5634483333333,20.5634483333333,20.5634483333333,20.5634483333333,0,0,0,0
primary_01,1,B,FIXED_C4,1,12.792089,85513237972578,RIGHT_CONTINUOUS,4,1,0,6,6,0,1,6,12610,85513237950374,20.5412443333333,20.5412443333333,20.5412443333333,20.5412443333333,0,0,0,0,,,,,0,,0,0,20.5412443333333,20.5412443333333,20.5412443333333,20.5412443333333,0,0,0,0
primary_01,1,B,FIXED_C4,1,13.020915,85513238201404,RIGHT_CONTINUOUS,4,1,1,6,6,0,1,6,12610,85513237950374,20.3124183333333,20.3124183333333,20.3124183333333,20.3124183333333,0,0,0,0,20.3124183333333,20.3124183333333,20.3124183333333,20.3124183333333,0,0,0,0,20.3124183333333,20.3124183333333,20.3124183333333,20.3124183333333,0,0,0,0
primary_01,1,B,FIXED_C4,1,13.025082,85513238205571,RIGHT_CONTINUOUS,4,1,1,6,6,0,1,6,12611,85513238205571,20.3082513333333,20.3082513333333,20.3082513333333,20.3082513333333,0,0,0,0,20.3082513333333,20.3082513333333,20.3082513333333,20.3082513333333,0,0,0,0,20.3082513333333,20.3082513333333,20.3082513333333,20.3082513333333,0,0,0,0
primary_01,1,B,FIXED_C4,1,13.115953,85513238296442,RIGHT_CONTINUOUS,4,1,1,6,6,0,2,6,12612,85513238296442,20.2173803333333,20.2173803333333,20.2173803333333,20.2173803333333,0,0,0,0,20.2173803333333,20.2173803333333,20.2173803333333,20.2173803333333,0,0,0,0,20.2173803333333,20.2173803333333,20.2173803333333,20.2173803333333,0,0,0,0
primary_01,1,B,FIXED_C4,1,13.125972,85513238306461,RIGHT_CONTINUOUS,4,2,0,6,6,0,2,6,12612,85513238296442,20.2073613333333,20.2073613333333,20.2073613333333,20.2073613333333,0,0,0,0,,,,,0,,0,0,20.2073613333333,20.2073613333333,20.2073613333333,20.2073613333333,0,0,0,0
primary_01,1,B,FIXED_C4,1,13.187324,85513238367813,RIGHT_CONTINUOUS,4,2,1,6,6,0,2,6,12612,85513238296442,20.1460093333333,20.1460093333333,20.1460093333333,20.1460093333333,0,0,0,0,20.1460093333333,20.1460093333333,20.1460093333333,20.1460093333333,0,0,0,0,20.1460093333333,20.1460093333333,20.1460093333333,20.1460093333333,0,0,0,0
primary_01,1,B,FIXED_C4,1,13.191361,85513238371850,RIGHT_CONTINUOUS,4,2,1,6,6,0,2,6,12613,85513238371850,20.1419723333333,20.1419723333333,20.1419723333333,20.1419723333333,0,0,0,0,20.1419723333333,20.1419723333333,20.1419723333333,20.1419723333333,0,0,0,0,20.1419723333333,20.1419723333333,20.1419723333333,20.1419723333333,0,0,0,0
primary_01,1,B,FIXED_C4,1,13.52216,85513238702649,RIGHT_CONTINUOUS,4,2,1,6,6,0,3,6,12614,85513238702649,19.8111733333333,19.8111733333333,19.8111733333333,19.8111733333333,0,0,0,0,19.8111733333333,19.8111733333333,19.8111733333333,19.8111733333333,0,0,0,0,19.8111733333333,19.8111733333333,19.8111733333333,19.8111733333333,0,0,0,0
primary_01,1,B,FIXED_C4,1,13.530484,85513238710973,RIGHT_CONTINUOUS,4,3,0,6,6,0,3,6,12614,85513238702649,19.8028493333333,19.8028493333333,19.8028493333333,19.8028493333333,0,0,0,0,,,,,0,,0,0,19.8028493333333,19.8028493333333,19.8028493333333,19.8028493333333,0,0,0,0
primary_01,1,B,FIXED_C4,1,13.591327,85513238771816,RIGHT_CONTINUOUS,4,3,1,6,6,0,3,6,12614,85513238702649,19.7420063333333,19.7420063333333,19.7420063333333,19.7420063333333,0,0,0,0,19.7420063333333,19.7420063333333,19.7420063333333,19.7420063333333,0,0,0,0,19.7420063333333,19.7420063333333,19.7420063333333,19.7420063333333,0,0,0,0
primary_01,1,B,FIXED_C4,1,13.594882,85513238775371,RIGHT_CONTINUOUS,4,3,1,6,6,0,3,6,12615,85513238775371,19.7384513333333,19.7384513333333,19.7384513333333,19.7384513333333,0,0,0,0,19.7384513333333,19.7384513333333,19.7384513333333,19.7384513333333,0,0,0,0,19.7384513333333,19.7384513333333,19.7384513333333,19.7384513333333,0,0,0,0
primary_01,1,B,FIXED_C4,1,13.661494,85513238841983,RIGHT_CONTINUOUS,4,3,1,6,6,0,4,6,12616,85513238841983,19.6718393333333,19.6718393333333,19.6718393333333,19.6718393333333,0,0,0,0,19.6718393333333,19.6718393333333,19.6718393333333,19.6718393333333,0,0,0,0,19.6718393333333,19.6718393333333,19.6718393333333,19.6718393333333,0,0,0,0
primary_01,1,B,FIXED_C4,1,13.678883,85513238859372,RIGHT_CONTINUOUS,4,4,0,6,6,0,4,6,12616,85513238841983,19.6544503333333,19.6544503333333,19.6544503333333,19.6544503333333,0,0,0,0,,,,,0,,0,0,19.6544503333333,19.6544503333333,19.6544503333333,19.6544503333333,0,0,0,0
primary_01,1,B,FIXED_C4,1,14.002681,85513239183170,RIGHT_CONTINUOUS,4,4,1,6,6,0,4,6,12616,85513238841983,19.3306523333333,19.3306523333333,19.3306523333333,19.3306523333333,0,0,0,0,19.3306523333333,19.3306523333333,19.3306523333333,19.3306523333333,0,0,0,0,19.3306523333333,19.3306523333333,19.3306523333333,19.3306523333333,0,0,0,0
primary_01,1,B,FIXED_C4,1,14.007867,85513239188356,RIGHT_CONTINUOUS,4,4,1,6,6,0,4,6,12617,85513239188356,19.3254663333333,19.3254663333333,19.3254663333333,19.3254663333333,0,0,0,0,19.3254663333333,19.3254663333333,19.3254663333333,19.3254663333333,0,0,0,0,19.3254663333333,19.3254663333333,19.3254663333333,19.3254663333333,0,0,0,0
primary_01,1,B,FIXED_C4,1,15.254431,85513240434920,RIGHT_CONTINUOUS,4,4,2,6,6,0,4,6,12617,85513239188356,18.0789023333333,18.0789023333333,18.0789023333333,18.0789023333333,0,0,0,0,18.0789023333333,18.0789023333333,18.0789023333333,18.0789023333333,0,0,0,0,18.0789023333333,18.0789023333333,18.0789023333333,18.0789023333333,0,0,0,0
primary_01,1,B,FIXED_C4,1,15.257607,85513240438096,RIGHT_CONTINUOUS,4,4,2,6,6,0,4,6,12618,85513240438096,18.0757263333333,18.0757263333333,18.0757263333333,18.0757263333333,0,0,0,0,18.0757263333333,18.0757263333333,18.0757263333333,18.0757263333333,0,0,0,0,18.0757263333333,18.0757263333333,18.0757263333333,18.0757263333333,0,0,0,0
primary_01,1,B,FIXED_C4,1,28.402092,85513253582581,RIGHT_CONTINUOUS,4,3,2,5,5,0,4,6,12618,85513240438096,4.93124133333333,4.93124133333333,4.93124133333333,4.93124133333333,0,0,5,5,4.93124133333333,4.93124133333333,4.93124133333333,4.93124133333333,0,0,2,2,4.93124133333333,4.93124133333333,4.93124133333333,4.93124133333333,0,0,5,5
primary_01,1,B,FIXED_C4,1,28.421268,85513253601757,RIGHT_CONTINUOUS,4,3,2,5,5,0,3,6,12619,85513253601757,4.91206533333333,4.91206533333333,4.91206533333333,4.91206533333333,0,0,5,5,4.91206533333333,4.91206533333333,4.91206533333333,4.91206533333333,0,0,2,2,4.91206533333333,4.91206533333333,4.91206533333333,4.91206533333333,0,0,5,5
primary_01,1,B,FIXED_C4,1,28.46338,85513253643869,RIGHT_CONTINUOUS,4,3,2,5,5,0,4,6,12620,85513253643869,4.86995333333333,4.86995333333333,4.86995333333333,4.86995333333333,0,0,5,5,4.86995333333333,4.86995333333333,4.86995333333333,4.86995333333333,0,0,2,2,4.86995333333333,4.86995333333333,4.86995333333333,4.86995333333333,0,0,5,5
primary_01,1,B,FIXED_C4,1,28.469251,85513253649740,RIGHT_CONTINUOUS,4,4,1,5,5,0,4,6,12620,85513253643869,4.86408233333333,4.86408233333333,4.86408233333333,4.86408233333333,0,0,5,5,4.86408233333333,4.86408233333333,4.86408233333333,4.86408233333333,0,0,1,1,4.86408233333333,4.86408233333333,4.86408233333333,4.86408233333333,0,0,5,5
primary_01,1,B,FIXED_C4,1,30.853916,85513256034405,RIGHT_CONTINUOUS,4,3,1,4,4,0,4,6,12620,85513253643869,2.47941733333333,2.47941733333333,2.47941733333333,2.47941733333333,0,0,4,4,2.47941733333333,2.47941733333333,2.47941733333333,2.47941733333333,0,0,1,1,2.47941733333333,2.47941733333333,2.47941733333333,2.47941733333333,0,0,4,4
primary_01,1,B,FIXED_C4,1,30.869962,85513256050451,RIGHT_CONTINUOUS,4,3,1,4,4,0,3,6,12621,85513256050451,2.46337133333333,2.46337133333333,2.46337133333333,2.46337133333333,0,0,4,4,2.46337133333333,2.46337133333333,2.46337133333333,2.46337133333333,0,0,1,1,2.46337133333333,2.46337133333333,2.46337133333333,2.46337133333333,0,0,4,4
primary_01,1,B,FIXED_C4,1,30.919352,85513256099841,RIGHT_CONTINUOUS,4,3,1,4,4,0,4,6,12622,85513256099841,2.41398133333333,2.41398133333333,2.41398133333333,2.41398133333333,0,0,4,4,2.41398133333333,2.41398133333333,2.41398133333333,2.41398133333333,0,0,1,1,2.41398133333333,2.41398133333333,2.41398133333333,2.41398133333333,0,0,4,4
primary_01,1,B,FIXED_C4,1,30.925222,85513256105711,RIGHT_CONTINUOUS,4,4,0,4,4,0,4,6,12622,85513256099841,2.40811133333333,2.40811133333333,2.40811133333333,2.40811133333333,0,0,4,4,,,,,0,,0,0,2.40811133333333,2.40811133333333,2.40811133333333,2.40811133333333,0,0,4,4
primary_01,1,B,FIXED_C4,1,31.133307,85513256313796,RIGHT_CONTINUOUS,4,3,0,3,3,0,4,6,12622,85513256099841,2.20002633333333,2.20002633333333,2.20002633333333,2.20002633333333,0,0,3,3,,,,,0,,0,0,2.20002633333333,2.20002633333333,2.20002633333333,2.20002633333333,0,0,3,3
primary_01,1,B,FIXED_C4,1,31.151714,85513256332203,RIGHT_CONTINUOUS,4,3,0,3,3,0,3,6,12623,85513256332203,2.18161933333333,2.18161933333333,2.18161933333333,2.18161933333333,0,0,3,3,,,,,0,,0,0,2.18161933333333,2.18161933333333,2.18161933333333,2.18161933333333,0,0,3,3
primary_01,1,B,FIXED_C4,1,31.243854,85513256424343,RIGHT_CONTINUOUS,4,2,0,2,2,0,3,6,12623,85513256332203,2.08947933333333,2.08947933333333,2.08947933333333,2.08947933333333,0,0,2,2,,,,,0,,0,0,2.08947933333333,2.08947933333333,2.08947933333333,2.08947933333333,0,0,2,2
primary_01,1,B,FIXED_C4,1,31.263669,85513256444158,RIGHT_CONTINUOUS,4,2,0,2,2,0,2,6,12624,85513256444158,2.06966433333333,2.06966433333333,2.06966433333333,2.06966433333333,0,0,2,2,,,,,0,,0,0,2.06966433333333,2.06966433333333,2.06966433333333,2.06966433333333,0,0,2,2
primary_01,1,B,FIXED_C4,1,33.333333,85513258513822,RIGHT_CONTINUOUS,4,2,0,8,2,6,2,6,12624,85513256444158,3.33333333333333e-07,3.33333333333333e-07,33.3333333333333,33.3333333333333,0,0,2,2,,,,,0,,0,0,3.33333333333333e-07,3.33333333333333e-07,3.33333333333333e-07,3.33333333333333e-07,0,0,2,2
primary_01,1,B,FIXED_C4,1,33.424185,85513258604674,RIGHT_CONTINUOUS,4,2,0,8,3,5,2,6,12624,85513256444158,-0.0908516666666667,-0.0908516666666667,33.2424813333333,33.2424813333333,2,0.25,0,0,,,,,0,,0,0,-0.0908516666666667,-0.0908516666666667,-0.0908516666666667,26.5758147333333,2,0.666666666666667,0,0
primary_01,1,B,FIXED_C4,1,33.444027,85513258624516,RIGHT_CONTINUOUS,4,2,0,8,3,5,2,6,12625,85513258624516,-0.110693666666667,-0.110693666666667,33.2226393333333,33.2226393333333,2,0.25,0,0,,,,,0,,0,0,-0.110693666666667,-0.110693666666667,-0.110693666666667,26.5559727333333,2,0.666666666666667,0,0
primary_01,1,B,FIXED_C4,1,33.465953,85513258646442,RIGHT_CONTINUOUS,4,2,0,8,4,4,2,6,12625,85513258624516,-0.132619666666667,-0.132619666666667,33.2007133333333,33.2007133333333,2,0.25,0,0,,,,,0,,0,0,-0.132619666666667,-0.132619666666667,16.5340468333333,33.2007133333333,2,0.5,0,0
primary_01,1,B,FIXED_C4,1,33.477212,85513258657701,RIGHT_CONTINUOUS,4,2,0,8,4,4,2,6,12626,85513258657701,-0.143878666666667,-0.143878666666667,33.1894543333333,33.1894543333333,2,0.25,0,0,,,,,0,,0,0,-0.143878666666667,-0.143878666666667,16.5227878333333,33.1894543333333,2,0.5,0,0
primary_01,1,B,FIXED_C4,1,33.485805,85513258666294,RIGHT_CONTINUOUS,4,2,0,8,5,3,2,6,12626,85513258657701,-0.152471666666667,-0.152471666666667,33.1808613333333,33.1808613333333,2,0.25,0,0,,,,,0,,0,0,-0.152471666666667,-0.152471666666667,33.1808613333333,33.1808613333333,2,0.4,0,0
primary_01,1,B,FIXED_C4,1,33.495324,85513258675813,RIGHT_CONTINUOUS,4,2,0,8,5,3,2,6,12627,85513258675813,-0.161990666666667,-0.161990666666667,33.1713423333333,33.1713423333333,2,0.25,0,0,,,,,0,,0,0,-0.161990666666667,-0.161990666666667,33.1713423333333,33.1713423333333,2,0.4,0,0
primary_01,1,B,FIXED_C4,1,33.501907,85513258682396,RIGHT_CONTINUOUS,4,2,0,8,6,2,2,6,12627,85513258675813,-0.168573666666667,-0.168573666666667,33.1647593333333,33.1647593333333,2,0.25,0,0,,,,,0,,0,0,-0.168573666666667,-0.168573666666667,33.1647593333333,33.1647593333333,2,0.333333333333333,0,0
primary_01,1,B,FIXED_C4,1,33.510547,85513258691036,RIGHT_CONTINUOUS,4,2,0,8,6,2,2,6,12628,85513258691036,-0.177213666666667,-0.177213666666667,33.1561193333333,33.1561193333333,2,0.25,0,0,,,,,0,,0,0,-0.177213666666667,-0.177213666666667,33.1561193333333,33.1561193333333,2,0.333333333333333,0,0
primary_01,1,B,FIXED_C4,1,33.517056,85513258697545,RIGHT_CONTINUOUS,4,2,0,8,7,1,2,6,12628,85513258691036,-0.183722666666667,-0.183722666666667,33.1496103333333,33.1496103333333,2,0.25,0,0,,,,,0,,0,0,-0.183722666666667,-0.183722666666667,33.1496103333333,33.1496103333333,2,0.285714285714286,0,0
primary_01,1,B,FIXED_C4,1,33.584352,85513258764841,RIGHT_CONTINUOUS,4,2,0,8,7,1,2,6,12629,85513258764841,-0.251018666666667,-0.251018666666667,33.0823143333333,33.0823143333333,2,0.25,0,0,,,,,0,,0,0,-0.251018666666667,-0.251018666666667,33.0823143333333,33.0823143333333,2,0.285714285714286,0,0
primary_01,1,B,FIXED_C4,1,33.595158,85513258775647,RIGHT_CONTINUOUS,4,2,0,8,8,0,2,6,12629,85513258764841,-0.261824666666667,-0.261824666666667,33.0715083333333,33.0715083333333,2,0.25,0,0,,,,,0,,0,0,-0.261824666666667,-0.261824666666667,33.0715083333333,33.0715083333333,2,0.25,0,0
primary_01,1,B,FIXED_C4,1,33.603491,85513258783980,RIGHT_CONTINUOUS,4,2,0,8,8,0,2,6,12630,85513258783980,-0.270157666666667,-0.270157666666667,33.0631753333333,33.0631753333333,2,0.25,0,0,,,,,0,,0,0,-0.270157666666667,-0.270157666666667,33.0631753333333,33.0631753333333,2,0.25,0,0
primary_01,1,B,FIXED_C4,1,33.646529,85513258827018,RIGHT_CONTINUOUS,4,2,0,8,8,0,2,6,12630,85513258783980,-0.313195666666667,-0.313195666666667,33.0201373333333,33.0201373333333,2,0.25,0,0,,,,,0,,0,0,-0.313195666666667,-0.313195666666667,33.0201373333333,33.0201373333333,2,0.25,0,0
primary_01,1,B,FIXED_C4,1,33.684326,85513258864815,RIGHT_CONTINUOUS,4,2,0,8,8,0,2,6,12630,85513258783980,-0.350992666666667,-0.350992666666667,32.9823403333333,32.9823403333333,2,0.25,0,0,,,,,0,,0,0,-0.350992666666667,-0.350992666666667,32.9823403333333,32.9823403333333,2,0.25,0,0
primary_01,1,B,FIXED_C4,1,33.727372,85513258907861,RIGHT_CONTINUOUS,4,2,0,8,8,0,2,6,12630,85513258783980,-0.394038666666667,-0.394038666666667,32.9392943333333,32.9392943333333,2,0.25,0,0,,,,,0,,0,0,-0.394038666666667,-0.394038666666667,32.9392943333333,32.9392943333333,2,0.25,0,0
primary_01,1,B,FIXED_C4,1,33.765353,85513258945842,RIGHT_CONTINUOUS,4,2,0,8,8,0,2,6,12630,85513258783980,-0.432019666666667,-0.432019666666667,32.9013133333333,32.9013133333333,2,0.25,0,0,,,,,0,,0,0,-0.432019666666667,-0.432019666666667,32.9013133333333,32.9013133333333,2,0.25,0,0
primary_01,1,B,FIXED_C4,1,34.872871,85513260053360,RIGHT_CONTINUOUS,4,2,0,8,8,0,2,6,12630,85513258783980,-1.53953766666667,-1.53953766666667,31.7937953333333,31.7937953333333,2,0.25,0,0,,,,,0,,0,0,-1.53953766666667,-1.53953766666667,31.7937953333333,31.7937953333333,2,0.25,0,0
primary_01,1,B,FIXED_C4,1,34.947529,85513260128018,RIGHT_CONTINUOUS,4,2,0,8,8,0,2,6,12630,85513258783980,-1.61419566666667,-1.61419566666667,31.7191373333333,31.7191373333333,2,0.25,0,0,,,,,0,,0,0,-1.61419566666667,-1.61419566666667,31.7191373333333,31.7191373333333,2,0.25,0,0
primary_01,1,B,FIXED_C4,1,38.867521,85513264048010,RIGHT_CONTINUOUS,4,1,0,7,7,0,2,6,12630,85513258783980,-5.53418766666667,14.4658121333333,27.7991453333333,27.7991453333333,1,0.142857142857143,0,0,,,,,0,,0,0,-5.53418766666667,14.4658121333333,27.7991453333333,27.7991453333333,1,0.142857142857143,0,0
primary_01,1,B,FIXED_C4,1,38.889466,85513264069955,RIGHT_CONTINUOUS,4,1,0,7,7,0,1,6,12631,85513264069955,-5.55613266666667,14.4438671333333,27.7772003333333,27.7772003333333,1,0.142857142857143,0,0,,,,,0,,0,0,-5.55613266666667,14.4438671333333,27.7772003333333,27.7772003333333,1,0.142857142857143,0,0
primary_01,1,B,FIXED_C4,1,39.715481,85513264895970,RIGHT_CONTINUOUS,4,0,0,6,6,0,1,6,12631,85513264069955,26.9511853333333,26.9511853333333,26.9511853333333,26.9511853333333,0,0,0,0,,,,,0,,0,0,26.9511853333333,26.9511853333333,26.9511853333333,26.9511853333333,0,0,0,0
primary_01,1,B,FIXED_C4,1,39.736166,85513264916655,RIGHT_CONTINUOUS,4,0,0,6,6,0,0,6,12632,85513264916655,26.9305003333333,26.9305003333333,26.9305003333333,26.9305003333333,0,0,0,0,,,,,0,,0,0,26.9305003333333,26.9305003333333,26.9305003333333,26.9305003333333,0,0,0,0
primary_01,1,B,FIXED_C4,1,45.377263,85513270557752,RIGHT_CONTINUOUS,4,0,1,6,6,0,0,6,12632,85513264916655,21.2894033333333,21.2894033333333,21.2894033333333,21.2894033333333,0,0,0,0,21.2894033333333,21.2894033333333,21.2894033333333,21.2894033333333,0,0,0,0,21.2894033333333,21.2894033333333,21.2894033333333,21.2894033333333,0,0,0,0
primary_01,1,B,FIXED_C4,1,45.380892,85513270561381,RIGHT_CONTINUOUS,4,0,1,6,6,0,0,6,12633,85513270561381,21.2857743333333,21.2857743333333,21.2857743333333,21.2857743333333,0,0,0,0,21.2857743333333,21.2857743333333,21.2857743333333,21.2857743333333,0,0,0,0,21.2857743333333,21.2857743333333,21.2857743333333,21.2857743333333,0,0,0,0
primary_01,1,B,FIXED_C4,1,45.458985,85513270639474,RIGHT_CONTINUOUS,4,0,1,6,6,0,1,6,12634,85513270639474,21.2076813333333,21.2076813333333,21.2076813333333,21.2076813333333,0,0,0,0,21.2076813333333,21.2076813333333,21.2076813333333,21.2076813333333,0,0,0,0,21.2076813333333,21.2076813333333,21.2076813333333,21.2076813333333,0,0,0,0
primary_01,1,B,FIXED_C4,1,45.467736,85513270648225,RIGHT_CONTINUOUS,4,1,0,6,6,0,1,6,12634,85513270639474,21.1989303333333,21.1989303333333,21.1989303333333,21.1989303333333,0,0,0,0,,,,,0,,0,0,21.1989303333333,21.1989303333333,21.1989303333333,21.1989303333333,0,0,0,0
primary_01,1,B,FIXED_C4,1,46.061916,85513271242405,RIGHT_CONTINUOUS,4,1,1,6,6,0,1,6,12634,85513270639474,20.6047503333333,20.6047503333333,20.6047503333333,20.6047503333333,0,0,0,0,20.6047503333333,20.6047503333333,20.6047503333333,20.6047503333333,0,0,0,0,20.6047503333333,20.6047503333333,20.6047503333333,20.6047503333333,0,0,0,0
primary_01,1,B,FIXED_C4,1,46.06649,85513271246979,RIGHT_CONTINUOUS,4,1,1,6,6,0,1,6,12635,85513271246979,20.6001763333333,20.6001763333333,20.6001763333333,20.6001763333333,0,0,0,0,20.6001763333333,20.6001763333333,20.6001763333333,20.6001763333333,0,0,0,0,20.6001763333333,20.6001763333333,20.6001763333333,20.6001763333333,0,0,0,0
primary_01,1,B,FIXED_C4,1,46.178898,85513271359387,RIGHT_CONTINUOUS,4,1,1,6,6,0,2,6,12636,85513271359387,20.4877683333333,20.4877683333333,20.4877683333333,20.4877683333333,0,0,0,0,20.4877683333333,20.4877683333333,20.4877683333333,20.4877683333333,0,0,0,0,20.4877683333333,20.4877683333333,20.4877683333333,20.4877683333333,0,0,0,0
primary_01,1,B,FIXED_C4,1,46.190963,85513271371452,RIGHT_CONTINUOUS,4,2,0,6,6,0,2,6,12636,85513271359387,20.4757033333333,20.4757033333333,20.4757033333333,20.4757033333333,0,0,0,0,,,,,0,,0,0,20.4757033333333,20.4757033333333,20.4757033333333,20.4757033333333,0,0,0,0
primary_01,1,B,FIXED_C4,1,46.572114,85513271752603,RIGHT_CONTINUOUS,4,2,1,6,6,0,2,6,12636,85513271359387,20.0945523333333,20.0945523333333,20.0945523333333,20.0945523333333,0,0,0,0,20.0945523333333,20.0945523333333,20.0945523333333,20.0945523333333,0,0,0,0,20.0945523333333,20.0945523333333,20.0945523333333,20.0945523333333,0,0,0,0
primary_01,1,B,FIXED_C4,1,46.576364,85513271756853,RIGHT_CONTINUOUS,4,2,1,6,6,0,2,6,12637,85513271756853,20.0903023333333,20.0903023333333,20.0903023333333,20.0903023333333,0,0,0,0,20.0903023333333,20.0903023333333,20.0903023333333,20.0903023333333,0,0,0,0,20.0903023333333,20.0903023333333,20.0903023333333,20.0903023333333,0,0,0,0
primary_01,1,B,FIXED_C4,1,46.876218,85513272056707,RIGHT_CONTINUOUS,4,2,2,6,6,0,2,6,12637,85513271756853,19.7904483333333,19.7904483333333,19.7904483333333,19.7904483333333,0,0,0,0,19.7904483333333,19.7904483333333,19.7904483333333,19.7904483333333,0,0,0,0,19.7904483333333,19.7904483333333,19.7904483333333,19.7904483333333,0,0,0,0
primary_01,1,B,FIXED_C4,1,46.88044,85513272060929,RIGHT_CONTINUOUS,4,2,2,6,6,0,2,6,12638,85513272060929,19.7862263333333,19.7862263333333,19.7862263333333,19.7862263333333,0,0,0,0,19.7862263333333,19.7862263333333,19.7862263333333,19.7862263333333,0,0,0,0,19.7862263333333,19.7862263333333,19.7862263333333,19.7862263333333,0,0,0,0
primary_01,1,B,FIXED_C4,1,46.950533,85513272131022,RIGHT_CONTINUOUS,4,2,2,6,6,0,3,6,12639,85513272131022,19.7161333333333,19.7161333333333,19.7161333333333,19.7161333333333,0,0,0,0,19.7161333333333,19.7161333333333,19.7161333333333,19.7161333333333,0,0,0,0,19.7161333333333,19.7161333333333,19.7161333333333,19.7161333333333,0,0,0,0
primary_01,1,B,FIXED_C4,1,46.960996,85513272141485,RIGHT_CONTINUOUS,4,3,1,6,6,0,3,6,12639,85513272131022,19.7056703333333,19.7056703333333,19.7056703333333,19.7056703333333,0,0,0,0,19.7056703333333,19.7056703333333,19.7056703333333,19.7056703333333,0,0,0,0,19.7056703333333,19.7056703333333,19.7056703333333,19.7056703333333,0,0,0,0
primary_01,1,B,FIXED_C4,1,51.118684,85513276299173,RIGHT_CONTINUOUS,4,3,1,6,6,0,4,6,12640,85513276299173,15.5479823333333,15.5479823333333,15.5479823333333,15.5479823333333,0,0,0,0,15.5479823333333,15.5479823333333,15.5479823333333,15.5479823333333,0,0,0,0,15.5479823333333,15.5479823333333,15.5479823333333,15.5479823333333,0,0,0,0
primary_01,1,B,FIXED_C4,1,51.15224,85513276332729,RIGHT_CONTINUOUS,4,4,0,6,6,0,4,6,12640,85513276299173,15.5144263333333,15.5144263333333,15.5144263333333,15.5144263333333,0,0,0,0,,,,,0,,0,0,15.5144263333333,15.5144263333333,15.5144263333333,15.5144263333333,0,0,0,0
primary_01,1,B,FIXED_C4,1,51.380233,85513276560722,RIGHT_CONTINUOUS,4,4,1,6,6,0,4,6,12640,85513276299173,15.2864333333333,15.2864333333333,15.2864333333333,15.2864333333333,0,0,0,0,15.2864333333333,15.2864333333333,15.2864333333333,15.2864333333333,0,0,0,0,15.2864333333333,15.2864333333333,15.2864333333333,15.2864333333333,0,0,0,0
primary_01,1,B,FIXED_C4,1,51.384103,85513276564592,RIGHT_CONTINUOUS,4,4,1,6,6,0,4,6,12641,85513276564592,15.2825633333333,15.2825633333333,15.2825633333333,15.2825633333333,0,0,0,0,15.2825633333333,15.2825633333333,15.2825633333333,15.2825633333333,0,0,0,0,15.2825633333333,15.2825633333333,15.2825633333333,15.2825633333333,0,0,0,0
primary_01,1,B,FIXED_C4,1,53.263626,85513278444115,RIGHT_CONTINUOUS,4,4,2,6,6,0,4,6,12641,85513276564592,13.4030403333333,13.4030403333333,13.4030403333333,13.4030403333333,0,0,0,0,13.4030403333333,13.4030403333333,13.4030403333333,13.4030403333333,0,0,0,0,13.4030403333333,13.4030403333333,13.4030403333333,13.4030403333333,0,0,0,0
primary_01,1,B,FIXED_C4,1,53.268284,85513278448773,RIGHT_CONTINUOUS,4,4,2,6,6,0,4,6,12642,85513278448773,13.3983823333333,13.3983823333333,13.3983823333333,13.3983823333333,0,0,0,0,13.3983823333333,13.3983823333333,13.3983823333333,13.3983823333333,0,0,0,0,13.3983823333333,13.3983823333333,13.3983823333333,13.3983823333333,0,0,0,0
primary_01,1,B,FIXED_C4,1,53.555156,85513278735645,RIGHT_CONTINUOUS,4,3,2,5,5,0,4,6,12642,85513278448773,13.1115103333333,13.1115103333333,13.1115103333333,13.1115103333333,0,0,0,0,13.1115103333333,13.1115103333333,13.1115103333333,13.1115103333333,0,0,0,0,13.1115103333333,13.1115103333333,13.1115103333333,13.1115103333333,0,0,0,0
primary_01,1,B,FIXED_C4,1,53.570054,85513278750543,RIGHT_CONTINUOUS,4,3,2,5,5,0,3,6,12643,85513278750543,13.0966123333333,13.0966123333333,13.0966123333333,13.0966123333333,0,0,0,0,13.0966123333333,13.0966123333333,13.0966123333333,13.0966123333333,0,0,0,0,13.0966123333333,13.0966123333333,13.0966123333333,13.0966123333333,0,0,0,0
primary_01,1,B,FIXED_C4,1,53.609536,85513278790025,RIGHT_CONTINUOUS,4,3,2,5,5,0,4,6,12644,85513278790025,13.0571303333333,13.0571303333333,13.0571303333333,13.0571303333333,0,0,0,0,13.0571303333333,13.0571303333333,13.0571303333333,13.0571303333333,0,0,0,0,13.0571303333333,13.0571303333333,13.0571303333333,13.0571303333333,0,0,0,0
primary_01,1,B,FIXED_C4,1,53.614758,85513278795247,RIGHT_CONTINUOUS,4,4,1,5,5,0,4,6,12644,85513278790025,13.0519083333333,13.0519083333333,13.0519083333333,13.0519083333333,0,0,0,0,13.0519083333333,13.0519083333333,13.0519083333333,13.0519083333333,0,0,0,0,13.0519083333333,13.0519083333333,13.0519083333333,13.0519083333333,0,0,0,0
primary_01,1,B,FIXED_C4,1,63.979269,85513289159758,RIGHT_CONTINUOUS,4,3,1,4,4,0,4,6,12644,85513278790025,2.68739733333333,2.68739733333333,2.68739733333333,2.68739733333333,0,0,4,4,2.68739733333333,2.68739733333333,2.68739733333333,2.68739733333333,0,0,1,1,2.68739733333333,2.68739733333333,2.68739733333333,2.68739733333333,0,0,4,4
primary_01,1,B,FIXED_C4,1,63.999019,85513289179508,RIGHT_CONTINUOUS,4,3,1,4,4,0,3,6,12645,85513289179508,2.66764733333333,2.66764733333333,2.66764733333333,2.66764733333333,0,0,4,4,2.66764733333333,2.66764733333333,2.66764733333333,2.66764733333333,0,0,1,1,2.66764733333333,2.66764733333333,2.66764733333333,2.66764733333333,0,0,4,4
primary_01,1,B,FIXED_C4,1,64.049936,85513289230425,RIGHT_CONTINUOUS,4,3,1,4,4,0,4,6,12646,85513289230425,2.61673033333333,2.61673033333333,2.61673033333333,2.61673033333333,0,0,4,4,2.61673033333333,2.61673033333333,2.61673033333333,2.61673033333333,0,0,1,1,2.61673033333333,2.61673033333333,2.61673033333333,2.61673033333333,0,0,4,4
primary_01,1,B,FIXED_C4,1,64.056751,85513289237240,RIGHT_CONTINUOUS,4,4,0,4,4,0,4,6,12646,85513289230425,2.60991533333333,2.60991533333333,2.60991533333333,2.60991533333333,0,0,4,4,,,,,0,,0,0,2.60991533333333,2.60991533333333,2.60991533333333,2.60991533333333,0,0,4,4
primary_01,1,B,FIXED_C4,1,66.666666,85513291847155,RIGHT_CONTINUOUS,4,4,0,10,4,6,4,6,12646,85513289230425,3.33333333333333e-07,3.33333333333333e-07,33.3333333333333,33.3333333333333,0,0,4,4,,,,,0,,0,0,3.33333333333333e-07,3.33333333333333e-07,3.33333333333333e-07,3.33333333333333e-07,0,0,4,4
primary_01,1,B,FIXED_C4,1,66.762512,85513291943001,RIGHT_CONTINUOUS,4,4,0,10,5,5,4,6,12646,85513289230425,-0.0958456666666667,-0.0958456666666667,33.2374873333333,33.2374873333333,4,0.4,0,0,,,,,0,,0,0,-0.0958456666666667,-0.0958456666666667,-0.0958456666666667,19.9041541333333,4,0.8,0,0
primary_01,1,B,FIXED_C4,1,66.779336,85513291959825,RIGHT_CONTINUOUS,4,4,0,10,5,5,4,6,12647,85513291959825,-0.112669666666667,-0.112669666666667,33.2206633333333,33.2206633333333,4,0.4,0,0,,,,,0,,0,0,-0.112669666666667,-0.112669666666667,-0.112669666666667,19.8873301333333,4,0.8,0,0
primary_01,1,B,FIXED_C4,1,66.819623,85513292000112,RIGHT_CONTINUOUS,4,4,0,10,6,4,4,6,12647,85513291959825,-0.152956666666667,-0.152956666666667,33.1803763333333,33.1803763333333,4,0.4,0,0,,,,,0,,0,0,-0.152956666666667,-0.152956666666667,-0.152956666666667,33.1803763333333,4,0.666666666666667,0,0
primary_01,1,B,FIXED_C4,1,66.842465,85513292022954,RIGHT_CONTINUOUS,4,4,0,10,6,4,4,6,12648,85513292022954,-0.175798666666667,-0.175798666666667,33.1575343333333,33.1575343333333,4,0.4,0,0,,,,,0,,0,0,-0.175798666666667,-0.175798666666667,-0.175798666666667,33.1575343333333,4,0.666666666666667,0,0
primary_01,1,B,FIXED_C4,1,66.853039,85513292033528,RIGHT_CONTINUOUS,4,4,0,10,7,3,4,6,12648,85513292022954,-0.186372666666667,-0.186372666666667,33.1469603333333,33.1469603333333,4,0.4,0,0,,,,,0,,0,0,-0.186372666666667,-0.186372666666667,-0.186372666666667,33.1469603333333,4,0.571428571428571,0,0
primary_01,1,B,FIXED_C4,1,66.873096,85513292053585,RIGHT_CONTINUOUS,4,4,0,10,7,3,4,6,12649,85513292053585,-0.206429666666667,-0.206429666666667,33.1269033333333,33.1269033333333,4,0.4,0,0,,,,,0,,0,0,-0.206429666666667,-0.206429666666667,-0.206429666666667,33.1269033333333,4,0.571428571428571,0,0
primary_01,1,B,FIXED_C4,1,66.881411,85513292061900,RIGHT_CONTINUOUS,4,4,0,10,8,2,4,6,12649,85513292053585,-0.214744666666667,-0.214744666666667,33.1185883333333,33.1185883333333,4,0.4,0,0,,,,,0,,0,0,-0.214744666666667,-0.214744666666667,16.4519218333333,33.1185883333333,4,0.5,0,0
primary_01,1,B,FIXED_C4,1,66.889235,85513292069724,RIGHT_CONTINUOUS,4,4,0,10,8,2,4,6,12650,85513292069724,-0.222568666666667,-0.222568666666667,33.1107643333333,33.1107643333333,4,0.4,0,0,,,,,0,,0,0,-0.222568666666667,-0.222568666666667,16.4440978333333,33.1107643333333,4,0.5,0,0
primary_01,1,B,FIXED_C4,1,66.895614,85513292076103,RIGHT_CONTINUOUS,4,4,0,10,9,1,4,6,12650,85513292069724,-0.228947666666667,-0.228947666666667,33.1043853333333,33.1043853333333,4,0.4,0,0,,,,,0,,0,0,-0.228947666666667,-0.228947666666667,33.1043853333333,33.1043853333333,4,0.444444444444444,0,0
primary_01,1,B,FIXED_C4,1,66.903411,85513292083900,RIGHT_CONTINUOUS,4,4,0,10,9,1,4,6,12651,85513292083900,-0.236744666666667,-0.236744666666667,33.0965883333333,33.0965883333333,4,0.4,0,0,,,,,0,,0,0,-0.236744666666667,-0.236744666666667,33.0965883333333,33.0965883333333,4,0.444444444444444,0,0
primary_01,1,B,FIXED_C4,1,66.909476,85513292089965,RIGHT_CONTINUOUS,4,4,0,10,10,0,4,6,12651,85513292083900,-0.242809666666667,-0.242809666666667,33.0905233333333,33.0905233333333,4,0.4,0,0,,,,,0,,0,0,-0.242809666666667,-0.242809666666667,33.0905233333333,33.0905233333333,4,0.4,0,0
primary_01,1,B,FIXED_C4,1,66.91729,85513292097779,RIGHT_CONTINUOUS,4,4,0,10,10,0,4,6,12652,85513292097779,-0.250623666666667,-0.250623666666667,33.0827093333333,33.0827093333333,4,0.4,0,0,,,,,0,,0,0,-0.250623666666667,-0.250623666666667,33.0827093333333,33.0827093333333,4,0.4,0,0
primary_01,1,B,FIXED_C4,1,66.953226,85513292133715,RIGHT_CONTINUOUS,4,4,0,10,10,0,4,6,12652,85513292097779,-0.286559666666667,-0.286559666666667,33.0467733333333,33.0467733333333,4,0.4,0,0,,,,,0,,0,0,-0.286559666666667,-0.286559666666667,33.0467733333333,33.0467733333333,4,0.4,0,0
primary_01,1,B,FIXED_C4,1,67.004375,85513292184864,RIGHT_CONTINUOUS,4,4,0,10,10,0,4,6,12652,85513292097779,-0.337708666666667,-0.337708666666667,32.9956243333333,32.9956243333333,4,0.4,0,0,,,,,0,,0,0,-0.337708666666667,-0.337708666666667,32.9956243333333,32.9956243333333,4,0.4,0,0
primary_01,1,B,FIXED_C4,1,67.031162,85513292211651,RIGHT_CONTINUOUS,4,4,0,10,10,0,4,6,12652,85513292097779,-0.364495666666667,-0.364495666666667,32.9688373333333,32.9688373333333,4,0.4,0,0,,,,,0,,0,0,-0.364495666666667,-0.364495666666667,32.9688373333333,32.9688373333333,4,0.4,0,0
primary_01,1,B,FIXED_C4,1,67.071643,85513292252132,RIGHT_CONTINUOUS,4,4,0,10,10,0,4,6,12652,85513292097779,-0.404976666666667,-0.404976666666667,32.9283563333333,32.9283563333333,4,0.4,0,0,,,,,0,,0,0,-0.404976666666667,-0.404976666666667,32.9283563333333,32.9283563333333,4,0.4,0,0
primary_01,1,B,FIXED_C4,1,67.112208,85513292292697,RIGHT_CONTINUOUS,4,4,0,10,10,0,4,6,12652,85513292097779,-0.445541666666667,-0.445541666666667,32.8877913333333,32.8877913333333,4,0.4,0,0,,,,,0,,0,0,-0.445541666666667,-0.445541666666667,32.8877913333333,32.8877913333333,4,0.4,0,0
primary_01,1,B,FIXED_C4,1,67.139866,85513292320355,RIGHT_CONTINUOUS,4,4,0,10,10,0,4,6,12652,85513292097779,-0.473199666666667,-0.473199666666667,32.8601333333333,32.8601333333333,4,0.4,0,0,,,,,0,,0,0,-0.473199666666667,-0.473199666666667,32.8601333333333,32.8601333333333,4,0.4,0,0
primary_01,1,B,FIXED_C4,1,70.610058,85513295790547,RIGHT_CONTINUOUS,4,3,0,9,9,0,4,6,12652,85513292097779,-3.94339166666667,-3.94339166666667,29.3899413333333,29.3899413333333,3,0.333333333333333,0,0,,,,,0,,0,0,-3.94339166666667,-3.94339166666667,29.3899413333333,29.3899413333333,3,0.333333333333333,0,0
primary_01,1,B,FIXED_C4,1,70.623262,85513295803751,RIGHT_CONTINUOUS,4,3,0,9,9,0,3,6,12653,85513295803751,-3.95659566666667,-3.95659566666667,29.3767373333333,29.3767373333333,3,0.333333333333333,0,0,,,,,0,,0,0,-3.95659566666667,-3.95659566666667,29.3767373333333,29.3767373333333,3,0.333333333333333,0,0
primary_01,1,B,FIXED_C4,1,71.436323,85513296616812,RIGHT_CONTINUOUS,4,2,0,8,8,0,3,6,12653,85513295803751,-4.76965666666667,-4.76965666666667,28.5636763333333,28.5636763333333,2,0.25,0,0,,,,,0,,0,0,-4.76965666666667,-4.76965666666667,28.5636763333333,28.5636763333333,2,0.25,0,0
primary_01,1,B,FIXED_C4,1,71.452925,85513296633414,RIGHT_CONTINUOUS,4,2,0,8,8,0,2,6,12654,85513296633414,-4.78625866666667,-4.78625866666667,28.5470743333333,28.5470743333333,2,0.25,0,0,,,,,0,,0,0,-4.78625866666667,-4.78625866666667,28.5470743333333,28.5470743333333,2,0.25,0,0
primary_01,1,B,FIXED_C4,1,72.068477,85513297248966,RIGHT_CONTINUOUS,4,1,0,7,7,0,2,6,12654,85513296633414,-5.40181066666667,14.5981891333333,27.9315223333333,27.9315223333333,1,0.142857142857143,0,0,,,,,0,,0,0,-5.40181066666667,14.5981891333333,27.9315223333333,27.9315223333333,1,0.142857142857143,0,0
primary_01,1,B,FIXED_C4,1,72.075153,85513297255642,RIGHT_CONTINUOUS,4,1,0,7,7,0,1,6,12655,85513297255642,-5.40848666666667,14.5915131333333,27.9248463333333,27.9248463333333,1,0.142857142857143,0,0,,,,,0,,0,0,-5.40848666666667,14.5915131333333,27.9248463333333,27.9248463333333,1,0.142857142857143,0,0
primary_01,1,B,FIXED_C4,1,72.668055,85513297848544,RIGHT_CONTINUOUS,4,0,0,6,6,0,1,6,12655,85513297255642,27.3319443333333,27.3319443333333,27.3319443333333,27.3319443333333,0,0,0,0,,,,,0,,0,0,27.3319443333333,27.3319443333333,27.3319443333333,27.3319443333333,0,0,0,0
primary_01,1,B,FIXED_C4,1,72.690055,85513297870544,RIGHT_CONTINUOUS,4,0,0,6,6,0,0,6,12656,85513297870544,27.3099443333333,27.3099443333333,27.3099443333333,27.3099443333333,0,0,0,0,,,,,0,,0,0,27.3099443333333,27.3099443333333,27.3099443333333,27.3099443333333,0,0,0,0
primary_01,1,B,FIXED_C4,1,78.704682,85513303885171,RIGHT_CONTINUOUS,4,0,1,6,6,0,0,6,12656,85513297870544,21.2953173333333,21.2953173333333,21.2953173333333,21.2953173333333,0,0,0,0,21.2953173333333,21.2953173333333,21.2953173333333,21.2953173333333,0,0,0,0,21.2953173333333,21.2953173333333,21.2953173333333,21.2953173333333,0,0,0,0
primary_01,1,B,FIXED_C4,1,78.709932,85513303890421,RIGHT_CONTINUOUS,4,0,1,6,6,0,0,6,12657,85513303890421,21.2900673333333,21.2900673333333,21.2900673333333,21.2900673333333,0,0,0,0,21.2900673333333,21.2900673333333,21.2900673333333,21.2900673333333,0,0,0,0,21.2900673333333,21.2900673333333,21.2900673333333,21.2900673333333,0,0,0,0
primary_01,1,B,FIXED_C4,1,78.842285,85513304022774,RIGHT_CONTINUOUS,4,0,1,6,6,0,1,6,12658,85513304022774,21.1577143333333,21.1577143333333,21.1577143333333,21.1577143333333,0,0,0,0,21.1577143333333,21.1577143333333,21.1577143333333,21.1577143333333,0,0,0,0,21.1577143333333,21.1577143333333,21.1577143333333,21.1577143333333,0,0,0,0
primary_01,1,B,FIXED_C4,1,78.85997,85513304040459,RIGHT_CONTINUOUS,4,1,0,6,6,0,1,6,12658,85513304022774,21.1400293333333,21.1400293333333,21.1400293333333,21.1400293333333,0,0,0,0,,,,,0,,0,0,21.1400293333333,21.1400293333333,21.1400293333333,21.1400293333333,0,0,0,0
primary_01,1,B,FIXED_C4,1,80.012627,85513305193116,RIGHT_CONTINUOUS,4,1,1,6,6,0,1,6,12658,85513304022774,19.9873723333333,19.9873723333333,19.9873723333333,19.9873723333333,0,0,0,0,19.9873723333333,19.9873723333333,19.9873723333333,19.9873723333333,0,0,0,0,19.9873723333333,19.9873723333333,19.9873723333333,19.9873723333333,0,0,0,0
primary_01,1,B,FIXED_C4,1,80.016711,85513305197200,RIGHT_CONTINUOUS,4,1,1,6,6,0,1,6,12659,85513305197200,19.9832883333333,19.9832883333333,19.9832883333333,19.9832883333333,0,0,0,0,19.9832883333333,19.9832883333333,19.9832883333333,19.9832883333333,0,0,0,0,19.9832883333333,19.9832883333333,19.9832883333333,19.9832883333333,0,0,0,0
primary_01,1,B,FIXED_C4,1,81.15145,85513306331939,RIGHT_CONTINUOUS,4,1,2,6,6,0,1,6,12659,85513305197200,18.8485493333333,18.8485493333333,18.8485493333333,18.8485493333333,0,0,0,0,18.8485493333333,18.8485493333333,18.8485493333333,18.8485493333333,0,0,0,0,18.8485493333333,18.8485493333333,18.8485493333333,18.8485493333333,0,0,0,0
primary_01,1,B,FIXED_C4,1,81.155182,85513306335671,RIGHT_CONTINUOUS,4,1,2,6,6,0,1,6,12660,85513306335671,18.8448173333333,18.8448173333333,18.8448173333333,18.8448173333333,0,0,0,0,18.8448173333333,18.8448173333333,18.8448173333333,18.8448173333333,0,0,0,0,18.8448173333333,18.8448173333333,18.8448173333333,18.8448173333333,0,0,0,0
primary_01,1,B,FIXED_C4,1,81.390998,85513306571487,RIGHT_CONTINUOUS,4,1,2,6,6,0,2,6,12661,85513306571487,18.6090013333333,18.6090013333333,18.6090013333333,18.6090013333333,0,0,0,0,18.6090013333333,18.6090013333333,18.6090013333333,18.6090013333333,0,0,0,0,18.6090013333333,18.6090013333333,18.6090013333333,18.6090013333333,0,0,0,0
primary_01,1,B,FIXED_C4,1,81.414545,85513306595034,RIGHT_CONTINUOUS,4,2,1,6,6,0,2,6,12661,85513306571487,18.5854543333333,18.5854543333333,18.5854543333333,18.5854543333333,0,0,0,0,18.5854543333333,18.5854543333333,18.5854543333333,18.5854543333333,0,0,0,0,18.5854543333333,18.5854543333333,18.5854543333333,18.5854543333333,0,0,0,0
primary_01,1,B,FIXED_C4,1,81.525101,85513306705590,RIGHT_CONTINUOUS,4,2,2,6,6,0,2,6,12661,85513306571487,18.4748983333333,18.4748983333333,18.4748983333333,18.4748983333333,0,0,0,0,18.4748983333333,18.4748983333333,18.4748983333333,18.4748983333333,0,0,0,0,18.4748983333333,18.4748983333333,18.4748983333333,18.4748983333333,0,0,0,0
primary_01,1,B,FIXED_C4,1,81.530064,85513306710553,RIGHT_CONTINUOUS,4,2,2,6,6,0,2,6,12662,85513306710553,18.4699353333333,18.4699353333333,18.4699353333333,18.4699353333333,0,0,0,0,18.4699353333333,18.4699353333333,18.4699353333333,18.4699353333333,0,0,0,0,18.4699353333333,18.4699353333333,18.4699353333333,18.4699353333333,0,0,0,0
primary_01,1,B,FIXED_C4,1,81.607685,85513306788174,RIGHT_CONTINUOUS,4,2,2,6,6,0,3,6,12663,85513306788174,18.3923143333333,18.3923143333333,18.3923143333333,18.3923143333333,0,0,0,0,18.3923143333333,18.3923143333333,18.3923143333333,18.3923143333333,0,0,0,0,18.3923143333333,18.3923143333333,18.3923143333333,18.3923143333333,0,0,0,0
primary_01,1,B,FIXED_C4,1,81.615111,85513306795600,RIGHT_CONTINUOUS,4,3,1,6,6,0,3,6,12663,85513306788174,18.3848883333333,18.3848883333333,18.3848883333333,18.3848883333333,0,0,0,0,18.3848883333333,18.3848883333333,18.3848883333333,18.3848883333333,0,0,0,0,18.3848883333333,18.3848883333333,18.3848883333333,18.3848883333333,0,0,0,0
primary_01,1,B,FIXED_C4,1,81.74713,85513306927619,RIGHT_CONTINUOUS,4,3,1,6,6,0,4,6,12664,85513306927619,18.2528693333333,18.2528693333333,18.2528693333333,18.2528693333333,0,0,0,0,18.2528693333333,18.2528693333333,18.2528693333333,18.2528693333333,0,0,0,0,18.2528693333333,18.2528693333333,18.2528693333333,18.2528693333333,0,0,0,0
primary_01,1,B,FIXED_C4,1,81.75925,85513306939739,RIGHT_CONTINUOUS,4,4,0,6,6,0,4,6,12664,85513306927619,18.2407493333333,18.2407493333333,18.2407493333333,18.2407493333333,0,0,0,0,,,,,0,,0,0,18.2407493333333,18.2407493333333,18.2407493333333,18.2407493333333,0,0,0,0
primary_01,1,B,FIXED_C4,1,82.038984,85513307219473,RIGHT_CONTINUOUS,4,4,1,6,6,0,4,6,12664,85513306927619,17.9610153333333,17.9610153333333,17.9610153333333,17.9610153333333,0,0,0,0,17.9610153333333,17.9610153333333,17.9610153333333,17.9610153333333,0,0,0,0,17.9610153333333,17.9610153333333,17.9610153333333,17.9610153333333,0,0,0,0
primary_01,1,B,FIXED_C4,1,82.043484,85513307223973,RIGHT_CONTINUOUS,4,4,1,6,6,0,4,6,12665,85513307223973,17.9565153333333,17.9565153333333,17.9565153333333,17.9565153333333,0,0,0,0,17.9565153333333,17.9565153333333,17.9565153333333,17.9565153333333,0,0,0,0,17.9565153333333,17.9565153333333,17.9565153333333,17.9565153333333,0,0,0,0
primary_01,1,B,FIXED_C4,1,82.554719,85513307735208,RIGHT_CONTINUOUS,4,4,2,6,6,0,4,6,12665,85513307223973,17.4452803333333,17.4452803333333,17.4452803333333,17.4452803333333,0,0,0,0,17.4452803333333,17.4452803333333,17.4452803333333,17.4452803333333,0,0,0,0,17.4452803333333,17.4452803333333,17.4452803333333,17.4452803333333,0,0,0,0
primary_01,1,B,FIXED_C4,1,82.558386,85513307738875,RIGHT_CONTINUOUS,4,4,2,6,6,0,4,6,12666,85513307738875,17.4416133333333,17.4416133333333,17.4416133333333,17.4416133333333,0,0,0,0,17.4416133333333,17.4416133333333,17.4416133333333,17.4416133333333,0,0,0,0,17.4416133333333,17.4416133333333,17.4416133333333,17.4416133333333,0,0,0,0
primary_01,1,B,FIXED_C4,1,100,85513325180489,RIGHT_CONTINUOUS,4,4,2,12,6,6,4,6,12666,85513307738875,-6.66666666666667e-07,-6.66666666666667e-07,16.6666663333333,33.3333333333333,6,0.5,0,0,-6.66666666666667e-07,-6.66666666666667e-07,-6.66666666666667e-07,-6.66666666666667e-07,2,1,0,0,-6.66666666666667e-07,-6.66666666666667e-07,-6.66666666666667e-07,-6.66666666666667e-07,6,1,0,0
primary_05,1,B,K_LOOKUP_C2_C4,1,-50,85768818303206,RIGHT_CONTINUOUS,4,4,1,7,7,0,4,7,12560,85768816939349,16.6666663333333,16.6666663333333,16.6666663333333,16.6666663333333,0,0,0,0,16.6666663333333,16.6666663333333,16.6666663333333,16.6666663333333,0,0,0,0,16.6666663333333,16.6666663333333,16.6666663333333,16.6666663333333,0,0,0,0
primary_05,1,B,K_LOOKUP_C2_C4,1,-49.802781,85768818500425,RIGHT_CONTINUOUS,4,4,2,7,7,0,4,7,12560,85768816939349,16.4694473333333,16.4694473333333,16.4694473333333,16.4694473333333,0,0,0,0,16.4694473333333,16.4694473333333,16.4694473333333,16.4694473333333,0,0,0,0,16.4694473333333,16.4694473333333,16.4694473333333,16.4694473333333,0,0,0,0
primary_05,1,B,K_LOOKUP_C2_C4,1,-49.799087,85768818504119,RIGHT_CONTINUOUS,4,4,2,7,7,0,4,7,12561,85768818504119,16.4657533333333,16.4657533333333,16.4657533333333,16.4657533333333,0,0,0,0,16.4657533333333,16.4657533333333,16.4657533333333,16.4657533333333,0,0,0,0,16.4657533333333,16.4657533333333,16.4657533333333,16.4657533333333,0,0,0,0
primary_05,1,B,K_LOOKUP_C2_C4,1,-49.290593,85768819012613,RIGHT_CONTINUOUS,4,4,3,7,7,0,4,7,12561,85768818504119,15.9572593333333,15.9572593333333,15.9572593333333,15.9572593333333,0,0,0,0,15.9572593333333,15.9572593333333,15.9572593333333,15.9572593333333,0,0,0,0,15.9572593333333,15.9572593333333,15.9572593333333,15.9572593333333,0,0,0,0
primary_05,1,B,K_LOOKUP_C2_C4,1,-49.287055,85768819016151,RIGHT_CONTINUOUS,4,4,3,7,7,0,4,7,12562,85768819016151,15.9537213333333,15.9537213333333,15.9537213333333,15.9537213333333,0,0,0,0,15.9537213333333,15.9537213333333,15.9537213333333,15.9537213333333,0,0,0,0,15.9537213333333,15.9537213333333,15.9537213333333,15.9537213333333,0,0,0,0
primary_05,1,B,K_LOOKUP_C2_C4,1,-40.456058,85768827847148,RIGHT_CONTINUOUS,4,3,3,6,6,0,4,7,12562,85768819016151,7.12272433333333,7.12272433333333,7.12272433333333,7.12272433333333,0,0,0,6,7.12272433333333,7.12272433333333,7.12272433333333,7.12272433333333,0,0,0,3,7.12272433333333,7.12272433333333,7.12272433333333,7.12272433333333,0,0,0,6
primary_05,1,B,K_LOOKUP_C2_C4,1,-40.429271,85768827873935,RIGHT_CONTINUOUS,4,3,3,6,6,0,3,7,12563,85768827873935,7.09593733333333,7.09593733333333,7.09593733333333,7.09593733333333,0,0,0,6,7.09593733333333,7.09593733333333,7.09593733333333,7.09593733333333,0,0,0,3,7.09593733333333,7.09593733333333,7.09593733333333,7.09593733333333,0,0,0,6
primary_05,1,B,K_LOOKUP_C2_C4,1,-40.371354,85768827931852,RIGHT_CONTINUOUS,4,3,3,6,6,0,4,7,12564,85768827931852,7.03802033333333,7.03802033333333,7.03802033333333,7.03802033333333,0,0,0,6,7.03802033333333,7.03802033333333,7.03802033333333,7.03802033333333,0,0,0,3,7.03802033333333,7.03802033333333,7.03802033333333,7.03802033333333,0,0,0,6
primary_05,1,B,K_LOOKUP_C2_C4,1,-40.365039,85768827938167,RIGHT_CONTINUOUS,4,4,2,6,6,0,4,7,12564,85768827931852,7.03170533333333,7.03170533333333,7.03170533333333,7.03170533333333,0,0,0,6,7.03170533333333,7.03170533333333,7.03170533333333,7.03170533333333,0,0,0,2,7.03170533333333,7.03170533333333,7.03170533333333,7.03170533333333,0,0,0,6
primary_05,1,B,K_LOOKUP_C2_C4,1,-37.667983,85768830635223,RIGHT_CONTINUOUS,4,3,2,5,5,0,4,7,12564,85768827931852,4.33464933333333,4.33464933333333,4.33464933333333,4.33464933333333,0,0,5,5,4.33464933333333,4.33464933333333,4.33464933333333,4.33464933333333,0,0,2,2,4.33464933333333,4.33464933333333,4.33464933333333,4.33464933333333,0,0,5,5
primary_05,1,B,K_LOOKUP_C2_C4,1,-37.649548,85768830653658,RIGHT_CONTINUOUS,4,3,2,5,5,0,3,7,12565,85768830653658,4.31621433333333,4.31621433333333,4.31621433333333,4.31621433333333,0,0,5,5,4.31621433333333,4.31621433333333,4.31621433333333,4.31621433333333,0,0,2,2,4.31621433333333,4.31621433333333,4.31621433333333,4.31621433333333,0,0,5,5
primary_05,1,B,K_LOOKUP_C2_C4,1,-37.594316,85768830708890,RIGHT_CONTINUOUS,4,3,2,5,5,0,4,7,12566,85768830708890,4.26098233333333,4.26098233333333,4.26098233333333,4.26098233333333,0,0,5,5,4.26098233333333,4.26098233333333,4.26098233333333,4.26098233333333,0,0,2,2,4.26098233333333,4.26098233333333,4.26098233333333,4.26098233333333,0,0,5,5
primary_05,1,B,K_LOOKUP_C2_C4,1,-37.575742,85768830727464,RIGHT_CONTINUOUS,4,4,1,5,5,0,4,7,12566,85768830708890,4.24240833333333,4.24240833333333,4.24240833333333,4.24240833333333,0,0,5,5,4.24240833333333,4.24240833333333,4.24240833333333,4.24240833333333,0,0,1,1,4.24240833333333,4.24240833333333,4.24240833333333,4.24240833333333,0,0,5,5
primary_05,1,B,K_LOOKUP_C2_C4,1,-36.669726,85768831633480,RIGHT_CONTINUOUS,4,3,1,4,4,0,4,7,12566,85768830708890,3.33639233333333,3.33639233333333,3.33639233333333,3.33639233333333,0,0,4,4,3.33639233333333,3.33639233333333,3.33639233333333,3.33639233333333,0,0,1,1,3.33639233333333,3.33639233333333,3.33639233333333,3.33639233333333,0,0,4,4
primary_05,1,B,K_LOOKUP_C2_C4,1,-36.644587,85768831658619,RIGHT_CONTINUOUS,4,3,1,4,4,0,3,7,12567,85768831658619,3.31125333333333,3.31125333333333,3.31125333333333,3.31125333333333,0,0,4,4,3.31125333333333,3.31125333333333,3.31125333333333,3.31125333333333,0,0,1,1,3.31125333333333,3.31125333333333,3.31125333333333,3.31125333333333,0,0,4,4
primary_05,1,B,K_LOOKUP_C2_C4,1,-36.587892,85768831715314,RIGHT_CONTINUOUS,4,3,1,4,4,0,4,7,12568,85768831715314,3.25455833333333,3.25455833333333,3.25455833333333,3.25455833333333,0,0,4,4,3.25455833333333,3.25455833333333,3.25455833333333,3.25455833333333,0,0,1,1,3.25455833333333,3.25455833333333,3.25455833333333,3.25455833333333,0,0,4,4
primary_05,1,B,K_LOOKUP_C2_C4,1,-36.579864,85768831723342,RIGHT_CONTINUOUS,4,4,0,4,4,0,4,7,12568,85768831715314,3.24653033333333,3.24653033333333,3.24653033333333,3.24653033333333,0,0,4,4,,,,,0,,0,0,3.24653033333333,3.24653033333333,3.24653033333333,3.24653033333333,0,0,4,4
primary_05,1,B,K_LOOKUP_C2_C4,1,-35.744997,85768832558209,RIGHT_CONTINUOUS,4,3,0,3,3,0,4,7,12568,85768831715314,2.41166333333333,2.41166333333333,2.41166333333333,2.41166333333333,0,0,3,3,,,,,0,,0,0,2.41166333333333,2.41166333333333,2.41166333333333,2.41166333333333,0,0,3,3
primary_05,1,B,K_LOOKUP_C2_C4,1,-35.719562,85768832583644,RIGHT_CONTINUOUS,4,3,0,3,3,0,3,7,12569,85768832583644,2.38622833333333,2.38622833333333,2.38622833333333,2.38622833333333,0,0,3,3,,,,,0,,0,0,2.38622833333333,2.38622833333333,2.38622833333333,2.38622833333333,0,0,3,3
primary_05,1,B,K_LOOKUP_C2_C4,1,-33.333334,85768834969872,RIGHT_CONTINUOUS,4,3,0,10,3,7,3,7,12569,85768832583644,3.33333333333333e-07,3.33333333333333e-07,33.3333333333333,33.3333333333333,0,0,3,3,,,,,0,,0,0,3.33333333333333e-07,3.33333333333333e-07,3.33333333333333e-07,3.33333333333333e-07,0,0,3,3
primary_05,1,B,K_LOOKUP_C2_C4,1,-33.236073,85768835067133,RIGHT_CONTINUOUS,4,3,0,10,4,6,3,7,12569,85768832583644,-0.0972606666666667,-0.0972606666666667,33.2360723333333,33.2360723333333,3,0.3,0,0,,,,,0,,0,0,-0.0972606666666667,-0.0972606666666667,-0.0972606666666667,23.2360724333333,3,0.75,0,0
primary_05,1,B,K_LOOKUP_C2_C4,1,-33.214962,85768835088244,RIGHT_CONTINUOUS,4,3,0,10,4,6,3,7,12570,85768835088244,-0.118371666666667,-0.118371666666667,33.2149613333333,33.2149613333333,3,0.3,0,0,,,,,0,,0,0,-0.118371666666667,-0.118371666666667,-0.118371666666667,23.2149614333333,3,0.75,0,0
primary_05,1,B,K_LOOKUP_C2_C4,1,-33.188979,85768835114227,RIGHT_CONTINUOUS,4,3,0,10,5,5,3,7,12570,85768835088244,-0.144354666666667,-0.144354666666667,33.1889783333333,33.1889783333333,3,0.3,0,0,,,,,0,,0,0,-0.144354666666667,-0.144354666666667,-0.144354666666667,33.1889783333333,3,0.6,0,0
primary_05,1,B,K_LOOKUP_C2_C4,1,-33.177507,85768835125699,RIGHT_CONTINUOUS,4,3,0,10,5,5,3,7,12571,85768835125699,-0.155826666666667,-0.155826666666667,33.1775063333333,33.1775063333333,3,0.3,0,0,,,,,0,,0,0,-0.155826666666667,-0.155826666666667,-0.155826666666667,33.1775063333333,3,0.6,0,0
primary_05,1,B,K_LOOKUP_C2_C4,1,-33.167109,85768835136097,RIGHT_CONTINUOUS,4,3,0,10,6,4,3,7,12571,85768835125699,-0.166224666666667,-0.166224666666667,33.1671083333333,33.1671083333333,3,0.3,0,0,,,,,0,,0,0,-0.166224666666667,-0.166224666666667,16.5004418333333,33.1671083333333,3,0.5,0,0
primary_05,1,B,K_LOOKUP_C2_C4,1,-33.157813,85768835145393,RIGHT_CONTINUOUS,4,3,0,10,6,4,3,7,12572,85768835145393,-0.175520666666667,-0.175520666666667,33.1578123333333,33.1578123333333,3,0.3,0,0,,,,,0,,0,0,-0.175520666666667,-0.175520666666667,16.4911458333333,33.1578123333333,3,0.5,0,0
primary_05,1,B,K_LOOKUP_C2_C4,1,-33.150877,85768835152329,RIGHT_CONTINUOUS,4,3,0,10,7,3,3,7,12572,85768835145393,-0.182456666666667,-0.182456666666667,33.1508763333333,33.1508763333333,3,0.3,0,0,,,,,0,,0,0,-0.182456666666667,-0.182456666666667,33.1508763333333,33.1508763333333,3,0.428571428571429,0,0
primary_05,1,B,K_LOOKUP_C2_C4,1,-33.142674,85768835160532,RIGHT_CONTINUOUS,4,3,0,10,7,3,3,7,12573,85768835160532,-0.190659666666667,-0.190659666666667,33.1426733333333,33.1426733333333,3,0.3,0,0,,,,,0,,0,0,-0.190659666666667,-0.190659666666667,33.1426733333333,33.1426733333333,3,0.428571428571429,0,0
primary_05,1,B,K_LOOKUP_C2_C4,1,-33.135692,85768835167514,RIGHT_CONTINUOUS,4,3,0,10,8,2,3,7,12573,85768835160532,-0.197641666666667,-0.197641666666667,33.1356913333333,33.1356913333333,3,0.3,0,0,,,,,0,,0,0,-0.197641666666667,-0.197641666666667,33.1356913333333,33.1356913333333,3,0.375,0,0
primary_05,1,B,K_LOOKUP_C2_C4,1,-33.127924,85768835175282,RIGHT_CONTINUOUS,4,3,0,10,8,2,3,7,12574,85768835175282,-0.205409666666667,-0.205409666666667,33.1279233333333,33.1279233333333,3,0.3,0,0,,,,,0,,0,0,-0.205409666666667,-0.205409666666667,33.1279233333333,33.1279233333333,3,0.375,0,0
primary_05,1,B,K_LOOKUP_C2_C4,1,-33.121229,85768835181977,RIGHT_CONTINUOUS,4,3,0,10,9,1,3,7,12574,85768835175282,-0.212104666666667,-0.212104666666667,33.1212283333333,33.1212283333333,3,0.3,0,0,,,,,0,,0,0,-0.212104666666667,-0.212104666666667,33.1212283333333,33.1212283333333,3,0.333333333333333,0,0
primary_05,1,B,K_LOOKUP_C2_C4,1,-33.112544,85768835190662,RIGHT_CONTINUOUS,4,3,0,10,9,1,3,7,12575,85768835190662,-0.220789666666667,-0.220789666666667,33.1125433333333,33.1125433333333,3,0.3,0,0,,,,,0,,0,0,-0.220789666666667,-0.220789666666667,33.1125433333333,33.1125433333333,3,0.333333333333333,0,0
primary_05,1,B,K_LOOKUP_C2_C4,1,-33.106257,85768835196949,RIGHT_CONTINUOUS,4,3,0,10,10,0,3,7,12575,85768835190662,-0.227076666666667,-0.227076666666667,33.1062563333333,33.1062563333333,3,0.3,0,0,,,,,0,,0,0,-0.227076666666667,-0.227076666666667,33.1062563333333,33.1062563333333,3,0.3,0,0
primary_05,1,B,K_LOOKUP_C2_C4,1,-33.097313,85768835205893,RIGHT_CONTINUOUS,4,3,0,10,10,0,3,7,12576,85768835205893,-0.236020666666667,-0.236020666666667,33.0973123333333,33.0973123333333,3,0.3,0,0,,,,,0,,0,0,-0.236020666666667,-0.236020666666667,33.0973123333333,33.0973123333333,3,0.3,0,0
primary_05,1,B,K_LOOKUP_C2_C4,1,-33.066396,85768835236810,RIGHT_CONTINUOUS,4,3,0,10,10,0,3,7,12576,85768835205893,-0.266937666666667,-0.266937666666667,33.0663953333333,33.0663953333333,3,0.3,0,0,,,,,0,,0,0,-0.266937666666667,-0.266937666666667,33.0663953333333,33.0663953333333,3,0.3,0,0
primary_05,1,B,K_LOOKUP_C2_C4,1,-33.038552,85768835264654,RIGHT_CONTINUOUS,4,3,0,10,10,0,3,7,12576,85768835205893,-0.294781666666667,-0.294781666666667,33.0385513333333,33.0385513333333,3,0.3,0,0,,,,,0,,0,0,-0.294781666666667,-0.294781666666667,33.0385513333333,33.0385513333333,3,0.3,0,0
primary_05,1,B,K_LOOKUP_C2_C4,1,-33.01145,85768835291756,RIGHT_CONTINUOUS,4,3,0,10,10,0,3,7,12576,85768835205893,-0.321883666666667,-0.321883666666667,33.0114493333333,33.0114493333333,3,0.3,0,0,,,,,0,,0,0,-0.321883666666667,-0.321883666666667,33.0114493333333,33.0114493333333,3,0.3,0,0
primary_05,1,B,K_LOOKUP_C2_C4,1,-32.950423,85768835352783,RIGHT_CONTINUOUS,4,3,0,10,10,0,3,7,12576,85768835205893,-0.382910666666667,-0.382910666666667,32.9504223333333,32.9504223333333,3,0.3,0,0,,,,,0,,0,0,-0.382910666666667,-0.382910666666667,32.9504223333333,32.9504223333333,3,0.3,0,0
primary_05,1,B,K_LOOKUP_C2_C4,1,-32.907431,85768835395775,RIGHT_CONTINUOUS,4,3,0,10,10,0,3,7,12576,85768835205893,-0.425902666666667,-0.425902666666667,32.9074303333333,32.9074303333333,3,0.3,0,0,,,,,0,,0,0,-0.425902666666667,-0.425902666666667,32.9074303333333,32.9074303333333,3,0.3,0,0
primary_05,1,B,K_LOOKUP_C2_C4,1,-32.876514,85768835426692,RIGHT_CONTINUOUS,4,3,0,10,10,0,3,7,12576,85768835205893,-0.456819666666667,-0.456819666666667,32.8765133333333,32.8765133333333,3,0.3,0,0,,,,,0,,0,0,-0.456819666666667,-0.456819666666667,32.8765133333333,32.8765133333333,3,0.3,0,0
primary_05,1,B,K_LOOKUP_C2_C4,1,-32.754161,85768835549045,RIGHT_CONTINUOUS,4,3,0,10,10,0,3,7,12576,85768835205893,-0.579172666666667,-0.579172666666667,32.7541603333333,32.7541603333333,3,0.3,0,0,,,,,0,,0,0,-0.579172666666667,-0.579172666666667,32.7541603333333,32.7541603333333,3,0.3,0,0
primary_05,1,B,K_LOOKUP_C2_C4,1,-28.138296,85768840164910,RIGHT_CONTINUOUS,4,2,0,9,9,0,3,7,12576,85768835205893,-5.19503766666667,-5.19503766666667,28.1382953333333,28.1382953333333,2,0.222222222222222,0,0,,,,,0,,0,0,-5.19503766666667,-5.19503766666667,28.1382953333333,28.1382953333333,2,0.222222222222222,0,0
primary_05,1,B,K_LOOKUP_C2_C4,1,-28.118593,85768840184613,RIGHT_CONTINUOUS,4,2,0,9,9,0,2,7,12577,85768840184613,-5.21474066666667,-5.21474066666667,28.1185923333333,28.1185923333333,2,0.222222222222222,0,0,,,,,0,,0,0,-5.21474066666667,-5.21474066666667,28.1185923333333,28.1185923333333,2,0.222222222222222,0,0
primary_05,1,B,K_LOOKUP_C2_C4,1,-25.2681,85768843035106,RIGHT_CONTINUOUS,4,1,0,8,8,0,2,7,12577,85768840184613,-8.06523366666667,15.2680994333333,25.2680993333333,25.2680993333333,1,0.125,0,0,,,,,0,,0,0,-8.06523366666667,15.2680994333333,25.2680993333333,25.2680993333333,1,0.125,0,0
primary_05,1,B,K_LOOKUP_C2_C4,1,-25.259471,85768843043735,RIGHT_CONTINUOUS,4,1,0,8,8,0,1,7,12578,85768843043735,-8.07386266666667,15.2594704333333,25.2594703333333,25.2594703333333,1,0.125,0,0,,,,,0,,0,0,-8.07386266666667,15.2594704333333,25.2594703333333,25.2594703333333,1,0.125,0,0
primary_05,1,B,K_LOOKUP_C2_C4,1,-24.353168,85768843950038,RIGHT_CONTINUOUS,4,0,0,7,7,0,1,7,12578,85768843043735,24.3531673333333,24.3531673333333,24.3531673333333,24.3531673333333,0,0,0,0,,,,,0,,0,0,24.3531673333333,24.3531673333333,24.3531673333333,24.3531673333333,0,0,0,0
primary_05,1,B,K_LOOKUP_C2_C4,1,-24.338363,85768843964843,RIGHT_CONTINUOUS,4,0,0,7,7,0,0,7,12579,85768843964843,24.3383623333333,24.3383623333333,24.3383623333333,24.3383623333333,0,0,0,0,,,,,0,,0,0,24.3383623333333,24.3383623333333,24.3383623333333,24.3383623333333,0,0,0,0
primary_05,1,B,K_LOOKUP_C2_C4,1,-23.344736,85768844958470,RIGHT_CONTINUOUS,4,0,1,7,7,0,0,7,12579,85768843964843,23.3447353333333,23.3447353333333,23.3447353333333,23.3447353333333,0,0,0,0,23.3447353333333,23.3447353333333,23.3447353333333,23.3447353333333,0,0,0,0,23.3447353333333,23.3447353333333,23.3447353333333,23.3447353333333,0,0,0,0
primary_05,1,B,K_LOOKUP_C2_C4,1,-23.341143,85768844962063,RIGHT_CONTINUOUS,4,0,1,7,7,0,0,7,12580,85768844962063,23.3411423333333,23.3411423333333,23.3411423333333,23.3411423333333,0,0,0,0,23.3411423333333,23.3411423333333,23.3411423333333,23.3411423333333,0,0,0,0,23.3411423333333,23.3411423333333,23.3411423333333,23.3411423333333,0,0,0,0
primary_05,1,B,K_LOOKUP_C2_C4,1,-23.227688,85768845075518,RIGHT_CONTINUOUS,4,0,1,7,7,0,1,7,12581,85768845075518,23.2276873333333,23.2276873333333,23.2276873333333,23.2276873333333,0,0,0,0,23.2276873333333,23.2276873333333,23.2276873333333,23.2276873333333,0,0,0,0,23.2276873333333,23.2276873333333,23.2276873333333,23.2276873333333,0,0,0,0
primary_05,1,B,K_LOOKUP_C2_C4,1,-23.220003,85768845083203,RIGHT_CONTINUOUS,4,1,0,7,7,0,1,7,12581,85768845075518,23.2200023333333,23.2200023333333,23.2200023333333,23.2200023333333,0,0,0,0,,,,,0,,0,0,23.2200023333333,23.2200023333333,23.2200023333333,23.2200023333333,0,0,0,0
primary_05,1,B,K_LOOKUP_C2_C4,1,-22.36596,85768845937246,RIGHT_CONTINUOUS,4,1,1,7,7,0,1,7,12581,85768845075518,22.3659593333333,22.3659593333333,22.3659593333333,22.3659593333333,0,0,0,0,22.3659593333333,22.3659593333333,22.3659593333333,22.3659593333333,0,0,0,0,22.3659593333333,22.3659593333333,22.3659593333333,22.3659593333333,0,0,0,0
primary_05,1,B,K_LOOKUP_C2_C4,1,-22.362877,85768845940329,RIGHT_CONTINUOUS,4,1,1,7,7,0,1,7,12582,85768845940329,22.3628763333333,22.3628763333333,22.3628763333333,22.3628763333333,0,0,0,0,22.3628763333333,22.3628763333333,22.3628763333333,22.3628763333333,0,0,0,0,22.3628763333333,22.3628763333333,22.3628763333333,22.3628763333333,0,0,0,0
primary_05,1,B,K_LOOKUP_C2_C4,1,-22.295524,85768846007682,RIGHT_CONTINUOUS,4,1,1,7,7,0,2,7,12583,85768846007682,22.2955233333333,22.2955233333333,22.2955233333333,22.2955233333333,0,0,0,0,22.2955233333333,22.2955233333333,22.2955233333333,22.2955233333333,0,0,0,0,22.2955233333333,22.2955233333333,22.2955233333333,22.2955233333333,0,0,0,0
primary_05,1,B,K_LOOKUP_C2_C4,1,-22.287061,85768846016145,RIGHT_CONTINUOUS,4,2,0,7,7,0,2,7,12583,85768846007682,22.2870603333333,22.2870603333333,22.2870603333333,22.2870603333333,0,0,0,0,,,,,0,,0,0,22.2870603333333,22.2870603333333,22.2870603333333,22.2870603333333,0,0,0,0
primary_05,1,B,K_LOOKUP_C2_C4,1,-21.123007,85768847180199,RIGHT_CONTINUOUS,4,2,1,7,7,0,2,7,12583,85768846007682,21.1230063333333,21.1230063333333,21.1230063333333,21.1230063333333,0,0,0,0,21.1230063333333,21.1230063333333,21.1230063333333,21.1230063333333,0,0,0,0,21.1230063333333,21.1230063333333,21.1230063333333,21.1230063333333,0,0,0,0
primary_05,1,B,K_LOOKUP_C2_C4,1,-21.119136,85768847184070,RIGHT_CONTINUOUS,4,2,1,7,7,0,2,7,12584,85768847184070,21.1191353333333,21.1191353333333,21.1191353333333,21.1191353333333,0,0,0,0,21.1191353333333,21.1191353333333,21.1191353333333,21.1191353333333,0,0,0,0,21.1191353333333,21.1191353333333,21.1191353333333,21.1191353333333,0,0,0,0
primary_05,1,B,K_LOOKUP_C2_C4,1,-21.032145,85768847271061,RIGHT_CONTINUOUS,4,2,1,7,7,0,3,7,12585,85768847271061,21.0321443333333,21.0321443333333,21.0321443333333,21.0321443333333,0,0,0,0,21.0321443333333,21.0321443333333,21.0321443333333,21.0321443333333,0,0,0,0,21.0321443333333,21.0321443333333,21.0321443333333,21.0321443333333,0,0,0,0
primary_05,1,B,K_LOOKUP_C2_C4,1,-21.024246,85768847278960,RIGHT_CONTINUOUS,4,3,0,7,7,0,3,7,12585,85768847271061,21.0242453333333,21.0242453333333,21.0242453333333,21.0242453333333,0,0,0,0,,,,,0,,0,0,21.0242453333333,21.0242453333333,21.0242453333333,21.0242453333333,0,0,0,0
primary_05,1,B,K_LOOKUP_C2_C4,1,-20.330454,85768847972752,RIGHT_CONTINUOUS,4,3,1,7,7,0,3,7,12585,85768847271061,20.3304533333333,20.3304533333333,20.3304533333333,20.3304533333333,0,0,0,0,20.3304533333333,20.3304533333333,20.3304533333333,20.3304533333333,0,0,0,0,20.3304533333333,20.3304533333333,20.3304533333333,20.3304533333333,0,0,0,0
primary_05,1,B,K_LOOKUP_C2_C4,1,-20.326686,85768847976520,RIGHT_CONTINUOUS,4,3,1,7,7,0,3,7,12586,85768847976520,20.3266853333333,20.3266853333333,20.3266853333333,20.3266853333333,0,0,0,0,20.3266853333333,20.3266853333333,20.3266853333333,20.3266853333333,0,0,0,0,20.3266853333333,20.3266853333333,20.3266853333333,20.3266853333333,0,0,0,0
primary_05,1,B,K_LOOKUP_C2_C4,1,-19.982647,85768848320559,RIGHT_CONTINUOUS,4,3,2,7,7,0,3,7,12586,85768847976520,19.9826463333333,19.9826463333333,19.9826463333333,19.9826463333333,0,0,0,0,19.9826463333333,19.9826463333333,19.9826463333333,19.9826463333333,0,0,0,0,19.9826463333333,19.9826463333333,19.9826463333333,19.9826463333333,0,0,0,0
primary_05,1,B,K_LOOKUP_C2_C4,1,-19.978008,85768848325198,RIGHT_CONTINUOUS,4,3,2,7,7,0,3,7,12587,85768848325198,19.9780073333333,19.9780073333333,19.9780073333333,19.9780073333333,0,0,0,0,19.9780073333333,19.9780073333333,19.9780073333333,19.9780073333333,0,0,0,0,19.9780073333333,19.9780073333333,19.9780073333333,19.9780073333333,0,0,0,0
primary_05,1,B,K_LOOKUP_C2_C4,1,-19.40155,85768848901656,RIGHT_CONTINUOUS,4,3,3,7,7,0,3,7,12587,85768848325198,19.4015493333333,19.4015493333333,19.4015493333333,19.4015493333333,0,0,0,0,19.4015493333333,19.4015493333333,19.4015493333333,19.4015493333333,0,0,0,0,19.4015493333333,19.4015493333333,19.4015493333333,19.4015493333333,0,0,0,0
primary_05,1,B,K_LOOKUP_C2_C4,1,-19.39805,85768848905156,RIGHT_CONTINUOUS,4,3,3,7,7,0,3,7,12588,85768848905156,19.3980493333333,19.3980493333333,19.3980493333333,19.3980493333333,0,0,0,0,19.3980493333333,19.3980493333333,19.3980493333333,19.3980493333333,0,0,0,0,19.3980493333333,19.3980493333333,19.3980493333333,19.3980493333333,0,0,0,0
primary_05,1,B,K_LOOKUP_C2_C4,1,-19.024084,85768849279122,RIGHT_CONTINUOUS,4,3,3,7,7,0,4,7,12589,85768849279122,19.0240833333333,19.0240833333333,19.0240833333333,19.0240833333333,0,0,0,0,19.0240833333333,19.0240833333333,19.0240833333333,19.0240833333333,0,0,0,0,19.0240833333333,19.0240833333333,19.0240833333333,19.0240833333333,0,0,0,0
primary_05,1,B,K_LOOKUP_C2_C4,1,-19.012519,85768849290687,RIGHT_CONTINUOUS,4,4,2,7,7,0,4,7,12589,85768849279122,19.0125183333333,19.0125183333333,19.0125183333333,19.0125183333333,0,0,0,0,19.0125183333333,19.0125183333333,19.0125183333333,19.0125183333333,0,0,0,0,19.0125183333333,19.0125183333333,19.0125183333333,19.0125183333333,0,0,0,0
primary_05,1,B,K_LOOKUP_C2_C4,1,-17.958235,85768850344971,RIGHT_CONTINUOUS,4,4,3,7,7,0,4,7,12589,85768849279122,17.9582343333333,17.9582343333333,17.9582343333333,17.9582343333333,0,0,0,0,17.9582343333333,17.9582343333333,17.9582343333333,17.9582343333333,0,0,0,0,17.9582343333333,17.9582343333333,17.9582343333333,17.9582343333333,0,0,0,0
primary_05,1,B,K_LOOKUP_C2_C4,1,-17.953411,85768850349795,RIGHT_CONTINUOUS,4,4,3,7,7,0,4,7,12590,85768850349795,17.9534103333333,17.9534103333333,17.9534103333333,17.9534103333333,0,0,0,0,17.9534103333333,17.9534103333333,17.9534103333333,17.9534103333333,0,0,0,0,17.9534103333333,17.9534103333333,17.9534103333333,17.9534103333333,0,0,0,0
primary_05,1,B,K_LOOKUP_C2_C4,1,-6.976501,85768861326705,RIGHT_CONTINUOUS,4,3,3,6,6,0,4,7,12590,85768850349795,6.97650033333333,6.97650033333333,6.97650033333333,6.97650033333333,0,0,0,6,6.97650033333333,6.97650033333333,6.97650033333333,6.97650033333333,0,0,0,3,6.97650033333333,6.97650033333333,6.97650033333333,6.97650033333333,0,0,0,6
primary_05,1,B,K_LOOKUP_C2_C4,1,-6.95814,85768861345066,RIGHT_CONTINUOUS,4,3,3,6,6,0,3,7,12591,85768861345066,6.95813933333333,6.95813933333333,6.95813933333333,6.95813933333333,0,0,0,6,6.95813933333333,6.95813933333333,6.95813933333333,6.95813933333333,0,0,0,3,6.95813933333333,6.95813933333333,6.95813933333333,6.95813933333333,0,0,0,6
primary_05,1,B,K_LOOKUP_C2_C4,1,-6.912288,85768861390918,RIGHT_CONTINUOUS,4,3,3,6,6,0,4,7,12592,85768861390918,6.91228733333333,6.91228733333333,6.91228733333333,6.91228733333333,0,0,0,6,6.91228733333333,6.91228733333333,6.91228733333333,6.91228733333333,0,0,0,3,6.91228733333333,6.91228733333333,6.91228733333333,6.91228733333333,0,0,0,6
primary_05,1,B,K_LOOKUP_C2_C4,1,-6.907009,85768861396197,RIGHT_CONTINUOUS,4,4,2,6,6,0,4,7,12592,85768861390918,6.90700833333333,6.90700833333333,6.90700833333333,6.90700833333333,0,0,0,6,6.90700833333333,6.90700833333333,6.90700833333333,6.90700833333333,0,0,0,2,6.90700833333333,6.90700833333333,6.90700833333333,6.90700833333333,0,0,0,6
primary_05,1,B,K_LOOKUP_C2_C4,1,-5.83552,85768862467686,RIGHT_CONTINUOUS,4,3,2,5,5,0,4,7,12592,85768861390918,5.83551933333333,5.83551933333333,5.83551933333333,5.83551933333333,0,0,0,5,5.83551933333333,5.83551933333333,5.83551933333333,5.83551933333333,0,0,0,2,5.83551933333333,5.83551933333333,5.83551933333333,5.83551933333333,0,0,0,5
primary_05,1,B,K_LOOKUP_C2_C4,1,-5.812335,85768862490871,RIGHT_CONTINUOUS,4,3,2,5,5,0,3,7,12593,85768862490871,5.81233433333333,5.81233433333333,5.81233433333333,5.81233433333333,0,0,0,5,5.81233433333333,5.81233433333333,5.81233433333333,5.81233433333333,0,0,0,2,5.81233433333333,5.81233433333333,5.81233433333333,5.81233433333333,0,0,0,5
primary_05,1,B,K_LOOKUP_C2_C4,1,-5.758131,85768862545075,RIGHT_CONTINUOUS,4,3,2,5,5,0,4,7,12594,85768862545075,5.75813033333333,5.75813033333333,5.75813033333333,5.75813033333333,0,0,0,5,5.75813033333333,5.75813033333333,5.75813033333333,5.75813033333333,0,0,0,2,5.75813033333333,5.75813033333333,5.75813033333333,5.75813033333333,0,0,0,5
primary_05,1,B,K_LOOKUP_C2_C4,1,-5.751806,85768862551400,RIGHT_CONTINUOUS,4,4,1,5,5,0,4,7,12594,85768862545075,5.75180533333333,5.75180533333333,5.75180533333333,5.75180533333333,0,0,0,5,5.75180533333333,5.75180533333333,5.75180533333333,5.75180533333333,0,0,0,1,5.75180533333333,5.75180533333333,5.75180533333333,5.75180533333333,0,0,0,5
primary_05,1,B,K_LOOKUP_C2_C4,1,-5.552167,85768862751039,RIGHT_CONTINUOUS,4,3,1,4,4,0,4,7,12594,85768862545075,5.55216633333333,5.55216633333333,5.55216633333333,5.55216633333333,0,0,0,4,5.55216633333333,5.55216633333333,5.55216633333333,5.55216633333333,0,0,0,1,5.55216633333333,5.55216633333333,5.55216633333333,5.55216633333333,0,0,0,4
primary_05,1,B,K_LOOKUP_C2_C4,1,-5.533148,85768862770058,RIGHT_CONTINUOUS,4,3,1,4,4,0,3,7,12595,85768862770058,5.53314733333333,5.53314733333333,5.53314733333333,5.53314733333333,0,0,0,4,5.53314733333333,5.53314733333333,5.53314733333333,5.53314733333333,0,0,0,1,5.53314733333333,5.53314733333333,5.53314733333333,5.53314733333333,0,0,0,4
primary_05,1,B,K_LOOKUP_C2_C4,1,-5.481601,85768862821605,RIGHT_CONTINUOUS,4,3,1,4,4,0,4,7,12596,85768862821605,5.48160033333333,5.48160033333333,5.48160033333333,5.48160033333333,0,0,0,4,5.48160033333333,5.48160033333333,5.48160033333333,5.48160033333333,0,0,0,1,5.48160033333333,5.48160033333333,5.48160033333333,5.48160033333333,0,0,0,4
primary_05,1,B,K_LOOKUP_C2_C4,1,-5.474443,85768862828763,RIGHT_CONTINUOUS,4,4,0,4,4,0,4,7,12596,85768862821605,5.47444233333333,5.47444233333333,5.47444233333333,5.47444233333333,0,0,0,4,,,,,0,,0,0,5.47444233333333,5.47444233333333,5.47444233333333,5.47444233333333,0,0,0,4
primary_05,1,B,K_LOOKUP_C2_C4,1,-2.795694,85768865507512,RIGHT_CONTINUOUS,4,3,0,3,3,0,4,7,12596,85768862821605,2.79569333333333,2.79569333333333,2.79569333333333,2.79569333333333,0,0,3,3,,,,,0,,0,0,2.79569333333333,2.79569333333333,2.79569333333333,2.79569333333333,0,0,3,3
primary_05,1,B,K_LOOKUP_C2_C4,1,-2.773823,85768865529383,RIGHT_CONTINUOUS,4,3,0,3,3,0,3,7,12597,85768865529383,2.77382233333333,2.77382233333333,2.77382233333333,2.77382233333333,0,0,3,3,,,,,0,,0,0,2.77382233333333,2.77382233333333,2.77382233333333,2.77382233333333,0,0,3,3
primary_05,1,B,K_LOOKUP_C2_C4,1,0,85768868303206,RIGHT_CONTINUOUS,4,3,0,9,3,6,3,7,12597,85768865529383,-6.66666666666667e-07,-6.66666666666667e-07,33.3333333333333,33.3333333333333,3,0.333333333333333,0,0,,,,,0,,0,0,-6.66666666666667e-07,-6.66666666666667e-07,-6.66666666666667e-07,-6.66666666666667e-07,3,1,0,0
primary_05,1,B,K_LOOKUP_C2_C4,1,0.104901,85768868408107,RIGHT_CONTINUOUS,4,3,0,9,3,6,3,6,12598,85768868408107,-0.104901666666667,-0.104901666666667,33.2284323333333,33.2284323333333,3,0.333333333333333,0,0,,,,,0,,0,0,-0.104901666666667,-0.104901666666667,-0.104901666666667,-0.104901666666667,3,1,0,0
primary_05,1,B,K_LOOKUP_C2_C4,1,0.153355,85768868456561,RIGHT_CONTINUOUS,2,3,0,9,3,6,3,6,12599,85768868456561,-0.153355666666667,-0.153355666666667,33.1799783333333,33.1799783333333,3,0.333333333333333,0,0,,,,,0,,0,0,-0.153355666666667,-0.153355666666667,-0.153355666666667,-0.153355666666667,3,1,0,0
primary_05,1,B,K_LOOKUP_C2_C4,1,0.173818,85768868477024,RIGHT_CONTINUOUS,2,3,0,9,4,5,3,6,12599,85768868456561,-0.173818666666667,-0.173818666666667,33.1595153333333,33.1595153333333,3,0.333333333333333,0,0,,,,,0,,0,0,-0.173818666666667,-0.173818666666667,-0.173818666666667,23.1595151333333,3,0.75,0,0
primary_05,1,B,K_LOOKUP_C2_C4,1,0.214069,85768868517275,RIGHT_CONTINUOUS,2,3,0,9,4,5,3,6,12600,85768868517275,-0.214069666666667,-0.214069666666667,33.1192643333333,33.1192643333333,3,0.333333333333333,0,0,,,,,0,,0,0,-0.214069666666667,-0.214069666666667,-0.214069666666667,23.1192641333333,3,0.75,0,0
primary_05,1,B,K_LOOKUP_C2_C4,1,0.226458,85768868529664,RIGHT_CONTINUOUS,2,3,0,9,5,4,3,6,12600,85768868517275,-0.226458666666667,-0.226458666666667,33.1068753333333,33.1068753333333,3,0.333333333333333,0,0,,,,,0,,0,0,-0.226458666666667,-0.226458666666667,-0.226458666666667,33.1068753333333,3,0.6,0,0
primary_05,1,B,K_LOOKUP_C2_C4,1,0.235328,85768868538534,RIGHT_CONTINUOUS,2,3,0,9,5,4,3,6,12601,85768868538534,-0.235328666666667,-0.235328666666667,33.0980053333333,33.0980053333333,3,0.333333333333333,0,0,,,,,0,,0,0,-0.235328666666667,-0.235328666666667,-0.235328666666667,33.0980053333333,3,0.6,0,0
primary_05,1,B,K_LOOKUP_C2_C4,1,0.242893,85768868546099,RIGHT_CONTINUOUS,2,3,0,9,6,3,3,6,12601,85768868538534,-0.242893666666667,-0.242893666666667,33.0904403333333,33.0904403333333,3,0.333333333333333,0,0,,,,,0,,0,0,-0.242893666666667,-0.242893666666667,16.4237733333333,33.0904403333333,3,0.5,0,0
primary_05,1,B,K_LOOKUP_C2_C4,1,0.251846,85768868555052,RIGHT_CONTINUOUS,2,3,0,9,6,3,3,6,12602,85768868555052,-0.251846666666667,-0.251846666666667,33.0814873333333,33.0814873333333,3,0.333333333333333,0,0,,,,,0,,0,0,-0.251846666666667,-0.251846666666667,16.4148203333333,33.0814873333333,3,0.5,0,0
primary_05,1,B,K_LOOKUP_C2_C4,1,0.258578,85768868561784,RIGHT_CONTINUOUS,2,3,0,9,7,2,3,6,12602,85768868555052,-0.258578666666667,-0.258578666666667,33.0747553333333,33.0747553333333,3,0.333333333333333,0,0,,,,,0,,0,0,-0.258578666666667,-0.258578666666667,33.0747553333333,33.0747553333333,3,0.428571428571429,0,0
primary_05,1,B,K_LOOKUP_C2_C4,1,0.266458,85768868569664,RIGHT_CONTINUOUS,2,3,0,9,7,2,3,6,12603,85768868569664,-0.266458666666667,-0.266458666666667,33.0668753333333,33.0668753333333,3,0.333333333333333,0,0,,,,,0,,0,0,-0.266458666666667,-0.266458666666667,33.0668753333333,33.0668753333333,3,0.428571428571429,0,0
primary_05,1,B,K_LOOKUP_C2_C4,1,0.272532,85768868575738,RIGHT_CONTINUOUS,2,3,0,9,8,1,3,6,12603,85768868569664,-0.272532666666667,-0.272532666666667,33.0608013333333,33.0608013333333,3,0.333333333333333,0,0,,,,,0,,0,0,-0.272532666666667,-0.272532666666667,33.0608013333333,33.0608013333333,3,0.375,0,0
primary_05,1,B,K_LOOKUP_C2_C4,1,0.281643,85768868584849,RIGHT_CONTINUOUS,2,3,0,9,8,1,3,6,12604,85768868584849,-0.281643666666667,-0.281643666666667,33.0516903333333,33.0516903333333,3,0.333333333333333,0,0,,,,,0,,0,0,-0.281643666666667,-0.281643666666667,33.0516903333333,33.0516903333333,3,0.375,0,0
primary_05,1,B,K_LOOKUP_C2_C4,1,0.288513,85768868591719,RIGHT_CONTINUOUS,2,3,0,9,9,0,3,6,12604,85768868584849,-0.288513666666667,-0.288513666666667,33.0448203333333,33.0448203333333,3,0.333333333333333,0,0,,,,,0,,0,0,-0.288513666666667,-0.288513666666667,33.0448203333333,33.0448203333333,3,0.333333333333333,0,0
primary_05,1,B,K_LOOKUP_C2_C4,1,0.299208,85768868602414,RIGHT_CONTINUOUS,2,3,0,9,9,0,3,6,12605,85768868602414,-0.299208666666667,-0.299208666666667,33.0341253333333,33.0341253333333,3,0.333333333333333,0,0,,,,,0,,0,0,-0.299208666666667,-0.299208666666667,33.0341253333333,33.0341253333333,3,0.333333333333333,0,0
primary_05,1,B,K_LOOKUP_C2_C4,1,0.412172,85768868715378,RIGHT_CONTINUOUS,2,3,0,9,9,0,3,6,12605,85768868602414,-0.412172666666667,-0.412172666666667,32.9211613333333,32.9211613333333,3,0.333333333333333,0,0,,,,,0,,0,0,-0.412172666666667,-0.412172666666667,32.9211613333333,32.9211613333333,3,0.333333333333333,0,0
primary_05,1,B,K_LOOKUP_C2_C4,1,0.519015,85768868822221,RIGHT_CONTINUOUS,2,3,0,9,9,0,3,6,12605,85768868602414,-0.519015666666667,-0.519015666666667,32.8143183333333,32.8143183333333,3,0.333333333333333,0,0,,,,,0,,0,0,-0.519015666666667,-0.519015666666667,32.8143183333333,32.8143183333333,3,0.333333333333333,0,0
primary_05,1,B,K_LOOKUP_C2_C4,1,0.593089,85768868896295,RIGHT_CONTINUOUS,2,3,0,9,9,0,3,6,12605,85768868602414,-0.593089666666667,-0.593089666666667,32.7402443333333,32.7402443333333,3,0.333333333333333,0,0,,,,,0,,0,0,-0.593089666666667,-0.593089666666667,32.7402443333333,32.7402443333333,3,0.333333333333333,0,0
primary_05,1,B,K_LOOKUP_C2_C4,1,0.684118,85768868987324,RIGHT_CONTINUOUS,2,3,0,9,9,0,3,6,12605,85768868602414,-0.684118666666667,-0.684118666666667,32.6492153333333,32.6492153333333,3,0.333333333333333,0,0,,,,,0,,0,0,-0.684118666666667,-0.684118666666667,32.6492153333333,32.6492153333333,3,0.333333333333333,0,0
primary_05,1,B,K_LOOKUP_C2_C4,1,0.702081,85768869005287,RIGHT_CONTINUOUS,2,3,0,9,9,0,3,6,12605,85768868602414,-0.702081666666667,-0.702081666666667,32.6312523333333,32.6312523333333,3,0.333333333333333,0,0,,,,,0,,0,0,-0.702081666666667,-0.702081666666667,32.6312523333333,32.6312523333333,3,0.333333333333333,0,0
primary_05,1,B,K_LOOKUP_C2_C4,1,1.455114,85768869758320,RIGHT_CONTINUOUS,2,3,0,9,9,0,3,6,12605,85768868602414,-1.45511466666667,-1.45511466666667,31.8782193333333,31.8782193333333,3,0.333333333333333,0,0,,,,,0,,0,0,-1.45511466666667,-1.45511466666667,31.8782193333333,31.8782193333333,3,0.333333333333333,0,0
primary_05,1,B,K_LOOKUP_C2_C4,1,7.541277,85768875844483,RIGHT_CONTINUOUS,2,2,0,8,8,0,3,6,12605,85768868602414,-7.54127766666667,-7.54127766666667,25.7920563333333,25.7920563333333,2,0.25,0,0,,,,,0,,0,0,-7.54127766666667,-7.54127766666667,25.7920563333333,25.7920563333333,2,0.25,0,0
primary_05,1,B,K_LOOKUP_C2_C4,1,7.556212,85768875859418,RIGHT_CONTINUOUS,2,2,0,8,8,0,2,6,12606,85768875859418,-7.55621266666667,-7.55621266666667,25.7771213333333,25.7771213333333,2,0.25,0,0,,,,,0,,0,0,-7.55621266666667,-7.55621266666667,25.7771213333333,25.7771213333333,2,0.25,0,0
primary_05,1,B,K_LOOKUP_C2_C4,1,7.751547,85768876054753,RIGHT_CONTINUOUS,2,1,0,7,7,0,2,6,12606,85768875859418,-7.75154766666667,12.2484527333333,25.5817863333333,25.5817863333333,1,0.142857142857143,0,0,,,,,0,,0,0,-7.75154766666667,12.2484527333333,25.5817863333333,25.5817863333333,1,0.142857142857143,0,0
primary_05,1,B,K_LOOKUP_C2_C4,1,7.769399,85768876072605,RIGHT_CONTINUOUS,2,1,0,7,7,0,1,6,12607,85768876072605,-7.76939966666667,12.2306007333333,25.5639343333333,25.5639343333333,1,0.142857142857143,0,0,,,,,0,,0,0,-7.76939966666667,12.2306007333333,25.5639343333333,25.5639343333333,1,0.142857142857143,0,0
primary_05,1,B,K_LOOKUP_C2_C4,1,8.183384,85768876486590,RIGHT_CONTINUOUS,2,0,0,6,6,0,1,6,12607,85768876072605,25.1499493333333,25.1499493333333,25.1499493333333,25.1499493333333,0,0,0,0,,,,,0,,0,0,25.1499493333333,25.1499493333333,25.1499493333333,25.1499493333333,0,0,0,0
primary_05,1,B,K_LOOKUP_C2_C4,1,8.191939,85768876495145,RIGHT_CONTINUOUS,2,0,0,6,6,0,0,6,12608,85768876495145,25.1413943333333,25.1413943333333,25.1413943333333,25.1413943333333,0,0,0,0,,,,,0,,0,0,25.1413943333333,25.1413943333333,25.1413943333333,25.1413943333333,0,0,0,0
primary_05,1,B,K_LOOKUP_C2_C4,1,10.769734,85768879072940,RIGHT_CONTINUOUS,2,0,1,6,6,0,0,6,12608,85768876495145,22.5635993333333,22.5635993333333,22.5635993333333,22.5635993333333,0,0,0,0,22.5635993333333,22.5635993333333,22.5635993333333,22.5635993333333,0,0,0,0,22.5635993333333,22.5635993333333,22.5635993333333,22.5635993333333,0,0,0,0
primary_05,1,B,K_LOOKUP_C2_C4,1,10.774633,85768879077839,RIGHT_CONTINUOUS,2,0,1,6,6,0,0,6,12609,85768879077839,22.5587003333333,22.5587003333333,22.5587003333333,22.5587003333333,0,0,0,0,22.5587003333333,22.5587003333333,22.5587003333333,22.5587003333333,0,0,0,0,22.5587003333333,22.5587003333333,22.5587003333333,22.5587003333333,0,0,0,0
primary_05,1,B,K_LOOKUP_C2_C4,1,10.893828,85768879197034,RIGHT_CONTINUOUS,2,0,1,6,6,0,1,6,12610,85768879197034,22.4395053333333,22.4395053333333,22.4395053333333,22.4395053333333,0,0,0,0,22.4395053333333,22.4395053333333,22.4395053333333,22.4395053333333,0,0,0,0,22.4395053333333,22.4395053333333,22.4395053333333,22.4395053333333,0,0,0,0
primary_05,1,B,K_LOOKUP_C2_C4,1,10.930032,85768879233238,RIGHT_CONTINUOUS,2,1,0,6,6,0,1,6,12610,85768879197034,22.4033013333333,22.4033013333333,22.4033013333333,22.4033013333333,0,0,0,0,,,,,0,,0,0,22.4033013333333,22.4033013333333,22.4033013333333,22.4033013333333,0,0,0,0
primary_05,1,B,K_LOOKUP_C2_C4,1,13.029148,85768881332354,RIGHT_CONTINUOUS,2,1,1,6,6,0,1,6,12610,85768879197034,20.3041853333333,20.3041853333333,20.3041853333333,20.3041853333333,0,0,0,0,20.3041853333333,20.3041853333333,20.3041853333333,20.3041853333333,0,0,0,0,20.3041853333333,20.3041853333333,20.3041853333333,20.3041853333333,0,0,0,0
primary_05,1,B,K_LOOKUP_C2_C4,1,13.034546,85768881337752,RIGHT_CONTINUOUS,2,1,1,6,6,0,1,6,12611,85768881337752,20.2987873333333,20.2987873333333,20.2987873333333,20.2987873333333,0,0,0,0,20.2987873333333,20.2987873333333,20.2987873333333,20.2987873333333,0,0,0,0,20.2987873333333,20.2987873333333,20.2987873333333,20.2987873333333,0,0,0,0
primary_05,1,B,K_LOOKUP_C2_C4,1,13.130288,85768881433494,RIGHT_CONTINUOUS,2,1,1,6,6,0,2,6,12612,85768881433494,20.2030453333333,20.2030453333333,20.2030453333333,20.2030453333333,0,0,0,0,20.2030453333333,20.2030453333333,20.2030453333333,20.2030453333333,0,0,0,0,20.2030453333333,20.2030453333333,20.2030453333333,20.2030453333333,0,0,0,0
primary_05,1,B,K_LOOKUP_C2_C4,1,13.141473,85768881444679,RIGHT_CONTINUOUS,2,2,0,6,6,0,2,6,12612,85768881433494,20.1918603333333,20.1918603333333,20.1918603333333,20.1918603333333,0,0,0,0,,,,,0,,0,0,20.1918603333333,20.1918603333333,20.1918603333333,20.1918603333333,0,0,0,0
primary_05,1,B,K_LOOKUP_C2_C4,1,13.29902,85768881602226,RIGHT_CONTINUOUS,2,2,1,6,6,0,2,6,12612,85768881433494,20.0343133333333,20.0343133333333,20.0343133333333,20.0343133333333,0,0,0,0,20.0343133333333,20.0343133333333,20.0343133333333,20.0343133333333,0,0,0,0,20.0343133333333,20.0343133333333,20.0343133333333,20.0343133333333,0,0,0,0
primary_05,1,B,K_LOOKUP_C2_C4,1,13.303641,85768881606847,RIGHT_CONTINUOUS,2,2,1,6,6,0,2,6,12613,85768881606847,20.0296923333333,20.0296923333333,20.0296923333333,20.0296923333333,0,0,0,0,20.0296923333333,20.0296923333333,20.0296923333333,20.0296923333333,0,0,0,0,20.0296923333333,20.0296923333333,20.0296923333333,20.0296923333333,0,0,0,0
primary_05,1,B,K_LOOKUP_C2_C4,1,13.62993,85768881933136,RIGHT_CONTINUOUS,2,2,2,6,6,0,2,6,12613,85768881606847,19.7034033333333,19.7034033333333,19.7034033333333,19.7034033333333,0,0,0,0,19.7034033333333,19.7034033333333,19.7034033333333,19.7034033333333,0,0,0,0,19.7034033333333,19.7034033333333,19.7034033333333,19.7034033333333,0,0,0,0
primary_05,1,B,K_LOOKUP_C2_C4,1,13.633004,85768881936210,RIGHT_CONTINUOUS,2,2,2,6,6,0,2,6,12614,85768881936210,19.7003293333333,19.7003293333333,19.7003293333333,19.7003293333333,0,0,0,0,19.7003293333333,19.7003293333333,19.7003293333333,19.7003293333333,0,0,0,0,19.7003293333333,19.7003293333333,19.7003293333333,19.7003293333333,0,0,0,0
primary_05,1,B,K_LOOKUP_C2_C4,1,14.131638,85768882434844,RIGHT_CONTINUOUS,2,2,3,6,6,0,2,6,12614,85768881936210,19.2016953333333,19.2016953333333,19.2016953333333,19.2016953333333,0,0,0,0,19.2016953333333,19.2016953333333,19.2016953333333,19.2016953333333,0,0,0,0,19.2016953333333,19.2016953333333,19.2016953333333,19.2016953333333,0,0,0,0
primary_05,1,B,K_LOOKUP_C2_C4,1,14.135249,85768882438455,RIGHT_CONTINUOUS,2,2,3,6,6,0,2,6,12615,85768882438455,19.1980843333333,19.1980843333333,19.1980843333333,19.1980843333333,0,0,0,0,19.1980843333333,19.1980843333333,19.1980843333333,19.1980843333333,0,0,0,0,19.1980843333333,19.1980843333333,19.1980843333333,19.1980843333333,0,0,0,0
primary_05,1,B,K_LOOKUP_C2_C4,1,16.305986,85768884609192,RIGHT_CONTINUOUS,2,2,4,6,6,0,2,6,12615,85768882438455,17.0273473333333,17.0273473333333,17.0273473333333,17.0273473333333,0,0,0,0,17.0273473333333,17.0273473333333,17.0273473333333,17.0273473333333,0,0,0,0,17.0273473333333,17.0273473333333,17.0273473333333,17.0273473333333,0,0,0,0
primary_05,1,B,K_LOOKUP_C2_C4,1,16.307671,85768884610877,RIGHT_CONTINUOUS,2,2,4,6,6,0,2,6,12616,85768884610877,17.0256623333333,17.0256623333333,17.0256623333333,17.0256623333333,0,0,0,0,17.0256623333333,17.0256623333333,17.0256623333333,17.0256623333333,0,0,0,0,17.0256623333333,17.0256623333333,17.0256623333333,17.0256623333333,0,0,0,0
primary_05,1,B,K_LOOKUP_C2_C4,1,18.906162,85768887209368,RIGHT_CONTINUOUS,2,1,4,5,5,0,2,6,12616,85768884610877,14.4271713333333,14.4271713333333,14.4271713333333,14.4271713333333,0,0,0,0,14.4271713333333,14.4271713333333,14.4271713333333,14.4271713333333,0,0,0,0,14.4271713333333,14.4271713333333,14.4271713333333,14.4271713333333,0,0,0,0
primary_05,1,B,K_LOOKUP_C2_C4,1,18.928199,85768887231405,RIGHT_CONTINUOUS,2,1,4,5,5,0,1,6,12617,85768887231405,14.4051343333333,14.4051343333333,14.4051343333333,14.4051343333333,0,0,0,0,14.4051343333333,14.4051343333333,14.4051343333333,14.4051343333333,0,0,0,0,14.4051343333333,14.4051343333333,14.4051343333333,14.4051343333333,0,0,0,0
primary_05,1,B,K_LOOKUP_C2_C4,1,18.987755,85768887290961,RIGHT_CONTINUOUS,2,1,4,5,5,0,2,6,12618,85768887290961,14.3455783333333,14.3455783333333,14.3455783333333,14.3455783333333,0,0,0,0,14.3455783333333,14.3455783333333,14.3455783333333,14.3455783333333,0,0,0,0,14.3455783333333,14.3455783333333,14.3455783333333,14.3455783333333,0,0,0,0
primary_05,1,B,K_LOOKUP_C2_C4,1,18.994727,85768887297933,RIGHT_CONTINUOUS,2,2,3,5,5,0,2,6,12618,85768887290961,14.3386063333333,14.3386063333333,14.3386063333333,14.3386063333333,0,0,0,0,14.3386063333333,14.3386063333333,14.3386063333333,14.3386063333333,0,0,0,0,14.3386063333333,14.3386063333333,14.3386063333333,14.3386063333333,0,0,0,0
primary_05,1,B,K_LOOKUP_C2_C4,1,21.176567,85768889479773,RIGHT_CONTINUOUS,2,1,3,4,4,0,2,6,12618,85768887290961,12.1567663333333,12.1567663333333,12.1567663333333,12.1567663333333,0,0,0,0,12.1567663333333,12.1567663333333,12.1567663333333,12.1567663333333,0,0,0,0,12.1567663333333,12.1567663333333,12.1567663333333,12.1567663333333,0,0,0,0
primary_05,1,B,K_LOOKUP_C2_C4,1,21.206456,85768889509662,RIGHT_CONTINUOUS,2,1,3,4,4,0,1,6,12619,85768889509662,12.1268773333333,12.1268773333333,12.1268773333333,12.1268773333333,0,0,0,0,12.1268773333333,12.1268773333333,12.1268773333333,12.1268773333333,0,0,0,0,12.1268773333333,12.1268773333333,12.1268773333333,12.1268773333333,0,0,0,0
primary_05,1,B,K_LOOKUP_C2_C4,1,21.26828,85768889571486,RIGHT_CONTINUOUS,2,1,3,4,4,0,2,6,12620,85768889571486,12.0650533333333,12.0650533333333,12.0650533333333,12.0650533333333,0,0,0,0,12.0650533333333,12.0650533333333,12.0650533333333,12.0650533333333,0,0,0,0,12.0650533333333,12.0650533333333,12.0650533333333,12.0650533333333,0,0,0,0
primary_05,1,B,K_LOOKUP_C2_C4,1,21.274206,85768889577412,RIGHT_CONTINUOUS,2,2,2,4,4,0,2,6,12620,85768889571486,12.0591273333333,12.0591273333333,12.0591273333333,12.0591273333333,0,0,0,0,12.0591273333333,12.0591273333333,12.0591273333333,12.0591273333333,0,0,0,0,12.0591273333333,12.0591273333333,12.0591273333333,12.0591273333333,0,0,0,0
primary_05,1,B,K_LOOKUP_C2_C4,1,27.403582,85768895706788,RIGHT_CONTINUOUS,2,1,2,3,3,0,2,6,12620,85768889571486,5.92975133333333,5.92975133333333,5.92975133333333,5.92975133333333,0,0,0,3,5.92975133333333,5.92975133333333,5.92975133333333,5.92975133333333,0,0,0,2,5.92975133333333,5.92975133333333,5.92975133333333,5.92975133333333,0,0,0,3
primary_05,1,B,K_LOOKUP_C2_C4,1,27.419962,85768895723168,RIGHT_CONTINUOUS,2,1,2,3,3,0,1,6,12621,85768895723168,5.91337133333333,5.91337133333333,5.91337133333333,5.91337133333333,0,0,0,3,5.91337133333333,5.91337133333333,5.91337133333333,5.91337133333333,0,0,0,2,5.91337133333333,5.91337133333333,5.91337133333333,5.91337133333333,0,0,0,3
primary_05,1,B,K_LOOKUP_C2_C4,1,27.466259,85768895769465,RIGHT_CONTINUOUS,2,1,2,3,3,0,2,6,12622,85768895769465,5.86707433333333,5.86707433333333,5.86707433333333,5.86707433333333,0,0,0,3,5.86707433333333,5.86707433333333,5.86707433333333,5.86707433333333,0,0,0,2,5.86707433333333,5.86707433333333,5.86707433333333,5.86707433333333,0,0,0,3
primary_05,1,B,K_LOOKUP_C2_C4,1,27.471537,85768895774743,RIGHT_CONTINUOUS,2,2,1,3,3,0,2,6,12622,85768895769465,5.86179633333333,5.86179633333333,5.86179633333333,5.86179633333333,0,0,0,3,5.86179633333333,5.86179633333333,5.86179633333333,5.86179633333333,0,0,0,1,5.86179633333333,5.86179633333333,5.86179633333333,5.86179633333333,0,0,0,3
primary_05,1,B,K_LOOKUP_C2_C4,1,30.124462,85768898427668,RIGHT_CONTINUOUS,2,1,1,2,2,0,2,6,12622,85768895769465,3.20887133333333,3.20887133333333,3.20887133333333,3.20887133333333,0,0,2,2,3.20887133333333,3.20887133333333,3.20887133333333,3.20887133333333,0,0,1,1,3.20887133333333,3.20887133333333,3.20887133333333,3.20887133333333,0,0,2,2
primary_05,1,B,K_LOOKUP_C2_C4,1,30.140314,85768898443520,RIGHT_CONTINUOUS,2,1,1,2,2,0,1,6,12623,85768898443520,3.19301933333333,3.19301933333333,3.19301933333333,3.19301933333333,0,0,2,2,3.19301933333333,3.19301933333333,3.19301933333333,3.19301933333333,0,0,1,1,3.19301933333333,3.19301933333333,3.19301933333333,3.19301933333333,0,0,2,2
primary_05,1,B,K_LOOKUP_C2_C4,1,30.186593,85768898489799,RIGHT_CONTINUOUS,2,1,1,2,2,0,2,6,12624,85768898489799,3.14674033333333,3.14674033333333,3.14674033333333,3.14674033333333,0,0,2,2,3.14674033333333,3.14674033333333,3.14674033333333,3.14674033333333,0,0,1,1,3.14674033333333,3.14674033333333,3.14674033333333,3.14674033333333,0,0,2,2
primary_05,1,B,K_LOOKUP_C2_C4,1,30.191556,85768898494762,RIGHT_CONTINUOUS,2,2,0,2,2,0,2,6,12624,85768898489799,3.14177733333333,3.14177733333333,3.14177733333333,3.14177733333333,0,0,2,2,,,,,0,,0,0,3.14177733333333,3.14177733333333,3.14177733333333,3.14177733333333,0,0,2,2
primary_05,1,B,K_LOOKUP_C2_C4,1,33.333333,85768901636539,RIGHT_CONTINUOUS,2,2,0,8,2,6,2,6,12624,85768898489799,3.33333333333333e-07,3.33333333333333e-07,33.3333333333333,33.3333333333333,0,0,2,2,,,,,0,,0,0,3.33333333333333e-07,3.33333333333333e-07,3.33333333333333e-07,3.33333333333333e-07,0,0,2,2
primary_05,1,B,K_LOOKUP_C2_C4,1,33.414809,85768901718015,RIGHT_CONTINUOUS,2,2,0,8,3,5,2,6,12624,85768898489799,-0.0814756666666667,-0.0814756666666667,33.2518573333333,33.2518573333333,2,0.25,0,0,,,,,0,,0,0,-0.0814756666666667,-0.0814756666666667,-0.0814756666666667,26.5851907333333,2,0.666666666666667,0,0
primary_05,1,B,K_LOOKUP_C2_C4,1,33.428272,85768901731478,RIGHT_CONTINUOUS,2,2,0,8,3,5,2,6,12625,85768901731478,-0.0949386666666667,-0.0949386666666667,33.2383943333333,33.2383943333333,2,0.25,0,0,,,,,0,,0,0,-0.0949386666666667,-0.0949386666666667,-0.0949386666666667,26.5717277333333,2,0.666666666666667,0,0
primary_05,1,B,K_LOOKUP_C2_C4,1,33.443022,85768901746228,RIGHT_CONTINUOUS,2,2,0,8,4,4,2,6,12625,85768901731478,-0.109688666666667,-0.109688666666667,33.2236443333333,33.2236443333333,2,0.25,0,0,,,,,0,,0,0,-0.109688666666667,-0.109688666666667,16.5569778333333,33.2236443333333,2,0.5,0,0
primary_05,1,B,K_LOOKUP_C2_C4,1,33.452059,85768901755265,RIGHT_CONTINUOUS,2,2,0,8,4,4,2,6,12626,85768901755265,-0.118725666666667,-0.118725666666667,33.2146073333333,33.2146073333333,2,0.25,0,0,,,,,0,,0,0,-0.118725666666667,-0.118725666666667,16.5479408333333,33.2146073333333,2,0.5,0,0
primary_05,1,B,K_LOOKUP_C2_C4,1,33.459291,85768901762497,RIGHT_CONTINUOUS,2,2,0,8,5,3,2,6,12626,85768901755265,-0.125957666666667,-0.125957666666667,33.2073753333333,33.2073753333333,2,0.25,0,0,,,,,0,,0,0,-0.125957666666667,-0.125957666666667,33.2073753333333,33.2073753333333,2,0.4,0,0
primary_05,1,B,K_LOOKUP_C2_C4,1,33.467977,85768901771183,RIGHT_CONTINUOUS,2,2,0,8,5,3,2,6,12627,85768901771183,-0.134643666666667,-0.134643666666667,33.1986893333333,33.1986893333333,2,0.25,0,0,,,,,0,,0,0,-0.134643666666667,-0.134643666666667,33.1986893333333,33.1986893333333,2,0.4,0,0
primary_05,1,B,K_LOOKUP_C2_C4,1,33.474708,85768901777914,RIGHT_CONTINUOUS,2,2,0,8,6,2,2,6,12627,85768901771183,-0.141374666666667,-0.141374666666667,33.1919583333333,33.1919583333333,2,0.25,0,0,,,,,0,,0,0,-0.141374666666667,-0.141374666666667,33.1919583333333,33.1919583333333,2,0.333333333333333,0,0
primary_05,1,B,K_LOOKUP_C2_C4,1,33.483717,85768901786923,RIGHT_CONTINUOUS,2,2,0,8,6,2,2,6,12628,85768901786923,-0.150383666666667,-0.150383666666667,33.1829493333333,33.1829493333333,2,0.25,0,0,,,,,0,,0,0,-0.150383666666667,-0.150383666666667,33.1829493333333,33.1829493333333,2,0.333333333333333,0,0
primary_05,1,B,K_LOOKUP_C2_C4,1,33.490393,85768901793599,RIGHT_CONTINUOUS,2,2,0,8,7,1,2,6,12628,85768901786923,-0.157059666666667,-0.157059666666667,33.1762733333333,33.1762733333333,2,0.25,0,0,,,,,0,,0,0,-0.157059666666667,-0.157059666666667,33.1762733333333,33.1762733333333,2,0.285714285714286,0,0
primary_05,1,B,K_LOOKUP_C2_C4,1,33.498588,85768901801794,RIGHT_CONTINUOUS,2,2,0,8,7,1,2,6,12629,85768901801794,-0.165254666666667,-0.165254666666667,33.1680783333333,33.1680783333333,2,0.25,0,0,,,,,0,,0,0,-0.165254666666667,-0.165254666666667,33.1680783333333,33.1680783333333,2,0.285714285714286,0,0
primary_05,1,B,K_LOOKUP_C2_C4,1,33.51181,85768901815016,RIGHT_CONTINUOUS,2,2,0,8,8,0,2,6,12629,85768901801794,-0.178476666666667,-0.178476666666667,33.1548563333333,33.1548563333333,2,0.25,0,0,,,,,0,,0,0,-0.178476666666667,-0.178476666666667,33.1548563333333,33.1548563333333,2,0.25,0,0
primary_05,1,B,K_LOOKUP_C2_C4,1,33.519366,85768901822572,RIGHT_CONTINUOUS,2,2,0,8,8,0,2,6,12630,85768901822572,-0.186032666666667,-0.186032666666667,33.1473003333333,33.1473003333333,2,0.25,0,0,,,,,0,,0,0,-0.186032666666667,-0.186032666666667,33.1473003333333,33.1473003333333,2,0.25,0,0
primary_05,1,B,K_LOOKUP_C2_C4,1,33.544449,85768901847655,RIGHT_CONTINUOUS,2,2,0,8,8,0,2,6,12630,85768901822572,-0.211115666666667,-0.211115666666667,33.1222173333333,33.1222173333333,2,0.25,0,0,,,,,0,,0,0,-0.211115666666667,-0.211115666666667,33.1222173333333,33.1222173333333,2,0.25,0,0
primary_05,1,B,K_LOOKUP_C2_C4,1,33.573745,85768901876951,RIGHT_CONTINUOUS,2,2,0,8,8,0,2,6,12630,85768901822572,-0.240411666666667,-0.240411666666667,33.0929213333333,33.0929213333333,2,0.25,0,0,,,,,0,,0,0,-0.240411666666667,-0.240411666666667,33.0929213333333,33.0929213333333,2,0.25,0,0
primary_05,1,B,K_LOOKUP_C2_C4,1,33.620654,85768901923860,RIGHT_CONTINUOUS,2,2,0,8,8,0,2,6,12630,85768901822572,-0.287320666666667,-0.287320666666667,33.0460123333333,33.0460123333333,2,0.25,0,0,,,,,0,,0,0,-0.287320666666667,-0.287320666666667,33.0460123333333,33.0460123333333,2,0.25,0,0
primary_05,1,B,K_LOOKUP_C2_C4,1,33.671543,85768901974749,RIGHT_CONTINUOUS,2,2,0,8,8,0,2,6,12630,85768901822572,-0.338209666666667,-0.338209666666667,32.9951233333333,32.9951233333333,2,0.25,0,0,,,,,0,,0,0,-0.338209666666667,-0.338209666666667,32.9951233333333,32.9951233333333,2,0.25,0,0
primary_05,1,B,K_LOOKUP_C2_C4,1,33.699246,85768902002452,RIGHT_CONTINUOUS,2,2,0,8,8,0,2,6,12630,85768901822572,-0.365912666666667,-0.365912666666667,32.9674203333333,32.9674203333333,2,0.25,0,0,,,,,0,,0,0,-0.365912666666667,-0.365912666666667,32.9674203333333,32.9674203333333,2,0.25,0,0
primary_05,1,B,K_LOOKUP_C2_C4,1,34.397936,85768902701142,RIGHT_CONTINUOUS,2,2,0,8,8,0,2,6,12630,85768901822572,-1.06460266666667,-1.06460266666667,32.2687303333333,32.2687303333333,2,0.25,0,0,,,,,0,,0,0,-1.06460266666667,-1.06460266666667,32.2687303333333,32.2687303333333,2,0.25,0,0
primary_05,1,B,K_LOOKUP_C2_C4,1,36.374478,85768904677684,RIGHT_CONTINUOUS,2,1,0,7,7,0,2,6,12630,85768901822572,-3.04114466666667,16.9588551333333,30.2921883333333,30.2921883333333,1,0.142857142857143,0,0,,,,,0,,0,0,-3.04114466666667,16.9588551333333,30.2921883333333,30.2921883333333,1,0.142857142857143,0,0
primary_05,1,B,K_LOOKUP_C2_C4,1,36.387469,85768904690675,RIGHT_CONTINUOUS,2,1,0,7,7,0,1,6,12631,85768904690675,-3.05413566666667,16.9458641333333,30.2791973333333,30.2791973333333,1,0.142857142857143,0,0,,,,,0,,0,0,-3.05413566666667,16.9458641333333,30.2791973333333,30.2791973333333,1,0.142857142857143,0,0
primary_05,1,B,K_LOOKUP_C2_C4,1,38.276991,85768906580197,RIGHT_CONTINUOUS,2,0,0,6,6,0,1,6,12631,85768904690675,28.3896753333333,28.3896753333333,28.3896753333333,28.3896753333333,0,0,0,0,,,,,0,,0,0,28.3896753333333,28.3896753333333,28.3896753333333,28.3896753333333,0,0,0,0
primary_05,1,B,K_LOOKUP_C2_C4,1,38.293852,85768906597058,RIGHT_CONTINUOUS,2,0,0,6,6,0,0,6,12632,85768906597058,28.3728143333333,28.3728143333333,28.3728143333333,28.3728143333333,0,0,0,0,,,,,0,,0,0,28.3728143333333,28.3728143333333,28.3728143333333,28.3728143333333,0,0,0,0
primary_05,1,B,K_LOOKUP_C2_C4,1,43.298388,85768911601594,RIGHT_CONTINUOUS,2,0,1,6,6,0,0,6,12632,85768906597058,23.3682783333333,23.3682783333333,23.3682783333333,23.3682783333333,0,0,0,0,23.3682783333333,23.3682783333333,23.3682783333333,23.3682783333333,0,0,0,0,23.3682783333333,23.3682783333333,23.3682783333333,23.3682783333333,0,0,0,0
primary_05,1,B,K_LOOKUP_C2_C4,1,43.302638,85768911605844,RIGHT_CONTINUOUS,2,0,1,6,6,0,0,6,12633,85768911605844,23.3640283333333,23.3640283333333,23.3640283333333,23.3640283333333,0,0,0,0,23.3640283333333,23.3640283333333,23.3640283333333,23.3640283333333,0,0,0,0,23.3640283333333,23.3640283333333,23.3640283333333,23.3640283333333,0,0,0,0
primary_05,1,B,K_LOOKUP_C2_C4,1,43.391694,85768911694900,RIGHT_CONTINUOUS,2,0,1,6,6,0,1,6,12634,85768911694900,23.2749723333333,23.2749723333333,23.2749723333333,23.2749723333333,0,0,0,0,23.2749723333333,23.2749723333333,23.2749723333333,23.2749723333333,0,0,0,0,23.2749723333333,23.2749723333333,23.2749723333333,23.2749723333333,0,0,0,0
primary_05,1,B,K_LOOKUP_C2_C4,1,43.39874,85768911701946,RIGHT_CONTINUOUS,2,1,0,6,6,0,1,6,12634,85768911694900,23.2679263333333,23.2679263333333,23.2679263333333,23.2679263333333,0,0,0,0,,,,,0,,0,0,23.2679263333333,23.2679263333333,23.2679263333333,23.2679263333333,0,0,0,0
primary_05,1,B,K_LOOKUP_C2_C4,1,45.135095,85768913438301,RIGHT_CONTINUOUS,2,1,1,6,6,0,1,6,12634,85768911694900,21.5315713333333,21.5315713333333,21.5315713333333,21.5315713333333,0,0,0,0,21.5315713333333,21.5315713333333,21.5315713333333,21.5315713333333,0,0,0,0,21.5315713333333,21.5315713333333,21.5315713333333,21.5315713333333,0,0,0,0
primary_05,1,B,K_LOOKUP_C2_C4,1,45.140753,85768913443959,RIGHT_CONTINUOUS,2,1,1,6,6,0,1,6,12635,85768913443959,21.5259133333333,21.5259133333333,21.5259133333333,21.5259133333333,0,0,0,0,21.5259133333333,21.5259133333333,21.5259133333333,21.5259133333333,0,0,0,0,21.5259133333333,21.5259133333333,21.5259133333333,21.5259133333333,0,0,0,0
primary_05,1,B,K_LOOKUP_C2_C4,1,45.454977,85768913758183,RIGHT_CONTINUOUS,2,1,1,6,6,0,2,6,12636,85768913758183,21.2116893333333,21.2116893333333,21.2116893333333,21.2116893333333,0,0,0,0,21.2116893333333,21.2116893333333,21.2116893333333,21.2116893333333,0,0,0,0,21.2116893333333,21.2116893333333,21.2116893333333,21.2116893333333,0,0,0,0
primary_05,1,B,K_LOOKUP_C2_C4,1,45.48032,85768913783526,RIGHT_CONTINUOUS,2,2,0,6,6,0,2,6,12636,85768913758183,21.1863463333333,21.1863463333333,21.1863463333333,21.1863463333333,0,0,0,0,,,,,0,,0,0,21.1863463333333,21.1863463333333,21.1863463333333,21.1863463333333,0,0,0,0
primary_05,1,B,K_LOOKUP_C2_C4,1,46.488697,85768914791903,RIGHT_CONTINUOUS,2,2,1,6,6,0,2,6,12636,85768913758183,20.1779693333333,20.1779693333333,20.1779693333333,20.1779693333333,0,0,0,0,20.1779693333333,20.1779693333333,20.1779693333333,20.1779693333333,0,0,0,0,20.1779693333333,20.1779693333333,20.1779693333333,20.1779693333333,0,0,0,0
primary_05,1,B,K_LOOKUP_C2_C4,1,46.494503,85768914797709,RIGHT_CONTINUOUS,2,2,1,6,6,0,2,6,12637,85768914797709,20.1721633333333,20.1721633333333,20.1721633333333,20.1721633333333,0,0,0,0,20.1721633333333,20.1721633333333,20.1721633333333,20.1721633333333,0,0,0,0,20.1721633333333,20.1721633333333,20.1721633333333,20.1721633333333,0,0,0,0
primary_05,1,B,K_LOOKUP_C2_C4,1,46.664309,85768914967515,RIGHT_CONTINUOUS,2,2,2,6,6,0,2,6,12637,85768914797709,20.0023573333333,20.0023573333333,20.0023573333333,20.0023573333333,0,0,0,0,20.0023573333333,20.0023573333333,20.0023573333333,20.0023573333333,0,0,0,0,20.0023573333333,20.0023573333333,20.0023573333333,20.0023573333333,0,0,0,0
primary_05,1,B,K_LOOKUP_C2_C4,1,46.668957,85768914972163,RIGHT_CONTINUOUS,2,2,2,6,6,0,2,6,12638,85768914972163,19.9977093333333,19.9977093333333,19.9977093333333,19.9977093333333,0,0,0,0,19.9977093333333,19.9977093333333,19.9977093333333,19.9977093333333,0,0,0,0,19.9977093333333,19.9977093333333,19.9977093333333,19.9977093333333,0,0,0,0
primary_05,1,B,K_LOOKUP_C2_C4,1,47.087581,85768915390787,RIGHT_CONTINUOUS,2,2,3,6,6,0,2,6,12638,85768914972163,19.5790853333333,19.5790853333333,19.5790853333333,19.5790853333333,0,0,0,0,19.5790853333333,19.5790853333333,19.5790853333333,19.5790853333333,0,0,0,0,19.5790853333333,19.5790853333333,19.5790853333333,19.5790853333333,0,0,0,0
primary_05,1,B,K_LOOKUP_C2_C4,1,47.093951,85768915397157,RIGHT_CONTINUOUS,2,2,3,6,6,0,2,6,12639,85768915397157,19.5727153333333,19.5727153333333,19.5727153333333,19.5727153333333,0,0,0,0,19.5727153333333,19.5727153333333,19.5727153333333,19.5727153333333,0,0,0,0,19.5727153333333,19.5727153333333,19.5727153333333,19.5727153333333,0,0,0,0
primary_05,1,B,K_LOOKUP_C2_C4,1,47.405973,85768915709179,RIGHT_CONTINUOUS,2,2,4,6,6,0,2,6,12639,85768915397157,19.2606933333333,19.2606933333333,19.2606933333333,19.2606933333333,0,0,0,0,19.2606933333333,19.2606933333333,19.2606933333333,19.2606933333333,0,0,0,0,19.2606933333333,19.2606933333333,19.2606933333333,19.2606933333333,0,0,0,0
primary_05,1,B,K_LOOKUP_C2_C4,1,47.41026,85768915713466,RIGHT_CONTINUOUS,2,2,4,6,6,0,2,6,12640,85768915713466,19.2564063333333,19.2564063333333,19.2564063333333,19.2564063333333,0,0,0,0,19.2564063333333,19.2564063333333,19.2564063333333,19.2564063333333,0,0,0,0,19.2564063333333,19.2564063333333,19.2564063333333,19.2564063333333,0,0,0,0
primary_05,1,B,K_LOOKUP_C2_C4,1,51.234563,85768919537769,RIGHT_CONTINUOUS,2,1,4,5,5,0,2,6,12640,85768915713466,15.4321033333333,15.4321033333333,15.4321033333333,15.4321033333333,0,0,0,0,15.4321033333333,15.4321033333333,15.4321033333333,15.4321033333333,0,0,0,0,15.4321033333333,15.4321033333333,15.4321033333333,15.4321033333333,0,0,0,0
primary_05,1,B,K_LOOKUP_C2_C4,1,51.254924,85768919558130,RIGHT_CONTINUOUS,2,1,4,5,5,0,1,6,12641,85768919558130,15.4117423333333,15.4117423333333,15.4117423333333,15.4117423333333,0,0,0,0,15.4117423333333,15.4117423333333,15.4117423333333,15.4117423333333,0,0,0,0,15.4117423333333,15.4117423333333,15.4117423333333,15.4117423333333,0,0,0,0
primary_05,1,B,K_LOOKUP_C2_C4,1,51.303509,85768919606715,RIGHT_CONTINUOUS,2,1,4,5,5,0,2,6,12642,85768919606715,15.3631573333333,15.3631573333333,15.3631573333333,15.3631573333333,0,0,0,0,15.3631573333333,15.3631573333333,15.3631573333333,15.3631573333333,0,0,0,0,15.3631573333333,15.3631573333333,15.3631573333333,15.3631573333333,0,0,0,0
primary_05,1,B,K_LOOKUP_C2_C4,1,51.309111,85768919612317,RIGHT_CONTINUOUS,2,2,3,5,5,0,2,6,12642,85768919606715,15.3575553333333,15.3575553333333,15.3575553333333,15.3575553333333,0,0,0,0,15.3575553333333,15.3575553333333,15.3575553333333,15.3575553333333,0,0,0,0,15.3575553333333,15.3575553333333,15.3575553333333,15.3575553333333,0,0,0,0
primary_05,1,B,K_LOOKUP_C2_C4,1,54.246177,85768922549383,RIGHT_CONTINUOUS,2,1,3,4,4,0,2,6,12642,85768919606715,12.4204893333333,12.4204893333333,12.4204893333333,12.4204893333333,0,0,0,0,12.4204893333333,12.4204893333333,12.4204893333333,12.4204893333333,0,0,0,0,12.4204893333333,12.4204893333333,12.4204893333333,12.4204893333333,0,0,0,0
primary_05,1,B,K_LOOKUP_C2_C4,1,54.272186,85768922575392,RIGHT_CONTINUOUS,2,1,3,4,4,0,1,6,12643,85768922575392,12.3944803333333,12.3944803333333,12.3944803333333,12.3944803333333,0,0,0,0,12.3944803333333,12.3944803333333,12.3944803333333,12.3944803333333,0,0,0,0,12.3944803333333,12.3944803333333,12.3944803333333,12.3944803333333,0,0,0,0
primary_05,1,B,K_LOOKUP_C2_C4,1,54.344789,85768922647995,RIGHT_CONTINUOUS,2,1,3,4,4,0,2,6,12644,85768922647995,12.3218773333333,12.3218773333333,12.3218773333333,12.3218773333333,0,0,0,0,12.3218773333333,12.3218773333333,12.3218773333333,12.3218773333333,0,0,0,0,12.3218773333333,12.3218773333333,12.3218773333333,12.3218773333333,0,0,0,0
primary_05,1,B,K_LOOKUP_C2_C4,1,54.352391,85768922655597,RIGHT_CONTINUOUS,2,2,2,4,4,0,2,6,12644,85768922647995,12.3142753333333,12.3142753333333,12.3142753333333,12.3142753333333,0,0,0,0,12.3142753333333,12.3142753333333,12.3142753333333,12.3142753333333,0,0,0,0,12.3142753333333,12.3142753333333,12.3142753333333,12.3142753333333,0,0,0,0
primary_05,1,B,K_LOOKUP_C2_C4,1,59.047822,85768927351028,RIGHT_CONTINUOUS,2,1,2,3,3,0,2,6,12644,85768922647995,7.61884433333333,7.61884433333333,7.61884433333333,7.61884433333333,0,0,0,3,7.61884433333333,7.61884433333333,7.61884433333333,7.61884433333333,0,0,0,2,7.61884433333333,7.61884433333333,7.61884433333333,7.61884433333333,0,0,0,3
primary_05,1,B,K_LOOKUP_C2_C4,1,59.064748,85768927367954,RIGHT_CONTINUOUS,2,1,2,3,3,0,1,6,12645,85768927367954,7.60191833333333,7.60191833333333,7.60191833333333,7.60191833333333,0,0,0,3,7.60191833333333,7.60191833333333,7.60191833333333,7.60191833333333,0,0,0,2,7.60191833333333,7.60191833333333,7.60191833333333,7.60191833333333,0,0,0,3
primary_05,1,B,K_LOOKUP_C2_C4,1,59.111174,85768927414380,RIGHT_CONTINUOUS,2,1,2,3,3,0,2,6,12646,85768927414380,7.55549233333333,7.55549233333333,7.55549233333333,7.55549233333333,0,0,0,3,7.55549233333333,7.55549233333333,7.55549233333333,7.55549233333333,0,0,0,2,7.55549233333333,7.55549233333333,7.55549233333333,7.55549233333333,0,0,0,3
primary_05,1,B,K_LOOKUP_C2_C4,1,59.116414,85768927419620,RIGHT_CONTINUOUS,2,2,1,3,3,0,2,6,12646,85768927414380,7.55025233333333,7.55025233333333,7.55025233333333,7.55025233333333,0,0,0,3,7.55025233333333,7.55025233333333,7.55025233333333,7.55025233333333,0,0,0,1,7.55025233333333,7.55025233333333,7.55025233333333,7.55025233333333,0,0,0,3
primary_05,1,B,K_LOOKUP_C2_C4,1,62.30178,85768930604986,RIGHT_CONTINUOUS,2,1,1,2,2,0,2,6,12646,85768927414380,4.36488633333333,4.36488633333333,4.36488633333333,4.36488633333333,0,0,2,2,4.36488633333333,4.36488633333333,4.36488633333333,4.36488633333333,0,0,1,1,4.36488633333333,4.36488633333333,4.36488633333333,4.36488633333333,0,0,2,2
primary_05,1,B,K_LOOKUP_C2_C4,1,62.315308,85768930618514,RIGHT_CONTINUOUS,2,1,1,2,2,0,1,6,12647,85768930618514,4.35135833333333,4.35135833333333,4.35135833333333,4.35135833333333,0,0,2,2,4.35135833333333,4.35135833333333,4.35135833333333,4.35135833333333,0,0,1,1,4.35135833333333,4.35135833333333,4.35135833333333,4.35135833333333,0,0,2,2
primary_05,1,B,K_LOOKUP_C2_C4,1,62.363919,85768930667125,RIGHT_CONTINUOUS,2,1,1,2,2,0,2,6,12648,85768930667125,4.30274733333333,4.30274733333333,4.30274733333333,4.30274733333333,0,0,2,2,4.30274733333333,4.30274733333333,4.30274733333333,4.30274733333333,0,0,1,1,4.30274733333333,4.30274733333333,4.30274733333333,4.30274733333333,0,0,2,2
primary_05,1,B,K_LOOKUP_C2_C4,1,62.369363,85768930672569,RIGHT_CONTINUOUS,2,2,0,2,2,0,2,6,12648,85768930667125,4.29730333333333,4.29730333333333,4.29730333333333,4.29730333333333,0,0,2,2,,,,,0,,0,0,4.29730333333333,4.29730333333333,4.29730333333333,4.29730333333333,0,0,2,2
primary_05,1,B,K_LOOKUP_C2_C4,1,66.666666,85768934969872,RIGHT_CONTINUOUS,2,2,0,8,2,6,2,6,12648,85768930667125,3.33333333333333e-07,3.33333333333333e-07,33.3333333333333,33.3333333333333,0,0,2,2,,,,,0,,0,0,3.33333333333333e-07,3.33333333333333e-07,3.33333333333333e-07,3.33333333333333e-07,0,0,2,2
primary_05,1,B,K_LOOKUP_C2_C4,1,66.748672,85768935051878,RIGHT_CONTINUOUS,2,2,0,8,3,5,2,6,12648,85768930667125,-0.0820056666666667,-0.0820056666666667,33.2513273333333,33.2513273333333,2,0.25,0,0,,,,,0,,0,0,-0.0820056666666667,-0.0820056666666667,-0.0820056666666667,26.5846607333333,2,0.666666666666667,0,0
primary_05,1,B,K_LOOKUP_C2_C4,1,66.767709,85768935070915,RIGHT_CONTINUOUS,2,2,0,8,3,5,2,6,12649,85768935070915,-0.101042666666667,-0.101042666666667,33.2322903333333,33.2322903333333,2,0.25,0,0,,,,,0,,0,0,-0.101042666666667,-0.101042666666667,-0.101042666666667,26.5656237333333,2,0.666666666666667,0,0
primary_05,1,B,K_LOOKUP_C2_C4,1,66.807914,85768935111120,RIGHT_CONTINUOUS,2,2,0,8,4,4,2,6,12649,85768935070915,-0.141247666666667,-0.141247666666667,33.1920853333333,33.1920853333333,2,0.25,0,0,,,,,0,,0,0,-0.141247666666667,-0.141247666666667,16.5254188333333,33.1920853333333,2,0.5,0,0
primary_05,1,B,K_LOOKUP_C2_C4,1,66.819321,85768935122527,RIGHT_CONTINUOUS,2,2,0,8,4,4,2,6,12650,85768935122527,-0.152654666666667,-0.152654666666667,33.1806783333333,33.1806783333333,2,0.25,0,0,,,,,0,,0,0,-0.152654666666667,-0.152654666666667,16.5140118333333,33.1806783333333,2,0.5,0,0
primary_05,1,B,K_LOOKUP_C2_C4,1,66.82933,85768935132536,RIGHT_CONTINUOUS,2,2,0,8,5,3,2,6,12650,85768935122527,-0.162663666666667,-0.162663666666667,33.1706693333333,33.1706693333333,2,0.25,0,0,,,,,0,,0,0,-0.162663666666667,-0.162663666666667,33.1706693333333,33.1706693333333,2,0.4,0,0
primary_05,1,B,K_LOOKUP_C2_C4,1,66.840191,85768935143397,RIGHT_CONTINUOUS,2,2,0,8,5,3,2,6,12651,85768935143397,-0.173524666666667,-0.173524666666667,33.1598083333333,33.1598083333333,2,0.25,0,0,,,,,0,,0,0,-0.173524666666667,-0.173524666666667,33.1598083333333,33.1598083333333,2,0.4,0,0
primary_05,1,B,K_LOOKUP_C2_C4,1,66.847738,85768935150944,RIGHT_CONTINUOUS,2,2,0,8,6,2,2,6,12651,85768935143397,-0.181071666666667,-0.181071666666667,33.1522613333333,33.1522613333333,2,0.25,0,0,,,,,0,,0,0,-0.181071666666667,-0.181071666666667,33.1522613333333,33.1522613333333,2,0.333333333333333,0,0
primary_05,1,B,K_LOOKUP_C2_C4,1,66.856719,85768935159925,RIGHT_CONTINUOUS,2,2,0,8,6,2,2,6,12652,85768935159925,-0.190052666666667,-0.190052666666667,33.1432803333333,33.1432803333333,2,0.25,0,0,,,,,0,,0,0,-0.190052666666667,-0.190052666666667,33.1432803333333,33.1432803333333,2,0.333333333333333,0,0
primary_05,1,B,K_LOOKUP_C2_C4,1,66.863108,85768935166314,RIGHT_CONTINUOUS,2,2,0,8,7,1,2,6,12652,85768935159925,-0.196441666666667,-0.196441666666667,33.1368913333333,33.1368913333333,2,0.25,0,0,,,,,0,,0,0,-0.196441666666667,-0.196441666666667,33.1368913333333,33.1368913333333,2,0.285714285714286,0,0
primary_05,1,B,K_LOOKUP_C2_C4,1,66.872201,85768935175407,RIGHT_CONTINUOUS,2,2,0,8,7,1,2,6,12653,85768935175407,-0.205534666666667,-0.205534666666667,33.1277983333333,33.1277983333333,2,0.25,0,0,,,,,0,,0,0,-0.205534666666667,-0.205534666666667,33.1277983333333,33.1277983333333,2,0.285714285714286,0,0
primary_05,1,B,K_LOOKUP_C2_C4,1,66.879145,85768935182351,RIGHT_CONTINUOUS,2,2,0,8,8,0,2,6,12653,85768935175407,-0.212478666666667,-0.212478666666667,33.1208543333333,33.1208543333333,2,0.25,0,0,,,,,0,,0,0,-0.212478666666667,-0.212478666666667,33.1208543333333,33.1208543333333,2,0.25,0,0
primary_05,1,B,K_LOOKUP_C2_C4,1,66.88784,85768935191046,RIGHT_CONTINUOUS,2,2,0,8,8,0,2,6,12654,85768935191046,-0.221173666666667,-0.221173666666667,33.1121593333333,33.1121593333333,2,0.25,0,0,,,,,0,,0,0,-0.221173666666667,-0.221173666666667,33.1121593333333,33.1121593333333,2,0.25,0,0
primary_05,1,B,K_LOOKUP_C2_C4,1,66.918562,85768935221768,RIGHT_CONTINUOUS,2,2,0,8,8,0,2,6,12654,85768935191046,-0.251895666666667,-0.251895666666667,33.0814373333333,33.0814373333333,2,0.25,0,0,,,,,0,,0,0,-0.251895666666667,-0.251895666666667,33.0814373333333,33.0814373333333,2,0.25,0,0
primary_05,1,B,K_LOOKUP_C2_C4,1,66.950998,85768935254204,RIGHT_CONTINUOUS,2,1,0,7,7,0,2,6,12654,85768935191046,-0.284331666666667,19.7156681333333,33.0490013333333,33.0490013333333,1,0.142857142857143,0,0,,,,,0,,0,0,-0.284331666666667,19.7156681333333,33.0490013333333,33.0490013333333,1,0.142857142857143,0,0
primary_05,1,B,K_LOOKUP_C2_C4,1,66.962294,85768935265500,RIGHT_CONTINUOUS,2,1,0,7,7,0,1,6,12655,85768935265500,-0.295627666666667,19.7043721333333,33.0377053333333,33.0377053333333,1,0.142857142857143,0,0,,,,,0,,0,0,-0.295627666666667,19.7043721333333,33.0377053333333,33.0377053333333,1,0.142857142857143,0,0
primary_05,1,B,K_LOOKUP_C2_C4,1,67.02285,85768935326056,RIGHT_CONTINUOUS,2,1,0,7,7,0,1,6,12655,85768935265500,-0.356183666666667,19.6438161333333,32.9771493333333,32.9771493333333,1,0.142857142857143,0,0,,,,,0,,0,0,-0.356183666666667,19.6438161333333,32.9771493333333,32.9771493333333,1,0.142857142857143,0,0
primary_05,1,B,K_LOOKUP_C2_C4,1,67.107101,85768935410307,RIGHT_CONTINUOUS,2,1,0,7,7,0,1,6,12655,85768935265500,-0.440434666666667,19.5595651333333,32.8928983333333,32.8928983333333,1,0.142857142857143,0,0,,,,,0,,0,0,-0.440434666666667,19.5595651333333,32.8928983333333,32.8928983333333,1,0.142857142857143,0,0
primary_05,1,B,K_LOOKUP_C2_C4,1,67.142573,85768935445779,RIGHT_CONTINUOUS,2,1,0,7,7,0,1,6,12655,85768935265500,-0.475906666666667,19.5240931333333,32.8574263333333,32.8574263333333,1,0.142857142857143,0,0,,,,,0,,0,0,-0.475906666666667,19.5240931333333,32.8574263333333,32.8574263333333,1,0.142857142857143,0,0
primary_05,1,B,K_LOOKUP_C2_C4,1,67.797179,85768936100385,RIGHT_CONTINUOUS,2,1,0,7,7,0,1,6,12655,85768935265500,-1.13051266666667,18.8694871333333,32.2028203333333,32.2028203333333,1,0.142857142857143,0,0,,,,,0,,0,0,-1.13051266666667,18.8694871333333,32.2028203333333,32.2028203333333,1,0.142857142857143,0,0
primary_05,1,B,K_LOOKUP_C2_C4,1,67.867911,85768936171117,RIGHT_CONTINUOUS,2,1,0,7,7,0,1,6,12655,85768935265500,-1.20124466666667,18.7987551333333,32.1320883333333,32.1320883333333,1,0.142857142857143,0,0,,,,,0,,0,0,-1.20124466666667,18.7987551333333,32.1320883333333,32.1320883333333,1,0.142857142857143,0,0
primary_05,1,B,K_LOOKUP_C2_C4,1,70.274687,85768938577893,RIGHT_CONTINUOUS,2,0,0,6,6,0,1,6,12655,85768935265500,29.7253123333333,29.7253123333333,29.7253123333333,29.7253123333333,0,0,0,0,,,,,0,,0,0,29.7253123333333,29.7253123333333,29.7253123333333,29.7253123333333,0,0,0,0
primary_05,1,B,K_LOOKUP_C2_C4,1,70.284438,85768938587644,RIGHT_CONTINUOUS,2,0,0,6,6,0,0,6,12656,85768938587644,29.7155613333333,29.7155613333333,29.7155613333333,29.7155613333333,0,0,0,0,,,,,0,,0,0,29.7155613333333,29.7155613333333,29.7155613333333,29.7155613333333,0,0,0,0
primary_05,1,B,K_LOOKUP_C2_C4,1,77.604803,85768945908009,RIGHT_CONTINUOUS,2,0,1,6,6,0,0,6,12656,85768938587644,22.3951963333333,22.3951963333333,22.3951963333333,22.3951963333333,0,0,0,0,22.3951963333333,22.3951963333333,22.3951963333333,22.3951963333333,0,0,0,0,22.3951963333333,22.3951963333333,22.3951963333333,22.3951963333333,0,0,0,0
primary_05,1,B,K_LOOKUP_C2_C4,1,77.609886,85768945913092,RIGHT_CONTINUOUS,2,0,1,6,6,0,0,6,12657,85768945913092,22.3901133333333,22.3901133333333,22.3901133333333,22.3901133333333,0,0,0,0,22.3901133333333,22.3901133333333,22.3901133333333,22.3901133333333,0,0,0,0,22.3901133333333,22.3901133333333,22.3901133333333,22.3901133333333,0,0,0,0
primary_05,1,B,K_LOOKUP_C2_C4,1,77.711582,85768946014788,RIGHT_CONTINUOUS,2,0,1,6,6,0,1,6,12658,85768946014788,22.2884173333333,22.2884173333333,22.2884173333333,22.2884173333333,0,0,0,0,22.2884173333333,22.2884173333333,22.2884173333333,22.2884173333333,0,0,0,0,22.2884173333333,22.2884173333333,22.2884173333333,22.2884173333333,0,0,0,0
primary_05,1,B,K_LOOKUP_C2_C4,1,77.727406,85768946030612,RIGHT_CONTINUOUS,2,1,0,6,6,0,1,6,12658,85768946014788,22.2725933333333,22.2725933333333,22.2725933333333,22.2725933333333,0,0,0,0,,,,,0,,0,0,22.2725933333333,22.2725933333333,22.2725933333333,22.2725933333333,0,0,0,0
primary_05,1,B,K_LOOKUP_C2_C4,1,78.124289,85768946427495,RIGHT_CONTINUOUS,2,1,1,6,6,0,1,6,12658,85768946014788,21.8757103333333,21.8757103333333,21.8757103333333,21.8757103333333,0,0,0,0,21.8757103333333,21.8757103333333,21.8757103333333,21.8757103333333,0,0,0,0,21.8757103333333,21.8757103333333,21.8757103333333,21.8757103333333,0,0,0,0
primary_05,1,B,K_LOOKUP_C2_C4,1,78.127159,85768946430365,RIGHT_CONTINUOUS,2,1,1,6,6,0,1,6,12659,85768946430365,21.8728403333333,21.8728403333333,21.8728403333333,21.8728403333333,0,0,0,0,21.8728403333333,21.8728403333333,21.8728403333333,21.8728403333333,0,0,0,0,21.8728403333333,21.8728403333333,21.8728403333333,21.8728403333333,0,0,0,0
primary_05,1,B,K_LOOKUP_C2_C4,1,78.25004,85768946553246,RIGHT_CONTINUOUS,2,1,1,6,6,0,2,6,12660,85768946553246,21.7499593333333,21.7499593333333,21.7499593333333,21.7499593333333,0,0,0,0,21.7499593333333,21.7499593333333,21.7499593333333,21.7499593333333,0,0,0,0,21.7499593333333,21.7499593333333,21.7499593333333,21.7499593333333,0,0,0,0
primary_05,1,B,K_LOOKUP_C2_C4,1,78.258586,85768946561792,RIGHT_CONTINUOUS,2,2,0,6,6,0,2,6,12660,85768946553246,21.7414133333333,21.7414133333333,21.7414133333333,21.7414133333333,0,0,0,0,,,,,0,,0,0,21.7414133333333,21.7414133333333,21.7414133333333,21.7414133333333,0,0,0,0
primary_05,1,B,K_LOOKUP_C2_C4,1,78.558134,85768946861340,RIGHT_CONTINUOUS,2,2,1,6,6,0,2,6,12660,85768946553246,21.4418653333333,21.4418653333333,21.4418653333333,21.4418653333333,0,0,0,0,21.4418653333333,21.4418653333333,21.4418653333333,21.4418653333333,0,0,0,0,21.4418653333333,21.4418653333333,21.4418653333333,21.4418653333333,0,0,0,0
primary_05,1,B,K_LOOKUP_C2_C4,1,78.560579,85768946863785,RIGHT_CONTINUOUS,2,2,1,6,6,0,2,6,12661,85768946863785,21.4394203333333,21.4394203333333,21.4394203333333,21.4394203333333,0,0,0,0,21.4394203333333,21.4394203333333,21.4394203333333,21.4394203333333,0,0,0,0,21.4394203333333,21.4394203333333,21.4394203333333,21.4394203333333,0,0,0,0
primary_05,1,B,K_LOOKUP_C2_C4,1,79.633187,85768947936393,RIGHT_CONTINUOUS,2,2,2,6,6,0,2,6,12661,85768946863785,20.3668123333333,20.3668123333333,20.3668123333333,20.3668123333333,0,0,0,0,20.3668123333333,20.3668123333333,20.3668123333333,20.3668123333333,0,0,0,0,20.3668123333333,20.3668123333333,20.3668123333333,20.3668123333333,0,0,0,0
primary_05,1,B,K_LOOKUP_C2_C4,1,79.637493,85768947940699,RIGHT_CONTINUOUS,2,2,2,6,6,0,2,6,12662,85768947940699,20.3625063333333,20.3625063333333,20.3625063333333,20.3625063333333,0,0,0,0,20.3625063333333,20.3625063333333,20.3625063333333,20.3625063333333,0,0,0,0,20.3625063333333,20.3625063333333,20.3625063333333,20.3625063333333,0,0,0,0
primary_05,1,B,K_LOOKUP_C2_C4,1,80.361415,85768948664621,RIGHT_CONTINUOUS,2,2,3,6,6,0,2,6,12662,85768947940699,19.6385843333333,19.6385843333333,19.6385843333333,19.6385843333333,0,0,0,0,19.6385843333333,19.6385843333333,19.6385843333333,19.6385843333333,0,0,0,0,19.6385843333333,19.6385843333333,19.6385843333333,19.6385843333333,0,0,0,0
primary_05,1,B,K_LOOKUP_C2_C4,1,80.365248,85768948668454,RIGHT_CONTINUOUS,2,2,3,6,6,0,2,6,12663,85768948668454,19.6347513333333,19.6347513333333,19.6347513333333,19.6347513333333,0,0,0,0,19.6347513333333,19.6347513333333,19.6347513333333,19.6347513333333,0,0,0,0,19.6347513333333,19.6347513333333,19.6347513333333,19.6347513333333,0,0,0,0
primary_05,1,B,K_LOOKUP_C2_C4,1,81.996297,85768950299503,RIGHT_CONTINUOUS,2,2,4,6,6,0,2,6,12663,85768948668454,18.0037023333333,18.0037023333333,18.0037023333333,18.0037023333333,0,0,0,0,18.0037023333333,18.0037023333333,18.0037023333333,18.0037023333333,0,0,0,0,18.0037023333333,18.0037023333333,18.0037023333333,18.0037023333333,0,0,0,0
primary_05,1,B,K_LOOKUP_C2_C4,1,82.007084,85768950310290,RIGHT_CONTINUOUS,2,2,4,6,6,0,2,6,12664,85768950310290,17.9929153333333,17.9929153333333,17.9929153333333,17.9929153333333,0,0,0,0,17.9929153333333,17.9929153333333,17.9929153333333,17.9929153333333,0,0,0,0,17.9929153333333,17.9929153333333,17.9929153333333,17.9929153333333,0,0,0,0
primary_05,1,B,K_LOOKUP_C2_C4,1,87.128287,85768955431493,RIGHT_CONTINUOUS,2,1,4,5,5,0,2,6,12664,85768950310290,12.8717123333333,12.8717123333333,12.8717123333333,12.8717123333333,0,0,0,0,12.8717123333333,12.8717123333333,12.8717123333333,12.8717123333333,0,0,0,0,12.8717123333333,12.8717123333333,12.8717123333333,12.8717123333333,0,0,0,0
primary_05,1,B,K_LOOKUP_C2_C4,1,87.148814,85768955452020,RIGHT_CONTINUOUS,2,1,4,5,5,0,1,6,12665,85768955452020,12.8511853333333,12.8511853333333,12.8511853333333,12.8511853333333,0,0,0,0,12.8511853333333,12.8511853333333,12.8511853333333,12.8511853333333,0,0,0,0,12.8511853333333,12.8511853333333,12.8511853333333,12.8511853333333,0,0,0,0
primary_05,1,B,K_LOOKUP_C2_C4,1,87.198046,85768955501252,RIGHT_CONTINUOUS,2,1,4,5,5,0,2,6,12666,85768955501252,12.8019533333333,12.8019533333333,12.8019533333333,12.8019533333333,0,0,0,0,12.8019533333333,12.8019533333333,12.8019533333333,12.8019533333333,0,0,0,0,12.8019533333333,12.8019533333333,12.8019533333333,12.8019533333333,0,0,0,0
primary_05,1,B,K_LOOKUP_C2_C4,1,87.216001,85768955519207,RIGHT_CONTINUOUS,2,2,3,5,5,0,2,6,12666,85768955501252,12.7839983333333,12.7839983333333,12.7839983333333,12.7839983333333,0,0,0,0,12.7839983333333,12.7839983333333,12.7839983333333,12.7839983333333,0,0,0,0,12.7839983333333,12.7839983333333,12.7839983333333,12.7839983333333,0,0,0,0
primary_05,1,B,K_LOOKUP_C2_C4,1,87.588438,85768955891644,RIGHT_CONTINUOUS,2,1,3,4,4,0,2,6,12666,85768955501252,12.4115613333333,12.4115613333333,12.4115613333333,12.4115613333333,0,0,0,0,12.4115613333333,12.4115613333333,12.4115613333333,12.4115613333333,0,0,0,0,12.4115613333333,12.4115613333333,12.4115613333333,12.4115613333333,0,0,0,0
primary_05,1,B,K_LOOKUP_C2_C4,1,87.607502,85768955910708,RIGHT_CONTINUOUS,2,1,3,4,4,0,1,6,12667,85768955910708,12.3924973333333,12.3924973333333,12.3924973333333,12.3924973333333,0,0,0,0,12.3924973333333,12.3924973333333,12.3924973333333,12.3924973333333,0,0,0,0,12.3924973333333,12.3924973333333,12.3924973333333,12.3924973333333,0,0,0,0
primary_05,1,B,K_LOOKUP_C2_C4,1,87.6708,85768955974006,RIGHT_CONTINUOUS,2,1,3,4,4,0,2,6,12668,85768955974006,12.3291993333333,12.3291993333333,12.3291993333333,12.3291993333333,0,0,0,0,12.3291993333333,12.3291993333333,12.3291993333333,12.3291993333333,0,0,0,0,12.3291993333333,12.3291993333333,12.3291993333333,12.3291993333333,0,0,0,0
primary_05,1,B,K_LOOKUP_C2_C4,1,87.690503,85768955993709,RIGHT_CONTINUOUS,2,2,2,4,4,0,2,6,12668,85768955974006,12.3094963333333,12.3094963333333,12.3094963333333,12.3094963333333,0,0,0,0,12.3094963333333,12.3094963333333,12.3094963333333,12.3094963333333,0,0,0,0,12.3094963333333,12.3094963333333,12.3094963333333,12.3094963333333,0,0,0,0
primary_05,1,B,K_LOOKUP_C2_C4,1,95.745411,85768964048617,RIGHT_CONTINUOUS,2,1,2,3,3,0,2,6,12668,85768955974006,4.25458833333333,4.25458833333333,4.25458833333333,4.25458833333333,0,0,3,3,4.25458833333333,4.25458833333333,4.25458833333333,4.25458833333333,0,0,2,2,4.25458833333333,4.25458833333333,4.25458833333333,4.25458833333333,0,0,3,3
primary_05,1,B,K_LOOKUP_C2_C4,1,95.761744,85768964064950,RIGHT_CONTINUOUS,2,1,2,3,3,0,1,6,12669,85768964064950,4.23825533333333,4.23825533333333,4.23825533333333,4.23825533333333,0,0,3,3,4.23825533333333,4.23825533333333,4.23825533333333,4.23825533333333,0,0,2,2,4.23825533333333,4.23825533333333,4.23825533333333,4.23825533333333,0,0,3,3
primary_05,1,B,K_LOOKUP_C2_C4,1,95.81006,85768964113266,RIGHT_CONTINUOUS,2,1,2,3,3,0,2,6,12670,85768964113266,4.18993933333333,4.18993933333333,4.18993933333333,4.18993933333333,0,0,3,3,4.18993933333333,4.18993933333333,4.18993933333333,4.18993933333333,0,0,2,2,4.18993933333333,4.18993933333333,4.18993933333333,4.18993933333333,0,0,3,3
primary_05,1,B,K_LOOKUP_C2_C4,1,95.815662,85768964118868,RIGHT_CONTINUOUS,2,2,1,3,3,0,2,6,12670,85768964113266,4.18433733333333,4.18433733333333,4.18433733333333,4.18433733333333,0,0,3,3,4.18433733333333,4.18433733333333,4.18433733333333,4.18433733333333,0,0,1,1,4.18433733333333,4.18433733333333,4.18433733333333,4.18433733333333,0,0,3,3
primary_05,1,B,K_LOOKUP_C2_C4,1,95.952246,85768964255452,RIGHT_CONTINUOUS,2,1,1,2,2,0,2,6,12670,85768964113266,4.04775333333333,4.04775333333333,4.04775333333333,4.04775333333333,0,0,2,2,4.04775333333333,4.04775333333333,4.04775333333333,4.04775333333333,0,0,1,1,4.04775333333333,4.04775333333333,4.04775333333333,4.04775333333333,0,0,2,2
primary_05,1,B,K_LOOKUP_C2_C4,1,95.966922,85768964270128,RIGHT_CONTINUOUS,2,1,1,2,2,0,1,6,12671,85768964270128,4.03307733333333,4.03307733333333,4.03307733333333,4.03307733333333,0,0,2,2,4.03307733333333,4.03307733333333,4.03307733333333,4.03307733333333,0,0,1,1,4.03307733333333,4.03307733333333,4.03307733333333,4.03307733333333,0,0,2,2
primary_05,1,B,K_LOOKUP_C2_C4,1,96.017293,85768964320499,RIGHT_CONTINUOUS,2,1,1,2,2,0,2,6,12672,85768964320499,3.98270633333333,3.98270633333333,3.98270633333333,3.98270633333333,0,0,2,2,3.98270633333333,3.98270633333333,3.98270633333333,3.98270633333333,0,0,1,1,3.98270633333333,3.98270633333333,3.98270633333333,3.98270633333333,0,0,2,2
primary_05,1,B,K_LOOKUP_C2_C4,1,96.022663,85768964325869,RIGHT_CONTINUOUS,2,2,0,2,2,0,2,6,12672,85768964320499,3.97733633333333,3.97733633333333,3.97733633333333,3.97733633333333,0,0,2,2,,,,,0,,0,0,3.97733633333333,3.97733633333333,3.97733633333333,3.97733633333333,0,0,2,2
primary_05,1,B,K_LOOKUP_C2_C4,1,100,85768968303206,RIGHT_CONTINUOUS,2,2,0,8,2,6,2,6,12672,85768964320499,-6.66666666666667e-07,-6.66666666666667e-07,33.3333333333333,33.3333333333333,2,0.25,0,0,,,,,0,,0,0,-6.66666666666667e-07,-6.66666666666667e-07,-6.66666666666667e-07,-6.66666666666667e-07,2,1,0,0
