trace,round,phase,K,window,fixed,lookup_acquisition,fixed_acquisition,DMR_percent_lookup,DMR_percent_fixed,delta_DMR_percent,miss_count_lookup,miss_count_fixed,delta_miss_count,queue_mean_ms_lookup,queue_mean_ms_fixed,delta_queue_mean_ms,queue_p95_ms_lookup,queue_p95_ms_fixed,delta_queue_p95_ms,service_mean_ms_lookup,service_mean_ms_fixed,delta_service_mean_ms,service_p95_ms_lookup,service_p95_ms_fixed,delta_service_p95_ms,local_mean_ms_lookup,local_mean_ms_fixed,delta_local_mean_ms,local_p95_ms_lookup,local_p95_ms_fixed,delta_local_p95_ms,start_lag_mean_ms_lookup,start_lag_mean_ms_fixed,delta_start_lag_mean_ms,front_end_mean_ms_lookup,front_end_mean_ms_fixed,delta_front_end_mean_ms,time_mean_ready_queue_lookup,time_mean_ready_queue_fixed,delta_time_mean_ready_queue,time_mean_unfinished_backlog_lookup,time_mean_unfinished_backlog_fixed,delta_time_mean_unfinished_backlog,calendar_completed_fps_lookup,calendar_completed_fps_fixed,delta_calendar_completed_fps
A,1,0,6,whole_phase,FIXED_C2,primary_03,primary_02,41.6666666666667,38.6666666666667,3.00000000000001,1125,1044,81,23.5803482785185,15.4791112262963,8.10123705222222,162.27928255,94.2138795999998,68.06540295,8.8102922737037,8.76942113333333,0.0408711403703705,10.51315165,10.3745499,0.138601749999999,49.7652864037037,39.063107882963,10.7021785207407,218.8436707,142.27380995,76.5698607500002,4.55883315444444,2.23570288518519,2.32313026925926,12.815812697037,12.5788726381481,0.236940058888889,4.24446269013333,2.78624002073333,1.4582226694,8.95710405306667,7.03072180666667,1.9263822464,179.866666666667,179.866666666667,0
A,1,0,6,whole_phase,FIXED_C4,primary_03,primary_06,41.6666666666667,37.1481481481481,4.51851851851853,1125,1003,122,23.5803482785185,10.032679227037,13.5476690514815,162.27928255,61.2401987999997,101.03908375,8.8102922737037,14.3468323148148,-5.53654004111111,10.51315165,18.9279151,-8.41476345,49.7652864037037,40.4373385151852,9.32794788851852,218.8436707,117.544171049999,101.299499650001,4.55883315444444,3.12685771518519,1.43197543925926,12.815812697037,12.9309692581481,-0.115156561111109,4.24446269013333,1.80588226086667,2.43858042926667,8.95710405306667,7.27778322366667,1.6793208294,179.866666666667,179.866666666667,0
A,1,1,7,whole_phase,FIXED_C2,primary_03,primary_02,45.2698412698413,45.015873015873,0.25396825396826,1426,1418,8,5.49974649396825,10.2391636869841,-4.73941719301587,15.2268532,22.9104151,-7.68356190000001,15.0027547142857,8.58670203269841,6.4160526815873,18.99815055,10.72399625,8.2741543,34.7417582971429,32.5293908079365,2.21236748920635,45.3225286,46.60471805,-1.28218944999998,0.975435271111111,0.737856007301588,0.237579263809524,13.2638218177778,12.9656690809524,0.298152736825397,1.15494676373333,2.149999127,-0.995052363266667,7.29445558906667,6.83065829893333,0.463797290133333,209.933333333333,209.933333333333,0
A,1,1,7,whole_phase,FIXED_C4,primary_03,primary_06,45.2698412698413,45.6825396825397,-0.412698412698411,1426,1439,-13,5.49974649396825,5.45892434603175,0.0408221479365078,15.2268532,15.27030885,-0.0434556500000003,15.0027547142857,14.9330582234921,0.0696964907936515,18.99815055,19.06807205,-0.0699214999999995,34.7417582971429,34.6628796638095,0.078878633333332,45.3225286,45.4415193,-0.118990699999998,0.975435271111111,0.949327558730159,0.0261077123809523,13.2638218177778,13.3215695355556,-0.0577477177777794,1.15494676373333,1.14634571313333,0.00860105059999983,7.29445558906667,7.2784080168,0.0160475722666664,209.933333333333,209.8,0.133333333333326
A,1,2,6,whole_phase,FIXED_C2,primary_03,primary_02,32.7407407407407,31.5555555555556,1.18518518518519,884,852,32,7.49582593037037,7.30927877148148,0.186547158888888,16.00383935,15.833223,0.17061635,8.6910952337037,8.62028025111111,0.0708149825925926,9.9789616,9.9386453,0.0403163000000006,28.77929375,28.5012093177778,0.278084432222226,38.74671185,38.5673118,0.179400050000005,0.617799388888889,0.610892572962963,0.0069068159259259,11.974573197037,11.9607577222222,0.0138154748148143,1.34924866746667,1.31589542613333,0.0333532413333333,5.1815980922,5.13078290106667,0.0508151911333332,180.066666666667,180.066666666667,0
A,1,2,6,whole_phase,FIXED_C4,primary_03,primary_06,32.7407407407407,32.2962962962963,0.444444444444443,884,872,12,7.49582593037037,4.1664339662963,3.32939196407407,16.00383935,14.5551428,1.44869655,8.6910952337037,14.108503382963,-5.41740814925926,9.9789616,18.3964772,-8.4175156,28.77929375,30.9937937640741,-2.21450001407408,38.74671185,38.7285186,0.0181932500000102,0.617799388888889,0.602773373703704,0.0150260151851852,11.974573197037,12.1160830411111,-0.141509844074076,1.34924866746667,0.749986513466667,0.599262154,5.1815980922,5.57945490746667,-0.397856815266667,180.066666666667,180.2,-0.133333333333326
A,1,3,7,whole_phase,FIXED_C2,primary_03,primary_02,45.3650793650794,42.7936507936508,2.57142857142857,1429,1348,81,5.66326033142857,9.72825949936508,-4.06499916793651,15.41577215,22.4585955,-7.04282335,15.0627180984127,8.51777350126984,6.54494459714286,18.89865895,10.4773379,8.42132105,34.863824435873,31.688554752381,3.17526968349206,45.4530613,44.73325875,0.719802550000018,1.00457466412698,0.717590096825397,0.286984567301587,13.1332713419048,12.7249316549206,0.408339686984126,1.1888690614,2.0424161004,-0.853547039,7.3185767854,6.6533749268,0.665201858600001,209.733333333333,209.933333333333,-0.200000000000017
A,1,3,7,whole_phase,FIXED_C4,primary_03,primary_06,45.3650793650794,45.2063492063492,0.158730158730165,1429,1424,5,5.66326033142857,5.41423928952381,0.249021041904763,15.41577215,15.05849845,0.3572737,15.0627180984127,14.8886878174603,0.174030280952383,18.89865895,18.98579915,-0.0871401999999932,34.863824435873,34.483824735873,0.379999699999999,45.4530613,45.1038616,0.349199700000007,1.00457466412698,0.957997643492064,0.0465770206349205,13.1332713419048,13.2228999853968,-0.0896286434920626,1.1888690614,1.1369902508,0.0518788105999999,7.3185767854,7.2405630166,0.0780137688,209.733333333333,209.933333333333,-0.200000000000017
B,1,0,7,whole_phase,FIXED_C2,primary_05,primary_04,54.4126984126984,81.4603174603175,-27.047619047619,1714,2566,-852,20.5520358431746,103.266445771429,-82.714409928254,131.9171469,256.0691335,-124.1519866,15.3648573190476,9.04648419619048,6.31837312285714,19.60674195,11.90659685,7.70014509999999,53.2320867806349,129.481613466667,-76.2495266860317,192.65700945,285.48286555,-92.8258561,3.16152427047619,3.21434028412698,-0.0528160136507938,14.1536693479365,13.9543432149206,0.199326133015873,4.31592752706667,21.6856920564,-17.3697645293333,11.1771731434,27.189972948,-16.0127998046,209.8,209.8,0
B,1,0,7,whole_phase,FIXED_C4,primary_05,primary_01,54.4126984126984,53.5555555555556,0.857142857142854,1714,1687,27,20.5520358431746,23.6577848949206,-3.10574905174603,131.9171469,161.3119871,-29.3948402000001,15.3648573190476,15.1857401187302,0.17911720031746,19.60674195,19.1910922,0.415649749999993,53.2320867806349,57.3903464142857,-4.15825963365079,192.65700945,222.16033755,-29.5033281,3.16152427047619,4.37689926126984,-1.21537499079365,14.1536693479365,14.1699221393651,-0.0162527914285686,4.31592752706667,4.96813482793333,-0.652207300866666,11.1771731434,12.0504403026,-0.873267159200001,209.8,209.8,0
B,1,1,6,whole_phase,FIXED_C2,primary_05,primary_04,32.2592592592593,32.4444444444444,-0.185185185185183,871,876,-5,7.31586856703704,7.39514917740741,-0.07928061037037,15.76881005,15.9742201,-0.205410050000003,8.61616411962963,8.64944853296296,-0.0332844133333321,10.028208,10.0176802,0.0105278000000002,28.6478168237037,28.6494306481482,-0.00161382444444413,38.5482262,38.5296828,0.0185433999999987,0.587127591111111,0.567354503333333,0.0197730877777778,12.1286565459259,12.0374784344444,0.0911781114814829,1.31685634206667,1.33138840753333,-0.0145320654666667,5.15768311273333,5.157472821,0.000210291733333534,180.066666666667,180.066666666667,0
B,1,1,6,whole_phase,FIXED_C4,primary_05,primary_01,32.2592592592593,32.7777777777778,-0.518518518518519,871,885,-14,7.31586856703704,4.23953466296296,3.07633390407408,15.76881005,14.9535258,0.815284249999998,8.61616411962963,14.1251404288889,-5.50897630925926,10.028208,18.5786001,-8.5503921,28.6478168237037,31.119401257037,-2.47158443333333,38.5482262,38.8026667,-0.254440500000001,0.587127591111111,0.581689111851852,0.00543847925925922,12.1286565459259,12.1730370533333,-0.0443805074074071,1.31685634206667,0.763116239333333,0.553740102733333,5.15768311273333,5.60253358846667,-0.444850475733333,180.066666666667,180.066666666667,0
B,1,2,7,whole_phase,FIXED_C2,primary_05,primary_04,45.5238095238095,44.031746031746,1.49206349206349,1434,1387,47,5.45641310190476,9.90726041555556,-4.45084731365079,15.2143683,22.7727571,-7.5583888,14.9496836822222,8.52381942031746,6.42586426190477,18.833414,10.52170735,8.31170665,34.6962292111111,32.16385986,2.53236935111111,45.33403725,45.4104703,-0.0764330500000057,0.933869636190476,0.73262996063492,0.201239675555556,13.3562627907937,13.0001500634921,0.356112727301587,1.1458467514,2.08027911253333,-0.934432361133333,7.28568587033333,6.7538061886,0.531879681733334,209.933333333333,209.933333333333,0
B,1,2,7,whole_phase,FIXED_C4,primary_05,primary_01,45.5238095238095,45.4920634920635,0.0317460317460245,1434,1433,1,5.45641310190476,5.42365650380952,0.0327565980952382,15.2143683,15.0790213,0.135347000000005,14.9496836822222,14.9097398622222,0.0399438200000013,18.833414,18.84309845,-0.00968445000000173,34.6962292111111,34.5558410933333,0.140388117777775,45.33403725,45.52850465,-0.194467400000001,0.933869636190476,0.929349427301587,0.00452020888888893,13.3562627907937,13.2930953,0.0631674907936493,1.1458467514,1.1389678658,0.00687888559999994,7.28568587033333,7.25411329433333,0.0315725760000003,209.933333333333,209.866666666667,0.0666666666666629
B,1,3,6,whole_phase,FIXED_C2,primary_05,primary_04,32.2962962962963,32.4444444444444,-0.148148148148145,872,876,-4,7.34803904666667,7.4069594362963,-0.0589203896296286,15.80373955,15.99210915,-0.1883696,8.63035092,8.64623407814815,-0.0158831581481493,9.92401585,9.8659386,0.0580772499999984,28.5921345496296,28.5060551855556,0.0860793640740773,38.44703225,38.259552,0.18748025,0.544423975925926,0.574662344074074,-0.0302383681481482,12.069320607037,11.878199327037,0.191121280000003,1.3226470284,1.33349827326667,-0.0108512448666667,5.147110211,5.13211466326667,0.0149955477333332,180.066666666667,180.066666666667,0
B,1,3,6,whole_phase,FIXED_C4,primary_05,primary_01,32.2962962962963,31.5925925925926,0.703703703703702,872,853,19,7.34803904666667,4.17403369814815,3.17400534851852,15.80373955,14.71389305,1.0898465,8.63035092,14.0690805333333,-5.43872961333333,9.92401585,18.38454525,-8.4605294,28.5921345496296,30.8869606892593,-2.29482613962963,38.44703225,38.7384522,-0.291419949999998,0.544423975925926,0.554441601481481,-0.0100176255555555,12.069320607037,12.0894048562963,-0.0200842492592574,1.3226470284,0.751326065666667,0.571320962733333,5.147110211,5.5619483978,-0.4148381868,180.066666666667,180.133333333333,-0.0666666666666629
B,2,0,7,whole_phase,FIXED_C2,primary_08,primary_07,56.984126984127,100,-43.015873015873,1795,3150,-1355,29.4898719346032,316.203839914921,-286.713967980317,186.3218536,345.0460674,-158.7242138,15.4055101387302,9.42048449174603,5.98502564698413,19.5370019,12.92201515,6.61498674999999,65.9687643965079,345.31377609746,-279.345011700952,257.939157549999,373.2721638,-115.333006250001,6.25237956984127,5.02998445174603,1.22239511809524,14.8210027533333,14.6594672390476,0.161535514285715,6.19287310626667,65.9484290360667,-59.7555559298,13.8518182200667,72.0288102857333,-58.1769920656667,209.8,206.2,3.60000000000002
B,2,0,7,whole_phase,FIXED_C4,primary_08,primary_10,56.984126984127,52.5714285714286,4.41269841269841,1795,1656,139,29.4898719346032,16.3281676580952,13.1617042765079,186.3218536,108.0869632,78.2348904,15.4055101387302,15.2170911311111,0.188419007619048,19.5370019,19.46189815,0.0751037500000038,65.9687643965079,48.8303727012698,17.1383916952381,257.939157549999,163.6730488,94.2661087499993,6.25237956984127,3.01894794793651,3.23343162190476,14.8210027533333,14.266165964127,0.554836789206348,6.19287310626667,3.4289152082,2.76395789806667,13.8518182200667,10.2518978146667,3.5999204054,209.8,209.8,0
B,2,1,6,whole_phase,FIXED_C2,primary_08,primary_07,32.7037037037037,37.1111111111111,-4.40740740740741,883,1002,-119,7.34068707962963,16.0427892640741,-8.70210218444445,15.7987575,77.4297153999996,-61.6309578999996,8.66840713259259,8.6327974437037,0.0356096888888899,10.09432695,10.0432699,0.0510570499999954,28.7091653044444,37.292750727037,-8.58358542259259,38.53841745,98.8704929499999,-60.3320754999999,0.56550383,0.560714217777778,0.00478961222222229,12.1345672622222,12.0564498014815,0.0781174607407404,1.32132367433333,3.3420794136,-2.02075573926667,5.16816594846667,7.19913037686667,-2.0309644284,180.066666666667,183.666666666667,-3.59999999999999
B,2,1,6,whole_phase,FIXED_C4,primary_08,primary_10,32.7037037037037,32.962962962963,-0.25925925925926,883,890,-7,7.34068707962963,4.26282228222222,3.07786479740741,15.7987575,15.0307789,0.767978600000003,8.66840713259259,14.1524431351852,-5.48403600259259,10.09432695,18.5783455,-8.48401855,28.7091653044444,31.1497143048148,-2.44054900037037,38.53841745,38.8493151,-0.310897649999994,0.56550383,0.589163393703704,-0.0236595637037037,12.1345672622222,12.1452854937037,-0.0107182314814818,1.32132367433333,0.7673080108,0.554015663533333,5.16816594846667,5.6091811854,-0.441015236933333,180.066666666667,180.066666666667,0
B,2,2,7,whole_phase,FIXED_C2,primary_08,primary_07,46.9206349206349,44.5714285714286,2.34920634920635,1478,1404,74,5.65179471587302,10.1436004463492,-4.49180573047619,15.55590205,22.9847801,-7.42887805,15.0958058298413,8.56616397492063,6.52964185492063,19.329096,10.6811184,8.6479776,35.07005178,32.3911386285714,2.67891315142857,45.98011745,46.21403255,-0.233915099999997,0.995071685714286,0.725309000952381,0.269762684761905,13.3273795485714,12.9560652063492,0.371314342222222,1.18687689033333,2.12979230793333,-0.9429154176,7.36444875413333,6.8013676912,0.563081062933333,209.933333333333,209.933333333333,0
B,2,2,7,whole_phase,FIXED_C4,primary_08,primary_10,46.9206349206349,45.3015873015873,1.61904761904761,1478,1427,51,5.65179471587302,5.36032782984127,0.291466886031747,15.55590205,15.11099705,0.444904999999997,15.0958058298413,14.8671990390476,0.22860679079365,19.329096,18.86125915,0.467836850000001,35.07005178,34.4402581146032,0.629793665396825,45.98011745,45.38218085,0.597936600000011,0.995071685714286,0.918780936825397,0.0762907488888889,13.3273795485714,13.2939503088889,0.0334292396825404,1.18687689033333,1.12566884426667,0.0612080460666666,7.36444875413333,7.23113152653333,0.1333172276,209.933333333333,209.933333333333,0
B,2,3,6,whole_phase,FIXED_C2,primary_08,primary_07,32.037037037037,32.4444444444444,-0.407407407407405,865,876,-11,7.31117397296296,7.36909636777778,-0.0579223948148142,15.76396675,15.9477877,-0.183820950000003,8.63233333518518,8.65702759185185,-0.0246942566666686,10.009228,10.00877095,0.000457050000001402,28.5483770440741,28.5322686944444,0.0161083496296293,38.44907845,38.36914845,0.0799300000000045,0.57021493037037,0.573258961851852,-0.00304403148148136,12.0346548055556,11.932885772963,0.101769032592593,1.31601131513333,1.326801132,-0.0107898168666667,5.13902288653333,5.1365275394,0.00249534713333333,180.066666666667,180.066666666667,0
B,2,3,6,whole_phase,FIXED_C4,primary_08,primary_10,32.037037037037,32.2592592592593,-0.222222222222221,865,871,-6,7.31117397296296,4.20589178185185,3.10528219111111,15.76396675,14.7881803,0.975786449999996,8.63233333518518,14.0614900637037,-5.42915672851852,10.009228,18.3431858,-8.3339578,28.5483770440741,30.9709587159259,-2.42258167185185,38.44907845,38.7414953,-0.292416849999995,0.57021493037037,0.57013579,7.91403703703786e-05,12.0346548055556,12.1334410803704,-0.0987862748148132,1.31601131513333,0.757060520733333,0.5589507944,5.13902288653333,5.57597946746667,-0.436956580933333,180.066666666667,180.133333333333,-0.0666666666666629
A,2,0,6,whole_phase,FIXED_C2,primary_12,primary_11,41.8888888888889,39.1111111111111,2.77777777777777,1131,1056,75,23.3858655081482,17.1875856688889,6.19827983925926,146.91008915,107.31315515,39.5969339999998,8.79694552111111,8.74513289666667,0.0518126244444446,10.83202425,10.3453426,0.486681649999998,49.2615084388889,41.1808623577778,8.0806460811111,215.5402382,150.59203985,64.9481983500001,4.25147574592593,2.63981114148148,1.61166460444444,12.8272216637037,12.6083326507407,0.218889012962961,4.20945579146667,3.0937654204,1.11569037106667,8.86641425673333,7.41193000593333,1.4544842508,179.866666666667,179.866666666667,0
A,2,0,6,whole_phase,FIXED_C4,primary_12,primary_09,41.8888888888889,37.0740740740741,4.81481481481481,1131,1001,130,23.3858655081482,8.24194384407407,15.1439216640741,146.91008915,41.0875811499999,105.822508,8.79694552111111,14.4440379759259,-5.64709245481481,10.83202425,18.8781991,-8.04617484999999,49.2615084388889,39.2042687896296,10.0572396492592,215.5402382,94.72051375,120.81972445,4.25147574592593,3.40926880962963,0.842206936296295,12.8272216637037,13.10901816,-0.281796496296296,4.20945579146667,1.48354989193333,2.72590589953333,8.86641425673333,7.0558798822,1.81053437453333,179.866666666667,179.866666666667,0
A,2,1,7,whole_phase,FIXED_C2,primary_12,primary_11,44.984126984127,43.3333333333333,1.65079365079364,1417,1365,52,5.5764074215873,9.73927187015873,-4.16286444857143,15.4141251,22.42943645,-7.01531135,15.0045009092063,8.50743682507937,6.49706408412698,18.9529552,10.4816854,8.4712698,34.6299632853968,31.8178211473016,2.81214213809524,45.21065135,44.8808081,0.329843249999996,0.987835216825397,0.696250966666667,0.29158425015873,13.0612197377778,12.8748614853968,0.186358252380954,1.17104555853333,2.04492192633333,-0.8738763678,7.2716613988,6.6808852592,0.5907761396,209.933333333333,209.933333333333,0
A,2,1,7,whole_phase,FIXED_C4,primary_12,primary_09,44.984126984127,45.2698412698413,-0.285714285714292,1417,1426,-9,5.5764074215873,5.42100346634921,0.155403955238095,15.4141251,14.8812265,0.532898600000003,15.0045009092063,14.9129192266667,0.0915816825396814,18.9529552,18.80805745,0.144897749999998,34.6299632853968,34.6709432069841,-0.0409799215873008,45.21065135,45.27323105,-0.0625797000000006,0.987835216825397,0.991339867936508,-0.0035046511111112,13.0612197377778,13.3456806460317,-0.284460908253969,1.17104555853333,1.13841072793333,0.0326348305999999,7.2716613988,7.27888811066667,-0.00722671186666624,209.933333333333,209.866666666667,0.0666666666666629
A,2,2,6,whole_phase,FIXED_C2,primary_12,primary_11,32.5185185185185,32.5185185185185,0,878,878,0,7.4706483337037,7.3546484237037,0.11599991,16.0900095,15.84886495,0.241144549999992,8.68454938592593,8.63479417518518,0.0497552107407415,10.0604846,10.03233715,0.0281474500000005,28.6017639385185,28.5671589137037,0.0346050248148195,38.4360139,38.4512287,-0.0152148000000025,0.576187014814815,0.618534101851852,-0.042347087037037,11.8703792040741,11.959182212963,-0.08880300888889,1.34471670006667,1.32416188266667,0.0205548174000001,5.14899669346667,5.1428483844,0.00614830906666697,180.066666666667,180.066666666667,0
A,2,2,6,whole_phase,FIXED_C4,primary_12,primary_09,32.5185185185185,32.8518518518519,-0.333333333333336,878,887,-9,7.4706483337037,4.2994390162963,3.17120931740741,16.0900095,14.98358125,1.10642825,8.68454938592593,14.178075512963,-5.49352612703704,10.0604846,18.60313075,-8.54264615,28.6017639385185,31.2703949462963,-2.66863100777777,38.4360139,38.88660205,-0.450588149999994,0.576187014814815,0.617517741111111,-0.0413307262962963,11.8703792040741,12.1753626759259,-0.304983471851854,1.34471670006667,0.773899022933333,0.570817677133333,5.14899669346667,5.63131669826667,-0.4823200048,180.066666666667,180.2,-0.133333333333326
A,2,3,7,whole_phase,FIXED_C2,primary_12,primary_11,44.952380952381,43.4920634920635,1.46031746031746,1416,1370,46,5.65848348857143,9.61443118888889,-3.95594770031746,15.49633075,22.11845365,-6.6221229,15.0992723260317,8.50355457079365,6.5957177552381,19.01432955,10.55230845,8.4620211,34.6159285126984,31.8268404180952,2.78908809460318,45.3138771,44.86058675,0.453290350000003,0.924698505396825,0.706839866666667,0.217858638730159,12.9334741926984,13.002014791746,-0.0685405990476209,1.1882815326,2.0177512424,-0.8294697098,7.26917811933333,6.68126160866667,0.587916510666667,209.933333333333,209.8,0.133333333333326
A,2,3,7,whole_phase,FIXED_C4,primary_12,primary_09,44.952380952381,44.9206349206349,0.0317460317460316,1416,1415,1,5.65848348857143,5.45074563047619,0.207737858095238,15.49633075,15.1692617,0.32706905,15.0992723260317,14.8672255320635,0.232046793968259,19.01432955,18.83181985,0.182509700000001,34.6159285126984,34.4598935095238,0.156035003174601,45.3138771,44.7746437,0.539233400000008,0.924698505396825,0.965098079365079,-0.0403995739682539,12.9334741926984,13.176824267619,-0.243350074920636,1.1882815326,1.1446565824,0.0436249502000001,7.26917811933333,7.23592007753333,0.0332580417999999,209.933333333333,209.866666666667,0.0666666666666629
A,3,0,6,whole_phase,FIXED_C2,primary_13,primary_18,38.962962962963,40.4074074074074,-1.44444444444445,1052,1091,-39,17.0930361459259,21.4531517888889,-4.36011564296296,106.31623085,145.12801355,-38.8117826999995,8.76126915111111,8.78750448296296,-0.0262353318518525,10.33627875,10.40290455,-0.0666258000000006,41.1254370414815,47.1476493777778,-6.0222123362963,156.1111984,203.5052374,-47.3940389999998,2.55443343407407,4.02488278148148,-1.47044934740741,12.7166983103704,12.8821103244444,-0.165412014074077,3.07674650626667,3.861567322,-0.784820815733333,7.4013620422,8.4858565574,-1.0844945152,179.866666666667,179.866666666667,0
A,3,0,6,whole_phase,FIXED_C4,primary_13,primary_16,38.962962962963,39.8148148148148,-0.851851851851855,1052,1075,-23,17.0930361459259,13.7702120785185,3.32282406740741,106.31623085,104.42861715,1.8876137000001,8.76126915111111,14.6297842825926,-5.86851513148148,10.33627875,18.8535323,-8.51725355,41.1254370414815,53.0422594737037,-11.9168224322222,156.1111984,248.04847445,-91.9372760499999,2.55443343407407,10.8784458055556,-8.32401237148148,12.7166983103704,13.763817307037,-1.04711899666667,3.07674650626667,2.47863817413333,0.598108332133334,7.4013620422,9.547259077,-2.1458970348,179.866666666667,179.866666666667,0
A,3,1,7,whole_phase,FIXED_C2,primary_13,primary_18,45.5555555555556,43.1428571428571,2.41269841269841,1435,1359,76,5.42654184285714,9.60310567206349,-4.17656382920635,15.10715115,22.09170205,-6.9845509,14.855238972381,8.48993630634921,6.36530266603175,18.91430405,10.48264165,8.4316624,34.551171412381,31.8782608422222,2.67291057015873,45.1937365,44.8656705,0.328066000000014,0.899160134603175,0.704738164444445,0.19442197015873,13.3702304625397,13.0804806993651,0.289749763174605,1.139573787,2.01647085453333,-0.876897067533333,7.25594717073333,6.69405629486667,0.561890875866666,209.933333333333,209.933333333333,0
A,3,1,7,whole_phase,FIXED_C4,primary_13,primary_16,45.5555555555556,44.5079365079365,1.04761904761905,1435,1402,33,5.42654184285714,5.57844300253968,-0.15190115968254,15.10715115,15.44277185,-0.3356207,14.855238972381,15.0103202704762,-0.15508129809524,18.91430405,18.8777675,0.036536550000001,34.551171412381,34.5978668857143,-0.0466954733333296,45.1937365,45.13888715,0.0548493499999978,0.899160134603175,0.954518151111111,-0.0553580165079365,13.3702304625397,13.0545854615873,0.315645000952383,1.139573787,1.17147303053333,-0.0318992435333334,7.25594717073333,7.26352859133333,-0.00758142060000022,209.933333333333,209.866666666667,0.0666666666666629
A,3,2,6,whole_phase,FIXED_C2,primary_13,primary_18,32.3333333333333,32.8888888888889,-0.555555555555564,873,888,-15,7.34446907148148,7.42880446333333,-0.0843353918518508,15.82102905,15.9530317,-0.132002649999999,8.64043233111111,8.65149169740741,-0.0110593662962959,9.92058165,10.1234268,-0.20284515,28.6696362640741,28.750502732963,-0.080866468888896,38.53121905,38.5699901,-0.038771049999994,0.587484005185185,0.614944534074074,-0.0274605288888888,12.0972508562963,12.0552620381481,0.04198881814815,1.32200443286667,1.33736614,-0.0153617071333334,5.16085253293333,5.17570305086667,-0.0148505179333336,180.066666666667,180.066666666667,0
A,3,2,6,whole_phase,FIXED_C4,primary_13,primary_16,32.3333333333333,33,-0.666666666666671,873,891,-18,7.34446907148148,4.41472431111111,2.92974476037037,15.82102905,15.38798795,0.433041100000002,8.64043233111111,14.2255601362963,-5.58512780518519,9.92058165,18.64917495,-8.7285933,28.6696362640741,31.1961122577778,-2.52647599370371,38.53121905,38.9635888,-0.432369749999999,0.587484005185185,0.616732870740741,-0.0292488655555555,12.0972508562963,11.9390949396296,0.158155916666667,1.32200443286667,0.794650376,0.527354056866667,5.16085253293333,5.6169045474,-0.456052014466667,180.066666666667,180.133333333333,-0.0666666666666629
A,3,3,7,whole_phase,FIXED_C2,primary_13,primary_18,45.3333333333333,43.5555555555556,1.77777777777778,1428,1372,56,5.50671853460317,9.77191179809524,-4.26519326349206,15.18137,22.59134855,-7.40997855,14.9933207784127,8.5202902831746,6.4730304952381,19.00678685,10.58424015,8.4225467,34.6706863136508,31.9447550847619,2.72593122888889,45.2588777,44.9945194,0.264358300000005,0.933896452063492,0.718815613650794,0.215080838412698,13.2367505485714,12.9337373898413,0.30301315873016,1.15641089226667,2.0512675446,-0.894856652333333,7.28028433473333,6.706306862,0.573977472733334,209.933333333333,209.933333333333,0
A,3,3,7,whole_phase,FIXED_C4,primary_13,primary_16,45.3333333333333,45.3333333333333,0,1428,1428,0,5.50671853460317,5.66898935301587,-0.162270818412698,15.18137,15.39854615,-0.21717615,14.9933207784127,15.0999475888889,-0.10662681047619,19.00678685,19.0062917,0.000495149999999001,34.6706863136508,34.7403390803175,-0.069652766666664,45.2588777,45.46555755,-0.20667985,0.933896452063492,0.97480817968254,-0.0409117276190477,13.2367505485714,12.9965939587302,0.240156589841272,1.15641089226667,1.19048776413333,-0.0340768718666666,7.28028433473333,7.29516863286667,-0.0148842981333335,209.933333333333,209.933333333333,0
B,3,0,7,whole_phase,FIXED_C2,primary_15,primary_14,55.0793650793651,100,-44.9206349206349,1735,3150,-1415,19.7513968784127,243.744785334603,-223.99338845619,123.0160404,291.17070085,-168.15466045,15.5240079987302,9.43992273079365,6.08408526793651,19.819816,12.95838445,6.86143155,53.0790271463492,271.159966739048,-218.080939592698,179.29404085,317.9697962,-138.67575535,3.48490218349206,3.26034210349206,0.224560080000001,14.3187200857143,14.7149165701587,-0.396196484444447,4.14779334446667,50.8510181775333,-46.7032248330667,11.1446368123333,56.5797168135333,-45.4350800012,209.8,206.666666666667,3.13333333333335
B,3,0,7,whole_phase,FIXED_C4,primary_15,primary_17,55.0793650793651,56.6666666666667,-1.58730158730158,1735,1785,-50,19.7513968784127,26.7035685730159,-6.95217169460318,123.0160404,173.07254805,-50.05650765,15.5240079987302,15.5497002965079,-0.0256922977777805,19.819816,19.76125375,0.0585622499999978,53.0790271463492,62.1612090377778,-9.08218189142857,179.29404085,241.19254645,-61.8985056000001,3.48490218349206,5.31106618634921,-1.82616400285714,14.3187200857143,14.5968739819048,-0.278153896190476,4.14779334446667,5.60774940033333,-1.45995605586667,11.1446368123333,13.0525530070667,-1.90791619473333,209.8,209.8,0
B,3,1,6,whole_phase,FIXED_C2,primary_15,primary_14,32.5925925925926,38.3703703703704,-5.77777777777778,880,1036,-156,7.39458287592592,16.5951025137037,-9.20051963777778,15.9682202,97.0879855999997,-81.1197653999997,8.67512674407407,8.70741340407407,-0.0322866600000005,10.03336485,10.20837765,-0.175012799999999,28.7415791007407,38.058692457037,-9.3171133562963,38.6693924,120.9813039,-82.3119114999996,0.560268677777778,0.59187530962963,-0.0316066318518519,12.111600802963,12.1643012296296,-0.052700426666668,1.33102491766667,3.3225051952,-1.99148027753333,5.17486782786667,7.21357718113333,-2.03870935326667,180.066666666667,183.2,-3.13333333333333
B,3,1,6,whole_phase,FIXED_C4,primary_15,primary_17,32.5925925925926,32.8518518518519,-0.25925925925926,880,887,-7,7.39458287592592,4.38053862444444,3.01404425148148,15.9682202,15.34672305,0.621497149999998,8.67512674407407,14.2580237081481,-5.58289696407407,10.03336485,18.6958009,-8.66243605,28.7415791007407,31.2628154622222,-2.52123636148148,38.6693924,38.9553571,-0.285964699999994,0.560268677777778,0.583589577777778,-0.0233209000000001,12.111600802963,12.0406635518519,0.0709372511111113,1.33102491766667,0.7884969524,0.542527965266667,5.17486782786667,5.62822225633333,-0.453354428466667,180.066666666667,180.066666666667,0
B,3,2,7,whole_phase,FIXED_C2,primary_15,primary_14,45.8095238095238,43.4920634920635,2.31746031746032,1443,1370,73,5.55208861269841,9.82899879936508,-4.27691018666667,15.485362,22.4799343,-6.9945723,15.0318263031746,8.48935185269841,6.54247445047619,19.11902795,10.4671346,8.65189335,34.825195807619,31.9084809130159,2.91671489460317,45.6330749,44.7742427,0.858832200000002,0.936032042857143,0.71463836952381,0.221393673333333,13.3052488488889,12.8754918914286,0.429756957460317,1.16593860866667,2.06370850566667,-0.897769897,7.31174989913333,6.7001075626,0.611642336533333,209.866666666667,209.933333333333,-0.0666666666666629
B,3,2,7,whole_phase,FIXED_C4,primary_15,primary_17,45.8095238095238,46.2222222222222,-0.412698412698411,1443,1456,-13,5.55208861269841,5.52779212920635,0.024296483492062,15.485362,15.3161224,0.169239599999999,15.0318263031746,15.0596223053968,-0.0277960022222228,19.11902795,19.0717391,0.0472888499999975,34.825195807619,34.8653147412698,-0.0401189336507954,45.6330749,45.6958809,-0.0628059999999948,0.936032042857143,0.967917923174603,-0.0318858803174603,13.3052488488889,13.3099823834921,-0.00473353460317583,1.16593860866667,1.16083634713333,0.00510226153333337,7.31174989913333,7.32044098093333,-0.00869108180000033,209.866666666667,209.933333333333,-0.0666666666666629
B,3,3,6,whole_phase,FIXED_C2,primary_15,primary_14,32.3703703703704,32.4814814814815,-0.111111111111107,874,877,-3,7.39655754037037,7.35225724481481,0.0443002955555558,15.95863145,15.97381545,-0.0151839999999996,8.67601293148148,8.66551064222222,0.0105022892592608,9.9542106,10.0163348,-0.0621241999999977,28.6783878748148,28.662648457037,0.0157394177777768,38.5901727,38.6165149,-0.026342200000002,0.570396697777778,0.613154671481482,-0.0427579737037037,12.0354207051852,12.0317258985185,0.00369480666666711,1.33103262073333,1.3230050916,0.00802752913333338,5.16309282833333,5.15838635906667,0.00470646926666696,180.066666666667,179.933333333333,0.133333333333326
B,3,3,6,whole_phase,FIXED_C4,primary_15,primary_17,32.3703703703704,32.962962962963,-0.592592592592588,874,890,-16,7.39655754037037,4.38207419111111,3.01448334925926,15.95863145,15.15961885,0.799012600000003,8.67601293148148,14.2282900737037,-5.55227714222222,9.9542106,18.53644245,-8.58223185,28.6783878748148,31.2801704792593,-2.60178260444444,38.5901727,38.99295565,-0.402782950000002,0.570396697777778,0.597616011111111,-0.0272193133333334,12.0354207051852,12.0721902033333,-0.0367694981481481,1.33103262073333,0.7887733544,0.542259266333333,5.16309282833333,5.63187188673333,-0.4687790584,180.066666666667,180.066666666667,0
B,4,0,7,whole_phase,FIXED_C2,primary_19,primary_24,62.4126984126984,100,-37.5873015873016,1966,3150,-1184,18.1540766273016,230.912915653968,-212.758839026667,117.3251465,257.673562,-140.3484155,15.7654849688889,9.47331803968254,6.29216692920635,20.7277041,13.20882085,7.51888325,52.9349190761905,257.839236446349,-204.904317370159,172.7653995,284.8535408,-112.0881413,3.44618922888889,2.49499811238095,0.951191116507936,15.5691682511111,14.9580046403175,0.61116361079365,3.81155535266667,48.1095454112667,-44.2979900586,11.1126623828,53.7331620056,-42.6204996228,209.666666666667,206.6,3.06666666666666
B,4,0,7,whole_phase,FIXED_C4,primary_19,primary_21,62.4126984126984,52.6666666666667,9.74603174603175,1966,1659,307,18.1540766273016,14.7286767869841,3.42539984031746,117.3251465,92.7115006999999,24.6136458,15.7654849688889,15.359733131746,0.405751837142857,20.7277041,19.5719006,1.15580349999999,52.9349190761905,46.6387110473016,6.29620802888888,172.7653995,146.1325923,26.6328072,3.44618922888889,2.54107711015873,0.905112118730159,15.5691682511111,14.0092240184127,1.55994423269841,3.81155535266667,3.09302212526667,0.7185332274,11.1126623828,9.79258342126667,1.32007896153333,209.666666666667,209.8,-0.133333333333354
B,4,1,6,whole_phase,FIXED_C2,primary_19,primary_24,33.6666666666667,39.6666666666667,-6,909,1071,-162,6.90216736518519,17.7205881381481,-10.818420772963,15.287824,115.40142665,-100.11360265,8.94828982703704,8.89815495777778,0.05013486925926,10.89196045,11.05132395,-0.1593635,30.2822254162963,40.9942946040741,-10.7120691877778,40.82988705,140.949282,-100.11939495,0.648613712222222,0.64231292037037,0.00630079185185195,13.7831545118518,13.7332385877778,0.0499159240740727,1.2431908648,3.57187274093333,-2.32868187613333,5.4540606642,7.79098740386667,-2.33692673966667,180.2,183.266666666667,-3.06666666666669
B,4,1,6,whole_phase,FIXED_C4,primary_19,primary_21,33.6666666666667,32.7407407407407,0.925925925925924,909,884,25,6.90216736518519,4.37134963037037,2.53081773481482,15.287824,15.2199348,0.0678891999999998,8.94828982703704,14.2285992733333,-5.2803094462963,10.89196045,18.58424455,-7.6922841,30.2822254162963,31.2894400859259,-1.00721466962963,40.82988705,39.01153615,1.8183509,0.648613712222222,0.610643878148148,0.0379698340740741,13.7831545118518,12.0788473040741,1.70430720777778,1.2431908648,0.786842933466667,0.456347931333333,5.4540606642,5.63293481053333,-0.178874146333333,180.2,180.066666666667,0.133333333333326
B,4,2,7,whole_phase,FIXED_C2,primary_19,primary_24,57.7142857142857,47.7460317460317,9.96825396825397,1818,1504,314,5.69664597714286,11.008580168254,-5.31193419111111,16.15576395,24.634805,-8.47904104999999,15.5479439028571,8.64730120666667,6.90064269619048,20.88516035,11.0263866,9.85877375,37.4918191177778,33.8152913136508,3.67652780412698,48.55539095,50.5827938999999,-2.02740294999995,1.05842229587302,0.721166633650794,0.337255662222222,15.1888069419048,13.4382433050794,1.7505636368254,1.1961349906,2.31172243566667,-1.11558744506667,7.87232727866667,7.10083738793333,0.771489890733333,209.866666666667,209.933333333333,-0.0666666666666629
B,4,2,7,whole_phase,FIXED_C4,primary_19,primary_21,57.7142857142857,46.2539682539683,11.4603174603175,1818,1457,361,5.69664597714286,5.71809662920635,-0.0214506520634927,16.15576395,15.6380705,0.517693449999998,15.5479439028571,15.1057135507936,0.442230352063493,20.88516035,19.2307361,1.65442425,37.4918191177778,34.9810018184127,2.51081729936508,48.55539095,45.77373705,2.7816539,1.05842229587302,0.906049136825397,0.152373159047619,15.1888069419048,13.2511425015873,1.93766444031746,1.1961349906,1.20080029213333,-0.00466530153333333,7.87232727866667,7.3449802534,0.527347025266667,209.866666666667,209.866666666667,0
B,4,3,6,whole_phase,FIXED_C2,primary_19,primary_24,33.5555555555556,32.037037037037,1.51851851851852,906,865,41,6.69570746296296,7.22595501555555,-0.530247552592591,15.16813685,15.7232887,-0.555151850000003,8.91751382259259,8.62728696962963,0.290226852962963,10.95594145,10.00473855,0.9512029,30.0283209592593,28.3352764451852,1.69304451407407,40.68812575,38.2636933,2.42443245,0.633385014074074,0.544940615185185,0.0884443988888888,13.7817146596296,11.9370938448148,1.84462081481481,1.20538800793333,1.30067241033333,-0.0952844024000001,5.40574636393333,5.10056441473333,0.3051819492,180.133333333333,180.066666666667,0.0666666666666629
B,4,3,6,whole_phase,FIXED_C4,primary_19,primary_21,33.5555555555556,33.1481481481482,0.407407407407405,906,895,11,6.69570746296296,4.49469078148148,2.20101668148148,15.16813685,15.31996445,-0.151827600000004,8.91751382259259,14.2964387755556,-5.37892495296296,10.95594145,18.7163926,-7.76045115,30.0283209592593,31.3622672203704,-1.33394626111111,40.68812575,38.9294045,1.75872125,0.633385014074074,0.594768138888889,0.0386168751851851,13.7817146596296,11.9763695244444,1.80534513518518,1.20538800793333,0.809044340666667,0.396343667266667,5.40574636393333,5.645604883,-0.239858519066667,180.133333333333,180.066666666667,0.0666666666666629
A,4,0,6,whole_phase,FIXED_C2,primary_23,primary_22,41.0740740740741,39.5185185185185,1.55555555555556,1109,1067,42,22.6159733725926,17.0672285792593,5.54874479333333,143.6120812,105.58293015,38.0291510500001,8.77054345518519,8.76328146666667,0.00726198851851834,10.6455387,10.4101339,0.2354048,47.9313213874074,41.4135264718519,6.51779491555556,208.82613685,149.7503257,59.07581115,3.5709742137037,2.83675918444444,0.734215029259259,12.9738303459259,12.7462572414815,0.227573104444444,4.07087520706667,3.07210114426667,0.9987740628,8.6270917474,7.4535270996,1.1735646478,179.866666666667,179.866666666667,0
A,4,0,6,whole_phase,FIXED_C4,primary_23,primary_20,41.0740740740741,38.4074074074074,2.66666666666667,1109,1037,72,22.6159733725926,11.5155835488889,11.1003898237037,143.6120812,68.6312849499999,74.98079625,8.77054345518519,14.5716592955556,-5.80111584037037,10.6455387,19.29323185,-8.64769314999999,47.9313213874074,42.7596676022222,5.17165378518519,208.82613685,137.94851185,70.8776250000004,3.5709742137037,3.77763864777778,-0.206664434074074,12.9738303459259,12.89478611,0.0790442359259238,4.07087520706667,2.0728050388,1.99807016826667,8.6270917474,7.6960739434,0.931017804,179.866666666667,179.866666666667,0
A,4,1,7,whole_phase,FIXED_C2,primary_23,primary_22,46,44.2539682539683,1.74603174603175,1449,1394,55,5.51672084476191,9.92726119174603,-4.41054034698412,15.28754185,22.51796005,-7.2304182,14.9957538320635,8.52617425015873,6.46957958190476,19.04216915,10.56578755,8.4763816,34.8430507847619,32.2266537425397,2.61639704222222,45.5024335,45.48161775,0.020815749999997,0.989512503809524,0.70512023968254,0.284392264126984,13.341063604127,13.0680980609524,0.272965543174605,1.1585113774,2.08437908246667,-0.925867705066667,7.3151163912,6.7670765286,0.5480398626,209.933333333333,209.933333333333,0
A,4,1,7,whole_phase,FIXED_C4,primary_23,primary_20,46,45.4920634920635,0.507936507936506,1449,1433,16,5.51672084476191,5.59842051365079,-0.0816996688888878,15.28754185,15.46266535,-0.175123500000002,14.9957538320635,15.1203530873016,-0.124599255238095,19.04216915,19.0823678,-0.0401986500000007,34.8430507847619,34.8384228339683,0.00462795079365463,45.5024335,45.68604305,-0.183609550000007,0.989512503809524,0.957467393968254,0.03204510984127,13.341063604127,13.1621818390476,0.178881765079366,1.1585113774,1.17566830786667,-0.0171569304666668,7.3151163912,7.31413991193333,0.000976479266666885,209.933333333333,209.933333333333,0
A,4,2,6,whole_phase,FIXED_C2,primary_23,primary_22,32.6666666666667,32.7777777777778,-0.111111111111114,882,885,-3,7.34291075592593,7.40226483333333,-0.0593540774074075,15.79855085,15.8629863,-0.0644354500000013,8.67554709925926,8.65478863666667,0.0207584625925943,9.99924365,10.1007614,-0.101517749999999,28.817848102963,28.8118588322222,0.00598927074074496,38.8323427,38.59079275,0.24154995,0.592326357037037,0.60604012,-0.0137137629629629,12.2070638907407,12.1487652422222,0.0582986485185177,1.32172393606667,1.3327534378,-0.0110295017333335,5.18930699813333,5.18727990006667,0.00202709806666679,180.066666666667,180.133333333333,-0.0666666666666629
A,4,2,6,whole_phase,FIXED_C4,primary_23,primary_20,32.6666666666667,33.3333333333333,-0.666666666666664,882,900,-18,7.34291075592593,4.39155413518518,2.95135662074074,15.79855085,15.1620757,0.636475149999999,8.67554709925926,14.2400586574074,-5.56451155814815,9.99924365,18.767418,-8.76817435,28.817848102963,31.3217328440741,-2.50388474111111,38.8323427,39.0187768,-0.1864341,0.592326357037037,0.639003671481481,-0.0466773144444443,12.2070638907407,12.05111638,0.15594751074074,1.32172393606667,0.790479744333333,0.531244191733333,5.18930699813333,5.6400262518,-0.450719253666667,180.066666666667,180.066666666667,0
A,4,3,7,whole_phase,FIXED_C2,primary_23,primary_22,45.2698412698413,42.8888888888889,2.38095238095239,1426,1351,75,5.52973721523809,9.57383543904762,-4.04409822380953,15.3395468,22.2017739,-6.86222709999999,15.0069327098413,8.47698377047619,6.52994893936508,19.034455,10.52658455,8.50787045,34.7664729749206,31.6842078780952,3.08226509682539,45.5307268,44.77244145,0.758285350000001,0.989762702222222,0.690723015555555,0.299039686666667,13.240040347619,12.9426656530159,0.297374694603175,1.1612448152,2.01014933546667,-0.848904520266667,7.30031536286667,6.65249043226667,0.647824930600001,209.933333333333,209.866666666667,0.0666666666666629
A,4,3,7,whole_phase,FIXED_C4,primary_23,primary_20,45.2698412698413,45.1428571428571,0.126984126984134,1426,1422,4,5.52973721523809,5.66250024031746,-0.132763025079366,15.3395468,15.39907075,-0.0595239500000009,15.0069327098413,15.13042054,-0.123487830158728,19.034455,19.23069515,-0.196240149999998,34.7664729749206,34.7216609746032,0.0448120003174566,45.5307268,45.6519771,-0.1212503,0.989762702222222,0.967266906349206,0.0224957958730159,13.240040347619,12.9614732879365,0.27856705968254,1.1612448152,1.18912505046667,-0.0278802352666667,7.30031536286667,7.289165978,0.0111493848666671,209.933333333333,209.933333333333,0
A,5,0,6,whole_phase,FIXED_C2,primary_26,primary_25,38.962962962963,40.7407407407407,-1.77777777777778,1052,1100,-48,17.1233460518519,18.8050482451852,-1.68170219333333,103.40866425,108.8599178,-5.45125354999998,8.74953186666667,8.77747941296296,-0.0279475462962964,10.2649736,10.67836115,-0.413387550000001,41.3284687614815,43.1773437344444,-1.84887497296296,151.17276955,154.7268975,-3.55412794999981,2.82226224222222,2.65645390037037,0.165808341851851,12.6333286007407,12.9383621759259,-0.305033575185188,3.08220228933333,3.38490868413333,-0.3027063948,7.43828474133333,7.7711170106,-0.332832269266667,179.866666666667,179.866666666667,0
A,5,0,6,whole_phase,FIXED_C4,primary_26,primary_29,38.962962962963,36.1851851851852,2.77777777777777,1052,977,75,17.1233460518519,7.84568621925926,9.27765983259259,103.40866425,26.5533552999999,76.85530895,8.74953186666667,14.4033005659259,-5.65376869925926,10.2649736,18.7293657,-8.4643921,41.3284687614815,36.885610812963,4.44285794851852,151.17276955,65.0224134999997,86.1503560500003,2.82226224222222,1.98259185296296,0.839670389259259,12.6333286007407,12.6540321748148,-0.0207035740740764,3.08220228933333,1.41222351946667,1.66997876986667,7.43828474133333,6.6389735274,0.799311213933334,179.866666666667,179.933333333333,-0.0666666666666629
A,5,1,7,whole_phase,FIXED_C2,primary_26,primary_25,45.4603174603175,43.8095238095238,1.65079365079365,1432,1380,52,5.49582631619048,9.69053832253968,-4.19471200634921,15.48031215,22.1070301,-6.62671795,15.0278719771429,8.56544457873016,6.4624273984127,19.1329821,10.7334344,8.3995477,34.6521095257143,32.1389054006349,2.51320412507937,45.59912885,45.60670625,-0.00757740000001661,0.977286179047619,0.702636384761905,0.274649794285714,13.1511250533333,13.1802861146032,-0.0291610612698392,1.1541235264,2.03468813066667,-0.880564604266667,7.276706791,6.74836040033333,0.528346390666666,209.933333333333,209.933333333333,0
A,5,1,7,whole_phase,FIXED_C4,primary_26,primary_29,45.4603174603175,45.7777777777778,-0.317460317460316,1432,1442,-10,5.49582631619048,5.4973678184127,-0.0015415022222216,15.48031215,15.12734715,0.352964999999999,15.0278719771429,15.039644275873,-0.0117722987301576,19.1329821,19.051476,0.0815061000000021,34.6521095257143,34.8476656279365,-0.19555610222222,45.59912885,45.3042718,0.294857049999976,0.977286179047619,0.942179922539683,0.0351062565079363,13.1511250533333,13.3684736111111,-0.217348557777775,1.1541235264,1.15444724186667,-0.000323715466666652,7.276706791,7.31695569986667,-0.0402489088666673,209.933333333333,209.866666666667,0.0666666666666629
A,5,2,6,whole_phase,FIXED_C2,primary_26,primary_25,32.4444444444444,32.2592592592593,0.185185185185183,876,871,5,7.41813785481482,7.21962018407407,0.198517670740742,16.0366231,15.67375765,0.362865450000001,8.69040657111111,8.63587181481482,0.0545347562962952,10.0710125,10.0485294,0.0224831000000005,28.7229806355556,28.5584828040741,0.16449783148148,38.72335895,38.39377245,0.329586499999998,0.596086532962963,0.591861663703704,0.00422486925925913,12.0183496766667,12.1111291414815,-0.0927794648148161,1.33526481386667,1.2998565502,0.0354082636666668,5.17066799193333,5.141855129,0.028812862933334,180.066666666667,180.133333333333,-0.0666666666666629
A,5,2,6,whole_phase,FIXED_C4,primary_26,primary_29,32.4444444444444,32.2222222222222,0.222222222222221,876,870,6,7.41813785481482,4.36620437,3.05193348481482,16.0366231,15.0326344,1.0039887,8.69040657111111,14.1891767262963,-5.49877015518518,10.0710125,18.4349395,-8.363927,28.7229806355556,31.2879810892593,-2.5650004537037,38.72335895,38.9497643,-0.22640535,0.596086532962963,0.643714433333333,-0.0476279003703703,12.0183496766667,12.0888855596296,-0.0705358829629628,1.33526481386667,0.7859167866,0.549348027266667,5.17066799193333,5.6326928516,-0.462024859666666,180.066666666667,180.066666666667,0
A,5,3,7,whole_phase,FIXED_C2,primary_26,primary_25,45.0793650793651,45.5555555555556,-0.476190476190474,1420,1435,-15,5.63270274190476,9.96749044444445,-4.33478770253968,15.54698545,22.44605265,-6.89906719999999,15.062615832381,8.64642335714286,6.41619247523809,19.12908975,11.2537319,7.87535785,34.7095657796825,32.923278071746,1.78628770793651,45.51275925,47.5440968,-2.03133755,0.951331012380952,0.746208662857143,0.20512234952381,13.0629161930159,13.5631556073016,-0.500239414285717,1.1828675758,2.09235036733333,-0.909482791533333,7.288851283,6.9115238194,0.377327463599999,209.933333333333,209.733333333333,0.200000000000017
A,5,3,7,whole_phase,FIXED_C4,primary_26,primary_29,45.0793650793651,45.7460317460317,-0.666666666666664,1420,1441,-21,5.63270274190476,5.55313205650794,0.0795706853968268,15.54698545,15.40087985,0.146105599999999,15.062615832381,15.0086128415873,0.0540029907936521,19.12908975,18.97703285,0.152056900000005,34.7095657796825,34.7263410530159,-0.0167752733333302,45.51275925,45.36874645,0.14401280000002,0.951331012380952,0.951625986984127,-0.000294974603174514,13.0629161930159,13.2129701679365,-0.150053974920638,1.1828675758,1.16611292613333,0.0167546496666666,7.288851283,7.29201738406667,-0.00316610106666726,209.933333333333,209.866666666667,0.0666666666666629
B,5,0,7,whole_phase,FIXED_C2,primary_28,primary_27,55.015873015873,100,-44.984126984127,1733,3150,-1417,19.8449475933333,300.685560972698,-280.840613379365,131.47840835,386.2678109,-254.78940255,15.3227156079365,9.2978677784127,6.02484782952381,19.68659135,12.70322885,6.98336249999999,53.2412486593651,330.586368099048,-277.345119439683,193.6381074,414.9090985,-221.2709911,3.73209969777778,5.84779532222222,-2.11569562444445,14.3414857603175,14.7551440257143,-0.413658265396826,4.1674389946,63.0951484497333,-58.9277094551333,11.1787312866,69.3631666722,-58.1844353856,209.8,208.666666666667,1.13333333333335
B,5,0,7,whole_phase,FIXED_C4,primary_28,primary_30,55.015873015873,57.6190476190476,-2.60317460317459,1733,1815,-82,19.8449475933333,34.7226240901587,-14.8776764968254,131.47840835,217.5594991,-86.0810907500001,15.3227156079365,15.4077465403175,-0.0850309323809562,19.68659135,19.53323885,0.153352499999997,53.2412486593651,71.5953620444444,-18.3541133850794,193.6381074,289.3792044,-95.741097,3.73209969777778,6.66639934761905,-2.93429964984127,14.3414857603175,14.7985920663492,-0.457106306031747,4.1674389946,7.29175105893333,-3.12431206433333,11.1787312866,15.0332088532,-3.8544775666,209.8,209.733333333333,0.0666666666666913
B,5,1,6,whole_phase,FIXED_C2,primary_28,primary_27,32.4074074074074,33.2962962962963,-0.888888888888893,875,899,-24,7.34634073592593,8.34902933518518,-1.00268859925926,15.9098122,16.37678335,-0.466971150000001,8.64507311777778,8.64074328444444,0.00432983333333326,10.09367715,10.08816005,0.00551710000000405,28.7700512907407,29.5521386203704,-0.782087329629629,38.72759285,39.157122,-0.42952915,0.571359217037037,0.556585208888889,0.0147740081481482,12.20727822,12.0057807918519,0.201497428148151,1.32234133246667,1.55164463486667,-0.2293033024,5.17977601493333,5.3787348762,-0.198958861266667,180.066666666667,181.2,-1.13333333333333
B,5,1,6,whole_phase,FIXED_C4,primary_28,primary_30,32.4074074074074,32.1481481481481,0.25925925925926,875,868,7,7.34634073592593,4.23153848888889,3.11480224703704,15.9098122,14.67752835,1.23228385,8.64507311777778,14.1486479462963,-5.50357482851852,10.09367715,18.4063272,-8.31265004999999,28.7700512907407,31.1583532096296,-2.38830191888889,38.72759285,38.8112367,-0.0836438499999943,0.571359217037037,0.584080724814815,-0.0127215077777778,12.20727822,12.1940860496296,0.0131921703703721,1.32234133246667,0.761676928,0.560664404466667,5.17977601493333,5.6097851498,-0.430009134866667,180.066666666667,180.133333333333,-0.0666666666666629
B,5,2,7,whole_phase,FIXED_C2,primary_28,primary_27,46.2539682539683,44.9206349206349,1.33333333333333,1457,1415,42,5.51253838634921,10.1507505552381,-4.63821216888889,15.36561755,23.09078215,-7.7251646,15.0224251761905,8.57240459428571,6.45002058190476,19.08192,10.64764805,8.43427195,35.0004423266667,32.5422377587302,2.45820456793651,45.8193087,46.29794265,-0.478633949999981,0.963918982857143,0.702914495555556,0.261004487301587,13.5015597812698,13.1161681136508,0.385391667619045,1.15735660333333,2.13134787333333,-0.97399127,7.34927115846667,6.83324163033333,0.516029528133333,209.866666666667,209.933333333333,-0.0666666666666629
B,5,2,7,whole_phase,FIXED_C4,primary_28,primary_30,46.2539682539683,46.031746031746,0.222222222222221,1457,1450,7,5.51253838634921,5.51210639619048,0.000431990158729967,15.36561755,15.1601121,0.205505449999997,15.0224251761905,15.0064123457143,0.0160128304761891,19.08192,18.9448166,0.137103400000004,35.0004423266667,34.8931627765079,0.107279550158729,45.8193087,45.44653345,0.372775250000004,0.963918982857143,1.00408320444444,-0.0401642215873017,13.5015597812698,13.3705608301587,0.13099895111111,1.15735660333333,1.1575423432,-0.000185739866666701,7.34927115846667,7.32667063153333,0.0226005269333331,209.866666666667,209.933333333333,-0.0666666666666629
B,5,3,6,whole_phase,FIXED_C2,primary_28,primary_27,32.6666666666667,32.3703703703704,0.296296296296291,882,874,8,7.34198720592593,7.39946551296296,-0.0574783070370382,15.78240275,15.9765701,-0.194167350000001,8.6418567462963,8.64064369222222,0.00121305407407313,9.95686215,9.93676545,0.0200966999999999,28.6299150140741,28.5887212848148,0.0411937292592519,38.4840694,38.4830126,0.00105680000001485,0.565483951481481,0.555582505185185,0.0099014462962963,12.0805871103704,11.9930295744444,0.0875575359259262,1.32103726466667,1.3322135356,-0.0111762709333334,5.15236672366667,5.14637055873333,0.00599616493333333,180,180.066666666667,-0.0666666666666629
B,5,3,6,whole_phase,FIXED_C4,primary_28,primary_30,32.6666666666667,32.8148148148148,-0.148148148148152,882,886,-4,7.34198720592593,4.31743022,3.02455698592593,15.78240275,15.02193885,0.760463900000003,8.6418567462963,14.1419710944444,-5.50011434814815,9.95686215,18.42053215,-8.46367,28.6299150140741,31.2123362,-2.58242118592593,38.4840694,38.9449237,-0.460854299999994,0.565483951481481,0.593786068888889,-0.0283021174074074,12.0805871103704,12.1591488166667,-0.0785617062962949,1.32103726466667,0.7771374396,0.543899825066667,5.15236672366667,5.61873633206667,-0.4663696084,180,180,0
A,1,0,6,startup,FIXED_C2,primary_03,primary_02,100,100,0,180,180,0,164.28755595,109.181462427778,55.1060935222222,225.4230272,147.58117805,77.84184915,10.4832905944444,10.2542514166667,0.229039177777778,14.8816815,14.74229205,0.139389449999987,257.924852922222,165.210581033333,92.7142718888889,350.6409709,243.51701915,107.12395175,60.3267727166667,25.6166358333333,34.7101368833333,22.8272336611111,20.1582313555556,2.66900230555555,26.777836541,18.86280237,7.915034171,43.291593713,28.773235512,14.518358201,144,160,-16
A,1,0,6,startup,FIXED_C4,primary_03,primary_06,100,100,0,180,180,0,164.28755595,91.27057605,73.0169799,225.4230272,150.173141,75.2498862,10.4832905944444,18.1016691055556,-7.61837851111111,14.8816815,25.4978134,-10.6161319,257.924852922222,170.683841222222,87.2410117,350.6409709,262.87625465,87.76471625,60.3267727166667,38.6198334055556,21.7069393111111,22.8272336611111,22.6917626611111,0.135471000000003,26.777836541,16.329634102,10.448202439,43.291593713,30.477763902,12.813829811,144,170,-26
A,1,0,6,phase_remainder,FIXED_C2,primary_03,primary_02,37.5,34.2857142857143,3.21428571428572,945,864,81,13.5298334448413,8.78608614047619,4.74374730436508,65.8518040999998,16.35481145,49.4969926499998,8.69079239365079,8.66336182738095,0.0274305662698424,10.09979865,10.10194295,-0.00214429999999588,34.8967459380952,30.0525740865079,4.8441718515873,89.5033597,39.2420519,50.2613078,0.5754089,0.565636246031746,0.009772653968254,12.1007111996032,12.037489872619,0.0632213269841255,2.6349359865,1.63791413864286,0.997021847857143,6.50464050592857,5.47768511342857,1.0269553925,182.428571428571,181.285714285714,1.14285714285714
A,1,0,6,phase_remainder,FIXED_C4,primary_03,primary_06,37.5,32.6587301587302,4.84126984126984,945,823,122,13.5298334448413,4.22997231111111,9.29986113373016,65.8518040999998,14.7388153,51.1129887999998,8.69079239365079,14.0786296869048,-5.38783729325397,10.09979865,18.60118705,-8.50138839999999,34.8967459380952,31.134016893254,3.76272904484127,89.5033597,39.0793804,50.4239793,0.5754089,0.591645165873016,-0.0162362658730159,12.1007111996032,12.2337697293651,-0.133058529761906,2.6349359865,0.768471415071429,1.86646457142857,6.50464050592857,5.62064174664286,0.883998759285714,182.428571428571,180.571428571429,1.85714285714283
A,1,1,7,transition,FIXED_C2,primary_03,primary_02,46.6666666666667,44.2857142857143,2.38095238095238,98,93,5,5.52255935238095,10.2847683238095,-4.76220897142857,14.90352895,22.54550055,-7.6419716,15.0388472761905,8.69690337142857,6.34194390476191,19.4309019,11.2159495,8.2149524,34.8396999571429,32.6512358571429,2.1884641,45.26977185,47.7326266,-2.46285475000001,0.916096423809524,0.771950276190476,0.144146147619048,13.3621969047619,12.8976138857143,0.464583019047618,1.159737464,2.151602893,-0.991865429,7.290970493,6.828863524,0.462106969,208,209,-1
A,1,1,7,transition,FIXED_C4,primary_03,primary_06,46.6666666666667,46.1904761904762,0.476190476190474,98,97,1,5.52255935238095,5.17790725238095,0.344652099999998,14.90352895,14.64934125,0.254187699999999,15.0388472761905,14.8145593761905,0.224287900000002,19.4309019,18.95788995,0.473011949999993,34.8396999571429,34.5070803333333,0.332619623809521,45.26977185,44.9207961,0.348975750000001,0.916096423809524,1.03999104285714,-0.123894619047619,13.3621969047619,13.4746226619048,-0.112425757142857,1.159737464,1.087360523,0.0723769409999999,7.290970493,7.244479906,0.0464905870000001,208,209,-1
A,1,1,7,phase_remainder,FIXED_C2,primary_03,primary_02,45.1700680272109,45.0680272108844,0.102040816326536,1328,1325,3,5.49811700408163,10.2359062129252,-4.73778920884354,15.2631799,22.92813335,-7.66495345,15.0001766741497,8.5788305085034,6.42134616564626,18.98524705,10.70626535,8.2789817,34.7347624642857,32.5206875901361,2.21407487414966,45.3469239,46.47425665,-1.12733274999998,0.979673760204082,0.735420702380952,0.244253057823129,13.2567950258503,12.9705301663265,0.286264859523811,1.15460457085714,2.14988457228571,-0.995280001428572,7.2947045245,6.83078649714286,0.463918027357143,210.071428571429,210,0.0714285714285836
A,1,1,7,phase_remainder,FIXED_C4,primary_03,primary_06,45.1700680272109,45.6462585034014,-0.476190476190474,1328,1342,-14,5.49811700408163,5.47899699557823,0.0191200085034016,15.2631799,15.29963595,-0.0364560500000035,15.0001766741497,14.9415224268707,0.0586542472789091,18.98524705,19.07289065,-0.0876436000000034,34.7347624642857,34.674008187415,0.0607542768707461,45.3469239,45.59505885,-0.248134949999994,0.979673760204082,0.942851595578231,0.0368221646258502,13.2567950258503,13.3106371693878,-0.0538421435374126,1.15460457085714,1.150558941,0.00404562985714296,7.2947045245,7.28083145328571,0.0138730712142863,210.071428571429,209.857142857143,0.214285714285722
A,1,2,6,transition,FIXED_C2,primary_03,primary_02,32.7777777777778,30.5555555555556,2.22222222222222,59,55,4,7.42681096666667,7.41563612777778,0.0111748388888877,15.9927876,15.709771,0.2830166,8.61536041666667,8.68661007777778,-0.0712496611111106,9.82094115,9.90158595,-0.0806448000000017,28.6042995555556,28.0240458722222,0.580253683333332,38.35121715,37.71688025,0.634336900000001,0.552147872222222,0.57268005,-0.0205321777777778,12.0099803,11.3491196166667,0.660860683333336,1.336825974,1.338193212,-0.00136723800000005,5.170017492,5.053466373,0.116551119,181,181,0
A,1,2,6,transition,FIXED_C4,primary_03,primary_06,32.7777777777778,32.2222222222222,0.555555555555557,59,58,1,7.42681096666667,4.07846627222222,3.34834469444444,15.9927876,14.57228265,1.42050495,8.61536041666667,14.09194035,-5.47657993333333,9.82094115,18.32306205,-8.5021209,28.6042995555556,30.8323529555556,-2.22805339999999,38.35121715,38.4506241,-0.0994069500000023,0.552147872222222,0.575123444444445,-0.0229755722222224,12.0099803,12.0868228888889,-0.0768425888888888,1.336825974,0.734549922,0.602276052,5.170017492,5.567665918,-0.397648426,181,183,-2
A,1,2,6,phase_remainder,FIXED_C2,primary_03,primary_02,32.7380952380952,31.6269841269841,1.11111111111111,825,797,28,7.50075557063492,7.30168181746032,0.199073753174603,16.00383935,15.8556779,0.14816145,8.69650486349206,8.61554240634921,0.0809624571428564,9.97996845,9.9396065,0.0403619499999976,28.7917933353175,28.5352924210317,0.256500914285716,38.78446705,38.5980617,0.186405349999994,0.622488782936508,0.613622038888889,0.00886674404761911,11.972044118254,12.0044461583333,-0.0324020400793668,1.35013600271429,1.31430272714286,0.0358332755714286,5.18242527792857,5.13630551021429,0.0461197677142851,180,180,0
A,1,2,6,phase_remainder,FIXED_C4,primary_03,primary_06,32.7380952380952,32.3015873015873,0.436507936507937,825,814,11,7.50075557063492,4.17271737301587,3.32803819761905,16.00383935,14.55116335,1.452676,8.69650486349206,14.109686456746,-5.41318159325397,9.97996845,18.41995365,-8.4399852,28.7917933353175,31.0053252503968,-2.21353191507936,38.78446705,38.7615898,0.0228772500000005,0.622488782936508,0.604748368650794,0.0177404142857144,11.972044118254,12.1181730519841,-0.146128933730159,1.35013600271429,0.751089127142857,0.599046875571429,5.18242527792857,5.58029697814286,-0.397871700214286,180,180,0
A,1,3,7,transition,FIXED_C2,primary_03,primary_02,43.3333333333333,41.9047619047619,1.42857142857143,91,88,3,5.64277427142857,9.39651397142857,-3.7537397,15.21842275,21.9330681,-6.71464535,14.8688292904762,8.46752486666667,6.40130442380952,18.35795155,10.83252815,7.5254234,34.4050223238095,31.8291126428571,2.57590968095238,45.3089089,45.88148135,-0.57257245000001,0.823068128571429,0.766910257142857,0.0561578714285714,13.0703506333333,13.198163547619,-0.127812914285713,1.184982597,1.969491749,-0.784509152,7.202676452,6.670617054,0.532059398,209,209,0
A,1,3,7,transition,FIXED_C4,primary_03,primary_06,43.3333333333333,44.2857142857143,-0.952380952380949,91,93,-2,5.64277427142857,5.25436522857143,0.388409042857144,15.21842275,14.2473917,0.971031050000002,14.8688292904762,14.6238774571429,0.244951833333333,18.35795155,18.23715895,0.120792600000001,34.4050223238095,33.9675989333333,0.437423390476191,45.3089089,43.8722577,1.43665119999999,0.823068128571429,0.980821728571428,-0.1577536,13.0703506333333,13.1085345190476,-0.0381838857142878,1.184982597,1.103416698,0.0815658990000001,7.202676452,7.123326793,0.079349659,209,209,0
A,1,3,7,phase_remainder,FIXED_C2,primary_03,primary_02,45.5102040816327,42.8571428571429,2.6530612244898,1338,1260,78,5.66472362142857,9.7519556085034,-4.08723198707483,15.4634622,22.4742358,-7.0107736,15.0765672989796,8.52136268945578,6.55520460952381,18.9268608,10.46952845,8.45733235,34.8965960153061,31.6785149030612,3.2180811122449,45.4510283,44.6730961,0.777932199999995,1.01753941666667,0.714067228231292,0.303472188435374,13.1377656782313,12.6911293768707,0.446636301360542,1.189146666,2.04762498264286,-0.858478316642857,7.32685538064286,6.65214334628571,0.674712034357142,209.785714285714,210,-0.214285714285722
A,1,3,7,phase_remainder,FIXED_C4,primary_03,primary_06,45.5102040816327,45.2721088435374,0.238095238095241,1338,1331,7,5.66472362142857,5.42565886530612,0.239064756122449,15.4634622,15.11295235,0.350509850000002,15.0765672989796,14.9076028431973,0.16896445578231,18.9268608,19.0556232,-0.128762399999999,34.8965960153061,34.520698007483,0.375898007823125,45.4510283,45.14655735,0.304470950000002,1.01753941666667,0.95636735170068,0.0611720649659864,13.1377656782313,13.2310689472789,-0.0933032690476203,1.189146666,1.13938836171429,0.0497583042857144,7.32685538064286,7.24893703257143,0.0779183480714281,209.785714285714,210,-0.214285714285722
B,1,0,7,startup,FIXED_C2,primary_05,primary_04,100,100,0,210,210,0,141.436331628571,217.151634157143,-75.7153025285714,189.5943471,275.230014,-85.6356669,18.0107316571429,10.2020316,7.80870005714285,25.0622391,13.78936535,11.27287375,215.482239890476,287.453860514286,-71.9716206238096,270.49359525,324.49465305,-54.0010578000001,33.7152394666667,37.9437079095238,-4.22846844285714,22.3199371380952,22.156486847619,0.163450290476192,27.51125009,38.624752061,-11.113501971,42.492776908,52.880575283,-10.387798375,175,154,21
B,1,0,7,startup,FIXED_C4,primary_05,primary_01,100,100,0,210,210,0,141.436331628571,157.89622482381,-16.4598931952381,189.5943471,201.5818,-11.9874529,18.0107316571429,17.8377953333333,0.17293632380952,25.0622391,21.8349823,3.2272568,215.482239890476,252.980311361905,-37.4980714714286,270.49359525,311.04786485,-40.5542696000001,33.7152394666667,51.8760953047619,-18.1608558380952,22.3199371380952,25.3701959,-3.05025876190476,27.51125009,29.898702492,-2.387452402,42.492776908,49.173017978,-6.68024106999999,175,167,8
B,1,0,7,phase_remainder,FIXED_C2,primary_05,primary_04,51.156462585034,80.1360544217687,-28.9795918367347,1504,2356,-852,11.9174432870748,95.1317894581633,-83.2143461710884,68.7521844499997,246.42338205,-177.6711976,15.175866294898,8.96394509591837,6.21192119897959,19.329633,11.67536225,7.65427075,41.642790129932,118.197881534694,-76.5550914047619,102.951825549999,270.6438702,-167.69204465,0.979116042176871,0.733671168027211,0.24544487414966,13.5703645057823,13.368475812585,0.201888693197279,2.65911877257143,20.4757591989286,-17.8166404263571,8.94034430307143,25.3549299240714,-16.414585621,212.285714285714,213.785714285714,-1.5
B,1,0,7,phase_remainder,FIXED_C4,primary_05,primary_01,51.156462585034,50.2380952380952,0.918367346938773,1504,1477,27,11.9174432870748,14.0693249,-2.15188161292517,68.7521844499997,88.0903840499998,-19.3381996000001,15.175866294898,14.9963076034014,0.179558691496595,19.329633,19.01582965,0.313803350000001,41.642790129932,43.4196346323129,-1.77684450238095,102.951825549999,122.75053525,-19.7987097000006,0.979116042176871,0.984099543877551,-0.00498350170068018,13.5703645057823,13.369902585034,0.200461920748298,2.65911877257143,3.18737999478571,-0.528261222214286,8.94034430307143,9.3988276115,-0.458483308428571,212.285714285714,212.857142857143,-0.571428571428584
B,1,1,6,transition,FIXED_C2,primary_05,primary_04,32.2222222222222,32.2222222222222,0,58,58,0,7.52662658333333,7.47360865,0.0530179333333329,15.9919852,16.0622141,-0.0702289,8.59293318888889,8.57411138333333,0.0188218055555556,9.87046415,10.1109433,-0.240479149999997,28.8728632722222,28.51910155,0.353761722222227,38.5455357,38.21374865,0.331787049999996,0.552124922222222,0.533304272222222,0.01882065,12.2011785777778,11.9380772444444,0.263101333333331,1.354792785,1.349172891,0.00561989400000007,5.213518823,5.142316432,0.0712023909999999,181,181,0
B,1,1,6,transition,FIXED_C4,primary_05,primary_01,32.2222222222222,36.6666666666667,-4.44444444444444,58,66,-8,7.52662658333333,4.49022502777778,3.03640155555556,15.9919852,16.2964449,-0.304459699999995,8.59293318888889,14.5259583055556,-5.93302511666667,9.87046415,19.950848,-10.08038385,28.8728632722222,32.0972788666667,-3.22441559444444,38.5455357,40.41847095,-1.87293524999999,0.552124922222222,0.672616588888889,-0.120491666666667,12.2011785777778,12.4084789444444,-0.207300366666667,1.354792785,0.808240505,0.54655228,5.213518823,5.796609882,-0.583091059,181,182,-1
B,1,1,6,phase_remainder,FIXED_C2,primary_05,primary_04,32.2619047619048,32.4603174603175,-0.198412698412696,813,818,-5,7.30081442301587,7.38954492936508,-0.088730506349207,15.74525625,15.95176395,-0.2065077,8.6178234718254,8.65482975793651,-0.0370062861111116,10.0311587,10.0111413,0.0200174000000004,28.6317420773809,28.6587398694444,-0.0269977920634936,38.5482262,38.5482695,-4.33000000015227e-05,0.589627781746032,0.569786662698413,0.0198411190476191,12.1234764007937,12.0445785194444,0.0788978813492047,1.31414659614286,1.33011808728571,-0.0159714911428572,5.15369484771429,5.15855542021429,-0.00486057249999927,180,180,0
B,1,1,6,phase_remainder,FIXED_C4,primary_05,primary_01,32.2619047619048,32.5,-0.238095238095234,813,819,-6,7.30081442301587,4.22162820833333,3.07918621468254,15.74525625,14.73492255,1.0103337,8.6178234718254,14.0965105805556,-5.47868710873016,10.0311587,18.50482965,-8.47367095,28.6317420773809,31.0495528563492,-2.41781077896826,38.5482262,38.67376485,-0.125538650000003,0.589627781746032,0.575194292063492,0.0144334896825398,12.1234764007937,12.1562197753968,-0.0327433746031751,1.31414659614286,0.7598930775,0.554253518642857,5.15369484771429,5.58867099607143,-0.434976148357142,180,179.928571428571,0.0714285714285836
B,1,2,7,transition,FIXED_C2,primary_05,primary_04,43.8095238095238,41.9047619047619,1.90476190476191,92,88,4,5.3778007,9.5017781,-4.1239774,14.37976215,22.40929645,-8.0295343,14.7561694047619,8.48718666666667,6.26898273809524,18.4787467,10.35608855,8.12265815,34.0884787809524,31.5655446047619,2.52293417619048,44.49986235,44.22366495,0.276197399999994,0.948931514285714,0.715671138095238,0.233260376190476,13.0055771619048,12.8609087,0.144668461904763,1.129338147,1.9922231,-0.862884953,7.131068175,6.617069828,0.513998347,209,209,0
B,1,2,7,transition,FIXED_C4,primary_05,primary_01,43.8095238095238,48.5714285714286,-4.76190476190476,92,102,-10,5.3778007,5.37173468571429,0.00606601428571363,14.37976215,15.5816905,-1.20192834999999,14.7561694047619,14.9763166666667,-0.220147261904762,18.4787467,19.71230055,-1.23355385,34.0884787809524,34.924982552381,-0.836503771428568,44.49986235,45.71953155,-1.21966920000001,0.948931514285714,1.06422202857143,-0.115290514285714,13.0055771619048,13.5127091714286,-0.507132009523811,1.129338147,1.126215866,0.003122281,7.131068175,7.299793819,-0.168725643999999,209,207,2
B,1,2,7,phase_remainder,FIXED_C2,primary_05,primary_04,45.6462585034014,44.1836734693878,1.46258503401361,1342,1299,43,5.46202827346939,9.93622343809524,-4.47419516462585,15.23460505,22.773762,-7.53915695,14.9635061306122,8.52643604557823,6.43707008503402,18.86251395,10.52927895,8.333235,34.7396399561225,32.2065966639456,2.53304329217687,45.3585422,45.5304575,-0.171915299999988,0.932793787755102,0.733841305102041,0.198952482653061,13.3813117642857,13.0100958751701,0.371215889115646,1.14702593742857,2.08656882771429,-0.939542890285714,7.29672999142857,6.7635730715,0.533156919928572,210,210,0
B,1,2,7,phase_remainder,FIXED_C4,primary_05,primary_01,45.6462585034014,45.2721088435374,0.374149659863946,1342,1331,11,5.46202827346939,5.42736520510204,0.0346630683673466,15.23460505,15.0221272,0.212477850000006,14.9635061306122,14.9049843761905,0.0585217544217702,18.86251395,18.7927083,0.0698056500000028,34.7396399561225,34.5294738462585,0.210166109863948,45.3585422,45.4831304,-0.124588199999991,0.932793787755102,0.919715670068027,0.0130781176870747,13.3813117642857,13.277408594898,0.103903169387754,1.14702593742857,1.13987872292857,0.0071472145,7.29672999142857,7.25085039971429,0.0458795917142858,210,210.071428571429,-0.0714285714285836
B,1,3,6,transition,FIXED_C2,primary_05,primary_04,33.3333333333333,33.3333333333333,0,60,60,0,7.35657802222222,7.53899603333333,-0.182418011111109,15.7431853,16.0469305,-0.303745199999996,8.69565335,8.67419913333333,0.0214542166666671,9.78253615,9.808995,-0.0264588499999991,28.6965669111111,28.79487495,-0.0983080388888879,38.5922746,38.67916955,-0.0868949499999943,0.579864483333333,0.547903711111111,0.0319607722222222,12.0644710555556,12.0337760722222,0.030694983333337,1.324184044,1.360702907,-0.0365188630000002,5.172703832,5.190286579,-0.0175827470000005,181,181,0
B,1,3,6,transition,FIXED_C4,primary_05,primary_01,33.3333333333333,32.7777777777778,0.55555555555555,60,59,1,7.35657802222222,4.22586444444444,3.13071357777778,15.7431853,15.0303658,0.712819500000002,8.69565335,14.2055251555556,-5.50987180555556,9.78253615,18.3115903,-8.52905415,28.6965669111111,30.9781167888889,-2.28154987777778,38.5922746,38.5884479,0.00382670000000473,0.579864483333333,0.549942344444444,0.0299221388888888,12.0644710555556,11.9967848444444,0.0676862111111127,1.324184044,0.7606556,0.563528444,5.172703832,5.609228141,-0.436524309,181,182,-1
B,1,3,6,phase_remainder,FIXED_C2,primary_05,primary_04,32.2222222222222,32.3809523809524,-0.158730158730158,812,816,-4,7.34742911984127,7.39752825079365,-0.0500991309523817,15.80886975,15.9722372,-0.163367449999999,8.62568646071429,8.64423657420635,-0.0185501134920631,9.9292435,9.8659386,0.0633049000000003,28.5846750952381,28.4854252023809,0.0992498928571486,38.44023235,38.209868,0.230364350000002,0.541892511111111,0.576573675,-0.0346811638888891,12.0696670035714,11.867086702381,0.202580301190476,1.32253724157143,1.33155508514286,-0.00901784357142876,5.14528209521429,5.12795952642857,0.0173225687857146,180,180,0
B,1,3,6,phase_remainder,FIXED_C4,primary_05,primary_01,32.2222222222222,31.5079365079365,0.714285714285715,812,794,18,7.34742911984127,4.17033150198413,3.17709761785714,15.80886975,14.6046983,1.20417145000001,8.62568646071429,14.0593344888889,-5.4336480281746,9.9292435,18.3956977,-8.4664542,28.5846750952381,30.8804495392857,-2.29577444404762,38.44023235,38.7384522,-0.298219849999995,0.541892511111111,0.554762976984127,-0.012870465873016,12.0696670035714,12.0960205714286,-0.0263535678571429,1.32253724157143,0.750659670357143,0.571877571214286,5.14528209521429,5.55857127328571,-0.413289178071429,180,180,0
B,2,0,7,startup,FIXED_C2,primary_08,primary_07,100,100,0,210,210,0,159.983491747619,252.905637128571,-92.9221453809524,207.8562293,353.78515235,-145.92892305,18.0869336857143,10.496166447619,7.59076723809524,22.22240345,15.9775801,6.24482335,287.643608028571,352.709328671429,-65.0657206428572,340.85202385,395.100265,-54.24824115,79.7656318952381,64.9174118571429,14.8482200380952,29.8075507,24.3901132380952,5.41743746190476,28.500175659,40.663697838,-12.163522179,54.43888181,60.934780225,-6.495898415,158,137,21
B,2,0,7,startup,FIXED_C4,primary_08,primary_10,100,100,0,210,210,0,159.983491747619,114.4660875,45.517404247619,207.8562293,157.77255335,50.08367595,18.0869336857143,18.0723010285714,0.0146326571428546,22.22240345,23.61191135,-1.38950789999999,287.643608028571,187.506781,100.136827028571,340.85202385,255.3721836,85.47984025,79.7656318952381,32.4870478428571,47.278584052381,29.8075507,22.4813446285714,7.32620607142857,28.500175659,22.716112429,5.78406323,54.43888181,37.593882005,16.844999805,158,181,-23
B,2,0,7,phase_remainder,FIXED_C2,primary_08,primary_07,53.9115646258503,100,-46.0884353741497,1585,2940,-1355,20.1688990908163,320.725140113946,-300.556241023129,137.63914845,344.2873173,-206.64816885,15.2139798853741,9.34365006632653,5.87032981904762,19.33301855,12.6751137,6.65790485,50.1348469942177,344.785522342177,-294.650675347959,173.90186325,371.2845739,-197.38271065,1.00143297517007,0.752311065646259,0.24912190952381,13.7505350428571,13.9644210962585,-0.21388605340136,4.5994943525,67.7544812645,-63.154986912,10.9527422493571,72.8212410043571,-61.868498755,213.5,211.142857142857,2.35714285714286
B,2,0,7,phase_remainder,FIXED_C4,primary_08,primary_10,53.9115646258503,49.1836734693878,4.72789115646258,1585,1446,139,20.1688990908163,9.31831624081633,10.85058285,137.63914845,41.8422437499997,95.7969047000001,15.2139798853741,15.0131475670068,0.200832318367347,19.33301855,19.0869823,0.246036249999996,50.1348469942177,38.9249149656463,11.2099320285714,173.90186325,78.09190705,95.8099562,1.00143297517007,0.914083669727891,0.0873493054421769,13.7505350428571,13.6793674880952,0.0711675547619048,4.5994943525,2.05125826385714,2.54823608864286,10.9527422493571,8.29889894392857,2.65384330542857,213.5,211.857142857143,1.64285714285714
B,2,1,6,transition,FIXED_C2,primary_08,primary_07,32.7777777777778,100,-67.2222222222222,59,180,-121,7.33646216666667,136.3895483,-129.053086133333,15.9372165,235.45423385,-219.51701735,8.5830081,8.58894301111111,-0.00593491111111177,10.11668645,10.35111725,-0.234430799999998,28.8578669333333,157.445056755556,-128.587189822222,38.4529515,257.87505,-219.4220985,0.528232366666667,0.598736427777778,-0.0705040611111112,12.4101643,11.8678290166667,0.542335283333333,1.32056319,31.302783238,-29.982220048,5.208466497,35.527706726,-30.319240229,181,230,-49
B,2,1,6,transition,FIXED_C4,primary_08,primary_10,32.7777777777778,33.3333333333333,-0.55555555555555,59,60,-1,7.33646216666667,4.36299086111111,2.97347130555556,15.9372165,14.81267925,1.12453725,8.5830081,14.2072237777778,-5.62421567777778,10.11668645,18.2537481,-8.13706165,28.8578669333333,30.9695247055556,-2.11165777222222,38.4529515,38.03371155,0.419239949999998,0.528232366666667,0.654334983333333,-0.126102616666667,12.4101643,11.7449750833333,0.665189216666668,1.32056319,0.785338355,0.535224835,5.208466497,5.603389698,-0.394923201,181,181,0
B,2,1,6,phase_remainder,FIXED_C2,primary_08,primary_07,32.6984126984127,32.6190476190476,0.0793650793650755,824,822,2,7.34098885912698,7.44659219007936,-0.105603330952381,15.78879515,15.98293155,-0.194136399999998,8.67450706349206,8.6359299031746,0.0385771603174607,10.09113435,10.01866955,0.0724647999999988,28.6985437595238,28.7104431535714,-0.0118993940476173,38.53933785,38.53724575,0.0020920999999916,0.568166077380952,0.557998345634921,0.0101677317460317,12.1148817595238,12.0699227146825,0.0449590448412689,1.32137799464286,1.34488628328571,-0.023508288642857,5.16528733785714,5.17566063764286,-0.0103732997857149,180,180.357142857143,-0.357142857142861
B,2,1,6,phase_remainder,FIXED_C4,primary_08,primary_10,32.6984126984127,32.9365079365079,-0.238095238095241,824,830,-6,7.34098885912698,4.25566738373016,3.08532147539682,15.78879515,15.04782835,0.740966800000008,8.67450706349206,14.1485302321429,-5.47402316865079,10.09113435,18.60231475,-8.5111804,28.6985437595238,31.1625849904762,-2.46404123095238,38.53933785,38.87755245,-0.338214600000008,0.568166077380952,0.58450828015873,-0.0163422027777779,12.1148817595238,12.1738790944444,-0.0589973349206367,1.32137799464286,0.766020129071429,0.555357865571429,5.16528733785714,5.60959486307143,-0.444307525214287,180,180,0
B,2,2,7,transition,FIXED_C2,primary_08,primary_07,47.1428571428571,42.3809523809524,4.76190476190476,99,89,10,5.65976335238095,9.54542078571428,-3.88565743333333,16.8832708,22.32006725,-5.43679645,14.9656445333333,8.46065045238095,6.50499408095238,19.9151051,10.35761095,9.55749415,35.0524899190476,31.3609659333333,3.69152398571428,45.9203967,44.19789375,1.72250294999999,0.897046576190476,0.633964638095238,0.263081938095238,13.5300354571429,12.7209300571429,0.809105400000002,1.188550304,1.999583962,-0.811033658,7.354757397,6.574035537,0.78072186,209,209,0
B,2,2,7,transition,FIXED_C4,primary_08,primary_10,47.1428571428571,44.2857142857143,2.85714285714285,99,93,6,5.65976335238095,5.35779133333333,0.30197201904762,16.8832708,14.78252445,2.10074635,14.9656445333333,14.9609448571429,0.00469967619047473,19.9151051,18.263584,1.6515211,35.0524899190476,34.1656994952381,0.886790423809522,45.9203967,45.16139355,0.759003150000005,0.897046576190476,0.733143195238095,0.163903380952381,13.5300354571429,13.1138201095238,0.416215347619048,1.188550304,1.12513618,0.0634141240000001,7.354757397,7.144159997,0.2105974,209,209,0
B,2,2,7,phase_remainder,FIXED_C2,primary_08,primary_07,46.9047619047619,44.7278911564626,2.17687074829932,1379,1315,64,5.65122552755102,10.186327564966,-4.53510203741497,15.48519415,23.03270405,-7.54750989999999,15.1051030653061,8.57370065510204,6.53140241020408,19.26022675,10.72449965,8.53572709999999,35.0713061986395,32.464722392517,2.60658380612245,45.97516795,46.3596789,-0.384510949999985,1.0020734792517,0.73183359829932,0.270239880952381,13.3129041265306,12.9728605741497,0.340043552380951,1.18675736078571,2.13909290407143,-0.952335543285714,7.36514099392857,6.81760570221429,0.547535291714286,210,210,0
B,2,2,7,phase_remainder,FIXED_C4,primary_08,primary_10,46.9047619047619,45.3741496598639,1.53061224489796,1379,1334,45,5.65122552755102,5.36050900816327,0.290716519387755,15.48519415,15.1233539,0.361840250000002,15.1051030653061,14.8605029091837,0.244600156122448,19.26022675,18.8732221,0.387004649999991,35.0713061986395,34.4598694445578,0.61143675408163,45.97516795,45.37602735,0.599140600000005,1.0020734792517,0.932040775510204,0.0700327037414966,13.3129041265306,13.3068167517007,0.00608737482993327,1.18675736078571,1.12570689171429,0.0610504690714286,7.36514099392857,7.23734377864286,0.127797215285715,210,210,0
B,2,3,6,transition,FIXED_C2,primary_08,primary_07,32.2222222222222,33.3333333333333,-1.11111111111111,58,60,-2,7.35461417777778,7.50116658333333,-0.146552405555556,15.71469375,16.0912152,-0.376521450000002,8.59800135,8.63337543333333,-0.0353740833333323,9.74773445,9.9680115,-0.22027705,28.52659875,28.7132895055556,-0.18669075555556,38.11253865,38.59733355,-0.484794900000004,0.551826561111111,0.660786938888889,-0.108960377777778,12.0221566611111,11.91796055,0.104196111111108,1.323830552,1.355666772,-0.03183622,5.148873821,5.184117553,-0.0352437320000005,181,181,0
B,2,3,6,transition,FIXED_C4,primary_08,primary_10,32.2222222222222,32.7777777777778,-0.555555555555557,58,59,-1,7.35461417777778,4.16044338888889,3.19417078888889,15.71469375,14.3242911,1.39040265,8.59800135,13.9685379277778,-5.37053657777778,9.74773445,18.16645735,-8.4187229,28.52659875,30.7410140055556,-2.21441525555555,38.11253865,38.5118405,-0.399301850000001,0.551826561111111,0.49732685,0.0544997111111111,12.0221566611111,12.1147058388889,-0.09254917777778,1.323830552,0.74887981,0.574950742,5.148873821,5.546582094,-0.397708273,181,181,0
B,2,3,6,phase_remainder,FIXED_C2,primary_08,primary_07,32.0238095238095,32.3809523809524,-0.357142857142861,807,816,-9,7.30807110119048,7.35966278095238,-0.0515916797619047,15.7741618,15.9268415,-0.152679700000002,8.63478561984127,8.65871703174603,-0.023931411904762,10.01410915,10.00877095,0.00533820000000063,28.5499326365079,28.5193386365079,0.0305940000000007,38.46815485,38.3671345,0.101020349999992,0.57152838531746,0.567006963492063,0.00452142182539683,12.0355475301587,11.9339518603175,0.10159566984127,1.31545279821429,1.32473930057143,-0.0092865023571429,5.13831924835714,5.13312825271429,0.00519099564285685,180,180,0
B,2,3,6,phase_remainder,FIXED_C4,primary_08,primary_10,32.0238095238095,32.2222222222222,-0.198412698412703,807,812,-5,7.30807110119048,4.20913809563492,3.09893300555556,15.7741618,14.84764955,0.92651225,8.63478561984127,14.0681295019841,-5.43334388214286,10.01410915,18.3431858,-8.32907665,28.5499326365079,30.9873833380952,-2.43745070158731,38.46815485,38.743857,-0.275702150000001,0.57152838531746,0.575336428571429,-0.00380804325396822,12.0355475301587,12.1347793119048,-0.0992317817460311,1.31545279821429,0.757644857214286,0.557807941,5.13831924835714,5.57807927985714,-0.4397600315,180,180.071428571429,-0.0714285714285836
A,2,0,6,startup,FIXED_C2,primary_12,primary_11,100,100,0,180,180,0,158.999697494444,128.097379516667,30.9023179777778,227.2411804,183.51971595,43.72146445,9.80798786666667,9.93533113888889,-0.12734327222222,14.13630765,13.93721875,0.199088900000001,246.768500861111,189.8956409,56.8728599611111,316.30780675,264.60829755,51.6995092,55.5849477166667,31.4486523333333,24.1362953833333,22.3758677833333,20.4142779111111,1.96158987222222,26.218269305,22.038665599,4.179603706,41.720603867,32.960325687,8.76027818,145,159,-14
A,2,0,6,startup,FIXED_C4,primary_12,primary_09,100,100,0,180,180,0,158.999697494444,62.3650983166667,96.6345991777778,227.2411804,98.71190955,128.52927085,9.80798786666667,17.8762642555556,-8.06827638888889,14.13630765,22.05465185,-7.9183442,246.768500861111,149.938145155556,96.8303557055556,316.30780675,254.6992353,61.60857145,55.5849477166667,42.9834520555556,12.6014956611111,22.3758677833333,26.7133305277778,-4.33746274444444,26.218269305,11.220675689,14.997593616,41.720603867,26.923768478,14.796835389,145,173,-28
A,2,0,6,phase_remainder,FIXED_C2,primary_12,primary_11,37.7380952380952,34.7619047619048,2.97619047619048,951,876,75,13.6991632234127,9.26545753690476,4.43370568650794,71.2534072999997,17.0311765,54.2222307999997,8.72472821071428,8.66011873650794,0.0646094742063461,10.3297873,10.20658965,0.123197649999996,35.1538661230159,30.5583781761905,4.5954879468254,94.45388215,39.4300359,55.02384625,0.584799176587302,0.582036770634921,0.00276240595238109,12.1451755123016,12.0507651321429,0.094410380158731,2.63739768335714,1.74055826478571,0.896839418571429,6.51968642742857,5.58704460014286,0.932641827285715,182.357142857143,181.357142857143,1
A,2,0,6,phase_remainder,FIXED_C4,primary_12,primary_09,37.7380952380952,32.5793650793651,5.15873015873016,951,821,130,13.6991632234127,4.37600423888889,9.32315898452381,71.2534072999997,15.2640368,55.9893704999997,8.72472821071428,14.1988789559524,-5.4741507452381,10.3297873,18.6507271,-8.3209398,35.1538661230159,31.2947061920635,3.85915993095238,94.45388215,39.04098265,55.4128995,0.584799176587302,0.582541434920635,0.0022577416666667,12.1451755123016,12.1372815623016,0.00789394999999971,2.63739768335714,0.788040906428571,1.84935677692857,6.51968642742857,5.6367449825,0.882941444928572,182.357142857143,180.357142857143,2
A,2,1,7,transition,FIXED_C2,primary_12,primary_11,47.1428571428571,43.8095238095238,3.33333333333333,99,92,7,5.52752811904762,9.92396056190476,-4.39643244285714,15.1862601,22.409047,-7.2227869,15.0100301142857,8.52090164761905,6.48912846666667,19.26460645,10.1592245,9.10538195,34.5849778333333,32.0291067571429,2.55587107619048,45.2191086,44.86893635,0.350172249999986,0.924217214285714,0.718846557142857,0.205370657142857,13.1232023857143,12.8653979904762,0.257804395238095,1.160780905,2.081026325,-0.92024542,7.252137417,6.71612982,0.536007597,209,209,0
A,2,1,7,transition,FIXED_C4,primary_12,primary_09,47.1428571428571,45.7142857142857,1.42857142857142,99,96,3,5.52752811904762,5.32857838095238,0.198949738095238,15.1862601,14.37458415,0.811675950000001,15.0100301142857,14.8984211714286,0.111608942857144,19.26460645,19.1687725,0.0958339500000029,34.5849778333333,34.9205845190476,-0.335606685714282,45.2191086,45.3987344,-0.179625800000011,0.924217214285714,1.14148397619048,-0.217266761904762,13.1232023857143,13.5521009904762,-0.428898604761905,1.160780905,1.11900146,0.041779445,7.252137417,7.321932486,-0.0697950689999995,209,209,0
A,2,1,7,phase_remainder,FIXED_C2,primary_12,primary_11,44.8299319727891,43.2993197278912,1.53061224489797,1318,1273,45,5.57989880034014,9.7260798207483,-4.14618102040816,15.49075345,22.42329695,-6.9325435,15.0041059659864,8.50647505204082,6.49763091394558,18.94598985,10.5151422,8.43084765,34.6331765319728,31.8027293180272,2.83044721394558,45.20570285,44.8813291,0.324373749999992,0.992379359863945,0.694636995918367,0.297742363945578,13.0567924057823,12.8755374493197,0.181254956462585,1.17177874807143,2.04234304071429,-0.870564292642857,7.27305596892857,6.67836779057143,0.594688178357143,210,210,0
A,2,1,7,phase_remainder,FIXED_C4,primary_12,primary_09,44.8299319727891,45.2380952380952,-0.408163265306122,1318,1330,-12,5.57989880034014,5.42760525816326,0.152293542176872,15.49075345,14.92789185,0.562861599999998,15.0041059659864,14.9139548020408,0.0901511639455777,18.94598985,18.79847355,0.147516299999996,34.6331765319728,34.6531116846939,-0.0199351527210894,45.20570285,45.26754555,-0.0618426999999997,0.992379359863945,0.98061528877551,0.0117640710884352,13.0567924057823,13.3309363357143,-0.274143929931974,1.17177874807143,1.13979710421429,0.0319816438571427,7.27305596892857,7.27581351242857,-0.00275754349999957,210,209.928571428571,0.0714285714285836
A,2,2,6,transition,FIXED_C2,primary_12,primary_11,32.7777777777778,31.6666666666667,1.11111111111111,59,57,2,7.18082594444444,7.20668458333333,-0.025858638888888,16.0030105,15.6291361,0.3738744,8.60395837222222,8.66882946666667,-0.0648710944444453,9.80205235,9.9114052,-0.109352850000002,28.718621,28.6977791944444,0.0208418055555484,38.62604445,38.9435043,-0.317459850000006,0.618902844444444,0.690358966666667,-0.0714561222222223,12.3149338388889,12.1319061777778,0.18302766111111,1.29254867,1.302080721,-0.0095320510000001,5.179096623,5.18350458,-0.00440795699999974,181,181,0
A,2,2,6,transition,FIXED_C4,primary_12,primary_09,32.7777777777778,31.1111111111111,1.66666666666667,59,56,3,7.18082594444444,4.30779188333333,2.87303406111111,16.0030105,15.14500945,0.858001050000004,8.60395837222222,14.1371995666667,-5.53324119444444,9.80205235,18.4512593,-8.64920695,28.718621,31.3231442166667,-2.60452321666667,38.62604445,38.65863435,-0.0325899000000049,0.618902844444444,0.463998888888889,0.154903955555556,12.3149338388889,12.4141538777778,-0.0992200388888875,1.29254867,0.775402539,0.517146131,5.179096623,5.674956964,-0.495860340999999,181,182,-1
A,2,2,6,phase_remainder,FIXED_C2,primary_12,primary_11,32.5,32.5793650793651,-0.0793650793650826,819,821,-2,7.49134993293651,7.36521726944445,0.126132663492061,16.1076453,15.86278515,0.244860149999996,8.69030588690476,8.63236308293651,0.0579428039682526,10.06317815,10.0483677,0.0148104499999988,28.5934170055556,28.5578288936508,0.0355881119047652,38.4058507,38.43769135,-0.0318406499999995,0.573135884126984,0.613403754365079,-0.0402678702380953,11.8386253015873,11.9468447869048,-0.108219485317463,1.34844298792857,1.3257391085,0.0227038794285714,5.1468466985,5.13994437042857,0.00690232807142888,180,180,0
A,2,2,6,phase_remainder,FIXED_C4,primary_12,primary_09,32.5,32.9761904761905,-0.476190476190474,819,831,-12,7.49134993293651,4.29884238293651,3.19250755,16.1076453,14.97871485,1.12893045,8.69030588690476,14.1809952234127,-5.49068933650794,10.06317815,18.60313075,-8.5399526,28.5934170055556,31.2666271412698,-2.67321013571429,38.4058507,38.9031246,-0.497273899999989,0.573135884126984,0.628483373412698,-0.0553474892857143,11.8386253015873,12.1583061615079,-0.319680859920636,1.34844298792857,0.773791628928571,0.574651359,5.1468466985,5.62819953642857,-0.481352837928571,180,180.071428571429,-0.0714285714285836
A,2,3,7,transition,FIXED_C2,primary_12,primary_11,44.2857142857143,42.3809523809524,1.90476190476191,93,89,4,5.50047803809524,9.60548501904762,-4.10500698095238,14.85031855,22.46357825,-7.6132597,14.7276576809524,8.50504127142857,6.22261640952381,18.1832623,10.3520279,7.8312344,33.9870786904762,31.8079155238095,2.17916316666667,44.29692295,44.9680115,-0.67108855,0.892479076190476,0.650227252380952,0.242251823809524,12.8664638952381,13.0471619809524,-0.180698085714289,1.155100388,2.012768078,-0.85766769,7.111581742,6.669971363,0.441610379,208,209,-1
A,2,3,7,transition,FIXED_C4,primary_12,primary_09,44.2857142857143,44.7619047619048,-0.476190476190482,93,94,-1,5.50047803809524,5.37659571428571,0.123882323809524,14.85031855,15.0785573,-0.228238749999994,14.7276576809524,14.8549533761905,-0.127295695238097,18.1832623,19.01098385,-0.827721550000003,33.9870786904762,34.149648647619,-0.162569957142857,44.29692295,44.9300892,-0.633166250000009,0.892479076190476,1.05208503809524,-0.159605961904762,12.8664638952381,12.8660145190476,0.000449376190475803,1.155100388,1.1290851,0.026015288,7.111581742,7.145927604,-0.0343458619999994,208,208,0
A,2,3,7,phase_remainder,FIXED_C2,primary_12,primary_11,45,43.5714285714286,1.42857142857143,1323,1281,42,5.66976959217687,9.61507020102041,-3.94530060884354,15.5359341,22.07860805,-6.54267395000001,15.1258162292517,8.50344837789116,6.62236785136054,19.0521885,10.55415675,8.49803175,34.6608463571429,31.8281921962585,2.83265416088435,45.46156175,44.85441425,0.607147499999996,0.926999893197279,0.710883624829932,0.216116268367347,12.938260642517,12.998789992517,-0.0605293499999977,1.19065161435714,2.01810718271429,-0.827455568357143,7.28043500342857,6.68206805478571,0.598366948642858,210.071428571429,209.857142857143,0.214285714285722
A,2,3,7,phase_remainder,FIXED_C4,primary_12,primary_09,45,44.9319727891156,0.0680272108843525,1323,1321,2,5.66976959217687,5.45604205306122,0.213727539115646,15.5359341,15.1657847,0.370149399999995,15.1258162292517,14.8681021146259,0.25771411462585,19.0521885,18.8215177,0.230670799999995,34.6608463571429,34.4820538568027,0.178792500340137,45.46156175,44.76247875,0.699082999999995,0.926999893197279,0.958884725170068,-0.0318848319727892,12.938260642517,13.1990249639456,-0.260764321428569,1.19065161435714,1.14576883114286,0.0448827832142857,7.28043500342857,7.24234811135714,0.038086892071429,210.071428571429,210,0.0714285714285836
A,3,0,6,startup,FIXED_C2,primary_13,primary_18,100,100,0,180,180,0,125.499290188889,163.142671711111,-37.6433815222222,173.5597052,227.5201547,-53.9604495,10.1915923277778,10.3150278833333,-0.123435555555552,14.0647065,13.22468445,0.84002205,187.351044533333,247.551171888889,-60.2001273555556,263.2094786,319.6114344,-56.4019558000001,30.3700766166667,52.1600211444444,-21.7899445277778,21.2900854,21.93345115,-0.643365749999997,21.567470179,27.288644554,-5.721174375,32.498389139,42.183141567,-9.684752428,157,149,8
A,3,0,6,startup,FIXED_C4,primary_13,primary_16,100,100,0,180,180,0,125.499290188889,102.103295927778,23.3959942611111,173.5597052,124.28775525,49.2719499499999,10.1915923277778,18.0045583,-7.81296597222222,14.0647065,21.74091985,-7.67621335,187.351044533333,304.436423555556,-117.085379022222,263.2094786,412.1945571,-148.9850785,30.3700766166667,149.962179433333,-119.592102816667,21.2900854,34.3663898944444,-13.0763044944444,21.567470179,15.800662192,5.766807987,32.498389139,51.229897202,-18.731508063,157,140,17
A,3,0,6,phase_remainder,FIXED_C2,primary_13,primary_18,34.6031746031746,36.1507936507937,-1.54761904761905,872,911,-39,9.34973228571429,11.3324717944444,-1.98273950873016,16.5981687,19.2312142499998,-2.63304554999976,8.65910320992064,8.67839566865079,-0.0192924587301579,10.09028615,10.1657779,-0.0754917499999994,30.6807507920635,32.8331120555556,-2.15236126349206,39.43852075,42.9631305999999,-3.52460984999991,0.567601778174603,0.586658612698413,-0.0190568345238095,12.104313518254,12.2355859797619,-0.131272461507939,1.75598052964286,2.18820466257143,-0.432224132928571,5.60871724957143,6.07890762814286,-0.470190378571428,181.5,182.071428571429,-0.571428571428584
A,3,0,6,phase_remainder,FIXED_C4,primary_13,primary_16,34.6031746031746,35.515873015873,-0.912698412698418,872,895,-23,9.34973228571429,7.46070608928571,1.88902619642857,16.5981687,17.28626195,-0.688093249999994,8.65910320992064,14.3887289956349,-5.72962578571428,10.09028615,18.71040805,-8.62012189999999,30.6807507920635,35.0855334678571,-4.40478267579365,39.43852075,40.9775028,-1.53898205,0.567601778174603,0.943893403571429,-0.376291625396825,12.104313518254,12.2922049793651,-0.187891461111111,1.75598052964286,1.52706503,0.228915499642857,5.60871724957143,6.56992778235714,-0.961210532785714,181.5,182.714285714286,-1.21428571428572
A,3,1,7,transition,FIXED_C2,primary_13,primary_18,44.7619047619048,42.8571428571429,1.90476190476191,94,90,4,5.43053541904762,9.5989555,-4.16842008095238,14.86705605,22.2383376,-7.37128155,14.888137852381,8.49112581904762,6.39701203333333,19.0033038,10.29671245,8.70659135,34.6296314190476,31.6530089047619,2.97662251428571,45.43065425,44.58126045,0.849393799999994,0.904075571428571,0.681320914285714,0.222754657142857,13.4068825761905,12.8816066714286,0.525275904761903,1.140412438,2.011121873,-0.870709435,7.267182733,6.634968627,0.632214106,209,209,0
A,3,1,7,transition,FIXED_C4,primary_13,primary_16,44.7619047619048,48.0952380952381,-3.33333333333333,94,101,-7,5.43053541904762,5.73606110952381,-0.305525690476192,14.86705605,15.9349335,-1.06787745,14.888137852381,15.3455025809524,-0.457364728571429,19.0033038,19.5071489,-0.503845099999999,34.6296314190476,35.0448029190476,-0.4151715,45.43065425,45.3681393,0.0625149500000006,0.904075571428571,0.80000250952381,0.104073061904762,13.4068825761905,13.1632367190476,0.243645857142857,1.140412438,1.204572833,-0.064160395,7.267182733,7.33594126,-0.068758527,209,209,0
A,3,1,7,phase_remainder,FIXED_C2,primary_13,primary_18,45.6122448979592,43.1632653061224,2.44897959183673,1341,1269,72,5.42625658741497,9.60340211292517,-4.1771455255102,15.1114659,22.07493335,-6.96346745,14.852889052381,8.48985134115646,6.36303771122449,18.88729975,10.4970947,8.39020505,34.5455671261905,31.8943502663265,2.65121685986394,45.1380546,44.89528535,0.242769250000002,0.898809031972789,0.706410825170068,0.192398206802721,13.3676124544218,13.0946859870748,0.272926467346938,1.13951388335714,2.01685292464286,-0.877339041285714,7.25514463057143,6.69827684257143,0.556867788,210,210,0
A,3,1,7,phase_remainder,FIXED_C4,primary_13,primary_16,45.6122448979592,44.2517006802721,1.36054421768707,1341,1301,40,5.42625658741497,5.56718456632653,-0.140927978911565,15.1114659,15.3754369,-0.263971,14.852889052381,14.9863786768707,-0.133489624489796,18.88729975,18.8179992,0.0693005500000012,34.5455671261905,34.5659428833333,-0.0203757571428582,45.1380546,45.08666885,0.0513857500000086,0.898809031972789,0.965554982653061,-0.0667459506802722,13.3676124544218,13.046824657483,0.320787796938772,1.13951388335714,1.16910875892857,-0.0295948755714286,7.25514463057143,7.25835625785714,-0.00321162728571434,210,209.928571428571,0.0714285714285836
A,3,2,6,transition,FIXED_C2,primary_13,primary_18,32.2222222222222,33.3333333333333,-1.11111111111111,58,60,-2,7.24153967777778,7.59630237222222,-0.354762694444443,16.0374412,16.2647288,-0.227287599999997,8.61800232222222,8.83103531666667,-0.213032994444445,9.8199411,9.8955962,-0.0756551000000005,28.68468815,28.9822987666667,-0.29761061666667,38.08442975,38.56653455,-0.482104799999995,0.606805344444444,0.5316666,0.0751387444444445,12.2183408055556,12.0232944777778,0.195046327777774,1.303477142,1.370054476,-0.066577334,5.168924432,5.226545471,-0.0576210389999998,181,181,0
A,3,2,6,transition,FIXED_C4,primary_13,primary_16,32.2222222222222,32.7777777777778,-0.555555555555557,58,59,-1,7.24153967777778,4.38622522222222,2.85531445555556,16.0374412,15.19898785,0.838453350000002,8.61800232222222,14.2253785555556,-5.60737623333334,9.8199411,18.6674111,-8.84747,28.68468815,31.1462027777778,-2.46151462777778,38.08442975,38.4392256,-0.354795849999995,0.606805344444444,0.584347438888889,0.0224579055555556,12.2183408055556,11.9502515611111,0.268089244444445,1.303477142,0.78952054,0.513956602,5.168924432,5.633289156,-0.464364724,181,182,-1
A,3,2,6,phase_remainder,FIXED_C2,primary_13,primary_18,32.3412698412698,32.8571428571429,-0.515873015873012,815,828,-13,7.35182117103175,7.41684032698413,-0.0650191559523794,15.80710955,15.9260923,-0.118982750000001,8.64203447460317,8.6386671531746,0.00336732142856988,9.9293209,10.12522905,-0.195908149999998,28.6685611293651,28.7339458734127,-0.0653847440476234,38.54481465,38.5699901,-0.025175449999999,0.58610390952381,0.620892957936508,-0.0347890484126984,12.0886015742064,12.0575454353175,0.031056138888891,1.32332781078571,1.33503125885714,-0.0117034480714286,5.16027596871429,5.17207144942857,-0.0117954807142855,180,180,0
A,3,2,6,phase_remainder,FIXED_C4,primary_13,primary_16,32.3412698412698,33.015873015873,-0.67460317460317,815,832,-17,7.35182117103175,4.41675996031746,2.93506121071429,15.80710955,15.40120645,0.405903099999996,8.64203447460317,14.2255731063492,-5.58353863174603,9.9293209,18.64304205,-8.71372115,28.6685611293651,31.1996772206349,-2.53111609126984,38.54481465,39.0010374,-0.456222750000002,0.58610390952381,0.619046115873016,-0.0329422063492063,12.0886015742064,11.9382980380952,0.150303536111112,1.32332781078571,0.795016792857143,0.528311017928571,5.16027596871429,5.61573421821429,-0.455458249499999,180,180,0
A,3,3,7,transition,FIXED_C2,primary_13,primary_18,48.0952380952381,42.8571428571429,5.23809523809524,101,90,11,5.5864383,9.4711965047619,-3.8847582047619,15.306606,22.35345265,-7.04684665,15.0554039904762,8.43227906666667,6.62312492380952,19.07656155,10.2832927,8.79326885,34.9629177666667,31.709412252381,3.25350551428571,45.0488102,44.4271046,0.621705599999999,0.831255314285714,0.769712166666667,0.0615431476190477,13.4898201619048,13.0362245142857,0.453595647619048,1.172997103,1.983140917,-0.810143814,7.319806844,6.643794935,0.676011909000001,207,209,-2
A,3,3,7,transition,FIXED_C4,primary_13,primary_16,48.0952380952381,44.2857142857143,3.80952380952381,101,93,8,5.5864383,5.4525313,0.133907000000002,15.306606,15.24798105,0.0586249500000005,15.0554039904762,15.1430286095238,-0.0876246190476202,19.07656155,19.07102835,0.00553319999999857,34.9629177666667,34.6359843142857,0.326933452380949,45.0488102,45.7426406,-0.693830400000003,0.831255314285714,0.956194476190476,-0.124939161904762,13.4898201619048,13.0842299285714,0.405590233333333,1.172997103,1.145031573,0.0279655299999999,7.319806844,7.251403139,0.0684037050000006,207,209,-2
A,3,3,7,phase_remainder,FIXED_C2,primary_13,primary_18,45.1360544217687,43.6054421768707,1.53061224489796,1327,1282,45,5.50102426564626,9.79339146190476,-4.29236719625851,15.15785765,22.60226935,-7.4444117,14.9888862632653,8.52657679863946,6.46230946462585,18.98671435,10.6111444,8.37556995,34.6498126384354,31.9615652870748,2.68824735136054,45.2820965,45.07471455,0.207381949999998,0.941227961904762,0.715180145578231,0.226047816326531,13.218674147619,12.9264168809524,0.292257266666665,1.15522616292857,2.05613373228571,-0.900907569357143,7.27746129835714,6.71077199964286,0.566689298714286,210.142857142857,210,0.142857142857139
A,3,3,7,phase_remainder,FIXED_C4,primary_13,primary_16,45.1360544217687,45.4081632653061,-0.272108843537417,1327,1335,-8,5.50102426564626,5.68445064251701,-0.18342637687075,15.15785765,15.4027155,-0.244857850000002,14.9888862632653,15.0968703731293,-0.107984109863944,18.98671435,18.994773,-0.00805865000000239,34.6498126384354,34.7477929921769,-0.097980353741498,45.2820965,45.4358194,-0.153722900000005,0.941227961904762,0.976137729931973,-0.0349097680272108,13.218674147619,12.9903342465986,0.228339901020409,1.15522616292857,1.19373463492857,-0.038508472,7.27746129835714,7.29829473957143,-0.0208334412142852,210.142857142857,210,0.142857142857139
B,3,0,7,startup,FIXED_C2,primary_15,primary_14,100,100,0,210,210,0,123.910250328571,180.552622595238,-56.6423722666667,164.3882686,238.18467915,-73.79641055,18.133192652381,9.85022182857143,8.28297082380953,23.8055299,13.5210885,10.2844414,203.55707462381,249.185459842857,-45.6283852190476,265.62718055,314.7288079,-49.1016273500001,37.9732796047619,37.5954050428571,0.377874561904761,23.5403520380952,21.1872103761905,2.35314166190476,24.074744887,32.79661123,-8.721866343,40.261149959,46.766877854,-6.505727895,177,162,15
B,3,0,7,startup,FIXED_C4,primary_15,primary_17,100,100,0,210,210,0,123.910250328571,156.89358882381,-32.9833384952381,164.3882686,201.6292107,-37.2409421,18.133192652381,17.970087047619,0.163105604761906,23.8055299,20.6005403,3.2049896,203.55707462381,269.731228671429,-66.1741540476191,265.62718055,320.57368485,-54.9465043000001,37.9732796047619,65.8909589238095,-27.9176793190476,23.5403520380952,28.9765938761905,-5.43624183809524,24.074744887,28.851418729,-4.776673842,40.261149959,51.766519795,-11.505369836,177,163,14
B,3,0,7,phase_remainder,FIXED_C2,primary_15,primary_14,51.8707482993197,100,-48.1292517006803,1525,2940,-1415,12.3114787748299,248.258511244558,-235.947032469728,69.1697617,291.62954485,-222.45978315,15.3376376663265,9.41061565238095,5.92702201394558,19.52440465,12.93312995,6.5912747,42.3305951836735,272.72957437449,-230.398979190816,108.6580527,318.118885,-209.4608323,1.02144665340136,0.807837607823129,0.213609045578231,13.6600320891156,14.2526098697279,-0.592577780612244,2.72443966285714,52.1406186737857,-49.4161790109286,9.06488587328571,57.2806338820714,-48.2157480087857,212.142857142857,209.857142857143,2.28571428571428
B,3,0,7,phase_remainder,FIXED_C4,primary_15,primary_17,51.8707482993197,53.5714285714286,-1.70068027210885,1525,1575,-50,12.3114787748299,17.4042814122449,-5.09280263741496,69.1697617,116.2583469,-47.0885852,15.3376376663265,15.3768155285714,-0.0391778622448999,19.52440465,19.5785323,-0.0541276499999981,42.3305951836735,47.3347790639456,-5.00418388027211,108.6580527,152.2578704,-43.5998177,1.02144665340136,0.983930990816326,0.0375156625850342,13.6600320891156,13.5697511323129,0.0902809568027223,2.72443966285714,3.94748730542857,-1.22304764257143,9.06488587328571,10.2872696650714,-1.22238379178571,212.142857142857,213.142857142857,-1
B,3,1,6,transition,FIXED_C2,primary_15,primary_14,33.3333333333333,100,-66.6666666666667,60,180,-120,7.11296615555556,135.350954527778,-128.237988372222,15.37915445,208.16221685,-192.7830624,8.71620214444444,9.21950938888889,-0.503307244444446,10.64470525,12.5312534,-1.88654815,28.60823435,159.137294166667,-130.529059816667,38.8286625,229.96329395,-191.13463145,0.558071711111111,0.627388455555556,-0.0693167444444444,12.2209943388889,13.9394417944444,-1.71844745555556,1.280333908,29.091782273,-27.811448365,5.165024783,33.6870655,-28.522040717,181,216,-35
B,3,1,6,transition,FIXED_C4,primary_15,primary_17,33.3333333333333,32.7777777777778,0.55555555555555,60,59,1,7.11296615555556,4.23415187222222,2.87881428333333,15.37915445,15.01416,0.364994450000003,8.71620214444444,14.2247138111111,-5.50851166666667,10.64470525,18.58034665,-7.9356414,28.60823435,31.3023832777778,-2.69414892777778,38.8286625,39.04116835,-0.212505850000007,0.558071711111111,0.558434838888889,-0.000363127777777694,12.2209943388889,12.2850827555556,-0.0640884166666673,1.280333908,0.762147337,0.518186571,5.165024783,5.642446151,-0.477421368,181,181,0
B,3,1,6,phase_remainder,FIXED_C2,primary_15,primary_14,32.5396825396825,33.968253968254,-1.42857142857143,820,856,-36,7.41469835595238,8.11254165555556,-0.697843299603176,15.9980226,16.39517015,-0.397147550000003,8.67219278690476,8.67083511944444,0.0013576674603204,10.023563,10.06669085,-0.0431278499999994,28.7511037257936,29.4102209063492,-0.659117180555562,38.66621585,38.9185282,-0.252312349999997,0.560425603968254,0.589338656349206,-0.0289130523809524,12.1037869789683,12.037505475,0.0662815039682538,1.33464570407143,1.48184254678571,-0.147196842714286,5.1755709025,5.32261372978571,-0.147042827285714,180,180.857142857143,-0.857142857142861
B,3,1,6,phase_remainder,FIXED_C4,primary_15,primary_17,32.5396825396825,32.8571428571429,-0.317460317460316,820,828,-8,7.41469835595238,4.39099482103175,3.02370353492064,15.9980226,15.35233695,0.645685650000001,8.67219278690476,14.2604029865079,-5.58821019960317,10.023563,18.6958009,-8.6722379,28.7511037257936,31.2599891896825,-2.50888546388889,38.66621585,38.9501653,-0.283949449999994,0.560425603968254,0.58538634484127,-0.0249607408730159,12.1037869789683,12.0232050373016,0.0805819416666651,1.33464570407143,0.790379067785714,0.544266636285714,5.1755709025,5.62720626385714,-0.451635361357143,180,180,0
B,3,2,7,transition,FIXED_C2,primary_15,primary_14,50.4761904761905,41.9047619047619,8.57142857142857,106,88,18,5.83612419523809,9.58951182857143,-3.75338763333334,15.88066985,22.09812355,-6.21745370000001,15.3063096285714,8.47727907619048,6.82903055238095,20.1863285,10.2571109,9.9292176,35.8899327904762,31.5685992904762,4.32133349999999,47.39765735,44.3387759,3.05888144999999,1.14338188571429,0.799849185714286,0.3435327,13.6041170809524,12.7019592,0.90215788095238,1.225586081,2.009422545,-0.783836464,7.519329775,6.622113935,0.89721584,209,209,0
B,3,2,7,transition,FIXED_C4,primary_15,primary_17,50.4761904761905,44.7619047619048,5.71428571428571,106,94,12,5.83612419523809,5.26244571904762,0.573678476190477,15.88066985,14.8138585,1.06681134999999,15.3063096285714,15.0738271095238,0.23248251904762,20.1863285,18.74584635,1.44048214999999,35.8899327904762,34.638866247619,1.25106654285714,47.39765735,44.5172292,2.88042814999999,1.14338188571429,0.920004671428571,0.223377214285714,13.6041170809524,13.382588747619,0.221528333333334,1.225586081,1.105113601,0.12047248,7.519329775,7.259004235,0.26032554,209,209,0
B,3,2,7,phase_remainder,FIXED_C2,primary_15,primary_14,45.4761904761905,43.6054421768707,1.87074829931973,1337,1282,55,5.53180035680272,9.84610501156463,-4.31430465476191,15.4665642,22.59063875,-7.12407455,15.0122203513605,8.49021419387755,6.52200615748299,19.05969095,10.49292235,8.5667686,34.7491431659864,31.9327581717687,2.81638499421769,45.54351365,44.7765872,0.766926449999993,0.921221339795918,0.708551882653061,0.212669457142857,13.2839011180272,12.8878870836735,0.39601403435374,1.16167807492857,2.06758607428571,-0.905907999357143,7.29692276514286,6.705678536,0.591244229142857,209.928571428571,210,-0.0714285714285836
B,3,2,7,phase_remainder,FIXED_C4,primary_15,primary_17,45.4761904761905,46.3265306122449,-0.85034013605442,1337,1362,-25,5.53180035680272,5.54674544421769,-0.0149450874149659,15.4665642,15.3541854,0.112378800000005,15.0122203513605,15.0586076765306,-0.0463873251700644,19.05969095,19.13438635,-0.0746954000000066,34.7491431659864,34.8814896336735,-0.132346467687071,45.54351365,45.7379355,-0.194421849999998,0.921221339795918,0.97134029829932,-0.0501189585034014,13.2839011180272,13.3047962146259,-0.0208950965986414,1.16167807492857,1.16481654328571,-0.00313846835714293,7.29692276514286,7.32482931992857,-0.027906554785714,209.928571428571,210,-0.0714285714285836
B,3,3,6,transition,FIXED_C2,primary_15,primary_14,32.7777777777778,33.3333333333333,-0.55555555555555,59,60,-1,7.29135732777778,7.3648991,-0.0735417722222236,15.8056843,15.90721365,-0.101529350000002,8.73550645555556,8.82506447777778,-0.0895580222222225,10.06666495,10.01365995,0.0530049999999989,29.0192456333333,28.9412391611111,0.0780064722222313,39.81681305,38.6871821,1.12963094999999,0.590264794444445,0.676572088888889,-0.0863072944444443,12.4021170555556,12.0747034944444,0.327413561111113,1.312444319,1.331400471,-0.0189561520000001,5.245291633,5.22366559,0.0216260429999995,182,181,1
B,3,3,6,transition,FIXED_C4,primary_15,primary_17,32.7777777777778,31.6666666666667,1.11111111111111,59,57,2,7.29135732777778,4.4137686,2.87758872777778,15.8056843,15.07872985,0.726954450000001,8.73550645555556,14.1560157666667,-5.42050931111111,10.06666495,18.19329605,-8.1266311,29.0192456333333,31.1647147722222,-2.14546913888888,39.81681305,38.61014185,1.20667119999999,0.590264794444445,0.519882983333333,0.0703818111111113,12.4021170555556,12.0750474222222,0.327069633333334,1.312444319,0.794478348,0.517965971,5.245291633,5.624368629,-0.379076996,182,181,1
B,3,3,6,phase_remainder,FIXED_C2,primary_15,primary_14,32.3412698412698,32.4206349206349,-0.0793650793650826,815,817,-2,7.40407184126984,7.35135425515873,0.0527175861111102,15.9711822,15.98011655,-0.00893434999999876,8.67176339404762,8.65411393968254,0.0176494543650811,9.95170015,10.0163348,-0.0646346499999986,28.6540408920635,28.6427491210317,0.0112917710317468,38.5666006,38.5956761,-0.0290754999999976,0.568977548015873,0.608624855952381,-0.0396473079365078,12.0092281087302,12.0286560702381,-0.0194279615079367,1.33236035657143,1.32240542164286,0.00995493492857147,5.15722148514286,5.15372355685714,0.00349792828571438,179.928571428571,179.857142857143,0.0714285714285552
B,3,3,6,phase_remainder,FIXED_C4,primary_15,primary_17,32.3412698412698,33.0555555555556,-0.714285714285715,815,833,-18,7.40407184126984,4.3798103047619,3.02426153650794,15.9711822,15.15961885,0.81156335,8.67176339404762,14.2334525242063,-5.56168913015873,9.95170015,18.55037385,-8.5986737,28.6540408920635,31.2884173154762,-2.63437642341269,38.5666006,39.06614575,-0.499545149999989,0.568977548015873,0.603168370238095,-0.0341908222222221,12.0092281087302,12.0719861162698,-0.0627580075396832,1.33236035657143,0.788365854857143,0.543994501714286,5.15722148514286,5.63240783371429,-0.475186348571428,179.928571428571,180,-0.0714285714285836
B,4,0,7,startup,FIXED_C2,primary_19,primary_24,100,100,0,210,210,0,124.933260661905,177.34957262381,-52.4163119619048,163.99109025,223.83308495,-59.8419947,17.9926047095238,10.0546721619048,7.93793254761905,21.64526475,13.98451075,7.660754,201.874444290476,234.2107914,-32.3363471095238,303.6899123,264.2998388,39.3900734999999,36.3919114666667,26.059611352381,10.3323001142857,22.556667452381,20.7469352619048,1.80973219047619,24.616834904,32.424865319,-7.808030415,40.275978336,43.942094152,-3.666115816,179,163,16
B,4,0,7,startup,FIXED_C4,primary_19,primary_21,100,100,0,210,210,0,124.933260661905,104.949208919048,19.9840517428571,163.99109025,142.46094905,21.5301412,17.9926047095238,18.1236986285714,-0.131093919047618,21.64526475,22.89557485,-1.2503101,201.874444290476,168.478496714286,33.3959475761905,303.6899123,223.00606645,80.6838458499999,36.3919114666667,24.0345148,12.3573966666667,22.556667452381,21.3710743666667,1.18559308571429,24.616834904,21.106051304,3.5107836,40.275978336,34.065360282,6.210618054,179,186,-7
B,4,0,7,phase_remainder,FIXED_C2,primary_19,primary_24,59.7278911564626,100,-40.2721088435374,1756,2940,-1184,10.5269920534014,234.738868727551,-224.21187667415,55.1464797999999,258.1768429,-203.0303631,15.606404987415,9.43179274523809,6.17461224217687,20.60666375,13.1866333,7.42003044999999,42.2963815608843,259.526982521088,-217.230600960204,89.8842598,284.95260955,-195.06834975,1.0929233547619,0.811811452380952,0.281111902380952,15.0700611653061,14.5445095959184,0.525551569387757,2.32546395614286,49.2298797035714,-46.9044157474286,9.02956838614286,54.4325239951429,-45.402955609,211.857142857143,209.714285714286,2.14285714285714
B,4,0,7,phase_remainder,FIXED_C4,primary_19,primary_21,59.7278911564626,49.2857142857143,10.4421768707483,1756,1449,307,10.5269920534014,8.28435306326531,2.24263899013605,55.1464797999999,27.6820211499998,27.4644586500001,15.606404987415,15.1623070248299,0.444097962585037,20.60666375,19.35191845,1.2547453,42.2963815608843,37.9358692139456,4.36051234693878,89.8842598,63.15859995,26.72565985,1.0929233547619,1.00583156088435,0.0870917938775511,15.0700611653061,13.483377564966,1.58668360034014,2.32546395614286,1.80637718392857,0.519086772214286,9.02956838614286,8.0588136455,0.970754740642857,211.857142857143,211.5,0.357142857142861
B,4,1,6,transition,FIXED_C2,primary_19,primary_24,34.4444444444444,100,-65.5555555555556,62,180,-118,6.90763495,153.199241877778,-146.291606927778,14.87590375,221.2191271,-206.34322335,8.86127945555556,9.31694418888889,-0.455664733333334,10.4017051,13.40974885,-3.00804375,30.4165782722222,176.858868361111,-146.442290088889,40.83528955,240.2229292,-199.38763965,0.683127755555556,0.596519288888889,0.0866084666666668,13.9645361111111,13.7461630055556,0.218373105555559,1.255385377,32.519260968,-31.263875591,5.516160404,37.070274875,-31.554114471,183,210,-27
B,4,1,6,transition,FIXED_C4,primary_19,primary_21,34.4444444444444,32.7777777777778,1.66666666666666,62,59,3,6.90763495,4.28119980555556,2.62643514444444,14.87590375,15.0482475,-0.172343749999992,8.86127945555556,14.3095399388889,-5.44826048333333,10.4017051,19.0200108,-8.6183057,30.4165782722222,31.6003817444444,-1.18380347222222,40.83528955,39.22256685,1.61272270000001,0.683127755555556,0.804373333333333,-0.121245577777778,13.9645361111111,12.2052686666667,1.75926744444444,1.255385377,0.770615965,0.484769412,5.516160404,5.700639037,-0.184478633,183,181,2
B,4,1,6,phase_remainder,FIXED_C2,primary_19,primary_24,33.6111111111111,35.3571428571429,-1.74603174603175,847,891,-44,6.9017768234127,8.04354144246032,-1.14176461904762,15.3016044,15.9827719,-0.681167500000001,8.95450485357143,8.86824144126984,0.0862634123015873,10.91553565,10.91416585,0.00136979999999909,30.2726287837302,31.2896821928571,-1.01705340912699,40.8280108,41.4314021,-0.603391299999998,0.646148423412698,0.645583894047619,0.000564529365079336,13.7701986833333,13.7323154150794,0.0378832682539691,1.24231982821429,1.50420215328571,-0.261882325071429,5.4496249685,5.69960972735714,-0.249984758857143,180,181.357142857143,-1.35714285714286
B,4,1,6,phase_remainder,FIXED_C4,primary_19,primary_21,33.6111111111111,32.7380952380952,0.873015873015873,847,825,22,6.9017768234127,4.37778890357143,2.52398791984127,15.3016044,15.2199348,0.0816695999999997,8.95450485357143,14.2228177972222,-5.26831294365079,10.91553565,18.54979295,-7.6342573,30.2726287837302,31.2672299674603,-0.994601183730161,40.8280108,38.991371,1.83663980000001,0.646148423412698,0.596806059920635,0.0493423634920634,13.7701986833333,12.069817206746,1.7003814765873,1.24231982821429,0.788002002642857,0.454317825571429,5.4496249685,5.62809879435714,-0.178473825857143,180,180,0
B,4,2,7,transition,FIXED_C2,primary_19,primary_24,60.952380952381,49.5238095238095,11.4285714285714,128,104,24,6.0564802047619,10.4494922619048,-4.39301205714286,16.44056965,23.10696625,-6.6663966,15.7158256761905,9.04192355714286,6.67390211904762,20.70592275,12.4340936,8.27182915,37.845934652381,35.2220056333333,2.62392901904762,49.6228486,50.0352393,-0.41239070000001,1.09071162857143,0.805360314285714,0.285351314285714,14.9829171428571,14.9252295,0.0576876428571413,1.271860843,2.186989505,-0.915128662,7.934443359,7.38399373,0.550449629,209,209,0
B,4,2,7,transition,FIXED_C4,primary_19,primary_21,60.952380952381,44.7619047619048,16.1904761904762,128,94,34,6.0564802047619,5.59865126190476,0.457828942857143,16.44056965,15.2400275,1.20054215,15.7158256761905,14.9410087190476,0.774816957142857,20.70592275,19.2004898,1.50543295,37.845934652381,34.8308079238095,3.01512672857143,49.6228486,45.3363434,4.28650519999999,1.09071162857143,0.8789313,0.211780328571429,14.9829171428571,13.4122166428571,1.5707005,1.271860843,1.175716765,0.096144078,7.934443359,7.307375301,0.627068058,209,209,0
B,4,2,7,phase_remainder,FIXED_C2,primary_19,primary_24,57.4829931972789,47.6190476190476,9.8639455782313,1690,1400,290,5.67094353231292,11.0485150187075,-5.37757148639456,16.1493578,25.12363615,-8.97427834999998,15.535952347619,8.61911389591837,6.91683845170068,20.93011065,10.94213155,9.98797909999999,37.4665251510204,33.7148117193878,3.75171343163265,48.50792655,50.8651096,-2.35718305,1.05611591496599,0.715152799319728,0.340963115646259,15.2035133561224,13.3320300054422,1.87148335068027,1.19072600114286,2.32063193071429,-1.12990592957143,7.86789041578571,7.08061193492857,0.787278480857143,209.928571428571,210,-0.0714285714285836
B,4,2,7,phase_remainder,FIXED_C4,primary_19,primary_21,57.4829931972789,46.3605442176871,11.1224489795918,1690,1363,327,5.67094353231292,5.72662844115646,-0.0556849088435385,16.1493578,15.6432986,0.506059200000001,15.535952347619,15.1174781816327,0.418474165986396,20.93011065,19.22751085,1.7025998,37.4665251510204,34.9917299537415,2.47479519727891,48.50792655,45.7977216,2.71020495,1.05611591496599,0.907986125170068,0.148129789795918,15.2035133561224,13.2396372057823,1.96387615034014,1.19072600114286,1.20259197264286,-0.0118659715,7.86789041578571,7.34766632142857,0.520224094357143,209.928571428571,209.928571428571,0
B,4,3,6,transition,FIXED_C2,primary_19,primary_24,33.3333333333333,30,3.33333333333333,60,54,6,6.80762183333333,7.1248917,-0.317269866666667,14.7450432,15.40827335,-0.66323015,8.86248055555556,8.47668112777778,0.385799427777778,10.1188507,9.72792485,0.39092585,30.1131902277778,28.1034944944444,2.00969573333334,40.64906605,37.68731835,2.96174769999999,0.640136522222222,0.576479805555556,0.0636567166666666,13.8029513166667,11.9254418611111,1.87750945555556,1.227781899,1.283671501,-0.0558896019999999,5.431600888,5.071263697,0.360337191,182,181,1
B,4,3,6,transition,FIXED_C4,primary_19,primary_21,33.3333333333333,35.5555555555556,-2.22222222222223,60,64,-4,6.80762183333333,4.64536516111111,2.16225667222222,14.7450432,15.05086065,-0.305817449999996,8.86248055555556,14.4136759722222,-5.55119541666666,10.1188507,18.90806035,-8.78920965,30.1131902277778,31.6275306055556,-1.51434037777777,40.64906605,39.12627745,1.5227886,0.640136522222222,0.73801565,-0.0978791277777779,13.8029513166667,11.8304738222222,1.97247749444445,1.227781899,0.836165729,0.39161617,5.431600888,5.71031749,-0.278716602,182,182,0
B,4,3,6,phase_remainder,FIXED_C2,primary_19,primary_24,33.5714285714286,32.1825396825397,1.38888888888889,846,811,35,6.68771357936508,7.23317382380952,-0.545460244444445,15.23223625,15.7335328,-0.501296550000001,8.9214447702381,8.63804452976191,0.28340024047619,10.9892273,10.0416675,0.947559800000001,30.0222588686508,28.3518322988095,1.67042656984127,40.6907422,38.27884345,2.41189875,0.632902763492064,0.542687815873016,0.0902149476190477,13.7801977555556,11.9379261293651,1.84227162619048,1.20378844428571,1.301886761,-0.0980983167142857,5.40389961221429,5.10265732314286,0.301242289071428,180,180,0
B,4,3,6,phase_remainder,FIXED_C4,primary_19,primary_21,33.5714285714286,32.9761904761905,0.595238095238095,846,831,15,6.68771357936508,4.48392832579365,2.20378525357143,15.23223625,15.3211571,-0.0889208499999992,8.9214447702381,14.2880646900794,-5.36661991984127,10.9892273,18.7141211,-7.7248938,30.0222588686508,31.3433198357143,-1.3210609670635,40.6907422,38.9230936,1.76764859999999,0.632902763492064,0.584536173809524,0.0483665896825397,13.7801977555556,11.9867906460317,1.79340710952381,1.20378844428571,0.807107098642857,0.396681345642857,5.40389961221429,5.64098255392857,-0.237082941714286,180,179.928571428571,0.0714285714285836
A,4,0,6,startup,FIXED_C2,primary_23,primary_22,100,100,0,180,180,0,164.848516577778,117.051475666667,47.7970409111112,225.11738485,170.5791839,54.53820095,10.0326976722222,10.1972317944444,-0.164534122222221,14.1751119,14.86745035,-0.692338450000012,242.00044945,182.696394466667,59.3040549833334,306.09685735,263.3956944,42.70116295,45.38136195,34.5671332888889,10.8142286611111,21.73787325,20.8805537166667,0.857319533333335,27.506503904,19.970366186,7.536137718,41.113097857,31.568046277,9.54505158,147,158,-11
A,4,0,6,startup,FIXED_C4,primary_23,primary_20,100,100,0,180,180,0,164.848516577778,104.276162138889,60.5723544388889,225.11738485,159.95147015,65.1659147,10.0326976722222,18.2793523222222,-8.24665465,14.1751119,24.1656993,-9.99058740000002,242.00044945,194.379400438889,47.6210490111111,306.09685735,289.3129609,16.78389645,45.38136195,48.1288108111111,-2.74744886111112,21.73787325,23.6950751666667,-1.95720191666667,27.506503904,18.445277608,9.061226296,41.113097857,34.388861553,6.724236304,147,166,-19
A,4,0,6,phase_remainder,FIXED_C2,primary_23,primary_22,36.8650793650794,35.1984126984127,1.66666666666666,929,887,42,12.4565060007937,9.92549664444444,2.53100935634921,51.1687989,17.1418282,34.0269707,8.68038958253968,8.66085644325397,0.0195331392857145,10.2992563,10.02973145,0.26952485,34.0692408115079,31.3218930436508,2.74734776785713,79.8919144999997,40.02352935,39.8683851499997,0.584517946825397,0.570303891269841,0.0142140555555554,12.3478272813492,12.1652360646825,0.182591216666667,2.39690172871429,1.86508221271429,0.531819516,6.30666273957143,5.73106144407143,0.575601295499999,182.214285714286,181.428571428571,0.785714285714306
A,4,0,6,phase_remainder,FIXED_C4,primary_23,primary_20,36.8650793650794,34.0079365079365,2.85714285714286,929,857,72,12.4565060007937,4.88982793531746,7.56667806547619,51.1687989,15.6107234,35.5580755,8.68038958253968,14.3068240793651,-5.6264344968254,10.2992563,18.8330235,-8.5337672,34.0692408115079,31.9296866853175,2.13955412619047,79.8919144999997,39.61148815,40.2804263499997,0.584517946825397,0.609697778968254,-0.0251798321428572,12.3478272813492,12.1233368916667,0.224490389682542,2.39690172871429,0.903342712428571,1.49355901628571,6.30666273957143,5.789446257,0.517216482571428,182.214285714286,180.857142857143,1.35714285714286
A,4,1,7,transition,FIXED_C2,primary_23,primary_22,49.047619047619,43.3333333333333,5.71428571428571,103,91,12,5.63327060476191,9.56884964285714,-3.93557903809524,15.82187025,21.97090865,-6.1490384,15.1995939666667,8.6263308952381,6.57326307142857,20.76216295,10.7930772,9.96908575,35.4076292809524,32.1833124714286,3.22431680952381,45.93230145,45.64323945,0.289062000000008,1.1180426047619,0.739668971428571,0.378373633333333,13.4567221047619,13.2484629619048,0.208259142857141,1.182986827,2.004136079,-0.821149252,7.42157054,6.748460911,0.673109629000001,209,209,0
A,4,1,7,transition,FIXED_C4,primary_23,primary_20,49.047619047619,50.9523809523809,-1.90476190476191,103,107,-4,5.63327060476191,5.67034120952381,-0.0370706047619045,15.82187025,16.1598809,-0.338010649999998,15.1995939666667,15.2473492571429,-0.0477552904761911,20.76216295,20.01868515,0.743477800000008,35.4076292809524,35.3487154380952,0.0589138428571445,45.93230145,46.91344275,-0.98114129999999,1.1180426047619,0.818213328571428,0.299829276190476,13.4567221047619,13.6128116428571,-0.156089538095239,1.182986827,1.189689114,-0.0067022870000002,7.42157054,7.405626457,0.0159440829999999,209,206,3
A,4,1,7,phase_remainder,FIXED_C2,primary_23,primary_22,45.7823129251701,44.3197278911565,1.46258503401361,1346,1303,43,5.50839586190476,9.95286201666667,-4.4444661547619,15.2670805,22.62221415,-7.35513364999999,14.981193822449,8.51902020408163,6.46217361836734,18.97160785,10.5062848,8.46532305,34.8027237493197,32.229749547619,2.57297420170068,45.4749927,45.46656995,0.00842275000000114,0.980331782312925,0.702652473129252,0.277679309183673,13.3328022826531,13.0552148537415,0.277587428911563,1.156763131,2.09011072557143,-0.933347594571428,7.30751252342857,6.76840621557143,0.539106307857143,210,210,0
A,4,1,7,phase_remainder,FIXED_C4,primary_23,primary_20,45.7823129251701,45.1020408163265,0.680272108843532,1346,1326,20,5.50839586190476,5.59328332108844,-0.0848874591836735,15.2670805,15.34259955,-0.0755190500000005,14.981193822449,15.1112819323129,-0.130088109863946,18.97160785,19.0508812,-0.0792733500000011,34.8027237493197,34.8019733622449,0.000750387074823777,45.4749927,45.6006826,-0.125689899999998,0.980331782312925,0.96741411292517,0.0129176693877551,13.3328022826531,13.1299939959184,0.20280828673469,1.156763131,1.17466682171429,-0.0179036907142858,7.30751252342857,7.30760515871429,-9.26352857142376e-05,210,210.214285714286,-0.214285714285722
A,4,2,6,transition,FIXED_C2,primary_23,primary_22,32.7777777777778,32.2222222222222,0.555555555555557,59,58,1,7.40480421111111,7.21559035555556,0.189213855555556,15.67689985,15.7963072,-0.119407349999999,8.80394186111111,8.58204419444444,0.221897666666667,9.9360353,10.06103165,-0.12499635,29.0488803666667,28.6430241722222,0.405856194444446,38.75544005,38.1732498,0.582190250000011,0.634947194444445,0.605916544444444,0.0290306500000002,12.2051871,12.2394730777778,-0.0342859777777811,1.332864758,1.303992781,0.0288719769999999,5.257361062,5.16958961,0.0877714520000001,181,181,0
A,4,2,6,transition,FIXED_C4,primary_23,primary_20,32.7777777777778,35.5555555555556,-2.77777777777778,59,64,-5,7.40480421111111,4.40772913888889,2.99707507222222,15.67689985,15.02631065,0.650589200000004,8.80394186111111,14.4373066388889,-5.63336477777778,9.9360353,18.7267683,-8.790733,29.0488803666667,32.0138099222222,-2.96492955555555,38.75544005,40.89944605,-2.144006,0.634947194444445,0.702376572222222,-0.0674293777777775,12.2051871,12.4663975722222,-0.261210472222226,1.332864758,0.793391245,0.539473513,5.257361062,5.792074293,-0.534713231,181,181,0
A,4,2,6,phase_remainder,FIXED_C2,primary_23,primary_22,32.6587301587302,32.8174603174603,-0.158730158730158,823,827,-4,7.33848979484127,7.41559872460317,-0.0771089297619039,15.8028735,15.8629863,-0.0601127999999989,8.66637604484127,8.65998466825397,0.00639137658730071,10.0070753,10.1093903,-0.102315000000001,28.8013457984127,28.8239184507936,-0.0225726523809513,38.8323427,38.59079275,0.24154995,0.589282011507937,0.606048946825397,-0.0167669353174602,12.2071979472222,12.1422861111111,0.0649118361111114,1.32092816307143,1.33480777042857,-0.013879607357143,5.18444599357143,5.18854349221429,-0.00409749864285658,180,180.071428571429,-0.0714285714285836
A,4,2,6,phase_remainder,FIXED_C4,primary_23,primary_20,32.6587301587302,33.1746031746032,-0.515873015873012,823,836,-13,7.33848979484127,4.39039877777778,2.94809101706349,15.8028735,15.1620757,0.640797800000001,8.66637604484127,14.225969515873,-5.55959347103175,10.0070753,18.767418,-8.7603427,28.8013457984127,31.2722987670635,-2.4709529686508,38.8323427,38.9422114,-0.1098687,0.589282011507937,0.634477035714286,-0.0451950242063491,12.2071979472222,12.0214534376984,0.185744509523811,1.32092816307143,0.79027178,0.530656383071428,5.18444599357143,5.62916567742857,-0.444719683857143,180,180,0
A,4,3,7,transition,FIXED_C2,primary_23,primary_22,46.1904761904762,42.3809523809524,3.80952380952381,97,89,8,5.40107217619048,9.51643382380952,-4.11536164761905,15.8843233,22.36043855,-6.47611525,14.8838574714286,8.50231804761905,6.38153942380953,18.9742905,10.86603795,8.10825255,34.1985065095238,31.6297044571429,2.56880205238096,44.94663475,45.14528145,-0.198646699999998,0.891580080952381,0.673748580952381,0.2178315,13.0219967809524,12.9372040047619,0.0847927761904774,1.134225157,1.991378177,-0.85715302,7.169024729,6.620058007,0.548966722,209,208,1
A,4,3,7,transition,FIXED_C4,primary_23,primary_20,46.1904761904762,43.3333333333333,2.85714285714285,97,91,6,5.40107217619048,5.6554128,-0.254340623809525,15.8843233,15.4616041,0.422719200000003,14.8838574714286,15.2428558190476,-0.358998347619048,18.9742905,19.0961711,-0.121880599999997,34.1985065095238,34.7741787238095,-0.57567221428571,44.94663475,45.0033711,-0.0567363499999942,0.891580080952381,1.07271504285714,-0.181134961904762,13.0219967809524,12.8031950619048,0.218801719047619,1.134225157,1.187636688,-0.0534115310000001,7.169024729,7.276579936,-0.107555207,209,209,0
A,4,3,7,phase_remainder,FIXED_C2,primary_23,primary_22,45.2040816326531,42.9251700680272,2.27891156462584,1329,1262,67,5.53892757517007,9.57793555442177,-4.0390079792517,15.2948056,22.1670217,-6.8722161,15.0157237982993,8.4751741792517,6.54054961904762,19.034455,10.51841275,8.51604225,34.8070420081633,31.6881009795918,3.11894102857142,45.5985095,44.7706176,0.827891900000004,0.996775746598639,0.691935475170068,0.304840271428571,13.2556148880952,12.9430557707483,0.312559117346941,1.16317479078571,2.0114901325,-0.848315341714286,7.30969326528571,6.65480703407143,0.654886231214286,210,210,0
A,4,3,7,phase_remainder,FIXED_C4,primary_23,primary_20,45.2040816326531,45.2721088435374,-0.0680272108843596,1329,1331,-2,5.53892757517007,5.66300648605442,-0.124078910884354,15.2948056,15.3848569,-0.0900512999999954,15.0157237982993,15.1223894486395,-0.106665650340135,19.034455,19.22810865,-0.193653649999998,34.8070420081633,34.7179097068027,0.089132301360543,45.5985095,45.72214055,-0.12363105,0.996775746598639,0.95973489659864,0.0370408499999998,13.2556148880952,12.9727788755102,0.282836012585037,1.16317479078571,1.18923136207143,-0.0260565712857141,7.30969326528571,7.290064981,0.0196282842857141,210,210,0
A,5,0,6,startup,FIXED_C2,primary_26,primary_25,100,100,0,180,180,0,127.153965516667,129.154252194444,-2.00028667777775,186.1888905,177.5379527,8.65093779999998,9.92193241666667,10.1932442611111,-0.271311844444444,14.5276606,13.78174025,0.74592035,191.674859688889,192.401350716667,-0.726491027777712,280.17514235,273.30433625,6.87080610000004,34.04525445,32.1512631388889,1.89399131111111,20.5537073055556,20.9025911222222,-0.348883816666667,22.049765555,22.18723491,-0.137469355,33.480782428,33.352215881,0.128566546999998,160,159,1
A,5,0,6,startup,FIXED_C4,primary_26,primary_29,100,91.1111111111111,8.88888888888889,180,164,16,127.153965516667,58.1759174944444,68.9780480222222,186.1888905,118.7788823,67.4100082,9.92193241666667,17.8070525111111,-7.88512009444445,14.5276606,26.1426177,-11.6149571,191.674859688889,117.449663788889,74.2251959,280.17514235,214.77231785,65.4028245,34.04525445,21.5336308444444,12.5116236055556,20.5537073055556,19.9330629388889,0.620644366666667,22.049765555,10.471665149,11.578100406,33.480782428,21.13457707,12.346205358,160,178,-18
A,5,0,6,phase_remainder,FIXED_C2,primary_26,primary_25,34.6031746031746,36.5079365079365,-1.90476190476191,872,920,-48,9.26401609007937,10.9229622488095,-1.65894615873016,16.7935421,44.6192232999999,-27.8256811999999,8.6657889702381,8.67635335238095,-0.0105643821428583,10.0495149,10.2880647,-0.238549800000001,30.5894408380952,32.5184860928571,-1.9290452547619,39.4483056,69.2183858999999,-29.7700802999999,0.592048513095238,0.549681811904762,0.0423667011904761,12.0675872646825,12.3694886797619,-0.301901415079366,1.72737634178571,2.04188538228571,-0.3145090405,5.57810633514286,5.94389566271429,-0.365789327571428,181.285714285714,181.357142857143,-0.0714285714285836
A,5,0,6,phase_remainder,FIXED_C4,primary_26,primary_29,34.6031746031746,32.2619047619048,2.34126984126983,872,813,59,9.26401609007937,4.25066969960317,5.01334639047619,16.7935421,14.83950025,1.95404185,8.6657889702381,14.1601754269841,-5.49438645674603,10.0495149,18.4985289,-8.44901399999999,30.5894408380952,31.1310356003968,-0.541594762301589,39.4483056,38.97165885,0.476646749999993,0.592048513095238,0.586089067857143,0.00595944523809522,12.0675872646825,12.1341014059524,-0.0665141412698418,1.72737634178571,0.765120545928571,0.962255795857143,5.57810633514286,5.60357327435714,-0.0254669392142857,181.285714285714,180.071428571429,1.21428571428569
A,5,1,7,transition,FIXED_C2,primary_26,primary_25,44.2857142857143,45.2380952380952,-0.952380952380956,93,95,-2,5.31707342380952,9.79389700952381,-4.47682358571428,14.67109465,22.16704965,-7.49595500000001,15.0094473095238,8.67313488095238,6.33631242857143,18.90528965,11.3145109,7.59077875,34.5270825047619,32.4375421714286,2.08954033333332,45.81639925,46.30916725,-0.492767999999998,0.963796380952381,0.62424259047619,0.339553790476191,13.2367653904762,13.3462676904762,-0.109502299999996,1.116585419,2.053398852,-0.936813433,7.246061335,6.807608337,0.438452998000001,209,209,0
A,5,1,7,transition,FIXED_C4,primary_26,primary_29,44.2857142857143,43.3333333333333,0.952380952380949,93,91,2,5.31707342380952,5.31407863333333,0.00299479047619045,14.67109465,14.27168585,0.399408799999994,15.0094473095238,14.6437469714286,0.365700338095237,18.90528965,18.09714885,0.808140800000004,34.5270825047619,34.4108076333333,0.116274871428573,45.81639925,44.3986612,1.41773805,0.963796380952381,0.832265047619048,0.131531333333333,13.2367653904762,13.6207169809524,-0.383951590476187,1.116585419,1.115956513,0.000628905999999985,7.246061335,7.211310359,0.0347509760000007,209,208,1
A,5,1,7,phase_remainder,FIXED_C2,primary_26,primary_25,45.5442176870748,43.7074829931973,1.83673469387755,1339,1285,54,5.50859437993197,9.68315555918367,-4.1745611792517,15.4833208,22.1027349,-6.6194141,15.0291880248299,8.55775241428571,6.47143561054422,19.1371239,10.67039805,8.46672585,34.6610400272109,32.1175742027211,2.54346582448979,45.44944165,45.4987942,-0.0493525500000018,0.978249736054422,0.708235941496599,0.270013794557823,13.1450078863946,13.1684302877551,-0.0234224013605431,1.15680481978571,2.03335165057143,-0.876546830785714,7.27889575214286,6.74412840485714,0.534767347285714,210,210,0
A,5,1,7,phase_remainder,FIXED_C4,primary_26,primary_29,45.5442176870748,45.9523809523809,-0.408163265306122,1339,1351,-12,5.50859437993197,5.51045990306123,-0.00186552312925325,15.4833208,15.1637435,0.319577299999999,15.0291880248299,15.0679226547619,-0.0387346299319731,19.1371239,19.09341245,0.0437114499999964,34.6610400272109,34.8788697704082,-0.217829743197285,45.44944165,45.33952625,0.109915399999998,0.978249736054422,0.950030985034014,0.0282187510204082,13.1450078863946,13.350456227551,-0.205448341156462,1.15680481978571,1.15719657964286,-0.000391759857142793,7.27889575214286,7.32450179564286,-0.0456060435000003,210,210,0
A,5,2,6,transition,FIXED_C2,primary_26,primary_25,33.3333333333333,33.3333333333333,0,60,60,0,7.28898911666667,7.28418040555556,0.00480871111111192,15.69036725,15.54616045,0.144206799999996,8.66032851111111,8.595277,0.0650515111111112,10.07681795,9.76836855,0.308449399999995,28.6726448222222,28.5981956444444,0.0744491777777831,38.46368925,38.3690157,0.094673549999996,0.553177561111111,0.528800505555556,0.0243770555555556,12.1701496333333,12.1899377333333,-0.0197880999999995,1.312018041,1.316026229,-0.00400818800000002,5.169946019,5.162519853,0.00742616600000012,181,181,0
A,5,2,6,transition,FIXED_C4,primary_26,primary_29,33.3333333333333,32.2222222222222,1.11111111111111,60,58,2,7.28898911666667,4.22909027777778,3.05989883888889,15.69036725,14.78419805,0.906169199999995,8.66032851111111,14.2067296722222,-5.54640116111111,10.07681795,18.44877505,-8.3719571,28.6726448222222,31.35122165,-2.67857682777778,38.46368925,39.0648598,-0.601170549999999,0.553177561111111,0.600293144444444,-0.0471155833333332,12.1701496333333,12.3151085555556,-0.144958922222221,1.312018041,0.76123625,0.550781791,5.169946019,5.660003838,-0.490057819,181,181,0
A,5,2,6,phase_remainder,FIXED_C2,primary_26,primary_25,32.3809523809524,32.1825396825397,0.198412698412696,816,811,5,7.42736276468254,7.21500873968254,0.212354025,16.0447149,15.6764414,0.368273500000001,8.69255500396825,8.63877144444444,0.0537835595238114,10.0710125,10.0723079,-0.00129540000000006,28.7265760507937,28.555646172619,0.170929878174608,38.74516385,38.39731215,0.3478517,0.59915145952381,0.596366032142857,0.00278542738095244,12.007506822619,12.1054999563492,-0.0979931337301583,1.33692529764286,1.29870157314286,0.0382237245000001,5.17071956142857,5.14037907728571,0.0303404841428572,180,180.071428571429,-0.0714285714285836
A,5,2,6,phase_remainder,FIXED_C4,primary_26,primary_29,32.3809523809524,32.2222222222222,0.158730158730158,816,812,4,7.42736276468254,4.37599823373016,3.05136453095238,16.0447149,15.03881755,1.00589735000001,8.69255500396825,14.1879229444444,-5.49536794047619,10.0710125,18.4181261,-8.3471136,28.7265760507937,31.2834639063492,-2.55688785555555,38.74516385,38.93695345,-0.1917896,0.59915145952381,0.646815953968254,-0.0476644944444443,12.007506822619,12.0727267742063,-0.0652199515873022,1.33692529764286,0.787679682071429,0.549245615571429,5.17071956142857,5.63074206685714,-0.460022505428571,180,180,0
A,5,3,7,transition,FIXED_C2,primary_26,primary_25,44.2857142857143,42.8571428571429,1.42857142857143,93,90,3,5.15936217619048,9.51070928095238,-4.3513471047619,15.03982055,22.2204,-7.18057945,14.5441046380952,8.41462800952381,6.12947662857143,19.0416685,10.06838965,8.97327885,33.2572960238095,31.8135188666667,1.44377715714286,43.208241,44.11214365,-0.903902649999999,0.86090779047619,0.7580761,0.10283169047619,12.6929214190476,13.1301054761905,-0.437184057142858,1.080253082,1.993436109,-0.913183027,6.958333695,6.667835365,0.29049833,206,208,-2
A,5,3,7,transition,FIXED_C4,primary_26,primary_29,44.2857142857143,47.1428571428571,-2.85714285714285,93,99,-6,5.15936217619048,5.2526320952381,-0.0932699190476196,15.03982055,14.9747855,0.065035049999997,14.5441046380952,14.8196671761905,-0.275562538095238,19.0416685,19.23984405,-0.198175549999988,33.2572960238095,34.6323979523809,-1.37510192857142,43.208241,45.7141724,-2.5059314,0.86090779047619,0.96163330952381,-0.100725519047619,12.6929214190476,13.5984653714286,-0.905543952380953,1.080253082,1.10305274,-0.0227996580000001,6.958333695,7.261120504,-0.302786809,206,209,-3
A,5,3,7,phase_remainder,FIXED_C2,primary_26,primary_25,45.1360544217687,45.7482993197279,-0.612244897959187,1327,1345,-18,5.66651278231292,10.0001176704082,-4.33360488809524,15.5587715,22.4664232,-6.9076517,15.0996523462585,8.66298016768708,6.43667217857143,19.12711725,11.31030695,7.8168103,34.8132993336735,33.0025465863946,1.81075274727891,45.533426,47.6059835,-2.0725575,0.957789813945578,0.74536098877551,0.212428825170068,13.0893443911565,13.5940877595238,-0.504743368367345,1.1901971825,2.0994156715,-0.909218489,7.31245968214286,6.92893013757143,0.383529544571429,210.214285714286,209.857142857143,0.357142857142861
A,5,3,7,phase_remainder,FIXED_C4,primary_26,primary_29,45.1360544217687,45.6462585034014,-0.510204081632658,1327,1342,-15,5.66651278231292,5.57459633945578,0.0919164428571424,15.5587715,15.40288475,0.155886750000002,15.0996523462585,15.0221089605442,0.077543385714284,19.12711725,18.96763935,0.159477900000002,34.8132993336735,34.7330512744898,0.0802480591836741,45.533426,45.27476375,0.258662250000008,0.957789813945578,0.950911178231293,0.0068786357142856,13.0893443911565,13.1854347962585,-0.096090405102041,1.1901971825,1.17061722514286,0.0195799573571429,7.31245968214286,7.29422430407143,0.0182353780714291,210.214285714286,209.928571428571,0.285714285714306
B,5,0,7,startup,FIXED_C2,primary_28,primary_27,100,100,0,210,210,0,135.434448,284.259129180952,-148.824681180952,185.85794925,388.21066785,-202.3527186,18.1244191952381,10.3397425,7.7846766952381,22.2860501,15.33766155,6.94838855000001,219.802687171429,396.726109228571,-176.923422057143,277.6484772,430.3706555,-152.7221783,42.8885685714286,76.7067352,-33.8181666285714,23.3552514047619,25.420502347619,-2.06525094285714,26.215284634,44.84137814,-18.626093506,43.358421244,67.727593121,-24.369171877,174,129,45
B,5,0,7,startup,FIXED_C4,primary_28,primary_30,100,100,0,210,210,0,135.434448,184.232362971429,-48.7979149714286,185.85794925,245.75957385,-59.9016246,18.1244191952381,18.2649729809524,-0.140553785714282,22.2860501,24.7817694,-2.49571929999998,219.802687171429,318.686514152381,-98.8838269809524,277.6484772,366.9981826,-89.3497054,42.8885685714286,86.2628724952381,-43.3743039238095,23.3552514047619,29.9263057047619,-6.5710543,26.215284634,32.110039131,-5.894754497,43.358421244,59.364249793,-16.005828549,174,151,23
B,5,0,7,phase_remainder,FIXED_C2,primary_28,primary_27,51.8027210884354,100,-48.1972789115646,1523,2940,-1417,11.5885547071429,301.858877529252,-290.270322822109,67.9920584999999,385.97880255,-317.98674405,15.1225939231292,9.22344815544218,5.89914576768707,19.23063445,12.4610124,6.76962205,41.3440030513605,325.86210087551,-284.51809782415,99.64602085,413.15239375,-313.5063729,0.935209063945578,0.786442473809524,0.148766590136055,13.6976453571429,13.9933327170068,-0.295687359863942,2.5925928775,64.3989891861429,-61.8063963086429,8.88018200392857,69.4799933544286,-60.5998113505,212.357142857143,214.357142857143,-2
B,5,0,7,phase_remainder,FIXED_C4,primary_28,primary_30,51.8027210884354,54.5918367346939,-2.7891156462585,1523,1605,-82,11.5885547071429,24.0433570272109,-12.454802320068,67.9920584999999,164.15137055,-96.1593120500001,15.1225939231292,15.203658937415,-0.0810650142857181,19.23063445,19.256027,-0.025392550000003,41.3440030513605,53.9459940367347,-12.6019909853742,99.64602085,196.473554,-96.82753315,0.935209063945578,0.980936979931973,-0.0457279159863945,13.6976453571429,13.7180410921769,-0.0203957350340129,2.5925928775,5.51901619664286,-2.92642331914286,8.88018200392857,11.8667059289286,-2.986523925,212.357142857143,213.928571428571,-1.57142857142856
B,5,1,6,transition,FIXED_C2,primary_28,primary_27,33.3333333333333,54.4444444444444,-21.1111111111111,60,98,-38,7.47516582222222,21.9491891333333,-14.4740233111111,15.5884153,74.07939285,-58.49097755,8.59176926111111,8.67569865,-0.0839293888888886,10.2933746,10.42684475,-0.133470149999997,28.89614555,43.2921727611111,-14.3960272111111,38.5144139,95.1217387,-56.6073248,0.530382427777778,0.487682288888889,0.0427001388888889,12.2988280388889,12.1796026888889,0.119225350000004,1.345529848,4.683144362,-3.337614514,5.222733561,8.683894413,-3.461160852,181,198,-17
B,5,1,6,transition,FIXED_C4,primary_28,primary_30,33.3333333333333,31.1111111111111,2.22222222222222,60,56,4,7.47516582222222,4.18460938888889,3.29055643333333,15.5884153,15.1253016,0.463113699999997,8.59176926111111,14.1073383611111,-5.5155691,10.2933746,19.09996535,-8.80659074999999,28.89614555,31.1640540666667,-2.26790851666668,38.5144139,39.5535084,-1.0390945,0.530382427777778,0.583963705555556,-0.0535812777777778,12.2988280388889,12.2881426111111,0.0106854277777781,1.345529848,0.75322969,0.592300158,5.222733561,5.62570337,-0.402969809,181,182,-1
B,5,1,6,phase_remainder,FIXED_C2,primary_28,primary_27,32.3412698412698,31.7857142857143,0.555555555555557,815,801,14,7.33713894404762,7.37758934960317,-0.0404504055555543,15.92717745,15.99944375,-0.0722663000000008,8.64888053611111,8.63824647261905,0.0106340634920628,10.08620125,10.0647083,0.021492949999999,28.7610445579365,28.5707076103175,0.190336947619041,38.7429791,38.68837385,0.0546052500000016,0.574286130555556,0.561506846031746,0.0127792845238096,12.2007389472222,11.9933649420635,0.207374005158728,1.32068500992857,1.32796608292857,-0.00728107299999992,5.17670761878571,5.14265205214286,0.0340555666428575,180,180,0
B,5,1,6,phase_remainder,FIXED_C4,primary_28,primary_30,32.3412698412698,32.2222222222222,0.11904761904762,815,812,3,7.33713894404762,4.23489056746032,3.1022483765873,15.92717745,14.64743975,1.2797377,8.64888053611111,14.1515986309524,-5.50271809484127,10.08620125,18.3672138,-8.28101255,28.7610445579365,31.1579460055556,-2.39690144761905,38.7429791,38.75452235,-0.0115432499999883,0.574286130555556,0.584089083333333,-0.00980295277777776,12.2007389472222,12.1873677238095,0.0133712234126975,1.32068500992857,0.762280302142857,0.558404707785714,5.17670761878571,5.60864813407143,-0.431940515285714,180,180,0
B,5,2,7,transition,FIXED_C2,primary_28,primary_27,46.1904761904762,43.3333333333333,2.85714285714285,97,91,6,5.52889445714286,9.84268751904762,-4.31379306190476,15.5307652,22.8782314,-7.3474662,15.2458949809524,8.63843158095238,6.6074634,19.1552773,10.85813455,8.29714275,35.3881676904762,32.2057419571429,3.18242573333333,46.56924075,45.49714025,1.0721005,1.03075552857143,0.770030861904762,0.260724666666667,13.5826227238095,12.9545919952381,0.628030728571431,1.161067836,2.060141944,-0.899074108,7.423192701,6.741902133,0.681290568,209,209,0
B,5,2,7,transition,FIXED_C4,primary_28,primary_30,46.1904761904762,48.5714285714286,-2.38095238095238,97,102,-5,5.52889445714286,5.83733264285714,-0.308438185714286,15.5307652,15.3275695,0.203195700000006,15.2458949809524,15.2196539857143,0.026240995238096,19.1552773,19.12771465,0.0275626500000072,35.3881676904762,35.4448432285714,-0.0566755380952415,46.56924075,45.3119535,1.25728725,1.03075552857143,1.14465078095238,-0.113895252380952,13.5826227238095,13.2432058190476,0.339416904761906,1.161067836,1.225839855,-0.0647720190000001,7.423192701,7.428922635,-0.00572993400000055,209,209,0
B,5,2,7,phase_remainder,FIXED_C2,primary_28,primary_27,46.2585034013605,45.0340136054422,1.22448979591837,1360,1324,36,5.51137009557823,10.1727550578231,-4.6613849622449,15.3442635,23.0928488,-7.7485853,15.0064630472789,8.56768838095238,6.43877466632653,19.05077505,10.62780495,8.42297009999999,34.9727476578231,32.5662731731292,2.40647448469388,45.7526935,46.3790964,-0.626402899999981,0.959144943877551,0.698120469387755,0.261024474489796,13.4957695710884,13.127709264966,0.368060306122448,1.15709151528571,2.13643401114286,-0.979342495857143,7.34399104828571,6.83976588014286,0.504225168142857,209.928571428571,210,-0.0714285714285836
B,5,2,7,phase_remainder,FIXED_C4,primary_28,primary_30,46.2585034013605,45.8503401360544,0.408163265306115,1360,1348,12,5.51137009557823,5.48887595,0.0224941455782321,15.3442635,15.1589411,0.1853224,15.0064630472789,14.9911808,0.0152822472789111,19.05077505,18.9194431,0.131331949999996,34.9727476578231,34.853757029932,0.118990627891151,45.7526935,45.4612056,0.2914879,0.959144943877551,0.994042663265306,-0.0348977193877551,13.4957695710884,13.3796576166667,0.116111954421765,1.15709151528571,1.1526639495,0.00442756578571424,7.34399104828571,7.319366917,0.0246241312857141,209.928571428571,210,-0.0714285714285836
B,5,3,6,transition,FIXED_C2,primary_28,primary_27,33.3333333333333,32.2222222222222,1.11111111111111,60,58,2,7.33591033333333,7.33280933888889,0.00310099444444401,15.8249542,16.0936822,-0.268728000000001,8.62177485,8.42059032222222,0.201184527777777,9.86669495,9.8507894,0.0159055500000012,28.5679918611111,28.4577567666667,0.110235094444448,38.24435965,39.15830355,-0.9139439,0.625177111111111,0.5275975,0.097579611111111,11.9851295666667,12.1767596055556,-0.191630038888885,1.324610727,1.32455183,5.88969999999467e-05,5.157087651,5.135255977,0.0218316740000004,182,181,1
B,5,3,6,transition,FIXED_C4,primary_28,primary_30,33.3333333333333,32.2222222222222,1.11111111111111,60,58,2,7.33591033333333,4.38515205555556,2.95075827777778,15.8249542,15.786913,0.0380412000000021,8.62177485,14.1241447277778,-5.50236987777778,9.86669495,18.7016098,-8.83491485,28.5679918611111,30.9589701611111,-2.3909783,38.24435965,38.47529935,-0.2309397,0.625177111111111,0.594195838888889,0.0309812722222222,11.9851295666667,11.8554775388889,0.129652027777777,1.324610727,0.78932737,0.535283357,5.157087651,5.587357592,-0.430269941,182,181,1
B,5,3,6,phase_remainder,FIXED_C2,primary_28,primary_27,32.6190476190476,32.3809523809524,0.238095238095241,822,816,6,7.34242126825397,7.40422666825397,-0.0618054000000008,15.7721923,15.96884235,-0.196650050000002,8.64329116746032,8.65636179007936,-0.0130706226190469,9.96156925,9.94549,0.0160792500000007,28.6343380964286,28.598075893254,0.0362622031746014,38.48977465,38.4546612,0.0351134500000043,0.561220154365079,0.557581434126984,0.00363872023809531,12.0874055063492,11.9799060007937,0.107499505555555,1.32078201735714,1.33276080028571,-0.0119787829285714,5.15202951457143,5.14716445742857,0.00486505714285723,179.857142857143,180,-0.142857142857139
B,5,3,6,phase_remainder,FIXED_C4,primary_28,primary_30,32.6190476190476,32.8571428571429,-0.238095238095234,822,828,-6,7.34242126825397,4.31259294603175,3.02982832222222,15.7721923,14.9843138,0.7878785,8.64329116746032,14.1432444063492,-5.49995323888889,9.96156925,18.39371605,-8.4321468,28.6343380964286,31.2304337742064,-2.59609567777778,38.48977465,38.96578315,-0.476008499999999,0.561220154365079,0.593756799603175,-0.0325366452380952,12.0874055063492,12.1808396222222,-0.0934341158730163,1.32078201735714,0.776266730285714,0.544515287071429,5.15202951457143,5.62097767064286,-0.468948156071429,179.857142857143,179.928571428571,-0.0714285714285552
