fold,run,K,C,model,n,Brier,logloss,true_class_exact_zero,Queue_observed,Queue_predicted,Queue_absolute_error,Service_observed,Service_predicted,Service_absolute_error,On_time_observed,On_time_predicted,On_time_absolute_error
1,0,1,1,B0,1798,0.0010107229869908139,0.02468660035119938,0,0.0005561735261401557,0.019100053056687643,0.018543879530547487,0.0,0.005766584205271365,0.005766584205271365,0.9994438264738599,0.975133362738041,0.02431046373581891
1,5,1,2,B0,1797,0.0001893396329600166,0.010935316262507013,0,0.0,0.007101378516804823,0.007101378516804823,0.0,0.0037722902088117294,0.0037722902088117294,1.0,0.9891263312743835,0.010873668725616459
1,10,1,3,B0,1798,0.0004622458979521947,0.007674143814791888,0,0.0,0.002146749640140686,0.002146749640140686,0.0005561735261401557,0.0055399861412413634,0.004983812615101208,0.9994438264738599,0.992313264218618,0.00713056225524189
1,15,1,4,B0,1799,0.0007874063738019985,0.005366858092964921,0,0.0,0.0011024666759723572,0.0011024666759723572,0.0005558643690939411,0.0038510529037598237,0.003295188534665883,0.9994441356309061,0.9950464804202679,0.004397655210638174
1,20,1,5,B0,1798,0.0012545566678007973,0.012769592155830966,0,0.0,0.001060087502210036,0.001060087502210036,0.0005561735261401557,0.007728974047301546,0.00717280052116139,0.9994438264738599,0.9912109384504885,0.00823288802337141
1,25,1,6,B0,1797,0.006219665995227064,0.055075157786437214,0,0.0,0.0038645852442252553,0.0038645852442252553,0.0011129660545353367,0.046976915376694364,0.04586394932215903,0.9988870339454646,0.9491584993790804,0.049728534566384264
1,30,1,7,B0,1795,0.008386282054977944,0.06584724785968284,0,0.0,0.002270925055024284,0.002270925055024284,0.0,0.06117532815346677,0.06117532815346677,1.0,0.9365537467915089,0.06344625320849107
1,35,1,8,B0,1796,0.007865900243938524,0.06515874990606228,0,0.0,0.0023698764445120903,0.0023698764445120903,0.0005567928730512249,0.06113061587452228,0.06057382300147106,0.9994432071269488,0.9364995076809656,0.06294369944598321
1,40,2,1,B0,3593,0.001910110893383243,0.027212012411850284,0,0.00027831895352073476,0.022975081589902083,0.02269676263638135,0.00027831895352073476,0.0034880338082765245,0.00320971485475579,0.9994433620929585,0.9735368846018215,0.025906477491136948
1,45,2,2,B0,3593,0.0012378466581093415,0.012963592785591607,0,0.00027831895352073476,0.009571424903509398,0.009293105949988664,0.0005566379070414695,0.002364553569374559,0.0018079156623330894,0.9991650431394378,0.988064021527116,0.011101021612321738
1,50,2,3,B0,3588,0.0004108358748714407,0.005184310154145393,0,0.0,0.0019766667626910346,0.0019766667626910346,0.0,0.0027765480882541767,0.0027765480882541767,1.0,0.9952467851490547,0.004753214850945264
1,55,2,4,B0,3589,0.0003139112532509156,0.0030564825063717745,0,0.0,0.0007646399503397251,0.0007646399503397251,0.0,0.0020193768519650704,0.0020193768519650704,1.0,0.9972159831976951,0.0027840168023048895
1,60,2,5,B0,3587,0.0008280920584756631,0.006912202718179152,0,0.0,0.0015546510856090181,0.0015546510856090181,0.00027878449958182325,0.004575508361802664,0.00429672386222084,0.9997212155004181,0.9938698405525883,0.005851374947829835
1,65,2,6,B0,3580,0.0029467521399598683,0.03419343538841896,0,0.0,0.0044424156276526424,0.0044424156276526424,0.0,0.02846115013812606,0.02846115013812606,1.0,0.9670964342342212,0.0329035657657788
1,70,2,7,B0,3576,0.0030189292039459097,0.03570685964300401,0,0.0,0.0022992741160390738,0.0022992741160390738,0.0,0.0315558777730203,0.0315558777730203,1.0,0.9661448481109406,0.03385515188905941
1,75,2,8,B0,3582,0.003550109183823331,0.03940572756890159,0,0.0,0.0025651162224953486,0.0025651162224953486,0.0,0.033266090055580684,0.033266090055580684,1.0,0.9641687937219239,0.03583120627807612
1,80,3,1,B0,5379,0.004879776869583217,0.02790500856671458,0,0.002974530581892545,0.017206349976912717,0.014231819395020173,0.00018590816136828406,0.002776591574332591,0.002590683412964307,0.9968395612567392,0.9800170584487549,0.016822502807984363
1,85,3,2,B0,5379,0.003189825253908137,0.015367185819976287,0,0.0018590816136828407,0.00694955176282077,0.005090470149137929,0.0003718163227365681,0.0018629001450199347,0.0014910838222833666,0.9977691020635806,0.9911875480921593,0.00658155397142135
1,90,3,3,B0,5380,0.002303751291809844,0.009977601273372579,0,0.0009293680297397769,0.001846577249405673,0.0009172092196658961,0.0003717472118959108,0.00255473007991076,0.002182982868014849,0.9986988847583643,0.9955986926706837,0.003100192087680642
1,95,3,4,B0,5380,0.001546304080381209,0.005976910042216867,0,0.0003717472118959108,0.0006454466791903779,0.00027369946729446714,0.0003717472118959108,0.001820288003146723,0.0014485407912508124,0.9992565055762082,0.997534265317663,0.0017222402585451713
1,100,3,5,B0,5381,0.001495520039115427,0.008590890589813889,0,0.0005575171901133618,0.0015958276403002403,0.0010383104501868784,0.0005575171901133618,0.004695306967376541,0.0041377897772631785,0.9988849656197732,0.9937088653923233,0.0051761002274499646
1,105,3,6,B0,5355,0.002371351925764462,0.029560140133189715,0,0.0,0.003547775610156022,0.003547775610156022,0.00018674136321195143,0.023284580433817356,0.023097839070605405,0.999813258636788,0.9731676439560266,0.02664561468076143
1,110,3,7,B0,5349,0.0033278330917538078,0.03410848931446138,0,0.0,0.0022394166246428844,0.0022394166246428844,0.0003739016638624042,0.030656218203037554,0.03028231653917515,0.9996260983361376,0.9671043651723197,0.0325217331638179
1,115,3,8,B0,5349,0.0028467543123400596,0.03323589581437372,0,0.0,0.0022999449160096856,0.0022999449160096856,0.0005608524957936063,0.03045361810844878,0.029892765612655175,0.9994391475042064,0.9672464369755415,0.0321927105286649
1,120,4,1,B0,7172,0.0108284735675116,0.042446774962284585,0,0.005716675962074735,0.025957302781347828,0.02024062681927309,0.0002788622420524261,0.0021333549385987465,0.0018544926965463203,0.9940044617958729,0.9719093422800534,0.02209511951581944
1,125,4,2,B0,7177,0.11702988442715323,0.20386923639184953,0,0.002368677720496029,0.12166563795058277,0.11929696023008675,0.0006966699177929497,0.010203234305957012,0.009506564388164062,0.996934652361711,0.8681311277434602,0.12880352461825073
1,130,4,3,B0,7182,0.003082173671894793,0.011607042383599294,0,0.0020885547201336674,0.0032262774501828654,0.001137722730049198,0.0004177109440267335,0.0019741766676448884,0.001556465723618155,0.9974937343358395,0.9947995458821722,0.002694188453667312
1,135,4,4,B0,7179,0.0033003314299167616,0.011769660638904668,0,0.001392951664577239,0.0011876659091261995,0.00020528575545103954,0.0006964758322886195,0.001368557763270225,0.0006720819309816055,0.9979105725031342,0.9974437763276035,0.00046679617553069264
1,140,4,5,B0,7119,0.020762650715554408,0.0744410986381148,0,0.0,0.02590474941416297,0.02590474941416297,0.004073605843517348,0.030707636425605585,0.026634030582088238,0.9959263941564827,0.9433876141602315,0.05253877999625112
1,145,4,6,B0,7125,0.003367688630436344,0.026960252223094627,0,0.0,0.005804800721919362,0.005804800721919362,0.0002807017543859649,0.01912422337920702,0.018843521624821054,0.999719298245614,0.9750709758988735,0.024648322346740525
1,150,4,7,B0,7107,0.0058696138818592645,0.036345205742150964,0,0.0,0.004341865266752668,0.004341865266752668,0.0002814126917123962,0.028319510287493764,0.028038097595781367,0.9997185873082876,0.9673386244457536,0.03237996286253397
1,155,4,8,B0,7097,0.00374686319502618,0.03180780979728921,0,0.0,0.0037684787159018,0.0037684787159018,0.0002818092151613358,0.025312180537938524,0.02503037132277719,0.9997181907848387,0.9709193407461597,0.02879885003867899
1,160,5,1,B0,8970,0.3071109603196238,0.6259211389948313,0,0.013154960981047938,0.026438765215239416,0.013283804234191478,0.16109253065774806,0.01758516619075433,0.14350736446699375,0.8257525083612041,0.9559760685940064,0.13022356023280235
1,165,5,2,B0,8961,0.017581503709538093,0.05954017097985041,0,0.005691329092735186,0.014528153983414603,0.008836824890679417,0.004129003459435331,0.015412371981946657,0.011283368522511326,0.9901796674478295,0.9700594740346388,0.020120193413190712
1,170,5,3,B0,8960,0.04559826618664305,0.108605468007284,0,0.004910714285714286,0.0038121240696295466,0.001098590216084739,0.01997767857142857,0.021432687805833996,0.0014550092344054258,0.9751116071428572,0.9747551881245365,0.0003564190183206195
1,175,5,4,B0,8955,0.16910199710793242,0.2926783647089259,0,0.005695142378559464,0.015795972999072903,0.010100830620513437,0.11055276381909548,0.11747159828883405,0.006918834469738566,0.8837520938023451,0.866732428712093,0.0170196650902521
1,180,5,5,B0,8847,0.2900515594431541,0.5300552455752586,0,0.0,0.00310504008755883,0.00310504008755883,0.1606194190120945,0.04104855579311909,0.11957086321897542,0.8393805809879055,0.9558464041193222,0.11646582313141673
1,185,5,6,B0,8816,0.29675015556878864,0.46572492813796074,0,0.0,0.006501389159010158,0.006501389159010158,0.18954174228675136,0.17296978415289563,0.01657195813385573,0.8104582577132486,0.8205288266880942,0.010070568974845595
1,190,5,7,B0,8819,0.291698776827393,0.4565780822184943,0,0.0,0.0038836223146494083,0.0038836223146494083,0.1851683864383717,0.21596694201547262,0.030798555577100928,0.8148316135616283,0.780149435669878,0.03468217789175021
1,195,5,8,B0,8819,0.29733219053139126,0.46394378826552635,0,0.0,0.003498875935475665,0.003498875935475665,0.1902710057829686,0.1942674105948273,0.0039964048118587,0.8097289942170314,0.8022337134696972,0.007495280747334188
1,200,6,1,B0,10744,0.5147767220489814,0.885373245588601,0,0.5503536857781087,0.31411491358543936,0.23623877219266937,0.08730454206999255,0.26718441540082344,0.1798798733308309,0.3623417721518987,0.41870067101373726,0.056358898861838536
1,205,6,2,B0,10740,0.31747155512970193,0.5779599969032332,0,0.02057728119180633,0.1487357582902075,0.12815847709840117,0.30130353817504657,0.2465566340372299,0.05474690413781666,0.6781191806331471,0.6047076076725626,0.07341157296058454
1,210,6,3,B0,10751,0.2990991605855966,0.4945533375048097,0,0.009580504139149846,0.03601969810244943,0.02643919396329958,0.36954701888196445,0.33020697425754175,0.0393400446244227,0.6208724769788857,0.6337733276400088,0.01290085066112312
1,215,6,4,B0,10657,0.2534019555336214,0.41635661792283607,0,9.38350380031904e-05,0.016914995759853675,0.016821160721850484,0.32588908698508023,0.30069228415654076,0.025196802828539477,0.6740170779769166,0.6823927200836056,0.008375642106689063
1,220,6,5,B0,10443,0.3737176827079302,0.5890834502682023,0,0.01110791918031217,0.0224810992269588,0.01137318004664663,0.4108972517475821,0.4881047954320092,0.07720754368442706,0.5779948290721058,0.48941410534103214,0.08858072373107362
1,225,6,6,B0,10389,0.16783840459070282,0.30865661644212355,0,0.0,0.01829772352938663,0.01829772352938663,0.8752526710944268,0.7785883573906424,0.09666431370378448,0.1247473289055732,0.20311391907997092,0.07836659017439772
1,230,6,7,B0,10419,0.15413308267602865,0.27735086668442976,0,0.0,0.009174260146520334,0.009174260146520334,0.88021883098186,0.8196060229219486,0.06061280805991143,0.11978116901813994,0.1712197169315311,0.051438547913391156
1,235,6,8,B0,10416,0.1543447541010549,0.27866887503939447,0,0.0,0.00926678627047915,0.00926678627047915,0.8759600614439325,0.8118765582119973,0.06408350323193512,0.12403993855606758,0.17885665551752353,0.054816716961455944
1,240,7,1,B0,12527,0.18514853943486476,0.37570658739462315,0,1.0,0.7166087618274833,0.28339123817251666,0.0,0.13324796242871556,0.13324796242871556,0.0,0.15014327574380099,0.15014327574380099
1,245,7,2,B0,12520,0.29477356776320834,0.536067618961703,0,1.0,0.6374795425064902,0.3625204574935098,0.0,0.17506443313077055,0.17506443313077055,0.0,0.18745602436273928,0.18745602436273928
1,250,7,3,B0,12539,0.4225888196455807,0.7173640027227178,0,0.2437993460403541,0.2347004356897984,0.009098910350555711,0.3494696546774065,0.37695572955411183,0.027486074876705346,0.40673099928223944,0.38834383475608975,0.01838716452614969
1,255,7,4,B0,12461,0.3299390397856834,0.5941799403183324,0,0.04855148061953294,0.13617428908402518,0.08762280846449225,0.42412326458550675,0.4338513003021808,0.009728035716674022,0.5273252547949603,0.42997441061379404,0.09735084418116624
1,260,7,5,B0,11688,0.3848942963139326,0.6432864804451706,0,0.06904517453798768,0.13524604453799752,0.06620087000000983,0.6048083504449008,0.5579701092571951,0.04683824118770563,0.3261464750171116,0.3067838462048074,0.01936262881230416
1,265,7,6,B0,11444,0.2523079752269774,0.45021092570874616,0,0.08720727018524992,0.09386489485471047,0.006657624669460557,0.8446347430968193,0.781546238512849,0.0630885045839703,0.06815798671793079,0.12458886663244041,0.056430879914509624
1,270,7,7,B0,11411,0.08054210483848678,0.19926773796680686,0,8.763473841030585e-05,0.049704052740146526,0.04961641800173622,0.967925685741828,0.8473830549540933,0.12054263078773475,0.031986679519761634,0.10291289230576019,0.07092621278599856
1,275,7,8,B0,11259,0.08188704592401269,0.1968460012265924,0,0.00017763566924238386,0.053604917574396074,0.05342728190515369,0.9586108890665246,0.8541126197211628,0.10449826934536177,0.041211475264233056,0.09228246270444129,0.051070987440208236
1,0,1,1,B1,1798,0.00030642883316694725,0.013807333199719532,0,0.0005561735261401557,0.007342193280355467,0.006786019754215311,0.0,0.006794967536485816,0.006794967536485816,0.9994438264738599,0.9858628391831588,0.013580987290701119
1,5,1,2,B1,1797,0.00014613757017679265,0.009645749988188217,0,0.0,0.006155463691134076,0.006155463691134076,0.0,0.003442550720536548,0.003442550720536548,1.0,0.9904019855883295,0.009598014411670519
1,10,1,3,B1,1798,0.0007370027279530348,0.006497602884939625,0,0.0,0.0022014019103451447,0.0022014019103451447,0.0005561735261401557,0.003879433455950322,0.003323259929810166,0.9994438264738599,0.9939191646337046,0.0055246618401553205
1,15,1,4,B1,1799,0.001108966855050364,0.0057005804902968285,0,0.0,0.0011805038895203086,0.0011805038895203086,0.0005558643690939411,0.002428180965867247,0.001872316596773306,0.9994441356309061,0.9963913151446124,0.003052820486293628
1,20,1,5,B1,1798,0.0011751587558758078,0.009623600189591016,0,0.0,0.0011581312670279015,0.0011581312670279015,0.0005561735261401557,0.005096375906506825,0.004540202380366669,0.9994438264738599,0.9937454928264653,0.005698333647394582
1,25,1,6,B1,1797,0.004400369725668588,0.04063055244581694,0,0.0,0.004148665280802175,0.004148665280802175,0.0011129660545353367,0.03334575628201698,0.03223279022748165,0.9988870339454646,0.9625055784371809,0.036381455508283755
1,30,1,7,B1,1795,0.004193577923910869,0.04514331013087754,0,0.0,0.0018739278297593292,0.0018739278297593292,0.0,0.04200788308785847,0.04200788308785847,1.0,0.9561181890823822,0.04388181091761778
1,35,1,8,B1,1796,0.0038538424217144916,0.04538421822827684,0,0.0,0.002010700985909541,0.002010700985909541,0.0005567928730512249,0.04278057824430323,0.04222378537125201,0.9994432071269488,0.9552087207697872,0.04423448635716154
1,40,2,1,B1,3593,0.0008480990383962928,0.014969225957644371,0,0.00027831895352073476,0.009748734984815327,0.009470416031294593,0.00027831895352073476,0.0047896641620293195,0.0045113452085085845,0.9994433620929585,0.9854616008531554,0.013981761239803103
1,45,2,2,B1,3593,0.0012715593498629479,0.013892619726568836,0,0.00027831895352073476,0.009535391271317752,0.009257072317797018,0.0005566379070414695,0.0027713141670296306,0.002214676259988161,0.9991650431394378,0.9876932945616526,0.011471748577785212
1,50,2,3,B1,3588,0.0003908870331753938,0.004954726156765774,0,0.0,0.002200476259072696,0.002200476259072696,0.0,0.002470080647937297,0.002470080647937297,1.0,0.99532944309299,0.004670556907010015
1,55,2,4,B1,3589,0.0002067339064267295,0.0025418349798628686,0,0.0,0.0008576241915813458,0.0008576241915813458,0.0,0.0015784772970101396,0.0015784772970101396,1.0,0.9975638985114085,0.0024361014885915244
1,60,2,5,B1,3587,0.0009480404052423646,0.006967626114918607,0,0.0,0.0019504932583219463,0.0019504932583219463,0.00027878449958182325,0.003666501577099326,0.003387717077517503,0.9997212155004181,0.9943830051645788,0.005338210335839366
1,65,2,6,B1,3580,0.00214576465119863,0.030056378774182362,0,0.0,0.005082548915052159,0.005082548915052159,0.0,0.02411832229192392,0.02411832229192392,1.0,0.9707991287930239,0.02920087120697612
1,70,2,7,B1,3576,0.0024842739376349714,0.031883355760976395,0,0.0,0.0022655544308210042,0.0022655544308210042,0.0,0.02840788617966901,0.02840788617966901,1.0,0.96932655938951,0.030673440610490044
1,75,2,8,B1,3582,0.0027461760685779596,0.03375851135982857,0,0.0,0.0025355297656571916,0.0025355297656571916,0.0,0.028566599751321645,0.028566599751321645,1.0,0.9688978704830211,0.031102129516978883
1,80,3,1,B1,5379,0.004518717795654924,0.021795716995201688,0,0.002974530581892545,0.009028547423849002,0.006054016841956457,0.00018590816136828406,0.003924358056348757,0.0037384498949804726,0.9968395612567392,0.9870470945198022,0.009792466736937011
1,85,3,2,B1,5379,0.0032015440347449814,0.01674979092065207,0,0.0018590816136828407,0.008400025350800751,0.0065409437371179106,0.0003718163227365681,0.0023546328815083808,0.0019828165587718128,0.9977691020635806,0.989245341767691,0.008523760295889637
1,90,3,3,B1,5380,0.002241111177918687,0.00992385830097026,0,0.0009293680297397769,0.002497619937668893,0.0015682519079291161,0.0003717472118959108,0.002647517694179682,0.002275770482283771,0.9986988847583643,0.9948548623681513,0.0038440223902129755
1,95,3,4,B1,5380,0.00147545916419652,0.0054656494739483835,0,0.0003717472118959108,0.0009007460150764466,0.0005289988031805359,0.0003717472118959108,0.001651410504912139,0.0012796632930162284,0.9992565055762082,0.9974478434800114,0.0018086620961967892
1,100,3,5,B1,5381,0.0014430657705643368,0.008637390304373476,0,0.0005575171901133618,0.0023217991129853427,0.001764281922871981,0.0005575171901133618,0.0041733281168314105,0.0036158109267180488,0.9988849656197732,0.9935048727701833,0.005380092849589957
1,105,3,6,B1,5355,0.0029438278936682097,0.03135196851495167,0,0.0,0.005196782762859244,0.005196782762859244,0.00018674136321195143,0.02342331383085185,0.0232365724676399,0.999813258636788,0.9713799034062889,0.02843335523049917
1,110,3,7,B1,5349,0.0036197290657690533,0.0341933005603332,0,0.0,0.0027485074967421386,0.0027485074967421386,0.0003739016638624042,0.03012538657321026,0.029751484909347856,0.9996260983361376,0.9671261059300476,0.03249999240609003
1,115,3,8,B1,5349,0.0036693350373438,0.034586405483028396,0,0.0,0.002905381328694488,0.002905381328694488,0.0005608524957936063,0.030512442963524164,0.02995159046773056,0.9994391475042064,0.9665821757077815,0.03285697179642488
1,120,4,1,B1,7172,0.009389321727459897,0.031163883641182572,0,0.005716675962074735,0.01184874861240865,0.006132072650333916,0.0002788622420524261,0.0026623466716480335,0.0023834844295956073,0.9940044617958729,0.9854889047159434,0.008515557079929459
1,125,4,2,B1,7177,0.10261172924047934,0.1801426607736272,0,0.002368677720496029,0.11485875319662937,0.11249007547613335,0.0006966699177929497,0.007514117570096311,0.006817447652303361,0.996934652361711,0.8776271292332742,0.11930752312843673
1,130,4,3,B1,7182,0.003045708186479348,0.012001316578943998,0,0.0020885547201336674,0.00398092405760678,0.0018923693374731125,0.0004177109440267335,0.002374124723542177,0.0019564137795154437,0.9974937343358395,0.9936449512188512,0.00384878311698833
1,135,4,4,B1,7179,0.0032345765241363,0.011240014708522945,0,0.001392951664577239,0.0014950397485769707,0.00010208808399973161,0.0006964758322886195,0.0015521127435412074,0.0008556369112525878,0.9979105725031342,0.9969528475078817,0.0009577249952524847
1,140,4,5,B1,7119,0.019848911553308906,0.07187484291584485,0,0.0,0.03147449462523436,0.03147449462523436,0.004073605843517348,0.02013789879836057,0.016064292954843223,0.9959263941564827,0.9483876065764051,0.04753878758007757
1,145,4,6,B1,7125,0.0043354464105987665,0.032729177850674224,0,0.0,0.007644611456809427,0.007644611456809427,0.0002807017543859649,0.022454013680455638,0.022173311926069673,0.999719298245614,0.969901374862735,0.02981792338287903
1,150,4,7,B1,7107,0.006350087312423488,0.03931966147818998,0,0.0,0.004769864175738337,0.004769864175738337,0.0002814126917123962,0.031115512058025756,0.03083409936631336,0.9997185873082876,0.9641146237662359,0.03560396354205164
1,155,4,8,B1,7097,0.005036414391375393,0.0368699800601863,0,0.0,0.004228516870818161,0.004228516870818161,0.0002818092151613358,0.0298331259296936,0.029551316714532264,0.9997181907848387,0.9659383571994883,0.033779833585350416
1,160,5,1,B1,8970,0.3169312971572711,0.6328967492000518,0,0.013154960981047938,0.012318667067369244,0.0008362939136786936,0.16109253065774806,0.017495318420395926,0.14359721223735214,0.8257525083612041,0.9701860145122349,0.1444335061510308
1,165,5,2,B1,8961,0.017507181203782505,0.05980946590656679,0,0.005691329092735186,0.015653014385876553,0.009961685293141367,0.004129003459435331,0.015627420888746094,0.011498417429310763,0.9901796674478295,0.9687195647253773,0.021460102722452135
1,170,5,3,B1,8960,0.04473235057386036,0.10454827100298933,0,0.004910714285714286,0.005165548571143876,0.00025483428542959034,0.01997767857142857,0.02263447140266054,0.0026567928312319702,0.9751116071428572,0.9721999800261955,0.002911627116661708
1,175,5,4,B1,8955,0.1636432312945074,0.283331699255016,0,0.005695142378559464,0.020892152332085915,0.01519700995352645,0.11055276381909548,0.08591309975816872,0.02463966406092677,0.8837520938023451,0.8931947479097454,0.009442654107400306
1,180,5,5,B1,8847,0.28606702934564465,0.5368175903469644,0,0.0,0.004862559157876141,0.004862559157876141,0.1606194190120945,0.04447034500061614,0.11614907401147836,0.8393805809879055,0.9506670958415079,0.11128651485360241
1,185,5,6,B1,8816,0.31246558929409524,0.49960469955346754,0,0.0,0.008663201071882726,0.008663201071882726,0.18954174228675136,0.18592113235916036,0.003620609927591001,0.8104582577132486,0.8054156665689569,0.00504259114429173
1,190,5,7,B1,8819,0.31132011915084024,0.48559393220125024,0,0.0,0.004266100912737428,0.004266100912737428,0.1851683864383717,0.22086991903906525,0.03570153260069356,0.8148316135616283,0.7748639800481972,0.03996763351343102
1,195,5,8,B1,8819,0.31397914485687867,0.4912783779300094,0,0.0,0.0039500455269509465,0.0039500455269509465,0.1902710057829686,0.2069612018738299,0.01669019609086131,0.8097289942170314,0.7890887525992192,0.020640241617812194
1,200,6,1,B1,10744,0.5245492499223865,0.9228261772838239,0,0.5503536857781087,0.25850641933705293,0.2918472664410558,0.08730454206999255,0.27899232056434947,0.19168777849435692,0.3623417721518987,0.4625012600985975,0.10015948794669877
1,205,6,2,B1,10740,0.3335471867454798,0.5998272757764239,0,0.02057728119180633,0.16690814693905992,0.1463308657472536,0.30130353817504657,0.24796393357606056,0.05333960459898601,0.6781191806331471,0.5851279194848795,0.09299126114826761
1,210,6,3,B1,10751,0.2597465026256269,0.45160140797386683,0,0.009580504139149846,0.048202807485837953,0.038622303346688105,0.36954701888196445,0.3429111454548788,0.026635873427085677,0.6208724769788857,0.6088860470592833,0.011986429919602415
1,215,6,4,B1,10657,0.18704424861325364,0.3419039219733754,0,9.38350380031904e-05,0.022265522264006594,0.022171687226003402,0.32588908698508023,0.3270829498083808,0.0011938628233005844,0.6740170779769166,0.6506515279276125,0.023365550049304074
1,220,6,5,B1,10443,0.37900153276855525,0.5960469121742492,0,0.01110791918031217,0.030514748730403548,0.019406829550091376,0.4108972517475821,0.4873083337437353,0.07641108199615315,0.5779948290721058,0.48217691752586117,0.09581791154624458
1,225,6,6,B1,10389,0.17450934557121295,0.3095570769864435,0,0.0,0.021991129351858717,0.021991129351858717,0.8752526710944268,0.761111471068828,0.1141412000255988,0.1247473289055732,0.21689739957931337,0.09215007067374016
1,230,6,7,B1,10419,0.15731741508966085,0.2741542454921578,0,0.0,0.009350315724556081,0.009350315724556081,0.88021883098186,0.7984476826254784,0.08177114835638166,0.11978116901813994,0.19220200164996562,0.07242083263182568
1,235,6,8,B1,10416,0.1587263883524784,0.2775577514664708,0,0.0,0.009345374448684484,0.009345374448684484,0.8759600614439325,0.7957771741635863,0.08018288728034617,0.12403993855606758,0.1948774513877292,0.0708375128316616
1,240,7,1,B1,12527,0.006836746654963367,0.015688139301136477,0,1.0,0.9875490109615467,0.01245098903845332,0.0,0.0034187290727890245,0.0034187290727890245,0.0,0.009032259965664409,0.009032259965664409
1,245,7,2,B1,12520,0.3280427519208762,0.5900312492379431,0,1.0,0.6241214360085531,0.3758785639914469,0.0,0.1650643884466177,0.1650643884466177,0.0,0.21081417554482926,0.21081417554482926
1,250,7,3,B1,12539,0.36466872839285425,0.6376021552203843,0,0.2437993460403541,0.19041454703822072,0.05338479900213339,0.3494696546774065,0.390766088476262,0.0412964337988555,0.40673099928223944,0.4188193644855173,0.012088365203277884
1,255,7,4,B1,12461,0.2513754509645184,0.4718754778698022,0,0.04855148061953294,0.09606557539719669,0.04751409477766375,0.42412326458550675,0.44653968388573495,0.022416419300228196,0.5273252547949603,0.45739474071706837,0.06993051407789191
1,260,7,5,B1,11688,0.38763846617849707,0.6319043674200776,0,0.06904517453798768,0.08879578862735156,0.019750614089363877,0.6048083504449008,0.5801476989894467,0.02466065145545404,0.3261464750171116,0.3310565123832017,0.004910037366090136
1,265,7,6,B1,11444,0.2811589927557253,0.5150726654876657,0,0.08720727018524992,0.05128097704297427,0.03592629314227565,0.8446347430968193,0.8068145372784232,0.03782020581839607,0.06815798671793079,0.1419044856786025,0.07374649896067172
1,270,7,7,B1,11411,0.08115920995316697,0.17381210750094991,0,8.763473841030585e-05,0.021561779001858423,0.021474144263448118,0.967925685741828,0.8836787904315139,0.08424689531031415,0.031986679519761634,0.09475943056662763,0.062772751046866
1,275,7,8,B1,11259,0.08545507580153971,0.1771155592091337,0,0.00017763566924238386,0.024678385539631056,0.024500749870388673,0.9586108890665246,0.8886081870461494,0.07000270202037517,0.041211475264233056,0.08671342741421936,0.045501952149986306
1,0,1,1,P,1798,0.0011102602184466287,0.004554194072222427,0,0.0005561735261401557,1.5460000726617152e-07,0.0005560189261328896,0.0,9.83825710661266e-07,9.83825710661266e-07,0.9994438264738599,0.9999988615742821,0.0005550351004222076
1,5,1,2,P,1797,1.4782651069906611e-13,6.413419223088834e-09,0,0.0,0.0,0.0,0.0,6.4133822661772105e-09,6.4133822661772105e-09,1.0,0.9999999935866177,6.413382269698786e-09
1,10,1,3,P,1798,0.0010304358147948933,0.0018258059349042916,0,0.0,0.0,0.0,0.0005561735261401557,2.0869536984415517e-05,0.0005353039891557402,0.9994438264738599,0.9999791304630156,0.0005353039891556888
1,15,1,4,P,1799,1.9338824107725552e-10,2.329300045400835e-07,0,0.0,2.318355494622139e-07,2.318355494622139e-07,0.0005558643690939411,0.0005556335796390497,2.3078945489136797e-07,0.9994441356309061,0.9994441345848115,1.0460945443213632e-09
1,20,1,5,P,1798,0.001112370455845347,0.006749367096315511,0,0.0,0.0,0.0,0.0005561735261401557,0.00013908900126423206,0.00041708452487592367,0.9994438264738599,0.9998609109987361,0.00041708452487621006
1,25,1,6,P,1797,0.001112861045588619,0.005222448192164185,0,0.0,0.0,0.0,0.0011129660545353367,0.000551880323656399,0.0005610857308789377,0.9988870339454646,0.9994481196763436,0.0005610857308789852
1,30,1,7,P,1795,7.001676430269412e-10,4.418002805461773e-07,0,0.0,0.0,0.0,0.0,4.4162514607457255e-07,4.4162514607457255e-07,1.0,0.9999995583748539,4.4162514611922887e-07
1,35,1,8,P,1796,0.0009370645846481084,0.001388153916713273,0,0.0,0.0,0.0,0.0005567928730512249,4.619724963435277e-05,0.0005105956234168721,0.9994432071269488,0.9999538027503657,0.0005105956234169318
1,40,2,1,P,3593,0.0005532425733051878,0.0017924170760944057,0,0.00027831895352073476,0.00027887813315337915,5.591796326443908e-07,0.00027831895352073476,1.4645152207741268e-06,0.0002768544382999606,0.9994433620929585,0.9997196573516258,0.0002762952586673473
1,45,2,2,P,3593,0.0011125220439170366,0.004677621511024535,0,0.00027831895352073476,1.937749450120207e-07,0.00027812517857572273,0.0005566379070414695,0.000556555106408829,8.280063264047045e-08,0.9991650431394378,0.9994432511186461,0.0002782079792083003
1,50,2,3,P,3588,1.1731312114371605e-11,4.0435571316684335e-08,0,0.0,0.0,0.0,0.0,4.04326382049768e-08,4.04326382049768e-08,1.0,0.9999999595673619,4.043263812647524e-08
1,55,2,4,P,3589,3.238187205445176e-12,2.1240552184495304e-08,0,0.0,0.0,0.0,0.0,2.1239742596550727e-08,2.1239742596550727e-08,1.0,0.9999999787602574,2.1239742631351533e-08
1,60,2,5,P,3587,2.922282516925507e-08,2.025616498282891e-06,0,0.0,0.0,0.0,0.00027878449958182325,0.00028080277492121305,2.018275339389804e-06,0.9997212155004181,0.9997191972250787,2.018275339410458e-06
1,65,2,6,P,3580,0.0,-0.0,0,0.0,0.0,0.0,0.0,0.0,0.0,1.0,1.0,0.0
1,70,2,7,P,3576,3.841963210130547e-08,2.327388342914671e-06,0,0.0,0.0,0.0,0.0,2.317730031169746e-06,2.317730031169746e-06,1.0,0.9999976822699688,2.3177300312315907e-06
1,75,2,8,P,3582,0.0005553778314775834,0.0016550574544083453,0,0.0,0.0,0.0,0.0,0.0002784302912090492,0.0002784302912090492,1.0,0.999721569708791,0.00027843029120899754
1,80,3,1,P,5379,0.005591535726409671,0.016511262609086974,0,0.002974530581892545,0.00023280924430206073,0.002741721337590484,0.00018590816136828406,0.0002059786541971675,2.0070492828883432e-05,0.9968395612567392,0.9995612121015006,0.002721650844761392
1,85,3,2,P,5379,0.004030677813376957,0.011949798419927816,0,0.0018590816136828407,0.00019596449898286848,0.0016631171146999722,0.0003718163227365681,0.00035941563509673353,1.240068763983459e-05,0.9977691020635806,0.9994446198659204,0.0016755178023397654
1,90,3,3,P,5380,0.0025965211949712796,0.009305779916995834,0,0.0009293680297397769,1.2873689065330391e-06,0.0009280806608332439,0.0003717472118959108,0.00018618864816677936,0.0001855585637291314,0.9986988847583643,0.9998125239829266,0.0011136392245623128
1,95,3,4,P,5380,0.001485265179137494,0.005891205261156443,0,0.0003717472118959108,3.889292414980913e-07,0.0003713582826544127,0.0003717472118959108,1.007856502175708e-06,0.0003707393553937351,0.9992565055762082,0.9999986032142563,0.0007420976380481115
1,100,3,5,P,5381,0.0017766713229140946,0.009685820227743263,0,0.0005575171901133618,7.699677221744744e-07,0.0005567472223911873,0.0005575171901133618,0.0004274438556785191,0.0001300733344348427,0.9988849656197732,0.9995717861765993,0.0006868205568260066
1,105,3,6,P,5355,0.0005235072580442202,0.0011411823751943894,0,0.0,0.0,0.0,0.00018674136321195143,0.0004924894777055754,0.000305748114493624,0.999813258636788,0.9995075105222944,0.0003057481144936869
1,110,3,7,P,5349,3.3978747755662437e-07,6.66907864338427e-06,0,0.0,0.0,0.0,0.0003739016638624042,0.00036918391770849517,4.717746153909007e-06,0.9996260983361376,0.9996308160822914,4.717746153848346e-06
1,115,3,8,P,5349,2.8615021560307103e-09,6.459134840378556e-07,0,0.0,0.0,0.0,0.0005608524957936063,0.0005602072989440234,6.451968495829307e-07,0.9994391475042064,0.9994397927010559,6.451968495024829e-07
1,120,4,1,P,7172,0.011062642574869453,0.028875377960379468,0,0.005716675962074735,0.00023015364472268643,0.005486522317352049,0.0002788622420524261,0.0007203675508027547,0.0004415053087503286,0.9940044617958729,0.9990494788044746,0.005045017008601715
1,125,4,2,P,7177,0.02061954723934894,0.04227367591199888,0,0.002368677720496029,0.00043092379038369366,0.0019377539301123356,0.0006966699177929497,0.024261373397589048,0.023564703479796098,0.996934652361711,0.9753077028120273,0.021626949549683694
1,130,4,3,P,7182,0.04950640118572491,0.0964065390340338,0,0.0020885547201336674,0.0008225606407808901,0.0012659940793527773,0.0004177109440267335,0.07597379269649908,0.07555608175247235,0.9974937343358395,0.92320364666272,0.07429008767311951
1,135,4,4,P,7179,0.004272200593510776,0.017423251212194815,1,0.001392951664577239,2.563536001731562e-06,0.0013903881285755074,0.0006964758322886195,0.0006457457951981533,5.073003709046625e-05,0.9979105725031342,0.9993516906688,0.0014411181656658334
1,140,4,5,P,7119,0.015325044201706186,0.035525205687131696,0,0.0,0.0,0.0,0.004073605843517348,0.01789303717552036,0.013819431332003012,0.9959263941564827,0.9821069628244796,0.01381943133200303
1,145,4,6,P,7125,0.0003903697025886062,0.0012531253208459831,0,0.0,2.2521000833280332e-08,2.2521000833280332e-08,0.0002807017543859649,0.0007767938946838372,0.0004960921402978723,0.999719298245614,0.9992231835843153,0.0004961146612987299
1,150,4,7,P,7107,0.0008714312088028089,0.002209543192182401,0,0.0,0.0,0.0,0.0002814126917123962,0.0011463771953988666,0.0008649645036864704,0.9997185873082876,0.9988536228046011,0.0008649645036864495
1,155,4,8,P,7097,0.0006841274272737506,0.0020485804589081566,0,0.0,0.0,0.0,0.0002818092151613358,0.0008737940816151229,0.000591984866453787,0.9997181907848387,0.999126205918385,0.0005919848664537319
1,160,5,1,P,8970,0.09669712748800371,0.16178995440553348,0,0.013154960981047938,0.000944485461032922,0.012210475520015016,0.16109253065774806,0.12941734162240268,0.031675189035345386,0.8257525083612041,0.8696381729165645,0.04388566455536047
1,165,5,2,P,8961,0.15547759349873183,0.21236433178008873,0,0.005691329092735186,0.0006137449300417542,0.005077584162693432,0.004129003459435331,0.12319334328193172,0.1190643398224964,0.9901796674478295,0.8761929117880265,0.11398675565980299
1,170,5,3,P,8960,0.11945355669046062,0.2078959355124243,0,0.004910714285714286,0.0001792602689663946,0.004731454016747891,0.01997767857142857,0.1412080790865579,0.12123040051512934,0.9751116071428572,0.8586126606444757,0.11649894649838144
1,175,5,4,P,8955,0.20371707605052847,0.3142764771051732,0,0.005695142378559464,0.005682346819084454,1.2795559475010064e-05,0.11055276381909548,0.18259729200754618,0.0720445281884507,0.8837520938023451,0.8117203611733693,0.07203173262897578
1,180,5,5,P,8847,0.2723513904526219,0.4312910752067128,0,0.0,1.2024751749000472e-07,1.2024751749000472e-07,0.1606194190120945,0.17545268035838896,0.014833261346294452,0.8393805809879055,0.8245471993940936,0.014833381593811867
1,185,5,6,P,8816,0.307910764360699,0.4765900204450035,0,0.0,4.0480352400430714e-05,4.0480352400430714e-05,0.18954174228675136,0.2147956008904579,0.025253858603706547,0.8104582577132486,0.7851639187571418,0.025294338956106888
1,190,5,7,P,8819,0.3014352887957223,0.4675440673855166,0,0.0,1.2094797653659439e-05,1.2094797653659439e-05,0.1851683864383717,0.2165295354198334,0.03136114898146172,0.8148316135616283,0.7834583697825129,0.03137324377911532
1,195,5,8,P,8819,0.29926961697612475,0.46313159960770783,0,0.0,4.310645922487397e-08,4.310645922487397e-08,0.1902710057829686,0.19117488449729222,0.0009038787143236249,0.8097289942170314,0.8088250723962486,0.0009039218207828048
1,200,6,1,P,10744,0.056671749410787314,0.11250467157562882,0,0.5503536857781087,0.5261575968640133,0.024196088914095415,0.08730454206999255,0.1027018270756537,0.015397285005661149,0.3623417721518987,0.3711405760603329,0.008798803908434183
1,205,6,2,P,10740,0.07504054524790417,0.14963547800526114,0,0.02057728119180633,0.0031491611983462827,0.01742811999346005,0.30130353817504657,0.32150843515194816,0.020204896976901587,0.6781191806331471,0.6753424036497057,0.0027767769834414757
1,210,6,3,P,10751,0.17755226389576015,0.2710527086955868,0,0.009580504139149846,0.0008594389585154312,0.008721065180634415,0.36954701888196445,0.41862931199909925,0.0490822931171348,0.6208724769788857,0.5805112490423854,0.04036122793650032
1,215,6,4,P,10657,0.026422558970431956,0.060895532830296716,0,9.38350380031904e-05,0.0010117223256302312,0.0009178872876270407,0.32588908698508023,0.3100297859883599,0.015859300996720338,0.6740170779769166,0.6889584916860099,0.014941413709093299
1,220,6,5,P,10443,0.3485745073338366,0.5297473620053865,0,0.01110791918031217,0.017515479767678272,0.006407560587366102,0.4108972517475821,0.3877430608660583,0.023154190881523817,0.5779948290721058,0.5947414593662633,0.016746630294157572
1,225,6,6,P,10389,0.1450657267768803,0.23384346139413398,0,0.0,1.2873754366224345e-06,1.2873754366224345e-06,0.8752526710944268,0.8718011702624902,0.0034515008319366824,0.1247473289055732,0.1281975423620733,0.003450213456500109
1,230,6,7,P,10419,0.14395596952523926,0.22838164569474742,0,0.0,1.427497623978294e-06,1.427497623978294e-06,0.88021883098186,0.9022689175274579,0.022050086545597813,0.11978116901813994,0.0977296549749183,0.022051514043221643
1,235,6,8,P,10416,0.1451176304818271,0.23560898374009198,0,0.0,3.5283404775172726e-08,3.5283404775172726e-08,0.8759600614439325,0.8976830142061648,0.02172295276223235,0.12403993855606758,0.1023169505104304,0.021722988045637187
1,240,7,1,P,12527,0.0,-0.0,0,1.0,1.0,0.0,0.0,0.0,0.0,0.0,0.0,0.0
1,245,7,2,P,12520,0.0012913454521601873,0.004050565324252284,0,1.0,0.99644999096693,0.003550009033070012,0.0,0.0021911892941946782,0.0021911892941946782,0.0,0.0013588197388752507,0.0013588197388752507
1,250,7,3,P,12539,0.20786378262962774,0.31175671516586206,1,0.2437993460403541,0.19692250907453446,0.04687683696581965,0.3494696546774065,0.37914168738293347,0.029672032705526985,0.40673099928223944,0.42393580354253196,0.017204804260292528
1,255,7,4,P,12461,0.13875192714411982,0.24507796470638799,0,0.04855148061953294,0.021331193312293245,0.027220287307239695,0.42412326458550675,0.4497310985223939,0.025607833936887148,0.5273252547949603,0.5289377081653128,0.00161245337035254
1,260,7,5,P,11688,0.41921957714257907,0.6206823838708474,0,0.06904517453798768,0.07624544550831067,0.007200270970322983,0.6048083504449008,0.5230487143234351,0.08175963612146564,0.3261464750171116,0.40070584016825417,0.07455936515114259
1,265,7,6,P,11444,0.23068654081453982,0.37166226530581387,2,0.08720727018524992,0.07999612379964319,0.007211146385606729,0.8446347430968193,0.7792674148174741,0.06536732827934522,0.06815798671793079,0.14073646138288273,0.07257847466495194
1,270,7,7,P,11411,0.05971282779417437,0.12737396713973562,1,8.763473841030585e-05,4.684389322354704e-06,8.295034908795114e-05,0.967925685741828,0.9756959252401051,0.007770239498277043,0.031986679519761634,0.024299390370572414,0.00768728914918922
1,275,7,8,P,11259,0.07531032344772032,0.1496626576642383,0,0.00017763566924238386,1.5276821374706867e-05,0.00016235884786767698,0.9586108890665246,0.9705992539603802,0.011988364893855574,0.041211475264233056,0.029385469218245107,0.01182600604598795
2,1,1,1,B0,1798,0.001749210425126493,0.023331806897854503,0,0.0005561735261401557,0.015893635789357635,0.015337462263217479,0.0005561735261401557,0.005335826119797142,0.004779652593656986,0.9988876529477196,0.9787705380908452,0.020117114856874396
2,6,1,2,B0,1798,0.0012860685773050133,0.014224284557026269,0,0.0,0.009021459725703014,0.009021459725703014,0.0005561735261401557,0.003753455071815552,0.003197281545675396,0.9994438264738599,0.9872250852024814,0.012218741271378453
2,11,1,3,B0,1798,0.00036754928127795357,0.007004022287781319,0,0.0,0.0019464425061026705,0.0019464425061026705,0.0005561735261401557,0.005024910035084514,0.004468736508944358,0.9994438264738599,0.9930286474588128,0.006415179015047068
2,16,1,4,B0,1799,0.000938480690076396,0.00530118968327733,0,0.0,0.0005750846277931006,0.0005750846277931006,0.0005558643690939411,0.003395634656216069,0.0028397702871221283,0.9994441356309061,0.9960292807159908,0.003414854914915222
2,21,1,5,B0,1798,0.00027413494066948365,0.00936460284319602,0,0.0,0.0011670569317113536,0.0011670569317113536,0.0005561735261401557,0.008351965641328644,0.007795792115188488,0.9994438264738599,0.9904809774269601,0.008962849046899812
2,26,1,6,B0,1795,0.00544154552314813,0.05154485767312212,0,0.0,0.003487431933639751,0.003487431933639751,0.0,0.04619650636400325,0.04619650636400325,1.0,0.950316061702357,0.04968393829764295
2,31,1,7,B0,1796,0.007940393681329984,0.06250859267933416,0,0.0,0.001994363813064682,0.001994363813064682,0.0005567928730512249,0.05638571616847647,0.05582892329542525,0.9994432071269488,0.9416199200184588,0.05782328710848994
2,36,1,8,B0,1796,0.008221997167798327,0.06445024837871681,0,0.0,0.0021171615300806653,0.0021171615300806653,0.0005567928730512249,0.05966579355444293,0.05910900068139171,0.9994432071269488,0.9382170449154764,0.06122616221147237
2,41,2,1,B0,3592,0.0020412953419091835,0.023018430118095134,0,0.0005567928730512249,0.018133093403826697,0.017576300530775472,0.00027839643652561246,0.003118130053593222,0.00283973361706761,0.9991648106904232,0.9787487765425802,0.020416034147842987
2,46,2,2,B0,3588,0.001396700598599131,0.01822180806389035,0,0.0,0.011259584001985687,0.011259584001985687,0.0,0.0024226240435518665,0.0024226240435518665,1.0,0.9863177919544625,0.013682208045537547
2,51,2,3,B0,3592,0.0008275044094678774,0.005862823250737922,0,0.00027839643652561246,0.002513579409525052,0.0022351829729994398,0.00027839643652561246,0.002830873356394775,0.0025524769198691627,0.9994432071269488,0.9946555472340801,0.0047876598928686676
2,56,2,4,B0,3593,0.0012251912292393,0.005713038560817188,0,0.0,0.000844435439661487,0.000844435439661487,0.00027831895352073476,0.0018853471146767253,0.0016070281611559904,0.9997216810464793,0.9972702174456618,0.002451463600817494
2,61,2,5,B0,3588,0.0005410345102496464,0.006223407216989371,0,0.0,0.0013911717908877594,0.0013911717908877594,0.0002787068004459309,0.00454710354851683,0.004268396748070899,0.999721293199554,0.9940617246605953,0.00565956853895877
2,66,2,6,B0,3581,0.002981652777668872,0.03539555238404056,0,0.0,0.004319371858320956,0.004319371858320956,0.0,0.02878821482938519,0.02878821482938519,1.0,0.9668924133122939,0.03310758668770608
2,71,2,7,B0,3578,0.0036090404084337955,0.03863544404244707,0,0.0,0.0025587521824721156,0.0025587521824721156,0.00027948574622694243,0.034553835677011806,0.03427434993078486,0.9997205142537731,0.9628874121405161,0.036833102113256966
2,76,2,8,B0,3579,0.0036911540616115074,0.03920912644623732,0,0.0,0.002369862745202493,0.002369862745202493,0.0,0.033131585822948464,0.033131585822948464,1.0,0.964498551431849,0.03550144856815096
2,81,3,1,B0,5380,0.13427710241693003,0.24831696300549738,0,0.0018587360594795538,0.1685658748710199,0.16670713881154034,0.0003717472118959108,0.015991040656272906,0.015619293444376995,0.9977695167286246,0.8154430844727072,0.18232643225591738
2,86,3,2,B0,5382,0.0017383521765203778,0.016137538585852575,0,0.0009290226681531029,0.011294649714389532,0.01036562704623643,0.0001858045336306206,0.001996520223183082,0.0018107156895524616,0.9988851727982163,0.9867088300624274,0.012176342735788936
2,91,3,3,B0,5380,0.000788131762298901,0.006336282467312427,0,0.0007434944237918215,0.0028458750197761467,0.0021023805959843253,0.0003717472118959108,0.0026779714509638803,0.0023062242390679694,0.9988847583643122,0.9944761535292598,0.004408604835052454
2,96,3,4,B0,5375,0.0007297229471113673,0.003982811796586043,0,0.00037209302325581393,0.0009837910467303923,0.0006116980234745783,0.00037209302325581393,0.0017526302408886964,0.0013805372176328825,0.9992558139534884,0.9972635787123808,0.001992235241107587
2,101,3,5,B0,5365,0.0009652564039851452,0.007576066663004262,0,0.0,0.0018878908788755972,0.0018878908788755972,0.0003727865796831314,0.004705901617861806,0.004333115038178675,0.9996272134203169,0.9934062075032626,0.006221005917054323
2,106,3,6,B0,5354,0.0024362952267343203,0.029421455173894582,0,0.0,0.0043091284457206025,0.0043091284457206025,0.00018677624206200972,0.023109227356007053,0.022922451113945044,0.999813223757938,0.9725816441982724,0.027231579559665597
2,111,3,7,B0,5353,0.003491110453678617,0.03540313185309105,0,0.0,0.00272631489080723,0.00272631489080723,0.00018681113394358303,0.03018107620715423,0.029994265073210645,0.9998131888660564,0.9670926089020386,0.03272057996401778
2,116,3,8,B0,5348,0.0032771230082687323,0.036314271903964884,0,0.0,0.0027779013735408885,0.0027779013735408885,0.00018698578908002991,0.030795754760002528,0.030608768970922497,0.99981301421092,0.9664263438664568,0.03338667034446319
2,121,4,1,B0,7172,0.009943850389409304,0.03715748951334284,0,0.005158951477969883,0.018489086421486917,0.013330134943517034,0.0002788622420524261,0.0021045842994825586,0.0018257220574301324,0.9945621862799777,0.9794063292790305,0.015155857000947237
2,126,4,2,B0,7174,0.00688922378626495,0.02381351792377674,0,0.003345413994981879,0.00973204755877082,0.006386633563788941,0.00027878449958182325,0.0013716655613234927,0.0010928810617416695,0.9963758015054363,0.9888962868799057,0.007479514625530537
2,131,4,3,B0,7173,0.004495167060334886,0.01566473774642719,0,0.002369998605883173,0.0024740389553389564,0.00010404034945578344,0.0005576467307960407,0.0018645865665918567,0.0013069398357958158,0.9970723546633208,0.9956613744780692,0.0014109801852515425
2,136,4,4,B0,7178,0.0029211979158745185,0.011161428013480213,0,0.0013931457230426303,0.0009578738306976405,0.00043527189234498977,0.0005572582892170521,0.0013026267852026942,0.000745368495985642,0.9980495959877403,0.9977394993840998,0.0003100966036405639
2,141,4,5,B0,7119,0.011520529108493747,0.0462715941837611,0,0.0,0.015795477332450323,0.015795477332450323,0.00028093833403567916,0.024966620857736807,0.024685682523701128,0.9997190616659644,0.9592379018098128,0.04048115985615153
2,146,4,6,B0,7111,0.0022305391562316757,0.022799337200824353,0,0.0,0.00403187654239272,0.00403187654239272,0.00042188159189987344,0.01718057430201568,0.01675869271011581,0.9995781184081002,0.9787875491555916,0.02079056925250855
2,151,4,7,B0,7105,0.004817381906567883,0.031400258425591264,0,0.0,0.003006334527996457,0.003006334527996457,0.00028149190710767064,0.02564113423511217,0.025359642328004497,0.9997185080928923,0.9713525312368914,0.028365976856000952
2,156,4,8,B0,7113,0.004540957574602391,0.028414334938948793,0,0.0,0.0027074995536066357,0.0027074995536066357,0.000562350625615071,0.023146396609273135,0.022584045983658065,0.999437649374385,0.9741461038371203,0.025291545537264648
2,161,5,1,B0,8956,0.1876765847326546,0.3829475203437898,0,0.013957123715944618,0.03479525632511773,0.02083813260917311,0.09702992407324698,0.023462256320088713,0.07356766775315826,0.8890129522108084,0.9417424873547935,0.05272953514398504
2,166,5,2,B0,8960,0.14845874354920668,0.30762635069724764,0,0.007589285714285714,0.10750191090905355,0.09991262519476783,0.03950892857142857,0.0681022365824542,0.028593308011025637,0.9529017857142857,0.8243958525084921,0.12850593320579362
2,171,5,3,B0,8962,0.20853032749377914,0.37698699681794173,0,0.004240124972104441,0.04136062148584071,0.037120496513736265,0.09573755858067395,0.14241922796664344,0.04668166938596949,0.9000223164472216,0.8162201505475157,0.0838021658997059
2,176,5,4,B0,8955,0.08385235931980076,0.17354535647132613,0,0.0036850921273031824,0.0019674830358871764,0.001717609091416006,0.042099385817978785,0.018162113543535398,0.023937272274443387,0.954215522054718,0.9798704034205774,0.02565488136585936
2,181,5,5,B0,8859,0.20567435095386905,0.37891481525130544,0,0.0,0.0029405936463645903,0.0029405936463645903,0.11491138954735297,0.04122898373898324,0.07368240580836974,0.885088610452647,0.9558304226146521,0.07074181216200515
2,186,5,6,B0,8829,0.2752845046022569,0.4415381192220035,0,0.00011326311020500623,0.007194438059992746,0.00708117494978774,0.16853550798504927,0.18636286521096873,0.017827357225919466,0.8313512289047458,0.8064426967290386,0.02490853217570721
2,191,5,7,B0,8820,0.23160117877687134,0.38634964493964863,0,0.0,0.0038857792891480647,0.0038857792891480647,0.11564625850340136,0.21493929237494253,0.09929303387154116,0.8843537414965986,0.7811749283359094,0.10317881316068922
2,196,5,8,B0,8806,0.4648750702638325,0.700044485889412,0,0.0,0.01061634168065222,0.01061634168065222,0.23790597320009085,0.4507906170014669,0.21288464380137603,0.7620940267999091,0.538593041317881,0.22350098548202812
2,201,6,1,B0,10760,0.7594344993896779,1.265108554670023,0,1.0,0.3576176574323759,0.642382342567624,0.0,0.34589884779292,0.34589884779292,0.0,0.29648349477470404,0.29648349477470404
2,206,6,2,B0,10754,0.3006704533518544,0.5477421350733672,0,0.01627301469220755,0.13921022275182857,0.12293720805962102,0.2976566858843221,0.23957993708785344,0.05807674879646865,0.6860702994234703,0.621209840160318,0.06486045926315231
2,211,6,3,B0,10732,0.2806767685171396,0.47798442771171284,0,0.013045098770033545,0.031952251173439083,0.018907152403405538,0.3439247111442415,0.3415644640395628,0.002360247104678692,0.6430301900857249,0.6264832847869981,0.01654690529872682
2,216,6,4,B0,10739,0.2720153223729891,0.44294926347691677,0,0.009404972530030729,0.01231931928754327,0.0029143467575125405,0.32628736381413537,0.27834052175348706,0.04794684206064831,0.6643076636558338,0.7093401589589696,0.0450324953031358
2,221,6,5,B0,10432,0.367046317662106,0.5780075754348861,0,0.011407208588957055,0.017803820719944692,0.006396612130987637,0.42925613496932513,0.5060924285967984,0.07683629362747324,0.5593366564417178,0.47610375068325705,0.08323290575846076
2,226,6,6,B0,10440,0.1732196885573543,0.3151535617680324,0,9.578544061302682e-05,0.013510928783267286,0.01341514334265426,0.8788314176245211,0.7582878462267276,0.12054357139779348,0.1210727969348659,0.22820122499000503,0.10712842805513913
2,231,6,7,B0,10399,0.1403827560688732,0.26100038240852896,0,9.616309260505818e-05,0.00709352355460386,0.006997360461998802,0.9067218001730936,0.8206154601576967,0.08610634001539685,0.09318203673430138,0.1722910162876993,0.07910897955339792
2,236,6,8,B0,10415,0.1509338986206577,0.27649251011514425,0,9.601536245799327e-05,0.006741588966572476,0.006645573604114483,0.8982237157945271,0.8020519320166742,0.09617178377785285,0.10168026884301488,0.19120647901675322,0.08952621017373834
2,241,7,1,B0,12519,0.19761714200246455,0.39207819338646394,0,1.0,0.7085221642054232,0.29147783579457676,0.0,0.13612352452819496,0.13612352452819496,0.0,0.15535431126638183,0.15535431126638183
2,246,7,2,B0,12536,0.38604026565081245,0.6600265360119718,0,0.6901723037651564,0.6274753571459442,0.06269694661921221,0.10338225909380983,0.14482518990335735,0.04144293080954753,0.20644543714103383,0.22769945295069846,0.021254015809664628
2,251,7,3,B0,12523,0.4312311120823093,0.7418114817467822,0,0.13950331390241955,0.24565153920328703,0.10614822530086748,0.4036572706220554,0.37272767553732356,0.030929595084731865,0.45683941547552503,0.3816207852593894,0.07521863021613562
2,256,7,4,B0,12307,0.3018834270277726,0.5517726518634652,0,0.024295116600308767,0.13251884578422946,0.10822372918392069,0.4303242057365727,0.40992969906736265,0.020394506669210055,0.5453806776631186,0.457551455148408,0.08782922251471059
2,261,7,5,B0,11668,0.38728576462305014,0.6447846202616636,0,0.0804765169694892,0.14288621280530425,0.06240969583581506,0.6078162495714775,0.5663725294835534,0.041443720087924074,0.31170723345903323,0.29074125771114234,0.020965975747890886
2,266,7,6,B0,11365,0.2628156892460168,0.46512500334585927,0,0.08913330400351958,0.09623245854503185,0.007099154541512262,0.8418829740431149,0.7732079820683538,0.06867499197476101,0.06898372195336559,0.1305595593866144,0.061575837433248806
2,271,7,7,B0,11486,0.08711686611578556,0.2070527362789796,0,0.00034825004353125546,0.051573491170542475,0.05122524112701122,0.9666550583318823,0.8410347730268725,0.1256202853050098,0.032996691624586454,0.1073917358025849,0.07439504417799844
2,276,7,8,B0,11337,0.09447392073706955,0.21656647280300784,0,8.820675663755844e-05,0.05042586319109934,0.05033765643446178,0.9585428243803475,0.8363305202044738,0.1222123041758737,0.04136896886301491,0.1132436166044269,0.071874647741412
2,1,1,1,B1,1798,0.0012693617489226107,0.0141662873921862,0,0.0005561735261401557,0.0060033546710926014,0.005447181144952446,0.0005561735261401557,0.006441809284118464,0.005885635757978308,0.9988876529477196,0.987554836044789,0.011332816902930642
2,6,1,2,B1,1798,0.0012765511497582148,0.013465182635133724,0,0.0,0.007627811423230983,0.007627811423230983,0.0005561735261401557,0.0034030182630796547,0.002846844736939499,0.9994438264738599,0.9889691703136894,0.010474656160170515
2,11,1,3,B1,1798,0.0005282165378344766,0.005945672924944847,0,0.0,0.0019119908349831693,0.0019119908349831693,0.0005561735261401557,0.003667389002122048,0.003111215475981892,0.9994438264738599,0.9944206201628948,0.005023206310965089
2,16,1,4,B1,1799,0.001014207604926727,0.004616561716588227,0,0.0,0.0005457059848256004,0.0005457059848256004,0.0005558643690939411,0.002328992760008571,0.00177312839091463,0.9994441356309061,0.9971253012551657,0.0023188343757403196
2,21,1,5,B1,1798,0.00038597380626419697,0.007009071230743489,0,0.0,0.001272292179888462,0.001272292179888462,0.0005561735261401557,0.0055830254900848504,0.005026851963944695,0.9994438264738599,0.9931446823300266,0.006299144143833257
2,26,1,6,B1,1795,0.0031786434202165405,0.038303768280709444,0,0.0,0.003449430984245978,0.003449430984245978,0.0,0.03364583608332193,0.03364583608332193,1.0,0.9629047329324321,0.03709526706756794
2,31,1,7,B1,1796,0.004382044109152677,0.04405672797271146,0,0.0,0.001589548675122389,0.001589548675122389,0.0005567928730512249,0.040214266646045785,0.03965747377299456,0.9994432071269488,0.9581961846788318,0.041247022448116955
2,36,1,8,B1,1796,0.004147349249328856,0.04496457273847667,0,0.0,0.0016771243051123422,0.0016771243051123422,0.0005567928730512249,0.0419466421252784,0.041389849252227176,0.9994432071269488,0.9563762335696092,0.04306697355733957
2,41,2,1,B1,3592,0.001009912100309856,0.01327949671124832,0,0.0005567928730512249,0.007651550924265801,0.0070947580512145765,0.00027839643652561246,0.004473974517360205,0.004195578080834593,0.9991648106904232,0.987874474558374,0.011290336132049217
2,46,2,2,B1,3588,0.0013797172539628483,0.01702714747286067,0,0.0,0.010562461190158055,0.010562461190158055,0.0,0.0025739501671070823,0.0025739501671070823,1.0,0.9868635886427349,0.013136411357265065
2,51,2,3,B1,3592,0.0009154612552594248,0.0057837306806222556,0,0.00027839643652561246,0.002737632881332042,0.0024592364448064296,0.00027839643652561246,0.002385045276990247,0.0021066488404646345,0.9994432071269488,0.9948773218416777,0.004565885285271132
2,56,2,4,B1,3593,0.0011625134388803967,0.00471278610765715,0,0.0,0.0009738856137338955,0.0009738856137338955,0.00027831895352073476,0.0015000224327139516,0.001221703479193217,0.9997216810464793,0.9975260919535521,0.0021955890929271638
2,61,2,5,B1,3588,0.0006361707928247733,0.006547881379158036,0,0.0,0.0016617145853698105,0.0016617145853698105,0.0002787068004459309,0.0037530997025600203,0.0034743929021140894,0.999721293199554,0.9945851857120701,0.005136107487483943
2,66,2,6,B1,3581,0.0024971337621408508,0.03175482102670141,0,0.0,0.004937145592059009,0.004937145592059009,0.0,0.02525764756816346,0.02525764756816346,1.0,0.9698052068397777,0.030194793160222333
2,71,2,7,B1,3578,0.0033280416160966202,0.03517013554371045,0,0.0,0.002505190860722543,0.002505190860722543,0.00027948574622694243,0.030967773621666663,0.030688287875439722,0.9997205142537731,0.9665270355176108,0.033193478736162296
2,76,2,8,B1,3579,0.002780019939610985,0.03389229250046898,0,0.0,0.0022726283842553776,0.0022726283842553776,0.0,0.028841017258498636,0.028841017258498636,1.0,0.968886354357246,0.031113645642753984
2,81,3,1,B1,5380,0.03933086563847161,0.11493089090125821,0,0.0018587360594795538,0.07803151555848764,0.07617277949900808,0.0003717472118959108,0.016829225361134226,0.016457478149238317,0.9977695167286246,0.905139259080378,0.09263025764824662
2,86,3,2,B1,5382,0.0017881573059856937,0.017136022874234467,0,0.0009290226681531029,0.011999976801935722,0.01107095413378262,0.0001858045336306206,0.0025633980497322927,0.002377593516101672,0.9988851727982163,0.9854366251483321,0.013448547649884235
2,91,3,3,B1,5380,0.0007576494297343013,0.00678030035493311,0,0.0007434944237918215,0.003396750540923201,0.0026532561171313794,0.0003717472118959108,0.0027316298846241744,0.0023598826727282635,0.9988847583643122,0.9938716195744526,0.00501313878985965
2,96,3,4,B1,5375,0.0009362207518766526,0.00433258244078269,0,0.00037209302325581393,0.0012373612280903732,0.0008652682048345592,0.00037209302325581393,0.0016445027865587885,0.0012724097633029746,0.9992558139534884,0.9971181359853508,0.0021376779681375746
2,101,3,5,B1,5365,0.0011902414035669345,0.008312232279966851,0,0.0,0.0024928394615908647,0.0024928394615908647,0.0003727865796831314,0.004323194904238996,0.003950408324555865,0.9996272134203169,0.9931839656341701,0.0064432477861468
2,106,3,6,B1,5354,0.0027773054420783382,0.030655331864737987,0,0.0,0.005411537196886327,0.005411537196886327,0.00018677624206200972,0.023157429740208908,0.0229706534981469,0.999813223757938,0.9714310330629047,0.028382190695033338
2,111,3,7,B1,5353,0.003767519163162819,0.03512228928460487,0,0.0,0.0028870890503708345,0.0028870890503708345,0.00018681113394358303,0.02980965708533103,0.029622845951387446,0.9998131888660564,0.967303253864298,0.03250993500175836
2,116,3,8,B1,5348,0.003667710975852106,0.03583503640302103,0,0.0,0.0029564147197680564,0.0029564147197680564,0.00018698578908002991,0.030345560600315263,0.030158574811235232,0.99981301421092,0.9666980246799166,0.033114989531003336
2,121,4,1,B1,7172,0.009222649406597587,0.029984708745307252,0,0.005158951477969883,0.008167111284210379,0.003008159806240496,0.0002788622420524261,0.0026710572747623788,0.0023921950327099525,0.9945621862799777,0.9891618314410272,0.005400354838950516
2,126,4,2,B1,7174,0.006731740498068523,0.023839824756301628,0,0.003345413994981879,0.010347100576874197,0.007001686581892318,0.00027878449958182325,0.0017583519610863522,0.001479567461504529,0.9963758015054363,0.9878945474620395,0.008481254043396724
2,131,4,3,B1,7173,0.0044640633447963,0.015599777565146564,0,0.002369998605883173,0.0030925894409834257,0.0007225908351002528,0.0005576467307960407,0.002269575255985051,0.0017119285251890105,0.9970723546633208,0.9946378353030315,0.0024345193602892667
2,136,4,4,B1,7178,0.0028747539985533067,0.010622388220468305,0,0.0013931457230426303,0.0012066900966667734,0.00018645562637585687,0.0005572582892170521,0.0014796238326088018,0.0009223655433917496,0.9980495959877403,0.9973136860707245,0.0007359099170158867
2,141,4,5,B1,7119,0.009922088620626055,0.04272345778315592,0,0.0,0.019484348097057336,0.019484348097057336,0.00028093833403567916,0.01838191117326494,0.018100972839229262,0.9997190616659644,0.9621337407296778,0.037585320936286526
2,146,4,6,B1,7111,0.003347661322445638,0.028396216136537117,0,0.0,0.00539451425665769,0.00539451425665769,0.00042188159189987344,0.020913309537703154,0.020491427945803282,0.9995781184081002,0.9736921762056392,0.025885942202460988
2,151,4,7,B1,7105,0.005757920257668397,0.03576494762346458,0,0.0,0.0033605062308366446,0.0033605062308366446,0.00028149190710767064,0.02959452303158062,0.02931303112447295,0.9997185080928923,0.9670449707375828,0.032673537355309534
2,156,4,8,B1,7113,0.005256716043929862,0.032577180213619494,0,0.0,0.003068468032998078,0.003068468032998078,0.000562350625615071,0.026853478679567496,0.026291128053952426,0.999437649374385,0.9700780532874345,0.02935959608695049
2,161,5,1,B1,8956,0.1946259550401128,0.3837606683878581,0,0.013957123715944618,0.015840061664049648,0.0018829379481050297,0.09702992407324698,0.022529862085018643,0.07450006198822834,0.8890129522108084,0.9616300762509318,0.07261712404012333
2,166,5,2,B1,8960,0.13538523549325454,0.2845867839706304,0,0.007589285714285714,0.10642138005810191,0.0988320943438162,0.03950892857142857,0.04721820267922724,0.007709274107798668,0.9529017857142857,0.846360417262671,0.10654136845161477
2,171,5,3,B1,8962,0.19274035849330956,0.347035791382083,0,0.004240124972104441,0.05502248901095527,0.05078236403885083,0.09573755858067395,0.09963224325801617,0.0038946846773422195,0.9000223164472216,0.8453452677310285,0.054677048716193166
2,176,5,4,B1,8955,0.08004862368463117,0.1535112916104998,0,0.0036850921273031824,0.0030057727607639153,0.0006793193665392671,0.042099385817978785,0.020383963527070566,0.02171542229090822,0.954215522054718,0.9766102637121654,0.02239474165744737
2,181,5,5,B1,8859,0.20400106564792822,0.38518448112786835,0,0.0,0.00454831385044102,0.00454831385044102,0.11491138954735297,0.045223658711327,0.06968773083602597,0.885088610452647,0.9502280274382321,0.06513941698558512
2,186,5,6,B1,8829,0.29261937786335146,0.4711782188395733,0,0.00011326311020500623,0.009733600831609374,0.009620337721404368,0.16853550798504927,0.19973781304566182,0.031202305060612556,0.8313512289047458,0.7905285861227288,0.04082264278201697
2,191,5,7,B1,8820,0.2534230833021735,0.40944418630793855,0,0.0,0.0043337739479598755,0.0043337739479598755,0.11564625850340136,0.22401941757437124,0.10837315907096988,0.8843537414965986,0.7716468084776689,0.11270693301892976
2,196,5,8,B1,8806,0.45178255874275636,0.6745648007954902,0,0.0,0.01265895725728332,0.01265895725728332,0.23790597320009085,0.391822175538788,0.15391620233869716,0.7620940267999091,0.5955188672039285,0.16657515959598057
2,201,6,1,B1,10760,0.7697740433121689,1.3709502512382223,0,1.0,0.359153451016824,0.6408465489831761,0.0,0.3095017150312804,0.3095017150312804,0.0,0.3313448339518957,0.3313448339518957
2,206,6,2,B1,10754,0.3191392879349757,0.5758182926046778,0,0.01627301469220755,0.15891983507415036,0.14264682038194282,0.2976566858843221,0.2387399381158924,0.0589167477684297,0.6860702994234703,0.6023402268099574,0.08373007261351295
2,211,6,3,B1,10732,0.25692462646523406,0.45046210490409455,0,0.013045098770033545,0.04507329872242684,0.032028199952393296,0.3439247111442415,0.3510654258084121,0.0071407146641706,0.6430301900857249,0.603861275469161,0.03916891461656391
2,216,6,4,B1,10739,0.19722707628266475,0.35672810380385417,0,0.009404972530030729,0.017350174430885244,0.007945201900854515,0.32628736381413537,0.312810802766852,0.013476561047283342,0.6643076636558338,0.6698390228022628,0.0055313591464289935
2,221,6,5,B1,10432,0.3709182493588296,0.5815357020619483,0,0.011407208588957055,0.025490645431541652,0.014083436842584597,0.42925613496932513,0.4979941887943659,0.06873805382504078,0.5593366564417178,0.4765151657740925,0.08282149066762534
2,226,6,6,B1,10440,0.18029539121899232,0.31363706786948947,0,9.578544061302682e-05,0.016573789349890736,0.01647800390927771,0.8788314176245211,0.7484687909083706,0.1303626267161505,0.1210727969348659,0.23495741974173856,0.11388462280687266
2,231,6,7,B1,10399,0.15280373969992217,0.26807502685102796,0,9.616309260505818e-05,0.007606082174018176,0.007509919081413118,0.9067218001730936,0.8002389201100372,0.1064828800630564,0.09318203673430138,0.1921549977159448,0.09897296098164342
2,236,6,8,B1,10415,0.16171123591136347,0.2798599461381441,0,9.601536245799327e-05,0.0070038496148170796,0.006907834252359087,0.8982237157945271,0.785843853493207,0.11237986230132013,0.10168026884301488,0.207152296891976,0.10547202804896112
2,241,7,1,B1,12519,0.010771039288286943,0.02300384606557502,0,1.0,0.982463091190196,0.017536908809803964,0.0,0.0047547465260486385,0.0047547465260486385,0.0,0.012782162283755208,0.012782162283755208
2,246,7,2,B1,12536,0.3391098707810873,0.5968584575515234,0,0.6901723037651564,0.5777151620134805,0.11245714175167587,0.10338225909380983,0.15408542471690354,0.05070316562309371,0.20644543714103383,0.268199413269616,0.06175397612858216
2,251,7,3,B1,12523,0.3605096374574801,0.631149134977248,0,0.13950331390241955,0.18644692566252993,0.04694361176011039,0.4036572706220554,0.39021134982602246,0.013445920796032962,0.45683941547552503,0.42334172451144764,0.0334976909640774
2,256,7,4,B1,12307,0.232710787030548,0.4424950281556933,0,0.024295116600308767,0.08917485238310227,0.0648797357827935,0.4303242057365727,0.4323990151338503,0.0020748093972776105,0.5453806776631186,0.47842613248304744,0.06695454518007116
2,261,7,5,B1,11668,0.3932735222136222,0.6380513951726985,0,0.0804765169694892,0.09936442997603617,0.018887913006546977,0.6078162495714775,0.5837632585115883,0.024052991059889228,0.31170723345903323,0.3168723115123755,0.005165078053342265
2,266,7,6,B1,11365,0.29106624768372347,0.5249102018309539,0,0.08913330400351958,0.053377972900047976,0.03575533110347161,0.8418829740431149,0.7987248761444783,0.04315809789863656,0.06898372195336559,0.14789715095547376,0.07891342900210817
2,271,7,7,B1,11486,0.08389296865023989,0.17722008009116277,0,0.00034825004353125546,0.02338889443029026,0.023040644386759002,0.9666550583318823,0.8793981106581524,0.08725694767372982,0.032996691624586454,0.0972129949115572,0.06421630328697076
2,276,7,8,B1,11337,0.09790060956725491,0.19563958290024716,0,8.820675663755844e-05,0.022750608948293494,0.022662402191655936,0.9585428243803475,0.8677848194802844,0.09075800490006314,0.04136896886301491,0.10946457157142205,0.06809560270840714
2,1,1,1,P,1798,0.002209235036521901,0.007875683169465499,0,0.0005561735261401557,6.184000290648095e-07,0.0005555551261110909,0.0005561735261401557,0.0005500561789728628,6.117347167292888e-06,0.9988876529477196,0.9994493254209981,0.0005616724732784295
2,6,1,2,P,1798,3.4805325884328345e-10,3.4229143326436035e-07,0,0.0,3.0937200730924167e-07,3.0937200730924167e-07,0.0005561735261401557,0.0005558969865135273,2.765396266284385e-07,0.9994438264738599,0.9994437936414792,3.2832380703062825e-08
2,11,1,3,P,1798,0.001112001069708517,0.004876898671372291,0,0.0,0.0,0.0,0.0005561735261401557,8.650236985995638e-08,0.0005560870237702958,0.9994438264738599,0.9999999134976301,0.0005560870237701909
2,16,1,4,P,1799,0.0011117020922693322,0.006299017353687708,0,0.0,0.0,0.0,0.0005558643690939411,6.7940283469534775e-09,0.0005558575750655941,0.9994441356309061,0.9999999932059717,0.0005558575750655992
2,21,1,5,P,1798,0.0011087917679497568,0.0037138870584985714,0,0.0,0.0,0.0,0.0005561735261401557,0.00014009255935265266,0.00041608096678750307,0.9994438264738599,0.9998599074406477,0.0004160809667878018
2,26,1,6,P,1795,7.311422072841409e-10,4.5147079904463873e-07,0,0.0,0.0,0.0,0.0,4.5128791472107726e-07,4.5128791472107726e-07,1.0,0.9999995487120853,4.5128791470450125e-07
2,31,1,7,P,1796,0.001112808162556788,0.004432100141435204,0,0.0,0.0,0.0,0.0005567928730512249,3.8968960524928e-07,0.0005564031834459757,0.9994432071269488,0.9999996103103947,0.0005564031834459637
2,36,1,8,P,1796,0.001112235345411652,0.004124738810290561,0,0.0,0.0,0.0,0.0005567928730512249,5.311394889025882e-07,0.0005562617335623224,0.9994432071269488,0.9999994688605112,0.0005562617335623798
2,41,2,1,P,3592,0.0013089035958962997,0.004109414293101864,0,0.0005567928730512249,0.00011135857461024502,0.0004454342984409799,0.00027839643652561246,0.00017156897681621047,0.00010682745970940199,0.9991648106904232,0.9997170724485734,0.0005522617581502631
2,46,2,2,P,3588,0.0005574224275158334,0.009627303135566185,1,0.0,0.0,0.0,0.0,0.00027981586314160717,0.00027981586314160717,1.0,0.9997201841368584,0.0002798158631416303
2,51,2,3,P,3592,0.0005566391379793847,0.0024725273595852444,0,0.00027839643652561246,3.877117701073278e-08,0.00027835766534860175,0.00027839643652561246,0.0005567621757506679,0.0002783657392250554,0.9994432071269488,0.9994431990530723,8.07387645629376e-09
2,56,2,4,P,3593,0.001108474235302517,0.011147067874320758,1,0.0,1.5913033363106897e-07,1.5913033363106897e-07,0.00027831895352073476,0.00027719584471416276,1.1231088065719974e-06,0.9997216810464793,0.9997226450249522,9.639784729342793e-07
2,61,2,5,P,3588,1.0836698723871932e-11,3.886311105034112e-08,0,0.0,3.8860401623804975e-08,3.8860401623804975e-08,0.0002787068004459309,0.00027866794004430707,3.8860401623810534e-08,0.999721293199554,0.999721293199554,0.0
2,66,2,6,P,3581,8.563459056833655e-10,3.4600030212416263e-07,0,0.0,0.0,0.0,0.0,3.4578603875366535e-07,3.4578603875366535e-07,1.0,0.9999996542139613,3.45786038691287e-07
2,71,2,7,P,3578,5.459279697232011e-11,1.1718969517832093e-07,0,0.0,3.9045228587161204e-08,3.9045228587161204e-08,0.00027948574622694243,0.00027952483181445744,3.90855875150118e-08,0.9997205142537731,0.999720436122957,7.813081603913474e-08
2,76,2,8,P,3579,0.0005578915246820656,0.001983187085895662,0,0.0,0.0,0.0,0.0,0.0002791766135309669,0.0002791766135309669,1.0,0.9997208233864691,0.00027917661353094037
2,81,3,1,P,5380,0.004046425030720635,0.012585755723627724,0,0.0018587360594795538,9.679684000402966e-05,0.0017619392194755243,0.0003717472118959108,0.0001919249457439455,0.00017982226615196527,0.9977695167286246,0.9997112782142521,0.0019417614856275245
2,86,3,2,P,5382,0.001994220704194129,0.006080150699649282,0,0.0009290226681531029,7.96151446940701e-06,0.0009210611536836959,0.0001858045336306206,0.0002763784649573321,9.057393132671151e-05,0.9988851727982163,0.9997156600205732,0.0008304872223569015
2,91,3,3,P,5380,0.0022244115259270705,0.008030320076169835,0,0.0007434944237918215,1.4688101618162252e-06,0.0007420256136300053,0.0003717472118959108,0.0005570681121061979,0.0001853209002102871,0.9988847583643122,0.9994414630777321,0.0005567047134198422
2,96,3,4,P,5375,0.0008441292715915485,0.0029090198362397295,0,0.00037209302325581393,2.335203297826043e-07,0.0003718595029260313,0.00037209302325581393,0.00044556554414235,7.347252088653604e-05,0.9992558139534884,0.9995542009355277,0.00029838698203932257
2,101,3,5,P,5365,0.00016263006409501153,0.0002013593930412398,0,0.0,0.0,0.0,0.0003727865796831314,0.0004959029501682562,0.00012311637048512483,0.9996272134203169,0.9995040970498319,0.00012311637048501023
2,106,3,6,P,5354,0.0003631821189555102,0.0007976111491814162,0,0.0,0.0,0.0,0.00018677624206200972,0.0003709735966365354,0.00018419735457452568,0.999813223757938,0.9996290264033635,0.00018419735457453346
2,111,3,7,P,5353,0.0003716218023232231,0.001106283861142057,0,0.0,0.0,0.0,0.00018681113394358303,0.0003731738839149689,0.00018636274997138589,0.9998131888660564,0.9996268261160851,0.00018636274997130275
2,116,3,8,P,5348,0.0003712102201495965,0.001017877239258154,0,0.0,1.2552572933206493e-06,1.2552572933206493e-06,0.00018698578908002991,0.0003794086647376508,0.00019242287565762088,0.99981301421092,0.999619336077969,0.00019367813295090297
2,121,4,1,P,7172,0.010185458288788503,0.02711403640763779,0,0.005158951477969883,8.265375183178578e-05,0.005076297726138097,0.0002788622420524261,0.0004324023289626563,0.00015354008691023018,0.9945621862799777,0.9994849439192055,0.004922757639227782
2,126,4,2,P,7174,0.007162047044930872,0.01903953621348702,0,0.003345413994981879,2.0571241933833037e-05,0.0033248427530480464,0.00027878449958182325,0.00043976389547410976,0.00016097939589228651,0.9963758015054363,0.9995396648625919,0.003163863357155683
2,131,4,3,P,7173,0.04967704757201028,0.09806155964914562,0,0.002369998605883173,0.0005383259575733363,0.0018316726483098367,0.0005576467307960407,0.07539865866977775,0.07484101193898171,0.9970723546633208,0.9240630153726489,0.07300933929067188
2,136,4,4,P,7178,0.0035991051211577245,0.01128747172289042,0,0.0013931457230426303,2.6026492891528562e-06,0.0013905430737534774,0.0005572582892170521,0.0007258364501102466,0.00016857816089319445,0.9980495959877403,0.9992715609006007,0.0012219649128603072
2,141,4,5,P,7119,0.008402276700558159,0.0200946648823503,0,0.0,0.0,0.0,0.00028093833403567916,0.016920838239258558,0.01663989990522288,0.9997190616659644,0.9830791617607414,0.016639899905222966
2,146,4,6,P,7111,0.00039808713367740225,0.0011732877921838388,0,0.0,0.0,0.0,0.00042188159189987344,0.0007519416295192806,0.0003300600376194071,0.9995781184081002,0.9992480583704807,0.000330060037619484
2,151,4,7,P,7105,0.000742385109079876,0.0017795552244614435,0,0.0,0.0,0.0,0.00028149190710767064,0.0009376143214431353,0.0006561224143354647,0.9997185080928923,0.9990623856785569,0.0006561224143354361
2,156,4,8,P,7113,0.0012016473932307994,0.0032462293828507834,0,0.0,0.0,0.0,0.000562350625615071,0.0012963062762802971,0.0007339556506652261,0.999437649374385,0.9987036937237197,0.0007339556506652523
2,161,5,1,P,8956,0.16610423783508166,0.2621466109627112,0,0.013957123715944618,0.0012909572257606724,0.012666166490183945,0.09702992407324698,0.1661922866156104,0.06916236254236341,0.8890129522108084,0.8325167561586289,0.05649619605217959
2,166,5,2,P,8960,0.29105028398231975,0.5135032443570192,0,0.007589285714285714,0.001305240472252465,0.00628404524203325,0.03950892857142857,0.1869901914661766,0.14748126289474803,0.9529017857142857,0.811704568061571,0.14119721765271476
2,171,5,3,P,8962,0.4010184372177789,0.7017213796242745,0,0.004240124972104441,0.00045876566848276277,0.003781359303621678,0.09573755858067395,0.31501139535622885,0.2192738367755549,0.9000223164472216,0.6845298389752885,0.21549247747193312
2,176,5,4,P,8955,0.13585977864415746,0.18280852108574114,0,0.0036850921273031824,0.0009078889694716979,0.0027772031578314847,0.042099385817978785,0.1256081221001935,0.08350873628221472,0.954215522054718,0.8734839889303349,0.08073153312438319
2,181,5,5,P,8859,0.20777360591560554,0.34563566997151507,0,0.0,0.0,0.0,0.11491138954735297,0.1593954643174799,0.04448407477012692,0.885088610452647,0.8406045356825201,0.044484074770126836
2,186,5,6,P,8829,0.2879855786730695,0.4574072689391248,1,0.00011326311020500623,9.947464136767976e-08,0.00011316363556363854,0.16853550798504927,0.21384969980130974,0.04531419181626048,0.8313512289047458,0.786150200724049,0.04520102818069682
2,191,5,7,P,8820,0.23293062708096823,0.3886196545989559,0,0.0,0.0,0.0,0.11564625850340136,0.20317611036149244,0.08752985185809108,0.8843537414965986,0.7968238896385076,0.08752985185809103
2,196,5,8,P,8806,0.5521846390405224,0.8676834346728888,0,0.0,1.1712741912430722e-08,1.1712741912430722e-08,0.23790597320009085,0.5082517690355169,0.27034579583542606,0.7620940267999091,0.49174821925174117,0.27034580754816795
2,201,6,1,P,10760,0.05275342652441023,0.0897549746144179,0,1.0,0.9369332369164372,0.06306676308356285,0.0,0.01884708374044617,0.01884708374044617,0.0,0.04421967934311661,0.04421967934311661
2,206,6,2,P,10754,0.07503027479180906,0.14273461541374166,0,0.01627301469220755,0.003173134674792614,0.013099880017414937,0.2976566858843221,0.32132213578262997,0.023665449898307878,0.6860702994234703,0.6755047295425775,0.010565569880892856
2,211,6,3,P,10732,0.21164409930326267,0.321176045583676,0,0.013045098770033545,0.0012374778540076823,0.011807620916025862,0.3439247111442415,0.43181865749304255,0.08789394634880104,0.6430301900857249,0.5669438646529498,0.07608632543277516
2,216,6,4,P,10739,0.035344876313403946,0.08222252586241566,0,0.009404972530030729,0.0021764329816916115,0.007228539548339117,0.32628736381413537,0.3124574808973359,0.013829882916799485,0.6643076636558338,0.6853660861209725,0.02105842246513867
2,221,6,5,P,10432,0.35254499815447976,0.5328456075182703,0,0.011407208588957055,0.017908041147090086,0.006500832558133031,0.42925613496932513,0.3983452199490024,0.030910915020322727,0.5593366564417178,0.5837467389039074,0.024410082462189564
2,226,6,6,P,10440,0.14099816726957512,0.22768370388011366,0,9.578544061302682e-05,1.1744043223220441e-05,8.404139738980638e-05,0.8788314176245211,0.8659988935475031,0.01283252407701796,0.1210727969348659,0.1339893624092737,0.012916565474407796
2,231,6,7,P,10399,0.1252626301989126,0.20531475520385803,0,9.616309260505818e-05,1.4999964914338625e-06,9.466309611362431e-05,0.9067218001730936,0.8997389206299378,0.0069828795431557955,0.09318203673430138,0.10025957937357079,0.007077542639269407
2,236,6,8,P,10415,0.12991628239124614,0.21073087171505278,0,9.601536245799327e-05,5.616128656745879e-06,9.039923380124739e-05,0.8982237157945271,0.8900570221453602,0.00816669364916689,0.10168026884301488,0.10993736172598306,0.008257092882968178
2,241,7,1,P,12519,0.0,-0.0,0,1.0,1.0,0.0,0.0,0.0,0.0,0.0,0.0,0.0
2,246,7,2,P,12536,0.028188021319296735,0.0568202544264615,0,0.6901723037651564,0.6827788425103225,0.007393461254833866,0.10338225909380983,0.11552586121324196,0.012143602119432134,0.20644543714103383,0.20169529627643554,0.004750140864598296
2,251,7,3,P,12523,0.1737028888914985,0.26756932226039354,0,0.13950331390241955,0.1293384215391919,0.010164892363227651,0.4036572706220554,0.3969987668168976,0.006658503805157812,0.45683941547552503,0.47366281164391055,0.016823396168385518
2,256,7,4,P,12307,0.10161545856850022,0.18854270595172085,0,0.024295116600308767,0.015771676635792656,0.00852343996451611,0.4303242057365727,0.4399014037905617,0.009577198053988989,0.5453806776631186,0.5443269195736457,0.0010537580894729448
2,261,7,5,P,11668,0.4080132110375065,0.6077646226715753,0,0.0804765169694892,0.08282520703428048,0.002348690064791284,0.6078162495714775,0.5279371749865109,0.07987907458496657,0.31170723345903323,0.3892376179792087,0.07753038452017547
2,266,7,6,P,11365,0.23383335542251596,0.37110983693815114,0,0.08913330400351958,0.07925726945575566,0.009876034547763923,0.8418829740431149,0.7781823910061736,0.06370058303694126,0.06898372195336559,0.14256033953807068,0.07357661758470509
2,271,7,7,P,11486,0.061642240594939286,0.12748585542114368,0,0.00034825004353125546,0.00011901664831600494,0.00022923339521525052,0.9666550583318823,0.9751287636017183,0.00847370526983604,0.032996691624586454,0.024752219749965772,0.008244471874620681
2,276,7,8,P,11337,0.07542528235753146,0.14973242437079418,0,8.820675663755844e-05,1.9783828810477592e-05,6.842292782708085e-05,0.9585428243803475,0.9672232315536712,0.008680407173323634,0.04136896886301491,0.03275698461751836,0.00861198424549655
3,2,1,1,B0,1799,0.0017971771983505567,0.02387167486046121,0,0.0005558643690939411,0.016499700581980692,0.01594383621288675,0.0005558643690939411,0.005609779232877713,0.0050539148637837724,0.9988882712618121,0.9778905201851416,0.020997751076670568
3,7,1,2,B0,1798,0.001286414891698288,0.014954384793698237,0,0.0,0.008522437196946269,0.008522437196946269,0.0005561735261401557,0.004146877644171249,0.003590704118031093,0.9994438264738599,0.9873306851588824,0.012113141314977427
3,12,1,3,B0,1799,0.0018724577596196783,0.01038673777571949,0,0.0,0.0020739071145191444,0.0020739071145191444,0.0011117287381878821,0.0058042737177914135,0.004692544979603532,0.9988882712618121,0.9921218191676894,0.0067664520941227435
3,17,1,4,B0,1798,4.440920203808509e-05,0.004491040736705064,0,0.0,0.0006147185617705258,0.0006147185617705258,0.0,0.003863401251699923,0.003863401251699923,1.0,0.9955218801865297,0.004478119813470349
3,22,1,5,B0,1798,0.00049617099119078,0.011353832475432573,0,0.0,0.0013163055459791014,0.0013163055459791014,0.0005561735261401557,0.009848282574445847,0.00929210904830569,0.9994438264738599,0.9888354118795751,0.010608414594284743
3,27,1,6,B0,1796,0.005586862937251483,0.05465717401845493,0,0.0,0.0038083463100427473,0.0038083463100427473,0.0005567928730512249,0.04956598938651244,0.049009196513461216,0.9994432071269488,0.946625664303445,0.052817542823503816
3,32,1,7,B0,1796,0.008975326554004676,0.06957928394030001,0,0.0,0.0023025928399112053,0.0023025928399112053,0.0005567928730512249,0.06532582296068887,0.06476903008763764,0.9994432071269488,0.9323715841993998,0.06707162292754898
3,37,1,8,B0,1797,0.007347357313666934,0.06301183478970676,0,0.0,0.002097996659350669,0.002097996659350669,0.0005564830272676684,0.059421050642615006,0.058864567615347335,0.9994435169727324,0.9384809526980343,0.06096256427469804
3,42,2,1,B0,3591,0.0015123607261832734,0.022251176360109124,0,0.000835421888053467,0.01830727903061089,0.017471857142557425,0.0,0.003146865289247914,0.003146865289247914,0.9991645781119465,0.9785458556801412,0.020618722431805292
3,47,2,2,B0,3593,0.0011536841787613465,0.01344750810397778,0,0.00027831895352073476,0.01004793468561239,0.009769615732091655,0.0005566379070414695,0.0023385823524294577,0.0017819444453879881,0.9991650431394378,0.9876134829619583,0.011551560177479492
3,52,2,3,B0,3593,0.0014785917910357797,0.007538918422829792,0,0.0,0.0019405878444904785,0.0019405878444904785,0.0005566379070414695,0.0027777374896487974,0.0022210995826073276,0.9994433620929585,0.9952816746658607,0.004161687427097771
3,57,2,4,B0,3587,0.0003250781592252992,0.0029744548041320687,0,0.0,0.0008223938545588639,0.0008223938545588639,0.00027878449958182325,0.002043638344770926,0.001764853845189103,0.9997212155004181,0.9971339678006702,0.002587247699747941
3,62,2,5,B0,3586,0.000772107188593995,0.007373043298169075,0,0.0,0.0016158110530373085,0.0016158110530373085,0.0002788622420524261,0.005195346167640556,0.00491648392558813,0.9997211377579476,0.9931888427793222,0.006532294978625397
3,67,2,6,B0,3580,0.002280158504203643,0.03079861621278961,0,0.0,0.0037296828825397477,0.0037296828825397477,0.0,0.025913156857461202,0.025913156857461202,1.0,0.9703571602599991,0.029642839740000926
3,72,2,7,B0,3581,0.004268635165917642,0.043430236487505304,0,0.0,0.0026910797192491835,0.0026910797192491835,0.0,0.03797403036534061,0.03797403036534061,1.0,0.9593348899154103,0.04066511008458973
3,77,2,8,B0,3579,0.0033218727194409777,0.038547869598241954,0,0.0,0.002265997948621452,0.002265997948621452,0.0,0.030603924363553962,0.030603924363553962,1.0,0.9671300776878246,0.03286992231217545
3,82,3,1,B0,5379,0.004064439211112604,0.02503618699359425,0,0.002230897936419409,0.015413544231138167,0.013182646294718759,0.00018590816136828406,0.002726902313094426,0.002540994151726142,0.9975831939022123,0.9818595534557675,0.01572364044644481
3,87,3,2,B0,5384,0.00259718890737878,0.015830709294668753,0,0.0009286775631500742,0.008194430686219797,0.007265753123069723,0.0003714710252600297,0.0019998401573328045,0.0016283691320727748,0.9986998514115899,0.9898057291564475,0.008894122255142412
3,92,3,3,B0,5379,0.0011888756134970176,0.007387200290213768,0,0.0009295408068414204,0.0018212607248554308,0.0008917199180140104,0.00018590816136828406,0.0026658195436874824,0.0024799113823191984,0.9988845510317903,0.995512919731457,0.0033716313003333553
3,97,3,4,B0,5379,0.0018769463264291255,0.00802317967669106,0,0.0011154489682097045,0.0009173206166382507,0.0001981283515714538,0.0003718163227365681,0.0019066438019723078,0.0015348274792357395,0.9985127347090538,0.9971760355813895,0.0013366991276643203
3,102,3,5,B0,5367,0.0010391872532729504,0.00969913145147692,0,0.0,0.002040202264681118,0.002040202264681118,0.0001863238308179616,0.006309094642386339,0.006122770811568377,0.999813676169182,0.9916507030929327,0.008162973076249358
3,107,3,6,B0,5351,0.00278615661608169,0.031754937450192776,0,0.0,0.003853319571799623,0.003853319571799623,0.00037376191366099795,0.02519399645532212,0.024820234541661122,0.999626238086339,0.9709526839728784,0.02867355411346062
3,112,3,7,B0,5351,0.0035365135213143756,0.036613485739218805,0,0.0,0.002322117422402062,0.002322117422402062,0.00037376191366099795,0.03193388577703185,0.03156012386337085,0.999626238086339,0.965743996800566,0.033882241285772996
3,117,3,8,B0,5353,0.0027113470361166533,0.030585035669573574,0,0.0,0.0018877712611943798,0.0018877712611943798,0.00018681113394358303,0.0261525237460845,0.025965712612140916,0.9998131888660564,0.9719597049927213,0.027853483873335083
3,122,4,1,B0,7167,0.0094807958573624,0.03443338758876783,0,0.004743965396958281,0.015043405716049434,0.010299440319091153,0.0002790567880563695,0.001884977038245959,0.0016059202501895896,0.9949769778149854,0.9830716172457047,0.01190536056928071
3,127,4,2,B0,7174,0.0049698701594666035,0.019114552075008936,0,0.002927237245609144,0.008955572737890473,0.006028335492281329,0.0004181767493727349,0.0014768454018872102,0.0010586686525144752,0.9966545860050181,0.9895675818602224,0.007087004144795683
3,132,4,3,B0,7168,0.004865429312719836,0.016027864010304434,0,0.0029296875,0.002015923244483301,0.000913764255516699,0.0004185267857142857,0.002055192861896206,0.00163666607618192,0.9966517857142857,0.9959288838936206,0.000722901820665145
3,137,4,4,B0,7165,0.0016115734522871078,0.005941830483589367,0,0.0011165387299371947,0.0012680554912585748,0.00015151676132138005,0.0005582693649685974,0.001507064592841142,0.0009487952278725447,0.9983251919050942,0.9972248799159003,0.001100311989193914
3,142,4,5,B0,7106,0.0008721775381925418,0.006645526638622818,0,0.0,0.0017071149401703927,0.0017071149401703927,0.00028145229383619476,0.0038458746929737383,0.0035644223991375436,0.9997185477061638,0.9944470103668559,0.005271537339307852
3,147,4,6,B0,7111,0.0037986982672234123,0.028416117516206235,0,0.0,0.0045340633730181915,0.0045340633730181915,0.0001406271972999578,0.02050977269614363,0.020369145498843673,0.9998593728027001,0.9749561639308382,0.024903208871861926
3,152,4,7,B0,7111,0.04400362868308986,0.13083685653015747,0,0.0,0.013045501149605598,0.013045501149605598,0.00042188159189987344,0.1008995565577004,0.10047767496580053,0.9995781184081002,0.8860549422926941,0.11352317611540608
3,157,4,8,B0,7107,0.0033141856639726597,0.028671217215848463,0,0.0,0.0025849203934412263,0.0025849203934412263,0.0005628253834247924,0.02436904798198171,0.023806222598556918,0.9994371746165752,0.973046031624577,0.026391142991998184
3,162,5,1,B0,8961,0.18083880913575595,0.3741619982634043,0,0.015288472268720009,0.02391538712253889,0.00862691485381888,0.0882713982814418,0.019459103158367057,0.06881229512307474,0.8964401294498382,0.9566255097190941,0.060185380269255906
3,167,5,2,B0,8963,0.014443508947613311,0.05389123710717655,0,0.004574361262969988,0.01429674825526957,0.009722386992299582,0.0030123842463460897,0.015932465774762962,0.012920081528416873,0.992413254490684,0.9697707859699676,0.022642468520716386
3,172,5,3,B0,8964,0.022238646108993232,0.06491854981437407,0,0.004239178937974119,0.0029067248633941442,0.0013324540745799749,0.007697456492637216,0.021986388813637993,0.014288932321000777,0.9880633645693887,0.9751068863229678,0.012956478246420877
3,177,5,4,B0,8959,0.04039576484987721,0.09684435374497627,0,0.0040183056144659,0.0012791012986888702,0.00273920431577703,0.01797075566469472,0.016156695599899473,0.0018140600647952483,0.9780109387208393,0.9825642031014117,0.004553264380572353
3,182,5,5,B0,8840,0.2417900414488265,0.4433803011102345,0,0.0,0.002561032214183784,0.002561032214183784,0.133710407239819,0.0409920824681967,0.0927183247716223,0.866289592760181,0.9564468853176196,0.09015729255743854
3,187,5,6,B0,8829,0.23701344499760438,0.39206320392247984,0,0.00011326311020500623,0.005639817858944707,0.005526554748739701,0.1379544682296976,0.17694916128565794,0.038994693055960344,0.8619322686600974,0.8174110208553974,0.044521247804700015
3,192,5,7,B0,8830,0.2442816570820145,0.39995221492614075,0,0.0,0.0034655932248431236,0.0034655932248431236,0.13238958097395243,0.2285967369216138,0.09620715594766138,0.8676104190260475,0.7679376698535431,0.09967274917250446
3,197,5,8,B0,8829,0.2414647326918418,0.39511994863044025,0,0.0,0.0032875847813453275,0.0032875847813453275,0.13217804960924226,0.21462797570988124,0.08244992610063898,0.8678219503907577,0.7820844395087734,0.08573751088198434
3,202,6,1,B0,10746,0.6292545113906166,1.0627238612649248,0,0.7250139586823003,0.308898183881033,0.4161157748012673,0.05378745579750605,0.29143101180692976,0.23764355600942372,0.22119858552019356,0.3996708043120372,0.17847221879184366
3,207,6,2,B0,10746,0.31342999493670365,0.5650355315128961,0,0.018611576400521124,0.1334117872016502,0.11480021080112908,0.3026242322724735,0.217840271934379,0.08478396033809449,0.6787641913270054,0.6487479408639709,0.030016250463034466
3,212,6,3,B0,10745,0.29907380086125557,0.4936770496811911,0,0.010795718939041415,0.027693189214839303,0.01689747027579789,0.3614704513727315,0.31923205067478655,0.04223840069794493,0.6277338296882271,0.6530747601103742,0.025340930422147134
3,217,6,4,B0,10671,0.2623238917966144,0.42015337407439235,0,0.0014993908724580639,0.014245324077016092,0.012745933204558028,0.3235872926623559,0.28104217415781607,0.04254511850453985,0.674913316465186,0.7047125017651678,0.029799185299981712
3,222,6,5,B0,10461,0.37013000872419544,0.5826930661324118,0,0.011757958130197877,0.01911685690611547,0.0073588987759175915,0.4084695535799637,0.47226926168429867,0.063799708104335,0.5797724882898384,0.5086138814095859,0.07115860688025255
3,227,6,6,B0,10408,0.15908720233301482,0.29739548442421637,0,0.0,0.016700429876656837,0.016700429876656837,0.8786510376633359,0.7808986402549851,0.09775239740835073,0.1213489623366641,0.2024009298683581,0.08105196753169398
3,232,6,7,B0,10384,0.14634035594978909,0.26757405976519455,0,0.0,0.00830582199481835,0.00830582199481835,0.888771186440678,0.8203857588974816,0.06838542754319643,0.11122881355932203,0.1713084191077002,0.06007960554837817
3,237,6,8,B0,10417,0.15605148488408055,0.2839872928717488,0,0.0,0.008002943692869306,0.008002943692869306,0.8845156954977441,0.7938961211745063,0.09061957432323786,0.11548430450225593,0.19810093513262442,0.08261663063036849
3,242,7,1,B0,12545,0.2065071098099763,0.40548768574023997,0,1.0,0.6994246810792005,0.3005753189207995,0.0,0.13553368053552542,0.13553368053552542,0.0,0.16504163838527405,0.16504163838527405
3,247,7,2,B0,12538,0.36272581043092533,0.629417833301552,0,0.7590524804594034,0.6289737212661402,0.13007875919326328,0.08031583984686552,0.1552041633234971,0.07488832347663157,0.16063167969373104,0.2158221154103628,0.055190435716631764
3,252,7,3,B0,12532,0.5035741147158346,0.8306553476844929,0,0.39171720395786785,0.2756917330399017,0.11602547091796617,0.2864666453878072,0.4204734547718748,0.13400680938406762,0.32181615065432495,0.3038348121882235,0.01798133846610145
3,257,7,4,B0,12359,0.3258250411489545,0.5892578534868057,0,0.048143053645116916,0.13391434950100659,0.08577129585588966,0.4264099037138927,0.42649781586025426,8.791214636155731e-05,0.5254470426409904,0.43958783463873913,0.08585920800225127
3,262,7,5,B0,11917,0.3764182751903067,0.634752885182756,0,0.06427792229587984,0.13762750031724294,0.0733495780213631,0.5982210287824117,0.5596390919860346,0.038581936796377114,0.33750104892170846,0.30273340769672247,0.03476764122498599
3,267,7,6,B0,11368,0.2605878218995088,0.4638535095983472,0,0.08699859254046446,0.09358282563378945,0.0065842330933249815,0.842716396903589,0.7723903682192035,0.07032602868438553,0.07028501055594652,0.1340268061470071,0.06374179559106058
3,272,7,7,B0,11291,0.08986157249572756,0.21377466677178417,0,8.85661146045523e-05,0.0495603806593747,0.04947181454477015,0.9682933309715703,0.8390878608094138,0.12920547016215655,0.03161810291382517,0.11135175853121151,0.07973365561738635
3,277,7,8,B0,11268,0.08571749625918614,0.2074545131630964,0,0.0,0.05112255578686909,0.05112255578686909,0.9661874334398296,0.8409005766154043,0.1252868568244253,0.03381256656017039,0.10797686759772665,0.07416430103755625
3,2,1,1,B1,1799,0.0012673762783581035,0.014692481220140368,0,0.0005558643690939411,0.006508235277630706,0.005952370908536765,0.0005558643690939411,0.006744373477587806,0.006188509108493865,0.9988882712618121,0.9867473912447814,0.01214088001703073
3,7,1,2,B1,1798,0.001200906920310075,0.013093487736125736,0,0.0,0.007340059265161761,0.007340059265161761,0.0005561735261401557,0.003713959513152942,0.0031577859870127864,0.9994438264738599,0.9889459812216853,0.010497845252174565
3,12,1,3,B1,1799,0.002196937128825607,0.01027654777105754,0,0.0,0.0021496573696659083,0.0021496573696659083,0.0011117287381878821,0.004076329499366218,0.0029646007611783356,0.9988882712618121,0.9937740131309678,0.005114258130844318
3,17,1,4,B1,1798,2.2399402679219366e-05,0.003173405534896443,0,0.0,0.0005983509091074267,0.0005983509091074267,0.0,0.0025682588346635673,0.0025682588346635673,1.0,0.9968333902562291,0.0031666097437709206
3,22,1,5,B1,1798,0.0005758716513461027,0.008195320689180987,0,0.0,0.0014121531229333271,0.0014121531229333271,0.0005561735261401557,0.006287800538658209,0.005731627012518053,0.9994438264738599,0.9923000463384084,0.007143780135451472
3,27,1,6,B1,1796,0.003706243955218626,0.0408104213670602,0,0.0,0.004112400447956692,0.004112400447956692,0.0005567928730512249,0.03514183015248451,0.03458503727943329,0.9994432071269488,0.9607457693995589,0.03869743772738987
3,32,1,7,B1,1796,0.004237600737757239,0.047458951872576066,0,0.0,0.00197501060992499,0.00197501060992499,0.0005567928730512249,0.044761221548808294,0.04420442867575707,0.9994432071269488,0.9532637678412667,0.04617943928568213
3,37,1,8,B1,1797,0.003728873750743469,0.04465475418507544,0,0.0,0.0017949454167779876,0.0017949454167779876,0.0005564830272676684,0.042303574684062435,0.041747091656794764,0.9994435169727324,0.9559014798991596,0.04354203707357274
3,42,2,1,B1,3591,0.0008269628492295022,0.013513771644761852,0,0.000835421888053467,0.008024095678466864,0.0071886737904133975,0.0,0.0046751882837479195,0.0046751882837479195,0.9991645781119465,0.9873007160377852,0.011863862074161236
3,47,2,2,B1,3593,0.0011800380294056426,0.013767100241533891,0,0.00027831895352073476,0.009758629936324292,0.009480310982803558,0.0005566379070414695,0.0025461864482209935,0.0019895485411795238,0.9991650431394378,0.9876951836154547,0.01146985952398305
3,52,2,3,B1,3593,0.001619778210087061,0.007882503923917785,0,0.0,0.002199494873781426,0.002199494873781426,0.0005566379070414695,0.0024353064765407096,0.00187866856949924,0.9994433620929585,0.9953651986496779,0.004078163443280602
3,57,2,4,B1,3587,0.000543733530957829,0.0034273692209296513,0,0.0,0.000954504509910533,0.000954504509910533,0.00027878449958182325,0.0016858253465271006,0.0014070408469452774,0.9997212155004181,0.9973596701435624,0.002361545356855732
3,62,2,5,B1,3586,0.0008570668406271409,0.007143866232856729,0,0.0,0.0019526359118439965,0.0019526359118439965,0.0002788622420524261,0.003895954011461731,0.0036170917694093047,0.9997211377579476,0.9941514100766942,0.005569727681253411
3,67,2,6,B1,3580,0.0019519597969990937,0.028848189728112608,0,0.0,0.004342812920366477,0.004342812920366477,0.0,0.023605377919888173,0.023605377919888173,1.0,0.9720518091597453,0.027948190840254683
3,72,2,7,B1,3581,0.002913719241496173,0.03534145708723788,0,0.0,0.002567471649355315,0.002567471649355315,0.0,0.03094329946993588,0.03094329946993588,1.0,0.9664892288807087,0.03351077111929135
3,77,2,8,B1,3579,0.002845075522222057,0.03391211372319803,0,0.0,0.002391278997670228,0.002391278997670228,0.0,0.02712310971974059,0.02712310971974059,1.0,0.9704856112825891,0.029514388717410855
3,82,3,1,B1,5379,0.003636366194643676,0.019493429743821202,0,0.002230897936419409,0.008085503284913583,0.005854605348494174,0.00018590816136828406,0.003937982685201944,0.0037520745238336603,0.9975831939022123,0.9879765140298845,0.009606679872327772
3,87,3,2,B1,5384,0.0026321326292759305,0.017818425528753144,0,0.0009286775631500742,0.010018228126746525,0.00908955056359645,0.0003714710252600297,0.0026300840608601893,0.0022586130356001596,0.9986998514115899,0.9873516878123932,0.011348163599196659
3,92,3,3,B1,5379,0.0011342963423314751,0.007574836934068551,0,0.0009295408068414204,0.0024887725674116404,0.00155923176057022,0.00018590816136828406,0.002723191096189127,0.002537282934820843,0.9988845510317903,0.9947880363363992,0.004096514695391074
3,97,3,4,B1,5379,0.0017388224649485101,0.007395698548799726,0,0.0011154489682097045,0.0012529196103853466,0.0001374706421756421,0.0003718163227365681,0.001746029319577512,0.001374212996840944,0.9985127347090538,0.997001051070037,0.0015116836390167698
3,102,3,5,B1,5367,0.001074171148815172,0.009572446829507827,0,0.0,0.0029168823752927743,0.0029168823752927743,0.0001863238308179616,0.005097745867414623,0.004911422036596661,0.999813676169182,0.9919853717572926,0.00782830441188942
3,107,3,6,B1,5351,0.0033309730256947147,0.03339289964382661,0,0.0,0.005541386455787212,0.005541386455787212,0.00037376191366099795,0.02480075306233236,0.024426991148671362,0.999626238086339,0.9696578604818803,0.029968377604458696
3,112,3,7,B1,5351,0.0040162982713292305,0.03641524998639419,0,0.0,0.0029265192791919146,0.0029265192791919146,0.00037376191366099795,0.03114983870654647,0.030776076792885472,0.999626238086339,0.9659236420142616,0.03370259607207737
3,117,3,8,B1,5353,0.0031595209567541567,0.031730504577288855,0,0.0,0.002398084407266209,0.002398084407266209,0.00018681113394358303,0.026926709699281806,0.026739898565338222,0.9998131888660564,0.970675205893452,0.029137982972604393
3,122,4,1,B1,7167,0.009077786016485935,0.02921795367530152,0,0.004743965396958281,0.006735394568567594,0.001991429171609313,0.0002790567880563695,0.0024473443963120133,0.002168287608255644,0.9949769778149854,0.9908172610351204,0.004159716779865041
3,127,4,2,B1,7174,0.004929680935145168,0.019741404944678936,0,0.002927237245609144,0.009664495103557925,0.0067372578579487806,0.0004181767493727349,0.0018742105064389956,0.0014560337570662606,0.9966545860050181,0.9884612943900031,0.00819329161501503
3,132,4,3,B1,7168,0.004731095388750132,0.015731024395200226,0,0.0029296875,0.0025981141935093725,0.0003315733064906275,0.0004185267857142857,0.0023975583955806318,0.0019790316098663462,0.9966517857142857,0.9950043274109099,0.0016474583033757595
3,137,4,4,B1,7165,0.0014956609820445754,0.005743944025222591,0,0.0011165387299371947,0.0015803812342136242,0.00046384250427642954,0.0005582693649685974,0.0016229025259089068,0.0010646331609403094,0.9983251919050942,0.9967967162398773,0.0015284756652168552
3,142,4,5,B1,7106,0.001113443872795564,0.0077016213284618424,0,0.0,0.0024056804994957025,0.0024056804994957025,0.00028145229383619476,0.004087131469057057,0.0038056791752208623,0.9997185477061638,0.9935071880314473,0.006211359674716421
3,147,4,6,B1,7111,0.004578850283895555,0.033438422783084495,0,0.0,0.006087933982669349,0.006087933982669349,0.0001406271972999578,0.024033360954622853,0.023892733757322895,0.9998593728027001,0.9698787050627078,0.029980667739992306
3,152,4,7,B1,7111,0.03458332647222164,0.10911676802382646,0,0.0,0.013066318618906747,0.013066318618906747,0.00042188159189987344,0.0829766236036449,0.08255474201174502,0.9995781184081002,0.9039570577774484,0.09562106063065179
3,157,4,8,B1,7107,0.004660419293818451,0.034195848965357246,0,0.0,0.002949280066990222,0.002949280066990222,0.0005628253834247924,0.028840980208561164,0.028278154825136372,0.9994371746165752,0.9682097397244486,0.03122743489212665
3,162,5,1,B1,8961,0.18596289720030784,0.37533581198511523,0,0.015288472268720009,0.01100958960599437,0.0042788826627256395,0.0882713982814418,0.019928628181154748,0.06834277010028705,0.8964401294498382,0.969061782212851,0.0726216527630128
3,167,5,2,B1,8963,0.0144337675954387,0.054895517222759024,0,0.004574361262969988,0.015348646917880746,0.010774285654910759,0.0030123842463460897,0.016993834182322465,0.013981449935976376,0.992413254490684,0.9676575188997969,0.024755735590887062
3,172,5,3,B1,8964,0.0220191620521809,0.06520760308848697,0,0.004239178937974119,0.004028729535512708,0.00021044940246141113,0.007697456492637216,0.02459607136996404,0.01689861487732682,0.9880633645693887,0.9713751990945232,0.016688165474865513
3,177,5,4,B1,8959,0.03899076324939989,0.08873072057686801,0,0.0040183056144659,0.001972085190404462,0.002046220424061438,0.01797075566469472,0.020066002275512244,0.0020952466108175236,0.9780109387208393,0.9779619125340833,4.902618675606263e-05
3,182,5,5,B1,8840,0.23908465628186829,0.44917766791209873,0,0.0,0.003953449141147657,0.003953449141147657,0.133710407239819,0.04654939299809251,0.08716101424172648,0.866289592760181,0.9494971578607598,0.0832075651005788
3,187,5,6,B1,8829,0.2579646971755251,0.4225615028002563,0,0.00011326311020500623,0.007430890278718633,0.007317627168513627,0.1379544682296976,0.19773214402361042,0.05977767579391283,0.8619322686600974,0.7948369656976709,0.0670953029624265
3,192,5,7,B1,8830,0.2745512869310116,0.4327652320906757,0,0.0,0.0037021689190909306,0.0037021689190909306,0.13238958097395243,0.23944565874684315,0.10705607777289072,0.8676104190260475,0.756852172334066,0.11075824669198153
3,197,5,8,B1,8829,0.2714610117263172,0.42979301609720166,0,0.0,0.00354018816631156,0.00354018816631156,0.13217804960924226,0.22823828990849176,0.0960602402992495,0.8678219503907577,0.7682215219251967,0.09960042846556105
3,202,6,1,B1,10746,0.6492066330265525,1.14563372215569,0,0.7250139586823003,0.27514276807578114,0.4498711906065192,0.05378745579750605,0.2873132786733291,0.23352582287582307,0.22119858552019356,0.43754395325088963,0.21634536773069607
3,207,6,2,B1,10746,0.3247454284132762,0.583697958063627,0,0.018611576400521124,0.151179970158403,0.13256839375788187,0.3026242322724735,0.22628780465517978,0.0763364276172937,0.6787641913270054,0.6225322251864173,0.05623196614058812
3,212,6,3,B1,10745,0.2615171669243583,0.4509142583667665,0,0.010795718939041415,0.03811093330883461,0.027315214369793193,0.3614704513727315,0.338426275711381,0.023044175661350474,0.6277338296882271,0.6234627909797843,0.004271038708442809
3,217,6,4,B1,10671,0.1919760290497563,0.343110579909585,0,0.0014993908724580639,0.01929030680675658,0.017790915934298514,0.3235872926623559,0.3154751051638476,0.008112187498508339,0.674913316465186,0.6652345880293958,0.009678728435790207
3,222,6,5,B1,10461,0.3774748648334286,0.5904949839661973,0,0.011757958130197877,0.02597530896548543,0.014217350835287553,0.4084695535799637,0.47757740857931696,0.06910785499935329,0.5797724882898384,0.49644728245519754,0.08332520583464087
3,227,6,6,B1,10408,0.1651242105371253,0.2973548113995269,0,0.0,0.020583309043532057,0.020583309043532057,0.8786510376633359,0.7629054196684604,0.11574561799487548,0.1213489623366641,0.21651127128800762,0.09516230895134352
3,232,6,7,B1,10384,0.15210893004017778,0.267871407457207,0,0.0,0.008675325861430288,0.008675325861430288,0.888771186440678,0.798513178724836,0.09025800771584203,0.11122881355932203,0.1928114954137337,0.08158268185441168
3,237,6,8,B1,10417,0.16364600254223657,0.28307290173148975,0,0.0,0.007979047673315849,0.007979047673315849,0.8845156954977441,0.7822891058986906,0.10222658959905351,0.11548430450225593,0.20973184642799358,0.09424754192573766
3,242,7,1,B1,12545,0.008494326689201406,0.019196504259812276,0,1.0,0.9850709423734425,0.014929057626557496,0.0,0.004194374614947392,0.004194374614947392,0.0,0.01073468301161002,0.01073468301161002
3,247,7,2,B1,12538,0.3160549683195627,0.562795156786164,0,0.7590524804594034,0.6044785326726332,0.15457394778677025,0.08031583984686552,0.14911316047921155,0.06879732063234603,0.16063167969373104,0.24640830684815526,0.08577662715442422
3,252,7,3,B1,12532,0.41794762173174194,0.718664594027757,0,0.39171720395786785,0.2663776945188777,0.12533950943899014,0.2864666453878072,0.40426576271353487,0.11779911732572768,0.32181615065432495,0.3293565427675875,0.007540392113262573
3,257,7,4,B1,12359,0.2518629522743878,0.4753162993811797,0,0.048143053645116916,0.09416275342470154,0.04601969977958462,0.4264099037138927,0.44307655434266996,0.016666650628777258,0.5254470426409904,0.4627606922326285,0.0626863504083619
3,262,7,5,B1,11917,0.37264119292794967,0.6140328699228171,0,0.06427792229587984,0.09230835367368044,0.028030431377800605,0.5982210287824117,0.5792256813499969,0.018995347432414822,0.33750104892170846,0.3284659649763227,0.009035083945385769
3,267,7,6,B1,11368,0.28876693813457893,0.525232984621498,0,0.08699859254046446,0.05134407425339239,0.03565451828707208,0.842716396903589,0.7969808903480762,0.04573550655551284,0.07028501055594652,0.1516750353985314,0.08139002484258487
3,272,7,7,B1,11291,0.08239539604866064,0.17594201022899336,0,8.85661146045523e-05,0.02194257155714774,0.021854005442543185,0.9682933309715703,0.8805129804383895,0.08778035053318078,0.03161810291382517,0.09754444800446273,0.06592634509063755
3,277,7,8,B1,11268,0.08474272434585312,0.18021264390229783,0,0.0,0.023075237312025272,0.023075237312025272,0.9661874334398296,0.880780959797698,0.08540647364213161,0.03381256656017039,0.09614380289027664,0.06233123633010625
3,2,1,1,P,1799,0.0022210056157192003,0.008380233044557657,0,0.0005558643690939411,3.865000480419638e-07,0.0005554778690458991,0.0005558643690939411,0.0005557045147371237,1.5985435681739862e-07,0.9988882712618121,0.9994439089852148,0.0005556377234027243
3,7,1,2,P,1798,0.001112046028563439,0.004954323284675409,0,0.0,0.0,0.0,0.0005561735261401557,7.526102135310287e-08,0.0005560982651188027,0.9994438264738599,0.9999999247389786,0.0005560982651187096
3,12,1,3,P,1799,0.001111727633282594,0.008068267980254812,0,0.0,0.0,0.0,0.0011117287381878821,0.0005558646453203318,0.0005558640928675503,0.9988882712618121,0.9994441353546797,0.000555864092867564
3,17,1,4,P,1798,1.6324345421574416e-13,6.737684596318244e-09,0,0.0,0.0,0.0,0.0,6.73764378512509e-09,6.73764378512509e-09,1.0,0.9999999932623562,6.737643776233426e-09
3,22,1,5,P,1798,0.001109485718525018,0.003833223508778219,0,0.0,0.0,0.0,0.0005561735261401557,0.0001398473659656853,0.00041632616017447043,0.9994438264738599,0.9998601526340346,0.00041632616017472923
3,27,1,6,P,1796,2.5989784895705696e-10,2.690531643000328e-07,0,0.0,0.0,0.0,0.0005567928730512249,0.0005570618612201288,2.6898816890389993e-07,0.9994432071269488,0.9994429381387799,2.689881688500151e-07
3,32,1,7,P,1796,0.0006685582828500871,0.0008304299846501016,0,0.0,0.0,0.0,0.0005567928730512249,0.0001256738070560033,0.00043111906599522165,0.9994432071269488,0.999874326192944,0.00043111906599524463
3,37,1,8,P,1797,0.001103302201063139,0.0030259428857462725,0,0.0,0.0,0.0,0.0005564830272676684,2.569742789277189e-06,0.0005539132844783912,0.9994435169727324,0.9999974302572107,0.0005539132844782912
3,42,2,1,P,3591,0.001109988663439348,0.003436047618529832,0,0.000835421888053467,0.0002639276165226739,0.000571494271530793,0.0,1.7642123766610504e-05,1.7642123766610504e-05,0.9991645781119465,0.9997184302597107,0.0005538521477642666
3,47,2,2,P,3593,0.0009743892479313184,0.004624912636988561,0,0.00027831895352073476,1.5501995600959802e-07,0.00027816393356472515,0.0005566379070414695,0.0004231838315126589,0.0001334540755288106,0.9991650431394378,0.9995766611485314,0.00041161800909361723
3,52,2,3,P,3593,0.0008983125199943045,0.004953033596190856,0,0.0,4.649635070114318e-05,4.649635070114318e-05,0.0005566379070414695,0.00044493357446901435,0.00011170433257245516,0.9994433620929585,0.99950857007483,6.520798187148458e-05
3,57,2,4,P,3587,4.314800546986696e-11,7.75639807898363e-08,0,0.0,0.0,0.0,0.00027878449958182325,0.0002787069463900357,7.755319178753654e-08,0.9997212155004181,0.99972129305361,7.755319186841803e-08
3,62,2,5,P,3586,1.091280053987504e-11,4.2071522426553266e-08,0,0.0,3.887665440575631e-08,3.887665440575631e-08,0.0002788622420524261,0.000278826557537589,3.568451483712846e-08,0.9997211377579476,0.9997211345658079,3.192139663710236e-09
3,67,2,6,P,3580,0.0,-0.0,0,0.0,0.0,0.0,0.0,0.0,0.0,1.0,1.0,0.0
3,72,2,7,P,3581,0.0002695825278584253,0.0003313732570988069,0,0.0,0.0,0.0,0.0,0.00019401205345577043,0.00019401205345577043,1.0,0.9998059879465443,0.0001940120534557055
3,77,2,8,P,3579,0.0011159776035759269,0.004029511111863838,0,0.0,0.0,0.0,0.0,0.0005584019032348982,0.0005584019032348982,1.0,0.9994415980967651,0.0005584019032348619
3,82,3,1,P,5379,0.004451677278824261,0.013173964950871956,0,0.002230897936419409,9.368486211030111e-05,0.0021372130743091077,0.00018590816136828406,0.0001767258670075961,9.182294360687973e-06,0.9975831939022123,0.9997295892708823,0.0021463953686700066
3,87,3,2,P,5384,0.0022062241313938655,0.006702618605229579,0,0.0009286775631500742,0.00019318364341544948,0.0007354939197346248,0.0003714710252600297,6.29553305320301e-07,0.00037084147195470937,0.9986998514115899,0.9998061868032793,0.0011063353916893615
3,92,3,3,P,5379,0.0021913723754940716,0.007730445356553409,0,0.0009295408068414204,1.2270595386397854e-06,0.0009283137473027806,0.00018590816136828406,0.0005394466217260345,0.0003535384603577505,0.9988845510317903,0.9994593263187351,0.0005747752869448286
3,97,3,4,P,5379,0.0029678851561103546,0.011866555152588231,0,0.0011154489682097045,5.186446125493e-07,0.0011149303235971552,0.0003718163227365681,0.0005556842279366178,0.00018386790520004968,0.9985127347090538,0.9994437971274508,0.0009310624183970218
3,102,3,5,P,5367,0.00037016657055892834,0.001062753972729509,0,0.0,0.0,0.0,0.0001863238308179616,0.00037210188103451727,0.00018577805021655565,0.999813676169182,0.9996278981189655,0.00018577805021657845
3,107,3,6,P,5351,0.00037338998613286044,0.0014020505994193338,0,0.0,2.043300985824623e-06,2.043300985824623e-06,0.00037376191366099795,0.0005581958223333649,0.0001844339086723669,0.999626238086339,0.9994397608766807,0.00018647720965825343
3,112,3,7,P,5351,0.0003707586479666658,0.00103070548946065,0,0.0,0.0,0.0,0.00037376191366099795,0.0005598483387507997,0.00018608642508980176,0.999626238086339,0.9994401516612492,0.0001860864250897709
3,117,3,8,P,5353,0.0004772438562626105,0.0011461508875667008,0,0.0,1.0250618536803995e-05,1.0250618536803995e-05,0.00018681113394358303,0.00046204266712534695,0.00027523153318176395,0.9998131888660564,0.9995277067143378,0.0002854821517186412
3,122,4,1,P,7167,0.009308104360533446,0.024725524718533846,0,0.004743965396958281,0.0003112842293000943,0.004432681167658187,0.0002790567880563695,0.00016136739883188992,0.00011768938922447956,0.9949769778149854,0.9995273483718681,0.004550370556882677
3,127,4,2,P,7174,0.006070921180082853,0.016319605113567802,0,0.002927237245609144,0.00015836525734500112,0.0027688719882641433,0.0004181767493727349,0.0008105744491597809,0.00039239769978704597,0.9966545860050181,0.9990310602934952,0.002376474288477093
3,132,4,3,P,7168,0.04528476537287585,0.09426947247678596,0,0.0029296875,0.0001962456215808104,0.0027334418784191895,0.0004185267857142857,0.07063106524827265,0.07021253846255836,0.9966517857142857,0.9291726891301465,0.0674790965841392
3,137,4,4,P,7165,0.0033367224683950583,0.010181285692713463,0,0.0011165387299371947,3.4911284494099323e-06,0.0011130476014877847,0.0005582693649685974,0.001209571745237978,0.0006513023802693807,0.9983251919050942,0.9987869371263126,0.00046174522121844586
3,142,4,5,P,7106,0.0006825064146702794,0.001666922885526534,0,0.0,0.0,0.0,0.00028145229383619476,0.0007632452527282121,0.00048179295889201737,0.9997185477061638,0.9992367547472718,0.00048179295889194673
3,147,4,6,P,7111,0.0014865561883106468,0.0026858527030012647,0,0.0,5.73393548078611e-06,5.73393548078611e-06,0.0001406271972999578,0.0012339299985950666,0.0010933028012951088,0.9998593728027001,0.9987603360659242,0.0010990367367759157
3,152,4,7,P,7111,0.0018421392484487163,0.00506408086145563,0,0.0,0.0,0.0,0.00042188159189987344,0.003465115519846907,0.0030432339279470332,0.9995781184081002,0.9965348844801531,0.003043233927947031
3,157,4,8,P,7107,0.0006036516968362547,0.0029184498496567846,0,0.0,1.3703728311473849e-06,1.3703728311473849e-06,0.0005628253834247924,0.0007234947630731323,0.0001606693796483399,0.9994371746165752,0.9992751348640957,0.00016203975247952584
3,162,5,1,P,8961,0.14287111422352886,0.22411907221323818,0,0.015288472268720009,0.0009421210342024047,0.014346351234517603,0.0882713982814418,0.13559832139596167,0.04732692311451987,0.8964401294498382,0.863459557569836,0.03298057188000225
3,167,5,2,P,8963,0.15661417039374007,0.2099798491875944,0,0.004574361262969988,0.0003986107479203283,0.00417575051504966,0.0030123842463460897,0.12388625036330504,0.12087386611695895,0.992413254490684,0.8757151388887746,0.11669811560190935
3,172,5,3,P,8964,0.10884990374405609,0.1932718897304831,0,0.004239178937974119,0.0001799693141649904,0.004059209623809129,0.007697456492637216,0.13980068323329667,0.13210322674065944,0.9880633645693887,0.8600193474525384,0.12804401711685032
3,177,5,4,P,8959,0.15026239603681193,0.19921660942773214,0,0.0040183056144659,0.00061632020764543,0.00340198540682047,0.01797075566469472,0.12681944712805227,0.10884869146335754,0.9780109387208393,0.8725642326643024,0.10544670605653694
3,182,5,5,P,8840,0.23827701716492591,0.38557482309339536,0,0.0,5.90589562098065e-06,5.90589562098065e-06,0.133710407239819,0.16232267236971396,0.028612265129894954,0.866289592760181,0.8376714217346651,0.028618171025515893
3,187,5,6,P,8829,0.25564908866198316,0.4126115965776984,0,0.00011326311020500623,5.852727445540644e-06,0.00010741038275946559,0.1379544682296976,0.21027813463397863,0.07232366640428103,0.8619322686600974,0.7897160126385758,0.0722162560215216
3,192,5,7,P,8830,0.24627792072103621,0.39902692545960616,0,0.0,5.988683526949582e-07,5.988683526949582e-07,0.13238958097395243,0.2227850523686031,0.09039547139465068,0.8676104190260475,0.7772143487630443,0.09039607026300323
3,197,5,8,P,8829,0.24152476048619645,0.39308602513425484,0,0.0,6.445169397098538e-08,6.445169397098538e-08,0.13217804960924226,0.219479047679432,0.08730099807018973,0.8678219503907577,0.7805208878688741,0.08730106252188363
3,202,6,1,P,10746,0.0355136411385438,0.06683520511275078,0,0.7250139586823003,0.7144939569128425,0.010520001769457887,0.05378745579750605,0.06149567542397643,0.007708219626470378,0.22119858552019356,0.2240103676631811,0.002811782142987551
3,207,6,2,P,10746,0.07052302722611554,0.1416764466651941,1,0.018611576400521124,0.002564866163630131,0.01604671023689099,0.3026242322724735,0.31599759425530416,0.013373361982830678,0.6787641913270054,0.6814375395810658,0.0026733482540604037
3,212,6,3,P,10745,0.18526949442259621,0.28502260583681227,0,0.010795718939041415,0.0009136773526961559,0.00988204158634526,0.3614704513727315,0.41609749286962655,0.05462704149689507,0.6277338296882271,0.5829888297776774,0.0447449999105497
3,217,6,4,P,10671,0.029174984829484055,0.06541467457756796,0,0.0014993908724580639,0.0020650034387860376,0.0005656125663279737,0.3235872926623559,0.3090067037769276,0.014580588885428292,0.674913316465186,0.6889282927842864,0.014014976319100314
3,222,6,5,P,10461,0.34590968441900993,0.5263418061533485,0,0.011757958130197877,0.01526884458021383,0.003510886450015953,0.4084695535799637,0.37580685229163197,0.03266270128833171,0.5797724882898384,0.6089243031281542,0.02915181483831575
3,227,6,6,P,10408,0.13392195162341256,0.21725916626889075,0,0.0,6.365163923798706e-06,6.365163923798706e-06,0.8786510376633359,0.8734659276569374,0.00518511000639843,0.1213489623366641,0.12652770717913878,0.005178744842474672
3,232,6,7,P,10384,0.13438590478607643,0.2146334120421555,0,0.0,6.697053772109792e-06,6.697053772109792e-06,0.888771186440678,0.9004723299367025,0.011701143496024469,0.11122881355932203,0.09952097300952537,0.011707840549796664
3,237,6,8,P,10417,0.13913846861590617,0.22434888959793398,0,0.0,7.250523270264621e-08,7.250523270264621e-08,0.8845156954977441,0.8900429734399427,0.0055272779421985385,0.11548430450225593,0.1099569540548246,0.005527350447431328
3,242,7,1,P,12545,0.0,-0.0,0,1.0,1.0,0.0,0.0,0.0,0.0,0.0,0.0,0.0
3,247,7,2,P,12538,0.022428918956789053,0.05040045321781038,3,0.7590524804594034,0.7575956947077148,0.0014567857516886162,0.08031583984686552,0.08751412032103689,0.00719828047417137,0.16063167969373104,0.15489018497124823,0.0057414947224828095
3,252,7,3,P,12532,0.3436381856432061,0.4940457734085954,0,0.39171720395786785,0.20422276264206926,0.1874944413157986,0.2864666453878072,0.4462240461207804,0.15975740073297323,0.32181615065432495,0.3495531912371503,0.027737040582825334
3,257,7,4,P,12359,0.13750609742146144,0.24365692715479587,0,0.048143053645116916,0.020385632559309984,0.027757421085806932,0.4264099037138927,0.44812040632565636,0.02171050261176366,0.5254470426409904,0.5314939611150337,0.006046918474043261
3,262,7,5,P,11917,0.40823049633024666,0.6073798112959322,0,0.06427792229587984,0.07850595025016047,0.014228027954280631,0.5982210287824117,0.5239712569699504,0.07424977181246128,0.33750104892170846,0.3975227927798892,0.060021743858180765
3,267,7,6,P,11368,0.23312840655134343,0.36793531718758277,0,0.08699859254046446,0.07743887647931147,0.009559716061152995,0.842716396903589,0.7765377460667824,0.06617865083680663,0.07028501055594652,0.14602337745390606,0.07573836689795954
3,272,7,7,P,11291,0.058940499724540636,0.12290563331758901,0,8.85661146045523e-05,1.7501720845351401e-06,8.681594252001715e-05,0.9682933309715703,0.975077341085445,0.006784010113874639,0.03161810291382517,0.02492090874247042,0.00669719417135475
3,277,7,8,P,11268,0.06295722029125879,0.1314413981227168,0,0.0,3.734338858149239e-06,3.734338858149239e-06,0.9661874334398296,0.9682173467787043,0.0020299133388747004,0.03381256656017039,0.031778918882437404,0.0020336476777329873
4,3,1,1,B0,1799,0.0018889617043783783,0.02608518385548799,0,0.0005558643690939411,0.01860605704595176,0.018050192676857816,0.0005558643690939411,0.005806565840037946,0.005250701470944005,0.9988882712618121,0.9755873771140102,0.0233008941478019
4,8,1,2,B0,1798,0.0001622030146685789,0.010156318899377762,0,0.0005561735261401557,0.007003461565378612,0.006447288039238456,0.0,0.003643408417202536,0.003643408417202536,0.9994438264738599,0.9893531300174189,0.010090696456441006
4,13,1,3,B0,1799,0.000995818064505877,0.00868667412699705,0,0.0,0.00242311671022649,0.00242311671022649,0.0005558643690939411,0.0054954064058546975,0.004939542036760757,0.9994441356309061,0.9920814768839189,0.007362658746987161
4,18,1,4,B0,1798,0.0004359454833874736,0.00438343606619598,0,0.0,0.0008485337529350268,0.0008485337529350268,0.0005561735261401557,0.0035660716826226894,0.0030098981564825335,0.9994438264738599,0.9955853945644423,0.0038584319094175923
4,23,1,5,B0,1799,0.002755368011734947,0.014913670012017773,0,0.0,0.0014598257969866836,0.0014598257969866836,0.0016675931072818232,0.00904871467773338,0.007381121570451556,0.9983324068927182,0.98949145952528,0.008840947367438234
4,28,1,6,B0,1796,0.005495875811454662,0.05419509593294275,0,0.0005567928730512249,0.004080287806448399,0.0035234949333971736,0.0005567928730512249,0.04938696320093443,0.048830170327883206,0.9988864142538976,0.9465327489926172,0.05235366526128038
4,33,1,7,B0,1795,0.008668416409598454,0.06566415891615918,0,0.0,0.0024181018326092946,0.0024181018326092946,0.0005571030640668524,0.06045267520457779,0.05989557214051094,0.9994428969359331,0.9371292229628129,0.062313673973120265
4,38,1,8,B0,1796,0.007840995582600598,0.06459946455504703,0,0.0,0.002264939607443758,0.002264939607443758,0.0005567928730512249,0.060625382425368315,0.06006858955231709,0.9994432071269488,0.9371096779671879,0.06233352915976087
4,43,2,1,B0,3592,0.0018608968656983584,0.023437796952770693,0,0.0011135857461024498,0.019164241016642825,0.018050655270540374,0.0,0.0030566798993358606,0.0030566798993358606,0.9988864142538976,0.9777790790840213,0.021107335169876285
4,48,2,2,B0,3590,0.0003032784998606808,0.00915974311091218,0,0.0005571030640668524,0.007505706218799111,0.0069486031547322585,0.0,0.0020149006700367054,0.0020149006700367054,0.9994428969359331,0.9904793931111642,0.008963503824768959
4,53,2,3,B0,3592,0.0008640792628832432,0.006205335520832665,0,0.00027839643652561246,0.002374175940326822,0.00209577950380121,0.00027839643652561246,0.002998088395640256,0.002719691959114644,0.9994432071269488,0.994627735664033,0.004815471462915832
4,58,2,4,B0,3590,0.0004902154935699508,0.003378083575147841,0,0.0,0.0009210167282598146,0.0009210167282598146,0.0002785515320334262,0.0021779198902929574,0.0018993683582595312,0.9997214484679666,0.9969010633814472,0.0028203850865193836
4,63,2,5,B0,3586,0.0004997132925362031,0.007889984328644585,0,0.0,0.0013459580066694252,0.0013459580066694252,0.0,0.004863249959378727,0.004863249959378727,1.0,0.9937907920339519,0.006209207966048069
4,68,2,6,B0,3576,0.0030849111856814243,0.03809470271614604,0,0.0,0.004648383434042366,0.004648383434042366,0.0,0.030826925336360774,0.030826925336360774,1.0,0.9645246912295968,0.03547530877040317
4,73,2,7,B0,3580,0.00269405428360049,0.033304434009066616,0,0.0,0.0020492255894642214,0.0020492255894642214,0.0,0.029524362355048316,0.029524362355048316,1.0,0.9684264120554874,0.03157358794451259
4,78,2,8,B0,3577,0.0022906766546248723,0.03295174357099145,0,0.0,0.0022001258365580935,0.0022001258365580935,0.0002795638803466592,0.03024189710680464,0.029962333226457978,0.9997204361196533,0.9675579770566373,0.03216245906301607
4,83,3,1,B0,5383,0.0056664621401266504,0.02922335069541488,0,0.002972320267508824,0.015535662126529024,0.0125633418590202,0.0,0.002655600020696557,0.002655600020696557,0.9970276797324912,0.9818087378527744,0.01521894187971673
4,88,3,2,B0,5386,0.0016462254516652673,0.012360716703193523,0,0.0012996658002228,0.006690540494646694,0.005390874694423895,0.0,0.001843207991075487,0.001843207991075487,0.9987003341997772,0.9914662515142778,0.00723408268549941
4,93,3,3,B0,5375,0.0022816023641702363,0.009533841620770941,0,0.0011162790697674418,0.002421091988573634,0.0013048129188061924,0.00037209302325581393,0.0027788396585744723,0.0024067466353186583,0.9985116279069768,0.994800068352852,0.0037115595541248325
4,98,3,4,B0,5374,0.001415949244841039,0.005634761799865021,0,0.0003721622627465575,0.0006799009128585585,0.00030773865011200096,0.0003721622627465575,0.0018936979688996582,0.0015215357061531007,0.9992556754745069,0.9974264011182419,0.0018292743562650093
4,103,3,5,B0,5375,0.0005372843688055906,0.005802164868803851,0,0.0,0.001274243453349183,0.001274243453349183,0.00037209302325581393,0.004335080702479751,0.003962987679223937,0.9996279069767442,0.994390675844171,0.005237231132573239
4,108,3,6,B0,5357,0.0025216597246964204,0.029815993818111786,0,0.0,0.0036958774784817136,0.0036958774784817136,0.00037334328915437746,0.025105919856107613,0.024732576566953234,0.9996266567108456,0.9711982026654106,0.028428454045435037
4,113,3,7,B0,5352,0.0024832375943277855,0.03047155396628439,0,0.0,0.001992356208013154,0.001992356208013154,0.0005605381165919282,0.028054745659247537,0.027494207542655608,0.999439461883408,0.9699528981327392,0.029486563750668826
4,118,3,8,B0,5354,0.002821749165048211,0.033054609683268225,0,0.0,0.002170339741425205,0.002170339741425205,0.00037355248412401944,0.03024284178205259,0.02986928929792857,0.9996264475158759,0.9675868184765222,0.032039629039353756
4,123,4,1,B0,7182,0.009099610415126608,0.03540599370656134,0,0.005012531328320802,0.018733364177949755,0.013720832849628953,0.0004177109440267335,0.0019264470359204762,0.0015087360918937427,0.9945697577276524,0.9793401887861298,0.015229568941522609
4,128,4,2,B0,7181,0.00372482917240697,0.01586247937715934,0,0.002367358306642529,0.007726057849381109,0.0053586995427385795,0.0004177691129369169,0.0013012204180616262,0.0008834513051247093,0.9972148725804205,0.9909727217325573,0.00624215084786317
4,133,4,3,B0,7172,0.0045700271735880085,0.016056924416775618,0,0.002370329057445622,0.0023899286225339557,1.9599565088333683e-05,0.0004182933630786392,0.0019765160563465474,0.0015582226932679083,0.9972113775794758,0.9956335553211195,0.0015778222583562318
4,138,4,4,B0,7164,0.0014713059158737716,0.0046378342767014686,0,0.0013958682300390843,0.001476077949274271,8.020971923518674e-05,0.0005583472920156337,0.0015040242315918556,0.0009456769395762218,0.9980457844779452,0.9970198978191339,0.0010258866588113147
4,143,4,5,B0,7110,0.000588208811564388,0.005048508032475317,0,0.0,0.001397884703508939,0.001397884703508939,0.00014064697609001407,0.003161457691466852,0.003020810715376838,0.9998593530239099,0.9954406576050242,0.004418695418885732
4,148,4,6,B0,7117,0.002572930884964045,0.02441869790572629,0,0.0,0.004461634998856679,0.004461634998856679,0.00042152592384431644,0.01849853717942799,0.018077011255583673,0.9995784740761556,0.9770398278217154,0.022538646254440242
4,153,4,7,B0,7114,0.0033341208576242493,0.026085882721500496,0,0.0,0.0024524537467755987,0.0024524537467755987,0.0,0.021530202800568336,0.021530202800568336,1.0,0.9760173434526562,0.023982656547343773
4,158,4,8,B0,7119,0.003908796198694557,0.02765365567023173,0,0.0,0.0027999350036940545,0.0027999350036940545,0.00042140750105351877,0.02289584020554067,0.022474432704487148,0.9995785924989464,0.9743042247907653,0.025274367708181145
4,163,5,1,B0,8964,0.17587878688226288,0.3681441226400729,0,0.013498438197233379,0.02474935112791569,0.011250912930682313,0.08623382418563141,0.018612452291374273,0.06762137189425714,0.9002677376171352,0.9566381965807101,0.056370458963574954
4,168,5,2,B0,8960,0.02127767197047394,0.06419833067037571,0,0.007254464285714286,0.01294687094448276,0.005692406658768474,0.0040178571428571425,0.01553257166622203,0.011514714523364887,0.9887276785714286,0.9715205573892953,0.0172071211821333
4,173,5,3,B0,8958,0.02331408256188949,0.06564616524793401,0,0.003460593882563072,0.0034695023812670632,8.908498703991043e-06,0.009153828979682964,0.020585481365906922,0.011431652386223958,0.987385577137754,0.9759450162528261,0.011440560884927842
4,178,5,4,B0,8951,0.13412055164983788,0.23959607904914842,0,0.003910177633783935,0.011916016877830813,0.008005839244046877,0.07920902692436599,0.10304457765402036,0.023835550729654376,0.9168807954418501,0.8850394054681489,0.03184138997370123
4,183,5,5,B0,8869,0.1697618274168381,0.3198929307610319,0,0.0,0.002461284857496405,0.002461284857496405,0.09369714736723418,0.04002815378273998,0.0536689935844942,0.9063028526327658,0.9575105613597636,0.05120770872699787
4,188,5,6,B0,8821,0.23099934636014857,0.384004463439617,0,0.0,0.005471298059771127,0.005471298059771127,0.13864641197143182,0.16935246015833558,0.030706048186903756,0.8613535880285682,0.8251762417818932,0.03617734624667501
4,193,5,7,B0,8828,0.28108493495689324,0.44453763739165625,0,0.0,0.0032630963953893142,0.0032630963953893142,0.16844132306298143,0.2087990586265552,0.04035773556357378,0.8315586769370186,0.7879378449780555,0.04362083195896305
4,198,5,8,B0,8833,0.30647423290713616,0.47541549487750384,0,0.0,0.0036164085844091727,0.0036164085844091727,0.19551681195516812,0.2213841962919416,0.025867384336773463,0.8044831880448319,0.7749993951236492,0.02948379292118264
4,203,6,1,B0,10739,0.39686218297757114,0.7133648090462094,0,0.20337089114442686,0.2463074902600814,0.04293659911565453,0.15439053915634604,0.2246016444692858,0.07021110531293975,0.6422385696992271,0.5290908652706328,0.11314770442859434
4,208,6,2,B0,10740,0.3186596391536157,0.5698509810055076,0,0.017783985102420855,0.12970944109568003,0.11192545599325918,0.3034450651769088,0.20055732324681425,0.10288774193009453,0.6787709497206704,0.6697332356575058,0.00903771406316467
4,213,6,3,B0,10747,0.3014185037280206,0.5054852949404229,0,0.008188331627430911,0.04117325348832461,0.0329849218608937,0.3752675165162371,0.31769456809169017,0.05757294842454691,0.616544151856332,0.6411321784199853,0.02458802656365322
4,218,6,4,B0,10740,0.281455841741598,0.45661796758986395,0,0.010986964618249535,0.01630921135514517,0.005322246736895636,0.3230912476722533,0.2711589062227203,0.05193234144953296,0.6659217877094972,0.7125318824221344,0.04661009471263722
4,223,6,5,B0,10473,0.3649260030364431,0.5774494954283146,0,0.011267067697889812,0.022851105908914354,0.011584038211024541,0.40580540437315,0.473385647852554,0.067580243479404,0.5829275279289602,0.5037632462385316,0.07916428169042855
4,228,6,6,B0,10445,0.18194657908670325,0.32432345627156633,0,0.0,0.020151004052564966,0.020151004052564966,0.835423647678315,0.7683440773627228,0.0670795703155922,0.16457635232168502,0.21150491858471215,0.04692856626302713
4,233,6,7,B0,10405,0.1508352635460844,0.2790547520714696,0,0.00019221528111484863,0.009929112190708377,0.009736896909593527,0.8888995675156175,0.8004528025154627,0.0884467650001548,0.11090821720326766,0.189618085293829,0.07870986809056135
4,238,6,8,B0,10372,0.15007860178445184,0.2743454267300068,0,0.0,0.01044787607978189,0.01044787607978189,0.8845931353644427,0.8158468752230118,0.06874626014143093,0.11540686463555727,0.17370524869720638,0.05829838406164911
4,243,7,1,B0,12524,0.18524181275598578,0.37409958205126065,0,1.0,0.7182214576507123,0.2817785423492877,0.0,0.1280063008752818,0.1280063008752818,0.0,0.15377224147400578,0.15377224147400578
4,248,7,2,B0,12526,0.33367375910445146,0.5896262419752687,0,0.8652403001756347,0.6181195887739034,0.2471207114017313,0.04590451860130928,0.16574233480686865,0.11983781620555936,0.08885518122305604,0.21613807641922797,0.12728289519617192
4,253,7,3,B0,12536,0.5830495453235451,0.9874059151308858,0,0.170788130185067,0.3648203934172938,0.19403226323222678,0.40196234843650286,0.4420521197175791,0.040089771281076214,0.42724952137843014,0.19312748686512712,0.23412203451330302
4,258,7,4,B0,12525,0.3122352090151656,0.565397649197761,0,0.03473053892215569,0.1309124244811256,0.09618188555896992,0.4258682634730539,0.4209086007238,0.0049596627492539125,0.5394011976047904,0.44817897479507446,0.09122222280971598
4,263,7,5,B0,11647,0.3808309895388836,0.6388298172397453,0,0.06525285481239804,0.13463564582501963,0.0693827910126216,0.5962908903580321,0.5622382815824063,0.03405260877562577,0.33845625482956987,0.3031260725925741,0.035330182236995744
4,268,7,6,B0,11413,0.24319726732571384,0.4350279253844572,0,0.06965740821869798,0.100607946831585,0.03095053861288702,0.8360641373871901,0.7852004653083056,0.050863672078884536,0.09427845439411198,0.1141915878601094,0.01991313346599742
4,273,7,7,B0,11453,0.08204669992343684,0.2047854352218972,0,0.0,0.05064438176643296,0.05064438176643296,0.9720597223434908,0.8381296104742293,0.13393011186926151,0.02794027765650921,0.11122600775933768,0.08328573010282847
4,278,7,8,B0,11394,0.08646294294774799,0.20559447228783018,0,0.0,0.054500057336542986,0.054500057336542986,0.9561172546954537,0.8490747032063279,0.10704255148912578,0.04388274530454625,0.09642523945712911,0.05254249415258286
4,3,1,1,B1,1799,0.0013066540594841984,0.016522741414420044,0,0.0005558643690939411,0.008097352939480443,0.007541488570386503,0.0005558643690939411,0.007062517497490971,0.00650665312839703,0.9988882712618121,0.9848401295630286,0.014048141698783545
4,8,1,2,B1,1798,0.0001380811411445411,0.009409496004899145,0,0.0005561735261401557,0.006477976118663817,0.0059218025925236615,0.0,0.0034407778428669445,0.0034407778428669445,0.9994438264738599,0.9900812460384694,0.00936258043539051
4,13,1,3,B1,1799,0.0011542649107651093,0.00882179335865045,0,0.0,0.0025632029251843364,0.0025632029251843364,0.0005558643690939411,0.003996380703688031,0.0034405163345940905,0.9994441356309061,0.9934404163711277,0.006003719259778384
4,18,1,4,B1,1798,0.0009618847442520391,0.0043093244865552785,0,0.0,0.00106138613910443,0.00106138613910443,0.0005561735261401557,0.0023673119028513236,0.0018111383767111678,0.9994438264738599,0.9965713019580443,0.0028725245158155444
4,23,1,5,B1,1799,0.003247349948534914,0.013760809000742683,0,0.0,0.0018166983481268412,0.0018166983481268412,0.0016675931072818232,0.005942090684354408,0.0042744975770725845,0.9983324068927182,0.9922412109675187,0.006091195925199466
4,28,1,6,B1,1796,0.0031795239829067044,0.040721756590634386,0,0.0005567928730512249,0.004751081874046388,0.0041942890009951635,0.0005567928730512249,0.03584454180399959,0.03528774893094837,0.9988864142538976,0.959404376321954,0.0394820379319436
4,33,1,7,B1,1795,0.00511792776499682,0.04686328373782023,0,0.0,0.0025058653139223277,0.0025058653139223277,0.0005571030640668524,0.042310548156065345,0.04175344509199849,0.9994428969359331,0.9551835865300123,0.04425931040592079
4,38,1,8,B1,1796,0.004233052107082161,0.04635677833581136,0,0.0,0.0022274732706211347,0.0022274732706211347,0.0005567928730512249,0.04325473271807989,0.04269793984502867,0.9994432071269488,0.954517794011299,0.04492541311564979
4,43,2,1,B1,3592,0.0012902760996648063,0.015154049741704022,0,0.0011135857461024498,0.009159384524904229,0.00804579877880178,0.0,0.004578086128202014,0.004578086128202014,0.9988864142538976,0.9862625293468936,0.012623884907003946
4,48,2,2,B1,3590,0.0002704939103859701,0.009441108966160044,0,0.0005571030640668524,0.007536152154207798,0.006979049090140946,0.0,0.0022807792022667426,0.0022807792022667426,0.9994428969359331,0.9901830686435255,0.009259828292407679
4,53,2,3,B1,3592,0.0009165048177332858,0.006850234455754049,0,0.00027839643652561246,0.002695406736337133,0.002417010299811521,0.00027839643652561246,0.0026304171325226906,0.0023520206959970784,0.9994432071269488,0.9946741761311402,0.00476903099580861
4,58,2,4,B1,3590,0.0006021866512099566,0.003760915975414598,0,0.0,0.0010630592470952395,0.0010630592470952395,0.0002785515320334262,0.0016770238747457133,0.0013984723427122871,0.9997214484679666,0.9972599168781591,0.002461531589807553
4,63,2,5,B1,3586,0.000583797461295216,0.007046551342900707,0,0.0,0.0017622910217868755,0.0017622910217868755,0.0,0.0039511895857886154,0.0039511895857886154,1.0,0.9942865193924244,0.005713480607575594
4,68,2,6,B1,3576,0.002627265004536304,0.03450927993238336,0,0.0,0.005678572792101951,0.005678572792101951,0.0,0.026784813913657547,0.026784813913657547,1.0,0.9675366132942406,0.032463386705759434
4,73,2,7,B1,3580,0.0022230439589642857,0.030031615770850666,0,0.0,0.0021775103240443696,0.0021775103240443696,0.0,0.02671901350170459,0.02671901350170459,1.0,0.971103476174251,0.028896523825749032
4,78,2,8,B1,3577,0.0023479974292387002,0.03096241910294036,0,0.0,0.002350813277076589,0.002350813277076589,0.0002795638803466592,0.027688589917755604,0.027409026037408944,0.9997204361196533,0.9699605968051679,0.029759839314485448
4,83,3,1,B1,5383,0.005376021872397778,0.024428363216107446,0,0.002972320267508824,0.008557387093981432,0.005585066826472607,0.0,0.003869089710200517,0.003869089710200517,0.9970276797324912,0.9875735231958181,0.00945415653667303
4,88,3,2,B1,5386,0.0017079857608237015,0.013961975911706965,0,0.0012996658002228,0.00810447047104728,0.00680480467082448,0.0,0.0023962245883431795,0.0023962245883431795,0.9987003341997772,0.9894993049406094,0.00920102925916777
4,93,3,3,B1,5375,0.002176039466323032,0.009567673749761557,0,0.0011162790697674418,0.003214990926740977,0.002098711856973535,0.00037209302325581393,0.0027323245314466375,0.0023602315081908236,0.9985116279069768,0.9940526845418125,0.004458943365164281
4,98,3,4,B1,5374,0.0014390758214398215,0.005205718994066624,0,0.0003721622627465575,0.0009681321651899008,0.0005959699024433434,0.0003721622627465575,0.0017168371772457067,0.0013446749144991493,0.9992556754745069,0.9973150306575644,0.0019406448169424495
4,103,3,5,B1,5375,0.000809214075837221,0.006920016509942864,0,0.0,0.0019327933091332619,0.0019327933091332619,0.00037209302325581393,0.004018962441371918,0.0036468694181161043,0.9996279069767442,0.9940482442494948,0.005579662727249413
4,108,3,6,B1,5357,0.0031670376088259464,0.03261299525371274,0,0.0,0.005471070251724384,0.005471070251724384,0.00037334328915437746,0.0254441186966377,0.02507077540748332,0.9996266567108456,0.9690848110516379,0.0305418456592077
4,113,3,7,B1,5352,0.003014906080808587,0.03128115415556155,0,0.0,0.0026044337822385016,0.0026044337822385016,0.0005605381165919282,0.02778463023752399,0.02722409212093206,0.999439461883408,0.9696109359802375,0.029828525903170533
4,118,3,8,B1,5354,0.0034835621018606874,0.034351214547713664,0,0.0,0.0027870741518071086,0.0027870741518071086,0.00037355248412401944,0.030313947096950174,0.029940394612826157,0.9996264475158759,0.9668989787512429,0.03272746876463306
4,123,4,1,B1,7182,0.008681102965191112,0.02881684343905977,0,0.005012531328320802,0.009180011992697681,0.004167480664376879,0.0004177109440267335,0.002531402447983603,0.0021136915039568697,0.9945697577276524,0.9882885855593188,0.006281172168333682
4,128,4,2,B1,7181,0.003723922970516726,0.01667247137539903,0,0.002367358306642529,0.008335186331948088,0.005967828025305559,0.0004177691129369169,0.0017318840704172492,0.0013141149574803323,0.9972148725804205,0.9899329295976346,0.007281942982785949
4,133,4,3,B1,7172,0.0045723913412534685,0.016356688375360313,0,0.002370329057445622,0.0030667454560351407,0.0006964163985895186,0.0004182933630786392,0.0025213134021562864,0.002103020039077647,0.9972113775794758,0.9944119411418085,0.0027994364376672243
4,138,4,4,B1,7164,0.0013486534866295127,0.00467846227690864,0,0.0013958682300390843,0.0018122468117614708,0.0004163785817223864,0.0005583472920156337,0.001592688199349197,0.0010343409073335632,0.9980457844779452,0.9965950649888894,0.0014507194890558406
4,143,4,5,B1,7110,0.0006908878620090094,0.006197752992622648,0,0.0,0.0019819155976363912,0.0019819155976363912,0.00014064697609001407,0.0036109451931267424,0.003470298217036728,0.9998593530239099,0.9944071392092368,0.00545221381467309
4,148,4,6,B1,7117,0.0036396240522360733,0.03033205964557807,0,0.0,0.0060035329348774365,0.0060035329348774365,0.00042152592384431644,0.022227326382231075,0.02180580045838676,0.9995784740761556,0.9717691406828913,0.0278093333932643
4,153,4,7,B1,7114,0.0038088250606221315,0.02998179763432419,0,0.0,0.002769154310586214,0.002769154310586214,0.0,0.02536315246825514,0.02536315246825514,1.0,0.9718676932211587,0.028132306778841265
4,158,4,8,B1,7119,0.004734490088242119,0.03256083989979541,0,0.0,0.0031802129465690943,0.0031802129465690943,0.00042140750105351877,0.026942348747464116,0.026520941246410596,0.9995785924989464,0.9698774383059667,0.029701154192979695
4,163,5,1,B1,8964,0.1801942887896543,0.3668271165184995,0,0.013498438197233379,0.012172948245008464,0.0013254899522249144,0.08623382418563141,0.019367402209126385,0.06686642197650502,0.9002677376171352,0.968459649545865,0.06819191192872986
4,168,5,2,B1,8960,0.020915128906251048,0.06376348362838814,0,0.007254464285714286,0.01389270015884739,0.006638235873133103,0.0040178571428571425,0.016223608228166965,0.012205751085309823,0.9887276785714286,0.9698836916129857,0.018843986958442915
4,173,5,3,B1,8958,0.023164271566691836,0.06577620866240434,0,0.003460593882563072,0.004687128699871945,0.0012265348173088725,0.009153828979682964,0.022994166471959235,0.013840337492276271,0.987385577137754,0.9723187048281688,0.015066872309585144
4,178,5,4,B1,8951,0.12548931443054387,0.22257515833544306,0,0.003910177633783935,0.015297077448105947,0.011386899814322012,0.07920902692436599,0.08186485525223755,0.002655828327871562,0.9168807954418501,0.9028380672996565,0.014042728142193539
4,183,5,5,B1,8869,0.16944140439301053,0.328330671920903,0,0.0,0.003799757846592461,0.003799757846592461,0.09369714736723418,0.04511008013237817,0.048587067234856014,0.9063028526327658,0.9510901620210294,0.044787309388263585
4,188,5,6,B1,8821,0.2528556914118462,0.4166638212895192,0,0.0,0.007270834460220606,0.007270834460220606,0.13864641197143182,0.18876771530037917,0.05012130332894735,0.8613535880285682,0.8039614502394002,0.05739213778916796
4,193,5,7,B1,8828,0.30163981493193465,0.473802008045065,0,0.0,0.003541447001334526,0.003541447001334526,0.16844132306298143,0.2179073260608677,0.04946600299788628,0.8315586769370186,0.7785512269377977,0.05300744999922091
4,198,5,8,B1,8833,0.32622655789670246,0.5044685138654773,0,0.0,0.004068167393763263,0.004068167393763263,0.19551681195516812,0.22836205704185225,0.03284524508668413,0.8044831880448319,0.7675697755643844,0.03691341248044744
4,203,6,1,B1,10739,0.40116296657725997,0.7131516080908462,0,0.20337089114442686,0.1490616530215095,0.05430923812291735,0.15439053915634604,0.27663494154632234,0.1222444023899763,0.6422385696992271,0.5743034054321682,0.06793516426705892
4,208,6,2,B1,10740,0.3217639675983053,0.57590524834168,0,0.017783985102420855,0.1408200118975607,0.12303602679513984,0.3034450651769088,0.21732833443602914,0.08611673074087964,0.6787709497206704,0.6418516536664101,0.036919296054260364
4,213,6,3,B1,10747,0.2634203039999465,0.4629330406905474,0,0.008188331627430911,0.051698482881491696,0.04351015125406078,0.3752675165162371,0.33550605337446804,0.03976146314176904,0.616544151856332,0.6127954637440403,0.003748688112291787
4,218,6,4,B1,10740,0.20412591550682918,0.3670335050000075,0,0.010986964618249535,0.021013620686607056,0.010026656068357521,0.3230912476722533,0.3081502989470131,0.014940948725240155,0.6659217877094972,0.6708360803663799,0.004914292656882702
4,223,6,5,B1,10473,0.3737482452414247,0.5876444203076603,0,0.011267067697889812,0.029228175733952408,0.017961108036062594,0.40580540437315,0.4808633178910118,0.07505791351786179,0.5829275279289602,0.48990850637503575,0.09301902155392444
4,228,6,6,B1,10445,0.17365139175817837,0.308023712148842,0,0.0,0.02293829381840497,0.02293829381840497,0.835423647678315,0.7573581246539942,0.0780655230243208,0.16457635232168502,0.21970358152760086,0.05512722920591584
4,233,6,7,B1,10405,0.1561984979878251,0.27590654706721557,0,0.00019221528111484863,0.009989413648519112,0.009797198367404263,0.8888995675156175,0.7856171819684887,0.10328238554712876,0.11090821720326766,0.20439340438299225,0.0934851871797246
4,238,6,8,B1,10372,0.15307472318620363,0.27092454222831175,0,0.0,0.01040014442747731,0.01040014442747731,0.8845931353644427,0.7977616214095292,0.08683151395491351,0.11540686463555727,0.19183823416299337,0.0764313695274361
4,243,7,1,B1,12524,0.005863956485412816,0.014862345284877874,0,1.0,0.987703899292984,0.012296100707016033,0.0,0.0029604852534456097,0.0029604852534456097,0.0,0.009335615453570475,0.009335615453570475
4,248,7,2,B1,12526,0.3125684689471732,0.5597040185518799,0,0.8652403001756347,0.6096405350354993,0.2555997651401354,0.04590451860130928,0.15278160007297575,0.10687708147166647,0.08885518122305604,0.23757786489152494,0.1487226836684689
4,253,7,3,B1,12536,0.4669304829945686,0.7931448964149219,0,0.170788130185067,0.3213545212047696,0.1505663910197026,0.40196234843650286,0.42617677346949845,0.02421442503299559,0.42724952137843014,0.25246870532573196,0.17478081605269818
4,258,7,4,B1,12525,0.2399790565626404,0.45414504715724474,0,0.03473053892215569,0.09173294569220651,0.05700240677005082,0.4258682634730539,0.4386105196365271,0.012742256163473187,0.5394011976047904,0.46965653467126633,0.0697446629335241
4,263,7,5,B1,11647,0.37965085093703355,0.6233150565749915,0,0.06525285481239804,0.09047744642077239,0.025224591608374355,0.5962908903580321,0.5814750246377216,0.014815865720310462,0.33845625482956987,0.32804752894150596,0.010408725888063908
4,268,7,6,B1,11413,0.25774510830155495,0.46977755085755124,0,0.06965740821869798,0.058759163948706006,0.010898244269991975,0.8360641373871901,0.8066822401551578,0.029381897232032328,0.09427845439411198,0.13455859589613628,0.0402801415020243
4,273,7,7,B1,11453,0.08293853684538974,0.17883595611777414,0,0.0,0.02330034694644646,0.02330034694644646,0.9720597223434908,0.8750768928920235,0.0969828294514673,0.02794027765650921,0.10162276016153016,0.07368248250502095
4,278,7,8,B1,11394,0.09176972712364727,0.1897557408429562,0,0.0,0.026188158902487532,0.026188158902487532,0.9561172546954537,0.8834413101867865,0.07267594450866721,0.04388274530454625,0.0903705309107259,0.04648778560617965
4,3,1,1,P,1799,0.0022074716653221927,0.008431055818960894,0,0.0005558643690939411,3.865000480419638e-07,0.0005554778690458991,0.0005558643690939411,0.0005487877756371729,7.076593456768168e-06,0.9988882712618121,0.9994508257243149,0.0005625544625027512
4,8,1,2,P,1798,0.0011108007346931218,0.004044055855282568,0,0.0005561735261401557,3.8671500913653664e-07,0.0005557868111310192,0.0,0.0005558228595343,0.0005558228595343,0.9994438264738599,0.9994437904254566,3.604840326243419e-08
4,13,1,3,P,1799,1.6113284238047e-17,6.692085495317642e-11,0,0.0,0.0,0.0,0.0005558643690939411,0.000555864436014792,6.692085091370564e-11,0.9994441356309061,0.9994441355639851,6.692091325533056e-11
4,18,1,4,P,1798,7.665944277537384e-07,1.4795746971733358e-05,0,0.0,0.0,0.0,0.0005561735261401557,0.0005415728493407195,1.4600676799436186e-05,0.9994438264738599,0.9994584271506592,1.460067679937005e-05
4,23,1,5,P,1799,0.0022231325547650226,0.024106207661798145,1,0.0,0.0,0.0,0.0016675931072818232,0.0005553703556585883,0.001112222751623235,0.9983324068927182,0.9994446296443413,0.0011122227516231487
4,28,1,6,P,1796,0.0009644648199578055,0.0012158004806003691,0,0.0005567928730512249,0.00024727401712841535,0.00030951885592280957,0.0005567928730512249,0.0004507378524384606,0.00010605502061276434,0.9988864142538976,0.999301988130433,0.00041557387653545774
4,33,1,7,P,1795,4.325030620919081e-11,1.5523602552386972e-07,0,0.0,7.755854991878787e-08,7.755854991878787e-08,0.0005571030640668524,0.0005571031721789578,1.08112105422567e-10,0.9994428969359331,0.999442819269271,7.766666210162754e-08
4,38,1,8,P,1796,2.0124975547565813e-06,2.450318162985494e-05,0,0.0,0.0,0.0,0.0005567928730512249,0.0005334423231556866,2.3350549895538282e-05,0.9994432071269488,0.9994665576768443,2.3350549895551076e-05
4,43,2,1,P,3592,0.0011090141651933375,0.0035300785010177397,0,0.0011135857461024498,0.0005535151330085762,0.0005600706130938736,0.0,5.27667526803113e-06,5.27667526803113e-06,0.9988864142538976,0.9994412081917233,0.0005547939378257594
4,48,2,2,P,3590,0.0009756960985356371,0.004498469886271727,0,0.0005571030640668524,1.7450673731733453e-07,0.0005569285573295351,0.0,0.00015345150270457773,0.00015345150270457773,0.9994428969359331,0.9998463739905581,0.00040347705462495664
4,53,2,3,P,3592,0.0005566760026342863,0.0026648862689478796,0,0.00027839643652561246,1.938558850536639e-08,0.0002783770509371071,0.00027839643652561246,0.0002784161046660146,1.966814040213656e-08,0.9994432071269488,0.9997215645097456,0.0002783573827968011
4,58,2,4,P,3590,9.389301540472205e-13,1.1435715334072196e-08,0,0.0,0.0,0.0,0.0002785515320334262,0.0002785629675140213,1.1435480595117266e-08,0.9997214484679666,0.999721437032486,1.1435480673505083e-08
4,63,2,5,P,3586,0.000548662540223194,0.0013410043556253799,0,0.0,0.0,0.0,0.0,0.00027658747811209686,0.00027658747811209686,1.0,0.9997234125218879,0.00027658747811210027
4,68,2,6,P,3576,0.00041322391583561383,0.0005489314700008725,0,0.0,0.0,0.0,0.0,0.00024036928496326052,0.00024036928496326052,1.0,0.9997596307150368,0.00024036928496318222
4,73,2,7,P,3580,4.677409511169587e-08,2.567679049945146e-06,0,0.0,0.0,0.0,0.0,2.555913701203978e-06,2.555913701203978e-06,1.0,0.9999974440862988,2.555913701240975e-06
4,78,2,8,P,3577,1.1047526131091713e-32,4.9753634567350457e-17,0,0.0,0.0,0.0,0.0002795638803466592,0.00027956388034670887,4.96564594998361e-17,0.9997204361196533,0.9997204361196533,0.0
4,83,3,1,P,5383,0.0055347501290740385,0.01591586159825677,0,0.002972320267508824,0.00019400340899208035,0.0027783168585167437,0.0,3.246952265687921e-06,3.246952265687921e-06,0.9970276797324912,0.9998027496387422,0.002775069906250982
4,88,3,2,P,5386,0.001833162878772016,0.0047938287456244285,0,0.0012996658002228,0.0003784504173151536,0.0009212153829076463,0.0,0.00018513827654694347,0.00018513827654694347,0.9987003341997772,0.9994364113061378,0.0007360771063605887
4,93,3,3,P,5375,0.002881577771712947,0.009790620596645776,0,0.0011162790697674418,1.8243244703730984e-05,0.0010980358250637107,0.00037209302325581393,0.0003750124301133066,2.9194068574926735e-06,0.9985116279069768,0.9996067443251829,0.0010951164182061435
4,98,3,4,P,5374,0.001712341121318857,0.005916247890830805,0,0.0003721622627465575,2.2490281776242802e-07,0.0003719373599287951,0.0003721622627465575,0.0001451103418148574,0.00022705192093170013,0.9992556754745069,0.9998546647553673,0.0005989892808604402
4,103,3,5,P,5375,1.1362731481459978e-07,3.309359838456015e-06,0,0.0,2.861080248533397e-08,2.861080248533397e-08,0.00037209302325581393,0.00036881436935157273,3.278653904241198e-06,0.9996279069767442,0.999631157019846,3.250043101754585e-06
4,108,3,6,P,5357,1.6256174731345964e-08,1.5448194680640597e-06,0,0.0,2.003016982331416e-07,2.003016982331416e-07,0.00037334328915437746,0.00037206704938576416,1.2762397686133086e-06,0.9996266567108456,0.9996277326489159,1.075938070305149e-06
4,113,3,7,P,5352,0.00011944902540054321,0.00015586287235744035,0,0.0,0.0,0.0,0.0005605381165919282,0.00045472991816327335,0.0001058081984286549,0.999439461883408,0.9995452700818368,0.00010580819842875844
4,118,3,8,P,5354,1.1718111059738383e-10,1.0464407600571643e-07,0,0.0,0.0,0.0,0.00037355248412401944,0.0003734478782091729,1.0460591484651952e-07,0.9996264475158759,0.999626552121791,1.0460591504113381e-07
4,123,4,1,P,7182,0.00985342788094657,0.025669154410762132,0,0.005012531328320802,0.00026972684675900235,0.0047428044815618,0.0004177109440267335,0.0005316594619411521,0.0001139485179144186,0.9945697577276524,0.9991986136912998,0.004628855963647371
4,128,4,2,P,7181,0.004544287367606315,0.012256070867248548,0,0.002367358306642529,0.00013985342756356016,0.002227504879078969,0.0004177691129369169,0.0007135945405583805,0.0002958254276214636,0.9972148725804205,0.9991465520318781,0.0019316794514575575
4,133,4,3,P,7172,0.056649380226272895,0.10762148322639388,0,0.002370329057445622,0.00014450179776722365,0.0022258272596783982,0.0004182933630786392,0.08157432587502325,0.08115603251194461,0.9972113775794758,0.9182811723272096,0.07893020525226613
4,138,4,4,P,7164,0.0036548215773498233,0.011111325636459713,0,0.0013958682300390843,2.844741036658614e-06,0.0013930234890024258,0.0005583472920156337,0.0015076425675880382,0.0009492952755724045,0.9980457844779452,0.9984895126913753,0.0004437282134300835
4,143,4,5,P,7110,0.00031452188614139437,0.0004905968704868531,0,0.0,0.0,0.0,0.00014064697609001407,0.00046685644411084394,0.0003262094680208299,0.9998593530239099,0.9995331435558892,0.000326209468020755
4,148,4,6,P,7117,0.0005233733944346806,0.0010438463561676366,0,0.0,0.0,0.0,0.00042152592384431644,0.0008717566138520751,0.00045023069000775864,0.9995784740761556,0.9991282433861479,0.00045023069000771354
4,153,4,7,P,7114,0.0007651077653687281,0.0013823238015926412,0,0.0,0.0,0.0,0.0,0.0006215416567686956,0.0006215416567686956,1.0,0.9993784583432312,0.0006215416567687537
4,158,4,8,P,7119,0.0008994093990904908,0.0022440299072541774,0,0.0,2.195757997321526e-06,2.195757997321526e-06,0.00042140750105351877,0.0008760296888232108,0.000454622187769692,0.9995785924989464,0.9991217745531794,0.0004568179457670185
4,163,5,1,P,8964,0.1419414945990646,0.2166327595561807,0,0.013498438197233379,0.0009159784498039201,0.01258245974742946,0.08623382418563141,0.13438955545764236,0.04815573127201095,0.9002677376171352,0.8646944660925538,0.03557327152458134
4,168,5,2,P,8960,0.1535395422214198,0.21709237091145234,0,0.007254464285714286,0.0002101677828212594,0.007044296502893027,0.0040178571428571425,0.12107659547138085,0.1170587383285237,0.9887276785714286,0.8787132367457978,0.1100144418256308
4,173,5,3,P,8958,0.10032024867492964,0.18035778499377864,0,0.003460593882563072,0.000341724377244801,0.0031188695053182714,0.009153828979682964,0.1321588714974766,0.12300504251779364,0.987385577137754,0.8674994041252786,0.1198861730124754
4,178,5,4,P,8951,0.198490727700519,0.28931546780298806,0,0.003910177633783935,0.005178928088093012,0.0012687504543090772,0.07920902692436599,0.17706931012795868,0.09786028320359269,0.9168807954418501,0.8177517617839484,0.09912903365790171
4,183,5,5,P,8869,0.19225294164595044,0.3282860690822043,0,0.0,0.0,0.0,0.09369714736723418,0.1696899433584577,0.07599279599122351,0.9063028526327658,0.8303100566415422,0.07599279599122355
4,188,5,6,P,8821,0.2400005914943466,0.3923635184098672,0,0.0,2.1040429016034694e-08,2.1040429016034694e-08,0.13864641197143182,0.19363079627277235,0.05498438430134053,0.8613535880285682,0.8063691826867988,0.054984405341769405
4,193,5,7,P,8828,0.2884881630615662,0.453877150733238,0,0.0,0.0,0.0,0.16844132306298143,0.19918007230458473,0.030738749241603303,0.8315586769370186,0.8008199276954152,0.030738749241603358
4,198,5,8,P,8833,0.30761795227567706,0.47312337412516575,0,0.0,7.11151367849316e-08,7.11151367849316e-08,0.19551681195516812,0.21073999413920833,0.015223182184040202,0.8044831880448319,0.7892599347456548,0.015223253299177064
4,203,6,1,P,10739,0.07915786734214421,0.14773520795949596,0,0.20337089114442686,0.19054195738720897,0.012828933757217886,0.15439053915634604,0.16996012793231574,0.0155695887759697,0.6422385696992271,0.6394979146804752,0.0027406550187518697
4,208,6,2,P,10740,0.06852500153741249,0.13647524549199835,0,0.017783985102420855,0.0023732891721608097,0.015410695930260045,0.3034450651769088,0.3112661879216531,0.007821122744744335,0.6787709497206704,0.686360522906186,0.0075895731855155635
4,213,6,3,P,10747,0.1628978472284078,0.25199802071360705,0,0.008188331627430911,0.0007291479704749187,0.0074591836569559925,0.3752675165162371,0.40836408989463596,0.033096573378398886,0.616544151856332,0.590906762134889,0.025637389721443027
4,218,6,4,P,10740,0.04572791496736372,0.10095385533508514,0,0.010986964618249535,0.0021330245218895787,0.008853940096359956,0.3230912476722533,0.3110074688143336,0.01208377885791967,0.6659217877094972,0.6868595066637768,0.02093771895427965
4,223,6,5,P,10473,0.33833319887222063,0.5167877973038174,0,0.011267067697889812,0.0166959330318111,0.005428865333921286,0.40580540437315,0.37696508883922364,0.028840315533926353,0.5829275279289602,0.6063389781289652,0.023411450200005013
4,228,6,6,P,10445,0.1632934759349431,0.2545082648612092,0,0.0,1.1507904694777159e-05,1.1507904694777159e-05,0.835423647678315,0.8754452078985893,0.040021560220274255,0.16457635232168502,0.12454328419671601,0.04003306812496901
4,233,6,7,P,10405,0.1317090604010925,0.20987196526234447,0,0.00019221528111484863,3.461895386193024e-06,0.00018875338572865561,0.8888995675156175,0.8966283158881185,0.0077287483725010375,0.11090821720326766,0.10336822221649519,0.007539994986772464
4,238,6,8,P,10372,0.1349203414799017,0.21781822428809772,0,0.0,2.489464940011738e-07,2.489464940011738e-07,0.8845931353644427,0.8997040627180324,0.015110927353589654,0.11540686463555727,0.10029568833547349,0.015111176300083781
4,243,7,1,P,12524,0.0,-0.0,0,1.0,1.0,0.0,0.0,0.0,0.0,0.0,0.0,0.0
4,248,7,2,P,12526,0.012732954801172126,0.028404528692601575,0,0.8652403001756347,0.8570673938888502,0.008172906286784465,0.04590451860130928,0.05319325660254293,0.007288738001233648,0.08885518122305604,0.0897393495086069,0.0008841682855508654
4,253,7,3,P,12536,0.16033790104353557,0.25343141321719714,0,0.170788130185067,0.17453807282637118,0.0037499426413041825,0.40196234843650286,0.4136295740088837,0.011667225572380868,0.42724952137843014,0.41183235316474515,0.015417168213684995
4,258,7,4,P,12525,0.11305901521571188,0.20548716250873572,0,0.03473053892215569,0.017672734472008643,0.017057804450147047,0.4258682634730539,0.44310158920025855,0.01723332572720465,0.5394011976047904,0.5392256763277329,0.00017552127705755538
4,263,7,5,P,11647,0.4124327173735522,0.613160539299662,0,0.06525285481239804,0.07549874121444662,0.010245886402048585,0.5962908903580321,0.520458657060981,0.07583223329705102,0.33845625482956987,0.40404260172457235,0.06558634689500248
4,268,7,6,P,11413,0.2644041091397173,0.4041930252146716,0,0.06965740821869798,0.08365668523088786,0.013999277012189879,0.8360641373871901,0.7789760176677878,0.05708811971940231,0.09427845439411198,0.1373672971013242,0.04308884270721222
4,273,7,7,P,11453,0.05250925262132748,0.11282753422186163,0,0.0,2.646650131058988e-05,2.646650131058988e-05,0.9720597223434908,0.9737023698792769,0.0016426475357861348,0.02794027765650921,0.02627116361941253,0.0016691140370966827
4,278,7,8,P,11394,0.08056482155415581,0.16025285353464358,0,0.0,5.5177249560122e-06,5.5177249560122e-06,0.9561172546954537,0.9705570239332513,0.01443976923779755,0.04388274530454625,0.02943745834179275,0.0144452869627535
5,4,1,1,B0,1799,0.0020853128287509726,0.027459111668095136,0,0.0,0.020150908111548176,0.020150908111548176,0.0005558643690939411,0.00601963024879973,0.005463765879705789,0.9994441356309061,0.973829461639652,0.025614673991254056
5,9,1,2,B0,1798,0.0010056799738929227,0.013422472758634773,0,0.0,0.008987882570226442,0.008987882570226442,0.0005561735261401557,0.003647159563125834,0.003090986036985678,0.9994438264738599,0.9873649578666478,0.012078868607212079
5,14,1,3,B0,1798,0.00040029530126817686,0.00678072548548903,0,0.0,0.0018467309107962292,0.0018467309107962292,0.0005561735261401557,0.004992603750444198,0.004436430224304042,0.9994438264738599,0.9931606653387596,0.006283161135100301
5,19,1,4,B0,1798,0.0002123343069396942,0.005121618799430334,0,0.0,0.0007450689238029946,0.0007450689238029946,0.0005561735261401557,0.004463379524402981,0.003907205998262825,0.9994438264738599,0.994791551551794,0.00465227492206588
5,24,1,5,B0,1795,0.001069186804323792,0.014804856196993062,0,0.0,0.0014934541138193916,0.0014934541138193916,0.0,0.010157428844913989,0.010157428844913989,1.0,0.9883491170412666,0.0116508829587334
5,29,1,6,B0,1795,0.006439378379879618,0.05975568330773868,0,0.0,0.004128163295986189,0.004128163295986189,0.0005571030640668524,0.05426154769364255,0.0537044446295757,0.9994428969359331,0.9416102890103712,0.057832607925561885
5,34,1,7,B0,1796,0.010862070786541672,0.07460916988801518,0,0.0,0.0023987441298460293,0.0023987441298460293,0.0005567928730512249,0.0677298769581222,0.06717308408507097,0.9994432071269488,0.9298713789120318,0.06957182821491703
5,39,1,8,B0,1795,0.007420977887846358,0.06361241784345087,0,0.0,0.0021291297611139375,0.0021291297611139375,0.0005571030640668524,0.059942713485118405,0.05938561042105155,0.9994428969359331,0.9379281567537677,0.061514740182165406
5,44,2,1,B0,3590,0.0022251527029869575,0.023665833172198097,0,0.0008356545961002785,0.017990540591254045,0.017154885995153767,0.0002785515320334262,0.002824396980869383,0.002545845448835957,0.9988857938718663,0.9791850624278765,0.01970073144398976
5,49,2,2,B0,3592,0.0007347339276514432,0.011758805301430749,0,0.00027839643652561246,0.008694016162297806,0.008415619725772193,0.0,0.0018034817759865552,0.0018034817759865552,0.9997216035634744,0.9895025020617156,0.010219101501758754
5,54,2,3,B0,3588,0.0008773963595892965,0.006188572865106785,0,0.0,0.001960687875351692,0.001960687875351692,0.0,0.0026520210153134108,0.0026520210153134108,1.0,0.995387291109335,0.004612708890665007
5,59,2,4,B0,3592,0.0005448785144207623,0.003932310484241909,0,0.00027839643652561246,0.000847646598601877,0.0005692501620762646,0.0,0.002174062353125,0.002174062353125,0.9997216035634744,0.9969782910482732,0.0027433125152012128
5,64,2,5,B0,3587,0.0004210473982943499,0.006250605782793487,0,0.0,0.0013526380935452965,0.0013526380935452965,0.00027878449958182325,0.004717852784403479,0.004439068284821655,0.9997212155004181,0.9939295091220512,0.005791706378366901
5,69,2,6,B0,3582,0.002445565900728895,0.03225741924629549,0,0.0,0.003971889144845287,0.003971889144845287,0.00027917364600781687,0.026195046002421445,0.025915872356413627,0.9997208263539922,0.9698330648527334,0.029887761501258825
5,74,2,7,B0,3580,0.0030684424444845254,0.03649349619818715,0,0.0,0.002196121847261469,0.002196121847261469,0.0,0.032193633922212084,0.032193633922212084,1.0,0.9656102442305265,0.03438975576947345
5,79,2,8,B0,3581,0.0029575420050451232,0.03670394955586435,0,0.0,0.0022476035933764534,0.0022476035933764534,0.0,0.03251289576911605,0.03251289576911605,1.0,0.9652395006375074,0.03476049936249259
5,84,3,1,B0,5379,0.003409016944413321,0.02567998377726047,0,0.0016731734523145567,0.017578677324901072,0.015905503872586515,0.00018590816136828406,0.0028263315413853784,0.0026404233800170944,0.9981409183863171,0.9795949911337135,0.018545927252603622
5,89,3,2,B0,5385,0.0029149018467342675,0.01771603841873704,0,0.0014856081708449396,0.008977577961797292,0.007491969790952352,0.00018570102135561745,0.0019083053016574754,0.0017226042803018579,0.9983286908077994,0.9891141167365453,0.009214574071254145
5,94,3,3,B0,5379,0.0024258552529687616,0.01097988879095248,0,0.0011154489682097045,0.0020523609834647975,0.000936912015255093,0.0005577244841048522,0.002805579607303487,0.0022478551231986344,0.9983268265476855,0.9951420594092316,0.0031847671384538367
5,99,3,4,B0,5378,0.0014544575735929053,0.0064397861181918455,0,0.0001859427296392711,0.001123622298828066,0.0009376795691887948,0.0007437709185570844,0.002494892206118896,0.0017511212875618116,0.9990702863518036,0.9963814854950531,0.002688800856750495
5,104,3,5,B0,5374,0.0008415314125579526,0.006471021952030179,0,0.00018608113137327876,0.0012996359522694063,0.0011135548208961274,0.0003721622627465575,0.004416899885922446,0.004044737623175888,0.9994417566058802,0.9942834641618081,0.005158292444072066
5,109,3,6,B0,5352,0.002506896002549177,0.03421479424811838,0,0.0,0.003984700945270559,0.003984700945270559,0.0,0.027761170928919866,0.027761170928919866,1.0,0.9682541281258096,0.03174587187419042
5,114,3,7,B0,5355,0.003325788970193704,0.03165356429934586,0,0.0,0.00198296925009451,0.00198296925009451,0.00037348272642390287,0.028434413939892895,0.028060931213468993,0.9996265172735761,0.9695826168100126,0.030043900463563533
5,119,3,8,B0,5353,0.003113475409294083,0.03220497830265539,0,0.0,0.00198410069171296,0.00198410069171296,0.00018681113394358303,0.028778091101757965,0.02859127996781438,0.9998131888660564,0.969237808206529,0.030575380659527363
5,124,4,1,B0,7179,0.0065667779569083,0.031094464972434104,0,0.0037609694943585457,0.01862972539876003,0.014868755904401485,0.0004178854993731718,0.002061900251839506,0.0016440147524663343,0.9958211450062683,0.9793083743494004,0.016512770656867848
5,129,4,2,B0,7171,0.006150872376240952,0.025547095597363272,0,0.0032073629898201087,0.01100500567218207,0.007797642682361962,0.0002789011295495747,0.001547065844078097,0.0012681647145285223,0.9965137358806303,0.9874479284837397,0.009065807396890557
5,134,4,3,B0,7174,0.005544761183267055,0.018442567376976346,0,0.0030666294954000556,0.002296458851249807,0.0007701706441502485,0.0005575689991636465,0.002029059923848811,0.0014714909246851646,0.9963758015054363,0.9956744812249014,0.0007013202805348229
5,139,4,4,B0,7183,0.003646637746758424,0.012890138554158142,0,0.0016706111652512877,0.0011693714680852166,0.0005012396971660711,0.0005568703884170959,0.0018209722891268233,0.0012641019007097274,0.9977725184463316,0.9970096562427879,0.0007628622035437127
5,144,4,5,B0,7127,0.0009499102106142316,0.006093282481056032,0,0.0,0.0015895226570959435,0.0015895226570959435,0.0002806229830223095,0.0035935947686314925,0.0033129717856091832,0.9997193770169777,0.9948168825742726,0.004902494442705074
5,149,4,6,B0,7088,0.069499518255619,0.16952076333005367,0,0.0,0.030970921891167926,0.030970921891167926,0.001693002257336343,0.10122281079768963,0.09952980854035329,0.9983069977426636,0.8678062673111425,0.1305007304315211
5,154,4,7,B0,7109,0.003744696690672535,0.03186693845947139,0,0.0,0.002910824400323187,0.002910824400323187,0.0004220002813335209,0.027739052368495287,0.027317052087161765,0.9995779997186665,0.9693501232311816,0.030227876487484817
5,159,4,8,B0,7097,0.0032994068278328183,0.029151462457521992,0,0.0,0.0026347444447053447,0.0026347444447053447,0.00042271382274200367,0.024620511207277644,0.02419779738453564,0.999577286177258,0.972744744348017,0.026832541829240997
5,164,5,1,B0,8958,0.26684921298459924,0.5440863827447076,0,0.015851752623353428,0.025411159918930178,0.00955940729557675,0.1365260102701496,0.018257149166344418,0.11826886110380519,0.847622237106497,0.9563316909147254,0.10870945380822838
5,169,5,2,B0,8962,0.01861087824693195,0.05961887175788471,0,0.007141263110912743,0.01348963184642885,0.006348368735516108,0.0032358848471323366,0.01291212417523555,0.009676239328103214,0.9896228520419549,0.9735982439783357,0.01602460806361916
5,174,5,3,B0,8963,0.02755937743402437,0.07459342914005253,0,0.005466919558183644,0.0031795637663626273,0.0022873557918210168,0.009148722525939975,0.020061929270227416,0.01091320674428744,0.9853843579158764,0.97675850696341,0.008625850952466374
5,179,5,4,B0,8960,0.06409368685650776,0.13817747518133153,0,0.003683035714285714,0.0031192578130657695,0.0005637779012199447,0.031473214285714285,0.03649139690467389,0.005018182618959602,0.96484375,0.9603893452822604,0.004454404717739613
5,184,5,5,B0,8826,0.20052489238733345,0.372250585318202,0,0.00011330160888284614,0.0023702353564685943,0.002256933747585748,0.1117153863584863,0.040037938892132724,0.07167744746635357,0.8881713120326309,0.9575918257513987,0.06942051371876778
5,189,5,6,B0,8831,0.27709334142405095,0.43946078820885703,0,0.0,0.006082585685343347,0.006082585685343347,0.17212093760616012,0.1857601127442441,0.013639175138083964,0.8278790623938399,0.8081573015704125,0.01972176082342736
5,194,5,7,B0,8822,0.2878076815441492,0.45265970316618875,0,0.0,0.003266465015732359,0.003266465015732359,0.17592382679664476,0.21650090855327456,0.0405770817566298,0.8240761732033552,0.7802326264309931,0.04384354677236213
5,199,5,8,B0,8801,0.25279650721870445,0.4089105073773959,0,0.0,0.0030637752944985956,0.0030637752944985956,0.14600613566640155,0.20019834142067933,0.05419220575427777,0.8539938643335985,0.7967378832848221,0.05725598104877638
5,204,6,1,B0,10745,0.4000744831570564,0.716225446486626,0,0.2219637040483946,0.23184847018845087,0.009884766140056261,0.154118194509074,0.22496387071510945,0.07084567620603546,0.6239181014425315,0.5431876590964397,0.08073044234609172
5,209,6,2,B0,10749,0.3288837424883235,0.5964354932304121,0,0.017583030979626012,0.15885684119419405,0.14127381021456803,0.30188854777188573,0.20117842897034072,0.10071011880154501,0.6805284212484882,0.6399647298354653,0.04056369141302296
5,214,6,3,B0,10728,0.311027374556203,0.5058436761446912,0,0.011931394481730051,0.03317002433955382,0.021238629857823772,0.3686614466815809,0.30085716807024315,0.06780427861133775,0.6194071588366891,0.6659728075902029,0.04656564875351388
5,219,6,4,B0,10744,0.39119696742286963,0.6341387384491797,0,0.010982874162323157,0.039524520703919534,0.028541646541596376,0.3453090096798213,0.5626679390691774,0.21735892938935614,0.6437081161578555,0.397807540226903,0.2459005759309525
5,224,6,5,B0,10478,0.3690898107449212,0.5803150094135948,0,0.009448368009162053,0.021908839652457296,0.012460471643295242,0.39387287650314945,0.4940455366417804,0.10017266013863096,0.5966787554876885,0.48404562370576226,0.11263313178192619
5,229,6,6,B0,10424,0.18006125253706373,0.321662975752974,0,9.593246354566385e-05,0.018771810857380798,0.018675878393835135,0.8493860322333078,0.7766798759760325,0.07270615625727528,0.15051803530314659,0.20454831316658678,0.054030277863440196
5,234,6,7,B0,10419,0.14086074396761625,0.25748618510474536,0,9.597850081581725e-05,0.009573064000514877,0.00947708549969906,0.8926960360879163,0.8336251839992811,0.05907085208863516,0.10720798541126787,0.15680175200020402,0.04959376658893615
5,239,6,8,B0,10410,0.1515773244869113,0.27637050824502285,0,0.0,0.009190493126937939,0.009190493126937939,0.8871277617675313,0.8096030900055939,0.07752467176193734,0.11287223823246878,0.18120641686746816,0.06833417863499938
5,244,7,1,B0,12542,0.17351893007330652,0.35555640865310495,0,1.0,0.72864024927917,0.27135975072082996,0.0,0.11921513877497772,0.11921513877497772,0.0,0.15214461194585224,0.15214461194585224
5,249,7,2,B0,12536,0.5425023404079405,0.8843381674059715,0,0.3864071474154435,0.5891295626947747,0.20272241527933116,0.20405232929164008,0.13251525881897644,0.07153707047266364,0.4095405232929164,0.278355178486249,0.13118534480666738
5,254,7,3,B0,12522,0.40786692175426037,0.7011762975632325,0,0.1493371665868072,0.21063590192119364,0.06129873533438643,0.3955438428366076,0.34141223706315277,0.05413160577345483,0.4551189905765852,0.4479518610156536,0.007167129560931629
5,259,7,4,B0,12394,0.3210282326227154,0.5823666515170116,0,0.04187510085525254,0.1343852969878049,0.09251019613255237,0.4247216395029853,0.4360481904070564,0.011326550904071087,0.5334032596417622,0.4295665126051387,0.10383674703662349
5,264,7,5,B0,11573,0.37769013884524266,0.6419482425699679,0,0.05210403525447162,0.14223056412415885,0.09012652886968724,0.5740948760044933,0.5568396530256213,0.017255222978871942,0.3738010887410352,0.3009297828502199,0.07287130589081531
5,269,7,6,B0,11391,0.2507130405111966,0.4457392278987926,0,0.08383811781230796,0.12883315285061542,0.04499503503830746,0.8382933895180406,0.8008725569114318,0.03742083260660878,0.07786849266965148,0.07029429023795268,0.007574202431698804
5,274,7,7,B0,11328,0.07473284282365643,0.19505604225674758,0,0.00017655367231638418,0.054250937555006894,0.05407438388269051,0.9729872881355932,0.8469011501019464,0.12608613803364677,0.026836158192090395,0.0988479123430467,0.0720117541509563
5,279,7,8,B0,11466,0.08438720944937889,0.21019372050688892,0,0.0,0.053277065678228826,0.053277065678228826,0.9720041862899006,0.8344954779753384,0.1375087083145622,0.027995813710099425,0.11222745634643266,0.08423164263633323
5,4,1,1,B1,1799,0.0013165056168984968,0.01684715156368414,0,0.0,0.0087479880965959,0.0087479880965959,0.0005558643690939411,0.007030467591315812,0.006474603222221871,0.9994441356309061,0.9842215443120882,0.015222591318817869
5,9,1,2,B1,1798,0.0009328271726938315,0.01210222950219079,0,0.0,0.007792623011424432,0.007792623011424432,0.0005561735261401557,0.003402101063084693,0.0028459275369445373,0.9994438264738599,0.9888052759254908,0.010638550548369041
5,14,1,3,B1,1798,0.0006581853645912644,0.005995741003188182,0,0.0,0.002001048480687211,0.002001048480687211,0.0005561735261401557,0.003671731929682618,0.003115558403542462,0.9994438264738599,0.9943272195896301,0.0051166068842297685
5,19,1,4,B1,1798,0.0004262281325323252,0.004001985182034337,0,0.0,0.0008212062847381508,0.0008212062847381508,0.0005561735261401557,0.002850248622907263,0.0022940750967671074,0.9994438264738599,0.9963285450923547,0.003115281381505186
5,24,1,5,B1,1795,0.0010205466192279762,0.010756754821640572,0,0.0,0.00188063266301379,0.00188063266301379,0.0,0.006450275278523838,0.006450275278523838,1.0,0.9916690920584623,0.00833090794153768
5,29,1,6,B1,1795,0.0033662325111696286,0.0434415657982581,0,0.0,0.0046371026557056405,0.0046371026557056405,0.0005571030640668524,0.03820845734861261,0.03765135428454576,0.9994428969359331,0.9571544399956817,0.04228845694025141
5,34,1,7,B1,1796,0.005250396057167567,0.049948260411962195,0,0.0,0.002180256791045619,0.002180256791045619,0.0005567928730512249,0.04560356599059907,0.045046773117547845,0.9994432071269488,0.9522161772183553,0.04722702990859351
5,39,1,8,B1,1795,0.003779746910948243,0.04523784804764115,0,0.0,0.0019799921911406912,0.0019799921911406912,0.0005571030640668524,0.04266621614010189,0.042109113076035036,0.9994428969359331,0.9553537916687574,0.04408910526717569
5,44,2,1,B1,3590,0.0014631340059122078,0.01567466327056959,0,0.0008356545961002785,0.008811027583123946,0.007975372987023667,0.0002785515320334262,0.004275760002127595,0.003997208470094169,0.9988857938718663,0.9869132124147485,0.01197258145711777
5,49,2,2,B1,3592,0.0007410890721943389,0.011684359549374869,0,0.00027839643652561246,0.008489502682518519,0.008211106245992906,0.0,0.0021544848509810824,0.0021544848509810824,0.9997216035634744,0.9893560124665005,0.01036559109697388
5,54,2,3,B1,3588,0.000944970394150682,0.005775078193550983,0,0.0,0.002301149664504897,0.002301149664504897,0.0,0.0023916229078957464,0.0023916229078957464,1.0,0.9953072274275994,0.004692772572400639
5,59,2,4,B1,3592,0.0005398514441078059,0.0033044658008086736,0,0.00027839643652561246,0.001076068672772222,0.0007976722362466094,0.0,0.0017367938805198295,0.0017367938805198295,0.9997216035634744,0.997187137446708,0.002534466116766443
5,64,2,5,B1,3587,0.0005956147420473235,0.0064749364788612,0,0.0,0.0017360856236635352,0.0017360856236635352,0.00027878449958182325,0.003833315462999314,0.003554530963417491,0.9997212155004181,0.9944305989133371,0.005290616587081076
5,69,2,6,B1,3582,0.0025756934720430336,0.031142681431634126,0,0.0,0.005085697792501362,0.005085697792501362,0.00027917364600781687,0.023711341998752748,0.02343216835274493,0.9997208263539922,0.971202960208746,0.028517866145246207
5,74,2,7,B1,3580,0.0023770932374446076,0.03151822035757569,0,0.0,0.002332557046921352,0.002332557046921352,0.0,0.027825990959270526,0.027825990959270526,1.0,0.9698414519938082,0.030158548006191777
5,79,2,8,B1,3581,0.0023597674605159045,0.03206034489759273,0,0.0,0.0023594094766935126,0.0023594094766935126,0.0,0.028348291409928634,0.028348291409928634,1.0,0.9692922991133779,0.030707700886622114
5,84,3,1,B1,5379,0.0028729366491590837,0.01943464647465819,0,0.0016731734523145567,0.009897593177183394,0.008224419724868837,0.00018590816136828406,0.003993187850579237,0.003807279689210953,0.9981409183863171,0.9861092189722374,0.012031699414079777
5,89,3,2,B1,5385,0.002977821117398264,0.019050461994742265,0,0.0014856081708449396,0.010398286628184941,0.008912678457340001,0.00018570102135561745,0.0024606026565025256,0.0022749016351469083,0.9983286908077994,0.9871411107153126,0.01118758009248677
5,94,3,3,B1,5379,0.002409776316321152,0.011257161052621019,0,0.0011154489682097045,0.0028103301835354436,0.001694881215325739,0.0005577244841048522,0.002941291113394775,0.0023835666292899224,0.9983268265476855,0.9942483787030698,0.00407844784461564
5,99,3,4,B1,5378,0.0016407948208958154,0.006280063382644363,0,0.0001859427296392711,0.001554653129909978,0.001368710400270707,0.0007437709185570844,0.0020608683009296137,0.0013170973823725292,0.9990702863518036,0.9963844785691602,0.002685807782643379
5,104,3,5,B1,5374,0.000839908405623439,0.007079595111939613,0,0.00018608113137327876,0.0019794239181268043,0.0017933427867535255,0.0003721622627465575,0.0040620101077711215,0.0036898478450245638,0.9994417566058802,0.9939585659741021,0.0054831906317780454
5,109,3,6,B1,5352,0.0031101709597924922,0.036492724490591155,0,0.0,0.006027392363805882,0.006027392363805882,0.0,0.02809158427427766,0.02809158427427766,1.0,0.9658810233619165,0.0341189766380835
5,114,3,7,B1,5355,0.0034971243197526535,0.0316526473508682,0,0.0,0.0026220597983567487,0.0026220597983567487,0.00037348272642390287,0.02764898816595861,0.02727550543953471,0.9996265172735761,0.9697289520356847,0.029897565237891444
5,119,3,8,B1,5353,0.003391601829150704,0.03307421739885804,0,0.0,0.002586241183601646,0.002586241183601646,0.00018681113394358303,0.029087229681837672,0.02890041854789409,0.9998131888660564,0.9683265291345606,0.03148665973149578
5,124,4,1,B1,7179,0.006321787539622254,0.024061006295023373,0,0.0037609694943585457,0.009311108130691474,0.005550138636332928,0.0004178854993731718,0.002591787685097318,0.0021739021857241463,0.9958211450062683,0.9880971041842113,0.007724040822057021
5,129,4,2,B1,7171,0.0060566502496340055,0.025670327768382767,0,0.0032073629898201087,0.01157849356022291,0.008371130570402802,0.0002789011295495747,0.001993816287875913,0.0017149151583263384,0.9965137358806303,0.986427690151901,0.010086045728729287
5,134,4,3,B1,7174,0.005488158404599798,0.018187175078503138,0,0.0030666294954000556,0.002960883063595728,0.00010574643180432742,0.0005575689991636465,0.002484463541613485,0.0019268945424498387,0.9963758015054363,0.9945546533947908,0.0018211481106454874
5,139,4,4,B1,7183,0.0034853758977587555,0.011803904691973338,0,0.0016706111652512877,0.0015306191555760013,0.00013999200967528642,0.0005568703884170959,0.0018538191034203739,0.001296948715003278,0.9977725184463316,0.9966155617410035,0.001156956705328116
5,144,4,5,B1,7127,0.0011365667031409802,0.007427928319542319,0,0.0,0.0023179470906608966,0.0023179470906608966,0.0002806229830223095,0.003897258538890014,0.0036166355558677043,0.9997193770169777,0.9937847943704492,0.0059345826465284635
5,149,4,6,B1,7088,0.06008242812670428,0.1542492982208997,0,0.0,0.03914705738148787,0.03914705738148787,0.001693002257336343,0.08215438773887329,0.08046138548153695,0.9983069977426636,0.8786985548796389,0.11960844286302474
5,154,4,7,B1,7109,0.004977281178489818,0.03616341416083405,0,0.0,0.003494668258616584,0.003494668258616584,0.0004220002813335209,0.030848593087630653,0.030426592806297132,0.9995779997186665,0.9656567386537527,0.03392126106491378
5,159,4,8,B1,7097,0.004574064213564087,0.0344459396625007,0,0.0,0.003250322570617886,0.003250322570617886,0.00042271382274200367,0.028829700661133627,0.028406986838391622,0.999577286177258,0.9679199767682485,0.03165730940900957
5,164,5,1,B1,8958,0.2744615620611401,0.5480020109287499,0,0.015851752623353428,0.013222091018862512,0.002629661604490916,0.1365260102701496,0.018367503776121133,0.11815850649402847,0.847622237106497,0.9684104052050164,0.12078816809851944
5,169,5,2,B1,8962,0.018350848827302462,0.05942399457948239,0,0.007141263110912743,0.014156803556081165,0.007015540445168422,0.0032358848471323366,0.014130002897773903,0.010894118050641567,0.9896228520419549,0.9717131935461449,0.017909658495809944
5,174,5,3,B1,8963,0.02705363272749651,0.07359159606101955,0,0.005466919558183644,0.004396005669865915,0.001070913888317729,0.009148722525939975,0.022156868598691967,0.013008146072751992,0.9853843579158764,0.973447125731442,0.011937232184434432
5,179,5,4,B1,8960,0.060989392277995706,0.12558524435828622,0,0.003683035714285714,0.004289932073868487,0.0006068963595827724,0.031473214285714285,0.0350294283255223,0.003556214039808013,0.96484375,0.9606806396006092,0.004163110399390768
5,184,5,5,B1,8826,0.1992416914615666,0.3792044219619858,0,0.00011330160888284614,0.0036981523139686264,0.0035848507050857802,0.1117153863584863,0.04528332582373306,0.06643206053475323,0.8881713120326309,0.9510185218622983,0.0628472098296674
5,189,5,6,B1,8831,0.29572110773592764,0.47015200081330893,0,0.0,0.008409861952392912,0.008409861952392912,0.17212093760616012,0.19854396485005596,0.026423027243895836,0.8278790623938399,0.7930461731975511,0.0348328891962888
5,194,5,7,B1,8822,0.3089863045795366,0.48268052000895656,0,0.0,0.003689551089018173,0.003689551089018173,0.17592382679664476,0.22435698007887656,0.0484331532822318,0.8240761732033552,0.7719534688321052,0.052122704371249995
5,199,5,8,B1,8801,0.2795498287506114,0.44321697812854416,0,0.0,0.003585444060679329,0.003585444060679329,0.14600613566640155,0.21438273431128962,0.06837659864488807,0.8539938643335985,0.7820318216280311,0.07196204270556739
5,204,6,1,B1,10745,0.4143931677876689,0.7333612771231417,0,0.2219637040483946,0.1410540192960874,0.0809096847523072,0.154118194509074,0.270547597590936,0.116429403081862,0.6239181014425315,0.5883983831129767,0.035519718329554806
5,209,6,2,B1,10749,0.33419887440962914,0.6027629851576123,0,0.017583030979626012,0.16633591389548416,0.14875288291585814,0.30188854777188573,0.2167002053390453,0.08518834243284043,0.6805284212484882,0.6169638807654705,0.06356454048301774
5,214,6,3,B1,10728,0.2660434772316531,0.4552984117894934,0,0.011931394481730051,0.04318527860482739,0.03125388412309734,0.3686614466815809,0.32511210694322323,0.04354933973835767,0.6194071588366891,0.6317026144519493,0.012295455615260242
5,219,6,4,B1,10744,0.29428664670258864,0.5100913857221028,0,0.010982874162323157,0.059603557554643104,0.048620683392319945,0.3453090096798213,0.48977046184844414,0.14446145216862283,0.6437081161578555,0.4506259805969127,0.19308213556094278
5,224,6,5,B1,10478,0.3757410146352909,0.5883100461987102,0,0.009448368009162053,0.029006138367757405,0.01955777035859535,0.39387287650314945,0.49496256687241674,0.1010896903692673,0.5966787554876885,0.47603129475982575,0.1206474607278627
5,229,6,6,B1,10424,0.17717500636377004,0.31225240286346045,0,9.593246354566385e-05,0.0227022575970971,0.022606325133551437,0.8493860322333078,0.7613851294718249,0.08800090276148287,0.15051803530314659,0.21591261293107802,0.06539457762793144
5,234,6,7,B1,10419,0.14579902793312216,0.2586641705531603,0,9.597850081581725e-05,0.01026224528024283,0.010166266779427013,0.8926960360879163,0.8085971915339012,0.08409884455401506,0.10720798541126787,0.18114056318585606,0.07393257777458818
5,239,6,8,B1,10410,0.15486522052465043,0.2723482459400055,0,0.0,0.009380750917736,0.009380750917736,0.8871277617675313,0.7942967977249402,0.09283096404259106,0.11287223823246878,0.19632245135732362,0.08345021312485484
5,244,7,1,B1,12542,0.007704360794883295,0.0169577088706179,0,1.0,0.9870093652506335,0.012990634749366459,0.0,0.0033367751642449654,0.0033367751642449654,0.0,0.009653859585121667,0.009653859585121667
5,249,7,2,B1,12536,0.41545716277071026,0.7123037738102562,0,0.3864071474154435,0.49346687783657833,0.10705973042113481,0.20405232929164008,0.16492436059771123,0.039127968693928844,0.4095405232929164,0.34160876156571035,0.06793176172720605
5,254,7,3,B1,12522,0.3483152761155927,0.6108853136666534,0,0.1493371665868072,0.15879682854972646,0.009459661962919252,0.3955438428366076,0.3682998635807995,0.02724397925580807,0.4551189905765852,0.47290330786947393,0.017784317292888707
5,259,7,4,B1,12394,0.2488154103107753,0.4707722750953013,0,0.04187510085525254,0.0986756237036784,0.056800522848425856,0.4247216395029853,0.4462398989639802,0.021518259460994893,0.5334032596417622,0.4550844773323415,0.07831878230942069
5,264,7,5,B1,11573,0.3656246289261277,0.6094319759152341,0,0.05210403525447162,0.0983743945172055,0.04627035926273389,0.5740948760044933,0.5750926774754549,0.0009978014709616234,0.3738010887410352,0.32653292800733963,0.04726816073369555
5,269,7,6,B1,11391,0.26691667575497213,0.4734742647467256,0,0.08383811781230796,0.0909999323031335,0.0071618144908255355,0.8382933895180406,0.8181274228407782,0.020165966677262337,0.07786849266965148,0.09087264485608819,0.013004152186436704
5,274,7,7,B1,11328,0.0760333550771097,0.17038379082676086,0,0.00017655367231638418,0.02639294853265663,0.026216394860340247,0.9729872881355932,0.8809810942336824,0.09200619390191078,0.026836158192090395,0.09262595723366109,0.06578979904157069
5,279,7,8,B1,11466,0.08158158494710344,0.17812008404169402,0,0.0,0.024940314556752316,0.024940314556752316,0.9720041862899006,0.8771385193440148,0.09486566694588583,0.027995813710099425,0.09792116609923307,0.06992535238913364
5,4,1,1,P,1799,0.0005135121228483243,0.0006328619694113939,0,0.0,7.730000960838041e-08,7.730000960838041e-08,0.0005558643690939411,0.00017804421814146066,0.0003778201509524804,0.9994441356309061,0.9998218784818489,0.00037774285094283044
5,9,1,2,P,1798,0.0011117045293666428,0.004532582349993782,0,0.0,0.0,0.0,0.0005561735261401557,1.6065393132455866e-07,0.0005560128722088311,0.9994438264738599,0.9999998393460686,0.0005560128722087443
5,14,1,3,P,1798,0.0010237277706007354,0.0017811376901346542,0,0.0,0.0,0.0,0.0005561735261401557,2.2614778802229874e-05,0.0005335587473379259,0.9994438264738599,0.9999773852211977,0.0005335587473378478
5,19,1,4,P,1798,0.0011102023389926627,0.003862006416540191,0,0.0,0.0,0.0,0.0005561735261401557,5.370403136541545e-07,0.0005556364858265016,0.9994438264738599,0.9999994629596862,0.0005556364858263496
5,24,1,5,P,1795,0.0008445473233206736,0.0012783066815842147,0,0.0,0.0,0.0,0.0,0.0006241159110297566,0.0006241159110297566,1.0,0.9993758840889705,0.0006241159110295103
5,29,1,6,P,1795,0.0011120746642416582,0.003872845131246163,0,0.0,0.0,0.0,0.0005571030640668524,5.33121058723391e-07,0.000556569943008129,0.9994428969359331,0.9999994668789413,0.0005565699430081228
5,34,1,7,P,1796,0.0011126380449758904,0.0043219366323677105,0,0.0,0.0,0.0,0.0005567928730512249,4.356795167424323e-07,0.0005563571935344824,0.9994432071269488,0.9999995643204833,0.0005563571935345291
5,39,1,8,P,1795,0.0011093097560874192,0.003409164149092986,0,0.0,0.0,0.0,0.0005571030640668524,1.2254407919296297e-06,0.0005558776232749228,0.9994428969359331,0.999998774559208,0.0005558776232749141
5,44,2,1,P,3590,0.00218445155844252,0.007176044877570674,0,0.0008356545961002785,2.534738045609088e-06,0.0008331198580546694,0.0002785515320334262,0.00026035495911247897,1.819657292094723e-05,0.9988857938718663,0.9997371103028418,0.0008513164309755794
5,49,2,2,P,3592,0.0006619661432308354,0.002325451273051993,0,0.00027839643652561246,1.162892383147999e-07,0.00027828014728729765,0.0,0.0003995500073011481,0.0003995500073011481,0.9997216035634744,0.9996003337034605,0.00012126986001392837
5,54,2,3,P,3588,1.0034978338594102e-05,5.3866264691786185e-05,0,0.0,0.0,0.0,0.0,5.1169028540892324e-05,5.1169028540892324e-05,1.0,0.9999488309714593,5.11690285407429e-05
5,59,2,4,P,3592,0.0007367290616214651,0.0023906637690317162,0,0.00027839643652561246,1.462934506177609e-07,0.0002782501430749947,0.0,0.00020816949370911227,0.00020816949370911227,0.9997216035634744,0.9997916842128404,7.00806493659778e-05
5,64,2,5,P,3587,0.0,-0.0,0,0.0,0.0,0.0,0.00027878449958182325,0.00027878449958182325,0.0,0.9997212155004181,0.9997212155004181,0.0
5,69,2,6,P,3582,0.00023558927578832463,0.00029273941026070554,0,0.0,0.0,0.0,0.00027917364600781687,0.000460516301059197,0.00018134265505138014,0.9997208263539922,0.9995394836989409,0.00018134265505131975
5,74,2,7,P,3580,9.475591810383065e-06,3.8975670123216065e-05,0,0.0,0.0,0.0,0.0,3.63786568942258e-05,3.63786568942258e-05,1.0,0.9999636213431058,3.637865689420927e-05
5,79,2,8,P,3581,1.9108048870642792e-06,1.683112851125601e-05,0,0.0,0.0,0.0,0.0,1.633394215867474e-05,1.633394215867474e-05,1.0,0.9999836660578413,1.6333942158719417e-05
5,84,3,1,P,5379,0.0032152019217606556,0.009577011038196373,0,0.0016731734523145567,0.00010902428694622814,0.0015641491653683285,0.00018590816136828406,0.0002686767939125391,8.276863254425503e-05,0.9981409183863171,0.9996222989191412,0.0014813805328240948
5,89,3,2,P,5385,0.0028231045505164383,0.0075759158356583116,0,0.0014856081708449396,0.00022573544481640395,0.0012598727260285357,0.00018570102135561745,0.00015308273775555768,3.261828360005977e-05,0.9983286908077994,0.9996211818174281,0.0012924910096286935
5,94,3,3,P,5379,0.0033289000023998283,0.014114250676221567,0,0.0011154489682097045,1.2616245960662907e-06,0.0011141873436136382,0.0005577244841048522,0.00036607036134284765,0.0001916541227620046,0.9983268265476855,0.9996326680140611,0.00130584146637569
5,99,3,4,P,5378,0.0011343975540083577,0.004447881143830775,0,0.0001859427296392711,4.549262409744679e-07,0.00018548780339829664,0.0007437709185570844,0.0006008406399974373,0.00014293027855964713,0.9990702863518036,0.9993987044337617,0.00032841808195804845
5,104,3,5,P,5374,0.0007430129043204412,0.0033448845941187956,0,0.00018608113137327876,5.195861821664953e-08,0.00018602917275506212,0.0003721622627465575,0.00037164175099838357,5.205117481739494e-07,0.9994417566058802,0.9996283062903835,0.0001865496845032677
5,109,3,6,P,5352,0.0003736920806235596,0.006453456482223319,1,0.0,0.0,0.0,0.0,0.00018686896376570025,0.00018686896376570025,1.0,0.9998131310362343,0.00018686896376574058
5,114,3,7,P,5355,2.4338278628686415e-10,2.6086662539044467e-07,0,0.0,0.0,0.0,0.00037348272642390287,0.00037358810793676543,1.0538151286256132e-07,0.9996265172735761,0.9996264118920632,1.0538151284933406e-07
5,119,3,8,P,5353,1.0680068809559942e-06,1.0265939078596617e-05,0,0.0,0.0,0.0,0.00018681113394358303,0.00019680015574758845,9.989021804005421e-06,0.9998131888660564,0.9998031998442525,9.989021803935572e-06
5,124,4,1,P,7179,0.007414783506188806,0.02023173913633493,0,0.0037609694943585457,0.000268091433311279,0.0034928780610472667,0.0004178854993731718,0.0003494766197543101,6.840887961886169e-05,0.9958211450062683,0.9993824319469345,0.003561286940666264
5,129,4,2,P,7171,0.00615134744444125,0.015699568507212144,0,0.0032073629898201087,0.0002657065239783012,0.0029416564658418074,0.0002789011295495747,0.0004817850932033005,0.00020288396365372577,0.9965137358806303,0.9992525083828185,0.002738772502188236
5,134,4,3,P,7174,0.05648981484775424,0.10814849272284294,0,0.0030666294954000556,0.0003804730989770022,0.0026861563964230535,0.0005575689991636465,0.08027330741988845,0.0797157384207248,0.9963758015054363,0.9193462194811345,0.07702958202430177
5,139,4,4,P,7183,0.0050472510806886615,0.016889252016561218,0,0.0016706111652512877,2.7808576706668084e-06,0.0016678303075806208,0.0005568703884170959,0.0010604177132354383,0.0005035473248183424,0.9977725184463316,0.9989368014290939,0.001164282982762277
5,144,4,5,P,7127,0.000579642897892005,0.00113360355138965,0,0.0,0.0,0.0,0.0002806229830223095,0.0007535421169411996,0.0004729191339188901,0.9997193770169777,0.9992464578830589,0.00047291913391878104
5,149,4,6,P,7088,0.0140921963676837,0.029825270793456583,0,0.0,3.7054337718161495e-05,3.7054337718161495e-05,0.001693002257336343,0.018227850995635838,0.016534848738299496,0.9983069977426636,0.981735094666646,0.016571903076017636
5,154,4,7,P,7109,0.000245954151502017,0.00040054937071248875,0,0.0,0.0,0.0,0.0004220002813335209,0.0006871761539745695,0.0002651758726410486,0.9995779997186665,0.9993128238460254,0.0002651758726410769
5,159,4,8,P,7097,0.000593609469768184,0.00158464299407074,0,0.0,2.460356339805311e-08,2.460356339805311e-08,0.00042271382274200367,0.0008974821354738256,0.00047476831273182197,0.999577286177258,0.9991024932609628,0.00047479291629526355
5,164,5,1,P,8958,0.11355686774721663,0.18624423063147283,0,0.015851752623353428,0.0012991707582186947,0.014552581865134733,0.1365260102701496,0.13159830322658306,0.004927707043566543,0.847622237106497,0.8671025260151983,0.01948028890870135
5,169,5,2,P,8962,0.1443964211264571,0.2044134640930848,0,0.007141263110912743,0.0003960340949636769,0.006745229015949066,0.0032358848471323366,0.11733311942259937,0.11409723457546704,0.9896228520419549,0.8822708464824369,0.10735200555951796
5,174,5,3,P,8963,0.11179484498771784,0.2004626792106692,0,0.005466919558183644,0.0004018635237048411,0.005065056034478803,0.009148722525939975,0.1403101485788242,0.13116142605288422,0.9853843579158764,0.8592879878974709,0.12609637001840557
5,179,5,4,P,8960,0.1640304399588075,0.22032774222156187,0,0.003683035714285714,0.0011715152827262469,0.0025115204315594676,0.031473214285714285,0.13862465168875046,0.10715143740303618,0.96484375,0.8602038330285233,0.10463991697147668
5,184,5,5,P,8826,0.2121813323962996,0.35103068907982615,0,0.00011330160888284614,4.760951843758074e-06,0.00010854065703908807,0.1117153863584863,0.17385617612018917,0.06214078976170287,0.8881713120326309,0.8261390629279671,0.06203224910466376
5,189,5,6,P,8831,0.29145328364093087,0.4554199075305254,0,0.0,2.203014477487627e-05,2.203014477487627e-05,0.17212093760616012,0.21846759304644042,0.0463466554402803,0.8278790623938399,0.7815103768087847,0.04636868558505525
5,194,5,7,P,8822,0.2966782825394198,0.4633657258517745,0,0.0,0.0,0.0,0.17592382679664476,0.2128680311726051,0.036944204375960354,0.8240761732033552,0.787131968827395,0.03694420437596024
5,199,5,8,P,8801,0.2531632687665576,0.40691866705992935,0,0.0,4.318069159399059e-06,4.318069159399059e-06,0.14600613566640155,0.20642334397138795,0.0604172083049864,0.8539938643335985,0.7935723379594527,0.06042152637414577
5,204,6,1,P,10745,0.04475315815409688,0.09912895836444277,0,0.2219637040483946,0.19061385177877158,0.03134985226962303,0.154118194509074,0.16958606123328418,0.015467866724210189,0.6239181014425315,0.6398000869879442,0.015881985545412758
5,209,6,2,P,10749,0.07113638588928818,0.1385357860154348,0,0.017583030979626012,0.0024250014153456433,0.015158029564280369,0.30188854777188573,0.3148958275276084,0.01300727975572269,0.6805284212484882,0.6826791710570459,0.0021507498085576726
5,214,6,3,P,10728,0.17197646742398634,0.26532678486018413,0,0.011931394481730051,0.0009276875635087921,0.01100370691822126,0.3686614466815809,0.40693821002416425,0.03827676334258334,0.6194071588366891,0.592134102412327,0.027273056424362063
5,219,6,4,P,10744,0.09629932219147226,0.18594082179897475,0,0.010982874162323157,0.022382588827677588,0.011399714665354431,0.3453090096798213,0.34090126896295325,0.004407740716868058,0.6437081161578555,0.6367161422093692,0.006991973948486274
5,224,6,5,P,10478,0.3305264456090197,0.5060736736938425,0,0.009448368009162053,0.01717933905137396,0.0077309710422119055,0.39387287650314945,0.385886265029174,0.007986611473975447,0.5966787554876885,0.596934395919452,0.00025564043176351525
5,229,6,6,P,10424,0.15998285896261552,0.25699463263907124,1,9.593246354566385e-05,3.5230430975276253e-08,9.589723311468857e-05,0.8493860322333078,0.8718153014582735,0.022429269224965687,0.15051803530314659,0.12818466331129566,0.022333371991850925
5,234,6,7,P,10419,0.1313683698727499,0.20815025385982008,0,9.597850081581725e-05,1.4647212377062334e-06,9.451377957811102e-05,0.8926960360879163,0.9046848196284062,0.011988783540489933,0.10720798541126787,0.09531371565035611,0.011894269760911763
5,239,6,8,P,10410,0.13375964327339204,0.21504958163238128,0,0.0,0.0,0.0,0.8871277617675313,0.895023081655928,0.007895319888396757,0.11287223823246878,0.10497691834407197,0.007895319888396812
5,244,7,1,P,12542,0.0,-0.0,0,1.0,1.0,0.0,0.0,0.0,0.0,0.0,0.0,0.0
5,249,7,2,P,12536,0.04389570334744194,0.08561597409142503,0,0.3864071474154435,0.38404162451610624,0.00236552289933728,0.20405232929164008,0.22048776795769054,0.01643543866605046,0.4095405232929164,0.39547060752620317,0.014069915766713237
5,254,7,3,P,12522,0.18046966045015214,0.276184257193466,0,0.1493371665868072,0.13035855974720595,0.01897860683960126,0.3955438428366076,0.38998766037377175,0.005556182462835846,0.4551189905765852,0.47965377987902225,0.02453478930243702
5,259,7,4,P,12394,0.12318881673458792,0.2215980625671413,0,0.04187510085525254,0.019232286667145455,0.022642814188107086,0.4247216395029853,0.4441715601402444,0.019449920637259088,0.5334032596417622,0.5365961531926101,0.003192893550847953
5,264,7,5,P,11573,0.3968205464676577,0.5945485936334813,0,0.05210403525447162,0.08146028782137671,0.02935625256690509,0.5740948760044933,0.5206849761653883,0.053409899839104935,0.3738010887410352,0.3978547360132349,0.02405364727219972
5,269,7,6,P,11391,0.25593805702463035,0.3982362856191488,0,0.08383811781230796,0.10387683675460362,0.020038718942295655,0.8382933895180406,0.7772635325227324,0.06102985699530816,0.07786849266965148,0.1188596307226639,0.04099113805301241
5,274,7,7,P,11328,0.050464162993548105,0.1084806813656049,0,0.00017655367231638418,0.00018263774129202197,6.0840689756377876e-06,0.9729872881355932,0.9744853630315818,0.0014980748959886325,0.026836158192090395,0.025331999227126055,0.0015041589649643396
5,279,7,8,P,11466,0.05289767080268945,0.11445319145195115,0,0.0,1.3771763887642213e-07,1.3771763887642213e-07,0.9720041862899006,0.9670926627653216,0.00491152352457902,0.027995813710099425,0.03290719951703953,0.004911385806940102
