stream_id,frame_id,scheduled_arrival_s,actual_arrival_enqueue_s,front_end_start_s,ready_s,inference_start_s,completion_s,scheduler_lag_ms,arrival_queue_wait_ms,scheduled_to_front_end_ms,front_end_observed_ms,ready_queue_wait_ms,inference_ms,local_e2e_ms
0,0,26527.677497711,26527.677584175,26527.677624342,26527.715258422,26527.717505716,26527.746947407,0.08646399874123745,0.04016700040665455,0.126630999147892,37.63407999940682,2.247293999971589,29.441691000101855,69.44969599862816
0,1,26527.710831044333,26527.711062593,26527.715304107,26527.731766236,26527.747174084,26527.761582216,0.231548667215975,4.241514001478208,4.473062668694183,16.4621289986826,15.407848000904778,14.408131999516627,50.75117166779819
0,2,26527.744164377666,26527.74442713,26527.744475927,26527.755939622,26527.761616975,26527.76658039,0.26275233540218323,0.048796999180922285,0.3115493345831055,11.46369499838329,5.677353001374286,4.9634150018391665,22.416012336179847
0,3,26527.777497711,26527.777776918,26527.778012428,26527.787481885,26527.787704479,26527.793055673,0.2792070008581504,0.23551000049337745,0.5147170013515279,9.469456999795511,0.22259400066104718,5.351193998649251,15.557962000457337
0,4,26527.810831044335,26527.811091936,26527.811144529,26527.821101256,26527.821316063,26527.826199273,0.26089166567544453,0.05259300087345764,0.31348466654890217,9.956726997188525,0.21480700161191635,4.883210000116378,15.368228665465722
0,5,26527.844164377668,26527.844424056,26527.844646159,26527.854094152,26527.854152532,26527.858874261,0.2596783306216821,0.22210300085134804,0.48178133147303015,9.447993001231225,0.058379999245516956,4.721729001175845,14.709883333125617
0,6,26527.877497711,26527.877574341,26527.877779999,26527.88716978,26527.887389531,26527.892469918,0.07662999996682629,0.2056579978670925,0.2822879978339188,9.389781000209041,0.21975100025883876,5.080386999907205,14.972206998209003
0,7,26527.910831044333,26527.910944497,26527.911171026,26527.920603891,26527.920681669,26527.92600615,0.11345266830176115,0.22652899860986508,0.33998166691162623,9.432865001144819,0.07777799692121334,5.324481000570813,15.175105665548472
0,8,26527.944164377666,26527.944244144,26527.944448997,26527.954001001,26527.954069103,26527.958901989,0.07976633423822932,0.20485300046857446,0.2846193347068038,9.55200399766909,0.0681020028423518,4.832885999348946,14.737611334567191
0,9,26527.977497711,26527.977744626,26527.977963386,26527.98734888,26527.987408445,26527.992946138,0.24691500220797025,0.21876000027987175,0.465675002487842,9.385493998706806,0.05956499808235094,5.537693003134336,15.448427002411336
0,10,26528.010831044332,26528.011083032,26528.011305116,26528.020705638,26528.020768036,26528.025633089,0.2519876688893419,0.2220839996880386,0.4740716685773805,9.400521998031763,0.06239800131879747,4.865053000685293,14.802044668613235
0,11,26528.044164377665,26528.044416485,26528.044637171,26528.054097508,26528.054156461,26528.058893866,0.25210733656422235,0.2206859971920494,0.47279333375627175,9.460337001655716,0.058952999097527936,4.7374050009239,14.729488335433416
0,12,26528.077497711,26528.07775718,26528.077978578,26528.08735423,26528.087414888,26528.092361052,0.25946899768314324,0.22139800057630055,0.4808669982594438,9.375652000016998,0.06065799971111119,4.946164001012221,14.863340998999774
0,13,26528.110831044334,26528.111084151,26528.111301726,26528.120824573,26528.120879064,26528.125823238,0.2531066675146576,0.21757499780505896,0.47068166531971656,9.522847001790069,0.054490999900735915,4.944173997500911,14.992193664511433
0,14,26528.144164377667,26528.144424143,26528.144646569,26528.154168731,26528.154380926,26528.15946486,0.2597653328848537,0.22242599879973568,0.4821913316845894,9.522161999484524,0.21219500195002183,5.083934000140289,15.300482333259424
0,15,26528.177497711,26528.177574791,26528.177782699,26528.187241471,26528.187295416,26528.192306377,0.0770799997553695,0.20790800044778734,0.28498800020315684,9.458772001380567,0.05394499748945236,5.0109610019717366,14.808666001044912
0,16,26528.210831044333,26528.211085365,26528.211303737,26528.220790158,26528.220845361,26528.225871351,0.2543206683185417,0.218371998926159,0.4726926672447007,9.486421000474365,0.055202999647008255,5.025989998102887,15.040306665468961
0,17,26528.244164377666,26528.244424209,26528.244649793,26528.254227649,26528.254450641,26528.259867233,0.25983133309637196,0.22558400087291375,0.4854153339692857,9.577855998941232,0.22299200281850062,5.416591997345677,15.702855333074694
0,18,26528.277497711,26528.277758764,26528.277983043,26528.28765964,26528.287891391,26528.293653753,0.26105300275958143,0.22427899966714904,0.48533200242673047,9.67659699745127,0.23175100068328902,5.762362001405563,16.156042001966853
0,19,26528.310831044335,26528.311100192,26528.311330673,26528.32089227,26528.320947048,26528.326484595,0.269147665676428,0.23048100047162734,0.49962866614805534,9.561596998537425,0.05477800004882738,5.537547000130871,15.653550664865179
0,20,26528.344164377668,26528.344434034,26528.344665451,26528.354257678,26528.354477901,26528.360625856,0.2696563315112144,0.23141700148698874,0.5010733329982031,9.592226997483522,0.22022300254320726,6.147954998596106,16.461478331621038
0,21,26528.377497711,26528.377575043,26528.377787312,26528.387345566,26528.387581002,26528.393500254,0.07733199890935794,0.21226900207693689,0.2896010009862948,9.558253997965949,0.2354360003664624,5.919251998420805,16.00254299773951
0,22,26528.410831044333,26528.411099877,26528.411342359,26528.420798864,26528.420852781,26528.426503114,0.26883266764343716,0.24248199770227075,0.5113146653457079,9.456505002162885,0.053916999604552984,5.6503329979022965,15.672069665015442
0,23,26528.444164377666,26528.444429302,26528.444660396,26528.454198048,26528.454428123,26528.460821551,0.26492433244129643,0.2310939999006223,0.4960183323419187,9.537652000290109,0.2300750020367559,6.393428000592394,16.657173335261177
0,24,26528.477497711,26528.477812135,26528.478045738,26528.487470222,26528.487698668,26528.493787337,0.31442399995285086,0.23360300110653043,0.5480270010593813,9.424484000192024,0.2284459988004528,6.0886690007464495,16.289626000798307
0,25,26528.510831044332,26528.511098801,26528.511328413,26528.520830435,26528.520884731,26528.52668575,0.26775666628964245,0.22961200011195615,0.4973686664015986,9.502022003289312,0.054295996960718185,5.801019000500673,15.854705667152302
0,26,26528.544164377665,26528.544428948,26528.544653449,26528.554130479,26528.554349962,26528.560472835,0.26457033527549356,0.2245010000478942,0.48907133532338776,9.477029998379294,0.21948300127405673,6.122873001004336,16.308457335981075
0,27,26528.577497711,26528.577574586,26528.577785687,26528.587190977,26528.58726659,26528.593235563,0.07687499964958988,0.21110099987708963,0.2879759995266795,9.405289998539956,0.075612999353325,5.968973000562983,15.737851997982943
0,28,26528.610831044334,26528.611091066,26528.611323623,26528.620737505,26528.620793681,26528.626705812,0.2600216648716014,0.2325570021639578,0.4925786670355592,9.413881998625584,0.056175998906837776,5.912131000513909,15.87476766508189
0,29,26528.644164377667,26528.644431972,26528.644662436,26528.654194254,26528.654420524,26528.660570341,0.2675943323993124,0.2304640001966618,0.4980583325959742,9.531817999231862,0.2262699999846518,6.149816999823088,16.405963331635576
0,30,26528.677497711,26528.677762638,26528.677988528,26528.687465607,26528.687523931,26528.693766766,0.264926999079762,0.22589000218431465,0.4908170012640767,9.477078998315847,0.05832399983773939,6.242834999284241,16.269054998701904
0,31,26528.710831044333,26528.711094194,26528.711318214,26528.720842763,26528.72089757,26528.727364184,0.2631496681715362,0.22401999740395695,0.4871696655754931,9.524549001071136,0.054807002015877515,6.4666139987821225,16.53313966744463
0,32,26528.744164377666,26528.744241408,26528.744457361,26528.754030958,26528.754258005,26528.761468678,0.07703033406869508,0.2159530013159383,0.2929833353846334,9.573596998961875,0.22704699949827045,7.210673000372481,17.30430033421726
0,33,26528.777497711,26528.777759538,26528.777997455,26528.787499273,26528.78773858,26528.794413529,0.26182700094068423,0.23791700004949234,0.4997440009901766,9.501817999989726,0.23930699899210595,6.674949003354413,16.91581800332642
0,34,26528.810831044335,26528.811100047,26528.811348604,26528.820935404,26528.82099158,26528.82758689,0.26900266675511375,0.24855699666659348,0.5175596634217072,9.586800002580276,0.056175998906837776,6.595309998374432,16.755845663283253
0,35,26528.844164377668,26528.844439668,26528.844680623,26528.854322331,26528.854555221,26528.861723096,0.27529033104656264,0.24095499975373968,0.5162453308003023,9.641708002163796,0.23289000091608614,7.167874999140622,17.558718333020806
0,36,26528.877497711,26528.877765354,26528.877992706,26528.88752233,26528.887753526,26528.894685123,0.2676429976418149,0.2273520003654994,0.4949949980073143,9.529623999696923,0.23119600155041553,6.931596999493195,17.187411998747848
0,37,26528.910831044333,26528.911101521,26528.911344048,26528.920857951,26528.920916923,26528.92786954,0.2704766666283831,0.24252699950011447,0.5130036661284976,9.513903001789004,0.058972000260837376,6.952616997295991,17.03849566547433
0,38,26528.944164377666,26528.944445651,26528.944695263,26528.95423848,26528.95450036,26528.961972885,0.28127333280281164,0.24961199960671365,0.5308853324095253,9.543217001919402,0.26187999901594594,7.472525001503527,17.8085073348484
0,39,26528.977497711,26528.977778864,26528.978034254,26528.987511294,26528.987734045,26528.995120237,0.28115299937780946,0.25539000125718303,0.5365430006349925,9.477039999183035,0.22275100127444603,7.3861919991031755,17.62252600019565
0,40,26529.010831044332,26529.010911854,26529.011133383,26529.02071736,26529.020941026,26529.028090273,0.08080966654233634,0.2215290005551651,0.30233866709750146,9.58397700014757,0.22366600023815408,7.1492470015073195,17.259228668990545
0,41,26529.044164377665,26529.044424698,26529.04466105,26529.054236258,26529.054478481,26529.061930701,0.260320335655706,0.2363519997743424,0.4966723354300484,9.57520800147904,0.24222299907705747,7.452219997503562,17.76632333348971
0,42,26529.077497711,26529.077780643,26529.078024587,26529.087600444,26529.087686732,26529.095007385,0.28293200011830777,0.2439439995214343,0.5268759996397421,9.575856998708332,0.08628800060250796,7.320652999624144,17.509673998574726
0,43,26529.110831044334,26529.110938439,26529.110990448,26529.116788885,26529.116839153,26529.123903898,0.10739466597442515,0.052008999773534015,0.15940366574795917,5.798436999612022,0.05026800135965459,7.064744997478556,13.072853664198192
0,44,26529.144164377667,26529.144258661,26529.144289717,26529.152498401,26529.152550791,26529.159704251,0.0942833321460057,0.03105600262642838,0.12533933477243409,8.20868399750907,0.05239000165602192,7.15345999924466,15.539873333182186
0,45,26529.177497711,26529.177567476,26529.177590421,26529.186850924,26529.1868966,26529.194038661,0.06976499935262837,0.02294500154675916,0.09271000089938752,9.260503000405151,0.04567599899019115,7.142061000195099,16.54095000048983
0,46,26529.210831044333,26529.21090092,26529.210921374,26529.220207265,26529.220444729,26529.228123088,0.0698756666679401,0.020454001059988514,0.09032966772792861,9.285890999308322,0.23746399892843328,7.678359001147328,17.29204366711201
0,47,26529.244164377666,26529.244446947,26529.244701596,26529.254355869,26529.254633379,26529.262504498,0.2825693336490076,0.25464899954386055,0.5372183331928682,9.65427300252486,0.27751000015996397,7.871118999901228,18.34012033577892
0,48,26529.277497711,26529.277788511,26529.278045123,26529.287604117,26529.287687238,26529.295378143,0.2908000024035573,0.25661199833848514,0.5474120007420424,9.5589939992351,0.08312100180773996,7.690905000345083,17.880432002129965
0,49,26529.310831044335,26529.311117435,26529.311173029,26529.320486402,26529.320542578,26529.327909001,0.28639066658797674,0.05559399869525805,0.3419846652832348,9.31337300062296,0.056175998906837776,7.366423000348732,17.077956665161764
0,50,26529.344164377668,26529.344460045,26529.344728843,26529.354363319,26529.354645987,26529.362916227,0.29566733064712025,0.2687980013433844,0.5644653319905046,9.63447599860956,0.28266800291021354,8.270239999546902,18.75184933305718
0,51,26529.377497711,26529.377782379,26529.378018175,26529.387570466,26529.387801124,26529.395723734,0.28466799994930625,0.23579600019729696,0.5204640001466032,9.552290997817181,0.23065800269250758,7.922609998786356,18.226022999442648
0,52,26529.410831044333,26529.41090934,26529.411137516,26529.420683122,26529.420916484,26529.429026853,0.07829566675354727,0.22817599892732687,0.30647166568087414,9.54560600075638,0.23336199956247583,8.110368999041384,18.195808665041113
0,53,26529.444164377666,26529.444447849,26529.444707554,26529.45438878,26529.454626142,26529.463100504,0.2834713341144379,0.2597050006443169,0.5431763347587548,9.681225998065202,0.23736200091661885,8.474361999105895,18.93612633284647
0,54,26529.477497711,26529.47778721,26529.478060582,26529.487667512,26529.487907263,26529.496237707,0.2894989993365016,0.27337200299371034,0.5628710023302119,9.606929997971747,0.23975099975359626,8.330444001330761,18.739996001386316
0,55,26529.510831044332,26529.511104776,26529.511339527,26529.520870957,26529.521101911,26529.529754116,0.27373166813049465,0.23475099806091748,0.5084826661914121,9.531430001516128,0.23095399956218898,8.6522050005442,18.92307166781393
0,56,26529.544164377665,26529.544456776,26529.544730842,26529.554347559,26529.554599458,26529.56348796,0.2923983338405378,0.2740660020208452,0.566464335861383,9.61671699769795,0.25189900043187663,8.888502001354937,19.323582335346146
0,57,26529.577497711,26529.577790915,26529.578056861,26529.587640393,26529.58787543,26529.596715849,0.29320399698917754,0.2659460005816072,0.5591499975707848,9.583532002579886,0.235036997764837,8.840418999170652,19.21813799708616
0,58,26529.610831044334,26529.610909285,26529.611125638,26529.620657105,26529.620908134,26529.629553533,0.07824066415196285,0.21635300072375685,0.2945936648757197,9.531466999760596,0.2510289996280335,8.645399000670295,18.722488664934644
0,59,26529.644164377667,26529.644435092,26529.644675871,26529.65429381,26529.654354792,26529.663021978,0.2707143321458716,0.2407790016150102,0.5114933337608818,9.61793899841723,0.06098200174164958,8.667186000820948,18.85760033474071
0,60,26529.677497711,26529.677776213,26529.678028454,26529.687526477,26529.687585357,26529.696277543,0.2785020005831029,0.2522409995435737,0.5307430001266766,9.498022998741362,0.05888000305276364,8.692185998370405,18.779832000291208
0,61,26529.710831044333,26529.711102796,26529.711343186,26529.72083744,26529.72107682,26529.730248407,0.27175166906090453,0.2403899998171255,0.51214166887803,9.494253998127533,0.23937999867484905,9.171587000309955,19.417362665990368
0,62,26529.744164377666,26529.744481575,26529.744712528,26529.754316932,26529.754544284,26529.764242289,0.3171973330609035,0.23095300275599584,0.5481503358168993,9.604404000128852,0.2273519967275206,9.698005000245757,20.07791133291903
0,63,26529.777497711,26529.777577324,26529.777790473,26529.787300728,26529.787522783,26529.797460483,0.07961300070746802,0.21314900004654191,0.29276200075400993,9.510255000350298,0.22205500135896727,9.937700000591576,19.96277200305485
0,64,26529.810831044335,26529.810900657,26529.81111451,26529.820576078,26529.820817162,26529.830855029,0.06961266626603901,0.21385299987741746,0.2834656661434565,9.461567999096587,0.24108399884426035,10.037866999482503,20.023984663566807
0,65,26529.844164377668,26529.844436768,26529.844695482,26529.854187189,26529.854436042,26529.864805816,0.2723903307924047,0.2587140006653499,0.5311043314577546,9.491707001870964,0.2488529971742537,10.369774001446785,20.641438331949757
0,66,26529.877497711,26529.877773434,26529.878009953,26529.887493308,26529.88774693,26529.898048945,0.27572299950406887,0.23651900119148195,0.5122420006955508,9.48335499924724,0.25362199812661856,10.302015001798281,20.55123399986769
0,67,26529.910831044333,26529.911098821,26529.911325553,26529.920821928,26529.921046253,26529.932485902,0.26777666789712384,0.2267319978273008,0.49450866572442465,9.496375001617707,0.2243249982711859,11.43964900256833,21.65485766818165
0,68,26529.944164377666,26529.94443208,26529.944666256,26529.954191603,26529.954413844,26529.964961194,0.26770233307615854,0.2341760009585414,0.5018783340347,9.52534699899843,0.22224100030143745,10.547350000706501,20.79681633404107
0,69,26529.977497711,26529.977781079,26529.978046876,26529.987580148,26529.98780526,26529.998597111,0.2833680009644013,0.26579699988360517,0.5491650008480065,9.533272001135629,0.22511199858854525,10.791851000249153,21.099400000821333
0,70,26530.010831044332,26530.010909262,26530.011124633,26530.020707396,26530.020947277,26530.03188261,0.07821766848792322,0.21537100110435858,0.2935886695922818,9.582762999343686,0.23988099928828888,10.935333000816172,21.05156566904043
0,71,26530.044164377665,26530.044438124,26530.044681559,26530.054253276,26530.054491786,26530.065097303,0.27374633646104485,0.24343499899259768,0.5171813354536425,9.571717000653734,0.2385099978710059,10.605516999930842,20.932925333909225
0,72,26530.077497711,26530.077770882,26530.078001253,26530.087462915,26530.087685184,26530.098628915,0.2731709973886609,0.23037100254441611,0.503541999933077,9.461661997193005,0.22226900182431564,10.943730998405954,21.13120399735635
0,73,26530.110831044334,26530.11110341,26530.111336541,26530.120868397,26530.121097064,26530.131564071,0.27236566529609263,0.23313099882216193,0.5054966641182546,9.53185600155848,0.228666998737026,10.467007003171602,20.733026667585364
0,74,26530.144164377667,26530.144428086,26530.144653662,26530.154173518,26530.154229703,26530.164614459,0.2637083343870472,0.22557599731953815,0.48928433170658536,9.51985600113403,0.05618499926640652,10.384756002167705,20.450081334274728
0,75,26530.177497711,26530.177776346,26530.17804244,26530.187516018,26530.187567731,26530.198032294,0.2786350014503114,0.2660939971974585,0.5447289986477699,9.473578000324778,0.05171300290385261,10.464562998095062,20.534582999971462
0,76,26530.210831044333,26530.210909216,26530.211127356,26530.220625332,26530.220857851,26530.231826851,0.07817166624590755,0.21814000137965195,0.2963116676255595,9.497975999693153,0.23251899983733892,10.968999999022344,20.995806666178396
0,77,26530.244164377666,26530.244441597,26530.244692866,26530.254262899,26530.254509196,26530.265498427,0.27721933292923495,0.25126900072791614,0.5284883336571511,9.570033002091805,0.24629699692013673,10.989231002895394,21.334049335564487
0,78,26530.277497711,26530.277782208,26530.278017459,26530.287502472,26530.287728001,26530.298918298,0.2844970003934577,0.23525100186816417,0.5197480022616219,9.485013000812614,0.22552899827132933,11.190297002031002,21.420587003376568
0,79,26530.310831044335,26530.311104246,26530.311337608,26530.320825259,26530.320899852,26530.331644416,0.2732016655500047,0.23336199956247583,0.5065636651124805,9.487651001109043,0.07459299740730785,10.744564002379775,20.813371666008607
0,80,26530.344164377668,26530.344427043,26530.344652294,26530.354189843,26530.354245927,26530.365160945,0.26266533313901164,0.2252509984828066,0.48791633162181824,9.537549001834122,0.056083998060785234,10.915017999650445,20.99656733116717
0,81,26530.377497711,26530.377770089,26530.377994544,26530.387477288,26530.387698493,26530.399015948,0.27237799804424867,0.22445500144385733,0.496832999488106,9.482744000706589,0.22120499852462672,11.317455002426868,21.51823700114619
0,82,26530.410831044333,26530.4109092,26530.411119988,26530.420615019,26530.420845437,26530.432265067,0.07815566641511396,0.21078799909446388,0.28894366550957784,9.49503100127913,0.23041799795464613,11.419630001910264,21.434022666653618
0,83,26530.444164377666,26530.444434414,26530.444686961,26530.454208743,26530.454459873,26530.466009476,0.27003633294953033,0.2525470008549746,0.522583333804505,9.521782001684187,0.25112999719567597,11.54960300118546,21.845098333869828
0,84,26530.477497711,26530.477790692,26530.478049184,26530.487589613,26530.487850503,26530.499190227,0.29298099980223924,0.25849200028460473,0.551473000086844,9.540429000480799,0.2608899994811509,11.339724002027651,21.692516002076445
0,85,26530.510831044332,26530.511111127,26530.511353563,26530.520927771,26530.521182633,26530.532464718,0.280082669632975,0.24243599909823388,0.5225186687312089,9.574207997502526,0.2548620032030158,11.2820849972195,21.63367366665625
0,86,26530.544164377665,26530.5444486,26530.54470037,26530.554247521,26530.55450318,26530.565887412,0.2842223366315011,0.25176999770337716,0.5359923343348783,9.547150999424048,0.255659000686137,11.384232002455974,21.723034336901037
0,87,26530.577497711,26530.577785859,26530.578025081,26530.587610956,26530.587840308,26530.599344216,0.2881479995267,0.23922199761727825,0.5273699971439783,9.585875002812827,0.2293519974045921,11.50390800103196,21.846504998393357
0,88,26530.610831044334,26530.610910274,26530.611141357,26530.620689204,26530.620921686,26530.631905723,0.07922966688056476,0.23108299865270965,0.3103126655332744,9.547846999339527,0.2324820015928708,10.98403699870687,21.07467866517254
0,89,26530.644164377667,26530.644427782,26530.644662616,26530.654257037,26530.654315667,26530.665117961,0.2634043339639902,0.23483399854740128,0.4982383325113915,9.594421000656439,0.0586300011491403,10.80229400031385,20.95358333463082
0,90,26530.677497711,26530.677773318,26530.678010902,26530.68751698,26530.687576054,26530.698300007,0.27560699891182594,0.237584001297364,0.51319100020919,9.506078000413254,0.059073998272651806,10.723953000706388,20.802295999601483
0,91,26530.710831044333,26530.711123678,26530.711378364,26530.720928294,26530.721164249,26530.732354073,0.29263366741361097,0.2546860014263075,0.5473196688399184,9.549929996865103,0.2359550016990397,11.189823999302462,21.523028666706523
0,92,26530.744164377666,26530.744455834,26530.744715308,26530.754329589,26530.754568813,26530.765979443,0.2914563337981235,0.259473999904003,0.5509303337021265,9.614280999812763,0.23922400214360096,11.410629998863442,21.815065334521933
0,93,26530.777497711,26530.777784259,26530.77802202,26530.787597644,26530.787828191,26530.799109904,0.28654800189542584,0.23776099988026544,0.5243090017756913,9.575624000717653,0.2305470006831456,11.281712999334559,21.61219300251105
0,94,26530.810831044335,26530.810909776,26530.810934795,26530.820272623,26530.820492234,26530.831476614,0.07873166396166198,0.025019002350745723,0.1037506663124077,9.337827999843284,0.21961099992040545,10.984379998262739,20.645569664338836
0,95,26530.844164377668,26530.844234406,26530.844253472,26530.853537086,26530.853758837,26530.864795503,0.07002833081060089,0.019066003005718812,0.0890943338163197,9.2836139992869,0.22175100093591027,11.036665997380624,20.631125331419753
0,96,26530.877497711,26530.877756056,26530.877805139,26530.887036754,26530.887252949,26530.898778256,0.2583450004749466,0.0490829988848418,0.3074279993597884,9.231615000317106,0.21619499966618605,11.5253069998289,21.28054499917198
0,97,26530.910831044333,26530.910941416,26530.910986787,26530.920278624,26530.920503513,26530.935796972,0.11037166768801399,0.04537099812296219,0.15574266581097618,9.291836999182124,0.22488900140160695,15.293459000531584,24.96592766692629
0,98,26530.944164377666,26530.94424075,26530.944263047,26530.953520105,26530.953569883,26530.965444183,0.0763723328418564,0.022297001123661175,0.09866933396551758,9.257057998183882,0.04977800199412741,11.874299998453353,21.27980533259688
0,99,26530.977497711,26530.977565408,26530.977586399,26530.986829587,26530.986873328,26530.998281079,0.0676970012136735,0.020990999473724514,0.08868800068739802,9.243188000255032,0.04374099808046594,11.407751000660937,20.783367999683833
0,100,26531.010831044332,26531.010898871,26531.010922612,26531.020204152,26531.020241393,26531.03160132,0.06782666969229467,0.02374099858570844,0.09156766827800311,9.281539998482913,0.03724099951796234,11.359927000739845,20.770275667018723
0,101,26531.044164377665,26531.044471632,26531.044707503,26531.054296887,26531.054351536,26531.06585237,0.30725433680345304,0.23587099713040516,0.5431253339338582,9.589384000719292,0.054649000958306715,11.500833999889437,21.687992335500894
0,102,26531.077497711,26531.077776188,26531.078023049,26531.087616202,26531.087682592,26531.099020009,0.2784770003927406,0.24686100005055778,0.5253380004432984,9.593152997695142,0.06638999911956489,11.337416999595007,21.522297996853013
0,103,26531.110831044334,26531.111103743,26531.111332624,26531.120897989,26531.120954508,26531.132340611,0.27269866404822096,0.22888100284035318,0.5015796668885741,9.565364998707082,0.056518998462706804,11.386103000404546,21.50956666446291
0,104,26531.144164377667,26531.144426309,26531.144654976,26531.15420086,26531.154261073,26531.165675592,0.2619313345348928,0.228666998737026,0.4905983332719188,9.545884000544902,0.06021299850544892,11.414519001846202,21.51121433416847
0,105,26531.177497711,26531.177777095,26531.178014874,26531.187543591,26531.18762535,26531.198945527,0.27938399944105186,0.23777900059940293,0.5171630000404548,9.528717000648612,0.08175900075002573,11.320177000015974,21.447816001455067
0,106,26531.210831044333,26531.211098511,26531.211330484,26531.220888386,26531.22094559,26531.232275554,0.26746666844701394,0.23197299742605537,0.4994396658730693,9.55790200168849,0.05720400076825172,11.329963999742176,21.444509668071987
0,107,26531.244164377666,26531.244240408,26531.244454789,26531.253999486,26531.254054264,26531.265464061,0.07603033373015933,0.21438100156956352,0.29041133529972285,9.544697000819724,0.05477800004882738,11.409796999942046,21.29968333611032
0,108,26531.277497711,26531.27775838,26531.277997019,26531.287524088,26531.287775284,26531.299700748,0.2606690031825565,0.23863899696152657,0.49930800014408305,9.527068999886978,0.25119600104517303,11.925464001251385,22.20303700232762
0,109,26531.310831044335,26531.311103897,26531.311337583,26531.320982911,26531.321037439,26531.332808951,0.27285266332910396,0.23368600159301423,0.5065386649221182,9.645327998441644,0.054528001783182845,11.771511999540962,21.977906664687907
0,110,26531.344164377668,26531.344446322,26531.344696638,26531.354291077,26531.354356957,26531.366027606,0.28194433252792805,0.2503159994375892,0.5322603319655173,9.594439001375576,0.06587999814655632,11.670649000734556,21.863228332222207
0,111,26531.377497711,26531.377774608,26531.37800984,26531.387603122,26531.387660613,26531.399433216,0.276897000730969,0.23523199706687592,0.5121289977978449,9.593282000423642,0.05749100091634318,11.772603000281379,21.93550499941921
0,112,26531.410831044333,26531.411106987,26531.411349478,26531.42089739,26531.420965862,26531.433047772,0.2759426679403987,0.2424909980618395,0.5184336660022382,9.547911999106873,0.06847199983894825,12.081910001143115,22.216727666091174
0,113,26531.444164377666,26531.444438264,26531.444714395,26531.454294029,26531.454347353,26531.46657644,0.27388633316149935,0.2761309988272842,0.5500173319887836,9.579634002875537,0.053323998145060614,12.229087002197048,22.41206233520643
0,114,26531.477497711,26531.477574921,26531.477601328,26531.486871119,26531.486916795,26531.499245697,0.07720999929006211,0.026407000405015424,0.10361699969507754,9.269791000406258,0.04567599899019115,12.328902001172537,21.747986000264063
0,115,26531.510831044332,26531.511185571,26531.511425312,26531.520930104,26531.520985909,26531.533242145,0.3545266663422808,0.23974100258783437,0.5942676689301152,9.504792000370799,0.05580499782809056,12.256236001121579,22.411100668250583
0,116,26531.544164377665,26531.544439386,26531.544681293,26531.554231825,26531.554293288,26531.566546607,0.27500833675730973,0.24190699696191587,0.5169153337192256,9.550532002322143,0.06146300074760802,12.253318996954476,22.382229333743453
0,117,26531.577497711,26531.57781659,26531.578056211,26531.587548159,26531.587606216,26531.599860172,0.31887899967841804,0.23962100021890365,0.5584999998973217,9.49194799977704,0.05805699765915051,12.25395599976764,22.362460997101152
0,118,26531.610831044334,26531.611101322,26531.611337664,26531.620865585,26531.62092915,26531.633192469,0.2702776655496564,0.2363419989706017,0.5066196645202581,9.527920999971684,0.06356500307447277,12.263318996701855,22.36142466426827
0,119,26531.644164377667,26531.644434173,26531.644666813,26531.654277067,26531.654332123,26531.666626497,0.26979533140547574,0.2326400026504416,0.5024353340559173,9.610253997379914,0.0550559998373501,12.29437400252209,22.462119333795272
0,120,26531.677497711,26531.677575553,26531.677795767,26531.687322169,26531.687382457,26531.699647941,0.07784199988236651,0.2202139985456597,0.2980559984280262,9.52640200193855,0.060287999076535925,12.265484001545701,22.150230000988813
0,121,26531.710831044333,26531.71109935,26531.711333953,26531.720924698,26531.72098279,26531.733247359,0.26830566639546305,0.23460300144506618,0.5029086678405292,9.590744997694856,0.05809200229123235,12.264568998944014,22.41631466677063
0,122,26531.744164377666,26531.744449646,26531.744712888,26531.754319272,26531.754385457,26531.766671202,0.2852683355740737,0.26324200007366017,0.5485103356477339,9.606383999198442,0.06618499901378527,12.285745000554016,22.506824334413977
0,123,26531.777497711,26531.777780119,26531.77783399,26531.787159687,26531.787208568,26531.799482895,0.2824080002028495,0.05387100100051612,0.3362790012033656,9.32569699943997,0.04888100011157803,12.274327000341145,21.98518400109606
0,124,26531.810831044335,26531.810910073,26531.811132731,26531.82064305,26531.820705911,26531.834064808,0.07902866491349414,0.22265799998422153,0.3016866648977157,9.510318999673473,0.06286099960561842,13.358897002035519,23.233763666212326
0,125,26531.844164377668,26531.844431592,26531.844677519,26531.854275542,26531.854368023,26531.866727176,0.26721433096099645,0.24592699992354028,0.5131413308845367,9.598022999853129,0.09248100104741752,12.35915299912449,22.562798330909573
0,126,26531.877497711,26531.877614092,26531.877850584,26531.887363625,26531.88743843,26531.900666308,0.11638100113486871,0.2364919964747969,0.3528729976096656,9.513041000900557,0.07480500062229112,13.227878000179771,23.168596999312285
0,127,26531.910831044333,26531.911104547,26531.911344844,26531.92083233,26531.920887043,26531.933590946,0.27350266827852465,0.240296998526901,0.5137996668054257,9.487486000580247,0.05471300028148107,12.70390299760038,22.759901665267535
0,128,26531.944164377666,26531.94444087,26531.944687751,26531.954214328,26531.954271514,26531.964860132,0.27649233379634097,0.24688100165803917,0.5233733354543801,9.526576999633107,0.05718600004911423,10.588617999019334,20.695754334155936
0,129,26531.977497711,26531.977781878,26531.978027842,26531.987569929,26531.987624143,26531.998139677,0.2841669993358664,0.2459640018059872,0.5301310011418536,9.542086998408195,0.054214000556385145,10.515534002479399,20.641966002585832
0,130,26532.010831044332,26532.011108924,26532.011358397,26532.020895244,26532.020957577,26532.031531306,0.2778796697384678,0.2494729997124523,0.5273526694509201,9.536846999253612,0.062332997913472354,10.573728999588639,20.700261666206643
0,131,26532.044164377665,26532.044448988,26532.044727146,26532.054240279,26532.054293659,26532.064838972,0.28461033434723504,0.27815800058306195,0.562768334930297,9.51313300174661,0.053379997552838176,10.545313001784962,20.674594336014707
0,132,26532.077497711,26532.077573421,26532.077788616,26532.087324878,26532.087379305,26532.097918868,0.07570999878225848,0.2151949993276503,0.2909049981099088,9.536262001347495,0.05442700057756156,10.539562998019392,20.421156998054357
0,133,26532.110831044334,26532.110900448,26532.111111504,26532.120705628,26532.120756767,26532.131255478,0.0694036643835716,0.21105600171722472,0.2804596661007963,9.594123999704607,0.051138998969690874,10.49871100258315,20.424433667358244
0,134,26532.144164377667,26532.144273122,26532.144493086,26532.151349415,26532.15143172,26532.162335006,0.10874433428398333,0.21996400028001517,0.3287083345639985,6.856328996946104,0.08230500316130929,10.903285998210777,18.17062833288219
0,135,26532.177497711,26532.177615418,26532.177677909,26532.183901467,26532.183978661,26532.194765429,0.11770700075430796,0.062490998971043155,0.1801979997253511,6.223558000783669,0.07719399945926853,10.78676800170797,17.267718001676258
0,136,26532.210831044333,26532.210908252,26532.210936955,26532.220380635,26532.220434607,26532.231376487,0.07720766734564677,0.028703001589747146,0.10591066893539391,9.443679999094456,0.0539719985681586,10.941880002064863,20.545442668662872
0,137,26532.244164377666,26532.244230391,26532.244256326,26532.253695292,26532.253746941,26532.265795416,0.06601333370781504,0.02593500175862573,0.09194833546644077,9.438966000743676,0.05164899994269945,12.04847499684547,21.631038332998287
0,138,26532.277497711,26532.27756602,26532.277598178,26532.287054858,26532.287124635,26532.298928787,0.0683090001984965,0.03215800097677857,0.10046700117527507,9.456679999857442,0.06977700104471296,11.804151999967871,21.4310760020453
0,139,26532.310831044335,26532.310898114,26532.310928595,26532.320455802,26532.320508043,26532.333168049,0.0670696645101998,0.0304810018860735,0.0975506663962733,9.527206999337068,0.05224100095801987,12.660005999350687,22.33700466604205
0,140,26532.344164377668,26532.344434235,26532.344492068,26532.353999221,26532.354062869,26532.366794874,0.269857333478285,0.05783300002804026,0.32769033350632526,9.507152997684898,0.06364799992297776,12.732005001453217,22.630496332567418
0,141,26532.377497711,26532.377780254,26532.377837374,26532.387329017,26532.387408943,26532.400337996,0.28254299832042307,0.05711999983759597,0.33966299815801904,9.49164300254779,0.07992599785211496,12.929053002153523,22.840285000711447
0,142,26532.410831044333,26532.411111013,26532.411167532,26532.420638731,26532.420702342,26532.432578622,0.2799686662910972,0.056518998462706804,0.336487664753804,9.471199002291542,0.06361099804053083,11.876280001160922,21.747577666246798
0,143,26532.444164377666,26532.444440356,26532.444493495,26532.454012971,26532.454079499,26532.466897181,0.2759783346846234,0.053138999646762386,0.3291173343313858,9.519475999695715,0.0665279985696543,12.817681999877095,22.73280333247385
0,144,26532.477497711,26532.477785625,26532.478032839,26532.487585177,26532.487697205,26532.500425025,0.28791400109184906,0.2472140004101675,0.5351280015020166,9.552338000503369,0.11202799942111596,12.727819997962797,22.9273139993893
0,145,26532.510831044332,26532.510910217,26532.510940412,26532.520407972,26532.520458666,26532.532271613,0.07917266702861525,0.030195002182153985,0.10936766921076924,9.467559997574426,0.050694001402007416,11.812946999270935,21.440568667458137
0,146,26532.544164377665,26532.544432663,26532.54448595,26532.554013527,26532.554064768,26532.566918598,0.2682853337319102,0.05328699990059249,0.3215723336325027,9.527576999971643,0.05124100061948411,12.853830001404276,22.754220335627906
0,147,26532.577497711,26532.577784773,26532.578035894,26532.587529537,26532.587615398,26532.600383718,0.2870619973691646,0.25112100047408603,0.5381829978432506,9.493642999586882,0.08586100011598319,12.768320000759559,22.886006998305675
0,148,26532.610831044334,26532.611114984,26532.611172735,26532.62069109,26532.620759174,26532.632630648,0.28393966567819007,0.05775099998572841,0.3416906656639185,9.518355000182055,0.0680839984852355,11.871474001964089,21.799603666295297
0,149,26532.644164377667,26532.644435233,26532.644489502,26532.654037904,26532.654099043,26532.666887493,0.27085533292847686,0.05426899951999076,0.3251243324484676,9.548402002110379,0.061138998717069626,12.788449999789009,22.723115333064925
0,150,26532.677497711,26532.677782529,26532.678021456,26532.6875962,26532.687677757,26532.700607604,0.28481800109148026,0.23892699755379,0.5237449986452702,9.574744002748048,0.08155699833878316,12.929847001942107,23.10989300167421
0,151,26532.710831044333,26532.710909518,26532.710939518,26532.720441095,26532.720495319,26532.733341425,0.07847366578062065,0.030000002880115062,0.10847366866073571,9.501576998445671,0.05422400136012584,12.846105997596169,22.5103806660627
0,152,26532.744164377666,26532.744443638,26532.744689537,26532.7542808,26532.754356976,26532.766367155,0.2792603336274624,0.2458990020386409,0.5251593356661033,9.591262998583261,0.07617599840159528,12.010179001663346,22.202777334314305
0,153,26532.777497711,26532.777775794,26532.777833553,26532.787253649,26532.787326909,26532.799230281,0.27808300001197495,0.05775899990112521,0.33584199991310015,9.420096001122147,0.07326000195462257,11.903372000233503,21.732570003223373
0,154,26532.810831044335,26532.811107155,26532.811162775,26532.820576641,26532.820677983,26532.832576328,0.27611066616373137,0.055619999329792336,0.3317306654935237,9.41386599879479,0.10134200056199916,11.898345001100097,21.74528366595041
0,155,26532.844164377668,26532.844242849,26532.844458942,26532.853998808,26532.854228707,26532.867321556,0.0784713338362053,0.2160929980163928,0.2945643318525981,9.539866001432529,0.22989900026004761,13.092848999804119,23.157178333349293
0,156,26532.877497711,26532.877566766,26532.877776822,26532.887274057,26532.88750529,26532.899788886,0.06905500049469993,0.21005599774071015,0.2791109982354101,9.49723500161781,0.23123299979488365,12.283595999178942,22.291174998827046
0,157,26532.910831044333,26532.910946127,26532.911187026,26532.920669651,26532.92073892,26532.934249243,0.1150826683442574,0.24089899670798331,0.3559816650522407,9.482625002419809,0.06926899732206948,13.510323002265068,23.418198667059187
0,158,26532.944164377666,26532.944244452,26532.944474804,26532.954011355,26532.95407167,26532.966235793,0.08007433279999532,0.23035200138110667,0.310426334181102,9.536550998745952,0.06031500015524216,12.164122999820393,22.07141533290269
0,159,26532.977497711,26532.9777761,26532.978027962,26532.987527217,26532.987586513,26532.999709008,0.27838900132337585,0.2518619985494297,0.5302509998728056,9.499255000264384,0.05929600229137577,12.122494998038746,22.21129700046731
0,160,26533.010831044332,26533.011117176,26533.011369871,26533.02091406,26533.020970023,26533.033271416,0.28613166796276346,0.2526950011088047,0.5388266690715682,9.54418900073506,0.055962998885661364,12.301392998779193,22.44037166747148
0,161,26533.044164377665,26533.044463917,26533.04473287,26533.054291616,26533.054538746,26533.065696783,0.29953933335491456,0.26895300106843933,0.5684923344233539,9.558746001857799,0.24712999947951175,11.15803699940443,21.532405335165095
0,162,26533.077497711,26533.077833917,26533.078076565,26533.08756019,26533.087790756,26533.098620005,0.3362059978826437,0.24264800231321715,0.5788540001958609,9.483624999120366,0.23056599820847623,10.829249000380514,21.122293997905217
0,163,26533.110831044334,26533.110909342,26533.111124213,26533.120628773,26533.120683541,26533.131216428,0.07829766400391236,0.2148710009350907,0.29316866493900307,9.504559999186313,0.05476800288306549,10.53288699768018,20.38538366468856
0,164,26533.144164377667,26533.144438584,26533.144698844,26533.154256422,26533.15436157,26533.165326997,0.27420633341534995,0.2602599997771904,0.5344663331925403,9.557577999657951,0.1051479994202964,10.965427001792705,21.162619334063493
0,165,26533.177497711,26533.177798788,26533.178067872,26533.187563163,26533.187812905,26533.198655071,0.3010770014952868,0.2690839974093251,0.5701609989046119,9.495291000348516,0.24974199914140627,10.842166000657016,21.15735999905155
0,166,26533.210831044333,26533.211117631,26533.211370261,26533.220929303,26533.220988442,26533.231716487,0.2865866663341876,0.2526300013414584,0.539216667675646,9.55904199872748,0.05913900167797692,10.728044999268604,20.885442667349707
0,167,26533.244164377666,26533.244450011,26533.244704651,26533.254252571,26533.254308461,26533.264927718,0.28563333398778923,0.2546399991842918,0.540273333172081,9.547920002660248,0.05588999920291826,10.619256998325,20.763340333360247
0,168,26533.277497711,26533.277783252,26533.278059457,26533.287533563,26533.287589896,26533.298385237,0.28554100208566524,0.27620499895419925,0.5617460010398645,9.474106002016924,0.056332999520236626,10.795341000630287,20.887526003207313
0,169,26533.310831044335,26533.310907529,26533.311141131,26533.320634274,26533.320692311,26533.331235115,0.07648466635146178,0.23360199702437967,0.31008666337584145,9.493143003055593,0.05803699968964793,10.542804000579054,20.404070666700136
0,170,26533.344164377668,26533.344456806,26533.344725769,26533.354293208,26533.354558237,26533.365849229,0.2924283326137811,0.2689629982342012,0.5613913308479823,9.567439003149047,0.26502899709157646,11.290992002614075,21.68485133370268
0,171,26533.377497711,26533.377792546,26533.378062103,26533.387611124,26533.387872329,26533.398745152,0.29483500111382455,0.26955699649988674,0.5643919976137113,9.549021000566427,0.26120500115212053,10.87282300068182,21.247441000014078
0,172,26533.410831044333,26533.411120434,26533.411376277,26533.420950392,26533.421010319,26533.431595177,0.28938966715941206,0.2558429987402633,0.5452326658996753,9.57411499985028,0.059927002439508215,10.584857998765074,20.764132666954538
0,173,26533.444164377666,26533.444463293,26533.444733914,26533.454250687,26533.454518364,26533.465897346,0.29891533267800696,0.27062099979957566,0.5695363324775826,9.51677299963194,0.26767700182972476,11.378981998859672,21.73296833279892
0,174,26533.477497711,26533.477782283,26533.478030534,26533.48752976,26533.487760204,26533.498958455,0.2845720009645447,0.24825099899317138,0.5328229999577161,9.499226001935313,0.2304439985891804,11.198250998859294,21.460743999341503
0,175,26533.510831044332,26533.510906976,26533.511129486,26533.520637415,26533.520697906,26533.53174235,0.07593166810693219,0.22250999973039143,0.2984416678373236,9.507929000392323,0.06049099829397164,11.044443999708164,20.911305666231783
0,176,26533.544164377665,26533.544454975,26533.544728411,26533.554287971,26533.554556361,26533.565896538,0.29059733424219303,0.2734360023168847,0.5640333365590777,9.559559999615885,0.26838999838219024,11.340176999510732,21.732160334067885
0,177,26533.577497711,26533.57778504,26533.578039171,26533.58762562,26533.58768412,26533.598730546,0.2873289995477535,0.2541309986554552,0.5414599982032087,9.586448999471031,0.05850000161444768,11.046425999666099,21.232834998954786
0,178,26533.610831044334,26533.611129707,26533.611373329,26533.620989611,26533.621048583,26533.632059074,0.298662664135918,0.24362200201721862,0.5422846661531366,9.616282000934007,0.058972000260837376,11.010490998160094,21.228029665508075
0,179,26533.644164377667,26533.644460171,26533.644724107,26533.654399889,26533.654653168,26533.665939455,0.2957933320431039,0.263935999100795,0.5597293311438989,9.67578200288699,0.25327899857074954,11.286287000984885,21.775077333586523
0,180,26533.677497711,26533.677777125,26533.678019357,26533.687610612,26533.687670417,26533.69872951,0.27941400185227394,0.2422319994366262,0.5216460012889002,9.591254998667864,0.05980499918223359,11.059093001676956,21.231799000815954
0,181,26533.710831044333,26533.710908235,26533.711136884,26533.720672157,26533.720730074,26533.731749119,0.07719066707068123,0.22864900165586732,0.30583966872654855,9.535272998618893,0.05791700095869601,11.019044999557082,20.91807466786122
0,182,26533.744164377666,26533.744452116,26533.744715219,26533.754297176,26533.754566538,26533.765840308,0.287738334009191,0.2631030001793988,0.5508413341885898,9.581957001500996,0.2693619971978478,11.273770000116201,21.675930333003635
0,183,26533.777497711,26533.777784756,26533.778043386,26533.78759313,26533.78767878,26533.798916502,0.28704500073217787,0.25862999973469414,0.545675000466872,9.549744001560612,0.08565000098315068,11.23772199935047,21.418791002361104
0,184,26533.810831044335,26533.811109848,26533.811354006,26533.820893353,26533.820952677,26533.832118363,0.2788036654237658,0.24415799998678267,0.5229616654105484,9.539347000099951,0.05932400017627515,11.165685999003472,21.287318664690247
0,185,26533.844164377668,26533.844286117,26533.844341135,26533.853708768,26533.853939834,26533.865340437,0.1217393328261096,0.05501800114871003,0.17675733397481963,9.367632999783382,0.2310659983777441,11.400603001675336,21.17605933381128
0,186,26533.877497711,26533.877578117,26533.877795118,26533.887387251,26533.887448269,26533.899584533,0.08040600005188026,0.21700100114685483,0.2974070011987351,9.592132999387104,0.061017999541945755,12.136263998399954,22.08682199852774
0,187,26533.910831044333,26533.910933636,26533.911162765,26533.920657872,26533.920725649,26533.933310025,0.102591668110108,0.2291290002176538,0.3317206683277618,9.49510699865641,0.06777700036764145,12.584375999722397,22.47898066707421
0,188,26533.944164377666,26533.944237986,26533.944465524,26533.954018426,26533.954076963,26533.965303381,0.07360833478742279,0.22753799930796959,0.3011463340953924,9.552901999995811,0.058536999858915806,11.226417998841498,21.139003332791617
0,189,26533.977497711,26533.977567467,26533.977793746,26533.987261711,26533.987315814,26533.998548758,0.06975600263103843,0.22627899670624174,0.29603499933728017,9.467965002841083,0.05410299854702316,11.232944001676515,21.0510470024019
0,190,26534.010831044332,26534.011140976,26534.011381273,26534.020942268,26534.020999712,26534.032161758,0.3099316672887653,0.2402970021648798,0.5502286694536451,9.560995000356343,0.05744399823015556,11.162046001118142,21.330713669158285
0,191,26534.044164377665,26534.044461216,26534.044729365,26534.054285313,26534.054533833,26534.066043954,0.29683833417948335,0.26814900047611445,0.5649873346555978,9.555947999615455,0.24852000206010416,11.510120999446372,21.87957633577753
0,192,26534.077497711,26534.077786122,26534.078044234,26534.087551663,26534.087612609,26534.098887821,0.2884109999286011,0.25811199884628877,0.5465229987748899,9.507429000223055,0.0609460003033746,11.275212000327883,21.390109999629203
0,193,26534.110831044334,26534.111109964,26534.111360863,26534.120919246,26534.120983246,26534.132189876,0.2789196660160087,0.2508990000933409,0.5298186661093496,9.558383000694448,0.06399999983841553,11.206629998923745,21.35883166556596
0,194,26534.144164377667,26534.144457046,26534.144734445,26534.154353014,26534.154595524,26534.166267692,0.29266833371366374,0.277398998150602,0.5700673318642657,9.61856900175917,0.24250999922514893,11.67216799876769,22.103314331616275
0,195,26534.177497711,26534.177577054,26534.177804166,26534.18735166,26534.187415374,26534.199007356,0.07934300083434209,0.22711199926561676,0.30645500009995885,9.547493998979917,0.06371400013449602,11.59198200184619,21.509645001060562
0,196,26534.210831044333,26534.211111841,26534.211369425,26534.220949457,26534.221007615,26534.232541219,0.28079666662961245,0.2575840007921215,0.538380667421734,9.580032001395011,0.0581579988647718,11.533603999851039,21.710174667532556
0,197,26534.244164377666,26534.24445575,26534.244704102,26534.254277217,26534.254338226,26534.265905858,0.2913723328674678,0.24835200019879267,0.5397243330662604,9.573115003149724,0.06100899918237701,11.567631998332217,21.74148033373058
0,198,26534.277497711,26534.277785499,26534.278046343,26534.287602643,26534.287668208,26534.299221607,0.28778800333384424,0.2608439972391352,0.5486320005729795,9.556299999530893,0.06556500011356547,11.553399002877995,21.723896003095433
0,199,26534.310831044335,26534.311113879,26534.311367408,26534.320941894,26534.321002523,26534.332580331,0.28283466599532403,0.2535290004743729,0.5363636664696969,9.574485997291049,0.06062900138203986,11.577807999856304,21.74928666499909
0,200,26534.344164377668,26534.344462694,26534.344739992,26534.354342829,26534.354585599,26534.367470392,0.2983163321914617,0.2772980005829595,0.5756143327744212,9.602836998965358,0.24277000193251297,12.884792999102501,23.306014332774794
0,201,26534.377497711,26534.377576212,26534.377800917,26534.387318884,26534.38738494,26534.399123775,0.07850099791539833,0.22470499970950186,0.3032059976249002,9.517967002466321,0.06605599992326461,11.738835000869585,21.62606400088407
0,202,26534.410831044333,26534.411101677,26534.411355585,26534.420948552,26534.421010136,26534.43253547,0.27063266679761,0.2539080014685169,0.5245406682661269,9.592966998752672,0.06158399992273189,11.525334000907606,21.704425667849137
0,203,26534.444164377666,26534.444460446,26534.444729465,26534.454280405,26534.454546099,26534.467300614,0.29606833413708955,0.2690190012799576,0.5650873354170471,9.55093999800738,0.2656940014276188,12.754514998960076,23.13623633381212
0,204,26534.477497711,26534.477832955,26534.478087382,26534.487615663,26534.487884766,26534.499715251,0.33524399987072684,0.2544269991631154,0.5896709990338422,9.528281003440497,0.26910299857263453,11.830485000245972,22.217540001292946
0,205,26534.510831044332,26534.511138474,26534.511383568,26534.52100134,26534.521063989,26534.532688999,0.30742966919206083,0.24509399736416526,0.5525236665562261,9.61777200063807,0.06264900002861395,11.625009999988833,21.857954667211743
0,206,26534.544164377665,26534.5444619,26534.544738809,26534.554300868,26534.554541684,26534.567190124,0.2975223360408563,0.2769089987850748,0.5744313348259311,9.562059000018053,0.24081599985947832,12.648439998883987,23.02574633358745
0,207,26534.577497711,26534.577574909,26534.577800539,26534.587388571,26534.587456424,26534.599139824,0.07719799759797752,0.22562999947695062,0.30282799707492813,9.588032000465319,0.0678530013829004,11.683400000038091,21.642112998961238
0,208,26534.610831044334,26534.611095196,26534.611340707,26534.620945683,26534.621006998,26534.632583417,0.264151665760437,0.24551100068492815,0.5096626664453652,9.604975999536691,0.061315000493777916,11.576418997719884,21.75237266419572
0,209,26534.644164377667,26534.644454456,26534.6447268,26534.654301128,26534.654563398,26534.667312171,0.2900783329096157,0.2723440011322964,0.5624223340419121,9.574327999871457,0.2622699976200238,12.74877300238586,23.147793333919253
0,210,26534.677497711,26534.677798743,26534.678072985,26534.687634674,26534.687900777,26534.699946798,0.3010319996974431,0.2742420001595747,0.5752739998570178,9.561688999383477,0.2661030011950061,12.046020998241147,22.44908699867665
0,211,26534.710831044333,26534.711121067,26534.711377929,26534.720963757,26534.721023044,26534.732764212,0.2900226681958884,0.2568620002421085,0.5468846684379969,9.58582800012664,0.05928699829382822,11.741168000298785,21.93316766715725
0,212,26534.744164377666,26534.744462084,26534.744742594,26534.754323348,26534.754562516,26534.766631657,0.2977063340949826,0.28051000117557123,0.5782163352705538,9.580753998307046,0.23916799909784459,12.069141001120443,22.467279333795886
0,213,26534.777497711,26534.777576101,26534.777811879,26534.787335919,26534.787399096,26534.799177996,0.07839000318199396,0.23577799947815947,0.31416800266015343,9.5240400005423,0.06317699808278121,11.778899999626447,21.68028500091168
0,214,26534.810831044335,26534.811114175,26534.811371055,26534.820931874,26534.820992902,26534.832777116,0.28313066650298424,0.25687999732326716,0.5400106638262514,9.560819002217613,0.06102800034568645,11.784213998907944,21.946071665297495
0,215,26534.844164377668,26534.844455905,26534.844511526,26534.85386751,26534.853922519,26534.86566266,0.2915273325925227,0.055620999773964286,0.347148332366487,9.355983998830197,0.05500900078914128,11.740140998881543,21.49828233086737
0,216,26534.877497711,26534.877780709,26534.877831413,26534.887076591,26534.887125722,26534.899124521,0.282998000329826,0.050703998567769304,0.33370199889759533,9.245178000128362,0.049131002015201375,11.998799000139115,21.626810001180274
0,217,26534.910831044333,26534.910947643,26534.911179153,26534.920705851,26534.920777147,26534.933261457,0.11659866504487582,0.23151000277721323,0.34810866782208905,9.526697998808231,0.07129599907784723,12.484310002037091,22.43041266774526
0,218,26534.944164377666,26534.944478357,26534.944712699,26534.954265037,26534.954322537,26534.966220411,0.31397933344123885,0.234342001931509,0.5483213353727479,9.55233799686539,0.05750000127591193,11.8978739992599,22.05603333277395
0,219,26534.977497711,26534.977788078,26534.978030774,26534.987534361,26534.987589306,26534.999724865,0.2903669992520008,0.24269600180559792,0.5330630010575987,9.503586999926483,0.054945001465966925,12.135558998124907,22.227154000574956
0,220,26535.010831044332,26535.011100847,26535.011156236,26535.020486952,26535.020564491,26535.032943763,0.26980266920872964,0.05538899858947843,0.3251916677982081,9.330715998657979,0.07753899990348145,12.379272000544006,22.112718666903675
0,221,26535.044164377665,26535.044453977,26535.044689663,26535.054239093,26535.054310288,26535.066732811,0.2895993347920012,0.23568599863210693,0.5252853334241081,9.549430000333814,0.07119500151020475,12.422522999258945,22.56843333452707
0,222,26535.077497711,26535.07757818,26535.077809459,26535.087339149,26535.08760177,26535.099745662,0.08046899893088266,0.23127899839892052,0.3117479973298032,9.529689999908442,0.2626210007292684,12.143891999585321,22.247950997552834
0,223,26535.110831044334,26535.111093256,26535.111330544,26535.12088376,26535.120941345,26535.1328713,0.2622116662678309,0.2372880007897038,0.4994996670575347,9.55321599758463,0.057585002650739625,11.929954998777248,22.040255666070152
0,224,26535.144164377667,26535.144281033,26535.144518182,26535.154107316,26535.154174566,26535.166148079,0.11665533384075388,0.23714900089544244,0.3538043347361963,9.589133998815669,0.06724999911966734,11.97351299924776,21.983701331919292
0,225,26535.177497711,26535.17776796,26535.178003081,26535.187647418,26535.187705114,26535.199837423,0.2702490019146353,0.23512099869549274,0.505370000610128,9.644336998462677,0.0576960010221228,12.132308998843655,22.339711998938583
0,226,26535.210831044333,26535.210953238,26535.211020117,26535.216948619,26535.217016656,26535.229162603,0.12219366544741206,0.06687900167889893,0.189072667126311,5.928501999733271,0.06803699943702668,12.145946999225998,18.331558665522607
0,227,26535.244164377666,26535.244239997,26535.244269729,26535.25369388,26535.253746834,26535.266145671,0.07561933307442814,0.02973200025735423,0.10535133333178237,9.424151001439895,0.05295400114846416,12.398836999636842,21.981293335556984
0,228,26535.277497711,26535.27756609,26535.277794748,26535.287331789,26535.287566818,26535.301091604,0.06837900218670256,0.22865799837745726,0.2970370005641598,9.537041001749458,0.2350289978494402,13.52478600165341,23.59389300181647
0,229,26535.310831044335,26535.310900089,26535.311158173,26535.3207104,26535.320769437,26535.333689211,0.06904466499690898,0.2580840009613894,0.32712866595829837,9.552226998494007,0.059037000028183684,12.919773998874007,22.858166663354496
0,230,26535.344164377668,26535.344236034,26535.344461793,26535.354094843,26535.354324288,26535.367202655,0.07165633360273205,0.22575899856747128,0.29741533217020333,9.63305000186665,0.2294449986948166,12.878367000666913,23.038277333398582
0,231,26535.377497711,26535.377566198,26535.377792542,26535.387317861,26535.387554899,26535.401128147,0.06848699922556989,0.22634400011156686,0.29483099933713675,9.52531900111353,0.23703799888608046,13.57324800119386,23.630436000530608
0,232,26535.410831044333,26535.410901512,26535.411123319,26535.420686332,26535.420935546,26535.433734532,0.07046766768326052,0.22180700034368783,0.29227466802694835,9.563012998114573,0.249214001087239,12.798985997505952,22.903487664734712
0,233,26535.444164377666,26535.444232104,26535.444460327,26535.45403609,26535.454257303,26535.467249523,0.06772633423679508,0.2282229979755357,0.2959493322123308,9.575763000611914,0.22121300207800232,12.992219999432564,23.08514533433481
0,234,26535.477497711,26535.477567075,26535.477787604,26535.487315755,26535.487543265,26535.501107041,0.06936399950063787,0.22052900021662936,0.28989299971726723,9.528151000267826,0.2275100014230702,13.563775999500649,23.609330000908813
0,235,26535.510831044332,26535.510901768,26535.51112688,26535.520693958,26535.520923384,26535.533911927,0.07072366861393675,0.22511199858854525,0.295835667202482,9.567077999236062,0.22942600116948597,12.988542999664787,23.080882667272817
0,236,26535.544164377665,26535.544232027,26535.544449045,26535.55403929,26535.554262837,26535.567216371,0.06764933641534299,0.21701799778384157,0.28466733419918455,9.590245001163566,0.2235469983133953,12.953534002008382,23.05199333568453
0,237,26535.577497711,26535.577564101,26535.57778111,26535.587311679,26535.587541643,26535.600308334,0.06638999911956489,0.21700900106225163,0.2833990001818165,9.530568997433875,0.22996400002739392,12.766691001161234,22.81062299880432
0,238,26535.610831044334,26535.610898952,26535.611113953,26535.620601411,26535.620831346,26535.633747779,0.06790766565245576,0.21500100046978332,0.2829086661222391,9.48745799905737,0.2299350016983226,12.916432999190874,22.916734666068805
0,239,26535.644164377667,26535.64423062,26535.644443203,26535.654071023,26535.654125828,26535.667107575,0.06624233355978504,0.21258299966575578,0.2788253332255408,9.627819999877829,0.054805001127533615,12.981746996956645,22.943197331187548
0,240,26535.677497711,26535.677566138,26535.67778925,26535.687262717,26535.687495255,26535.698621319,0.06842700167908333,0.22311199791147374,0.29153899959055707,9.473467001953395,0.23253799736266956,11.126064000563929,21.12360799947055
0,241,26535.710831044333,26535.710899361,26535.711115639,26535.720604236,26535.720825422,26535.730832372,0.06831666905782185,0.21627799651469104,0.2845946655725129,9.488597002928145,0.22118599736131728,10.006950000388315,20.00132766625029
0,242,26535.744164377666,26535.744234046,26535.74426063,26535.753591642,26535.75383731,26535.763552703,0.06966833461774513,0.026583998987916857,0.09625233360566199,9.33101199916564,0.245668001298327,9.71539300007862,19.38832533414825
0,243,26535.777497711,26535.777610093,26535.777842316,26535.787317366,26535.787537126,26535.797043066,0.11238200022489764,0.23222300296765752,0.34460500319255516,9.475049999309704,0.2197600006184075,9.505939997325186,19.545355000445852
0,244,26535.810831044335,26535.810909834,26535.811128224,26535.820601079,26535.820660153,26535.830406547,0.07878966425778344,0.21838999964529648,0.2971796639030799,9.472855002968572,0.059073998272651806,9.746394000103464,19.575502665247768
0,245,26535.844164377668,26535.844269603,26535.844341464,26535.85380133,26535.85385633,26535.863676918,0.10522533193579875,0.07186099901446141,0.17708633095026016,9.45986599981552,0.05500000042957254,9.820588002185104,19.512540333380457
0,246,26535.877497711,26535.877597159,26535.877814511,26535.887261821,26535.887503285,26535.897943922,0.09944799967342988,0.21735200061812066,0.31680000029155053,9.447309999814024,0.2414640002825763,10.440636997373076,20.446210997761227
0,247,26535.910831044333,26535.910902853,26535.910950844,26535.920429126,26535.920494042,26535.931114338,0.0718086666893214,0.04799100133823231,0.11979966802755371,9.478281997871818,0.06491599924629554,10.620296001434326,20.283293666579993
0,248,26535.944164377666,26535.944234678,26535.944464586,26535.954036581,26535.954092729,26535.964108771,0.07030033521004952,0.22990799698163755,0.3002083321916871,9.571995000442257,0.0561480010219384,10.01604200064321,19.944393334299093
0,249,26535.977497711,26535.977565816,26535.977608512,26535.987056052,26535.987285701,26535.997913061,0.06810500053688884,0.04269599958206527,0.11080100011895411,9.447540000110166,0.22964900199440308,10.627359999489272,20.415350001712795
0,250,26536.010831044332,26536.010901187,26536.01113391,26536.020677285,26536.020927268,26536.031609794,0.07014266884652898,0.2327229994989466,0.30286566834547557,9.543374999338994,0.24998300068546087,10.682526000891812,20.778749669261742
0,251,26536.044164377665,26536.044453855,26536.044722662,26536.054273452,26536.054507259,26536.065555851,0.28947733517270535,0.26880700170295313,0.5582843368756585,9.550789996865205,0.2338070007681381,11.048592001316138,21.39147333582514
0,252,26536.077497711,26536.07778453,26536.078034615,26536.087559433,26536.087799174,26536.099706714,0.2868189985747449,0.2500849986972753,0.5369039972720202,9.52481800050009,0.23974100258783437,11.907539999810979,22.209003000170924
0,253,26536.110831044334,26536.111116215,26536.111194409,26536.120757358,26536.120997062,26536.132019061,0.2851706667570397,0.07819399979780428,0.363364666554844,9.562948998791398,0.23970400070538744,11.021998998330673,21.188016664382303
0,254,26536.144164377667,26536.144450973,26536.144693528,26536.154294838,26536.154356432,26536.165176819,0.2865953319997061,0.24255500102299266,0.5291503330226988,9.601310001016827,0.061594000726472586,10.820386996783782,21.01244133154978
0,255,26536.177497711,26536.177777749,26536.177852342,26536.187308373,26536.18736429,26536.198113483,0.28003799889120273,0.07459300104528666,0.3546309999364894,9.456030998990173,0.055917000281624496,10.749192999355728,20.615771998564014
0,256,26536.210831044333,26536.210911424,26536.211134729,26536.220626622,26536.22070202,26536.232549588,0.08037966836127453,0.22330499996314757,0.3036846683244221,9.491892997175455,0.07539800208178349,11.847567999211606,21.718543666793266
0,257,26536.244164377666,26536.244450312,26536.244514757,26536.254033816,26536.254092612,26536.265710956,0.2859343330783304,0.0644450010440778,0.3503793341224082,9.51905900001293,0.058795998484129086,11.618344000453362,21.54657833307283
0,258,26536.277497711,26536.277787172,26536.277846375,26536.287343703,26536.28742012,26536.299083001,0.2894610006478615,0.05920300100115128,0.3486640016490128,9.497327999270055,0.07641699994564988,11.662880999210756,21.585290000075474
0,259,26536.310831044335,26536.31112256,26536.311374293,26536.320946815,26536.321022769,26536.332727345,0.2915156655944884,0.25173299945890903,0.5432486650533974,9.572522001690231,0.07595399802085012,11.704576001648093,21.89630066641257
0,260,26536.344164377668,26536.344443088,26536.344502422,26536.354057093,26536.35412313,26536.365754752,0.27871033307746984,0.05933399734203704,0.3380443304195069,9.554671003570547,0.06603699875995517,11.631622001004871,21.59037433375488
0,261,26536.377497711,26536.377769532,26536.377828376,26536.387396352,26536.387485454,26536.399560189,0.2718209980230313,0.05884400161448866,0.33066499963751994,9.567976001562783,0.08910199903766625,12.074734997440828,22.062477997678798
0,262,26536.410831044333,26536.410912569,26536.411149506,26536.420670352,26536.420741824,26536.432583595,0.08152466762112454,0.23693699768045917,0.3184616653015837,9.520846000668826,0.07147200085455552,11.841771000035806,21.75255066686077
0,263,26536.444164377666,26536.44447733,26536.444541913,26536.45450466,26536.454773105,26536.466837404,0.31295233202399686,0.06458300049416721,0.37753533251816407,9.962747000827221,0.26844500098377466,12.064299000485335,22.673026334814494
0,264,26536.477497711,26536.477798413,26536.478068377,26536.48763427,26536.487885919,26536.499090077,0.3007020022778306,0.26996399901690893,0.5706660012947395,9.565893000399228,0.2516489985282533,11.204157999600284,21.592365999822505
0,265,26536.510831044332,26536.5111232,26536.511179034,26536.520491685,26536.520738121,26536.532095197,0.2921556697401684,0.0558339997951407,0.3479896695353091,9.312651000072947,0.2464359968143981,11.35707600042224,21.264152666844893
0,266,26536.544164377665,26536.54445721,26536.544509553,26536.553807899,26536.554051344,26536.565537021,0.29283233379828744,0.052343002607813105,0.34517533640610054,9.298345998104196,0.24344499979633838,11.48567700147396,21.372643335780594
0,267,26536.577497711,26536.577787386,26536.577840747,26536.587096834,26536.587331594,26536.599040763,0.28967499747523107,0.053361000027507544,0.3430359975027386,9.256086999812396,0.23476000205846503,11.70916900082375,21.54305200019735
0,268,26536.610831044334,26536.610913376,26536.611161377,26536.620678224,26536.620961031,26536.632754431,0.08233166590798646,0.24800100072752684,0.3303326666355133,9.516846999758855,0.2828069991664961,11.793400000897236,21.9233866664581
0,269,26536.644164377667,26536.644456646,26536.644724944,26536.654283698,26536.654531115,26536.666240876,0.2922683343058452,0.2682979975361377,0.5605663318419829,9.558754001773195,0.24741699962760322,11.70976099820109,22.076498331443872
0,270,26536.677497711,26536.677787897,26536.678043267,26536.687555891,26536.687805494,26536.700268008,0.2901859988924116,0.25536999964970164,0.5455559985421132,9.512624001217773,0.2496029992471449,12.46251400152687,22.7702970005339
0,271,26536.710831044333,26536.711112626,26536.711352007,26536.720898214,26536.721150762,26536.732861449,0.2815816660586279,0.2393810027569998,0.5209626688156277,9.54620699849329,0.25254800129914656,11.710686998412712,22.030404667020775
0,272,26536.744164377666,26536.744451709,26536.744707635,26536.754338093,26536.754574677,26536.766422392,0.28733133513014764,0.2559259992267471,0.5432573343568947,9.630458000174258,0.23658400095882826,11.847714999021264,22.258014334511245
0,273,26536.777497711,26536.777780115,26536.778024829,26536.787536129,26536.787767806,26536.800520829,0.2824040020641405,0.2447139995638281,0.5271180016279686,9.511299998848699,0.23167700055637397,12.753023002005648,23.02311800303869
0,274,26536.810831044335,26536.810908678,26536.811124947,26536.820662062,26536.820914878,26536.832999334,0.07763366375002079,0.2162689997931011,0.2939026635431219,9.537115001876373,0.2528160002839286,12.084456000593491,22.168289666296914
0,275,26536.844164377668,26536.844429891,26536.84466391,26536.854238877,26536.854475081,26536.866271148,0.265513332124101,0.23401900034514256,0.49953233246924356,9.574966999934986,0.2362039995205123,11.796066999522736,22.10677033144748
0,276,26536.877497711,26536.877616176,26536.877836529,26536.887340477,26536.887398144,26536.898918533,0.11846499910461716,0.22035300207789987,0.33881800118251704,9.503947996563511,0.05766700269305147,11.520388998178532,21.420821998617612
0,277,26536.910831044333,26536.910907786,26536.911124231,26536.920645948,26536.920698485,26536.933043341,0.07674166772630997,0.21644499793183059,0.29318666565814056,9.52171700191684,0.05253699782770127,12.344856000709115,22.212296666111797
0,278,26536.944164377666,26536.944235156,26536.944451111,26536.954291329,26536.954521227,26536.966639554,0.07077833288349211,0.2159550022042822,0.2867333350877743,9.840217997407308,0.22989799981587566,12.11832700209925,22.475176334410207
0,279,26536.977497711,26536.977784,26536.978044685,26536.987546282,26536.987794441,26536.998960635,0.28628899963223375,0.26068500301335007,0.5469740026455838,9.501596996415174,0.24815900178509764,11.166193999088136,21.46292399993399
0,280,26537.010831044332,26537.011128398,26537.011403824,26537.020918773,26537.021177515,26537.031797846,0.2973536684294231,0.2754259985522367,0.5727796669816598,9.514949000731576,0.25874199855024926,10.62033100242843,20.966801668691915
0,281,26537.044164377665,26537.044460945,26537.044730353,26537.054311024,26537.054583515,26537.065225606,0.2965673338621855,0.2694080030778423,0.5659753369400278,9.580670997820562,0.27249100094195455,10.642090997862397,21.06122833356494
0,282,26537.077497711,26537.07778113,26537.078024112,26537.087630283,26537.087872766,26537.098525301,0.2834189981513191,0.24298200150951743,0.5264009996608365,9.606170999177266,0.2424829981464427,10.652535002009245,21.02758999899379
0,283,26537.110831044334,26537.111105815,26537.111336742,26537.120957376,26537.121187183,26537.131526328,0.27477066760184243,0.23092699848348275,0.5056976660853252,9.620633998565609,0.22980699941399507,10.33914500294486,20.69528366700979
0,284,26537.144164377667,26537.144242157,26537.144457473,26537.154055876,26537.154117394,26537.164263549,0.07777933205943555,0.21531600214075297,0.2930953342001885,9.598402997653466,0.06151799971121363,10.14615500025684,20.099171331821708
0,285,26537.177497711,26537.177776483,26537.17800564,26537.187517348,26537.187576191,26537.19761729,0.27877200045622885,0.2291569981025532,0.507928998558782,9.511708001809893,0.05884300117031671,10.041098998044617,20.11957899958361
0,286,26537.210831044333,26537.211117307,26537.211370317,26537.220899451,26537.221166396,26537.231845599,0.286262667941628,0.25300999914179556,0.5392726670834236,9.529134000331396,0.26694500047597103,10.679202998289838,21.01455466618063
0,287,26537.244164377666,26537.24445065,26537.244720827,26537.25440835,26537.254664517,26537.26526322,0.28627233405131847,0.27017699903808534,0.5564493330894038,9.687523001048248,0.2561670007708017,10.59870300014154,21.098842335049994
0,288,26537.277497711,26537.277789206,26537.278045706,26537.287607646,26537.287852795,26537.298735155,0.2914950018748641,0.25649999952293,0.5479950013977941,9.561940001731273,0.24514899996574968,10.882359998504398,21.237444001599215
0,289,26537.310831044335,26537.311122798,26537.311383373,26537.320905507,26537.320987304,26537.33157684,0.29175366580602713,0.26057499781018123,0.5523286636162084,9.522134001599625,0.08179699943866581,10.589535999315558,20.745795663970057
0,290,26537.344164377668,26537.344456178,26537.344694522,26537.354394128,26537.354630675,26537.365271461,0.2918003337981645,0.2383439968980383,0.5301443306962028,9.699606001959182,0.23654699907638133,10.64078600029461,21.107083332026377
0,291,26537.377497711,26537.377576187,26537.377602854,26537.386872098,26537.387103673,26537.397974264,0.078475997725036,0.02666700311237946,0.10514300083741546,9.269243997550802,0.23157500254455954,10.870590998820262,20.47655299975304
0,292,26537.410831044333,26537.411122429,26537.411360384,26537.420908035,26537.421167795,26537.432105629,0.2913846656156238,0.23795500237611122,0.529339667991735,9.547650999593316,0.2597599996079225,10.937833998468705,21.274584665661678
0,293,26537.444164377666,26537.444459614,26537.444721531,26537.454318758,26537.454558637,26537.46521371,0.2952363320218865,0.26191700089839287,0.5571533329202794,9.5972269991762,0.23987900203792378,10.655072997906245,21.04933233204065
0,294,26537.477497711,26537.477786474,26537.478034901,26537.487544978,26537.48780459,26537.498711468,0.28876299984403886,0.24842700076987967,0.5371900006139185,9.510077001323225,0.2596119993540924,10.906878000241704,21.21375700153294
0,295,26537.510831044332,26537.51111249,26537.511353825,26537.520922394,26537.52118532,26537.532241339,0.2814456674968824,0.24133500119205564,0.522780668688938,9.568568999384297,0.26292600159649737,11.056018996896455,21.410294666566188
0,296,26537.544164377665,26537.54445073,26537.544689027,26537.554285643,26537.554518366,26537.565567078,0.2863523368432652,0.2382969978498295,0.5246493346930947,9.59661600063555,0.2327229994989466,11.04871200004709,21.40270033487468
0,297,26537.577497711,26537.577576535,26537.577799683,26537.58727615,26537.587513373,26537.598787512,0.07882399950176477,0.22314799934974872,0.3019719988515135,9.476466999331024,0.2372230010223575,11.274139000306604,21.2898009995115
0,298,26537.610831044334,26537.61111508,26537.611372988,26537.620953465,26537.621213095,26537.632222409,0.2840356646629516,0.2579080028226599,0.5419436674856115,9.580476998962695,0.2596300000732299,11.009313999238657,21.391364665760193
0,299,26537.644164377667,26537.644462172,26537.644720617,26537.654414047,26537.654661872,26537.66589864,0.29779433316434734,0.2584450012363959,0.5562393344007432,9.69342999815126,0.24782499895081855,11.23676800125395,21.73426233275677
0,300,26537.677497711,26537.677795069,26537.678054774,26537.687571158,26537.687853751,26537.698801,0.29735800126218237,0.2597050006443169,0.5570630019064993,9.516383997834055,0.28259299870114774,10.947249000309967,21.30328899875167
0,301,26537.710831044333,26537.711110106,26537.711349495,26537.720865388,26537.721119769,26537.732128917,0.2790616672427859,0.2393889990344178,0.5184506662772037,9.515893001662334,0.25438100055907853,11.00914799826569,21.297872666764306
0,302,26537.744164377666,26537.74444905,26537.744686042,26537.754251787,26537.754483307,26537.765579473,0.2846723327820655,0.2369920002820436,0.5216643330641091,9.565745000145398,0.23151999994297512,11.096166002971586,21.415095336124068
0,303,26537.777497711,26537.77757731,26537.777796172,26537.787282277,26537.78751426,26537.798789288,0.07959900176501833,0.21886199829168618,0.2984610000567045,9.486105001997203,0.23198299822979607,11.275028002273757,21.29157700255746
0,304,26537.810831044335,26537.811112921,26537.811365783,26537.820935991,26537.821016075,26537.8324769,0.28187666612211615,0.25286199888796546,0.5347386650100816,9.570207999786362,0.08008399890968576,11.460825000540353,21.645855664246483
0,305,26537.844164377668,26537.844286755,26537.844519182,26537.854123159,26537.854371844,26537.865780715,0.12237733244546689,0.23242699899128638,0.3548043314367533,9.603976999642327,0.2486850025888998,11.408870999730425,21.616337333398405
0,306,26537.877497711,26537.877817626,26537.878054293,26537.887551807,26537.887805595,26537.899239068,0.31991499781724997,0.23666700144531205,0.556581999262562,9.497514001850504,0.25378799909958616,11.433472998760408,21.74135699897306
0,307,26537.910831044333,26537.910957931,26537.911197367,26537.920738334,26537.920975659,26537.933125561,0.12688666538451798,0.23943600172060542,0.3663226671051234,9.540966999338707,0.23732499903417192,12.149902002420276,22.29451666789828
0,308,26537.944164377666,26537.9442432,26537.94446308,26537.954064899,26537.954305113,26537.964480999,0.07882233330747113,0.21987999934935942,0.29870233265683055,9.601819001545664,0.2402139980404172,10.175886000070022,20.316621332312934
0,309,26537.977497711,26537.977567682,26537.977787525,26537.987247491,26537.987489548,26537.997858267,0.06997099990257993,0.2198430011048913,0.28981400100747123,9.45996600057697,0.24205699810408987,10.368719002144644,20.360556001833174
0,310,26538.010831044332,26538.010899913,26538.011119183,26538.020718197,26538.020946503,26538.03103587,0.0688686668581795,0.21927000125288032,0.2881386681110598,9.599013999832096,0.2283059984620195,10.08936700236518,20.204825668770354
0,311,26538.044164377665,26538.044233377,26538.044446951,26538.054101465,26538.054338567,26538.064402481,0.06899933578097261,0.2135739996447228,0.2825733354256954,9.654514000430936,0.23710199820925482,10.063914000056684,20.23810333412257
0,312,26538.077497711,26538.077566719,26538.077773459,26538.087339611,26538.087566011,26538.097959203,0.0690079978085123,0.2067400018859189,0.2757479996944312,9.566151999024441,0.22639999951934442,10.393192002084106,20.461492000322323
0,313,26538.110831044334,26538.110900189,26538.111109995,26538.120633148,26538.120866547,26538.130774709,0.06914466575835831,0.20980599947506562,0.27895066523342393,9.523152999463491,0.23339900144492276,9.908161999192089,19.943664665333927
0,314,26538.144164377667,26538.144231726,26538.144450967,26538.154001711,26538.154232424,26538.164402884,0.06734833368682303,0.21924099928583018,0.2865893329726532,9.550743998261169,0.2307130016561132,10.17045999833499,20.238506331224926
0,315,26538.177497711,26538.177565289,26538.177783373,26538.187254007,26538.187490497,26538.197782531,0.06757799928891473,0.21808400197187439,0.2856620012607891,9.470633998716949,0.2364899992244318,10.292033999576233,20.284819998778403
0,316,26538.210831044333,26538.210900491,26538.211115752,26538.220729108,26538.220955127,26538.231118206,0.06944666893105023,0.21526099953916855,0.2847076684702188,9.613356000045314,0.2260189976368565,10.16307900135871,20.2871616675111
0,317,26538.244164377666,26538.24427175,26538.244343231,26538.251288448,26538.251351042,26538.261225269,0.10737233606050722,0.07148099757614546,0.17885333363665268,6.945216999156401,0.06259400106500834,9.874227002001135,17.060891335859196
0,318,26538.277497711,26538.277604758,26538.277843731,26538.287324447,26538.287382151,26538.297879085,0.10704700252972543,0.23897299979580566,0.3460200023255311,9.48071599850664,0.057704000937519595,10.496933999093017,20.381374000862706
0,319,26538.310831044335,26538.310909119,26538.311125267,26538.320627965,26538.320865837,26538.331639817,0.07807466681697406,0.21614799697999842,0.2942226637969725,9.50269800159731,0.23787199825164862,10.773980000521988,20.80877266416792
0,320,26538.344164377668,26538.344233915,26538.34445898,26538.354065568,26538.354330226,26538.365086383,0.06953733100090176,0.22506499954033643,0.2946023305412382,9.606588002498029,0.26465799965080805,10.756157000287203,20.922005332977278
0,321,26538.377497711,26538.37756723,26538.377798462,26538.387301948,26538.387545411,26538.39863455,0.06951899922569282,0.2312319993507117,0.3007509985764045,9.50348600235884,0.24346299687749706,11.089139003161108,21.13683900097385
0,322,26538.410831044333,26538.41095174,26538.411188768,26538.420716957,26538.420958773,26538.43175692,0.12069566582795233,0.23702800172031857,0.3577236675482709,9.528188998956466,0.24181600019801408,10.798146999150049,20.9258756658528
0,323,26538.444164377666,26538.444242665,26538.444465333,26538.45402506,26538.454260237,26538.46511006,0.07828733214410022,0.22266800078796223,0.30095533293206245,9.559727001033025,0.2351769981032703,10.849823000171455,20.945682332239812
0,324,26538.477497711,26538.477586564,26538.477800556,26538.487399106,26538.487632959,26538.499168849,0.08885300121619366,0.21399199977167882,0.3028450009878725,9.598550001101103,0.23385299937217496,11.53589000023203,21.67113800169318
0,325,26538.510831044332,26538.510897833,26538.511110851,26538.520676106,26538.520907218,26538.532634674,0.06678866702714004,0.21301800006767735,0.2798066670948174,9.565255000779871,0.23111200061975978,11.727455999789527,21.803629668283975
0,326,26538.544164377665,26538.544230639,26538.544442334,26538.554007264,26538.554238079,26538.565940776,0.06626133472309448,0.21169500178075396,0.27795633650384843,9.56492999830516,0.23081499966792762,11.702697000146145,21.77639833462308
0,327,26538.577497711,26538.577565769,26538.577776269,26538.587248069,26538.58747619,26538.59928885,0.06805799785070121,0.21050000214017928,0.2785579999908805,9.471800000028452,0.22812099996372126,11.812659999122843,21.791138999105897
0,328,26538.610831044334,26538.610899288,26538.611111899,26538.620701709,26538.620929923,26538.632561489,0.06824366573709995,0.21261100118863396,0.2808546669257339,9.589809997123666,0.22821400125394575,11.631566001597093,21.73044466690044
0,329,26538.644164377667,26538.644232398,26538.644444862,26538.654052524,26538.654284331,26538.665904415,0.06802033385611139,0.212463997740997,0.2804843315971084,9.60766200296348,0.23180700009106658,11.62008399842307,21.740037333074724
0,330,26538.677497711,26538.677564417,26538.677771511,26538.687270533,26538.687499136,26538.699369815,0.06670600123470649,0.20709399905172177,0.27380000028642826,9.499021998635726,0.22860299941385165,11.870679001731332,21.87210400006734
0,331,26538.710831044333,26538.710898195,26538.711109483,26538.720690654,26538.720918488,26538.732516953,0.0671506677463185,0.21128799926373176,0.27843866701005027,9.581171001627808,0.2278339998156298,11.598465000133729,21.685908668587217
0,332,26538.744164377666,26538.744232066,26538.744441965,26538.754042182,26538.75426459,26538.765914287,0.06768833554815501,0.2098989971273113,0.2775873326754663,9.600217003026046,0.2224079980805982,11.649697000393644,21.749909334175754
0,333,26538.777497711,26538.777565474,26538.777776929,26538.78726895,26538.787501979,26538.799278074,0.06776300142519176,0.2114550006808713,0.27921800210606307,9.492020999459783,0.2330290008103475,11.776094997912878,21.78036300028907
0,334,26538.810831044335,26538.810899178,26538.811108965,26538.820672135,26538.82089846,26538.832506192,0.06813366417190991,0.20978700194973499,0.2779206661216449,9.563169998727972,0.22632499894825742,11.60773200172116,21.675147665519034
0,335,26538.844164377668,26538.844230879,26538.844442112,26538.854003579,26538.85423307,26538.865855043,0.06650133218499832,0.21123300030012615,0.27773433248512447,9.561466999002732,0.22949100093683228,11.621973000728758,21.690665333153447
0,336,26538.877497711,26538.877586304,26538.877799953,26538.887295439,26538.887527421,26538.899457497,0.08859299850882962,0.2136490002158098,0.3022419987246394,9.495485999650555,0.23198200142360292,11.930075997952372,21.95978599775117
0,337,26538.910831044333,26538.91092822,26538.910974535,26538.920266917,26538.920506965,26538.934977883,0.0971756671788171,0.046314999053720385,0.14349066623253748,9.292382001149235,0.24004800070542842,14.470917998551158,24.14683866663836
0,338,26538.944164377666,26538.944238673,26538.944262691,26538.95353562,26538.953583574,26538.965050185,0.0742953343433328,0.02401799793005921,0.098313332273392,9.272929000871954,0.04795399945578538,11.46661100210622,20.88580733470735
0,339,26538.977497711,26538.977569431,26538.977791136,26538.9873705,26538.987444899,26538.998941085,0.07172000186983496,0.2217049986938946,0.29342500056372955,9.579363999364432,0.07439900218741968,11.496185998112196,21.443374000227777
0,340,26539.010831044332,26539.01089993,26539.011135885,26539.020687841,26539.020746796,26539.032839187,0.06888566713314503,0.2359550016990397,0.30484066883218475,9.551955998176709,0.05895499998587184,12.092390999896452,22.008142666891217
0,341,26539.044164377665,26539.044445744,26539.04469206,26539.05426149,26539.054501509,26539.067003893,0.28136633409303613,0.24631600172142498,0.5276823358144611,9.569429999828571,0.2400189987383783,12.502384000981692,22.839515335363103
0,342,26539.077497711,26539.077799012,26539.078039643,26539.087534499,26539.08776813,26539.100455579,0.3013009991263971,0.2406309977232013,0.5419319968495984,9.494856003584573,0.2336309989914298,12.687448997894535,22.957867997320136
0,343,26539.110831044334,26539.11091116,26539.111130791,26539.120685239,26539.120924314,26539.133394985,0.0801156675152015,0.21963099788990803,0.2997466654051095,9.554447999107651,0.2390750014455989,12.470671001210576,22.563940667168936
0,344,26539.144164377667,26539.144434152,26539.14468169,26539.154243897,26539.154483972,26539.167013727,0.2697743329918012,0.2475379988027271,0.5173123317945283,9.562207000271883,0.24007500178413466,12.529755000286968,22.849349334137514
0,345,26539.177497711,26539.177788671,26539.178045626,26539.18751724,26539.187778445,26539.200413015,0.2909600007114932,0.25695499789435416,0.5479149986058474,9.471614001085982,0.26120500115212053,12.634570000955136,22.915304001799086
0,346,26539.210831044333,26539.211123597,26539.211381756,26539.220965222,26539.221227825,26539.233507912,0.29255266781547107,0.2581589978944976,0.5507116657099687,9.583466002368368,0.2626030000101309,12.280086997634498,22.676867665722966
0,347,26539.244164377666,26539.244452857,26539.244705644,26539.254266046,26539.254504103,26539.266977302,0.2884793357225135,0.25278699831687845,0.541266334039392,9.56040199889685,0.23805700038792565,12.473198999941815,22.812924333265983
0,348,26539.277497711,26539.277778079,26539.277832042,26539.287098573,26539.287334898,26539.299756726,0.280367999948794,0.05396300184656866,0.3343310017953627,9.266531000321265,0.23632499869563617,12.421827999787638,22.259015000599902
0,349,26539.310831044335,26539.310910865,26539.311141903,26539.320707759,26539.320953057,26539.333666182,0.07982066381373443,0.23103800049284473,0.31085866430657916,9.56585600215476,0.24529799702577293,12.713125001027947,22.83513766451506
0,350,26539.344164377668,26539.344442598,26539.344690664,26539.354341594,26539.354579493,26539.367103396,0.27822033371194266,0.24806599685689434,0.526286330568837,9.650930001953384,0.23789899933035485,12.523903002147563,22.93901833400014
0,351,26539.377497711,26539.377784302,26539.378037016,26539.387624687,26539.387866492,26539.398703752,0.28659099916694686,0.25271399863413535,0.5393049978010822,9.587671000190312,0.24180500258808024,10.837259997060755,21.20604099764023
0,352,26539.410831044333,26539.411122784,26539.411377813,26539.420937899,26539.42117615,26539.432314354,0.29173966686357744,0.2550290009821765,0.546768667845754,9.560086000419687,0.23825099924579263,11.138203997688834,21.483309665200068
0,353,26539.444164377666,26539.444446367,26539.444504145,26539.453916981,26539.454149565,26539.464759294,0.2819893343257718,0.05777800106443465,0.3397673353902064,9.412835999683011,0.23258399960468523,10.60972899722401,20.594916331901914
0,354,26539.477497711,26539.477786495,26539.478020181,26539.487543212,26539.487779806,26539.498938444,0.2887840018956922,0.23368599795503542,0.5224699998507276,9.523030999844195,0.23659400176256895,11.15863800077932,21.44073300223681
0,355,26539.510831044332,26539.510909845,26539.510943382,26539.520502007,26539.520740034,26539.531832506,0.0788006691436749,0.03353699867147952,0.11233766781515442,9.558624999044696,0.23802700161468238,11.092471999290865,21.001461667765398
0,356,26539.544164377665,26539.544243065,26539.544267678,26539.553551319,26539.553779366,26539.564592124,0.07868733518989757,0.02461300027789548,0.10330033546779305,9.283641000365606,0.2280469998368062,10.812757998792222,20.427746334462427
0,357,26539.577497711,26539.577572777,26539.577593352,26539.58678728,26539.587015828,26539.598113337,0.0750660001358483,0.020575000235112384,0.09564100037096068,9.19392799914931,0.22854800045024604,11.097508999228012,20.615625999198528
0,358,26539.610831044334,26539.610903425,26539.610924536,26539.62018852,26539.620422817,26539.631345677,0.07238066609716043,0.021110998204676434,0.09349166430183686,9.263984000426717,0.23429700013366528,10.92286000130116,20.51463266616338
0,359,26539.644164377667,26539.644240368,26539.644260748,26539.653502834,26539.653756502,26539.66451286,0.07599033415317535,0.020379997295094654,0.09637033144827001,9.242086001904681,0.25366800036863424,10.756357998616295,20.34848233233788
0,360,26539.677497711,26539.677571525,26539.677599071,26539.686845546,26539.687078287,26539.697947991,0.0738140006433241,0.02754600063781254,0.10136000128113665,9.246474997780751,0.23274100021808408,10.869704001379432,20.450280000659404
0,361,26539.710831044333,26539.710904636,26539.710925386,26539.720185019,26539.72041615,26539.731228694,0.0735916655685287,0.020750001567648724,0.09434166713617742,9.259632999601308,0.23113100178306922,10.812543998326873,20.39764966684743
0,362,26539.744164377666,26539.744236423,26539.744254683,26539.753503538,26539.753737538,26539.764495278,0.07204533540061675,0.018259997887071222,0.09030533328768797,9.248854999896139,0.23400000281981193,10.757739997643512,20.33090033364715
0,363,26539.777497711,26539.777569608,26539.777588182,26539.786769602,26539.786997066,26539.798054872,0.07189700045273639,0.01857400275184773,0.09047100320458412,9.181419998640195,0.22746399918105453,11.057806001190329,20.557161002216162
0,364,26539.810831044335,26539.810904229,26539.810924247,26539.82014763,26539.820382678,26539.831002296,0.07318466668948531,0.020017996575916186,0.0932026632654015,9.223383000062313,0.23504800265072845,10.619617998600006,20.17125166457845
0,365,26539.844164377668,26539.844237035,26539.844256507,26539.853526381,26539.853759271,26539.864453463,0.07265733074746095,0.019472001440590248,0.0921293321880512,9.269874000892742,0.23289000091608614,10.694191998481983,20.289085332478862
0,366,26539.877497711,26539.877569507,26539.877584406,26539.883910649,26539.884132539,26539.894726759,0.0717959992471151,0.014899000234436244,0.08669499948155135,6.326243001240073,0.22188999719219282,10.594220002531074,17.22904800044489
0,367,26539.910831044333,26539.910900684,26539.910919554,26539.920151038,26539.920389428,26539.931307021,0.06963966734474525,0.018869999621529132,0.08850966696627438,9.231484000338241,0.238389999140054,10.917593001067871,20.47597666751244
0,368,26539.944164377666,26539.944237647,26539.944259564,26539.953473788,26539.953707623,26539.964553187,0.07326933337026276,0.021916999685345218,0.09518633305560797,9.214223999151727,0.23383500229101628,10.845564000192098,20.38880933469045
0,369,26539.977497711,26539.977569703,26539.977590934,26539.986776937,26539.987007132,26539.998114031,0.07199200263130479,0.021230996935628355,0.09322299956693314,9.18600300065009,0.23019500076770782,11.106899000878911,20.61632000186364
0,370,26540.010831044332,26540.010900647,26540.010922101,26540.020141687,26540.02036567,26540.031262891,0.06960266910027713,0.021453997760545462,0.09105666686082259,9.219586001563584,0.22398299915948883,10.897221000050195,20.43184666763409
0,371,26540.044164377665,26540.044236555,26540.044257379,26540.053529901,26540.053751439,26540.064645447,0.07217733582365327,0.02082399805658497,0.09300133388023823,9.272522001992911,0.22153800091473386,10.89400799901341,20.481069335801294
0,372,26540.077497711,26540.07757087,26540.077589601,26540.086809077,26540.087039689,26540.09816256,0.07315899711102247,0.01873100336524658,0.09189000047626905,9.219475999998394,0.2306119968125131,11.122871001134627,20.664848998421803
0,373,26540.110831044334,26540.110904722,26540.110925278,26540.120159531,26540.120419864,26540.131529967,0.07367766738752834,0.020555999071802944,0.09423366645933129,9.234253000613535,0.2603329994599335,11.110102997918148,20.698922664450947
0,374,26540.144164377667,26540.144236537,26540.14425576,26540.153548633,26540.153785531,26540.165505034,0.07215933146653697,0.019222999981138855,0.09138233144767582,9.292873000958934,0.23689800218562596,11.719502999767428,21.340656334359664
0,375,26540.177497711,26540.177569352,26540.177588343,26540.186749706,26540.186980717,26540.198812505,0.07164099952206016,0.018990998796653003,0.09063199831871316,9.161363002931466,0.2310109994141385,11.831788000563392,21.31479400122771
0,376,26540.210831044333,26540.210902703,26540.210921583,26540.220228067,26540.220462975,26540.232201662,0.0716586655471474,0.018880000425269827,0.09053866597241722,9.306484000262571,0.23490800231229514,11.738686996977776,21.37061766552506
0,377,26540.244164377666,26540.244235979,26540.244255285,26540.25352726,26540.253794113,26540.265905958,0.07160133463912643,0.019306000467622653,0.09090733510674909,9.271974999137456,0.2668529996299185,12.111845000617905,21.741580334492028
0,378,26540.277497711,26540.277570673,26540.277604487,26540.286799083,26540.287040047,26540.299542902,0.07296200055861846,0.0338140016538091,0.10677600221242756,9.19459599754191,0.24096400011330843,12.502855002821889,22.045191002689535
0,379,26540.310831044335,26540.310901153,26540.310921903,26540.320150934,26540.320377287,26540.333006578,0.07010866465861909,0.020750001567648724,0.09085866622626781,9.22903099854011,0.2263530004711356,12.629290999029763,22.175533664267277
0,380,26540.344164377668,26540.344235448,26540.344255346,26540.353521849,26540.353752442,26540.366581568,0.07107033161446452,0.019898001482943073,0.0909683330974076,9.266502998798387,0.23059299928718247,12.8291260007245,22.417190331907477
0,381,26540.377497711,26540.377571094,26540.377590466,26540.386788468,26540.387056506,26540.400065401,0.07338299838011153,0.01937200067914091,0.09275499905925244,9.198002000630368,0.26803799846675247,13.008895002712961,22.567690000869334
0,382,26540.410831044333,26540.410903002,26540.410922187,26540.420283903,26540.420520477,26540.433875967,0.07195766738732345,0.019184997654519975,0.09114266504184343,9.36171600187663,0.23657400015508756,13.35548999850289,23.04492266557645
0,383,26540.444164377666,26540.444237428,26540.444257224,26540.453542041,26540.453783644,26540.466793539,0.07305033432203345,0.019795999833149835,0.09284633415518329,9.28481699884287,0.24160300017683767,13.009894999413518,22.62916133258841
0,384,26540.477497711,26540.477568807,26540.477588668,26540.486774708,26540.487014552,26540.500306605,0.07109600119292736,0.019860999600496143,0.0909570007934235,9.186039998894557,0.23984400104382075,13.292053001350723,22.808894002082525
0,385,26540.510831044332,26540.510902427,26540.510922279,26540.520181329,26540.520419524,26540.533601781,0.07138266664696857,0.019852002878906205,0.09123466952587478,9.259049998945557,0.23819499983801506,13.182257000153186,22.770736668462632
0,386,26540.544164377665,26540.544236761,26540.544257604,26540.553553626,26540.553824127,26540.567427107,0.07238333637360483,0.02084299921989441,0.09322633559349924,9.296021999034565,0.27050100106862374,13.602979997813236,23.262729333509924
0,387,26540.577497711,26540.577569817,26540.577590326,26540.586802986,26540.587035126,26540.600346551,0.072105998697225,0.020509000023594126,0.09261499872081913,9.21265999932075,0.23213999884319492,13.311425002029864,22.848839998914627
0,388,26540.610831044334,26540.610902641,26540.610922521,26540.620267608,26540.62054109,26540.633808468,0.07159666711231694,0.019879997125826776,0.09147666423814371,9.345087000838248,0.27348200092092156,13.267377999000018,22.977423664997332
0,389,26540.644164377667,26540.644237215,26540.644257021,26540.65352195,26540.653755053,26540.666957652,0.07283733430085704,0.019805996998911723,0.09264333129976876,9.264929001801647,0.23310300093726255,13.20259899875964,22.79327433279832
0,390,26540.677497711,26540.67757178,26540.677646216,26540.687217831,26540.687457026,26540.701001683,0.0740690011298284,0.0744360004318878,0.1485050015617162,9.571614999003941,0.23919500017655082,13.544656998419669,23.503971999161877
0,391,26540.710831044333,26540.711096745,26540.711152013,26540.720459396,26540.72073298,26540.733964312,0.2657006662047934,0.05526799941435456,0.32096866561914794,9.307383003033465,0.273583998932736,13.23133199912263,23.13326766670798
0,392,26540.744164377666,26540.744468134,26540.744736635,26540.75429412,26540.754533361,26540.767809832,0.303756332868943,0.2685010003915522,0.5722573332604952,9.557485002005706,0.2392409987805877,13.276470999699086,23.645454333745874
0,393,26540.777497711,26540.77757692,26540.777804005,26540.787324915,26540.787608935,26540.8011361,0.07920900316094048,0.22708499818691052,0.306294001347851,9.520909999992,0.28401999952620827,13.527164999686647,23.638389000552706
0,394,26540.810831044335,26540.811106476,26540.81134394,26540.820858851,26540.821098167,26540.834354376,0.27543166652321815,0.23746399892843328,0.5128956654516514,9.514910998404957,0.2393160029896535,13.25620899660862,23.523331663454883
0,395,26540.844164377668,26540.844298484,26540.844555669,26540.854107618,26540.854347258,26540.867627153,0.13410633255261928,0.2571849981904961,0.3912913307431154,9.551949002343463,0.23963999774423428,13.279894999868702,23.462775330699515
0,396,26540.877497711,26540.877757928,26540.878001123,26540.887575358,26540.887815062,26540.901193755,0.26021699886769056,0.24319500153069384,0.5034120003983844,9.574234998581233,0.23970400070538744,13.37869299823069,23.696043997915694
0,397,26540.910831044333,26540.911114639,26540.911369289,26540.920851338,26540.921105256,26540.937106716,0.28359466523397714,0.2546499999880325,0.5382446652220096,9.482049001235282,0.2539179986342788,16.00146000055247,26.27567166564404
0,398,26540.944164377666,26540.944452989,26540.944706676,26540.954252022,26540.954516245,26540.966017292,0.2886113325075712,0.2536870015319437,0.5422983340395149,9.545345998049015,0.2642230028868653,11.501046999910614,21.85291433488601
0,399,26540.977497711,26540.977784999,26540.978041389,26540.987514966,26540.987752892,26540.999498144,0.28728799952659756,0.2563900015957188,0.5436780011223163,9.473576999880606,0.2379260004090611,11.745251998945605,22.00043300035759
0,400,26541.010831044332,26541.011105367,26541.011330988,26541.020821547,26541.021054428,26541.032780707,0.2743226687016431,0.22562099911738187,0.499943667819025,9.490559001278598,0.2328810005565174,11.72627899723011,21.94966266688425
0,401,26541.044164377665,26541.044244199,26541.044457986,26541.053977435,26541.054034046,26541.064372062,0.07982133683981374,0.2137869996658992,0.29360833650571294,9.519448998617008,0.05661099930875935,10.338015999877825,20.207684334309306
0,402,26541.077497711,26541.077567643,26541.077776746,26541.087248435,26541.087484732,26541.097836193,0.0699319971317891,0.20910300008836202,0.2790349972201511,9.471689001657069,0.2362970008107368,10.351460998208495,20.33848199789645
0,403,26541.110831044334,26541.1111032,26541.111343395,26541.120880658,26541.12113039,26541.131626694,0.27215566660743207,0.24019500051508658,0.5123506671225186,9.537262998492224,0.24973200197564438,10.496303999389056,20.795649666979443
0,404,26541.144164377667,26541.144450636,26541.144725229,26541.154289872,26541.154537733,26541.16480838,0.28625833147088997,0.2745930032688193,0.5608513347397093,9.564642998157069,0.24786100038909353,10.2706469988334,20.64400233211927
0,405,26541.177497711,26541.177784246,26541.178017506,26541.187487112,26541.187735891,26541.19812074,0.2865349997591693,0.2332600015506614,0.5197950013098307,9.469606000493513,0.24877899704733863,10.384848999819951,20.623028998670634
0,406,26541.210831044333,26541.211117959,26541.211367553,26541.220929187,26541.221182558,26541.231404704,0.286914666503435,0.24959400252555497,0.53650866902899,9.561633996781893,0.2533710030547809,10.222146000160137,20.5736596690258
0,407,26541.244164377666,26541.24446208,26541.244703618,26541.254281437,26541.254517624,26541.264617694,0.2977023359562736,0.24153799677151255,0.5392403327277862,9.577819000696763,0.23618699924554676,10.100070001499262,20.453316334169358
0,408,26541.277497711,26541.277586209,26541.277804006,26541.28737539,26541.287445344,26541.297364192,0.08849799996824004,0.21779700182378292,0.30629500179202296,9.571383998263627,0.0699540032655932,9.918847998051206,19.86648100137245
0,409,26541.310831044335,26541.310923404,26541.310998192,26541.320604881,26541.320674658,26541.33051734,0.09235966354026459,0.07478800034732558,0.16714766388759017,9.606689000065671,0.06977700104471296,9.842682000453351,19.686295665451325
0,410,26541.344164377668,26541.344238849,26541.344264303,26541.353621815,26541.353861992,26541.363936007,0.07447133248206228,0.025453999114688486,0.09992533159675077,9.35751200086088,0.2401769997959491,10.074015001009684,19.771629333263263
0,411,26541.377497711,26541.377564275,26541.377788508,26541.387294113,26541.38754216,26541.397961556,0.06656400000792928,0.22423300106311217,0.29079700107104145,9.505604997684713,0.2480469993315637,10.419395999633707,20.463844997721026
0,412,26541.410831044333,26541.410903118,26541.411128692,26541.420720493,26541.42095029,26541.431120593,0.07207366797956638,0.22557400006917305,0.29764766804873943,9.591800997441169,0.22979700224823318,10.170302997721592,20.289548665459733
0,413,26541.444164377666,26541.444233627,26541.444446313,26541.453990577,26541.454219633,26541.464638353,0.06924933404661715,0.21268599812174216,0.2819353321683593,9.544264001306146,0.2290560005349107,10.41872000132571,20.473975335335126
0,414,26541.477497711,26541.477566479,26541.477782295,26541.487269679,26541.48750866,26541.498370725,0.06876800034660846,0.21581600231002085,0.2845840026566293,9.487383998930454,0.23898099971120246,10.862064998946153,20.87301400024444
0,415,26541.510831044332,26541.511119286,26541.511381037,26541.520911309,26541.521170856,26541.531896994,0.2882416665670462,0.2617509999254253,0.5499926664924715,9.530272000120021,0.2595469995867461,10.726138003519736,21.065949669718975
0,416,26541.544164377665,26541.544462694,26541.544711666,26541.554310263,26541.554562504,26541.565260392,0.2983163358294405,0.24897199909901246,0.547288334928453,9.598597000149311,0.2522409995435737,10.69788799941307,21.096014334034408
0,417,26541.577497711,26541.577806155,26541.578057119,26541.587662688,26541.587923522,26541.598496881,0.3084439995291177,0.2509639998606872,0.5594079993898049,9.605569000996184,0.2608340000733733,10.573358998954063,20.999169999413425
0,418,26541.610831044334,26541.611108811,26541.611343359,26541.620905511,26541.621161188,26541.631729574,0.2777666668407619,0.23454799884348176,0.5123146656842437,9.562152001308277,0.2556769977672957,10.56838600197807,20.898529666737886
0,419,26541.644164377667,26541.644457153,26541.644726821,26541.654334167,26541.654573789,26541.665298139,0.2927753339463379,0.2696679985092487,0.5624433324555866,9.607346000848338,0.2396220006630756,10.72434999878169,21.13376133274869
0,420,26541.677497711,26541.677579207,26541.677801448,26541.687272442,26541.687523119,26541.698530054,0.08149600034812465,0.22224100030143745,0.3037370006495621,9.470993998547783,0.2506769997125957,11.00693500120542,21.03234300011536
0,421,26541.710831044333,26541.711114392,26541.711386365,26541.720967943,26541.721220555,26541.731772496,0.28334766830084845,0.2719730000535492,0.5553206683543976,9.581578000506852,0.2526119969843421,10.551941002631793,20.941451668477384
0,422,26541.744164377666,26541.744451261,26541.744698771,26541.754260589,26541.754498146,26541.765216904,0.2868833362299483,0.2475099972798489,0.5343933335097972,9.561818002111977,0.23755700021865778,10.71875799971167,21.052526335552102
0,423,26541.777497711,26541.777785584,26541.778029936,26541.787625523,26541.787870497,26541.798912209,0.28787300107069314,0.24435199884464964,0.5322249999153428,9.595587001967942,0.24497399863321334,11.041712001315318,21.414498001831817
0,424,26541.810831044335,26541.811119407,26541.811379926,26541.820935069,26541.821224839,26541.832262802,0.28836266574217007,0.26051899840240367,0.5488816641445737,9.555143002216937,0.28976999965379946,11.037962998670992,21.4317576646863
0,425,26541.844164377668,26541.844456435,26541.84468926,26541.854298505,26541.854531404,26541.865580015,0.2920573315350339,0.23282500114873983,0.5248823326837737,9.609245000319788,0.23289899763767608,11.048611002479447,21.415637333120685
0,426,26541.877497711,26541.877573471,26541.87778338,26541.887287356,26541.887523366,26541.89872995,0.07575999916298315,0.2099090015690308,0.28566900073201396,9.50397599808639,0.23601000066264533,11.206584000319708,21.232238999800757
0,427,26541.910831044333,26541.911106204,26541.91135951,26541.920936959,26541.921181821,26541.933326241,0.27515966576174833,0.25330599964945577,0.5284656654112041,9.577449000062188,0.24486199981765822,12.144420001277467,22.495196666568518
0,428,26541.944164377666,26541.944462029,26541.944709845,26541.954248755,26541.954503016,26541.965628312,0.297651335131377,0.2478159985912498,0.5454673337226268,9.538909998809686,0.2542610018281266,11.1252959977719,21.46393433213234
0,429,26541.977497711,26541.977796029,26541.978061993,26541.987612209,26541.987862396,26541.99928736,0.29831800202373415,0.2659639976627659,0.5642819996865001,9.550216000207001,0.25018700034706853,11.424963999161264,21.789648999401834
0,430,26542.010831044332,26542.011131094,26542.011398622,26542.020904913,26542.02115722,26542.032701138,0.3000496690219734,0.2675279974937439,0.5675776665157173,9.50629100043443,0.25230699975509197,11.543918000825215,21.870093667530455
0,431,26542.044164377665,26542.044451177,26542.044682539,26542.054239312,26542.05447346,26542.065930147,0.2867993352992926,0.23136199888540432,0.5181613341846969,9.556773002259433,0.23414799943566322,11.456686999736121,21.765769335615914
0,432,26542.077497711,26542.077576917,26542.077811066,26542.087328673,26542.087567822,26542.099297619,0.07920599819044583,0.23414899987983517,0.313354998070281,9.517606998997508,0.23914900157251395,11.729796999134123,21.799907997774426
0,433,26542.110831044334,26542.111107807,26542.111341549,26542.120909544,26542.121167776,26542.132789426,0.27676266472553834,0.2337420010007918,0.5105046657263301,9.567994999088114,0.2582320012152195,11.621649999142392,21.958381665172055
0,434,26542.144164377667,26542.14445078,26542.14469815,26542.15432198,26542.15457098,26542.165991398,0.2864023335860111,0.2473700005793944,0.5337723341654055,9.623829999327427,0.24900000062189065,11.420417999033816,21.82702033314854
0,435,26542.177497711,26542.177783761,26542.178030466,26542.187526655,26542.187763332,26542.199666555,0.28604999897652306,0.24670499988133088,0.5327549988578539,9.496189002675237,0.23667699861107394,11.903222999535501,22.168843999679666
0,436,26542.210831044333,26542.211116649,26542.211365122,26542.220926959,26542.221214599,26542.232779416,0.28560466671478935,0.24847299937391654,0.5340776660887059,9.561836999637308,0.28764000308001414,11.564816999452887,21.948371668258915
0,437,26542.244164377666,26542.244453305,26542.244727417,26542.254265051,26542.254341708,26542.265611477,0.2889273346227128,0.27411200062488206,0.5630393352475949,9.537633999570971,0.07665700104553252,11.269768998317886,21.447099334181985
0,438,26542.277497711,26542.277575192,26542.277782637,26542.287231279,26542.287285427,26542.298519586,0.0774810032453388,0.2074449985229876,0.2849260017683264,9.448641998460516,0.05414800034486689,11.234158999286592,21.0218749998603
0,439,26542.310831044335,26542.311098516,26542.311343155,26542.320836465,26542.320918659,26542.332382096,0.2674716633919161,0.24463900263071992,0.512110666022636,9.493310000834754,0.0821939975139685,11.463437000202248,21.551051664573606
0,440,26542.344164377668,26542.344445228,26542.344694655,26542.354243325,26542.354492881,26542.366395708,0.28085033045499586,0.24942700110841542,0.5302773315634113,9.54867000109516,0.2495560001989361,11.902826998266391,22.2313303311239
0,441,26542.377497711,26542.377791959,26542.378060182,26542.387573314,26542.387816556,26542.400147402,0.29424799868138507,0.2682230006030295,0.5624709992844146,9.513132001302438,0.24324200057890266,12.330845998803852,22.649690999969607
0,442,26542.410831044333,26542.411126216,26542.411375809,26542.420922045,26542.42117286,26542.433333114,0.2951716669485904,0.2495929984434042,0.5447646653919946,9.54623600046034,0.2508149991626851,12.160254002083093,22.502069667098112
0,443,26542.444164377666,26542.444454392,26542.444687346,26542.454245962,26542.454480054,26542.466574475,0.29001433358644135,0.2329540002392605,0.5229683338257018,9.558615998685127,0.23409200002788566,12.094420999346767,22.41009733188548
0,444,26542.477497711,26542.477577835,26542.477799077,26542.48728635,26542.48757349,26542.499946049,0.08012400212464854,0.22124200040707365,0.3013660025317222,9.487272996921092,0.28714000291074626,12.372558998322347,22.448338000685908
0,445,26542.510831044332,26542.5111068,26542.511341134,26542.520917749,26542.521178324,26542.533487207,0.27575566855375655,0.2343339983781334,0.51008966693189,9.57661500069662,0.26057500144816004,12.30888300051447,22.65616266959114
0,446,26542.544164377665,26542.544457717,26542.544730198,26542.554320101,26542.554565019,26542.566939893,0.29333933343878016,0.27248100013821386,0.565820333576994,9.58990300205187,0.24491799922543578,12.374874000670388,22.775515335524688
0,447,26542.577497711,26542.577837412,26542.578095134,26542.587631092,26542.58788938,26542.600109374,0.3397009968466591,0.2577220002422109,0.59742299708887,9.535958000924438,0.25828800062299706,12.21999400149798,22.611663000134286
0,448,26542.610831044334,26542.611107504,26542.611340792,26542.620952833,26542.621208899,26542.63369444,0.2764596647466533,0.23328799943556078,0.5097476641822141,9.612041001673788,0.2560659995651804,12.485540999477962,22.863395664899144
0,449,26542.644164377667,26542.644447828,26542.644680033,26542.654282426,26542.654519232,26542.667040005,0.2834503320627846,0.23220500224852003,0.5156553343113046,9.602392998203868,0.2368060013395734,12.520772997959284,22.87562733181403
0,450,26542.677497711,26542.677576633,26542.677799616,26542.687305508,26542.687555305,26542.700070792,0.07892199937487021,0.22298300245893188,0.3019050018338021,9.505891997832805,0.2497970017429907,12.515487000200665,22.573081001610262
0,451,26542.710831044333,26542.711104661,26542.71136656,26542.720949204,26542.721237881,26542.733990322,0.2736166679824237,0.2618990001792554,0.5355156681616791,9.582643997418927,0.288677001663018,12.752441001794068,23.159277669037692
0,452,26542.744164377666,26542.744450347,26542.744697579,26542.754267936,26542.754518751,26542.767018701,0.2859693340724334,0.247232001129305,0.5332013352017384,9.570357000484364,0.2508149991626851,12.499950000346871,22.85432333519566
0,453,26542.777497711,26542.777792384,26542.77806495,26542.787602612,26542.787887131,26542.800821276,0.29467300191754475,0.27256599787506275,0.5672389997926075,9.53766200109385,0.2845189992513042,12.934145001054276,23.323565001192037
0,454,26542.810831044335,26542.811116977,26542.811364728,26542.820922177,26542.82117602,26542.833613914,0.28593266688403673,0.2477509988239035,0.5336836657079402,9.55744900056743,0.25384299806319177,12.43789400177775,22.782869666116312
0,455,26542.844164377668,26542.844462987,26542.844741386,26542.854393066,26542.85463253,26542.867335341,0.29860933136660606,0.27839900212711655,0.5770083334937226,9.651680000388296,0.2394639996055048,12.70281100005377,23.170963333541295
0,456,26542.877497711,26542.877578088,26542.877791274,26542.887262935,26542.887523353,26542.900339757,0.08037699808483012,0.21318600192898884,0.29356300001381896,9.47166100013419,0.2604180008347612,12.816403999750037,22.842046000732807
0,457,26542.910831044333,26542.910943829,26542.911168201,26542.920733362,26542.920981918,26542.936652303,0.11278466627118178,0.22437200095737353,0.3371566672285553,9.565160999045474,0.24855599986040033,15.67038500070339,25.82125866683782
0,458,26542.944164377666,26542.944240773,26542.944463505,26542.954085825,26542.954145139,26542.966272216,0.07639533214387484,0.22273200011113659,0.2991273322550114,9.622320001653861,0.059313999372534454,12.12707699960447,22.107838332885876
0,459,26542.977497711,26542.977571606,26542.977792328,26542.987313295,26542.987368017,26542.999468242,0.073895000241464,0.22072200226830319,0.2946170025097672,9.52096699984395,0.05472199700307101,12.10022500163177,21.970531000988558
0,460,26543.010831044332,26543.010903317,26543.011109003,26543.020642118,26543.020694655,26543.032847417,0.0722726690582931,0.20568599938997068,0.2779586684482638,9.53311500052223,0.05253699782770127,12.152761999459472,22.016372666257666
0,461,26543.044164377665,26543.044233251,26543.044442983,26543.054015997,26543.054262025,26543.067231734,0.068873334384989,0.20973199934815057,0.27860533373313956,9.573014001944102,0.24602800112916157,12.969708997843554,23.067356334649958
0,462,26543.077497711,26543.07761725,26543.07784101,26543.087361616,26543.087597005,26543.100551706,0.11953899957006797,0.22375999833457172,0.3432989979046397,9.520605999568943,0.23538900131825358,12.954701000126079,23.053994998917915
0,463,26543.110831044334,26543.110907712,26543.111122647,26543.120668355,26543.120923004,26543.133567536,0.07666766759939492,0.21493499662028626,0.2916026642196812,9.545708002406172,0.25464899954386055,12.644531998375896,22.73649166454561
0,464,26543.144164377667,26543.144437322,26543.144705758,26543.154338651,26543.154583624,26543.167308212,0.27294433311908506,0.2684360006242059,0.541380333743291,9.632892997615272,0.2449730018270202,12.724587999400683,23.143834332586266
0,465,26543.177497711,26543.177785145,26543.178018424,26543.187604465,26543.187841391,26543.200508749,0.28743399889208376,0.23327900271397084,0.5207130016060546,9.586041000147816,0.23692600007052533,12.667357997997897,23.011037999822292
0,466,26543.210831044333,26543.210908894,26543.211130525,26543.220672085,26543.220905067,26543.23382512,0.07784966874169186,0.22163099856697954,0.2994806673086714,9.5415600007982,0.23298199812415987,12.92005300274468,22.99407566897571
0,467,26543.244164377666,26543.244458794,26543.244735471,26543.254357309,26543.254625698,26543.267102212,0.2944163352367468,0.27667699760058895,0.5710933328373358,9.62183800220373,0.2683889979380183,12.476514002628392,22.937834335607477
0,468,26543.277497711,26543.277781637,26543.278027507,26543.287535512,26543.287788781,26543.300675537,0.28392600142979063,0.24587000007159077,0.5297960015013814,9.508005001407582,0.25326899776700884,12.886756001535105,23.177826002211077
0,469,26543.310831044335,26543.311111536,26543.311369841,26543.320957651,26543.3211983,26543.332459698,0.2804916657623835,0.2583050008979626,0.5387966666603461,9.587810000084573,0.24064899844233878,11.261397998168832,21.62865366335609
0,470,26543.344164377668,26543.344448044,26543.344693749,26543.354332151,26543.354588245,26543.364673936,0.28366633341647685,0.24570499954279512,0.529371332959272,9.638401999836788,0.2560940010880586,10.085690999403596,20.509558333287714
0,471,26543.377497711,26543.37778685,26543.378034009,26543.387615197,26543.387872161,26543.397781111,0.289138999505667,0.2471590014465619,0.5362980009522289,9.581187998264795,0.2569640018919017,9.90894999995362,20.283400001062546
0,472,26543.410831044333,26543.41110986,26543.411346963,26543.420917902,26543.421170736,26543.430971778,0.2788156671158504,0.23710299865342677,0.5159186657692771,9.570939000695944,0.2528340010030661,9.8010420006176,20.140733668085886
0,473,26543.444164377666,26543.444463981,26543.444734259,26543.45435155,26543.454638486,26543.464714742,0.2996033326780889,0.27027800024370663,0.5698813329217955,9.617291001632111,0.2869359996111598,10.076255999592831,20.550364333757898
0,474,26543.477497711,26543.477790665,26543.478052092,26543.487590717,26543.48766592,26543.49751337,0.2929540023615118,0.2614269978948869,0.5543810002563987,9.538624999549938,0.07520300277974457,9.847449997323565,20.015658999909647
0,475,26543.510831044332,26543.510909017,26543.511126166,26543.520695772,26543.520947393,26543.530954991,0.07797266880515963,0.21714899776270613,0.29512166656786576,9.56960600160528,0.2516210006433539,10.007598000811413,20.123946669627912
0,476,26543.544164377665,26543.544463231,26543.544733611,26543.554356319,26543.554646978,26543.564808308,0.2988533342431765,0.27038000189349987,0.5692333361366764,9.622707999369595,0.29065899798297323,10.161330003029434,20.64393033651868
0,477,26543.577497711,26543.577793286,26543.578046953,26543.58753878,26543.587781828,26543.59759586,0.29557499874499626,0.2536669999244623,0.5492419986694586,9.491827000601916,0.24304799808305688,9.814032000576844,20.098148997931276
0,478,26543.610831044334,26543.611117581,26543.611364414,26543.620993077,26543.621262928,26543.631457166,0.28653666595346294,0.2468329985276796,0.5333696644811425,9.628662999602966,0.26985100339516066,10.194237998803146,20.626121666282415
0,479,26543.644164377667,26543.644457736,26543.644710663,26543.654392307,26543.6546379,26543.664708433,0.2933583346020896,0.25292699865531176,0.5462853332574014,9.681643998192158,0.24559300072724,10.070533000543946,20.544055332720745
0,480,26543.677497711,26543.677800365,26543.67807569,26543.687649935,26543.687895121,26543.698296109,0.30265399982454255,0.2753250009845942,0.5779790008091368,9.574244999384973,0.2451859982102178,10.400988001492806,20.798397999897134
0,481,26543.710831044333,26543.710910261,26543.711142623,26543.72071421,26543.720960249,26543.731038837,0.07921666838228703,0.23236199922394007,0.3115786676062271,9.571587001119042,0.2460389987390954,10.07858799857786,20.207792666042224
0,482,26543.744164377666,26543.744457169,26543.744729068,26543.75432596,26543.754612461,26543.764698226,0.2927913337771315,0.27189899992663413,0.5646903337037656,9.596891999535728,0.286501002847217,10.085764999530511,20.533848335617222
0,483,26543.777497711,26543.777790686,26543.778059955,26543.787544783,26543.787811922,26543.798340846,0.29297500077518634,0.26926899954560213,0.5622440003207885,9.484828002314316,0.267138999333838,10.528923998208484,20.843135000177426
0,484,26543.810831044335,26543.811133027,26543.811402908,26543.820946273,26543.821192626,26543.831912727,0.3019826654053759,0.26988099853042513,0.571863663935801,9.543365002173232,0.2463529999658931,10.720100999606075,21.081682665681
0,485,26543.844164377668,26543.844297092,26543.844544565,26543.854108282,26543.854362755,26543.86523055,0.13271433272166178,0.24747299903538078,0.38018733175704256,9.563717001583427,0.25447299776715226,10.867795001104241,21.066172332211863
0,486,26543.877497711,26543.877607167,26543.877679861,26543.887129068,26543.887189865,26543.89810205,0.10945599933620542,0.07269400157383643,0.18215000091004185,9.44920699839713,0.06079699960537255,10.912185000051977,20.604338998964522
0,487,26543.910831044333,26543.910918398,26543.911134639,26543.920686718,26543.92091731,26543.931670902,0.08735366645851173,0.21624099827022292,0.30359466472873464,9.552079001878155,0.23059199884301051,10.753591999673517,20.839857665123418
0,488,26543.944164377666,26543.944243509,26543.944456705,26543.953996995,26543.954052922,26543.96505481,0.07913133231340908,0.21319600273272954,0.2923273350461386,9.540289996948559,0.05592700108536519,11.001888000464533,20.890432333544595
0,489,26543.977497711,26543.977565482,26543.977786723,26543.987267032,26543.987319838,26543.998210939,0.06777100134058855,0.2212409999629017,0.28901200130349025,9.480308999627596,0.05280600089463405,10.891100999288028,20.713228001113748
0,490,26544.010831044332,26544.010928658,26544.011147205,26544.020697042,26544.020924163,26544.032083636,0.09761366891325451,0.21854700025869533,0.31616066917194985,9.549836999212857,0.2271209996251855,11.15947300058906,21.252591668599052
0,491,26544.044164377665,26544.044238945,26544.04445114,26544.054113931,26544.05434221,26544.06550171,0.07456733510480262,0.21219499831204303,0.28676233341684565,9.662791002483573,0.22827900102129206,11.159499998029787,21.337332334951498
0,492,26544.077497711,26544.077565408,26544.077775501,26544.0872567,26544.087486913,26544.098744035,0.0676969975756947,0.21009299962315708,0.2777899971988518,9.48119900203892,0.2302129978488665,11.257122001552489,21.246323998639127
0,493,26544.110831044334,26544.110897343,26544.111105576,26544.120631923,26544.120855664,26544.131984145,0.06629866402363405,0.2082330029224977,0.27453166694613174,9.526346999336965,0.2237410008092411,11.128480997285806,21.153100664378144
0,494,26544.144164377667,26544.14423201,26544.144439632,26544.154043812,26544.15426934,26544.165600684,0.06763233250239864,0.20762200074386783,0.27525433324626647,9.604179998859763,0.22552800146513619,11.33134399788105,21.436306331452215
0,495,26544.177497711,26544.177564965,26544.17777152,26544.1872687,26544.187515137,26544.198816665,0.06725400089635514,0.20655499974964187,0.273809000645997,9.497179999016225,0.24643700089654885,11.301528000331018,21.31895400088979
0,496,26544.210831044333,26544.210898723,26544.211107372,26544.220640312,26544.220868035,26544.232029091,0.06767866580048576,0.20864900216110982,0.2763276679615956,9.532939999189693,0.22772300144424662,11.161055997945368,21.198046666540904
0,497,26544.244164377666,26544.244232001,26544.244440836,26544.253963729,26544.254193304,26544.265482249,0.0676233357808087,0.2088349974656012,0.2764583332464099,9.522893000394106,0.22957500186748803,11.288944999250816,21.31787133475882
0,498,26544.277497711,26544.277565705,26544.277774799,26544.287261867,26544.287489896,26544.298636359,0.06799400216550566,0.20909399972879328,0.27708800189429894,9.487068000453291,0.22802899911766872,11.146462999022333,21.138648000487592
0,499,26544.310831044335,26544.310911076,26544.311113984,26544.320728451,26544.320785886,26544.332220007,0.08003166658454575,0.20290799875510857,0.2829396653396543,9.614466998755233,0.05743500150856562,11.434120999183506,21.38896266478696
0,500,26544.344164377668,26544.344268529,26544.344330066,26544.35261514,26544.352708714,26544.36383388,0.10415133147034794,0.06153700087452307,0.16568833234487101,8.285074000013992,0.09357399903819896,11.125166001875186,19.66950233327225
0,501,26544.377497711,26544.377590286,26544.377819879,26544.387346828,26544.387588458,26544.399307442,0.09257499914383516,0.2295929989486467,0.32216799809248187,9.526949001156026,0.2416300012555439,11.718983998434851,21.809730998938903
0,502,26544.410831044333,26544.410901118,26544.411122388,26544.420656225,26544.420898448,26544.432165142,0.07007366730249487,0.22126999829197302,0.2913436655944679,9.533837001072243,0.24222299907705747,11.26669400036917,21.33409766611294
0,503,26544.444164377666,26544.444235043,26544.444454711,26544.45401653,26544.454261159,26544.465734189,0.07066533362376504,0.21966799977235496,0.29033333339612,9.56181899891817,0.24462900182697922,11.473030001070583,21.569811335211853
0,504,26544.477497711,26544.47756732,26544.477788015,26544.487255555,26544.487485362,26544.499045011,0.06960899918340147,0.22069500118959695,0.2903040003729984,9.467539999604924,0.22980699941399507,11.559649003174854,21.54730000256677
0,505,26544.510831044332,26544.510898458,26544.511153337,26544.520682156,26544.520930037,26544.532633974,0.06741366814821959,0.2548789998400025,0.3222926679882221,9.528818998660427,0.24788100199657492,11.703936997946585,21.802929666591808
0,506,26544.544164377665,26544.544231984,26544.544451142,26544.554013266,26544.554252295,26544.56579762,0.06760633550584316,0.2191579987993464,0.28676433430518955,9.562123999785399,0.23902900284156203,11.545324996404815,21.633242333336966
0,507,26544.577497711,26544.57761916,26544.577850281,26544.587363924,26544.587602573,26544.599408687,0.12144900028943084,0.23112099734134972,0.35256999763078056,9.513643002719618,0.23864899776526727,11.806114001956303,21.91097600007197
0,508,26544.610831044334,26544.610909253,26544.611125068,26544.620713591,26544.620946832,26544.632801983,0.07820866449037567,0.2158150018658489,0.29402366635622457,9.588523000275018,0.23324100038735196,11.855150998599129,21.970938665617723
0,509,26544.644164377667,26544.644231605,26544.644449438,26544.654067582,26544.654304768,26544.666213187,0.06722733451169915,0.2178329996240791,0.28506033413577825,9.61814399852301,0.23718599913991056,11.90841900097439,22.04880933277309
0,510,26544.677497711,26544.677563522,26544.677769448,26544.68725636,26544.687486425,26544.699318344,0.06581100024050102,0.20592600048985332,0.27173700073035434,9.486912000284065,0.2300649975950364,11.831919000542257,21.820632999151712
0,511,26544.710831044333,26544.710899762,26544.711109356,26544.72064398,26544.720872231,26544.732706771,0.06871766890981235,0.20959399989806116,0.2783116688078735,9.534623997751623,0.22825099949841388,11.83454000056372,21.87572666662163
0,512,26544.744164377666,26544.744231855,26544.744437662,26544.753996036,26544.75422262,26544.76592415,0.06747733277734369,0.20580700220307335,0.27328433498041704,9.55837400033488,0.2265839975734707,11.701530002028449,21.759772334917216
0,513,26544.777497711,26544.777565476,26544.777778847,26544.787307452,26544.787556231,26544.79967943,0.06776500231353566,0.21337100042728707,0.28113600274082273,9.528604998195078,0.24877900068531744,12.1231990015076,22.18171900312882
0,514,26544.810831044335,26544.810954865,26544.811187033,26544.820793722,26544.821025713,26544.832957225,0.12382066415739246,0.2321680003660731,0.35598866452346556,9.606689000065671,0.23199100178317167,11.931511999137001,22.12618066550931
0,515,26544.844164377668,26544.844242949,26544.844299828,26544.853912722,26544.854208797,26544.866165309,0.07857133095967583,0.05687900193152018,0.135450332891196,9.612893998564687,0.29607500255224295,11.956511996686459,22.000931330694584
0,516,26544.877497711,26544.877580218,26544.877795616,26544.887366991,26544.887603825,26544.899573532,0.08250699829659425,0.21539800218306482,0.29790500047965907,9.571374997904059,0.2368339992244728,11.969707000389462,22.075820997997653
0,517,26544.910831044333,26544.910918144,26544.911131218,26544.920666547,26544.920915278,26544.932907309,0.08709966641617939,0.2130739994754549,0.3001736658916343,9.53532900166465,0.24873099755495787,11.99203100259183,22.07626466770307
0,518,26544.944164377666,26544.944231985,26544.944454884,26544.953973564,26544.954211518,26544.965973881,0.0676073323120363,0.22289900152827613,0.29050633384031244,9.518679999018786,0.23795400193193927,11.762362999434117,21.809503334225155
0,519,26544.977497711,26544.977564873,26544.977791457,26544.987268849,26544.987510211,26544.999700668,0.0671620000503026,0.2265840012114495,0.2937460012617521,9.477391999098472,0.24136200227076188,12.190456996904686,22.202956999535672
0,520,26545.010831044332,26545.010898974,26545.011111586,26545.020631024,26545.020859747,26545.032857546,0.06792966814828105,0.2126120016328059,0.28054166978108697,9.519437997369096,0.22872300178278238,11.99779899980058,22.026501668733545
0,521,26545.044164377665,26545.044230816,26545.044450973,26545.054056218,26545.0543017,26545.066353471,0.06643833694397472,0.2201569986937102,0.2865953356376849,9.605244998965645,0.24548200235585682,12.051770998368738,22.189093335327925
0,522,26545.077497711,26545.077564008,26545.077816491,26545.087316337,26545.087550014,26545.099805915,0.0662969978293404,0.25248300153180026,0.31877999936114065,9.499846000835532,0.23367699759546667,12.255901001481107,22.308203999273246
0,523,26545.110831044334,26545.110899924,26545.11111411,26545.120693882,26545.12092355,26545.133102377,0.06887966446811333,0.2141860022675246,0.28306566673563793,9.579771998687647,0.2296679995197337,12.17882700075279,22.27133266569581
0,524,26545.144164377667,26545.144231163,26545.144459026,26545.154045391,26545.154273844,26545.166185838,0.06678533463855274,0.22786299814470112,0.29464833278325386,9.586364998540375,0.22845300190965645,11.911993999092374,22.02146033232566
0,525,26545.177497711,26545.177565487,26545.177785227,26545.187296324,26545.187537038,26545.200024181,0.0677759999234695,0.2197399990109261,0.2875159989343956,9.511096999631263,0.2407140018476639,12.48714299799758,22.526469998410903
0,526,26545.210831044333,26545.210897514,26545.211107422,26545.220609556,26545.220839668,26545.233437163,0.06646966721746139,0.20990800112485886,0.27637766834232025,9.502133998466888,0.23011200028122403,12.597494998772163,22.606118665862596
0,527,26545.244164377666,26545.244230653,26545.244446367,26545.254041658,26545.254275391,26545.266329746,0.06627533366554417,0.2157140006602276,0.2819893343257718,9.595291001460282,0.23373299700324424,12.054355000145733,22.16536833293503
0,528,26545.277497711,26545.277564218,26545.277778117,26545.287274649,26545.287333724,26545.29906378,0.06650700015597977,0.21389900211943313,0.2804060022754129,9.496531998593127,0.059075002354802564,11.730055997759337,21.56606900098268
0,529,26545.310831044335,26545.310898024,26545.31110809,26545.320666029,26545.320718196,26545.332116993,0.06697966455249116,0.21006600218242966,0.2770456667349208,9.557938999932958,0.05216699719312601,11.398796999856131,21.285948663717136
0,530,26545.344164377668,26545.344230839,26545.34444783,26545.354079178,26545.354155678,26545.366500968,0.06646133260801435,0.21699100034311414,0.2834523329511285,9.631347998947604,0.07650000043213367,12.345290000666864,22.33659033299773
0,531,26545.377497711,26545.377564135,26545.377591358,26545.387078112,26545.387150269,26545.399105115,0.06642399966949597,0.027222999051446095,0.09364699872094207,9.486753999226494,0.07215700316010043,11.954845998843666,21.607403999951202
0,532,26545.410831044333,26545.410899135,26545.410921256,26545.420423779,26545.420477547,26545.432780357,0.0680906669003889,0.022120999346952885,0.09021166624734178,9.502523000264773,0.05376799890655093,12.302810002438491,21.949312667857157
0,533,26545.444164377666,26545.444275793,26545.444332543,26545.453894511,26545.453962066,26545.466229774,0.11141533468617126,0.05674999920302071,0.16816533388919197,9.561967999616172,0.06755499998689629,12.267707999853883,22.065396333346143
0,534,26545.477497711,26545.477573692,26545.47760271,26545.487164696,26545.487262678,26545.499731191,0.07598099909955636,0.029018003260716796,0.10499900236027315,9.56198599669733,0.09798200335353613,12.468512999475934,22.233480001887074
0,535,26545.510831044332,26545.510898563,26545.510924859,26545.52045064,26545.52050891,26545.532595691,0.06751866749254987,0.02629600203363225,0.09381466952618212,9.52578099895618,0.05827000131830573,12.086780996469315,21.764646666269982
0,536,26545.544164377665,26545.544271664,26545.544325859,26545.553808835,26545.553866641,26545.566495896,0.10728633424150757,0.054194999393075705,0.16148133363458328,9.482976001891075,0.057805998949334025,12.629255001229467,22.33151833570446
0,537,26545.577497711,26545.577576303,26545.577787119,26545.587263984,26545.587340734,26545.59983622,0.07859199831727892,0.21081600061734207,0.289407998934621,9.476865001488477,0.07674999869777821,12.495486000261735,22.33850899938261
0,538,26545.610831044334,26545.610898063,26545.610926905,26545.620462697,26545.620519799,26545.633178322,0.06701866732328199,0.0288419978460297,0.09586066516931169,9.53579199995147,0.05710199911845848,12.658523002755828,22.34727766699507
0,539,26545.644164377667,26545.644231397,26545.644260897,26545.653812493,26545.653873401,26545.66661123,0.06701933307340369,0.029499999072868377,0.09651933214627206,9.551596001983853,0.06090799797675572,12.737829001707723,22.446852333814604
0,540,26545.677497711,26545.67756397,26545.677775628,26545.687311123,26545.687394003,26545.699918989,0.06625899914070033,0.21165799989830703,0.27791699903900735,9.535495002637617,0.08287999662570655,12.524986002972582,22.421278001274914
0,541,26545.710831044333,26545.710898024,26545.710926626,26545.720465417,26545.720524723,26545.732619143,0.06697966819046997,0.02860200038412586,0.09558166857459582,9.538790996884927,0.059306003095116466,12.094419998902595,21.788098667457234
0,542,26545.744164377666,26545.744229403,26545.744270709,26545.75372825,26545.753781648,26545.766329597,0.06502533506136388,0.04130600063945167,0.10633133570081554,9.457541000301717,0.053397998271975666,12.5479490016005,22.16521933587501
0,543,26545.777497711,26545.777565291,26545.777591134,26545.787086628,26545.787159712,26545.799763142,0.06758000017725863,0.02584300091257319,0.09342300108983181,9.495493999565952,0.07308400017791428,12.603430001036031,22.26543100186973
0,544,26545.810831044335,26545.810898836,26545.810929559,26545.820462581,26545.82052322,26545.833154771,0.06779166506021284,0.03072300023632124,0.09851466529653408,9.533021999232005,0.060639002185780555,12.63155099877622,22.32372666549054
0,545,26545.844164377668,26545.844230658,26545.844256658,26545.853853617,26545.853913525,26545.866732141,0.06628033224842511,0.02600000152597204,0.09228033377439715,9.596959000191418,0.05990799763821997,12.818616000004113,22.56776333160815
0,546,26545.877497711,26545.877575454,26545.877605667,26545.88711193,26545.887183884,26545.89986901,0.07774299956508912,0.030212999263312668,0.10795599882840179,9.506262998911552,0.0719540003046859,12.685126002907054,22.371299000951694
0,547,26545.910831044333,26545.910916314,26545.910948416,26545.920521281,26545.920583225,26545.932950535,0.08526966485078447,0.032102001569001004,0.11737166641978547,9.5728650012461,0.06194399975356646,12.367309998808196,22.119490666227648
0,548,26545.944164377666,26545.944233165,26545.944261128,26545.953783855,26545.953847503,26545.964865874,0.06878733256598935,0.02796300032059662,0.09675033288658597,9.522726999421138,0.06364799992297776,11.018371002137428,20.70149633436813
0,549,26545.977497711,26545.977565147,26545.977594684,26545.987049641,26545.987120706,26545.997072453,0.06743600170011632,0.029537000955315307,0.09697300265543163,9.454956998524722,0.07106499833753332,9.951747000741307,19.574742000258993
0,550,26546.010831044332,26546.010898897,26546.011126472,26546.020665837,26546.020757374,26546.030836288,0.06785266668885015,0.22757500119041651,0.29542766787926666,9.539365000819089,0.09153700011665933,10.078913997858763,20.005243666673778
0,551,26546.044164377665,26546.044230943,26546.044444954,26546.053977458,26546.054033828,26546.063521611,0.06656533514615148,0.21401100093498826,0.28057633608113974,9.5325039983436,0.056370001402683556,9.4877829978941,19.357233333721524
0,552,26546.077497711,26546.077563731,26546.07777863,26546.087242902,26546.087299976,26546.096654712,0.06601999848498963,0.21489899881999008,0.2809189973049797,9.464271999604534,0.0570740012335591,9.354736001114361,19.157000999257434
0,553,26546.110831044334,26546.110897694,26546.111108241,26546.120639421,26546.120692347,26546.129945433,0.06664966713287868,0.2105469975504093,0.27719666468328796,9.531179999612505,0.05292600326356478,9.253085998352617,19.114388665911974
0,554,26546.144164377667,26546.144229721,26546.144443945,26546.154058301,26546.154130968,26546.16346862,0.06534333442687057,0.21422399731818587,0.27956733174505644,9.61435600038385,0.0726670004951302,9.337652001704555,19.304242334328592
0,555,26546.177497711,26546.17756299,26546.177780102,26546.187240551,26546.187292385,26546.196476257,0.06527900040964596,0.217111999518238,0.28239099992788397,9.460449000471272,0.051833998440997675,9.183871999994153,18.978545998834306
0,556,26546.210831044333,26546.210896389,26546.211115131,26546.220713079,26546.22076657,26546.229962407,0.06534466592711397,0.21874199956073426,0.2840866654878482,9.59794800292002,0.05349099956220016,9.1958369994245,19.13136266739457
0,557,26546.244164377666,26546.244230658,26546.244446409,26546.253980468,26546.254030209,26546.263327824,0.06628033588640392,0.21575099890469573,0.28203133479109965,9.53405899781501,0.04974100011168048,9.297615000832593,19.163446333550382
0,558,26546.277497711,26546.277564769,26546.277785816,26546.287268838,26546.287528534,26546.29732466,0.06705800115014426,0.22104700110503472,0.288105002255179,9.483022000495112,0.25969600028474815,9.796125999855576,19.826949002890615
0,559,26546.310831044335,26546.310898139,26546.311119112,26546.320661532,26546.320715625,26546.330189592,0.06709466470056213,0.22097300097811967,0.2880676656786818,9.542420000798302,0.05409299774328247,9.473967002122663,19.35854766634293
0,560,26546.344164377668,26546.344231323,26546.344446639,26546.353978078,26546.354033587,26546.36344934,0.06694533294648863,0.21531599850277416,0.2822613314492628,9.531439001875697,0.05550899732043035,9.415753000212135,19.284962330857525
0,561,26546.377497711,26546.377564126,26546.377773025,26546.387237844,26546.387303381,26546.397083266,0.06641499930992723,0.20889900042675436,0.2753139997366816,9.464818998822011,0.0655370022286661,9.779885000170907,19.585555000958266
0,562,26546.410831044333,26546.41089783,26546.411150118,26546.420738742,26546.420788557,26546.430271569,0.06678566569462419,0.25228800222976133,0.3190736679243855,9.58862399784266,0.04981500023859553,9.48301199969137,19.440524665697012
0,563,26546.444164377666,26546.444231348,26546.444482616,26546.45403075,26546.454082537,26546.463716042,0.06697033313685097,0.2512680002837442,0.31823833342059515,9.548133999487618,0.05178699939278886,9.633505000238074,19.551664332539076
0,564,26546.477497711,26546.477564994,26546.477800782,26546.487276915,26546.487517324,26546.497522958,0.06728299922542647,0.23578800028190017,0.30307099950732663,9.476133000134723,0.24040900098043494,10.005634001572616,20.0252470021951
0,565,26546.510831044332,26546.510896882,26546.511117197,26546.520758183,26546.5208161,26546.530520743,0.065837666625157,0.220314999751281,0.286152666376438,9.640986001613783,0.05791700095869601,9.70464299825835,19.689698667207267
0,566,26546.544164377665,26546.54426939,26546.544498252,26546.554029293,26546.554083321,26546.563759001,0.10501233555260114,0.22886199803906493,0.3338743335916661,9.531041003356222,0.05402799797593616,9.675680001237197,19.59462333616102
0,567,26546.577497711,26546.577573909,26546.577785242,26546.587261052,26546.587485423,26546.59745879,0.07619799725944176,0.2113330010615755,0.28753099832101725,9.475809998548357,0.22437100051320158,9.97336699947482,19.961078996857395
0,568,26546.610831044334,26546.610897834,26546.611106992,26546.620639228,26546.620692913,26546.630376492,0.06678966747131199,0.20915799905196764,0.2759476665232796,9.532235999358818,0.05368499842006713,9.683579002739862,19.545447667042026
0,569,26546.644164377667,26546.644230594,26546.644434678,26546.654062479,26546.654115303,26546.663998225,0.06621633292525075,0.2040840008703526,0.27030033379560336,9.62780099871452,0.05282400161377154,9.882922000542749,19.833847334666643
0,570,26546.677497711,26546.677564872,26546.677773197,26546.687283126,26546.687505692,26546.697761522,0.06716099960613064,0.20832500013057142,0.27548599973670207,9.509929001069395,0.222565999138169,10.255829998641275,20.26381099858554
0,571,26546.710831044333,26546.710896455,26546.711100437,26546.720626173,26546.720678534,26546.73059242,0.06541066613863222,0.20398200285853818,0.2693926689971704,9.525735997158336,0.05236099968897179,9.913886002323125,19.761375668167602
0,572,26546.744164377666,26546.7442304,26546.744441058,26546.753965451,26546.754017442,26546.763951521,0.06602233406738378,0.21065799955977127,0.27668033362715505,9.52439300090191,0.051990999054396525,9.934079000231577,19.787143333815038
0,573,26546.777497711,26546.77756427,26546.777771817,26546.787256174,26546.787504943,26546.798001033,0.06655900142504834,0.20754700017278083,0.27410600159782916,9.48435700047412,0.24876899988157675,10.496089998923708,20.503322000877233
0,574,26546.810831044335,26546.810897826,26546.811105123,26546.820640081,26546.820695313,26546.830627189,0.06678166391793638,0.2072970019071363,0.2740786658250727,9.534958000585902,0.05523199797607958,9.93187600033707,19.796144664724125
0,575,26546.844164377668,26546.844231123,26546.844435198,26546.8539966,26546.854048887,26546.864156189,0.06674533142358996,0.20407500051078387,0.2708203319343738,9.561401999235386,0.052286999562056735,10.107302001415519,19.991811332147336
0,576,26546.877497711,26546.877566188,26546.877771577,26546.887300026,26546.887521601,26546.898123701,0.0684769984218292,0.20538900207611732,0.2738660004979465,9.528448998025851,0.22157499915920198,10.60210000287043,20.62599000055343
0,577,26546.910831044333,26546.91089754,26546.911100503,26546.920638582,26546.920693693,26546.932718594,0.06649566785199568,0.20296299771871418,0.26945866557070985,9.538079000776634,0.05511099880095571,12.024900999676902,21.8875496648252
0,578,26546.944164377666,26546.944325892,26546.94453092,26546.954056739,26546.954110387,26546.964280264,0.1615143337403424,0.205027998163132,0.3665423319034744,9.525819001282798,0.05364800017559901,10.169877001317218,20.11588633467909
0,579,26546.977497711,26546.977568762,26546.977781569,26546.987268646,26546.987495555,26546.998230165,0.07105099939508364,0.21280700093484484,0.2838580003299285,9.48707700081286,0.22690900004818104,10.734610001236433,20.732454002427403
0,580,26547.010831044332,26547.010897688,26547.011102254,26547.020616989,26547.020673833,26547.03096958,0.06664366810582578,0.204566000320483,0.2712096684263088,9.514735000266228,0.05684400093741715,10.295746997144306,20.13853566677426
0,581,26547.044164377665,26547.044230689,26547.044430652,26547.053967545,26547.054018221,26547.06421531,0.06631133510381915,0.19996300034108572,0.26627433544490486,9.536893001495628,0.05067599704489112,10.19708900275873,20.050932336744154
0,582,26547.077497711,26547.077566141,26547.077770642,26547.087286127,26547.087510054,26547.098221219,0.06842999937362038,0.2045010005531367,0.27293099992675707,9.51548499870114,0.22392699975171126,10.711164999520406,20.723507997900015
0,583,26547.110831044334,26547.110896908,26547.111103159,26547.120617608,26547.120670886,26547.131141586,0.06586366725969128,0.20625099932658486,0.27211466658627614,9.514449000562308,0.053277999541023746,10.470699999132194,20.310541665821802
0,584,26547.144164377667,26547.144230407,26547.144438223,26547.154013551,26547.154064635,26547.164543881,0.06602933353860863,0.2078159996017348,0.2738453331403434,9.575328000209993,0.05108400000608526,10.479246000613784,20.379503333970206
0,585,26547.177497711,26547.177563573,26547.177767323,26547.187293271,26547.187517356,26547.19831016,0.06586200106539764,0.20374999803607352,0.26961199910147116,9.525948000373319,0.22408500080928206,10.79280400153948,20.812449001823552
0,586,26547.210831044333,26547.210898081,26547.211109841,26547.220590567,26547.220647909,26547.23110637,0.06703666804241948,0.21175999791012146,0.27879666595254093,9.480726002948359,0.05734199658036232,10.458461001690011,20.275325667171273
0,587,26547.244164377666,26547.24427246,26547.244500877,26547.254103158,26547.254160539,26547.264742878,0.10808233491843566,0.22841700047138147,0.33649933538981713,9.602280999388313,0.05738099935115315,10.582339000393404,20.578500334522687
0,588,26547.277497711,26547.277574032,26547.277784357,26547.287269741,26547.287495926,26547.298910019,0.07632100096088834,0.21032500080764294,0.2866460017685313,9.485383998253383,0.2261850022478029,11.41409299816587,21.412308000435587
0,589,26547.310831044335,26547.31089805,26547.311102357,26547.320628258,26547.320683092,26547.331632962,0.06700566518702544,0.20430700169526972,0.27131266688229516,9.525900997687131,0.05483399945660494,10.94987000033143,20.80191766435746
0,590,26547.344164377668,26547.344230458,26547.344434939,26547.354063138,26547.354111444,26547.364822026,0.06608033072552644,0.2044810025836341,0.27056133330916055,9.628198997233994,0.04830600300920196,10.710581998864654,20.65764833241701
0,591,26547.377497711,26547.377570088,26547.377776967,26547.387249629,26547.387474621,26547.398995076,0.07237699901452288,0.20687900178018026,0.27925600079470314,9.47266199727892,0.22499199985759333,11.52045500202803,21.497364999959245
0,592,26547.410831044333,26547.410897569,26547.411107023,26547.420638296,26547.420864083,26547.432008472,0.066524666181067,0.20945399955962785,0.27597866574069485,9.531273000902729,0.22578700009034947,11.144388998218346,21.17742766495212
0,593,26547.444164377666,26547.444231051,26547.444440561,26547.453966999,26547.454039973,26547.465027222,0.06667333218501881,0.20951000260538422,0.276183334790403,9.526437999738846,0.07297399861272424,10.987248999299482,20.862844332441455
0,594,26547.477497711,26547.47756631,26547.477777608,26547.487255092,26547.487480149,26547.499225225,0.06859900167910382,0.21129800006747246,0.2798970017465763,9.477483999944525,0.22505699962493964,11.745076000806876,21.727514002122916
0,595,26547.510831044332,26547.510897996,26547.511105931,26547.52062213,26547.520677713,26547.531806389,0.06695166666759178,0.20793500152649358,0.27488666819408536,9.516198999335757,0.05558300108532421,11.128676000225823,20.97534466884099
0,596,26547.544164377665,26547.544229856,26547.544439561,26547.553980555,26547.554031065,26547.565249825,0.06547833618242294,0.20970499826944433,0.27518333445186727,9.540994000417413,0.05050999970990233,11.218759998882888,21.08544733346207
0,597,26547.577497711,26547.577563773,26547.577766117,26547.587231148,26547.58745326,26547.599245466,0.0660619989503175,0.20234399926266633,0.26840599821298383,9.465031002036994,0.22211199757293798,11.792206001700833,21.74775499952375
0,598,26547.610831044334,26547.610897422,26547.611106497,26547.620635343,26547.620858825,26547.632270641,0.06637766637140885,0.20907499856548384,0.2754526649368927,9.528845999739133,0.2234820021840278,11.411815998144448,21.4395966650045
0,599,26547.644164377667,26547.644231496,26547.644447237,26547.653988723,26547.65404214,26547.665408122,0.06711833339068107,0.21574099810095504,0.2828593314916361,9.541486000671284,0.053416999435285106,11.365982001734665,21.24374433333287
0,600,26547.677497711,26547.677565181,26547.677770497,26547.687299575,26547.687522556,26547.699263022,0.0674699986120686,0.20531600239337422,0.2727860010054428,9.529078000923619,0.22298099793260917,11.740466001356253,21.765311001217924
0,601,26547.710831044333,26547.710898411,26547.711101866,26547.720616443,26547.720671602,26547.731875555,0.06736666546203196,0.20345500161056407,0.27082166707259603,9.514576999208657,0.05515900193131529,11.203952999494504,21.044510667707073
0,602,26547.744164377666,26547.744230623,26547.744435522,26547.753986127,26547.754036766,26547.76534085,0.06624533489230089,0.20489899907261133,0.2711443339649122,9.550605002004886,0.050638998800422996,11.304084000585135,21.176472335355356
0,603,26547.777497711,26547.777565085,26547.777776039,26547.787271691,26547.787492701,26547.799783344,0.06737400326528586,0.21095400006743148,0.27832800333271734,9.495651996985544,0.2210100028605666,12.290642996958923,22.28563300013775
0,604,26547.810831044335,26547.810898833,26547.811106881,26547.820685894,26547.820917441,26547.832892184,0.06778866372769699,0.20804800078622065,0.27583666451391764,9.579012999893166,0.23154700102168135,11.974742999882437,22.061139665311202
0,605,26547.844164377668,26547.844229638,26547.844439963,26547.854018717,26547.85407355,26547.86567082,0.06526033394038677,0.21032499716966413,0.2755853311100509,9.578754001267953,0.05483299901243299,11.597270000493154,21.50644233188359
0,606,26547.877497711,26547.877564072,26547.87776672,26547.887248678,26547.88730215,26547.898816874,0.06636100079049356,0.20264799968572333,0.2690090004762169,9.481957997195423,0.053472002036869526,11.514723999425769,21.319162999134278
0,607,26547.910831044333,26547.910924701,26547.911149515,26547.920728881,26547.92083803,26547.932373891,0.09365666483063251,0.22481400083051994,0.31847066566115245,9.579366000252776,0.10914900121861137,11.53586099826498,21.54284666539752
0,608,26547.944164377666,26547.944235745,26547.944454052,26547.953996768,26547.954049065,26547.965636641,0.07136733256629668,0.2183070027967915,0.2896743353630882,9.542715997667983,0.05229700036579743,11.587576002057176,21.472263335454045
0,609,26547.977497711,26547.977564763,26547.977783495,26547.987303267,26547.98735574,26547.997661764,0.06705200212309137,0.21873199875699356,0.28578400088008493,9.519772000203375,0.05247299850452691,10.306023999874014,20.164052999462
0,610,26548.010831044332,26548.010897956,26548.011119892,26548.020607932,26548.020850044,26548.03129506,0.06691166709060781,0.2219359994342085,0.2888476665248163,9.488040002906928,0.24211199706769548,10.445015999721363,20.464015666220803
0,611,26548.044164377665,26548.044230418,26548.044447501,26548.05399182,26548.054046274,26548.064138761,0.06604033478652127,0.21708300118916668,0.28312333597568795,9.544319000269752,0.054453998018288985,10.092487002111739,19.974383336375467
0,612,26548.077497711,26548.077563815,26548.077814648,26548.087301143,26548.08737431,26548.097679752,0.06610399941564538,0.2508329998818226,0.316936999297468,9.48649500060128,0.07316699702641927,10.305442003300413,20.18204100022558
0,613,26548.110831044334,26548.110897017,26548.111102972,26548.12061842,26548.120843512,26548.131198344,0.06597266474273056,0.20595500245690346,0.271927667199634,9.515447996818693,0.22509200061904266,10.35483200030285,20.36729966494022
0,614,26548.144164377667,26548.144228821,26548.144450137,26548.154015595,26548.154071076,26548.164265175,0.06444333121180534,0.2213160005339887,0.28575933174579404,9.565457999997307,0.055480999435530975,10.194099002546864,20.100797333725495
0,615,26548.177497711,26548.177564293,26548.177783636,26548.187258398,26548.187312102,26548.197584099,0.06658200072706677,0.21934300093562342,0.2859250016626902,9.47476199871744,0.05370399958337657,10.271997001837008,20.086388001800515
0,616,26548.210831044333,26548.210897319,26548.21112581,26548.220625472,26548.220895528,26548.23130958,0.06627466791542247,0.22849100059829652,0.294765668513719,9.499661999143427,0.27005599986296147,10.414051997940987,20.478535665461095
0,617,26548.244164377666,26548.244230641,26548.244448605,26548.254020433,26548.254075387,26548.264206356,0.06626333561143838,0.21796399960294366,0.28422733521438204,9.571827999025118,0.05495400182553567,10.130968999874312,20.041978335939348
0,618,26548.277497711,26548.277563937,26548.277818475,26548.287322979,26548.287378247,26548.297673068,0.06622600267292,0.2545379975344986,0.3207640002074186,9.504503999778535,0.05526800305233337,10.294820996932685,20.175356999970973
0,619,26548.310831044335,26548.310897297,26548.311107409,26548.320730905,26548.320959886,26548.331724987,0.06625266541959718,0.21011200078646652,0.2763646662060637,9.623496000131126,0.2289809999638237,10.765101000288269,20.893942666589282
0,620,26548.344164377668,26548.34423152,26548.344444104,26548.35399596,26548.354048987,26548.364462615,0.06714233313687146,0.21258400010992773,0.2797263332467992,9.55185599741526,0.05302700083120726,10.413628002424957,20.298237333918223
0,621,26548.377497711,26548.377564326,26548.37776953,26548.387237014,26548.387292173,26548.397732087,0.0666150008328259,0.2052039999398403,0.2718190007726662,9.467484000197146,0.05515899829333648,10.43991400001687,20.23437599928002
0,622,26548.410831044333,26548.410897612,26548.411106308,26548.420611969,26548.420841812,26548.431631043,0.06656766709056683,0.20869600120931864,0.27526366829988547,9.505660997092491,0.22984300085227005,10.789231000671862,20.79999866691651
0,623,26548.444164377666,26548.444229863,26548.444448049,26548.454051654,26548.454105063,26548.4645552,0.06548533201566897,0.21818599998368882,0.2836713319993578,9.603605001757387,0.05340899951988831,10.450137000589166,20.3908223338658
0,624,26548.477497711,26548.477564548,26548.477782633,26548.48730734,26548.487358145,26548.497797662,0.06683700121357106,0.21808499877806753,0.2849219999916386,9.524707002128707,0.05080499977339059,10.439516998303588,20.299951000197325
0,625,26548.510831044332,26548.510897576,26548.511111002,26548.520643248,26548.520876267,26548.531688729,0.06653166929027066,0.21342599939089268,0.27995766868116334,9.532246000162559,0.2330190000066068,10.812461998284562,20.85768466713489
0,626,26548.544164377665,26548.544230835,26548.544450503,26548.5540191,26548.554072813,26548.564637487,0.06645733446930535,0.21966799977235496,0.2861253342416603,9.568597000907175,0.053712999942945316,10.56467400121619,20.47310933630797
0,627,26548.577497711,26548.577563039,26548.577772679,26548.587246673,26548.587296988,26548.598033172,0.06532800034619868,0.20963999850209802,0.2749679988482967,9.47399399956339,0.05031500040786341,10.736183998233173,20.535460997052724
0,628,26548.610831044334,26548.610896373,26548.610920123,26548.620230858,26548.620472572,26548.631588766,0.06532866609632038,0.023749998945277184,0.08907866504159756,9.310735000326531,0.24171400218619965,11.116193996713264,20.757721664267592
0,629,26548.644164377667,26548.644230632,26548.644251724,26548.653536561,26548.65357984,26548.664362061,0.06625433161389083,0.0210920006793458,0.08734633229323663,9.284837000450352,0.043279000237816945,10.78222100113635,20.197683334117755
0,630,26548.677497711,26548.677564965,26548.677782966,26548.687274813,26548.687326239,26548.698065498,0.06725400089635514,0.21800099784741178,0.2852549987437669,9.491847002209397,0.05142599911778234,10.739258999819867,20.567786999890814
0,631,26548.710831044333,26548.710898003,26548.711113226,26548.720659629,26548.720899267,26548.731977342,0.06695866613881662,0.21522300085052848,0.2821816669893451,9.54640300187748,0.23963799685589038,11.07807500011404,21.146297665836755
0,632,26548.744164377666,26548.744229281,26548.74444017,26548.753970989,26548.754045396,26548.764927693,0.06490333544206806,0.21088900030008517,0.2757923357421532,9.530818999337498,0.07440699846483767,10.882296999625396,20.763315333169885
0,633,26548.777497711,26548.777564291,26548.777800439,26548.787296175,26548.787349138,26548.798363388,0.06657999983872287,0.23614800011273474,0.3027279999514576,9.495736001554178,0.0529630015080329,11.014249997970182,20.86567700098385
0,634,26548.810831044335,26548.810897197,26548.811115281,26548.820698637,26548.820749507,26548.83187047,0.06615266465814784,0.21808400197187439,0.28423666663002223,9.5833559971652,0.0508699995407369,11.120963001303608,21.039425664639566
0,635,26548.844164377668,26548.844229502,26548.844448678,26548.854004451,26548.854053766,26548.865176932,0.06512433174066246,0.21917599951848388,0.28430033125914633,9.555773001920898,0.04931500006932765,11.123165997560136,21.012554330809508
0,636,26548.877497711,26548.877564945,26548.877770039,26548.887238032,26548.887296856,26548.89894883,0.06723399928887375,0.20509399837465025,0.272327997663524,9.467993000725983,0.05882400000700727,11.651974000415066,21.45111899881158
0,637,26548.910831044333,26548.910921083,26548.911134805,26548.92067867,26548.920732735,26548.935073422,0.09003866580314934,0.2137219998985529,0.30376066570170224,9.5438650023425,0.05406499985838309,14.340686997456942,24.242377665359527
0,638,26548.944164377666,26548.944234738,26548.944441471,26548.953973484,26548.954024428,26548.963828553,0.07036033275653608,0.20673300241469406,0.27709333517123014,9.5320129985339,0.05094399966765195,9.80412500211969,19.664175335492473
0,639,26548.977497711,26548.97756708,26548.977774155,26548.987226815,26548.987277909,26548.997044626,0.06936900172149763,0.20707499788841233,0.27644399960990995,9.452660000533797,0.05109400080982596,9.766717001184588,19.54691500213812
0,640,26549.010831044332,26549.010897273,26549.011111858,26549.020599009,26549.02065062,26549.030436875,0.0662286693113856,0.21458499759319238,0.280813666904578,9.487151000939775,0.051611001254059374,9.786254999198718,19.60583066829713
0,641,26549.044164377665,26549.044232633,26549.04445019,26549.054009332,26549.054059878,26549.063832995,0.0682553363731131,0.21755699708592147,0.28581233345903456,9.559142003126908,0.050545997510198504,9.773117002623621,19.668617336719763
0,642,26549.077497711,26549.077565856,26549.077786356,26549.087261202,26549.087519416,26549.098067054,0.06814500011387281,0.22049999824957922,0.28864499836345203,9.474845999648096,0.258214000496082,10.547638001298765,20.569342999806395
0,643,26549.110831044334,26549.11089755,26549.111102273,26549.120675824,26549.120731861,26549.130630959,0.06650566501775756,0.20472300093388185,0.2712286659516394,9.573551000357838,0.056036999012576416,9.899098000460071,19.799914665782126
0,644,26549.144164377667,26549.144229837,26549.144446014,26549.153991666,26549.154042916,26549.163870736,0.06545933138113469,0.21617700258502737,0.28163633396616206,9.545651999360416,0.05125000097905286,9.827819998463383,19.706358332769014
0,645,26549.177497711,26549.177564273,26549.177777717,26549.187284203,26549.187339833,26549.197077792,0.06656199911958538,0.21344400011003017,0.28000599922961555,9.50648599973647,0.05563000013353303,9.737959000631236,19.580080999730853
0,646,26549.210831044333,26549.210899309,26549.21113494,26549.220622731,26549.22067374,26549.2304108,0.06826466778875329,0.23563099966850132,0.3038956674572546,9.487791001447476,0.05100899943499826,9.737059997860342,19.57975566620007
0,647,26549.244164377666,26549.244230634,26549.244437181,26549.254033287,26549.254087111,26549.26389957,0.06625633614021353,0.20654699983424507,0.2728033359744586,9.59610599966254,0.05382399831432849,9.812459000386298,19.735192334337626
0,648,26549.277497711,26549.277562838,26549.277773254,26549.287268703,26549.287497223,26549.297978813,0.06512700201710686,0.21041600120952353,0.2755430032266304,9.495448997768108,0.22851999892736785,10.481590001290897,20.481102001213003
0,649,26549.310831044335,26549.310896921,26549.31111019,26549.320643778,26549.320695926,26549.33081771,0.06587666575796902,0.21326899877749383,0.27914566453546286,9.533587999612791,0.052147999667795375,10.121784001967171,19.98666566578322
0,650,26549.344164377668,26549.344231467,26549.344447385,26549.354099695,26549.354154352,26549.364431267,0.06708933142363094,0.21591800032183528,0.2830073317454662,9.652310000092257,0.05465700087370351,10.276914999849396,20.266889332560822
0,651,26549.377497711,26549.377564199,26549.377785857,26549.387314241,26549.387560621,26549.39807248,0.06648799899267033,0.22165799964568578,0.2881459986383561,9.528384001896484,0.24637999740662053,10.511858999961987,20.574768997903448
0,652,26549.410831044333,26549.41091431,26549.411131256,26549.420670566,26549.420724075,26549.431397082,0.08326566603500396,0.21694600218324922,0.3002116682182532,9.539309998217504,0.05350900028133765,10.673007000150392,20.566037666867487
0,653,26549.444164377666,26549.444229671,26549.444449088,26549.454015212,26549.45406537,26549.464949729,0.0652933340461459,0.21941700106253847,0.2847103351086844,9.566123997501563,0.05015799979446456,10.884359002375277,20.78535133477999
0,654,26549.477497711,26549.477564308,26549.477775809,26549.487319785,26549.487549194,26549.498806082,0.06659700011368841,0.21150099928490818,0.2780979993985966,9.543976000713883,0.22940900089452043,11.256887999479659,21.30837100048666
0,655,26549.510831044332,26549.510896603,26549.511148938,26549.520712868,26549.520770803,26549.531740024,0.06555866639246233,0.25233500127797015,0.3178936676704325,9.563930001604604,0.05793499803985469,10.969220998958917,20.908979666273808
0,656,26549.544164377665,26549.544232056,26549.544466205,26549.554059662,26549.554113505,26549.565008736,0.06767833474441431,0.23414899987983517,0.3018273346242495,9.593457001756178,0.05384299947763793,10.895231000176864,20.84435833603493
0,657,26549.577497711,26549.577564277,26549.577781612,26549.587250031,26549.587477874,26549.599020264,0.06656599725829437,0.21733500034315512,0.2839009976014495,9.468419000768336,0.22784300017519854,11.542389998794533,21.522552997339517
0,658,26549.610831044334,26549.610896934,26549.611101591,26549.620636327,26549.620690234,26549.63160539,0.06588966425624676,0.2046570007223636,0.27054666497861035,9.534736000205157,0.053907002438791096,10.915155999100534,20.774345666723093
0,659,26549.644164377667,26549.644230321,26549.644436053,26549.654051233,26549.654104603,26549.665137964,0.06594333171960898,0.20573200163198635,0.2716753333515953,9.615179998945678,0.05337000038707629,11.033360999135766,20.973586331820115
0,660,26549.677497711,26549.677565098,26549.677782931,26549.687269972,26549.687500862,26549.699626384,0.0673870017635636,0.2178329996240791,0.2852200013876427,9.487040999374585,0.23089000023901463,12.12552200013306,22.128673001134302
0,661,26549.710831044333,26549.710897477,26549.711108311,26549.72062838,26549.720851668,26549.732428253,0.06643266897299327,0.21083399769850075,0.277266666671494,9.520069001155207,0.22328799968818203,11.576584998692852,21.597208666207734
0,662,26549.744164377666,26549.744230366,26549.744442404,26549.754106547,26549.754160982,26549.765434502,0.0659883335174527,0.21203800133662298,0.2780263348540757,9.664142999099568,0.05443500049295835,11.273519998212578,21.27012433265918
0,663,26549.777497711,26549.777564662,26549.777774015,26549.787237306,26549.787462279,26549.799567134,0.06695100091747008,0.20935300199198537,0.27630400290945545,9.463291000429308,0.2249729986942839,12.104854999051895,22.069423001084942
0,664,26549.810831044335,26549.810899181,26549.811121701,26549.820638602,26549.820918011,26549.832432947,0.06813666550442576,0.22252000053413212,0.2906566660385579,9.516900998278288,0.2794089996314142,11.514936002640752,21.601902666589012
0,665,26549.844164377668,26549.844274228,26549.844505424,26549.854089456,26549.854148548,26549.865491863,0.10985033077304251,0.23119600155041553,0.34104633232345805,9.584031999111176,0.059091998991789296,11.343315003614407,21.32748533404083
0,666,26549.877497711,26549.877579366,26549.877781479,26549.887307714,26549.887533076,26549.900033432,0.0816549982118886,0.20211300216033123,0.28376800037221983,9.52623500052141,0.22536199685418978,12.500356002419721,22.53572100016754
0,667,26549.910831044333,26549.91092145,26549.91114671,26549.920646418,26549.920888669,26549.935422801,0.09040566510520875,0.22526000248035416,0.3156656675855629,9.499707997747464,0.24225100059993565,14.534132002154365,24.591756668087328
0,668,26549.944164377666,26549.944271034,26549.94450072,26549.954019446,26549.954077234,26549.965686901,0.10665633453754708,0.2296860002388712,0.3363423347764183,9.518725997622823,0.05778800186817534,11.609666998992907,21.522523333260324
0,669,26549.977497711,26549.977572682,26549.977780645,26549.987277168,26549.987502262,26550.000061331,0.07497100159525871,0.20796299941139296,0.28293400100665167,9.496522998233559,0.22509400150738657,12.559069000417367,22.563620001164963
0,670,26550.010831044332,26550.010902136,26550.01110872,26550.020659076,26550.020887113,26550.032809635,0.07109166836016811,0.2065839980787132,0.2776756664388813,9.550356000545435,0.22803700267104432,11.92252199689392,21.97859066654928
0,671,26550.044164377665,26550.044231608,26550.044445766,26550.054041725,26550.054119715,26550.065743829,0.067230335844215,0.21415800074464642,0.2813883365888614,9.595958999852883,0.07799000013619661,11.624113998550456,21.579451335128397
0,672,26550.077497711,26550.077568525,26550.077819674,26550.087300455,26550.087531864,26550.099947488,0.07081399962771684,0.2511489983589854,0.32196299798670225,9.480781001911964,0.23140899793361314,12.415624001732795,22.449776999565074
0,673,26550.110831044334,26550.110898701,26550.111110803,26550.120637039,26550.120867429,26550.132809627,0.06765666694263928,0.21210200065979734,0.2797586676024366,9.526235997327603,0.23039000006974675,11.942198001634097,21.978582666633883
0,674,26550.144164377667,26550.14423121,26550.144441711,26550.154089308,26550.154148012,26550.165920969,0.06683233368676156,0.21050099894637242,0.277333332633134,9.64759699854767,0.05870400127605535,11.77295700108516,21.75659133354202
0,675,26550.177497711,26550.177566322,26550.177778897,26550.187276345,26550.187509178,26550.199769645,0.06861099973320961,0.21257499975035898,0.2811859994835686,9.497448001638986,0.23283299742615782,12.260467003216036,22.27193400176475
0,676,26550.210831044333,26550.210897274,26550.211106859,26550.220662724,26550.220715214,26550.232661319,0.06622966611757874,0.2095849995384924,0.27581466565607116,9.55586500276695,0.05248999877949245,11.946105001698015,21.83027466890053
0,677,26550.244164377666,26550.244232421,26550.244441431,26550.254027527,26550.25407913,26550.265998863,0.06804333315812983,0.20901000243611634,0.27705333559424616,9.586095999111421,0.05160300133866258,11.919732998649124,21.834485334693454
0,678,26550.277497711,26550.277565189,26550.277773467,26550.28728373,26550.287512731,26550.300443995,0.0674780021654442,0.2082780010823626,0.2757560032478068,9.510262996627716,0.2290010015713051,12.931263998325448,22.946283999772277
0,679,26550.310831044335,26550.310899687,26550.311108493,26550.320669044,26550.320896415,26550.333169399,0.06864266470074654,0.20880599913652986,0.2774486638372764,9.560550999594852,0.22737100152880885,12.27298400044674,22.338354665407678
0,680,26550.344164377668,26550.344232436,26550.3444434,26550.354105367,26550.354163182,26550.36613799,0.06805833254475147,0.21096400087117217,0.27902233341592364,9.661967000283767,0.05781499930890277,11.974807999649784,21.973612332658377
0,681,26550.377497711,26550.377567074,26550.37777551,26550.387288106,26550.38734343,26550.39930608,0.06936299905646592,0.2084360021399334,0.27779900119639933,9.512595999694895,0.055323998822132125,11.962649998167763,21.80836899788119
0,682,26550.410831044333,26550.410898795,26550.411122758,26550.420689669,26550.420914383,26550.433171174,0.06775066503905691,0.22396300118998624,0.29171366622904316,9.566911001456901,0.2247140000690706,12.256791000254452,22.340129668009467
0,683,26550.444164377666,26550.444232386,26550.444444739,26550.454022929,26550.454076216,26550.466029589,0.0680083321640268,0.21235300300759263,0.28036133517161943,9.578189998137532,0.05328699990059249,11.953372999414569,21.865211332624312
0,684,26550.477497711,26550.477565535,26550.477592526,26550.486835677,26550.487063372,26550.500029305,0.06782399941585027,0.02699100150493905,0.09481500092078932,9.243150998372585,0.22769499992136844,12.965933001396479,22.53159400061122
0,685,26550.510831044332,26550.51089885,26550.511115147,26550.520643068,26550.520875745,26550.533254128,0.06780566764064133,0.2162970013159793,0.2841026689566206,9.527920999971684,0.23267699725693092,12.378383002214832,22.423083668400068
0,686,26550.544164377665,26550.544230739,26550.544442443,26550.554010188,26550.554064568,26550.566257442,0.06636133548454382,0.2117039985023439,0.2780653339868877,9.56774500082247,0.05438000152935274,12.192873997264542,22.09306433360325
0,687,26550.577497711,26550.577567091,26550.577776147,26550.587309309,26550.587535763,26550.600567195,0.06937999933143146,0.2090560010401532,0.27843600037158467,9.533161999570439,0.22645399803877808,13.031432001298526,23.069483999279328
0,688,26550.610831044334,26550.610896637,26550.61110225,26550.620587234,26550.620816726,26550.633252128,0.06559266694239341,0.20561299970722757,0.271205666649621,9.484983998845564,0.22949200138100423,12.435401997208828,22.421083664085018
0,689,26550.644164377667,26550.644232323,26550.644450545,26550.654030772,26550.654084782,26550.666280869,0.06794533328502439,0.2182220014219638,0.2861673347069882,9.580226997059071,0.05401000089477748,12.196087001939304,22.11649133460014
0,690,26550.677497711,26550.677567906,26550.677787407,26550.687287374,26550.687540764,26550.700644585,0.07019500117166899,0.21950099835521542,0.2896959995268844,9.499967000010656,0.2533900005801115,13.103820998367155,23.146873998484807
0,691,26550.710831044333,26550.710900036,26550.711119824,26550.720658337,26550.720883226,26550.733275897,0.06899166692164727,0.2197880021412857,0.28877966906293295,9.538512997096404,0.22488900140160695,12.392671000270639,22.444852667831583
0,692,26550.744164377666,26550.744230981,26550.744465269,26550.754048661,26550.754105559,26550.766308082,0.06660333383479156,0.23428799977409653,0.3008913336088881,9.583392002241453,0.05689799945685081,12.202522997540655,22.143704332847847
0,693,26550.777497711,26550.777567018,26550.777782038,26550.787288587,26550.787523514,26550.800851132,0.06930700328666717,0.21501999799511395,0.2843270012817811,9.506548998615472,0.23492700347560458,13.327617998584174,23.35342100195703
0,694,26550.810831044335,26550.810896314,26550.811108638,26550.820611716,26550.82084604,26550.833570916,0.06526966535602696,0.2123240010405425,0.27759366639656946,9.503077999397647,0.2343239975743927,12.724875999992946,22.739871663361555
0,695,26550.844164377668,26550.844232423,26550.844483934,26550.854084836,26550.854139595,26550.866484219,0.06804533404647373,0.2515109990781639,0.3195563331246376,9.600901998055633,0.05475900252349675,12.344623999524629,22.319841333228396
0,696,26550.877497711,26550.877571182,26550.877776848,26550.887288176,26550.887525205,26550.900554229,0.07347100108745508,0.20566599778248928,0.27913699886994436,9.511328000371577,0.2370289985265117,13.02902400129824,23.056517999066273
0,697,26550.910831044333,26550.910940838,26550.911020773,26550.920549824,26550.920782074,26550.934657823,0.10979366561514325,0.07993500184966251,0.18972866746480577,9.529050999844912,0.23225000040838495,13.875748998543713,23.826778666261816
0,698,26550.944164377666,26550.944330115,26550.944555596,26550.954223537,26550.954283027,26550.966726929,0.16573733228142373,0.22548100241692737,0.3912183346983511,9.667940998042468,0.059490001149242744,12.443902000086382,22.562551333976444
0,699,26550.977497711,26550.977579437,26550.97779241,26550.987297775,26550.987524562,26551.000733986,0.0817260006442666,0.21297300190781243,0.29469900255207904,9.50536499658483,0.22678700042888522,13.209423999796854,23.23627499936265
0,700,26551.010831044332,26551.010902492,26551.011114696,26551.02067144,26551.020898367,26551.033602205,0.07144766641431488,0.21220400230959058,0.28365166872390546,9.556744000292383,0.22692700076731853,12.703837997833034,22.77116066761664
0,701,26551.044164377665,26551.044233426,26551.044447731,26551.054000921,26551.054058948,26551.066368249,0.06904833571752533,0.21430500055430457,0.2833533362718299,9.553190000588074,0.05802699888590723,12.309301000641426,22.203871336387238
0,702,26551.077497711,26551.077779463,26551.078045214,26551.087554625,26551.087832542,26551.101088624,0.28175199986435473,0.2657509976415895,0.5475029975059442,9.50941100018099,0.27791700267698616,13.256081998406444,23.590912998770364
0,703,26551.110831044334,26551.111116121,26551.111362233,26551.12089106,26551.121150746,26551.133819622,0.2850766650226433,0.24611200205981731,0.5311886670824606,9.528826998575823,0.25968599948100746,12.668875999224838,22.98857766436413
0,704,26551.144164377667,26551.144445362,26551.144689288,26551.154319783,26551.154382681,26551.166787686,0.28098433176637627,0.24392600244027562,0.5249103342066519,9.630494998418726,0.06289800148806535,12.40500499989139,22.623308334004832
0,705,26551.177497711,26551.17778462,26551.178022168,26551.187540302,26551.187777913,26551.201021477,0.28690899853245355,0.23754799985908903,0.5244569983915426,9.518134000245482,0.23761100237607025,13.243564000731567,23.52376600174466
0,706,26551.210831044333,26551.210909648,26551.211149899,26551.22068019,26551.220742375,26551.233492167,0.07860366895329207,0.24025099992286414,0.3188546688761562,9.530290997645352,0.062185001297621056,12.749792000249727,22.661122668068856
0,707,26551.244164377666,26551.244275407,26551.24450889,26551.254089977,26551.2541517,26551.266551148,0.11102933422080241,0.2334829987375997,0.3445123329584021,9.581087000697153,0.06172299981699325,12.399448001815472,22.38677033528802
0,708,26551.277497711,26551.277625324,26551.277858612,26551.287352588,26551.287592959,26551.300866291,0.12761300240526907,0.23328799943556078,0.36090100184082985,9.49397599833901,0.24037100229179487,13.273331998789217,23.368580001260852
0,709,26551.310831044335,26551.310906333,26551.311114649,26551.320687737,26551.320912923,26551.333806335,0.07528866626671515,0.20831599977100268,0.28360466603771783,9.573087998433039,0.2251860023534391,12.893411996628856,22.975290663453052
0,710,26551.344164377668,26551.344231843,26551.344438584,26551.35407245,26551.354152654,26551.366710798,0.0674653310852591,0.20674100233009085,0.27420633341534995,9.63386600051308,0.08020399764063768,12.558144000649918,22.546420332218986
0,711,26551.377497711,26551.377565825,26551.377769038,26551.387269783,26551.387494441,26551.400897874,0.06811400089645758,0.20321299962233752,0.2713270005187951,9.500744999968447,0.22465800066129304,13.403432996710762,23.400162997859297
0,712,26551.410831044333,26551.410898871,26551.411101251,26551.4206317,26551.420852913,26551.433665085,0.06782666605431587,0.2023800007009413,0.2702066667552572,9.530448998702923,0.22121300207800232,12.812171997211408,22.83404066474759
0,713,26551.444164377666,26551.444232159,26551.444440085,26551.454024117,26551.454078274,26551.466600159,0.0677813332004007,0.20792600116692483,0.27570733436732553,9.584031999111176,0.05415700070443563,12.521885000751354,22.43578133493429
0,714,26551.477497711,26551.477566565,26551.47777302,26551.487266949,26551.4874907,26551.50094182,0.06885400216560811,0.20645499898819253,0.27530900115380064,9.493928999290802,0.22375100161298178,13.451119997625938,23.44410899968352
0,715,26551.510831044332,26551.510899621,26551.511107983,26551.520727561,26551.52095346,26551.533851985,0.06857666812720709,0.20836199837503955,0.27693866650224663,9.619578002457274,0.2258989989059046,12.898525001219241,23.020940669084666
0,716,26551.544164377665,26551.544232306,26551.544441168,26551.554009719,26551.554064793,26551.566572603,0.06792833664803766,0.20886199854430743,0.2767903351923451,9.56855099866516,0.05507400055648759,12.507809999078745,22.408225333492737
0,717,26551.577497711,26551.577566,26551.577772788,26551.587281829,26551.587503477,26551.600950938,0.06828899859101512,0.20678800137829967,0.2750769999693148,9.509040999546414,0.22164799884194508,13.447460998577299,23.453226996934973
0,718,26551.610831044334,26551.61089911,26551.611103259,26551.620618549,26551.620843254,26551.633736315,0.06806566671002656,0.20414900063769892,0.2722146673477255,9.515289999399101,0.22470499970950186,12.89306100079557,22.905270667251898
0,719,26551.644164377667,26551.644230322,26551.644440831,26551.653998668,26551.654050299,26551.666591988,0.06594433216378093,0.21050900249974802,0.27645333466352895,9.557836998283165,0.05163099922356196,12.5416890004999,22.427610332670156
0,720,26551.677497711,26551.677565136,26551.677772913,26551.687269612,26551.687495103,26551.700933073,0.06742500045220368,0.20777700046892278,0.27520200092112646,9.496699000010267,0.22549099958268926,13.437969999358756,23.43536199987284
0,721,26551.710831044333,26551.710898393,26551.711104505,26551.720635332,26551.72085587,26551.733978849,0.06734866838087328,0.2061119994323235,0.2734606678131968,9.530826999252895,0.2205380005761981,13.122978998580948,23.147804666223237
0,722,26551.744164377666,26551.744230586,26551.744437282,26551.754020331,26551.75407723,26551.76667542,0.06620833300985396,0.20669600053224713,0.2729043335421011,9.583049002685584,0.05689899990102276,12.59818999824347,22.511042334372178
0,723,26551.777497711,26551.777619076,26551.777849438,26551.787363284,26551.787599803,26551.800894606,0.1213650029967539,0.23036199854686856,0.35172700154362246,9.513845998299075,0.23651900119148195,13.294803000462707,23.396895001496887
0,724,26551.810831044335,26551.810907741,26551.81112227,26551.82071546,26551.820962711,26551.833870707,0.07669666592846625,0.21452899818541482,0.29122566411388107,9.59318999957759,0.24725100229261443,12.907995998830302,23.039662664814387
0,725,26551.844164377668,26551.844240242,26551.844451196,26551.854034608,26551.854092553,26551.866903437,0.07586433275719173,0.21095400006743148,0.2868183328246232,9.583412000210956,0.057944998843595386,12.810883999918588,22.739059331797762
0,726,26551.877497711,26551.877567288,26551.877773048,26551.887312283,26551.887534507,26551.900731977,0.06957699952181429,0.20575999951688573,0.2753369990387,9.539235001284396,0.2222240000264719,13.197469997976441,23.23426599832601
0,727,26551.910831044333,26551.91092677,26551.911153307,26551.920703099,26551.920759515,26551.934675024,0.09572566705173813,0.22653699852526188,0.322262665577,9.549792001052992,0.056416000006720424,13.915509000071324,23.843979666708037
0,728,26551.944164377666,26551.944259779,26551.944480521,26551.954044414,26551.954101997,26551.966634975,0.09540133396512829,0.22074200023780577,0.31614333420293406,9.563892999722157,0.05758299812441692,12.532978002127493,22.470597334177
0,729,26551.977497711,26551.977570992,26551.977783678,26551.987260404,26551.987498868,26552.000908098,0.0732810003682971,0.21268600175972097,0.28596700212801807,9.476725997956237,0.23846399926696904,13.40923000316252,23.410387002513744
0,730,26552.010831044332,26552.010899743,26552.011128614,26552.020635053,26552.020876155,26552.03380181,0.0686986677465029,0.22887100203661248,0.2975696697831154,9.506438997050282,0.24110199956339784,12.925655002618441,22.970765669015236
0,731,26552.044164377665,26552.044232067,26552.044442836,26552.053996386,26552.054052997,26552.066648327,0.06768933599232696,0.21076899793115444,0.2784583339234814,9.553550000418909,0.05661099930875935,12.595330001204275,22.483949334855424
0,732,26552.077497711,26552.077566437,26552.077780401,26552.087260478,26552.0874926,26552.100976506,0.06872599988128059,0.21396399824880064,0.2826899981300812,9.480077002081089,0.23212199812405743,13.483906001056312,23.47879499939154
0,733,26552.110831044334,26552.110898984,26552.111115613,26552.120658099,26552.120895165,26552.133755902,0.06793966531404294,0.21662899962393567,0.2845686649379786,9.54248600100982,0.23706600040895864,12.860736998845823,22.92485766520258
0,734,26552.144164377667,26552.144233113,26552.144473002,26552.154089173,26552.154144184,26552.16669028,0.06873533129692078,0.23988900284166448,0.30862433413858525,9.616170998924645,0.05501100167748518,12.546095997095108,22.525902331835823
0,735,26552.177497711,26552.177566761,26552.177777225,26552.187275034,26552.187502665,26552.200889431,0.06905000191181898,0.2104639970639255,0.27951399897574447,9.497809001913993,0.22763100059819408,13.38676599698374,23.39171999847167
0,736,26552.210831044333,26552.210899066,26552.211109548,26552.220611857,26552.220843487,26552.233639345,0.0680216689943336,0.21048199778306298,0.2785036667773966,9.502308999799425,0.23163000150816515,12.795857997843996,22.808300665928982
0,737,26552.244164377666,26552.244231398,26552.244487251,26552.25406893,26552.254123931,26552.266651508,0.06702033351757564,0.255852999544004,0.3228733330615796,9.581679001712473,0.05500100087374449,12.527577000582824,22.48713033623062
0,738,26552.277497711,26552.277564341,26552.277783425,26552.287269318,26552.287322827,26552.300026563,0.06663000021944754,0.21908400231041014,0.2857140025298577,9.48589299878222,0.05350900028133765,12.70373599982122,22.528852001414634
0,739,26552.310831044335,26552.310898904,26552.311102711,26552.320652344,26552.320875539,26552.333647054,0.067859666160075,0.20380699788802303,0.271666664048098,9.54963299955125,0.22319500203593634,12.771515001077205,22.81600966671249
0,740,26552.344164377668,26552.34423032,26552.344434977,26552.354016148,26552.354068408,26552.364786656,0.06594233127543703,0.2046570007223636,0.2705993319978006,9.581171001627808,0.0522599984833505,10.718247998738661,20.62227833084762
0,741,26552.377497711,26552.377564393,26552.377768069,26552.387257193,26552.387483083,26552.397598634,0.0666819978505373,0.20367600154713728,0.2703579993976746,9.48912400053814,0.22588999854633585,10.115551001945278,20.10092300042743
0,742,26552.410831044333,26552.410897289,26552.411117559,26552.4206481,26552.420910314,26552.429747898,0.06624466550420038,0.22027000159141608,0.28651466709561646,9.530540999548975,0.2622139982122462,8.837584002321819,18.916853667178657
0,743,26552.444164377666,26552.444230789,26552.444439401,26552.454026266,26552.454081952,26552.462656517,0.06641133222728968,0.2086120002786629,0.27502333250595257,9.586865002347622,0.055685999541310593,8.574564999435097,18.492139333829982
0,744,26552.477497711,26552.47756465,26552.477776068,26552.48733071,26552.487555998,26552.496776455,0.06693899922538549,0.21141800243640319,0.27835700166178867,9.554641997965518,0.22528800036525354,9.22045699917362,19.27874399916618
0,745,26552.510831044332,26552.510898623,26552.511103151,26552.520628544,26552.52068447,26552.529721278,0.06757866867701523,0.20452799799386412,0.27210666667087935,9.525393001240445,0.05592600064119324,9.036807998199947,18.890233666752465
0,746,26552.544164377665,26552.544230567,26552.544454883,26552.554128202,26552.554188748,26552.562813286,0.06618933548452333,0.22431599791161716,0.2905053333961405,9.673319000285119,0.06054600089555606,8.624538000731263,18.64890833530808
0,747,26552.577497711,26552.57756616,26552.577774854,26552.587382591,26552.587610415,26552.59694278,0.06844899689895101,0.20869400032097474,0.27714299721992575,9.607736999896588,0.2278240026498679,9.332364999863785,19.445068999630166
0,748,26552.610831044334,26552.610898605,26552.611119225,26552.620738665,26552.620960323,26552.629933585,0.06756066431989893,0.22062000061850995,0.2881806649384089,9.619439999369206,0.22165800328366458,8.973261999926763,19.102540667518042
0,749,26552.644164377667,26552.644231039,26552.644456716,26552.654049943,26552.654125878,26552.662828426,0.06666133413091302,0.22567699852515943,0.29233833265607245,9.593227001460036,0.07593500049551949,8.702547998836963,18.66404833344859
0,750,26552.677497711,26552.677564771,26552.677770874,26552.687281452,26552.687508897,26552.696769048,0.06705999840050936,0.20610300271073356,0.2731630011112429,9.510577998298686,0.2274450016557239,9.260151000489714,19.271337001555366
0,751,26552.710831044333,26552.710895901,26552.711105976,26552.720656646,26552.720886286,26552.729931409,0.06485666744993068,0.2100749989040196,0.2749316663539503,9.550670001772232,0.22963999799685553,9.045123002579203,19.10036466870224
0,752,26552.744164377666,26552.744230318,26552.744453392,26552.754074193,26552.754130147,26552.762925862,0.06594033402507193,0.22307399922283366,0.2890143332479056,9.620800999982748,0.055954002164071426,8.795714998996118,18.761484334390843
0,753,26552.777497711,26552.777564623,26552.777786522,26552.787283813,26552.787518008,26552.797111161,0.06691200178465806,0.22189900118974037,0.28881100297439843,9.497290997387609,0.23419500212185085,9.593152997695142,19.613450000179
0,754,26552.810831044335,26552.810941429,26552.811170902,26552.820710397,26552.820940055,26552.82999679,0.11038466618629172,0.2294730002176948,0.3398576664039865,9.539495000353782,0.22965799871599302,9.056734998011962,19.165745663485723
0,755,26552.844164377668,26552.844240198,26552.844457198,26552.853984749,26552.854040915,26552.862747565,0.07582033140351996,0.21700000070268288,0.29282033210620284,9.527550999337109,0.05616600174107589,8.70664999820292,18.583187331387307
0,756,26552.877497711,26552.877570975,26552.877774069,26552.88725086,26552.887470018,26552.896966105,0.07326400009333156,0.20309399769757874,0.2763579977909103,9.476791001361562,0.2191579987993464,9.496087001025444,19.468393998977263
0,757,26552.910831044333,26552.91093529,26552.911161875,26552.920778935,26552.921010195,26552.930536568,0.10424566789879464,0.22658499801764265,0.3308306659164373,9.617060000891797,0.2312600008735899,9.5263729999715,19.705523667653324
0,758,26552.944164377666,26552.944267142,26552.944490309,26552.954095693,26552.954156462,26552.962992407,0.10276433386025019,0.22316700051305816,0.32593133437330835,9.605383998859907,0.06076900172047317,8.835944998281775,18.828029333235463
0,759,26552.977497711,26552.977571632,26552.977782419,26552.987262043,26552.987492997,26552.9967415,0.07392100087599829,0.21078699865029193,0.2847079995262902,9.47962400096003,0.23095399956218898,9.248502999980701,19.24378900002921
0,760,26553.010831044332,26553.010899176,26553.011118677,26553.020632319,26553.02086907,26553.029956971,0.06813166692154482,0.21950100199319422,0.28763266891473904,9.513641998637468,0.236750998737989,9.08790100220358,19.125926668493776
0,761,26553.044164377665,26553.044232508,26553.044449972,26553.054041309,26553.054095254,26553.062889986,0.06813033542130142,0.21746399943367578,0.2855943348549772,9.591336998710176,0.05394500112743117,8.794731998932548,18.725608333625132
0,762,26553.077497711,26553.077566359,26553.077797581,26553.087270039,26553.087501105,26553.096855265,0.06864799797767773,0.23122200218494982,0.29987000016262755,9.472457997617312,0.23106600201572292,9.354159999929834,19.357553999725496
0,763,26553.110831044334,26553.110899005,26553.111102599,26553.120590834,26553.120645677,26553.129353446,0.06796066736569628,0.20359399786684662,0.2715546652325429,9.488235002208967,0.05484299981617369,8.707768996828236,18.52240166408592
0,764,26553.144164377667,26553.144230828,26553.144448977,26553.154052361,26553.154105065,26553.162986603,0.0664503313601017,0.2181490017392207,0.2845993330993224,9.603383998182835,0.05270400288281962,8.881538000423461,18.82222533458844
0,765,26553.177497711,26553.177564513,26553.177769347,26553.187257832,26553.187483749,26553.197073809,0.06680200021946803,0.20483399930526502,0.27163599952473305,9.488485000474611,0.22591699962504208,9.59005999902729,19.576097998651676
0,766,26553.210831044333,26553.210897365,26553.211101226,26553.220610554,26553.220835926,26553.230095613,0.06632066651945934,0.2038610000454355,0.27018166656489484,9.509327999694506,0.22537200129590929,9.259686998120742,19.26456866567605
0,767,26553.244164377666,26553.244231773,26553.244457412,26553.254098453,26553.254151814,26553.263012187,0.06739533273503184,0.22563900347449817,0.29303433620953,9.64104099693941,0.053361000027507544,8.860373000061372,18.84780933323782
0,768,26553.277497711,26553.277564476,26553.277815653,26553.287289323,26553.287362796,26553.296323445,0.0667650019749999,0.2511769998818636,0.3179420018568635,9.47367000117083,0.07347299833782017,8.960649000073317,18.825734001438832
0,769,26553.310831044335,26553.310897698,26553.311099726,26553.320651342,26553.320873907,26553.330150809,0.06665366527158767,0.20202800078550354,0.2686816660570912,9.551615999953356,0.22256499869399704,9.276902001147391,19.319764665851835
0,770,26553.344164377668,26553.344230596,26553.344439254,26553.354023046,26553.354077046,26553.363068196,0.06621833381359465,0.20865799888269976,0.2748763326962944,9.583791998011293,0.05400000009103678,8.991149999928894,18.903818330727518
0,771,26553.377497711,26553.377563143,26553.377781894,26553.387272704,26553.387509065,26553.397255828,0.06543199924635701,0.218750999920303,0.28418299916666,9.490809999988414,0.23636100013391115,9.746763000293868,19.758116999582853
0,772,26553.410831044333,26553.410898736,26553.411105811,26553.420642212,26553.420866121,26553.430273198,0.0676916679367423,0.20707499788841233,0.27476666582515463,9.536401001241757,0.22390899903257377,9.407076999195851,19.442153665295336
0,773,26553.444164377666,26553.444229014,26553.444443709,26553.453974592,26553.454029768,26553.463087391,0.06463633326347917,0.21469499915838242,0.2793313324218616,9.530883002298651,0.05517599856830202,9.057622999534942,18.923013332823757
0,774,26553.477497711,26553.477564403,26553.477774931,26553.487249184,26553.487484657,26553.497516405,0.0666920022922568,0.21052800002507865,0.27722000231733546,9.474252998188604,0.23547299861093052,10.031748002802487,20.018694001919357
0,775,26553.510831044332,26553.510898199,26553.511153598,26553.520702454,26553.520931158,26553.53043107,0.0671546695230063,0.25539899797877297,0.3225536675017793,9.548856000037631,0.22870400061947294,9.49991200104705,19.600025669205934
0,776,26553.544164377665,26553.544230347,26553.544459199,26553.554051851,26553.554107602,26553.563248178,0.06596933599212207,0.22885200087330304,0.2948213368654251,9.592651997081703,0.05575100294663571,9.14057599948137,19.083800336375134
0,777,26553.577497711,26553.577563605,26553.577777041,26553.587249045,26553.587474583,26553.597421281,0.065893997089006,0.21343600019463338,0.2793299972836394,9.47200399969006,0.22553800226887688,9.946697999112075,19.92356999835465
0,778,26553.610831044334,26553.610898919,26553.611120077,26553.620638155,26553.620894712,26553.630580511,0.06787466554669663,0.2211579994764179,0.28903266502311453,9.518078000837704,0.2565569993748795,9.685798999271356,19.749466664507054
0,779,26553.644164377667,26553.644230973,26553.644440345,26553.653997866,26553.654053117,26553.663304795,0.06659533391939476,0.209371999517316,0.27596733343671076,9.557520999806002,0.05525099913938902,9.251678002328845,19.140417334710946
0,780,26553.677497711,26553.67756425,26553.677797677,26553.687251911,26553.687479958,26553.697587519,0.06653899981756695,0.23342699932982214,0.2999659991473891,9.454234001168516,0.2280469998368062,10.107561000040732,20.089808000193443
0,781,26553.710831044333,26553.710898424,26553.71110474,26553.720649003,26553.720870003,26553.730524045,0.0673796675982885,0.20631599909393117,0.2736956666922197,9.544263000861974,0.2209999984188471,9.654042001784546,19.693000667757588
0,782,26553.744164377666,26553.744230506,26553.744441257,26553.754022141,26553.754077659,26553.763533199,0.06612833385588601,0.21075100084999576,0.2768793347058818,9.580884001479717,0.0555179976799991,9.455539999180473,19.36882133304607
0,783,26553.777497711,26553.777564292,26553.777773052,26553.787258296,26553.787488862,26553.797763331,0.06658100028289482,0.208760000532493,0.2753410008153878,9.485244001552928,0.23056599820847623,10.274469001160469,20.26562000173726
0,784,26553.810831044335,26553.810897726,26553.811117977,26553.820673102,26553.820898538,26553.830700088,0.06668166679446585,0.22025099679012783,0.2869326635845937,9.5551250014978,0.22543600061908364,9.801550000702264,19.86904366640374
0,785,26553.844164377668,26553.84423056,26553.844439255,26553.853952916,26553.854007046,26553.863501078,0.06618233237531967,0.2086950007651467,0.27487733314046636,9.513660999800777,0.0541299996257294,9.494032001384767,19.33670033395174
0,786,26553.877497711,26553.877565051,26553.87777008,26553.887254416,26553.887488751,26553.897731396,0.06733999907737598,0.20502899860730395,0.2723689976846799,9.484336002060445,0.23433499882230535,10.24264499937999,20.23368499794742
0,787,26553.910831044333,26553.910932866,26553.911180682,26553.920717324,26553.920956223,26553.931338036,0.1018216680677142,0.2478159985912498,0.349637666658964,9.536641999147832,0.2388989996688906,10.381813001004048,20.506991666479735
0,788,26553.944164377666,26553.94426031,26553.944489089,26553.954075361,26553.954150574,26553.963704171,0.0959323333518114,0.22877900119055994,0.32471133454237133,9.58627200088813,0.07521299994550645,9.553596999467118,19.539793334843125
0,789,26553.977497711,26553.977570069,26553.97778907,26553.987256852,26553.987488093,26553.997708285,0.07235800148919225,0.21900099818594754,0.2913589996751398,9.46778200159315,0.23124099971028045,10.220191998087103,20.210573999065673
0,790,26554.010831044332,26554.010900635,26554.011120857,26554.020629935,26554.020868418,26554.030714507,0.06959066740819253,0.2202220020990353,0.28981266950722784,9.509077997790882,0.23848300043027848,9.846089000348002,19.88346266807639
0,791,26554.044164377665,26554.044231532,26554.044457468,26554.053967964,26554.054022825,26554.063581144,0.06715433482895605,0.22593600078835152,0.2930903356173076,9.510495998256374,0.05486100053531118,9.558319001371274,19.416766335780267
0,792,26554.077497711,26554.077563699,26554.077775089,26554.087263852,26554.08748689,26554.097893508,0.06598799882340245,0.211390000913525,0.27737799973692745,9.488763000263134,0.22303799778455868,10.406617999251466,20.395796997036086
0,793,26554.110831044334,26554.110899468,26554.111111988,26554.120642102,26554.120875622,26554.131092915,0.06842366565251723,0.21252000078675337,0.2809436664392706,9.53011399906245,0.23352000062004663,10.217292998277117,20.261870664398884
0,794,26554.144164377667,26554.144269144,26554.144492182,26554.154105066,26554.154158465,26554.164361193,0.1047663317876868,0.2230380014225375,0.3278043332102243,9.612884001398925,0.053398998716147617,10.20272800087696,20.196815334202256
0,795,26554.177497711,26554.177573181,26554.177779497,26554.18731827,26554.18755553,26554.198582733,0.07547000132035464,0.20631599909393117,0.2817860004142858,9.538772999803768,0.23725999926682562,11.02720299968496,21.08502199916984
0,796,26554.210831044333,26554.210940579,26554.211170025,26554.220807085,26554.221036391,26554.231862815,0.10953466698992997,0.22944599913898855,0.33898066612891853,9.637060000386555,0.22930600243853405,10.826423997059464,21.031770666013472
0,797,26554.244164377666,26554.244238913,26554.244473257,26554.254081345,26554.254139919,26554.264874667,0.07453533544321544,0.2343439991818741,0.30887933462508954,9.608087999367854,0.058574001741362736,10.734747997048544,20.71028933278285
0,798,26554.277497711,26554.277565775,26554.277773321,26554.287329372,26554.287555622,26554.299261559,0.06806400051573291,0.20754599972860888,0.2756100002443418,9.55605100170942,0.2262499983771704,11.705937002261635,21.763848002592567
0,799,26554.310831044335,26554.310899413,26554.311103451,26554.32067475,26554.320900075,26554.332228714,0.06836866668891162,0.20403799862833694,0.27240666531724855,9.571299000526778,0.22532499860972166,11.328639000566909,21.397669665020658
0,800,26554.344164377668,26554.344231402,26554.344436699,26554.354026851,26554.354081962,26554.365138749,0.06702433165628463,0.20529700123006478,0.2723213328863494,9.590151999873342,0.05511099880095571,11.056786999688484,20.97437133124913
0,801,26554.377497711,26554.377564382,26554.377765383,26554.387244776,26554.387468211,26554.399401991,0.06667100024060346,0.20100099936826155,0.267671999608865,9.479393000219716,0.22343499949784018,11.933779998798855,21.904279998125276
0,802,26554.410831044333,26554.410899196,26554.411102836,26554.420611173,26554.420835367,26554.43259435,0.0681516648910474,0.2036400001088623,0.2717916649999097,9.508337003353518,0.22419399829232134,11.758983000618173,21.76330566726392
0,803,26554.444164377666,26554.444231991,26554.444439918,26554.453980717,26554.454036319,26554.465654969,0.06761333497706801,0.20792699797311798,0.275540332950186,9.540799001115374,0.055601998610654846,11.618650001764763,21.49059133444098
0,804,26554.477497711,26554.477566999,26554.477776749,26554.487247929,26554.48747617,26554.499858582,0.06928800212335773,0.20975000006728806,0.2790380021906458,9.471179997490253,0.228241002332652,12.382411998260068,22.36087100027362
0,805,26554.510831044332,26554.51089871,26554.511112628,26554.520660465,26554.520890391,26554.532747931,0.06766566730220802,0.21391799964476377,0.2815836669469718,9.547837002173765,0.22992599770077504,11.857540001074085,21.916886667895596
0,806,26554.544164377665,26554.544229024,26554.54425508,26554.553585286,26554.553633203,26554.565200076,0.06464633406721987,0.0260560009337496,0.09070233500096947,9.33020600132295,0.04791699757333845,11.566872999537736,21.035698333434993
0,807,26554.577497711,26554.57756457,26554.577782922,26554.587249316,26554.587506057,26554.599843358,0.06685900007141754,0.2183519973186776,0.28521099739009514,9.466393999900902,0.2567410010669846,12.33730099920649,22.345646997564472
0,808,26554.610831044334,26554.610898653,26554.611107274,26554.620666594,26554.620887817,26554.632810893,0.06760866745025851,0.20862099700025283,0.27622966445051134,9.559320002153981,0.2212229992437642,11.9230759992206,21.979848665068857
0,809,26554.644164377667,26554.644230839,26554.644256061,26554.653566518,26554.653615342,26554.665211557,0.06646133260801435,0.02522200156818144,0.09168333417619579,9.310457000538008,0.04882399662164971,11.596215001191013,21.047179332526866
0,810,26554.677497711,26554.677563552,26554.677770405,26554.687205612,26554.687432797,26554.699910293,0.0658409990137443,0.20685300114564598,0.27269400015939027,9.435207000933588,0.22718499894835986,12.477495998609811,22.41258199865115
0,811,26554.710831044333,26554.710898505,26554.711111488,26554.720667585,26554.720894049,26554.733157405,0.0674606671964284,0.21298299907357432,0.2804436662700027,9.556097000313457,0.22646400248049758,12.263355998584302,22.32636066764826
0,812,26554.744164377666,26554.744231117,26554.744454886,26554.754019141,26554.75407602,26554.76622756,0.06673933603451587,0.22376899869414046,0.29050833472865634,9.564255000441335,0.05687899829354137,12.15154000237817,22.063182335841702
0,813,26554.777497711,26554.777565839,26554.777770183,26554.787274446,26554.787501576,26554.800374342,0.06812799983890727,0.20434399993973784,0.2724719997786451,9.50426300187246,0.22712999998475425,12.872766001237324,22.876631002873182
0,814,26554.810831044335,26554.810902006,26554.811121062,26554.820678011,26554.820914715,26554.833364738,0.07096166518749669,0.21905600078753196,0.29001766597502865,9.556949000398163,0.23670399968978018,12.450022997654742,22.533693663717713
0,815,26554.844164377668,26554.844275599,26554.844512044,26554.854067919,26554.854123882,26554.866289441,0.11122133219032548,0.2364450010645669,0.3476663332548924,9.555874999932712,0.055962998885661364,12.165559001005022,22.125063333078288
0,816,26554.877497711,26554.877593062,26554.87780034,26554.887310029,26554.887534465,26554.900546064,0.09535099889035337,0.20727800074382685,0.3026289996341802,9.509688999969512,0.2244360002805479,13.01159899958293,23.04835299946717
0,817,26554.910831044333,26554.910941247,26554.911177933,26554.920701946,26554.920938947,26554.934327844,0.11020266538253054,0.2366860026086215,0.34688866799115203,9.524012999463594,0.23700100064161234,13.388896997639677,23.496799665736035
0,818,26554.944164377666,26554.944333451,26554.944568228,26554.95409901,26554.954155177,26554.9646766,0.16907333338167518,0.23477699869545177,0.40385033207712695,9.53078200109303,0.05616700218524784,10.521422998863272,20.512222334218677
0,819,26554.977497711,26554.977578449,26554.977792422,26554.987276369,26554.987506676,26554.997475644,0.08073800199781545,0.21397299860836938,0.2947110006061848,9.48394700026256,0.23030699958326295,9.96896799915703,19.97793299960904
0,820,26555.010831044332,26555.010903068,26555.01111555,26555.020654553,26555.020880721,26555.030548873,0.07202366759884171,0.2124820020981133,0.284505669696955,9.53900300009991,0.22616799833485857,9.66815200081328,19.717828668945003
0,821,26555.044164377665,26555.04423441,26555.044455956,26555.053988765,26555.054043728,26555.063371046,0.0700323362252675,0.22154599719215184,0.29157833341741934,9.532809002848808,0.05496299854712561,9.327317999122897,19.20666833393625
0,822,26555.077497711,26555.0775655,26555.077593241,26555.086850512,26555.0870963,26555.097044741,0.06778899842174724,0.027740999939851463,0.0955299983615987,9.257271001843037,0.24578800002927892,9.948440998414299,19.547029998648213
0,823,26555.110831044334,26555.110899536,26555.111109045,26555.12059454,26555.120821125,26555.130498091,0.06849166675237939,0.20950899852323346,0.27800066527561285,9.485495000262745,0.22658500165562145,9.676965997641673,19.667046664835652
0,824,26555.144164377667,26555.144232359,26555.144446711,26555.1539949,26555.154050289,26555.163422255,0.06798133472329937,0.2143519996025134,0.28233333432581276,9.548188998451224,0.05538899858947843,9.371965999889653,19.257877331256168
0,825,26555.177497711,26555.177565598,26555.177789766,26555.187303807,26555.187579567,26555.19757823,0.06788699829485267,0.22416800129576586,0.29205499959061854,9.514041001239093,0.275759997748537,9.998663001169916,20.080518999748165
0,826,26555.210831044333,26555.210956654,26555.211191674,26555.220694686,26555.220930456,26555.230550692,0.12560966570163146,0.23502000112785026,0.3606296668294817,9.503011999186128,0.23576999956276268,9.620236000046134,19.719647665624507
0,827,26555.244164377666,26555.244243377,26555.244459813,26555.253988576,26555.254066677,26555.2634882,0.07899933552835137,0.21643599757226184,0.2954353331006132,9.528763002890628,0.07810099850757979,9.421522998309229,19.32382233280805
0,828,26555.277497711,26555.277566709,26555.277771877,26555.287330937,26555.287555614,26555.297582119,0.06899800064275041,0.20516800213954411,0.2741660027822945,9.559059999446617,0.22467699818662368,10.026505002315389,20.084408002730925
0,829,26555.310831044335,26555.310905691,26555.311117035,26555.320653836,26555.320711604,26555.330194589,0.07464666487067007,0.21134399867150933,0.2859906635421794,9.536801000649575,0.05776800026069395,9.482985002250643,19.363544666703092
0,830,26555.344164377668,26555.344231729,26555.344440007,26555.354053493,26555.354107262,26555.36352708,0.06735133138136007,0.2082780010823626,0.2756293324637227,9.613485999580007,0.05376899935072288,9.419818001333624,19.362702332728077
0,831,26555.377497711,26555.377566785,26555.377771442,26555.387329354,26555.387551335,26555.397779833,0.06907399802003056,0.2046570007223636,0.27373099874239415,9.557911998854252,0.22198100123205222,10.22849800210679,20.282122000935487
0,832,26555.410831044333,26555.410899979,26555.411105128,26555.420672011,26555.42089491,26555.430840202,0.06893466706969775,0.20514900097623467,0.2740836680459324,9.566882999934023,0.22289899789029732,9.945292000338668,20.00915766620892
0,833,26555.444164377666,26555.444232275,26555.444445803,26555.454085179,26555.454141262,26555.463801359,0.06789733379264362,0.21352800104068592,0.28142533483332954,9.639375999540789,0.056082997616613284,9.660097002779366,19.6369813347701
0,834,26555.477497711,26555.477586738,26555.477797924,26555.487298734,26555.487350613,26555.497231674,0.08902700210455805,0.21118599761393853,0.3002129997184966,9.500809999735793,0.0518790002388414,9.881060999759939,19.73396299945307
0,835,26555.510831044332,26555.51090221,26555.511110359,26555.520633882,26555.520857058,26555.530931602,0.07116566848708317,0.20814899835386313,0.2793146668409463,9.523523000098066,0.2231760008726269,10.074543999508023,20.100557667319663
0,836,26555.544164377665,26555.544230951,26555.544443628,26555.554075457,26555.554131781,26555.563822007,0.06657333506154828,0.21267700140015222,0.2792503364617005,9.631828997953562,0.05632399916066788,9.690226001112023,19.657629334687954
0,837,26555.577497711,26555.577565165,26555.577769646,26555.587215771,26555.587270604,26555.59695171,0.067453998781275,0.2044809989456553,0.2719349977269303,9.44612500097719,0.05483299901243299,9.68110599933425,19.453998997050803
0,838,26555.610831044334,26555.61089947,26555.611105804,26555.620675132,26555.620737031,26555.630748425,0.06842566654086113,0.20633399981306866,0.2747596663539298,9.569327998178778,0.06189900159370154,10.01139399886597,19.91738066499238
0,839,26555.644164377667,26555.644230609,26555.644436249,26555.653972021,26555.65402554,26555.663898536,0.06623133231187239,0.2056400007859338,0.2718713330978062,9.53577199834399,0.053519001085078344,9.872996000922285,19.73415833344916
0,840,26555.677497711,26555.677564841,26555.677773609,26555.687295974,26555.687348909,26555.697295609,0.06713000038871542,0.2087680004478898,0.2758980008366052,9.52236499870196,0.05293499998515472,9.946700000000419,19.79789799952414
0,841,26555.710831044333,26555.710900663,26555.711106432,26555.720635361,26555.720858964,26555.731143295,0.06961866893107072,0.20576899987645447,0.2753876688075252,9.528929000225617,0.22360299772117287,10.284331001457758,20.312250668212073
0,842,26555.744164377666,26555.74423006,26555.744439839,26555.753948647,26555.754000832,26555.763964181,0.0656823358440306,0.20977899839635938,0.27546133424039,9.508808001555735,0.0521849979122635,9.963348999008304,19.799803332716692
0,843,26555.777497711,26555.777564827,26555.777772161,26555.787236544,26555.787288063,26555.797160522,0.06711600144626573,0.20733400015160441,0.27445000159787014,9.464383001613896,0.051518996770028025,9.872459002508549,19.662811002490344
0,844,26555.810831044335,26555.81089965,26555.811110123,26555.820725293,26555.820949322,26555.831203124,0.06860566645627841,0.21047299742349423,0.27907866387977265,9.615170001779916,0.2240289977635257,10.253802000079304,20.372079663502518
0,845,26555.844164377668,26555.844232417,26555.844437538,26555.853954348,26555.854006505,26555.864157001,0.06803933138144203,0.2051209994533565,0.2731603308347985,9.516810001514386,0.05215700002736412,10.150496000278508,19.992623332655057
0,846,26555.877497711,26555.877565046,26555.877767936,26555.887272615,26555.887339735,26555.897490991,0.06733500049449503,0.20288999803597108,0.2702249985304661,9.504679001111072,0.06711999958497472,10.151255999517161,19.993279998743674
0,847,26555.910831044333,26555.910925804,26555.911137943,26555.920632401,26555.920684215,26555.934176168,0.09475966726313345,0.21213899890426546,0.3068986661673989,9.49445800142712,0.05181400047149509,13.491952999174828,23.34512366724084
0,848,26555.944164377666,26555.944257655,26555.944488563,26555.954003243,26555.954056771,26555.963066709,0.09327733278041705,0.23090800095815212,0.32418533373856917,9.514680001302622,0.05352799780666828,9.00993799950811,18.90233133235597
0,849,26555.977497711,26555.97757097,26555.977797313,26555.987265465,26555.98731577,26555.996327449,0.07325900151045062,0.2263429996673949,0.2996020011778455,9.468151998589747,0.05030499960412271,9.011679001559969,18.829738000931684
0,850,26556.010831044332,26556.010900739,26556.011157655,26556.020633697,26556.020902633,26556.030467553,0.06969466630835086,0.25691600239952095,0.3266106687078718,9.476041999732843,0.2689360007934738,9.56491999750142,19.636508666735608
0,851,26556.044164377665,26556.044231312,26556.044447869,26556.053977845,26556.054034512,26556.063407515,0.0669343353365548,0.21655700038536452,0.2834913357219193,9.529975999612361,0.05666699871653691,9.373003002110636,19.243137336161453
0,852,26556.077497711,26556.077784462,26556.078038166,26556.08751079,26556.087571475,26556.097037563,0.28675099747488275,0.2537040018069092,0.540454999281792,9.47262399859028,0.06068500078981742,9.4660879985895,19.53985199725139
0,853,26556.110831044334,26556.111108952,26556.111341138,26556.120853337,26556.121096967,26556.131001316,0.27790766762336716,0.23218599744723178,0.510093665070599,9.512199001619592,0.2436299982946366,9.904349000862567,20.170271665847395
0,854,26556.144164377667,26556.144436332,26556.144673472,26556.154280791,26556.15433806,26556.164053231,0.27195433358429,0.2371400005358737,0.5090943341201637,9.607318999769632,0.057269000535598025,9.715170999697875,19.88885333412327
0,855,26556.177497711,26556.177774277,26556.178020926,26556.187501642,26556.187562309,26556.197368324,0.2765659992292058,0.24664900047355331,0.5232149997027591,9.480716002144618,0.06066700007067993,9.806014997593593,19.87061299951165
0,856,26556.210831044333,26556.211105924,26556.211341944,26556.220895494,26556.220951948,26556.231022879,0.2748796687228605,0.2360199978284072,0.5108996665512677,9.553550000418909,0.0564539986953605,10.0709310027014,20.191834668366937
0,857,26556.244164377666,26556.244444489,26556.244682574,26556.254233457,26556.254292884,26556.264439927,0.2801113332679961,0.23808500191080384,0.5181963351787999,9.55088299815543,0.05942700227024034,10.147042998141842,20.275549333746312
0,858,26556.277497711,26556.277576072,26556.277787879,26556.287226484,26556.287281058,26556.297196156,0.07836100121494383,0.21180700059630908,0.2901680018112529,9.43860500046867,0.05457400038721971,9.915097998600686,19.698445001267828
0,859,26556.310831044335,26556.311146368,26556.311390369,26556.320992207,26556.321052624,26556.331189092,0.31532366483588703,0.24400099937338382,0.5593246642092708,9.601837999070995,0.0604170018050354,10.136468001292087,20.358047666377388
0,860,26556.344164377668,26556.344450682,26556.344703776,26556.35437665,26556.354664735,26556.364968629,0.28630433371290565,0.2530940000724513,0.539398333785357,9.672873999079457,0.2880850006476976,10.30389399966225,20.80425133317476
0,861,26556.377497711,26556.377779829,26556.378016636,26556.387528574,26556.387591009,26556.397521662,0.2821179987222422,0.23680700178374536,0.5189250005059876,9.511937998468056,0.06243499956326559,9.930652999173617,20.023950997710926
0,862,26556.410831044333,26556.411135327,26556.411373125,26556.420944925,26556.421004758,26556.430891513,0.3042826647288166,0.23779800176271237,0.542080666491529,9.571800001140218,0.05983300070511177,9.886754996841773,20.060468665178632
0,863,26556.444164377666,26556.444463456,26556.444745753,26556.454326868,26556.454403211,26556.464831496,0.2990783323184587,0.28229700183146633,0.581375334149925,9.581114998582052,0.07634299981873482,10.428285000671167,20.66711833322188
0,864,26556.477497711,26556.477578223,26556.477797909,26556.487295959,26556.487355144,26556.49754989,0.08051199984038249,0.21968600049149245,0.30019800033187494,9.498049999820068,0.05918500028201379,10.19474599888781,20.052178999321768
0,865,26556.510831044332,26556.511104741,26556.511343047,26556.520889069,26556.52095006,26556.531097807,0.2736966671363916,0.23830600184737705,0.5120026689837687,9.546021999994991,0.06099099846323952,10.147747001610696,20.266762669052696
0,866,26556.544164377665,26556.544444943,26556.544693166,26556.554339698,26556.554419541,26556.564579973,0.2805653348332271,0.248223001108272,0.5287883359414991,9.646531998441787,0.07984300100360997,10.160432000702713,20.41559533608961
0,867,26556.577497711,26556.577785758,26556.578024879,26556.587518225,26556.587769578,26556.598835532,0.2880469983210787,0.23912100004963577,0.5271679983707145,9.49334599863505,0.2513530016585719,11.065954000514466,21.337820999178803
0,868,26556.610831044334,26556.611120184,26556.611369999,26556.620974151,26556.621239569,26556.631805104,0.2891396652557887,0.24981499882414937,0.5389546640799381,9.604152000974864,0.26541800252743997,10.565534998022486,20.974059665604727
0,869,26556.644164377667,26556.644456239,26556.644689148,26556.654282106,26556.65434142,26556.664795706,0.291861331788823,0.23290900207939558,0.5247703338682186,9.592957998393103,0.059313999372534454,10.454286002641311,20.631328334275167
0,870,26556.677497711,26556.67757709,26556.677811471,26556.687310289,26556.687556466,26556.698836134,0.07937899863463826,0.23438100106432103,0.3137599996989593,9.498817998974118,0.24617700182716362,11.279668000497622,21.338423000997864
0,871,26556.710831044333,26556.711111462,26556.711362602,26556.720892541,26556.721134912,26556.731924976,0.28041766563546844,0.25114000163739547,0.5315576672728639,9.529939001367893,0.24237099933088757,10.790063999593258,21.093931667564902
0,872,26556.744164377666,26556.744453786,26556.744710537,26556.754314467,26556.754374393,26556.764841206,0.28940833362867124,0.2567510018707253,0.5461593354993965,9.603930000594119,0.05992599835735746,10.466813000675756,20.67682833512663
0,873,26556.777497711,26556.777778869,26556.777832675,26556.787092484,26556.787348142,26556.79860804,0.2811580015986692,0.05380600123316981,0.334964002831839,9.259808997740038,0.25565800024196506,11.259898001299007,21.11032900211285
0,874,26556.810831044335,26556.811167018,26556.811425898,26556.820956633,26556.821206088,26556.831998976,0.3359736656420864,0.2588799980003387,0.5948536636424251,9.530735002044821,0.2494549989933148,10.792887998832157,21.167931663512718
0,875,26556.844164377668,26556.844288943,26556.844534065,26556.854110938,26556.854173818,26556.864759391,0.12456533295335248,0.24512199888704345,0.3696873318403959,9.576872998877661,0.06288000076892786,10.585572999843862,20.595013331330847
0,876,26556.877497711,26556.877768999,26556.877991269,26556.887557161,26556.887796699,26556.899233107,0.2712879977480043,0.2222700022684876,0.49355800001649186,9.565891999955056,0.23953799973241985,11.436408000008669,21.735395999712637
0,877,26556.910831044333,26556.911240768,26556.91147513,26556.92101057,26556.921250079,26556.934894134,0.40972366696223617,0.2343619999010116,0.6440856668632478,9.535440000036033,0.23950900140334852,13.644054997712374,24.063089666015003
0,878,26556.944164377666,26556.94427023,26556.944505722,26556.954101356,26556.95415968,26556.964972771,0.1058523339452222,0.23549199977423996,0.34134433371946216,9.595634001016151,0.05832399983773939,10.81309099754435,20.808393332117703
0,879,26556.977497711,26556.977572943,26556.977787055,26556.987267206,26556.98749805,26556.999089728,0.0752320011088159,0.21411199850263074,0.28934399961144663,9.480151002208004,0.23084399799699895,11.591678001423134,21.592017001239583
0,880,26557.010831044332,26557.010901119,26557.011126453,26557.020762643,26557.021002893,26557.032113301,0.07007466774666682,0.2253339989692904,0.2954086667159572,9.636189999582712,0.240250003116671,11.110407998785377,21.282256668200716
0,881,26557.044164377665,26557.044445592,26557.044704657,26557.054269004,26557.054329152,26557.065123651,0.28121433570049703,0.2590650001366157,0.5402793358371127,9.564346997649409,0.06014800237608142,10.794498997711344,20.959273333573947
0,882,26557.077497711,26557.077772721,26557.078024231,26557.087526457,26557.087785948,26557.099473838,0.2750099993136246,0.2515099986339919,0.5265199979476165,9.502225999312941,0.25949100017896853,11.687890000757761,21.976126998197287
0,883,26557.110831044334,26557.111115266,26557.111363535,26557.120910659,26557.121149993,26557.132407669,0.2842216672434006,0.24826899971230887,0.5324906669557095,9.547123998345342,0.23933400007081218,11.25767600024119,21.576624665613053
0,884,26557.144164377667,26557.144447237,26557.144695181,26557.154291917,26557.15435276,26557.165287537,0.2828593314916361,0.24794400087557733,0.5308033323672134,9.596735999366501,0.06084300184738822,10.934776997601148,21.12315933118225
0,885,26557.177497711,26557.177774365,26557.178002264,26557.187455767,26557.187705731,26557.199371594,0.2766539982985705,0.2278990032209549,0.5045530015195254,9.453503000258934,0.24996399952215143,11.665862999507226,21.873883000807837
0,886,26557.210831044333,26557.210908279,26557.211132567,26557.22071122,26557.220947489,26557.232202563,0.077234668424353,0.22428800002671778,0.3015226684510708,9.578653000062332,0.2362689992878586,11.255073997745058,21.37151866554632
0,887,26557.244164377666,26557.244430714,26557.244666159,26557.254203413,26557.254262617,26557.265462857,0.2663363338797353,0.23544500072603114,0.5017813346057665,9.537253998132655,0.05920400144532323,11.200240001926431,21.298479336110177
0,888,26557.277497711,26557.277768814,26557.277845092,26557.287098429,26557.287146743,26557.298749208,0.27110300288768485,0.07627800005138852,0.34738100293907337,9.253336997062434,0.04831400292459875,11.602464997849893,21.251497000776
0,889,26557.310831044335,26557.311106332,26557.31115811,26557.320481577,26557.320530715,26557.331666058,0.27528766440809704,0.05177799903322011,0.32706566344131716,9.323467002104735,0.04913799784844741,11.135343000205467,20.835013663599966
0,890,26557.344164377668,26557.344441674,26557.344675972,26557.354303504,26557.354363911,26557.365569162,0.27729633075068705,0.23429800057783723,0.5115943313285243,9.627531999285566,0.0604070010012947,11.205251001229044,21.40478433284443
0,891,26557.377497711,26557.377771073,26557.378003296,26557.387508541,26557.387567023,26557.39877744,0.27336199855199084,0.23222299932967871,0.5055849978816696,9.505245001491858,0.05848200089531019,11.210417000256712,21.27972900052555
0,892,26557.410831044333,26557.410906822,26557.41111574,26557.420628438,26557.420864318,26557.432654728,0.07577766518807039,0.2089180015900638,0.2846956667781342,9.512698001344688,0.2358799974899739,11.79041000068537,21.823683666298166
0,893,26557.444164377666,26557.44444987,26557.444687824,26557.454279773,26557.454346754,26557.466143544,0.28549233320518397,0.23795400193193927,0.5234463351371232,9.591948997694999,0.06698099969071336,11.796790000516921,21.979166333039757
0,894,26557.477497711,26557.477773305,26557.478009389,26557.487521643,26557.487775588,26557.500182592,0.2755940004135482,0.23608400078956038,0.5116780012031086,9.512254000583198,0.253944999712985,12.407004000124289,22.68488100162358
0,895,26557.510831044332,26557.511118416,26557.511374862,26557.520968042,26557.521029625,26557.53298934,0.28737166940118186,0.25644599736551754,0.5438176667666994,9.593180002411827,0.06158299947855994,11.95971500055748,22.158295669214567
0,896,26557.544164377665,26557.544436268,26557.544668935,26557.554299152,26557.554363208,26557.566289054,0.27189033426111564,0.23266700009116903,0.5045573343522847,9.630217002268182,0.0640559992461931,11.925845999940066,22.124676335806726
0,897,26557.577497711,26557.577778638,26557.578041852,26557.587539198,26557.587776884,26557.600509326,0.2809269972203765,0.2632140021887608,0.5441409994091373,9.497345999989193,0.23768599930917844,12.732441999105504,23.011614997813012
0,898,26557.610831044334,26557.610906776,26557.611120777,26557.620756106,26557.620992579,26557.633241295,0.07573166658403352,0.21400100013124757,0.2897326667152811,9.635328999138437,0.23647299894946627,12.248716000613058,22.410250665416243
0,899,26557.644164377667,26557.644432249,26557.644668537,26557.654247014,26557.65431031,26557.666301322,0.2678713317436632,0.23628800045116805,0.5041593321948312,9.578477001923602,0.06329600000753999,11.991011997452006,22.13694433157798
0,900,26557.677497711,26557.677778842,26557.678024574,26557.687559929,26557.68782131,26557.700549538,0.281131000519963,0.24573200062150136,0.5268630011414643,9.535354998661205,0.26138099929085,12.728228000923991,23.05182700001751
0,901,26557.710831044333,26557.711106258,26557.711341897,26557.720996596,26557.721233846,26557.733547479,0.2752136679191608,0.2356389995838981,0.5108526675030589,9.654698998929234,0.23725000210106373,12.313633000303525,22.716434668836882
0,902,26557.744164377666,26557.744454274,26557.744709025,26557.754338612,26557.754404373,26557.766529505,0.28989633574383333,0.254750997555675,0.5446473332995083,9.629587002564222,0.06576099985977635,12.125131997891003,22.36512733361451
0,903,26557.777497711,26557.777771292,26557.777999552,26557.78750538,26557.787735463,26557.800435273,0.27358100123819895,0.22825999985798262,0.5018410010961816,9.50582800214761,0.2300829983141739,12.699809998593992,22.937562000151956
0,904,26557.810831044335,26557.810908354,26557.811121985,26557.820772165,26557.821055897,26557.83380893,0.0773096653574612,0.2136309994966723,0.2909406648541335,9.650179999880493,0.28373199893394485,12.753033002809389,22.97788566647796
0,905,26557.844164377668,26557.844429438,26557.844661938,26557.854289312,26557.854363729,26557.867133142,0.26506033100304194,0.2325000023120083,0.49756033331505023,9.627373998227995,0.07441699926857837,12.769413002388319,22.968764333199942
0,906,26557.877497711,26557.877773704,26557.878010761,26557.887585367,26557.887826303,26557.901382848,0.2759929993771948,0.2370570000493899,0.5130499994265847,9.57460599965998,0.24093599859043024,13.556545000028564,23.88513699770556
0,907,26557.910831044333,26557.910960462,26557.911193981,26557.920696948,26557.920933616,26557.937702523,0.1294176654482726,0.23351900017587468,0.3629366656241473,9.502967001026263,0.2366679982515052,16.768907000368927,26.871478665270843
0,908,26557.944164377666,26557.94559328,26557.945830226,26557.955434175,26557.955495119,26557.96828469,1.4289023347373586,0.23694599804002792,1.6658483327773865,9.603949001757428,0.0609439994150307,12.789570999302668,24.120312333252514
0,909,26557.977497711,26557.977590693,26557.97785787,26557.987332216,26557.987576467,26557.999322497,0.09298200166085735,0.2671769980224781,0.3601589996833354,9.474345999478828,0.24425100127700716,11.746029998903396,21.824785999342566
0,910,26558.010831044332,26558.011053546,26558.011300684,26558.020868337,26558.021104884,26558.032332654,0.2225016687589232,0.24713799939490855,0.46963966815383174,9.567652999976417,0.23654699907638133,11.227769999095472,21.5016096663021
0,911,26558.044164377665,26558.044240369,26558.044455898,26558.054056791,26558.054118448,26558.065066836,0.0759913345973473,0.21552900216192938,0.2915203367592767,9.600892997696064,0.061656999605474994,10.948388000542764,20.90245833460358
0,912,26558.077497711,26558.077570166,26558.077784508,26558.087266124,26558.087495301,26558.099321618,0.07245499728014693,0.2143420024367515,0.2867969997168984,9.481615998083726,0.22917699971003458,11.826317000668496,21.823906998179154
0,913,26558.110831044334,26558.110903082,26558.111121185,26558.120655521,26558.120892967,26558.132375552,0.0720376665412914,0.21810299949720502,0.2901406660384964,9.534336000797339,0.2374459982092958,11.4825849996123,21.54450766465743
0,914,26558.144164377667,26558.14423674,26558.144474,26558.154028133,26558.154089828,26558.165598996,0.0723623343219515,0.23725999926682562,0.3096223335887771,9.55413300107466,0.061694998294115067,11.509168001794023,21.434618334751576
0,915,26558.177497711,26558.177580202,26558.177795833,26558.187301578,26558.187545042,26558.199793739,0.08249099846580066,0.21563100017374381,0.29812199863954447,9.505745001661126,0.24346400095964782,12.248696999449749,22.296028000710066
0,916,26558.210831044333,26558.21090673,26558.211124064,26558.220715106,26558.220958042,26558.232815961,0.07568566797999665,0.21733399989898317,0.2930196678789798,9.591041998646688,0.24293599926750176,11.857919002068229,21.9849166678614
0,917,26558.244164377666,26558.245430105,26558.245650995,26558.255266174,26558.255324221,26558.266915945,1.2657273327931762,0.22089000049163587,1.486617333284812,9.615179002139485,0.05804700049338862,11.59172400002717,22.751567335944856
0,918,26558.277497711,26558.277569277,26558.277784175,26558.287270161,26558.28751305,26558.299790906,0.07156600258895196,0.21489799837581813,0.2864640009647701,9.485986000072444,0.24288900021929294,12.277855999855092,22.2931950011116
0,919,26558.310831044335,26558.311057787,26558.311284583,26558.320849587,26558.321091607,26558.333029498,0.2267426643811632,0.22679600078845397,0.45353866516961716,9.565003998432076,0.24201999985962175,11.93789100216236,22.198453665623674
0,920,26558.344164377668,26558.344238629,26558.344496963,26558.354127486,26558.354186579,26558.365908405,0.07425133298966102,0.25833399922703393,0.33258533221669495,9.630522999941604,0.059092999435961246,11.721826002030866,21.744027333625127
0,921,26558.377497711,26558.377568444,26558.377781111,26558.387271634,26558.387511893,26558.400284899,0.07073300002957694,0.21266700059641153,0.28340000062598847,9.490522999840323,0.24025899983826093,12.773005997587461,22.787187997892033
0,922,26558.410831044333,26558.410904943,26558.411119518,26558.420649662,26558.420884097,26558.433140249,0.07389866732410155,0.2145750004274305,0.28847366775153205,9.530143997835694,0.2344349995837547,12.256152000190923,22.309204665361904
0,923,26558.444164377666,26558.445466215,26558.44568305,26558.455256535,26558.455315137,26558.466947267,1.3018373319937382,0.21683500017388724,1.5186723321676254,9.57348500014632,0.05860199962626211,11.632130001089536,22.782889333029743
0,924,26558.477497711,26558.477570433,26558.47778322,26558.487288585,26558.487533975,26558.500170905,0.07272199945873581,0.21278700296534225,0.28550900242407806,9.50536500022281,0.24538999787182547,12.636930001463043,22.673194001981756
0,925,26558.510831044332,26558.510906153,26558.511118237,26558.520737806,26558.520973899,26558.533265152,0.07510866635129787,0.21208399994065985,0.2871926662919577,9.619569002097705,0.23609300114912912,12.29125299869338,22.434107668232173
0,926,26558.544164377665,26558.545476999,26558.545708768,26558.555375948,26558.555436772,26558.567454914,1.3126213343639392,0.2317690014024265,1.5443903357663658,9.667179998359643,0.06082400068407878,12.018141998851206,23.290536333661294
0,927,26558.577497711,26558.577573669,26558.577788818,26558.587284127,26558.587517508,26558.600271096,0.07595799979753792,0.21514899708563462,0.29110699688317254,9.495309001067653,0.23338100072578527,12.753587998304283,22.773384996980894
0,928,26558.610831044334,26558.611061909,26558.611274863,26558.62079858,26558.621033442,26558.633276574,0.23086466535460204,0.212954000744503,0.44381866609910503,9.523716998955933,0.23486200007027946,12.243132001458434,22.445529666583752
0,929,26558.644164377667,26558.645461189,26558.645676329,26558.655349888,26558.655410462,26558.667601039,1.296811333304504,0.21514000036404468,1.5119513336685486,9.673558997747023,0.06057400241843425,12.190576999273617,23.436661333107622
0,930,26558.677497711,26558.677573322,26558.677791916,26558.68733367,26558.687569523,26558.700464353,0.0756109984649811,0.21859400294488296,0.29420500140986405,9.541753999656066,0.23585300004924648,12.894830000732327,22.966642001847504
0,931,26558.710831044333,26558.710908248,26558.711118323,26558.720698596,26558.720933745,26558.73331861,0.07720366556895897,0.2100750025419984,0.28727866811095737,9.580272999301087,0.23514900021837093,12.384865000058198,22.487565667688614
0,932,26558.744164377666,26558.744237091,26558.744456148,26558.754098458,26558.754160921,26558.766322563,0.07271333379321732,0.2190570012317039,0.2917703350249212,9.642310000344878,0.06246299744816497,12.161642000137363,22.158185332955327
0,933,26558.777497711,26558.777570666,26558.77782061,26558.787387772,26558.787624051,26558.800518363,0.07295500108739361,0.24994400155264884,0.32289900264004245,9.567162000166718,0.2362790000915993,12.894311999843922,23.02065200274228
0,934,26558.810831044335,26558.81090623,26558.811122925,26558.820663976,26558.820899013,26558.831598188,0.07518566417274997,0.21669499983545393,0.2918806640082039,9.541051000269363,0.2350370014028158,10.699174999899697,20.76714366558008
0,935,26558.844164377668,26558.844238499,26558.844450517,26558.854026874,26558.854085597,26558.864506483,0.07412133345496841,0.2120179997291416,0.28613933318411,9.5763569988776,0.058722998801385984,10.420886002975749,20.342105333838845
0,936,26558.877497711,26558.877571527,26558.877784435,26558.88726166,26558.887493763,26558.897496056,0.0738159978936892,0.21290800214046612,0.2867240000341553,9.477224997681333,0.2321030005987268,10.002293001889484,19.9983450002037
0,937,26558.910831044333,26558.911056018,26558.911270121,26558.920805847,26558.921038746,26558.932384506,0.2249736680823844,0.214102998143062,0.4390766662254464,9.535725999739952,0.23289900127565488,11.345759998221183,21.553461665462237
0,938,26558.944164377666,26558.944236416,26558.944452129,26558.953984087,26558.954040411,26558.96339086,0.0720383322914131,0.21571300021605566,0.28775133250746876,9.531957999570295,0.05632400279864669,9.350448999612126,19.226482334488537
0,939,26558.977497711,26558.977568637,26558.977810388,26558.987276421,26558.987514801,26558.997651862,0.07092600208125077,0.24175100043066777,0.31267700251191854,9.466032999625895,0.2383799983363133,10.1370609991136,20.154150999587728
0,940,26559.010831044332,26559.010920341,26559.011168852,26559.020748338,26559.020984115,26559.030523703,0.08929666728363372,0.24851100170053542,0.33780766898416914,9.579485998983728,0.23577699903398752,9.539588001644006,19.69265866864589
0,941,26559.044164377665,26559.044244184,26559.044462213,26559.054053457,26559.054108022,26559.06349523,0.07980633381521329,0.21802900300826877,0.29783533682348207,9.591243997419951,0.05456500002765097,9.387207999679958,19.330852333951043
0,942,26559.077497711,26559.077570775,26559.077830711,26559.087347345,26559.087582013,26559.097554046,0.07306399857043289,0.2599360013846308,0.3329999999550637,9.516633999737678,0.23466799757443368,9.972032999939984,20.05633499720716
0,943,26559.110831044334,26559.111931695,26559.112156676,26559.121666986,26559.121893718,26559.131807797,1.100650664739078,0.2249810022476595,1.3256316669867374,9.510309999313904,0.2267319978273008,9.91407900073682,20.97675266486476
0,944,26559.144164377667,26559.145277739,26559.145496814,26559.155017993,26559.155100161,26559.164853415,1.1133613334095571,0.2190749983128626,1.3324363317224197,9.521178999420954,0.08216800051741302,9.753254002134781,20.689037333795568
0,945,26559.177497711,26559.177570086,26559.177787958,26559.187319887,26559.187567657,26559.197975311,0.07237500176415779,0.21787199875689112,0.2902470005210489,9.531929001241224,0.24776999998721294,10.407653997390298,20.477599999139784
0,946,26559.210831044333,26559.210904372,26559.211129401,26559.220613376,26559.220852562,26559.231197189,0.07332766836043447,0.22502899810206145,0.2983566664624959,9.483975001785439,0.23918599981698208,10.344627000449691,20.366144668514607
0,947,26559.244164377666,26559.245305226,26559.245523801,26559.255079833,26559.25513725,26559.265375617,1.1408483333070762,0.21857500178157352,1.3594233350886498,9.55603200054611,0.05741699715144932,10.238367001875304,21.211239334661514
0,948,26559.277497711,26559.277572333,26559.277796185,26559.28728629,26559.287532559,26559.298641689,0.07462200301233679,0.22385199918062426,0.29847400219296105,9.490104999713367,0.24626899903523736,11.109130002296297,21.143978003237862
0,949,26559.310831044335,26559.310906137,26559.311131027,26559.320695846,26559.320941578,26559.331436761,0.07509266652050428,0.2248899982078001,0.29998266472830437,9.564818999933777,0.24573200062150136,10.495182999875396,20.60571666515898
0,950,26559.344164377668,26559.344237888,26559.344457721,26559.354042281,26559.354101652,26559.364407732,0.07351033127633855,0.2198330003011506,0.29334333157748915,9.584560000803322,0.05937099922448397,10.306079999281792,20.243354330887087
0,951,26559.377497711,26559.377569563,26559.377795388,26559.387292956,26559.387532874,26559.398878856,0.07185199865489267,0.22582500241696835,0.297677001071861,9.49756799673196,0.2399180011707358,11.345981998601928,21.381144997576484
0,952,26559.410831044333,26559.410907017,26559.411128111,26559.42068042,26559.420738374,26559.431523272,0.07597266812808812,0.22109400015324354,0.29706666828133166,9.552308998536319,0.05795399920316413,10.78489800056559,20.692227666586405
0,953,26559.444164377666,26559.444363054,26559.444580296,26559.454209199,26559.454269078,26559.46559069,0.19867633454850875,0.21724199905293062,0.41591833360143937,9.628903000702849,0.05987899930914864,11.321612000756431,21.426312334369868
0,954,26559.477497711,26559.477570906,26559.477787897,26559.48730292,26559.487547671,26559.500031231,0.07319500218727626,0.21699100034311414,0.2901860025303904,9.515022997220512,0.24475100144627504,12.4835599999642,22.533520001161378
0,955,26559.510831044332,26559.510907619,26559.511133333,26559.52067866,26559.520927986,26559.532712904,0.07657466630917042,0.22571400040760636,0.3022886667167768,9.545327000523685,0.24932599990279414,11.784918002376799,21.881859669520054
0,956,26559.544164377665,26559.544237767,26559.544459388,26559.554024605,26559.554086559,26559.565747783,0.07338933573919348,0.22162099776323885,0.29501033350243233,9.56521700209123,0.061954000557307154,11.661223998089554,21.583405334240524
0,957,26559.577497711,26559.577568554,26559.577789444,26559.587277485,26559.587522078,26559.600671909,0.07084299795678817,0.22089000049163587,0.29173299844842404,9.488040999713121,0.24459300038870424,13.149831000191625,23.174197998741874
0,958,26559.610831044334,26559.610908286,26559.611130879,26559.620708596,26559.620988236,26559.633840436,0.07724166425759904,0.22259300021687523,0.29983466447447427,9.577717002684949,0.2796400003717281,12.852199997723801,23.009391665254952
0,959,26559.644164377667,26559.64423912,26559.644454684,26559.654025041,26559.654084309,26559.666689712,0.07474233279936016,0.2155639995180536,0.29030633231741376,9.570357000484364,0.059268000768497586,12.605403000634396,22.525334334204672
0,960,26559.677497711,26559.677570212,26559.6777985,26559.687319521,26559.687573143,26559.70126193,0.0725009995221626,0.2282880013808608,0.3007890009030234,9.521020998363383,0.25362200176459737,13.688786999409785,23.76421900044079
0,961,26559.710831044333,26559.710906629,26559.711145639,26559.720734198,26559.720972847,26559.733798011,0.07558466677437536,0.2390100016782526,0.31459466845262796,9.588558998075314,0.23864900140324607,12.825163998058997,22.966966665990185
0,962,26559.744164377666,26559.744241657,26559.744456703,26559.75404305,26559.754104643,26559.766635055,0.07727933552814648,0.21504599862964824,0.2923253341577947,9.586347001459217,0.061593000282300636,12.530411997431656,22.47067733333097
0,963,26559.777497711,26559.777572128,26559.777783157,26559.78730317,26559.787573347,26559.800889429,0.07441700290655717,0.21102899700053968,0.28544599990709685,9.52001300174743,0.27017699903808534,13.316082000528695,23.391718001221307
0,964,26559.810831044335,26559.810905212,26559.811122851,26559.820749021,26559.820987411,26559.833910195,0.07416766675305553,0.2176389971282333,0.29180666388128884,9.62617000186583,0.238389999140054,12.922784000693355,23.079150665580528
0,965,26559.844164377668,26559.844235543,26559.84444535,26559.854078039,26559.854137335,26559.866839136,0.07116533379303291,0.20980699991923757,0.2809723337122705,9.632688997953665,0.05929600229137577,12.701800998911494,22.674758332868805
0,966,26559.877497711,26559.877572218,26559.877784395,26559.887291768,26559.887534214,26559.901079064,0.07450699922628701,0.21217700123088434,0.28668400045717135,9.5073729971773,0.24244600353995338,13.544849996833364,23.581352998007787
0,967,26559.910831044333,26559.910904031,26559.911126597,26559.920654888,26559.920894611,26559.936669079,0.07298666605493054,0.222565999138169,0.29555266519309953,9.52829100060626,0.23972300186869688,15.774468000017805,25.83803466768586
0,968,26559.944164377666,26559.94423778,26559.944470346,26559.954092433,26559.954149627,26559.965081978,0.07340233423747122,0.23256599888554774,0.30596833312301897,9.622087000025203,0.05719399996451102,10.932351000519702,20.917600333632436
0,969,26559.977497711,26559.977567788,26559.977779678,26559.987265699,26559.987497302,26559.997891919,0.07007699969108216,0.21189000108279288,0.28196700077387504,9.486021001066547,0.23160300042945892,10.394616998382844,20.394208000652725
0,970,26560.010831044332,26560.01090587,26560.011133222,26560.020726763,26560.020960033,26560.030919001,0.0748256679798942,0.2273520003654994,0.3021776683453936,9.593540999048855,0.2332700023544021,9.958967999409651,20.087956669158302
0,971,26560.044164377665,26560.045258132,26560.045481345,26560.055054525,26560.055113062,26560.064796992,1.0937543338513933,0.22321300275507383,1.3169673366064671,9.573179999279091,0.058536999858915806,9.683929998573149,20.632614334317623
0,972,26560.077497711,26560.077570896,26560.077789786,26560.08726104,26560.08749442,26560.098109141,0.07318499774555676,0.21888999981456436,0.2920749975601211,9.471254001255147,0.23338000028161332,10.614720999001293,20.611429998098174
0,973,26560.110831044334,26560.110904184,26560.111120026,26560.120673355,26560.120908245,26560.13099912,0.07313966489164159,0.21584199930657633,0.2889816641982179,9.553329000482336,0.23489000159315765,10.090874999150401,20.168075665424112
0,974,26560.144164377667,26560.14423472,26560.144459869,26560.153998624,26560.15405554,26560.164370695,0.07034233203739859,0.22514900047099218,0.29549133250839077,9.538754999084631,0.0569160001759883,10.3151550028997,20.20631733466871
0,975,26560.177497711,26560.177567184,26560.177789018,26560.187305716,26560.187548208,26560.19872443,0.06947300062165596,0.22183399778441526,0.2913069984060712,9.516698002698831,0.24249199850601144,11.176222000358393,21.226718999969307
0,976,26560.210831044333,26560.210905693,26560.211125878,26560.220683855,26560.220936939,26560.231852642,0.07464866575901397,0.22018500021658838,0.29483366597560234,9.557977002259577,0.2530839992687106,10.915702998318011,21.0215976658219
0,977,26560.244164377666,26560.244238276,26560.244466833,26560.254043263,26560.254101874,26560.264725742,0.0738983326300513,0.22855700080981478,0.3024553334398661,9.576430002198322,0.05861099998583086,10.623867998219794,20.561364333843812
0,978,26560.277497711,26560.277570563,26560.277789175,26560.287301049,26560.287554689,26560.298886384,0.07285200263140723,0.21861200002604164,0.2914640026574489,9.511873999144882,0.25363999884575605,11.331695000990294,21.38867300163838
0,979,26560.310831044335,26560.310905174,26560.311142869,26560.320699179,26560.320938773,26560.331813966,0.07412966442643665,0.2376949996687472,0.31182466409518383,9.556310000334634,0.2395939991401974,10.875193001993466,20.98292166556348
0,980,26560.344164377668,26560.344237508,26560.344457416,26560.353991901,26560.354048263,26560.364678752,0.0731303334760014,0.2199079972342588,0.2930383307102602,9.53448500149534,0.05636200148728676,10.6304889995954,20.514374333288288
0,981,26560.377497711,26560.377570221,26560.377784999,26560.387263512,26560.387498319,26560.398910523,0.07250999988173135,0.2147779996448662,0.28728799952659756,9.478512998612132,0.23480700110667385,11.41220399949816,21.412811998743564
0,982,26560.410831044333,26560.410906915,26560.411139101,26560.420727087,26560.420981264,26560.431872457,0.07587066647829488,0.2321860010852106,0.30805666756350547,9.587985998223303,0.25417700089747086,10.89119300013408,21.04141266681836
0,983,26560.444164377666,26560.444237637,26560.444458147,26560.454069585,26560.454151114,26560.464726482,0.07325933256652206,0.22051000269129872,0.2937693352578208,9.611437999410555,0.08152900045388378,10.575367999990704,20.562104335112963
0,984,26560.477497711,26560.477572588,26560.477791932,26560.487308936,26560.487558668,26560.498989632,0.07487699986086227,0.21934400137979537,0.29422100124065764,9.517004000372253,0.24973199833766557,11.430964001192478,21.491921001143055
0,985,26560.510831044332,26560.510906097,26560.511129764,26560.520697815,26560.520940316,26560.531865981,0.07505266694352031,0.22366700068232603,0.29871966762584634,9.56805100213387,0.2425009988655802,10.92566499937675,21.034936668002047
0,986,26560.544164377665,26560.545371618,26560.545620915,26560.555208983,26560.555269613,26560.5658415,1.2072403369529638,0.249296997935744,1.4565373348887078,9.588068001903594,0.060629998188233,10.571886999969138,21.677122334949672
0,987,26560.577497711,26560.577569734,26560.577782382,26560.587281247,26560.587526979,26560.598901823,0.07202299821074121,0.2126479994331021,0.2846709976438433,9.498865001660306,0.24573200062150136,11.37484399805544,21.40411199798109
0,988,26560.610831044334,26560.611016519,26560.611237714,26560.620821422,26560.621053691,26560.63197569,0.1854746660683304,0.22119500135886483,0.40666966742719524,9.583707997080637,0.2322690015716944,10.921999000856886,21.144645666936412
0,989,26560.644164377667,26560.644237527,26560.644459028,26560.654050448,26560.654111532,26560.664742548,0.07314933463931084,0.22150099903228693,0.29465033367159776,9.59141999919666,0.06108399975346401,10.631016000843374,20.578170333465096
0,990,26560.677497711,26560.67756771,26560.677784378,26560.68728104,26560.687519466,26560.699132514,0.06999900142545812,0.2166679987567477,0.2866670001822058,9.49666199812782,0.23842600057832897,11.613048001891002,21.634803000779357
0,991,26560.710831044333,26560.710906905,26560.711126424,26560.720722253,26560.720963448,26560.732214615,0.07586066567455418,0.2195190027123317,0.2953796683868859,9.59582900031819,0.24119499721564353,11.251167001319118,21.383570667239837
0,992,26560.744164377666,26560.745372372,26560.745595798,26560.755188738,26560.755254645,26560.766130681,1.2079943335265853,0.22342599913827144,1.4314203326648567,9.592940001311945,0.06590699922526255,10.876036001718603,21.966303334920667
0,993,26560.777497711,26560.777569498,26560.777794535,26560.787305364,26560.787550142,26560.799218514,0.07178700252552517,0.22503699801745825,0.2968240005429834,9.510829000646481,0.24477799888700247,11.668372000713134,21.7208030007896
0,994,26560.810831044335,26560.810963257,26560.811179119,26560.820677761,26560.820917429,26560.832187347,0.13221266635810025,0.2158619972760789,0.34807466363417916,9.498642000835389,0.23966799926711246,11.269918002653867,21.356302666390548
0,995,26560.844164377668,26560.844234998,26560.844456396,26560.854024882,26560.854086235,26560.865198058,0.07062033182592131,0.22139800057630055,0.29201833240222186,9.568485998897813,0.06135299918241799,11.111823001556331,21.033680332038784
0,996,26560.877497711,26560.877570886,26560.877783471,26560.887239872,26560.88747667,26560.899346052,0.07317500057979487,0.21258500055409968,0.28576000113389455,9.456400999624748,0.2367979977861978,11.869382000440964,21.848340998985805
0,997,26560.910831044333,26560.910904266,26560.911107795,26560.920620058,26560.920872142,26560.934669318,0.07322166493395343,0.20352900173747912,0.27675066667143255,9.512263000942767,0.25208399893017486,13.797176001389744,23.838273667934118
0,998,26560.944164377666,26560.945378955,26560.945605289,26560.955145803,26560.955382091,26560.966806406,1.2145773325755727,0.22633399930782616,1.4409113318833988,9.540514001855627,0.23628800045116805,11.424314998293994,22.642028332484188
0,999,26560.977497711,26560.9775681,26560.977781906,26560.987312345,26560.987546457,26560.999334524,0.07038900002953596,0.21380600082920864,0.2841950008587446,9.530439001537161,0.23411199799738824,11.788067000452429,21.836813000845723
0,1000,26561.010831044332,26561.011006396,26561.011227786,26561.020757354,26561.020998355,26561.032446617,0.17535166625748388,0.22139000066090375,0.39674166691838764,9.529568000289146,0.24100100199575536,11.448261997429654,21.615572666632943
0,1001,26561.044164377665,26561.044237849,26561.044455767,26561.054041679,26561.054106494,26561.065170466,0.07347133578150533,0.2179180009989068,0.2913893367804121,9.585911997419316,0.06481500167865306,11.063972000556532,21.006088336434914
0,1002,26561.077497711,26561.077569831,26561.07778311,26561.087297281,26561.087376087,26561.098899014,0.0721199976396747,0.21327899958123453,0.2853989972209092,9.514171000773786,0.07880600242060609,11.522926997713512,21.401302998128813
0,1003,26561.110831044334,26561.110903887,26561.111119786,26561.120645892,26561.120883263,26561.132451042,0.07284266757778823,0.21589899915852584,0.2887416667363141,9.52610599779291,0.2373710012761876,11.567779001779854,21.619997667585267
0,1004,26561.144164377667,26561.145403613,26561.14563641,26561.155230211,26561.15529409,26561.166573379,1.2392353346513119,0.23279699962586164,1.4720323342771735,9.59380099811824,0.06387900066329166,11.279288999503478,22.409001332562184
0,1005,26561.177497711,26561.177570452,26561.17778774,26561.187254002,26561.187308188,26561.198756929,0.07274100062204525,0.2172880012949463,0.29002900191699155,9.466261999477865,0.05418599903350696,11.448740999185247,21.25921799961361
0,1006,26561.210831044333,26561.210904997,26561.211122248,26561.220651223,26561.220886993,26561.23240778,0.07395266584353521,0.21725100305047818,0.2912036688940134,9.528974998829653,0.23576999956276268,11.520787000335986,21.576735667622415
0,1007,26561.244164377666,26561.244236949,26561.244460829,26561.254007389,26561.254064241,26561.265371621,0.07257133620441891,0.22387999706552364,0.29645133326994255,9.546560002490878,0.05685199721483514,11.307380002108403,21.20724333508406
0,1008,26561.277497711,26561.277568411,26561.277787467,26561.2873056,26561.287364193,26561.299223593,0.07069999992381781,0.21905600078753196,0.28975600071134977,9.51813299980131,0.05859299926669337,11.859400001412723,21.725882001192076
0,1009,26561.310831044335,26561.310910336,26561.311130576,26561.32068284,26561.320928081,26561.333047334,0.07929166531539522,0.220239999180194,0.2995316644955892,9.552264000376454,0.24524100081180222,12.119252998672891,22.216289664356736
0,1010,26561.344164377668,26561.345445754,26561.345710283,26561.355270509,26561.35533062,26561.366949121,1.2813763314625248,0.2645290005602874,1.5459053320228122,9.56022600075812,0.06011100049363449,11.618500997428782,22.78474333070335
0,1011,26561.377497711,26561.377569036,26561.377785787,26561.38725454,26561.387309679,26561.399115236,0.07132500104489736,0.2167509992432315,0.28807600028812885,9.468752999964636,0.0551390003238339,11.805556998297106,21.617524998873705
0,1012,26561.410831044333,26561.411020683,26561.411237583,26561.420763271,26561.421011642,26561.433090997,0.18963866750709713,0.21689999994123355,0.40653866744833067,9.525687997665955,0.2483710013621021,12.07935500133317,22.259952667809557
0,1013,26561.444164377666,26561.444238377,26561.444468128,26561.454112484,26561.454174919,26561.465816005,0.07399933383567259,0.2297510000062175,0.3037503338418901,9.644355999625986,0.06243499956326559,11.641085999144707,21.65162733217585
0,1014,26561.477497711,26561.477566442,26561.47779059,26561.487281113,26561.487339113,26561.499338996,0.06873100210214034,0.22414799968828447,0.2928790017904248,9.490522999840323,0.057999997807201,11.999883001408307,21.841285000846256
0,1015,26561.510831044332,26561.510906728,26561.511125803,26561.52068241,26561.52092478,26561.533043192,0.07568366709165275,0.2190750019508414,0.29475866904249415,9.556606997648487,0.24237000252469443,12.118411999836098,22.212147669051774
0,1016,26561.544164377665,26561.545469659,26561.545689354,26561.555357951,26561.555418488,26561.567177463,1.3052813337708358,0.2196950008510612,1.524976334621897,9.668597002018942,0.06053699689800851,11.758975000702776,23.013085334241623
0,1017,26561.577497711,26561.577569979,26561.577831803,26561.587343946,26561.587398409,26561.599395857,0.0722679978935048,0.2618239996081684,0.3340919975016732,9.512143002211815,0.05446299837785773,11.997448000329314,21.89814599842066
0,1018,26561.610831044334,26561.611044424,26561.611265981,26561.620900817,26561.621143642,26561.633413915,0.21337966609280556,0.2215569984400645,0.43493666453287005,9.634836002078373,0.24282500089611858,12.27027299682959,22.58287066433695
0,1019,26561.644164377667,26561.644238118,26561.6444571,26561.654059548,26561.654124697,26561.665952542,0.0737403315724805,0.2189820006606169,0.2927223322330974,9.602448000805452,0.06514900087495334,11.827844999061199,21.788164332974702
0,1020,26561.677497711,26561.677566793,26561.677810239,26561.687290021,26561.687348974,26561.699189847,0.06908200157340616,0.24344600024051033,0.3125280018139165,9.479781998379622,0.058952999097527936,11.840873001347063,21.69213600063813
0,1021,26561.710831044333,26561.710906719,26561.711123665,26561.720663354,26561.720902466,26561.73334123,0.075674666732084,0.21694600218324922,0.2926206689153332,9.539688999211648,0.23911199969006702,12.438763998943614,22.510185666760663
0,1022,26561.744164377666,26561.745466529,26561.745691549,26561.755307867,26561.755391961,26561.767369834,1.302151333220536,0.2250200013804715,1.5271713346010074,9.616317998734303,0.08409400106756948,11.977873000432737,23.205456334835617
0,1023,26561.777497711,26561.777570543,26561.777782368,26561.787256651,26561.787312326,26561.799472681,0.07283200102392584,0.21182500131544657,0.2846570023393724,9.474283000599826,0.05567499829339795,12.160354999650735,21.97497000088333
0,1024,26561.810831044335,26561.81090521,26561.811127285,26561.820679622,26561.82092465,26561.833194413,0.07416566586471163,0.22207499932846986,0.2962406651931815,9.552337000059197,0.2450280007906258,12.26976299949456,22.363368665537564
0,1025,26561.844164377668,26561.844239329,26561.844457349,26561.854029204,26561.854089935,26561.866056975,0.07495133104384877,0.21802000264870003,0.2929713336925488,9.571855000103824,0.06073099939385429,11.967039998125983,21.89259733131621
0,1026,26561.877497711,26561.877567225,26561.877786013,26561.887313814,26561.887368388,26561.89969166,0.06951400064281188,0.21878799816477112,0.288301998807583,9.527801001240732,0.05457400038721971,12.323271999775898,22.193949000211433
0,1027,26561.910831044333,26561.910906984,26561.911122096,26561.920710341,26561.92094035,26561.935539037,0.07593966802232899,0.2151119988411665,0.2910516668634955,9.588245000486495,0.23000899818725884,14.598687001125654,24.707992666662904
0,1028,26561.944164377666,26561.945490774,26561.945705542,26561.955293296,26561.95535388,26561.967503392,1.3263963337522,0.21476799884112552,1.5411643325933255,9.587754000676796,0.060583999584196135,12.14951200017822,23.339014333032537
0,1029,26561.977497711,26561.977567814,26561.977778889,26561.987292773,26561.987348615,26561.999698118,0.07010300032561645,0.21107499924255535,0.2811779995681718,9.513884000625694,0.05584199971053749,12.349503002042184,22.200407001946587
0,1030,26562.010831044332,26562.010914285,26562.01112461,26562.020668669,26562.020900124,26562.03334222,0.08324066948262043,0.21032499716966413,0.29356566665228456,9.544059001200367,0.2314550001756288,12.442095998267177,22.511175666295458
0,1031,26562.044164377665,26562.044235738,26562.044458118,26562.054024844,26562.05408465,26562.066214033,0.07136033673305064,0.2223800001956988,0.29374033692874946,9.566725999320624,0.05980599962640554,12.129382997954963,22.049655333830742
0,1032,26562.077497711,26562.077598441,26562.077829247,26562.087340002,26562.087398659,26562.099790673,0.10072999793919735,0.23080599930835888,0.3315359972475562,9.510755000519566,0.05865700222784653,12.392013999487972,22.29296199948294
0,1033,26562.110831044334,26562.110906914,26562.111132702,26562.120701594,26562.120950724,26562.133771268,0.07586966603412293,0.22578800053452142,0.30165766656864434,9.568892000970664,0.24912999651860446,12.820544001442613,22.940223665500525
0,1034,26562.144164377667,26562.144232099,26562.144469571,26562.154094039,26562.154154428,26562.166375756,0.06772133201593533,0.23747200248180889,0.3051933344977442,9.624467998946784,0.06038900028215721,12.221328001032816,22.2113783347595
0,1035,26562.177497711,26562.177565385,26562.177784905,26562.187298158,26562.187351881,26562.199770005,0.06767400191165507,0.21951999951852486,0.2871940014301799,9.513253000477562,0.053722997108707204,12.418124002579134,22.272294001595583
0,1036,26562.210831044333,26562.210900127,26562.21112383,26562.220660233,26562.220926493,26562.233926972,0.06908266732352786,0.2237029984826222,0.29278566580615006,9.5364030021301,0.2662599981704261,13.000479000766063,23.09592766687274
0,1037,26562.244164377666,26562.244446803,26562.244684045,26562.254250826,26562.254316169,26562.266694016,0.2824253351718653,0.23724199854768813,0.5196673337195534,9.566781001922209,0.06534299973282032,12.37784700060729,22.529638335981872
0,1038,26562.277497711,26562.277787775,26562.278043646,26562.287510076,26562.287569261,26562.298270835,0.2900640029110946,0.25587100026314147,0.545935003174236,9.466429997701198,0.05918500028201379,10.701573999540415,20.773124000697862
0,1039,26562.310831044335,26562.311123581,26562.311376183,26562.320893354,26562.321150772,26562.332560541,0.29253666434669867,0.2526019998185802,0.5451386641652789,9.517171001789393,0.2574179998191539,11.409768998419167,21.729496664192993
0,1040,26562.344164377668,26562.344461488,26562.34469986,26562.354353568,26562.354418142,26562.365113473,0.2971103313029744,0.2383720020588953,0.5354823333618697,9.653707998950267,0.06457400013459846,10.69533099871478,20.949095331161516
0,1041,26562.377497711,26562.377775034,26562.378004646,26562.387463104,26562.387541039,26562.39819213,0.27732300077332184,0.22961200011195615,0.506935000885278,9.458458000153769,0.0779349975346122,10.651091000909219,20.694418999482878
0,1042,26562.410831044333,26562.410907635,26562.411118858,26562.420663224,26562.420928382,26562.431978594,0.07659066613996401,0.21122299949638546,0.28781366563634947,9.54436599931796,0.26515799982007593,11.050212000554893,21.14754966532928
0,1043,26562.444164377666,26562.444451026,26562.444707082,26562.454320187,26562.45438392,26562.465329669,0.2866483337129466,0.2560559987614397,0.5427043324743863,9.613105001335498,0.06373300129780546,10.945748999802163,21.165291334909853
0,1044,26562.477497711,26562.477789636,26562.4780456,26562.487529651,26562.487590234,26562.498905521,0.2919250000559259,0.25596400155336596,0.5478890016092919,9.484050999162719,0.060582999140024185,11.315286999888485,21.40780999980052
0,1045,26562.510831044332,26562.51112347,26562.511377406,26562.521012494,26562.521265845,26562.533201228,0.2924256696132943,0.25393599935341626,0.5463616689667106,9.635087997594383,0.2533510014472995,11.935383001400623,22.370183669409016
0,1046,26562.544164377665,26562.544488952,26562.544732248,26562.554312706,26562.554375724,26562.565463076,0.3245743355364539,0.24329599909833632,0.5678703346347902,9.580458001437364,0.06301800021901727,11.087351998867234,21.298698335158406
0,1047,26562.577497711,26562.577774839,26562.578049145,26562.587519102,26562.587575612,26562.599620077,0.2771279978333041,0.27430599948274903,0.5514339973160531,9.46995699996478,0.056510001741116866,12.044464998325566,22.122365997347515
0,1048,26562.610831044334,26562.610908281,26562.611117921,26562.620711721,26562.620944194,26562.633335827,0.0772366656747181,0.20963999850209802,0.2868766641768161,9.593800001312047,0.23247300123330206,12.391632997605484,22.50478266432765
0,1049,26562.644164377667,26562.644437345,26562.644693596,26562.654266563,26562.654332063,26562.666158944,0.2729673324211035,0.2562510017014574,0.5292183341225609,9.572966999257915,0.06550000034621917,11.826881000160938,21.994566333887633
0,1050,26562.677497711,26562.677770539,26562.678014705,26562.687500894,26562.687569144,26562.699646332,0.2728280014707707,0.24416599990217946,0.5169940013729502,9.48618899928988,0.06824999945820309,12.077187999238959,22.14862099935999
0,1051,26562.710831044333,26562.711124621,26562.711381528,26562.720960254,26562.721200774,26562.733723611,0.2935766679001972,0.2569069984019734,0.5504836663021706,9.578725999745075,0.24052000298979692,12.52283699795953,22.892566666996572
0,1052,26562.744164377666,26562.744452415,26562.744726666,26562.754337309,26562.75439867,26562.766246441,0.2880373358493671,0.2742509968811646,0.5622883327305317,9.610643002815777,0.06136099909781478,11.847770998429041,22.082063333073165
0,1053,26562.777497711,26562.777813294,26562.778050572,26562.787530196,26562.787590131,26562.799534013,0.31558300179312937,0.2372779999859631,0.5528610017790925,9.47962400096003,0.0599349987169262,11.943882000196027,22.036302001652075
0,1054,26562.810831044335,26562.810907515,26562.811116746,26562.820655639,26562.82090089,26562.833349644,0.07647066377103329,0.20923100237268955,0.28570166614372283,9.53889299853472,0.24525100161554292,12.448753997887252,22.518599664181238
0,1055,26562.844164377668,26562.844429783,26562.844660933,26562.854222084,26562.854283621,26562.866086143,0.26540533144725487,0.23114999930839986,0.4965553307556547,9.56115100052557,0.06153700087452307,11.802521999925375,21.921765332081122
0,1056,26562.877497711,26562.877786292,26562.878041756,26562.887559446,26562.887621918,26562.899863496,0.2885809990402777,0.2554640013840981,0.5440450004243758,9.517689999483991,0.062471997807733715,12.241578002431197,22.365785000147298
0,1057,26562.910831044333,26562.910955135,26562.91118895,26562.920708806,26562.920949807,26562.936200876,0.12409066766849719,0.2338150006835349,0.3579056683520321,9.519855997496052,0.24100100199575536,15.25106899862294,25.36983166646678
0,1058,26562.944164377666,26562.944241144,26562.944455108,26562.954018315,26562.954083269,26562.966027652,0.07676633322262205,0.21396400188677944,0.2907303351094015,9.56320699697244,0.06495400157291442,11.944383000809466,21.863274334464222
0,1059,26562.977497711,26562.977567172,26562.977791014,26562.987295056,26562.9873485,26562.999558966,0.06946100256755017,0.22384199837688357,0.29330300094443373,9.504041998297907,0.05344400051399134,12.210466000396991,22.061255000153324
0,1060,26563.010831044332,26563.011099635,26563.01133259,26563.020920528,26563.02115065,26563.034076212,0.2685906692931894,0.23295499704545364,0.5015456663386431,9.587938002368901,0.23012200108496472,12.925561997690238,23.245167667482747
0,1061,26563.044164377665,26563.044435821,26563.044662321,26563.054322788,26563.054404391,26563.066428552,0.2714433358050883,0.22650000028079376,0.49794333608588204,9.660466999775963,0.08160300058079883,12.024160998407751,22.264174334850395
0,1062,26563.077497711,26563.077766191,26563.078004562,26563.087468991,26563.087538289,26563.099803431,0.2684799983398989,0.23837100161472335,0.5068509999546222,9.464429000217933,0.06929799928911962,12.265141998796025,22.3057199982577
0,1063,26563.110831044334,26563.111113432,26563.111367775,26563.12102277,26563.121288261,26563.134363157,0.28238766753929667,0.25434299823245965,0.5367306657717563,9.654994999436894,0.26549100221018307,13.074896000034641,23.532112667453475
0,1064,26563.144164377667,26563.1444452,26563.144683432,26563.15426777,26563.154331233,26563.166414764,0.2808223325700965,0.238232001720462,0.5190543342905585,9.584338000422576,0.06346299778670073,12.083531000826042,22.250386333325878
0,1065,26563.177497711,26563.177573264,26563.177779728,26563.187253945,26563.187308509,26563.19951554,0.07555300180683844,0.20646399934776127,0.2820170011545997,9.474217000388307,0.05456399958347902,12.207030998979462,22.01782900010585
0,1066,26563.210831044333,26563.211151236,26563.211399811,26563.22091986,26563.221163852,26563.234374655,0.3201916661055293,0.24857500102370977,0.5687666671292391,9.520048999547726,0.24399199901381508,13.210803001129534,23.543610666820314
0,1067,26563.244164377666,26563.244444364,26563.244686522,26563.254320017,26563.25438448,26563.26665815,0.2799863359541632,0.24215799930971116,0.5221443352638744,9.633494999434333,0.06446299812523648,12.273670003196457,22.4937723360199
0,1068,26563.277497711,26563.277777298,26563.278009882,26563.287533431,26563.287598043,26563.299987325,0.2795870022964664,0.23258399960468523,0.5121710019011516,9.5235490007326,0.06461199882323854,12.389282001095125,22.489614002552116
0,1069,26563.310831044335,26563.311120612,26563.311387937,26563.320928171,26563.321211107,26563.33463742,0.28956766618648544,0.2673249982763082,0.5568926644627936,9.54023400117876,0.28293599825701676,13.426313002128154,23.806375666026725
0,1070,26563.344164377668,26563.344440082,26563.344667861,26563.354318883,26563.35438055,26563.366658794,0.2757043330348097,0.22777900085202418,0.5034833338868339,9.651021999161458,0.06166700040921569,12.278243997570826,22.494416331028333
0,1071,26563.377497711,26563.377574885,26563.377783581,26563.38729114,26563.38734739,26563.399738459,0.07717399785178714,0.20869600120931864,0.2858699990611058,9.507558999757748,0.05624999903375283,12.39106900175102,22.240747999603627
0,1072,26563.410831044333,26563.411115598,26563.411380172,26563.420893676,26563.421184085,26563.434560138,0.28455366555135697,0.2645740023581311,0.5491276679094881,9.513503999187378,0.2904089997173287,13.376053000683896,23.72909366749809
0,1073,26563.444164377666,26563.444462514,26563.444729691,26563.454345936,26563.454605742,26563.467114673,0.2981363322760444,0.2671770016604569,0.5653133339365013,9.61624499905156,0.2598060018499382,12.508930998592405,22.950295333430404
0,1074,26563.477497711,26563.477785024,26563.478036728,26563.487531019,26563.487597056,26563.500320209,0.2873129997169599,0.2517040011298377,0.5390170008467976,9.49429100000998,0.06603699875995517,12.723153002298204,22.822498001914937
0,1075,26563.510831044332,26563.511122171,26563.511370135,26563.520954352,26563.521207066,26563.534656472,0.2911266674345825,0.2479639988450799,0.5390906662796624,9.584217001247453,0.25271400227211416,13.449405996652786,23.825427666452015
0,1076,26563.544164377665,26563.544451357,26563.544691339,26563.554304464,26563.554366575,26563.566721829,0.28697933521470986,0.23998200049391016,0.52696133570862,9.613124999305,0.062111001170706004,12.355253998975968,22.557451335160295
0,1077,26563.577497711,26563.577574439,26563.577782977,26563.587281833,26563.587338175,26563.599752846,0.07672799983993173,0.20853800015174784,0.28526599999167956,9.498855997662758,0.05634199987980537,12.414671000442468,22.25513499797671
0,1078,26563.610831044334,26563.611124856,26563.611389589,26563.620927167,26563.621188575,26563.634606666,0.2938116667792201,0.26473300022189505,0.5585446670011152,9.537578000163194,0.26140800036955625,13.418090999039123,23.775621666572988
0,1079,26563.644164377667,26563.644443153,26563.644679986,26563.65431576,26563.654380371,26563.666702939,0.27877533284481615,0.23683299878030084,0.515608331625117,9.6357740003441,0.0646110020170454,12.322567999945022,22.538561333931284
0,1080,26563.677497711,26563.677789004,26563.678044811,26563.687542732,26563.687627602,26563.700030579,0.2912929994636215,0.2558070009399671,0.5471000004035886,9.497921000729548,0.08487000013701618,12.40297699769144,22.532867998961592
0,1081,26563.710831044333,26563.711115079,26563.711361043,26563.72089475,26563.721129853,26563.734499304,0.28403466785675846,0.2459639981680084,0.5299986660247669,9.53370700153755,0.23510299797635525,13.3694510004716,23.66825966601027
0,1082,26563.744164377666,26563.744438699,26563.744677913,26563.754303547,26563.754366352,26563.766652134,0.2743213335634209,0.23921400133986026,0.5135353349032812,9.625634000258287,0.06280500019784085,12.285781998798484,22.487756334157893
0,1083,26563.777497711,26563.777575068,26563.777782514,26563.787267776,26563.787323287,26563.798037238,0.07735700273769908,0.20744599896715954,0.2848030017048586,9.485261998634087,0.05551100184675306,10.713951000070665,20.539527002256364
0,1084,26563.810831044335,26563.811159838,26563.81141558,26563.821009464,26563.821264307,26563.832878012,0.32879366335691884,0.2557420011726208,0.5845356645295396,9.593884002242703,0.2548429984017275,11.61370499903569,22.04696766420966
0,1085,26563.844164377668,26563.844302717,26563.844535265,26563.854158056,26563.854397982,26563.865213333,0.1383393318974413,0.23254800180438906,0.37088733370183036,9.622790999856079,0.2399259974481538,10.815351000928786,21.04895533193485
0,1086,26563.877497711,26563.877770431,26563.878002867,26563.887490741,26563.887549426,26563.898285017,0.27272000079392456,0.23243599935085513,0.5051560001447797,9.487873998295981,0.05868500011274591,10.73559100041166,20.787305998965167
0,1087,26563.910831044333,26563.911109254,26563.911346051,26563.920872584,26563.921124122,26563.933774562,0.27820966715808026,0.23679700098000467,0.5150066681380849,9.526532998279436,0.2515380001568701,12.650439999561058,22.94351766613545
0,1088,26563.944164377666,26563.944441948,26563.944690394,26563.954258823,26563.954317277,26563.963649502,0.2775703324005008,0.2484460019331891,0.5260163343336899,9.568428999045864,0.05845399937243201,9.332224999525351,19.485124332277337
0,1089,26563.977497711,26563.977574381,26563.977797521,26563.987262339,26563.987315126,26563.996751574,0.07666999954381026,0.22314000307233073,0.299810002616141,9.464817998377839,0.05278699973132461,9.436447999178199,19.253862999903504
0,1090,26564.010831044332,26564.011109593,26564.011359659,26564.020927441,26564.021168025,26564.031207021,0.2785486685752403,0.25006600117194466,0.528614669747185,9.567781999066938,0.24058399867499247,10.03899599891156,20.375976666400675
0,1091,26564.044164377665,26564.044453074,26564.044722417,26564.054296069,26564.054546255,26564.06423401,0.2886963338823989,0.2693429996725172,0.5580393335549161,9.57365200156346,0.2501859999028966,9.687754998594755,20.069632333616028
0,1092,26564.077497711,26564.077816138,26564.078057323,26564.08752679,26564.087586947,26564.097169507,0.31842699900153093,0.24118500004988164,0.5596119990514126,9.469467000599252,0.06015699909767136,9.58256000012625,19.671795998874586
0,1093,26564.110831044334,26564.11111421,26564.111363053,26564.120898955,26564.121141419,26564.131143674,0.28316566749708727,0.2488430000084918,0.5320086675055791,9.535901997878682,0.24246400062111206,10.002254999562865,20.312629665568238
0,1094,26564.144164377667,26564.144448551,26564.144719478,26564.15430037,26564.154536288,26564.164091301,0.28417333305696957,0.27092700111097656,0.5551003341679461,9.580891997757135,0.23591799981659278,9.555013002682244,19.92692333442392
0,1095,26564.177497711,26564.177575873,26564.177791799,26564.187317267,26564.187378369,26564.196884753,0.0781620001362171,0.21592600023723207,0.2940880003734492,9.525467998173553,0.0611020004726015,9.506384001724655,19.38704200074426
0,1096,26564.210831044333,26564.211126476,26564.211394264,26564.220955999,26564.22124274,26564.231221765,0.29543166601797566,0.26778800020110793,0.5632196662190836,9.561735001625493,0.28674100030912086,9.979024998756358,20.390720666910056
0,1097,26564.244164377666,26564.244463123,26564.244714309,26564.25428161,26564.254534972,26564.264137041,0.2987453335663304,0.25118600024143234,0.5499313338077627,9.56730100006098,0.25336199905723333,9.602068999811308,19.972663332737284
0,1098,26564.277497711,26564.27781279,26564.278060152,26564.287610222,26564.287671046,26564.297199504,0.3150789998471737,0.2473620006639976,0.5624410005111713,9.550070000841515,0.06082400068407878,9.52845799838542,19.701793000422185
0,1099,26564.310831044335,26564.311119004,26564.311368653,26564.320911943,26564.321205407,26564.33112057,0.2879596650018357,0.24964900148916058,0.5376086664909963,9.543289997964166,0.2934639996965416,9.915163002006011,20.289525666157715
0,1100,26564.344164377668,26564.344459707,26564.344731939,26564.354406685,26564.354493537,26564.363845485,0.295329333312111,0.27223199867876247,0.5675613319908734,9.67474600111018,0.0868520000949502,9.351947999675758,19.68110733287176
0,1101,26564.377497711,26564.377575382,26564.377784855,26564.387243118,26564.387296081,26564.396792252,0.07767100032651797,0.20947300072293729,0.28714400104945526,9.458262997213751,0.0529630015080329,9.49617099831812,19.29454099808936
0,1102,26564.410831044333,26564.411116587,26564.411375522,26564.420886193,26564.421139083,26564.431171413,0.2855426682799589,0.2589349969639443,0.5444776652439032,9.51067099958891,0.25289000041084364,10.032330003014067,20.340368668257724
0,1103,26564.444164377666,26564.444469892,26564.444738532,26564.454362073,26564.454647167,26564.464362931,0.30551433519576676,0.2686400002858136,0.5741543354815803,9.623540998290991,0.2850939999916591,9.715764001157368,20.1985533349216
0,1104,26564.477497711,26564.477776374,26564.478013551,26564.487505378,26564.487566267,26564.497588107,0.27866299933521077,0.23717700241832063,0.5158400017535314,9.491827000601916,0.06088899681344628,10.021840000263182,20.090395999432076
0,1105,26564.510831044332,26564.511134466,26564.511404495,26564.520909712,26564.521161528,26564.531275525,0.303421667922521,0.27002899878425524,0.5734506667067762,9.50521699996898,0.25181599994539283,10.11399700291804,20.44448066953919
0,1106,26564.544164377665,26564.544445837,26564.544677301,26564.554239879,26564.554469232,26564.564246115,0.2814593353832606,0.23146400053519756,0.5129233359184582,9.562577997712651,0.22935300148674287,9.776882998266956,20.081737333384808
0,1107,26564.577497711,26564.577573854,26564.577790336,26564.587363839,26564.587424155,26564.597174816,0.07614299829583615,0.21648199981427751,0.29262499811011367,9.573503000865458,0.06031600059941411,9.750660999998217,19.677104999573203
0,1108,26564.610831044334,26564.611112575,26564.611358881,26564.620983617,26564.621238896,26564.631575929,0.28153066523373127,0.2463060009176843,0.5278366661514156,9.624735997931566,0.25527900288579985,10.337032999814255,20.744884666783037
0,1109,26564.644164377667,26564.644473102,26564.644747093,26564.654353181,26564.654598163,26564.664540251,0.3087243312620558,0.2739910014497582,0.582715332711814,9.606087998690782,0.24498200218658894,9.942087999661453,20.375873333250638
0,1110,26564.677497711,26564.67777472,26564.678026212,26564.687591827,26564.68765516,26564.697513322,0.27700899954652414,0.25149200155283324,0.5285010010993574,9.565615000610705,0.06333299825200811,9.858162000455195,20.015611000417266
0,1111,26564.710831044333,26564.711132987,26564.711400933,26564.720947002,26564.721200438,26564.73160524,0.3019426658283919,0.26794600125867873,0.5698886670870706,9.5460689990432,0.2534360028221272,10.404801996628521,20.77419566558092
0,1112,26564.744164377666,26564.744450875,26564.744689756,26564.754316037,26564.754379416,26564.764159755,0.2864973357645795,0.23888099894975312,0.5253783347143326,9.626281000237213,0.06337900049402378,9.78033899809816,19.99537733354373
0,1113,26564.777497711,26564.777575382,26564.777782049,26564.787295526,26564.787353331,26564.79735804,0.07767100032651797,0.2066670022031758,0.28433800252969377,9.513476998108672,0.05780500214314088,10.004708998167189,19.860329000948695
0,1114,26564.810831044335,26564.811124752,26564.811392559,26564.820908859,26564.821145249,26564.831782108,0.29370766424108297,0.2678070013644174,0.5615146656055003,9.516300000541378,0.23638999846298248,10.63685900226119,20.95106366687105
0,1115,26564.844164377668,26564.844454651,26564.844531762,26564.854069117,26564.854145044,26564.864316161,0.29027333221165463,0.07711099897278473,0.36738433118443936,9.537354999338277,0.0759270005801227,10.171117002755636,20.151783333858475
0,1116,26564.877497711,26564.877772141,26564.878004012,26564.887528979,26564.887590656,26564.897598467,0.27442999999038875,0.23187099941424094,0.5063009994046297,9.524967001198092,0.06167699757497758,10.00781100083259,20.10075599901029
0,1117,26564.910831044333,26564.910951372,26564.911178077,26564.920765284,26564.920991683,26564.932436221,0.12032766608172096,0.22670500038657337,0.34703266646829434,9.58720700145932,0.22639899907517247,11.444537998613669,21.605176665616455
0,1118,26564.944164377666,26564.944241936,26564.944459604,26564.954080821,26564.954312609,26564.964435282,0.07755833212286234,0.21766800273326226,0.2952263348561246,9.62121699922136,0.23178799892775714,10.122673000296345,20.270904333301587
0,1119,26564.977497711,26564.977567687,26564.977791299,26564.987294053,26564.987372609,26564.997438512,0.06997600212343968,0.22361199808074161,0.2935880002041813,9.502754001005087,0.07855600051698275,10.065902999485843,19.940801001212094
0,1120,26565.010831044332,26565.01113304,26565.011361836,26565.020893618,26565.021125916,26565.031758691,0.30199566754163243,0.22879600146552548,0.5307916690071579,9.531781997793587,0.23229799990076572,10.632774999976391,20.9276466666779
0,1121,26565.044164377665,26565.044439743,26565.044706188,26565.054278193,26565.054565212,26565.064830532,0.27536533525562845,0.26644500030670315,0.5418103355623316,9.572005001245998,0.2870190000976436,10.265319997415645,20.666154334321618
0,1122,26565.077497711,26565.077817864,26565.078057004,26565.087530118,26565.08759059,26565.097948848,0.3201529980287887,0.2391400012129452,0.5592929992417339,9.473113997955807,0.06047200076864101,10.35825800136081,20.45113699932699
0,1123,26565.110831044334,26565.111117298,26565.111362494,26565.120947155,26565.121209629,26565.132200433,0.2862536675820593,0.2451959990139585,0.5314496665960178,9.584660998370964,0.26247400091961026,10.990803999447962,21.369388665334554
0,1124,26565.144164377667,26565.144438021,26565.1446673,26565.154279341,26565.154341693,26565.164709885,0.27364333436707966,0.229278997721849,0.5029223320889287,9.612041001673788,0.062351999076781794,10.36819200089667,20.545507333736168
0,1125,26565.177497711,26565.177574937,26565.17778354,26565.187328534,26565.187388506,26565.197864171,0.0772259991208557,0.20860299991909415,0.28582899903994985,9.544994001771556,0.05997200059937313,10.47566499983077,20.36646000124165
0,1126,26565.210831044333,26565.211111873,26565.211359985,26565.22093873,26565.221225629,26565.232112229,0.2808286662911996,0.24811200273688883,0.5289406690280885,9.578744997270405,0.28689900136669166,10.886600000958424,21.28118466862361
0,1127,26565.244164377666,26565.244450965,26565.244694891,26565.254262988,26565.254525508,26565.265107738,0.2865873357222881,0.24392599880229682,0.5305133345245849,9.568097000737907,0.26251999952364713,10.582229999272386,20.943360334058525
0,1128,26565.277497711,26565.2777699,26565.27800392,26565.287512941,26565.287572878,26565.298113255,0.27218900140724145,0.2340200007893145,0.506209002196556,9.509020997938933,0.05993700324324891,10.540376999415457,20.615544002794195
0,1129,26565.310831044335,26565.311116289,26565.311364484,26565.320954599,26565.321205849,26565.332212645,0.2852446668839548,0.24819499958539382,0.5334396664693486,9.590114997990895,0.2512499995646067,11.006796001311159,21.38160066533601
0,1130,26565.344164377668,26565.344444927,26565.344686362,26565.354248172,26565.35447846,26565.364984791,0.2805493313644547,0.24143500195350498,0.5219843333179597,9.561809998558601,0.23028800205793232,10.506330996577162,20.820413330511656
0,1131,26565.377497711,26565.377574498,26565.377791554,26565.387265391,26565.387323244,26565.397760972,0.07678700058022514,0.21705600011046045,0.2938430006906856,9.473836998949992,0.05785299799754284,10.437728000397328,20.26326099803555
0,1132,26565.410831044333,26565.411113868,26565.411360859,26565.420922113,26565.421173345,26565.432220475,0.2828236647474114,0.2469910032232292,0.5298146679706406,9.561253998981556,0.2512319988454692,11.047129999496974,21.38943066529464
0,1133,26565.444164377666,26565.444439727,26565.444674358,26565.454219843,26565.454460455,26565.465129296,0.27534933542483486,0.23463099932996556,0.5099803347548004,9.545484997943277,0.24061200019787066,10.66884100146126,20.964918334357208
0,1134,26565.477497711,26565.477775439,26565.478029968,26565.487496832,26565.487561267,26565.498361609,0.27772800240200013,0.2545289971749298,0.53225699957693,9.466864001296926,0.0644350002403371,10.80034199912916,20.863898000243353
0,1135,26565.510831044332,26565.511119059,26565.511368142,26565.52092922,26565.521204879,26565.532640666,0.2880146676034201,0.24908300110837445,0.5370976687117945,9.561078000842826,0.2756590001808945,11.435786997026298,21.809621666761814
0,1136,26565.544164377665,26565.544443964,26565.544684604,26565.554225968,26565.55445946,26565.565448098,0.2795863365463447,0.24063999808277003,0.5202263346291147,9.541364001051988,0.23349199909716845,10.988638001435902,21.283720336214174
0,1137,26565.577497711,26565.577575149,26565.577787575,26565.587240301,26565.587299394,26565.598168106,0.07743799869786017,0.21242599905235693,0.2898639977502171,9.452726000745315,0.059092999435961246,10.868712000956293,20.670394998887787
0,1138,26565.610831044334,26565.611110251,26565.611354918,26565.620931645,26565.621170089,26565.632596064,0.27920666616410017,0.2446670005156193,0.5238736666797195,9.576726999512175,0.23844400129746646,11.425974997109734,21.765019664599095
0,1139,26565.644164377667,26565.644455723,26565.644700632,26565.654319118,26565.654629424,26565.665593979,0.29134533178876154,0.24490900250384584,0.5362543342926074,9.618485997634707,0.3103060007560998,10.964555000100518,21.429601332783932
0,1140,26565.677497711,26565.677779899,26565.678014974,26565.687507699,26565.687573136,26565.698431783,0.28218800071044825,0.23507500009145588,0.5172630008019041,9.492724999290658,0.06543700146721676,10.85864699780359,20.93407199936337
0,1141,26565.710831044333,26565.711134418,26565.711401798,26565.720924154,26565.721198914,26565.732672452,0.30337366843014024,0.2673799972399138,0.570753665670054,9.52235600198037,0.27476000104798004,11.473537997517269,21.841407666215673
0,1142,26565.744164377666,26565.744451001,26565.744684233,26565.754249265,26565.754485127,26565.765461848,0.2866233335225843,0.23323200002778322,0.5198553335503675,9.565031999954954,0.23586200040881522,10.976721001497936,21.297470335412072
0,1143,26565.777497711,26565.77757499,26565.777811899,26565.787330672,26565.78739145,26565.798591598,0.07727900083409622,0.2369089997955598,0.314188000629656,9.518773000309011,0.060778002080041915,11.2001479974424,21.09388700046111
0,1144,26565.810831044335,26565.811112242,26565.81135851,26565.820913311,26565.821152895,26565.833067953,0.28119766648160294,0.2462679985910654,0.5274656650726683,9.554800999467261,0.23958400197443552,11.915057999431156,22.23690866594552
0,1145,26565.844164377668,26565.844286399,26565.844521196,26565.854134023,26565.85419971,26565.865240848,0.12202133075334132,0.23479700030293316,0.3568183310562745,9.612827001546975,0.0656869997328613,11.041138001019135,21.076470333355246
0,1146,26565.877497711,26565.877617731,26565.877850445,26565.886025334,26565.886073935,26565.897669613,0.12001999857602641,0.23271399913937785,0.35273399771540426,8.174889000656549,0.04860099943471141,11.595678002777277,20.17190200058394
0,1147,26565.910831044333,26565.910946037,26565.911141668,26565.917453328,26565.917677476,26565.930820168,0.11499266474856995,0.1956310006789863,0.31062366542755626,6.311659999482799,0.22414800332626328,13.142691997927614,19.989123666164232
0,1148,26565.944164377666,26565.944239119,26565.944449759,26565.953973235,26565.954031522,26565.965442005,0.0747413323551882,0.2106400024786126,0.2853813348338008,9.523475997411879,0.05828700159327127,11.410482999053784,21.277627332892735
0,1149,26565.977497711,26565.977564424,26565.977773258,26565.987233706,26565.987284946,26565.998884244,0.06671300070593134,0.20883400065940805,0.2755470013653394,9.4604480000271,0.05124000017531216,11.599297999055125,21.386533000622876
0,1150,26566.010831044332,26566.010899182,26566.011104747,26566.020654066,26566.020889113,26566.033011042,0.06813766958657652,0.2055650002148468,0.2737026698014233,9.549318998324452,0.2350469985685777,12.121929001295939,22.179997667990392
0,1151,26566.044164377665,26566.044425839,26566.044656422,26566.054221204,26566.054280927,26566.065943113,0.261461336776847,0.23058299848344177,0.4920443352602888,9.56478200168931,0.05972299913992174,11.66218599973945,21.77873533582897
0,1152,26566.077497711,26566.077810652,26566.078049847,26566.08756624,26566.087630517,26566.099528168,0.31294099972001277,0.23919500017655082,0.5521359998965636,9.516392998193623,0.0642769991827663,11.897651002072962,22.030456999345915
0,1153,26566.110831044334,26566.111109521,26566.111350661,26566.120908952,26566.121150498,26566.133076204,0.27847666569869034,0.24114000189001672,0.5196166675887071,9.558290999848396,0.24154599668690935,11.925706003239611,22.245159667363623
0,1154,26566.144164377667,26566.144443149,26566.144687501,26566.15424907,26566.154307571,26566.165964572,0.27877133470610715,0.24435199884464964,0.5231233335507568,9.561569000652526,0.058500998420640826,11.657000999548472,21.800194332172396
0,1155,26566.177497711,26566.177774323,26566.178011648,26566.187480828,26566.187535643,26566.199332424,0.27661200147122145,0.23732499903417192,0.5139370005053934,9.46918000045116,0.0548149982932955,11.796781000157353,21.834712999407202
0,1156,26566.210831044333,26566.210907962,26566.211119157,26566.220636346,26566.220914587,26566.233202286,0.07691766586503945,0.21119500161148608,0.28811266747652553,9.517188998870552,0.27824100106954575,12.287698998989072,22.371241666405695
0,1157,26566.244164377666,26566.244433388,26566.244669093,26566.254262847,26566.254325782,26566.266122988,0.2690103356144391,0.23570499979541637,0.5047153354098555,9.593753999070032,0.06293499973253347,11.797205999755533,21.958610333967954
0,1158,26566.277497711,26566.277785537,26566.27804025,26566.287573856,26566.287653449,26566.299514137,0.2878260020224843,0.2547129988670349,0.5425390008895192,9.533606000331929,0.07959299909998663,11.860688002343522,22.016426002664957
0,1159,26566.310831044335,26566.311120092,26566.311387833,26566.320943902,26566.321189292,26566.333518269,0.28904766440973617,0.2677410011528991,0.5567886655626353,9.556068998790579,0.24539000150980428,12.328976998105645,22.687224663968664
0,1160,26566.344164377668,26566.344453916,26566.344692982,26566.354320486,26566.354385968,26566.366176433,0.28953833316336386,0.23906599744805135,0.5286043306114152,9.627504001400666,0.06548199962708168,11.790464999648975,22.01205533128814
0,1161,26566.377497711,26566.377774176,26566.37804264,26566.387517411,26566.387578523,26566.399578544,0.2764649980235845,0.2684640021470841,0.5449290001706686,9.474770999077009,0.0611120012763422,12.000020997220417,22.080832997744437
0,1162,26566.410831044333,26566.410931647,26566.411139528,26566.420654272,26566.420889523,26566.433314638,0.10060266504297033,0.20788100300705992,0.30848366805003025,9.514743996987818,0.23525100186816417,12.425115000951337,22.48359366785735
0,1163,26566.444164377666,26566.444434092,26566.444676639,26566.454283134,26566.454543746,26566.466660638,0.26971433544531465,0.24254699746961705,0.5122613329149317,9.606495001207804,0.26061199969262816,12.116892001358792,22.496260335174156
0,1164,26566.477497711,26566.4777705,26566.478003481,26566.487512847,26566.487575643,26566.499556461,0.27278900233795866,0.23298099767998792,0.5057700000179466,9.509366002021125,0.06279599983827211,11.98081799884676,22.058750000724103
0,1165,26566.510831044332,26566.511134731,26566.511401491,26566.520904255,26566.521191959,26566.53371676,0.303686669212766,0.266759998339694,0.57044666755246,9.502764001808828,0.2877039987652097,12.524801000836305,22.885715668962803
0,1166,26566.544164377665,26566.54444874,26566.544691509,26566.554348161,26566.554412412,26566.566312322,0.2843623333319556,0.24276900148834102,0.5271313348202966,9.656652000558097,0.06425099854823202,11.899910001375247,22.147944335301872
0,1167,26566.577497711,26566.577779536,26566.57805238,26566.587529596,26566.587587791,26566.599770721,0.28182499954709783,0.27284399766358547,0.5546689972106833,9.477216000959743,0.05819500074721873,12.18293000056292,22.273009999480564
0,1168,26566.610831044334,26566.610908341,26566.611117212,26566.620692059,26566.620942079,26566.633609268,0.07729666685918346,0.20887099890387617,0.28616766576305963,9.574847001204034,0.250019998929929,12.667188999330392,22.778223665227415
0,1169,26566.644164377667,26566.644445741,26566.644683583,26566.654277449,26566.654341375,26566.666416165,0.2813633327605203,0.23784199947840534,0.5192053322389256,9.593866001523566,0.06392599971150048,12.074790000042412,22.251787333516404
0,1170,26566.677497711,26566.677775832,26566.678012704,26566.687517448,26566.687582476,26566.699773229,0.278120998700615,0.23687200155109167,0.5149930002517067,9.504744000878418,0.06502799806185067,12.190753001050325,22.2755180002423
0,1171,26566.710831044333,26566.711165304,26566.711419471,26566.721006298,26566.721260485,26566.734044768,0.3342596683069132,0.25416700009373017,0.5884266684006434,9.586827000021003,0.25418699806323275,12.784283000655705,23.213723667140584
0,1172,26566.744164377666,26566.744448237,26566.744691682,26566.75428701,26566.754353001,26566.766411569,0.2838593354681507,0.24344499979633838,0.527304335264489,9.59532799970475,0.0659910001559183,12.058567997883074,22.24719133300823
0,1173,26566.777497711,26566.777773069,26566.778003662,26566.787506157,26566.787564712,26566.799769447,0.27535800109035335,0.23059299928718247,0.5059510003775358,9.502495002379874,0.058555000578053296,12.20473499779473,22.271736001130193
0,1174,26566.810831044335,26566.810908502,26566.811118707,26566.820648636,26566.820895859,26566.833642308,0.0774576656112913,0.2102049984387122,0.2876626640500035,9.529929000564152,0.24722300076973625,12.74644899967825,22.811263665062143
0,1175,26566.844164377668,26566.84443365,26566.84467678,26566.854304766,26566.854557859,26566.866903769,0.2692723319341894,0.24313000176334754,0.512402333697537,9.627985997212818,0.25309299962827936,12.345910003205063,22.739391333743697
0,1176,26566.877497711,26566.877776371,26566.878015686,26566.88756519,26566.887629125,26566.900462732,0.2786599980026949,0.23931500254548155,0.5179750005481765,9.549504000460729,0.06393500007106923,12.833606997446623,22.965020998526597
0,1177,26566.910831044333,26566.910954664,26566.911161748,26566.918205096,26566.918434541,26566.934786687,0.12361966582830064,0.20708400188595988,0.3307036677142605,7.04334799956996,0.2294449986948166,16.3521460017364,23.955642667715438
0,1178,26566.944164377666,26566.944245312,26566.944459535,26566.953997492,26566.954076947,26566.966640127,0.08093433280009776,0.21422300051199272,0.2951573333120905,9.537957001157338,0.07945499964989722,12.563180000142893,22.47574933426222
0,1179,26566.977497711,26566.977765164,26566.97800048,26566.987518872,26566.987577605,26567.000213582,0.2674530005606357,0.23531600163551047,0.5027690021961462,9.518391998426523,0.05873299960512668,12.635977000172716,22.71587100040051
0,1180,26567.010831044332,26567.011117248,26567.011363971,26567.021012411,26567.021255003,26567.034400807,0.2862036672013346,0.24672300060046837,0.532926667801803,9.648440001910785,0.24259199926746078,13.145803997758776,23.569762666738825
0,1181,26567.044164377665,26567.044443572,26567.044673998,26567.054311827,26567.05437179,26567.066839406,0.27919433341594413,0.23042600150802173,0.5096203349239659,9.637828999984777,0.05996300023980439,12.467616001231363,22.67502833637991
0,1182,26567.077497711,26567.077573858,26567.077783266,26567.087274039,26567.087332113,26567.099943914,0.07614700007252395,0.20940799731761217,0.2855549973901361,9.490773001743946,0.05807399793411605,12.611801001185086,22.446202998253284
0,1183,26567.110831044334,26567.111109665,26567.111356517,26567.120915484,26567.12114868,26567.134262463,0.27862066417583264,0.24685200332896784,0.5254726675048005,9.558966998156393,0.23319599858950824,13.113783003063872,23.431418667314574
0,1184,26567.144164377667,26567.14424096,26567.144459229,26567.154132983,26567.154199309,26567.166791331,0.07658233153051697,0.2182690004701726,0.2948513320006896,9.67375400068704,0.06632599979639053,12.592022001626901,22.626953334111022
0,1185,26567.177497711,26567.177769581,26567.17800736,26567.187531882,26567.187595206,26567.200259646,0.2718700015975628,0.23777899696142413,0.5096489985589869,9.52452199999243,0.06332400153041817,12.66444000066258,22.761935000744415
0,1186,26567.210831044333,26567.211123794,26567.211391165,26567.220892401,26567.221161643,26567.234266103,0.2927496680058539,0.26737100051832385,0.5601206685241777,9.501235999778146,0.2692419984668959,13.104460002068663,23.435058668837883
0,1187,26567.244164377666,26567.244500016,26567.244756017,26567.254365188,26567.254620912,26567.267234832,0.33563833494554274,0.2560009997978341,0.5916393347433768,9.609171000192873,0.2557240004534833,12.613920000148937,23.07045433553867
0,1188,26567.277497711,26567.277792275,26567.278050933,26567.287578901,26567.287642178,26567.300238184,0.29456400079652667,0.2586580012575723,0.553222002054099,9.527967999019893,0.06327699884423055,12.59600600315025,22.740473003068473
0,1189,26567.310831044335,26567.311126479,26567.311379915,26567.320932891,26567.321185336,26567.334360472,0.2954346637125127,0.2534360028221272,0.5488706665346399,9.552976000122726,0.2524449992051814,13.175135998608312,23.52942766447086
0,1190,26567.344164377668,26567.34444557,26567.344688877,26567.354328028,26567.354393435,26567.367156867,0.28119233320467174,0.24330700034624897,0.5244993335509207,9.639150997827528,0.06540699905599467,12.763432001520414,22.992489331954857
0,1191,26567.377497711,26567.377776624,26567.378010227,26567.387520582,26567.387581434,26567.400372374,0.2789129976008553,0.23360300110653043,0.5125159987073857,9.510355001111748,0.06085199856897816,12.790939999831608,22.87466299821972
0,1192,26567.410831044333,26567.411117771,26567.411350346,26567.420896571,26567.421132211,26567.43441006,0.2867266666726209,0.2325749992451165,0.5193016659177374,9.546224999212427,0.23564000002807006,13.277849000587594,23.57901566574583
0,1193,26567.444164377666,26567.444242527,26567.444463695,26567.454049162,26567.454113171,26567.466842334,0.07814933269401081,0.2211680002801586,0.2993173329741694,9.585466999851633,0.06400900019798428,12.72916300149518,22.677956334518967
0,1194,26567.477497711,26567.477781536,26567.478038741,26567.487574059,26567.487637466,26567.500411796,0.28382500022416934,0.2572049997979775,0.5410300000221469,9.535318000416737,0.06340700201690197,12.774329999956535,22.91408500241232
0,1195,26567.510831044332,26567.511103766,26567.511343526,26567.520907632,26567.520972345,26567.533744786,0.2727216669882182,0.239760000113165,0.5124816671013832,9.564105999743333,0.06471300002885982,12.772441001288826,22.9137416681624
0,1196,26567.544164377665,26567.544483496,26567.544721405,26567.554310483,26567.554375205,26567.566878265,0.319118335028179,0.23790900013409555,0.5570273351622745,9.589077999407891,0.06472200038842857,12.50305999928969,22.713887334248284
0,1197,26567.577497711,26567.577776617,26567.578016691,26567.587540029,26567.587612658,26567.600351692,0.27890599812963046,0.2400740013399627,0.5189799994695932,9.52333799796179,0.07262900180649012,12.73903399851406,22.853980997751933
0,1198,26567.610831044334,26567.611162996,26567.611416941,26567.621063779,26567.621311725,26567.634581037,0.3319516654300969,0.253944999712985,0.5858966651430819,9.646837999753188,0.24794600176392123,13.269311999465572,23.749992666125763
0,1199,26567.644164377667,26567.644480617,26567.644724664,26567.654444067,26567.654508678,26567.667248406,0.3162393331876956,0.2440469979774207,0.5602863311651163,9.719403002236504,0.06461099837906659,12.739728001179174,23.08402833295986
0,1200,26567.677497711,26567.67757355,26567.677783024,26567.687320843,26567.687380537,26567.700173589,0.07583900151075795,0.20947399752913043,0.2853129990398884,9.537819001707248,0.05969400081085041,12.793051999324234,22.67587800088222
0,1201,26567.710831044333,26567.711120746,26567.711380358,26567.720943538,26567.721210992,26567.73453188,0.28970166749786586,0.2596119993540924,0.5493136668519583,9.563179999531712,0.26745400100480765,13.320887999725528,23.700835667114006
0,1202,26567.744164377666,26567.744439523,26567.744677135,26567.754321325,26567.754573474,26567.767408554,0.2751453357632272,0.2376119991822634,0.5127573349454906,9.644189998653019,0.25214900233549997,12.83507999687572,23.24417633280973
0,1203,26567.777497711,26567.777774755,26567.778002969,26567.787510565,26567.787571213,26567.800297479,0.27704400054062717,0.22821400125394575,0.5052580017945729,9.507595998002216,0.0606480025453493,12.72626599893556,22.799768001277698
0,1204,26567.810831044335,26567.811110643,26567.811354061,26567.82096213,26567.821201122,26567.832750327,0.2795986656565219,0.24341799871763214,0.5230166643741541,9.608069001842523,0.2389919973211363,11.549205002665985,21.9192826662038
0,1205,26567.844164377668,26567.844434394,26567.844659812,26567.854221279,26567.854280853,26567.865159528,0.27001633134204894,0.22541799989994615,0.4954343312419951,9.561467002640711,0.059573998441919684,10.878674998821225,20.99515033114585
0,1206,26567.877497711,26567.877573088,26567.877781413,26567.887268712,26567.887325425,26567.898085388,0.07537700003013015,0.20832500013057142,0.2837020001607016,9.487298997555627,0.056713000958552584,10.7599629991455,20.58767699782038
0,1207,26567.910831044333,26567.91094532,26567.911149801,26567.920472082,26567.920697935,26567.933634793,0.11427566641941667,0.2044809989456553,0.31875666536507197,9.322281002823729,0.22585299666388892,12.936858001921792,22.80374866677448
0,1208,26567.944164377666,26567.944241912,26567.944464505,26567.954039158,26567.954265658,26567.965384195,0.07753433237667195,0.22259300021687523,0.3001273325935472,9.574653002346167,0.22650000028079376,11.118536996946204,21.219817332166713
0,1209,26567.977497711,26567.977565977,26567.977785329,26567.987326518,26567.98738312,26567.998157712,0.06826599928899668,0.21935200129519217,0.28761800058418885,9.541188999719452,0.0566019989491906,10.77459200314479,20.66000100239762
0,1210,26568.010831044332,26568.011119227,26568.011381747,26568.020920574,26568.021201538,26568.032873624,0.2881826694647316,0.26251999952364713,0.5507026689883787,9.538826998323202,0.28096399910282344,11.672086002363358,22.042579668777762
0,1211,26568.044164377665,26568.044452977,26568.044703542,26568.054274565,26568.054513233,26568.065611631,0.2885993344534654,0.2505650008970406,0.539164335350506,9.57102299798862,0.23866800256655551,11.098397997557186,21.447253333462868
0,1212,26568.077497711,26568.077771855,26568.078004551,26568.08754636,26568.087607518,26568.098385683,0.27414400028646924,0.23269599842024036,0.5068399987067096,9.541808998619672,0.061157999880379066,10.778165000374429,20.88797199758119
0,1213,26568.110831044334,26568.111109808,26568.111351049,26568.120872145,26568.121112563,26568.132533786,0.2787636658467818,0.2412409994576592,0.520004665304441,9.52109599893447,0.24041800134000368,11.421223000070313,21.702741665649228
0,1214,26568.144164377667,26568.144439278,26568.144704557,26568.15427807,26568.1543417,26568.165237245,0.2749003324424848,0.2652789989951998,0.5401793314376846,9.573513001669198,0.06362999920384027,10.895545001403661,21.072867333714385
0,1215,26568.177497711,26568.177575267,26568.177782064,26568.187252308,26568.187307577,26568.198093001,0.077556000178447,0.2067970017378684,0.2843530019163154,9.470243996474892,0.05526900349650532,10.785423997731414,20.595289999619126
0,1216,26568.210831044333,26568.211113979,26568.21138323,26568.220937354,26568.221179652,26568.232748606,0.28293466675677337,0.26925099882646464,0.552185665583238,9.554124000715092,0.24229799964814447,11.568953999812948,21.917561665759422
0,1217,26568.244164377666,26568.244465497,26568.244733729,26568.254346937,26568.254623021,26568.265704595,0.30111933301668614,0.26823200096259825,0.5693513339792844,9.613207999791484,0.2760839997790754,11.081574000854744,21.540217334404588
0,1218,26568.277497711,26568.277779856,26568.278015227,26568.287513416,26568.287576287,26568.298353415,0.2821449998009484,0.2353710005991161,0.5175160004000645,9.49818899971433,0.06287100040935911,10.777128001791425,20.85570400231518
0,1219,26568.310831044335,26568.311115707,26568.311364865,26568.320871508,26568.321115361,26568.332722594,0.28466266667237505,0.24915799804148264,0.5338206647138577,9.506643000349868,0.24385299911955371,11.607233001996065,21.891549666179344
0,1220,26568.344164377668,26568.344439069,26568.344669291,26568.354222582,26568.354451324,26568.365580093,0.2746913305600174,0.23022200184641406,0.5049133324064314,9.553290998155717,0.22874200294609182,11.128768997878069,21.41571533138631
0,1221,26568.377497711,26568.377574299,26568.377789762,26568.387280869,26568.387346258,26568.398291127,0.07658799950149842,0.21546299831243232,0.29205099781393073,9.491107000940247,0.06538900197483599,10.944868998194579,20.793415998923592
0,1222,26568.410831044333,26568.411110457,26568.411359735,26568.420933971,26568.421192944,26568.432851215,0.27941266671405174,0.24927800041041337,0.5286906671244651,9.574235999025404,0.25897299929056317,11.658270999760134,22.020170665200567
0,1223,26568.444164377666,26568.444448225,26568.444694328,26568.454348869,26568.454604574,26568.465764815,0.2838473337760661,0.24610300170024857,0.5299503354763146,9.654540997871663,0.2557049992901739,11.16024099974311,21.60043733238126
0,1224,26568.477497711,26568.477782772,26568.478038643,26568.487564332,26568.487627861,26568.498562323,0.28506099988589995,0.25587100026314147,0.5409320001490414,9.525689001748106,0.06352899799821898,10.934461999568157,21.064611999463523
0,1225,26568.510831044332,26568.511117661,26568.511366828,26568.520890832,26568.521149426,26568.532935085,0.2866166687454097,0.2491669984010514,0.5357836671464611,9.524003999104025,0.25859400193439797,11.785659000452142,22.104040668637026
0,1226,26568.544164377665,26568.544449938,26568.544684217,26568.554230666,26568.554460221,26568.565749463,0.2855603343050461,0.2342789994145278,0.5198393337195739,9.546449000481516,0.22955500026000664,11.289242000202648,21.585085334663745
0,1227,26568.577497711,26568.577574641,26568.577794698,26568.587325934,26568.587388239,26568.59847035,0.0769299986131955,0.22005700157023966,0.29698700018343516,9.531235999020282,0.06230500002857298,11.08211099926848,20.97263899850077
0,1228,26568.610831044334,26568.611109077,26568.611358967,26568.620934379,26568.621186,26568.633118539,0.2780326649372,0.24988999939523637,0.5279226643324364,9.575412001140648,0.2516210006433539,11.932539000554243,22.287494666670682
0,1229,26568.644164377667,26568.644442874,26568.644676477,26568.654331842,26568.654394564,26568.665664083,0.2784963326121215,0.23360300110653043,0.5120993337186519,9.65536500007147,0.06272199971135706,11.269519000052242,21.49970533355372
0,1230,26568.677497711,26568.677775661,26568.678017624,26568.687570545,26568.687629332,26568.698718146,0.2779499991447665,0.24196300000767224,0.5199129991524387,9.55292100115912,0.05878699812456034,11.088814000686398,21.220434999122517
0,1231,26568.710831044333,26568.711127076,26568.711385882,26568.720904942,26568.721166701,26568.733124417,0.2960316669486929,0.25880600151140243,0.5548376684600953,9.519060000457102,0.26175899984082207,11.95771600032458,22.2933726690826
0,1232,26568.744164377666,26568.744467584,26568.744713779,26568.754297616,26568.7545277,26568.766031349,0.30320633595692925,0.2461949989083223,0.5494013348652516,9.583836999809137,0.23008399875834584,11.503649002406746,21.86697133583948
0,1233,26568.777497711,26568.777575349,26568.777786323,26568.787309679,26568.78736791,26568.798808151,0.07763800022075884,0.21097400167491287,0.2886120018956717,9.523355998680927,0.05823100218549371,11.440240999945672,21.310440002707765
0,1234,26568.810831044335,26568.811109655,26568.811354591,26568.820964048,26568.821210679,26568.833665359,0.27861066337209195,0.24493599994457327,0.5235466633166652,9.609457003534772,0.24663099975441583,12.454679999791551,22.834314666397404
0,1235,26568.844164377668,26568.844284217,26568.844514801,26568.854127648,26568.85436764,26568.866316151,0.11983933291048743,0.23058399892761372,0.35042333183810115,9.612846999516478,0.23999200129765086,11.948511000809958,22.151773333462188
0,1236,26568.877497711,26568.877818245,26568.878062125,26568.887573962,26568.887660341,26568.899222195,0.3205339999112766,0.24388000019825995,0.5644140001095366,9.511837000900414,0.08637899736640975,11.561854000319727,21.724483998696087
0,1237,26568.910831044333,26568.91095128,26568.911161696,26568.920794821,26568.92102722,26568.934813173,0.12023566523566842,0.21041600120952353,0.33065166644519195,9.633124998799758,0.232399001106387,13.785953000478912,23.98212866683025
0,1238,26568.944164377666,26568.944241417,26568.944456668,26568.953991312,26568.954225802,26568.964685106,0.07703933442826383,0.21525099873542786,0.2922903331636917,9.534643999359105,0.2344900021853391,10.45930399777717,20.520728332485305
0,1239,26568.977497711,26568.977564955,26568.97777926,26568.987220996,26568.987276413,26568.997354928,0.06724400009261444,0.21430500055430457,0.281549000646919,9.441736001463141,0.05541700011235662,10.078514998895116,19.857217001117533
0,1240,26569.010831044332,26569.010900186,26569.01112164,26569.020610034,26569.020876339,26569.031653283,0.06914166806382127,0.2214539999840781,0.2905956680478994,9.48839400007273,0.26630499996826984,10.77694400009932,20.82223866818822
0,1241,26569.044164377665,26569.044456354,26569.044726095,26569.054294117,26569.054554146,26569.065055728,0.2919763355748728,0.2697409981919918,0.5617173337668646,9.56802200016682,0.2600290026748553,10.501581997232279,20.89135033384082
0,1242,26569.077497711,26569.077776872,26569.078016299,26569.087484728,26569.087546257,26569.097658642,0.27916099861613475,0.23942700136103667,0.5185879999771714,9.468428997934097,0.06152900095912628,10.112384999956703,20.160930998827098
0,1243,26569.110831044334,26569.111107381,26569.111348225,26569.120914812,26569.121159896,26569.131929636,0.2763366646831855,0.2408440013823565,0.517180666065542,9.566586999426363,0.24508400019840337,10.76974000170594,21.09859166739625
0,1244,26569.144164377667,26569.144454149,26569.144701771,26569.154285673,26569.154541294,26569.16495918,0.28977133115404285,0.24762200337136164,0.5373933345254045,9.583901999576483,0.2556209983595181,10.417886001960142,20.794802334421547
0,1245,26569.177497711,26569.177779816,26569.178011771,26569.187485385,26569.187542987,26569.197603725,0.28210500022396445,0.2319550003448967,0.5140600005688611,9.473613998125074,0.057602002925705165,10.060737997264368,20.10601399888401
0,1246,26569.210831044333,26569.21090838,26569.211121084,26569.22062845,26569.220865553,26569.231698643,0.07733566599199548,0.21270400247885846,0.29003966847085394,9.507365997706074,0.23710300229140557,10.833090000232914,20.86759866870125
0,1247,26569.244164377666,26569.244446196,26569.244697141,26569.254300922,26569.254562507,26569.264935227,0.28181833476992324,0.25094499869737774,0.532763333467301,9.603780999896117,0.2615850025904365,10.372719996667001,20.770849332620855
0,1248,26569.277497711,26569.277778667,26569.278032307,26569.287546163,26569.287607015,26569.297690021,0.28095600282540545,0.25363999884575605,0.5345960016711615,9.513855999102816,0.06085200220695697,10.083006000058958,20.192310003039893
0,1249,26569.310831044335,26569.311117297,26569.311369011,26569.32084907,26569.321110145,26569.331908663,0.2862526634999085,0.2517140019335784,0.5379666654334869,9.480059001361951,0.2610749979794491,10.798518000228796,21.077618665003683
0,1250,26569.344164377668,26569.344454797,26569.344707464,26569.354270237,26569.354523062,26569.365032514,0.29041933157714084,0.25266699958592653,0.5430863311630674,9.562773000652669,0.25282500064349733,10.509452000405872,20.868136332865106
0,1251,26569.377497711,26569.377774167,26569.378011604,26569.387515811,26569.387574005,26569.398048355,0.27645599766401574,0.23743700148770586,0.5138929991517216,9.504206998826703,0.05819400030304678,10.474350001459243,20.550643999740714
0,1252,26569.410831044333,26569.410907296,26569.41111989,26569.420678782,26569.420931394,26569.432035626,0.07625166472280398,0.21259400091366842,0.2888456656364724,9.558892001223285,0.2526120006223209,11.104231998615433,21.20458166609751
0,1253,26569.444164377666,26569.444456528,26569.444716464,26569.454306986,26569.454574746,26569.465217874,0.2921503328252584,0.2599360013846308,0.5520863342098892,9.590522000507917,0.26775999867822975,10.64312800008338,21.053496333479416
0,1254,26569.477497711,26569.477791128,26569.478029888,26569.487518355,26569.487576938,26569.497950769,0.29341700064833276,0.23875999977462925,0.532177000422962,9.488466999755474,0.05858300210093148,10.3738309990149,20.453058001294266
0,1255,26569.510831044332,26569.511144461,26569.511395109,26569.520924474,26569.521176929,26569.532288882,0.3134166690870188,0.2506479977455456,0.5640646668325644,9.52936500107171,0.25245500000892207,11.111953001091024,21.45783766900422
0,1256,26569.544164377665,26569.544438116,26569.544672061,26569.554260565,26569.554516473,26569.565297842,0.27373833654564805,0.2339450002182275,0.5076833367638756,9.588503999111708,0.2559079985076096,10.781369001051644,21.133464335434837
0,1257,26569.577497711,26569.577786199,26569.578061152,26569.587542323,26569.587603804,26569.59830647,0.2884879977500532,0.27495299946167506,0.5634409972117282,9.481171000516042,0.06148100146674551,10.702666000725003,20.80875899991952
0,1258,26569.610831044334,26569.610907992,26569.611120187,26569.620619895,26569.620869552,26569.632268377,0.07694766463828273,0.21219500195002183,0.28914266658830456,9.499707997747464,0.24965700140455738,11.39882500137901,21.437332667119335
0,1259,26569.644164377667,26569.644448279,26569.644698983,26569.654235987,26569.654471089,26569.665383727,0.28390133229549974,0.25070400079130195,0.5346053330868017,9.53700399986701,0.2351020011701621,10.912637997535057,21.219349331659032
0,1260,26569.677497711,26569.677773388,26569.678008121,26569.687520254,26569.687581653,26569.698211688,0.275677000900032,0.2347330009797588,0.5104100018797908,9.512132997770095,0.061399001424433663,10.630034998030169,20.71397699910449
0,1261,26569.710831044333,26569.711116176,26569.711363834,26569.7209278,26569.72118094,26569.732599015,0.2851316676242277,0.24765800117165782,0.5327896687958855,9.5639659994049,0.2531399986764882,11.418074998800876,21.76797066567815
0,1262,26569.744164377666,26569.744451842,26569.744697889,26569.754302634,26569.754546996,26569.765659348,0.2874643359973561,0.2460469986544922,0.5335113346518483,9.604744998796377,0.24436199964839034,11.11235200005467,21.494970333151286
0,1263,26569.777497711,26569.777772935,26569.777996973,26569.787493569,26569.787553309,26569.798273846,0.27522399977897294,0.22403800176107325,0.4992620015400462,9.49659600155428,0.05973999941488728,10.720537000452168,20.776135002961382
0,1264,26569.810831044335,26569.810907953,26569.811119027,26569.820708179,26569.820947893,26569.832547664,0.07690866550547071,0.2110739987983834,0.2879826643038541,9.589151999534806,0.23971400150912814,11.599770998145686,21.716619663493475
0,1265,26569.844164377668,26569.844444462,26569.844692824,26569.854276661,26569.854529931,26569.86575183,0.28008433218928985,0.24836200100253336,0.5284463331918232,9.583836999809137,0.2532699982111808,11.221898999792757,21.587452331004897
0,1266,26569.877497711,26569.877775813,26569.878012805,26569.887513402,26569.887575976,26569.898694708,0.2781020011752844,0.23699199664406478,0.5150939978193492,9.500597003352595,0.06257399945752695,11.118731999886222,21.196997000515694
0,1267,26569.910831044333,26569.91095472,26569.911189527,26569.92073492,26569.920805466,26569.935700859,0.1236756652360782,0.23480700110667385,0.35848266634275205,9.545393000735203,0.07054600064293481,14.89539300018805,24.86981466790894
0,1268,26569.944164377666,26569.944239915,26569.944460472,26569.953983475,26569.95422068,26569.965664394,0.0755373330321163,0.22055700173950754,0.29609433477162383,9.523002998321317,0.23720500030322,11.443714000051841,21.500016333448002
0,1269,26569.977497711,26569.977564044,26569.97777473,26569.987223494,26569.98727704,26569.998380725,0.06633299926761538,0.21068600108264945,0.27701900035026483,9.448764001717791,0.05354599852580577,11.103684999397956,20.883013999991817
0,1270,26570.010831044332,26570.010898239,26570.011112268,26570.020613317,26570.020849031,26570.032695543,0.06719466909999028,0.21402899801614694,0.2812236671161372,9.501049000391504,0.23571400015498511,11.846511999465292,21.86449866712792
0,1271,26570.044164377665,26570.044442295,26570.044688185,26570.054264652,26570.054514838,26570.065908329,0.2779173337330576,0.24589000167907216,0.5238073354121298,9.57646700044279,0.2501859999028966,11.39349100049003,21.743951336247846
0,1272,26570.077497711,26570.077772998,26570.078008166,26570.08749215,26570.087553437,26570.098861095,0.27528699865797535,0.23516800138168037,0.5104550000396557,9.483983998507028,0.06128699897089973,11.307658001896925,21.36338399941451
0,1273,26570.110831044334,26570.111107598,26570.11134746,26570.120906399,26570.120988353,26570.132777873,0.27655366648104973,0.23986199812497944,0.5164156646060292,9.558939000271494,0.08195400005206466,11.789520001912024,21.94682866684161
0,1274,26570.144164377667,26570.144439328,26570.144669885,26570.15428761,26570.154349315,26570.165779352,0.27495033282320946,0.2305570014868863,0.5055073343100958,9.617724997951882,0.06170499909785576,11.430037000536686,21.61497433189652
0,1275,26570.177497711,26570.177773502,26570.17801342,26570.187526461,26570.187611229,26570.198857349,0.275791000603931,0.2399180011707358,0.5157090017746668,9.513040997262578,0.08476800212520175,11.24612000057823,21.359638001740677
0,1276,26570.210831044333,26570.211116677,26570.211350428,26570.220977626,26570.221212719,26570.233223833,0.28563266823766753,0.23375099772238173,0.5193836659600493,9.627198000089265,0.23509300081059337,12.011113998596556,22.392788665456465
0,1277,26570.244164377666,26570.244243018,26570.244473352,26570.254073624,26570.254309541,26570.266001395,0.07864033614168875,0.23033399702399038,0.3089743331656791,9.600272001989651,0.23591699937242083,11.69185400067363,21.83701733520138
0,1278,26570.277497711,26570.277764331,26570.278000388,26570.287528493,26570.287590687,26570.299184356,0.2666200016392395,0.23605699971085414,0.5026770013500936,9.52810500166379,0.062193998019210994,11.593669001740636,21.68664500277373
0,1279,26570.310831044335,26570.311122812,26570.311390655,26570.321049429,26570.321299634,26570.333699711,0.2917676647484768,0.26784299916471355,0.5596106639131904,9.658774000854464,0.250205001066206,12.400076997437282,22.868666663271142
0,1280,26570.344164377668,26570.34444658,26570.344687933,26570.354285095,26570.354527058,26570.366419265,0.2822023307089694,0.24135300191119313,0.5235553326201625,9.597161999408854,0.24196300000767224,11.892206999618793,22.254887331655482
0,1281,26570.377497711,26570.377772034,26570.378002608,26570.387500641,26570.387564344,26570.399163874,0.27432299975771457,0.23057399812387303,0.5048969978815876,9.498033003183082,0.06370299888658337,11.59953000023961,21.666163000190863
0,1282,26570.410831044333,26570.411113589,26570.411370646,26570.420869983,26570.421149641,26570.433538192,0.2825446681526955,0.2570569995441474,0.5396016676968429,9.499337000306696,0.2796579974528868,12.388551000185544,22.70714766564197
0,1283,26570.444164377666,26570.444442219,26570.444669534,26570.45426115,26570.454493716,26570.466534765,0.27784133271779865,0.22731500212103128,0.5051563348388299,9.59161599894287,0.23256599888554774,12.041049001709325,22.370387334376574
0,1284,26570.477497711,26570.47757595,26570.477788072,26570.487317427,26570.487376242,26570.499312717,0.078239001595648,0.21212199862929992,0.29036100022494793,9.52935500026797,0.058814999647438526,11.936474998947233,21.81500599908759
0,1285,26570.510831044332,26570.511099377,26570.51133372,26570.520881853,26570.521160271,26570.533782813,0.2683326674741693,0.23434299873770215,0.5026756662118714,9.548133002681425,0.2784179996524472,12.622541999007808,22.95176866755355
0,1286,26570.544164377665,26570.544447423,26570.544684358,26570.554256631,26570.554496818,26570.566811433,0.2830453340720851,0.23693500043009408,0.5199803345021792,9.57227300023078,0.24018700059968978,12.314614999922924,22.647055335255573
0,1287,26570.577497711,26570.577770941,26570.578020766,26570.587480029,26570.587542529,26570.599568115,0.2732299981289543,0.24982499962789007,0.5230549977568444,9.459263001190266,0.0624999993306119,12.025586001982447,22.07040400026017
0,1288,26570.610831044334,26570.611128525,26570.61137272,26570.620894826,26570.621134752,26570.633830674,0.2974806666315999,0.2441949982312508,0.5416756648628507,9.522106000076747,0.2399260010861326,12.695921999693383,22.999629665719112
0,1289,26570.644164377667,26570.644434997,26570.644659627,26570.654288113,26570.654347076,26570.666467894,0.270619333605282,0.22462999913841486,0.49524933274369687,9.628486001020065,0.05896299990126863,12.120817998948041,22.30351633261307
0,1290,26570.677497711,26570.67757507,26570.677783432,26570.687294806,26570.687351037,26570.699478356,0.07735899998806417,0.20836199837503955,0.2857209983631037,9.511374002613593,0.05623099787044339,12.127319001592696,21.980645000439836
0,1291,26570.710831044333,26570.711125672,26570.711369812,26570.720886715,26570.721128196,26570.734022471,0.2946276690636296,0.24413999926764518,0.5387676683312748,9.516902999166632,0.24148100055754185,12.894274997961475,23.191426666016923
0,1292,26570.744164377666,26570.744445562,26570.744684664,26570.754272103,26570.754514965,26570.767004331,0.28118433328927495,0.23910200252430514,0.5202863358135801,9.587438999005826,0.2428619991405867,12.489365999499569,22.83995333345956
0,1293,26570.777497711,26570.777769468,26570.777997627,26570.787500937,26570.787561501,26570.799708458,0.27175700233783573,0.22815899865236133,0.49991600099019706,9.503310000582132,0.06056400161469355,12.146956996730296,22.21074699991732
0,1294,26570.810831044335,26570.8111037,26570.811330877,26570.82095463,26570.821016464,26570.833434792,0.27265566677669995,0.22717699903296307,0.499832665809663,9.623752997867996,0.061834001826355234,12.418327998602763,22.603747664106777
0,1295,26570.844164377668,26570.844441846,26570.844668578,26570.854276119,26570.854527935,26570.867024013,0.27746833075070754,0.2267320014652796,0.5042003322159871,9.607541000150377,0.25181599994539283,12.496078001277056,22.859635333588813
0,1296,26570.877497711,26570.877576224,26570.877791586,26570.887299394,26570.887360154,26570.899649019,0.07851299960748293,0.21536200074478984,0.29387500035227276,9.50780799757922,0.060760001360904425,12.288865000300575,22.151307999592973
0,1297,26570.910831044333,26570.910946158,26570.91115163,26570.918064904,26570.918304737,26570.93444405,0.11511366756167263,0.2054719989246223,0.32058566648629494,6.913273999089142,0.2398329997959081,16.13931300016702,23.613005665538367
0,1298,26570.944164377666,26570.944243452,26570.944462759,26570.954000198,26570.954239161,26570.965181929,0.07907433246145956,0.21930699949734844,0.298381331958808,9.537439000268932,0.23896300263004377,10.942767999949865,21.01755133480765
0,1299,26570.977497711,26570.977566905,26570.977779766,26570.987241409,26570.987295122,26570.996663439,0.06919400038896129,0.2128609994542785,0.2820549998432398,9.461642999667674,0.053712999942945316,9.368317001644755,19.165728001098614
0,1300,26571.010831044332,26571.010900236,26571.011109274,26571.020615509,26571.020849723,26571.031010858,0.06919166844454594,0.20903800032101572,0.27822966876556166,9.506235001026653,0.23421399964718148,10.161135000089416,20.179813669528812
0,1301,26571.044164377665,26571.044430022,26571.04465531,26571.054209925,26571.054436028,26571.064172014,0.26564433574094437,0.22528800036525354,0.4909323361061979,9.554615000524791,0.22610299856751226,9.73598600103287,20.00763633623137
0,1302,26571.077497711,26571.077573605,26571.0777828,26571.087290545,26571.087347156,26571.096738845,0.07589400047436357,0.20919499729643576,0.2850889977707993,9.507745002338197,0.05661099930875935,9.39168900004006,19.241133999457816
0,1303,26571.110831044334,26571.11110505,26571.111342273,26571.120849823,26571.121090093,26571.131216422,0.2740056661423296,0.2372230010223575,0.5112286671646871,9.50754999939818,0.24026999744819477,10.126329001650447,20.385377665661508
0,1304,26571.144164377667,26571.144454068,26571.144687384,26571.154285324,26571.154520853,26571.164299857,0.28969033155590296,0.23331600095843896,0.5230063325143419,9.597939999366645,0.2355290016566869,9.779003998119151,20.135479331656825
0,1305,26571.177497711,26571.17757579,26571.177796347,26571.187278165,26571.187338221,26571.196734529,0.0780789996497333,0.22055700173950754,0.29863600138924085,9.481818000494968,0.06005599789205007,9.39630799985025,19.23681799962651
0,1306,26571.210831044333,26571.21112505,26571.211392273,26571.220937194,26571.221184436,26571.2311532,0.2940056656370871,0.26722300026449375,0.5612286659015808,9.544921002088813,0.24724199829506688,9.968763999495422,20.322155665780883
0,1307,26571.244164377666,26571.244451013,26571.244721977,26571.2543335,26571.254586768,26571.264411496,0.2866353352146689,0.2709639993554447,0.5575993345701136,9.611523000785382,0.2532679973228369,9.824728000239702,20.247118332918035
0,1308,26571.277497711,26571.277780522,26571.278014097,26571.287506092,26571.287567925,26571.297218902,0.2828110009431839,0.23357499958365224,0.5163860005268361,9.491995002463227,0.061832997744204476,9.650977001001593,19.72119100173586
0,1309,26571.310831044335,26571.311119198,26571.311369338,26571.320885841,26571.321127148,26571.331326858,0.28815366385970265,0.2501400012988597,0.5382936651585624,9.516502999758814,0.24130699966917746,10.199709999142215,20.495813663728768
0,1310,26571.344164377668,26571.344445836,26571.344675837,26571.354266249,26571.354497435,26571.3644807,0.28145833130110987,0.23000100190984085,0.5114593332109507,9.590411998942727,0.23118600074667484,9.983264997572405,20.316322330472758
0,1311,26571.377497711,26571.377573326,26571.377791068,26571.387257321,26571.387316247,26571.396660233,0.0756150002416689,0.2177419992221985,0.2933569994638674,9.466252999118296,0.05892600165680051,9.343985999294091,19.162521999533055
0,1312,26571.410831044333,26571.411111392,26571.411360985,26571.420910101,26571.421203592,26571.431676043,0.2803476672852412,0.2495929984434042,0.5299406657286454,9.549115999107016,0.2934910007752478,10.472451001987793,20.844998667598702
0,1313,26571.444164377666,26571.444455836,26571.444703327,26571.454282062,26571.454538961,26571.464700578,0.2914583346864674,0.24749099975451827,0.5389493344409857,9.578735000104643,0.2568989984865766,10.161616999539547,20.536200332571752
0,1314,26571.477497711,26571.477775537,26571.478029186,26571.487573431,26571.487665533,26571.497583853,0.27782600227510557,0.2536489992053248,0.5314750014804304,9.544245000142837,0.09210200005327351,9.918319999997038,20.08614200167358
0,1315,26571.510831044332,26571.511130934,26571.51140238,26571.520946412,26571.521199189,26571.532074921,0.2998896670760587,0.2714460024435539,0.5713356695196126,9.54403200012166,0.25277699751313776,10.875732001295546,21.243876668449957
0,1316,26571.544164377665,26571.544438775,26571.544668684,26571.554222326,26571.554453679,26571.564691509,0.2743973345786799,0.2299090010637883,0.5043063356424682,9.553642001264961,0.23135299852583557,10.237829999823589,20.527131335256854
0,1317,26571.577497711,26571.577574098,26571.577789357,26571.587328454,26571.587387287,26571.597736756,0.07638699753442779,0.21525900228880346,0.29164599982323125,9.539096998196328,0.058833000366576016,10.349469001084799,20.239044999470934
0,1318,26571.610831044334,26571.611106718,26571.611352856,26571.620927888,26571.621204306,26571.632514871,0.2756736648734659,0.2461380026943516,0.5218116675678175,9.575031999702333,0.27641799897537567,11.31056499798433,21.683826664229855
0,1319,26571.644164377667,26571.644455141,26571.644703698,26571.654406267,26571.65464574,26571.665737184,0.2907633315771818,0.24855700030457228,0.5393203318817541,9.702569001092343,0.23947299996507354,11.09144400106743,21.5728063340066
0,1320,26571.677497711,26571.677781104,26571.678030502,26571.687545645,26571.687608589,26571.698288894,0.2833930011547636,0.2493979991413653,0.5327910002961289,9.515142999589443,0.06294400009210221,10.680305000278167,20.79118300025584
0,1321,26571.710831044333,26571.711107353,26571.711346928,26571.720899636,26571.721161572,26571.732895278,0.27630866679828614,0.23957500161486678,0.5158836684131529,9.552707997499965,0.2619360020617023,11.733706000086386,22.064233668061206
0,1322,26571.744164377666,26571.744441826,26571.744670224,26571.754241737,26571.754474016,26571.766048388,0.27744833278120495,0.22839800294605084,0.5058463357272558,9.571512997354148,0.23227900237543508,11.574371997994604,21.884010333451442
0,1323,26571.777497711,26571.777576825,26571.777787612,26571.787250903,26571.787308061,26571.798899581,0.07911400098237209,0.21078700228827074,0.28990100327064283,9.46329099679133,0.05715800216421485,11.591520000365563,21.40187000259175
0,1324,26571.810831044335,26571.811115936,26571.811371734,26571.820898487,26571.821140377,26571.83346427,0.28489166652434506,0.25579799694241956,0.5406896634667646,9.526753001409816,0.24189000032492913,12.32389299912029,22.6332256643218
0,1325,26571.844164377668,26571.844440067,26571.844667955,26571.854237441,26571.854469359,26571.866431944,0.27568933364818804,0.22788799833506346,0.5035773319832515,9.569485999236349,0.23191800210042857,11.962584998400416,22.267566331720445
0,1326,26571.877497711,26571.87783502,26571.878069669,26571.887677034,26571.88773796,26571.899870158,0.33730900031514466,0.23464900004910305,0.5719580003642477,9.607364998373669,0.06092600233387202,12.132197996834293,22.37244699790608
0,1327,26571.910831044333,26571.910944565,26571.911171687,26571.920734579,26571.920970043,26571.937378236,0.1135206657636445,0.22712200006935745,0.34064266583300196,9.562891998939449,0.23546400188934058,16.408193001552718,26.54719166821451
0,1328,26571.944164377666,26571.944239528,26571.944452251,26571.953987672,26571.954048765,26571.966435408,0.07515033212257549,0.2127230000041891,0.2878733321267646,9.535421002510702,0.06109300011303276,12.386643000354525,22.271030335105024
0,1329,26571.977497711,26571.977566935,26571.977792705,26571.987288097,26571.987341708,26571.997800919,0.06922399916220456,0.22577000345336273,0.2949940026155673,9.495391997916158,0.053611001931130886,10.459211000124924,20.30320800258778
0,1330,26572.010831044332,26572.011094769,26572.011321029,26572.020885764,26572.021129099,26572.032256219,0.26372466891189106,0.2262599991809111,0.48998466809280217,9.564734999003122,0.24333500186912715,11.127120000310242,21.425174669275293
0,1331,26572.044164377665,26572.044437352,26572.044672779,26572.054254191,26572.054316459,26572.06500819,0.27297433553030714,0.23542700000689365,0.5084013355372008,9.581411999533884,0.062268001784104854,10.691730996768456,20.843812333623646
0,1332,26572.077497711,26572.077770926,26572.078001603,26572.087468033,26572.08752856,26572.098045475,0.2732149987423327,0.2306770002178382,0.5038919989601709,9.466430001339177,0.06052699973224662,10.516914997424465,20.54776399745606
0,1333,26572.110831044334,26572.111120973,26572.111367353,26572.120952607,26572.121194182,26572.132409284,0.28992866646149196,0.24638000104459934,0.5363086675060913,9.585253999830456,0.24157499865395948,11.21510200027842,21.578239666268928
0,1334,26572.144164377667,26572.144439908,26572.144675335,26572.154257487,26572.154530932,26572.165444561,0.2755303321464453,0.23542700000689365,0.5109573321533389,9.582152000803035,0.27344499903847463,10.913629001152003,21.28018333314685
0,1335,26572.177497711,26572.177773232,26572.178001639,26572.187457069,26572.187516847,26572.198034836,0.2755210007308051,0.22840699966764078,0.5039280003984459,9.455430001253262,0.05977799810352735,10.517989001527894,20.53712500128313
0,1336,26572.210831044333,26572.210908387,26572.211121739,26572.220638253,26572.220922216,26572.232123901,0.07734266546322033,0.21335200290195644,0.29069466836517677,9.516513997368747,0.28396300331223756,11.20168499983265,21.292856668878812
0,1337,26572.244164377666,26572.244433349,26572.244667211,26572.2541974,26572.254257613,26572.264948445,0.26897133284364827,0.23386200336972252,0.5028333362133708,9.530188999633538,0.06021299850544892,10.69083200127352,20.784067335625878
0,1338,26572.277497711,26572.27777281,26572.278006635,26572.287522241,26572.287581186,26572.298296693,0.2750990024651401,0.23382499784929678,0.5089240003144369,9.515606001514243,0.05894499918213114,10.715506999986246,20.798982000997057
0,1339,26572.310831044335,26572.311101115,26572.311332088,26572.320953972,26572.321014314,26572.331761358,0.27007066455553286,0.23097300072549842,0.5010436652810313,9.621884000807768,0.06034199759596959,10.747044001618633,20.9303136653034
0,1340,26572.344164377668,26572.344437493,26572.344668086,26572.35424522,26572.354305072,26572.365274024,0.2731153326749336,0.23059299928718247,0.5037083319621161,9.577134002029197,0.059851998230442405,10.968951999529963,21.10964633175172
0,1341,26572.377497711,26572.377783223,26572.378030539,26572.387521718,26572.387756413,26572.399091247,0.2855120001186151,0.24731599842198193,0.532827998540597,9.491179000178818,0.23469500229111873,11.334833998262184,21.593535999272717
0,1342,26572.410831044333,26572.410908814,26572.411128536,26572.420663392,26572.420915346,26572.432206893,0.0777696659497451,0.21972200192976743,0.29749166787951253,9.53485599893611,0.25195399939548224,11.291547001746949,21.375848667958053
0,1343,26572.444164377666,26572.444430026,26572.444662666,26572.454210938,26572.454272273,26572.465544384,0.26564833387965336,0.2326399990124628,0.49828833289211616,9.548272002575686,0.0613349984632805,11.272110998106655,21.380006332037738
0,1344,26572.477497711,26572.477812118,26572.478062805,26572.487538652,26572.487791153,26572.499188829,0.3144069996778853,0.2506870005163364,0.5650940001942217,9.475847000430804,0.25250099861295894,11.397676000342472,21.691117999580456
0,1345,26572.510831044332,26572.511105202,26572.511339444,26572.520928984,26572.520989439,26572.532412014,0.2741576681728475,0.23424200117005967,0.5083996693429071,9.58953999725054,0.06045500049367547,11.422575000324287,21.58096966741141
0,1346,26572.544164377665,26572.544435942,26572.544670203,26572.554201133,26572.554264744,26572.565362439,0.27156433498021215,0.2342609986953903,0.5058253336756025,9.53093000134686,0.06361100167850964,11.097694998170482,21.198061334871454
0,1347,26572.577497711,26572.577785276,26572.578030546,26572.587564753,26572.58779693,26572.599015792,0.28756499887094833,0.24526999914087355,0.5328349980118219,9.534207001706818,0.23217700072564185,11.218861996894702,21.518080997338984
0,1348,26572.610831044334,26572.610908405,26572.611139147,26572.620743494,26572.620998049,26572.632452421,0.07736066618235782,0.23074199998518452,0.30810266616754234,9.604347000276903,0.2545549978094641,11.454372001026059,21.621376665279968
0,1349,26572.644164377667,26572.64444385,26572.64469111,26572.654335661,26572.654578384,26572.666123478,0.27947233320446685,0.24725999901420437,0.5267323322186712,9.644550998928025,0.24272300288430415,11.54509399930248,21.95910033333348
0,1350,26572.677497711,26572.677786776,26572.678038424,26572.687576697,26572.687835633,26572.69927606,0.28906499937875196,0.25164800172206014,0.5407130011008121,9.5382729996345,0.25893600104609504,11.440426998888142,21.77834900066955
0,1351,26572.710831044333,26572.71110659,26572.711356767,26572.720893883,26572.720952985,26572.732114624,0.2755456662271172,0.25017699954332784,0.525722665770445,9.537116002320545,0.05910199979552999,11.16163899860112,21.28357966648764
0,1352,26572.744164377666,26572.744435211,26572.74466785,26572.754241169,26572.754303762,26572.765576504,0.27083333407063037,0.23263899856829084,0.5034723326389212,9.573319002811331,0.06259300062083639,11.272741998254787,21.412126334325876
0,1353,26572.777497711,26572.777782942,26572.778014387,26572.787517363,26572.787771744,26572.799388625,0.28523100263555534,0.23144499937188812,0.5166760020074435,9.502975997747853,0.25438100055907853,11.616881001828006,21.89091400214238
0,1354,26572.810831044335,26572.810908672,26572.811126655,26572.820708538,26572.820769529,26572.832381206,0.07762766472296789,0.2179830007662531,0.295610665489221,9.58188300137408,0.06099099846323952,11.611677000473719,21.55016166580026
0,1355,26572.844164377668,26572.844434273,26572.844671774,26572.854264593,26572.854520761,26572.866705476,0.2698953321669251,0.23750100081088021,0.5073963329778053,9.592818998498842,0.25616800121497363,12.18471500033047,22.54109833302209
0,1356,26572.877497711,26572.877628068,26572.877871698,26572.887358757,26572.88759248,26572.899560575,0.1303569988522213,0.24363000193261541,0.3739870007848367,9.487059000093723,0.23372299983748235,11.968094997428125,22.062863998144167
0,1357,26572.910831044333,26572.91095253,26572.911177557,26572.917076086,26572.917123549,26572.931068549,0.12148566747782752,0.22502700085169636,0.3465126683295239,5.898528997931862,0.047462999646086246,13.945000002422603,20.237504668330075
0,1358,26572.944164377666,26572.944239129,26572.944463297,26572.950472372,26572.950512882,26572.960600461,0.0747513331589289,0.22416800129576586,0.29891933445469476,6.009074997564312,0.04050999996252358,10.087579001265112,16.436083333246643
0,1359,26572.977497711,26572.977566147,26572.977776814,26572.987290845,26572.987347086,26572.99670658,0.06843600203865208,0.21066699991934001,0.2791030019579921,9.514031000435352,0.056240998674184084,9.359494000818813,19.20886900188634
0,1360,26573.010831044332,26573.010900626,26573.011124285,26573.02071753,26573.020959252,26573.03048045,0.06958166704862379,0.22365900076692924,0.293240667815553,9.593244998541195,0.24172200210159644,9.521198000584263,19.649405669042608
0,1361,26573.044164377665,26573.044441681,26573.044690719,26573.054328242,26573.054577845,26573.064144016,0.2773033338598907,0.24903800294850953,0.5263413368084002,9.637522998673376,0.2496029992471449,9.566171000187751,19.97963833491667
0,1362,26573.077497711,26573.077787616,26573.078038117,26573.087526334,26573.087781427,26573.097777062,0.289904997771373,0.25050100157386623,0.5404059993452393,9.48821699785185,0.25509300030535087,9.99563500226941,20.27935099977185
0,1363,26573.110831044334,26573.11111969,26573.111367783,26573.12090601,26573.121158391,26573.130728366,0.28864566411357373,0.24809300157357939,0.5367386656871531,9.538227001030464,0.252380999882007,9.569974998157704,19.897321664757328
0,1364,26573.144164377667,26573.144458681,26573.144715793,26573.154328483,26573.154590622,26573.164508341,0.29430333233904094,0.2571120021457318,0.5514153344847728,9.612689998903079,0.26213900127913803,9.91771899862215,20.34396333328914
0,1365,26573.177497711,26573.177787811,26573.178020117,26573.187504343,26573.187735834,26573.197545089,0.29010000071139075,0.2323059998161625,0.5224060005275533,9.484226000495255,0.23149099797592498,9.809254999709083,20.047377998707816
0,1366,26573.210831044333,26573.210909939,26573.211129273,26573.220649593,26573.220883518,26573.231111543,0.07889466724009253,0.21933400057605468,0.2982286678161472,9.520319999865023,0.23392499861074612,10.228024999378249,20.280498665670166
0,1367,26573.244164377666,26573.244448755,26573.244700598,26573.254329741,26573.254580714,26573.264922647,0.28437733271857724,0.25184300102409907,0.5362203337426763,9.629143001802731,0.2509730002202559,10.341932997107506,20.75826933287317
0,1368,26573.277497711,26573.277785838,26573.278036033,26573.287502889,26573.287754269,26573.298335369,0.28812700111302547,0.25019500026246533,0.5383220013754908,9.46685600138153,0.2513799990992993,10.581099999399157,20.837658001255477
0,1369,26573.310831044335,26573.311116681,26573.311362108,26573.320925102,26573.321172242,26573.331858055,0.2856366663763765,0.2454269997542724,0.5310636661306489,9.562994000589242,0.24713999664527364,10.68581300205551,21.027010665420676
0,1370,26573.344164377668,26573.344450903,26573.344703829,26573.354290704,26573.354552085,26573.365741789,0.28652533364947885,0.2529259982111398,0.5394513318606187,9.586874999513384,0.26138099929085,11.18970400057151,21.577411331236362
0,1371,26573.377497711,26573.377792792,26573.378033171,26573.387534574,26573.387768408,26573.398903602,0.2950809976027813,0.24037900220719166,0.5354599998099729,9.501403001195285,0.23383399820886552,11.135193999507464,21.40589099872159
0,1372,26573.410831044333,26573.410908577,26573.41112743,26573.420697823,26573.420948982,26573.432271232,0.07753266618237831,0.21885300157009624,0.29638566775247455,9.57039299828466,0.2511589991627261,11.322250000375789,21.44018766557565
0,1373,26573.444164377666,26573.444454689,26573.444718727,26573.454293981,26573.454567417,26573.465501889,0.2903113345382735,0.26403800075058825,0.5543493352888618,9.575254000083078,0.2734359986789059,10.934472000371898,21.337511334422743
0,1374,26573.477497711,26573.477799208,26573.478069098,26573.487662852,26573.48791289,26573.499144835,0.30149700251058675,0.2698899988899939,0.5713870014005806,9.593753999070032,0.2500379996490665,11.231945001782151,21.64712400190183
0,1375,26573.510831044332,26573.511123523,26573.511372004,26573.520955999,26573.52120901,26573.532352704,0.292478667688556,0.24848099928931333,0.5409596669778693,9.583995000866707,0.2530109995859675,11.14369399874704,21.521659666177584
0,1376,26573.544164377665,26573.544463115,26573.544724607,26573.554279768,26573.554543371,26573.56573063,0.2987373336509336,0.261492001300212,0.5602293349511456,9.555160999298096,0.2636030003486667,11.187259002326755,21.566252336924663
0,1377,26573.577497711,26573.577792253,26573.578029207,26573.5875256,26573.587758341,26573.598893989,0.2945419983007014,0.23695400159340352,0.5314959998941049,9.496392998698866,0.23274100021808408,11.135648001072695,21.39627799988375
0,1378,26573.610831044334,26573.610909131,26573.611120797,26573.620645274,26573.620904645,26573.632020191,0.07808666487107985,0.21166599981370382,0.28975266468478367,9.524477001832565,0.2593709978100378,11.115545999928145,21.18914666425553
0,1379,26573.644164377667,26573.644443861,26573.64469151,26573.654257847,26573.65450082,26573.665658449,0.2794833344523795,0.24764899717411026,0.5271323316264898,9.566337001160719,0.2429730011499487,11.157629000081215,21.494071334018372
0,1380,26573.677497711,26573.677800841,26573.678093481,26573.687592883,26573.687865041,26573.699375347,0.30313000024762005,0.2926400011347141,0.5957700013823342,9.499402000074042,0.2721579985518474,11.510306001582649,21.877636001590872
0,1381,26573.710831044333,26573.711119756,26573.711380044,26573.720939316,26573.721199752,26573.732221557,0.2887116679630708,0.26028799766208977,0.5489996656251606,9.5592720026616,0.26043599791591987,11.021804999472806,21.390512665675487
0,1382,26573.744164377666,26573.744446477,26573.744693116,26573.754253769,26573.754315954,26573.765127489,0.2820993358909618,0.24663899966981262,0.5287383355607744,9.560652997606667,0.062185001297621056,10.811535001266748,20.96311133573181
0,1383,26573.777497711,26573.777772661,26573.777998467,26573.787492665,26573.787547915,26573.798516683,0.274950001767138,0.2258060012536589,0.5007560030207969,9.494197998719756,0.05524999869521707,10.968768001475837,21.018972001911607
0,1384,26573.810831044335,26573.810908335,26573.81111515,26573.820654775,26573.820903239,26573.832193507,0.07729066419415176,0.2068150024570059,0.28410566665115766,9.539624999888474,0.2484639990143478,11.290268001175718,21.362462666729698
0,1385,26573.844164377668,26573.844448289,26573.844711725,26573.854310692,26573.854548248,26573.865965675,0.28391133309924044,0.26343599893152714,0.5473473320307676,9.598967000783887,0.23755599977448583,11.417426998377778,21.801297330966918
0,1386,26573.877497711,26573.877788335,26573.878035938,26573.887587581,26573.887831249,26573.899255369,0.290624000626849,0.2476029985700734,0.5382269991969224,9.551643001032062,0.2436680006212555,11.424119998991955,21.757657999842195
0,1387,26573.910831044333,26573.910951288,26573.911163595,26573.917829385,26573.917884802,26573.929658776,0.12024366515106522,0.21230700076557696,0.3325506659166422,6.665789998805849,0.05541700011235662,11.773974001698662,18.82773166653351
0,1388,26573.944164377666,26573.944239298,26573.94445739,26573.954006182,26573.954058469,26573.965114598,0.07492033546441235,0.21809199824929237,0.2930123337137047,9.548792000714457,0.052286999562056735,11.056128998461645,20.950220332451863
0,1389,26573.977497711,26573.977565093,26573.977794511,26573.98731596,26573.987540043,26573.999385305,0.06738199954270385,0.22941800125408918,0.29680000079679303,9.52144899929408,0.22408299992093816,11.845262000861112,21.887594000872923
0,1390,26574.010831044332,26574.010898547,26574.011114779,26574.02060157,26574.0208462,26574.032725583,0.06750266766175628,0.21623200154863298,0.28373466921038926,9.486790997470962,0.24463000227115117,11.879383000632515,21.894538669585017
0,1391,26574.044164377665,26574.044231834,26574.044447335,26574.054061247,26574.054308146,26574.066048749,0.06745633436366916,0.2155010006390512,0.28295733500272036,9.61391199962236,0.24689899873919785,11.74060300036217,21.88437133372645
0,1392,26574.077497711,26574.077621519,26574.077855215,26574.087428005,26574.087680367,26574.099125952,0.12380800035316497,0.2336959987587761,0.3575039991119411,9.572790000675013,0.2523619987186976,11.445585001638392,21.628241000144044
0,1393,26574.110831044334,26574.110908871,26574.111123177,26574.120640117,26574.120866645,26574.132464712,0.07782666580169462,0.21430600099847652,0.29213266680017114,9.5169399974111,0.22652800180367194,11.598066997976275,21.63366766399122
0,1394,26574.144164377667,26574.144233186,26574.144439446,26574.154019135,26574.154244126,26574.165893721,0.06880833461764269,0.2062599996861536,0.2750683343037963,9.579688998201163,0.22499099941342138,11.64959500238183,21.72934333430021
0,1395,26574.177497711,26574.177564954,26574.177781482,26574.187240689,26574.187475579,26574.199127247,0.06724299964844249,0.2165280020562932,0.2837710017047357,9.45920699814451,0.23489000159315765,11.651667999103665,21.629536000546068
0,1396,26574.210831044333,26574.210940193,26574.21117125,26574.220686707,26574.22091655,26574.232557171,0.10914866652456112,0.23105700165615417,0.3402056681807153,9.515457000816241,0.22984299721429124,11.640620999969542,21.72612666618079
0,1397,26574.244164377666,26574.244241293,26574.244465554,26574.254017891,26574.254295632,26574.266071514,0.07691533392062411,0.22426099894801155,0.30117633286863565,9.552337000059197,0.27774100090027787,11.77588200152968,21.90713633535779
0,1398,26574.277497711,26574.277622561,26574.277881747,26574.287420177,26574.287662427,26574.299477697,0.1248500011570286,0.2591859993117396,0.3840360004687682,9.5384300002479,0.2422500001557637,11.815270001534373,21.979986002406804
0,1399,26574.310831044335,26574.310948291,26574.311177402,26574.320711888,26574.320939703,26574.332761548,0.1172466654679738,0.22911099949851632,0.3463576649664901,9.534485998301534,0.22781500229029916,11.821845000667963,21.930503666226286
0,1400,26574.344164377668,26574.34423978,26574.344452539,26574.35401671,26574.354243841,26574.366175575,0.07540233127656393,0.21275900144246407,0.288161332719028,9.56417099951068,0.2271310004289262,11.931733999517746,22.01119733217638
0,1401,26574.377497711,26574.377566565,26574.377790927,26574.387275347,26574.387513468,26574.399439943,0.0688539985276293,0.22436200015363283,0.29321599868126214,9.484419999353122,0.2381209997111,11.926475002837833,21.942232000583317
0,1402,26574.410831044333,26574.410939425,26574.411170417,26574.42069242,26574.420921597,26574.432920146,0.10838066737051122,0.23099199825082906,0.3393726656213403,9.52200300162076,0.22917699971003458,11.998548998235492,22.089101665187627
0,1403,26574.444164377666,26574.444239026,26574.444460795,26574.453987818,26574.454228977,26574.466195247,0.07464833470294252,0.22176899801706895,0.2964173327200115,9.527023001282942,0.24115899941534735,11.966270001721568,22.03086933513987
0,1404,26574.477497711,26574.477621517,26574.477855018,26574.487332845,26574.487565532,26574.499949036,0.12380599946482107,0.233501003094716,0.35730700255953707,9.477826999500394,0.2326869980606716,12.383503999444656,22.45132499956526
0,1405,26574.510831044332,26574.510908887,26574.511124962,26574.520644485,26574.520875782,26574.533129887,0.07784266927046701,0.21607499729725532,0.29391766656772234,9.519523002381902,0.231296999118058,12.254105000465643,22.298842668533325
0,1406,26574.544164377665,26574.544233137,26574.544444499,26574.554078595,26574.554309022,26574.566455886,0.06875933468108997,0.21136199939064682,0.2801213340717368,9.634096000809222,0.23042700195219368,12.14686399907805,22.291508335911203
0,1407,26574.577497711,26574.577565387,26574.577776064,26574.587238697,26574.587467012,26574.599830535,0.06767599916202016,0.2106770007230807,0.27835299988510087,9.46263299920247,0.22831499882158823,12.363523001113208,22.332823999022366
0,1408,26574.610831044334,26574.610908257,26574.6111246,26574.617044083,26574.617100953,26574.628721761,0.07721266592852771,0.21634299992001615,0.29355566584854387,5.919482999161119,0.056870001571951434,11.620807999861427,17.89071666644304
0,1409,26574.644164377667,26574.644232433,26574.644447795,26574.653990457,26574.654047586,26574.665675172,0.06805533121223561,0.21536200074478984,0.28341733195702545,9.542662002786528,0.05712899655918591,11.627586001850432,21.51079433315317
0,1410,26574.677497711,26574.677562989,26574.677779072,26574.687272974,26574.687326993,26574.698868179,0.06527799996547401,0.21608300085063092,0.28136100081610493,9.493901998212095,0.05401900125434622,11.54118599879439,21.370467999076936
0,1411,26574.710831044333,26574.710896072,26574.711114582,26574.720675271,26574.720929948,26574.732853478,0.06502766700577922,0.2185100020142272,0.28353766902000643,9.560688999044942,0.25467699742875993,11.923530000785831,22.02243366627954
0,1412,26574.744164377666,26574.744231618,26574.744454276,26574.754020354,26574.754096781,26574.765683699,0.0672403330099769,0.22265799998422153,0.2898983329941984,9.566078002535505,0.07642699711141177,11.586918000830337,21.519321333471453
0,1413,26574.777497711,26574.777564367,26574.777786017,26574.787258455,26574.787312993,26574.79888317,0.06665600085398182,0.22164999973028898,0.2883060005842708,9.47243799964781,0.05453800258692354,11.570176997338422,21.385459000157425
0,1414,26574.810831044335,26574.810897581,26574.811104813,26574.820741965,26574.820967457,26574.83333635,0.0665366642351728,0.20723200213978998,0.2737686663749628,9.637151997594628,0.2254920000268612,12.368892999802483,22.505305663798936
0,1415,26574.844164377668,26574.844230932,26574.844445192,26574.854062678,26574.854133623,26574.866506219,0.06655433389823884,0.21425999875646085,0.2808143326546997,9.61748600093415,0.0709449996065814,12.372596000204794,22.341841333400225
0,1416,26574.877497711,26574.877564951,26574.877782674,26574.887354252,26574.887589077,26574.899895507,0.06723999831592664,0.21772300169686787,0.2849630000127945,9.571578000759473,0.23482499818783253,12.30642999871634,22.39779599767644
0,1417,26574.910831044333,26574.910934765,26574.911145905,26574.920763261,26574.920984568,26574.935616273,0.10372066753916442,0.21113999900990166,0.3148606665490661,9.617356001399457,0.22130700017441995,14.631704998464556,24.7852286665875
0,1418,26574.944164377666,26574.94423933,26574.944454886,26574.953970769,26574.954027685,26574.965772168,0.07495233512599953,0.2155559996026568,0.29050833472865634,9.515882997220615,0.0569160001759883,11.744483002985362,21.60779033511062
0,1419,26574.977497711,26574.977564679,26574.977784199,26574.987277017,26574.987328888,26574.999051242,0.06696800119243562,0.21951999951852486,0.2864880007109605,9.492818000580883,0.051871000323444605,11.722354000085033,21.55353100170032
0,1420,26575.010831044332,26575.010897808,26575.011108976,26575.020667099,26575.020725054,26575.032736028,0.0667636668367777,0.21116800053277984,0.27793166736955754,9.558123001625063,0.05795499964733608,12.010973998258123,21.90498366690008
0,1421,26575.044164377665,26575.044234844,26575.044456974,26575.054002857,26575.054240931,26575.066612964,0.07046633618301712,0.22212999829207547,0.2925963344750926,9.54588300010073,0.2380740006628912,12.372033001156524,22.448586336395238
0,1422,26575.077497711,26575.077565537,26575.077790991,26575.087261476,26575.087495893,26575.100029564,0.06782600030419417,0.22545399770024233,0.2932799980044365,9.470485001656925,0.2344169988646172,12.533671000710456,22.531852999236435
0,1423,26575.110831044334,26575.110900397,26575.11111686,26575.120657567,26575.120915402,26575.133227599,0.06935266719665378,0.21646299865096807,0.28581566584762186,9.540707000269322,0.257834999501938,12.312196999118896,22.396554664737778
0,1424,26575.144164377667,26575.144232941,26575.144450423,26575.154074835,26575.154306113,26575.166667376,0.06856333129690029,0.21748200015281327,0.28604533144971356,9.624412003176985,0.23127799795474857,12.361263001366751,22.5029983339482
0,1425,26575.177497711,26575.177566708,26575.177780635,26575.187298481,26575.187538167,26575.200221709,0.06899700019857846,0.2139270000043325,0.282924000202911,9.517845999653218,0.23968599998624995,12.683542001468595,22.723998001310974
0,1426,26575.210831044333,26575.210899338,26575.211118681,26575.220621009,26575.220848936,26575.233556089,0.06829366611782461,0.21934300093562342,0.28763666705344804,9.502328000962734,0.22792699746787548,12.707153000519611,22.72504466600367
0,1427,26575.244164377666,26575.244234013,26575.244451662,26575.254035611,26575.254277742,26575.266929515,0.069635334511986,0.21764900156995282,0.2872843360819388,9.583948998624692,0.24213099823100492,12.651773002289701,22.765137335227337
0,1428,26575.277497711,26575.277565013,26575.277827774,26575.287316555,26575.287547537,26575.300096329,0.0673020003887359,0.2627610010677017,0.33006300145643763,9.488781000982272,0.23098199744708836,12.548792001325637,22.598618001211435
0,1429,26575.310831044335,26575.310898115,26575.311117366,26575.320704574,26575.320950769,26575.333212143,0.06707066495437175,0.21925100008957088,0.28632166504394263,9.587207998265512,0.2461950025463011,12.261373998626368,22.381098664482124
0,1430,26575.344164377668,26575.344233559,26575.344446587,26575.354001286,26575.354227333,26575.366833005,0.06918133294675499,0.21302800087141804,0.28220933381817304,9.554698997817468,0.2260469991597347,12.60567200006335,22.668627330858726
0,1431,26575.377497711,26575.377565207,26575.377790791,26575.387315092,26575.387577675,26575.399945264,0.06749599924660288,0.22558400087291375,0.2930800001195166,9.524301000055857,0.26258299840264954,12.36758899904089,22.447552997618914
0,1432,26575.410831044333,26575.410900068,26575.41111194,26575.420610564,26575.420669184,26575.432904521,0.06902366658323444,0.2118720003636554,0.28089566694688983,9.498624000116251,0.0586200003453996,12.235336998855928,22.07347666626447
0,1433,26575.444164377666,26575.444233124,26575.444457661,26575.454022157,26575.454248796,26575.466991144,0.06874633254483342,0.22453700148616917,0.2932833340310026,9.564495998347411,0.22663900017505512,12.742348000756465,22.826766333309934
0,1434,26575.477497711,26575.477567698,26575.477788532,26575.48737262,26575.4876165,26575.50074221,0.06998699973337352,0.2208340010838583,0.29082100081723183,9.584087998518953,0.24388000019825995,13.1257100001676,23.244498999702046
0,1435,26575.510831044332,26575.510898114,26575.511113911,26575.520688434,26575.520918963,26575.534262248,0.06706966814817861,0.2157970011467114,0.28286666929489,9.574522999173496,0.2305289999640081,13.34328499797266,23.431203666405054
0,1436,26575.544164377665,26575.544232901,26575.544457226,26575.554145518,26575.554383397,26575.567543284,0.06852333535789512,0.2243249982711859,0.292848333629081,9.68829200064647,0.23787900136085227,13.159886999346782,23.378906334983185
0,1437,26575.577497711,26575.577565742,26575.577784549,26575.587302256,26575.587535332,26575.600466429,0.06803100040997379,0.21880699932808056,0.28683799973805435,9.517706999758957,0.23307599985855632,12.931097000546288,22.968717999901855
0,1438,26575.610831044334,26575.610897834,26575.611105687,26575.62064569,26575.620705421,26575.633874854,0.06678966747131199,0.20785299784620292,0.2746426653175149,9.540003000438446,0.059730999055318534,13.169433001166908,23.043809665978188
0,1439,26575.644164377667,26575.644234887,26575.64444375,26575.654043985,26575.654278958,26575.667348834,0.07050933345453814,0.20886299898847938,0.2793723324430175,9.600235000107205,0.23497300207964145,13.069875996734481,23.184456331364345
0,1440,26575.677497711,26575.677565164,26575.677788257,26575.687319668,26575.687562114,26575.700661971,0.06745299833710305,0.2230930003861431,0.29054599872324616,9.531411000352819,0.24244599990197457,13.099857002089266,23.164260001067305
0,1441,26575.710831044333,26575.710901088,26575.711121413,26575.72069951,26575.720963437,26575.734022239,0.07004366852925159,0.22032499691704288,0.29036866544629447,9.578097000485286,0.2639270023792051,13.05880200015963,23.191194668470416
0,1442,26575.744164377666,26575.744285457,26575.744521829,26575.754171333,26575.754403538,26575.767285107,0.12107933434890583,0.2363720013818238,0.3574513357307296,9.649503997934517,0.23220500224852003,12.881568996817805,23.12072933273157
0,1443,26575.777497711,26575.777575344,26575.777794234,26575.787285535,26575.787348544,26575.799971131,0.0776330016378779,0.21888999981456436,0.29652300145244226,9.491300999798113,0.06300899985944852,12.622587000805652,22.473420001915656
0,1444,26575.810831044335,26575.810936029,26575.811162882,26575.820706488,26575.820762896,26575.833316011,0.1049846650857944,0.22685300064040348,0.3318376657261979,9.543606000079308,0.05640800009132363,12.553115000628168,22.484966666524997
0,1445,26575.844164377668,26575.844241102,26575.844449955,26575.854030423,26575.854253498,26575.867314309,0.07672433275729418,0.20885299818473868,0.28557733094203286,9.580468002241105,0.2230749996670056,13.06081100119627,23.149931334046414
0,1446,26575.877497711,26575.877566094,26575.877773539,26575.887345404,26575.887585729,26575.90074418,0.06838300032541156,0.2074449985229876,0.27582799884839915,9.571865000907565,0.2403250000497792,13.158450998162152,23.246468997967895
0,1447,26575.910831044333,26575.910927649,26575.911147594,26575.917644551,26575.917879617,26575.938409213,0.09660466821515001,0.21994499911670573,0.31654966733185574,6.496956997580128,0.23506600336986594,20.52959599677706,27.57816866505891
0,1448,26575.944164377666,26575.944236093,26575.944450344,26575.953994172,26575.954053394,26575.966807178,0.07171533434302546,0.2142509983968921,0.28596633273991756,9.543828000460053,0.05922200216446072,12.753783998050494,22.642800333414925
0,1449,26575.977497711,26575.977566343,26575.97778351,26575.987326432,26575.9873777,26575.999963261,0.06863200178486295,0.21716699848184362,0.28579900026670657,9.542922001855914,0.05126799806021154,12.58556100219721,22.46555000238004
0,1450,26576.010831044332,26576.010899825,26576.011122658,26576.020692505,26576.02074783,26576.031686181,0.06878066778881475,0.22283300131675787,0.2916136691055726,9.569846999511356,0.055324999266304076,10.938350998912938,20.85513666679617
0,1451,26576.044164377665,26576.044231639,26576.044438316,26576.053970375,26576.054047811,26576.064982282,0.06726133506163023,0.20667699936893769,0.2739383344305679,9.532059000775917,0.07743600144749507,10.934470999927726,20.817904336581705
0,1452,26576.077497711,26576.077567,26576.077779639,26576.087269884,26576.087506885,26576.098794867,0.06928899892955087,0.21263899907353334,0.2819279980030842,9.4902450000518,0.23700100064161234,11.287982000794727,21.297155999491224
0,1453,26576.110831044334,26576.110898157,26576.111106232,26576.120645987,26576.120701024,26576.131522856,0.06711266541969962,0.2080750018649269,0.2751876672846265,9.539754999423167,0.05503699867404066,10.821832001965959,20.691811667347793
0,1454,26576.144164377667,26576.144231259,26576.144444085,26576.154027384,26576.154077143,26576.164970292,0.06688133362331428,0.21282599846017547,0.27970733208348975,9.583299000951229,0.04975900083081797,10.89314899945748,20.805914333323017
0,1455,26576.177497711,26576.177565472,26576.177787491,26576.187308848,26576.187539764,26576.1990891,0.06776100053684786,0.2220189999206923,0.28978000045754015,9.521356998448027,0.2309160008735489,11.549335999006871,21.591388998785987
0,1456,26576.210831044333,26576.210900389,26576.211127121,26576.220738069,26576.220982116,26576.232105033,0.06934466728125699,0.2267320014652796,0.2960766687465366,9.610948000045028,0.2440469979774207,11.122916999738663,21.27398866650765
0,1457,26576.244164377666,26576.244232194,26576.244448898,26576.253962431,26576.254015736,26576.264824726,0.06781633419450372,0.21670400019502267,0.2845203343895264,9.513533001154428,0.05330500061972998,10.808989998622565,20.66034833478625
0,1458,26576.277497711,26576.277564759,26576.277786797,26576.287251486,26576.28729581,26576.298291661,0.06704800034640357,0.22203800108400173,0.2890860014304053,9.464688999287318,0.044324002374196425,10.99585100018885,20.79395000328077
0,1459,26576.310831044335,26576.310899545,26576.311116222,26576.320590512,26576.320641706,26576.331620752,0.06850066347396933,0.21667700275429524,0.28517766622826457,9.47429000007105,0.05119399793329649,10.979046001011739,20.78970766524435
0,1460,26576.344164377668,26576.344236451,26576.344464192,26576.354015594,26576.354067659,26576.364865065,0.07207333328551613,0.2277409985254053,0.29981433181092143,9.551401999488007,0.05206499918131158,10.797406001074705,20.700687331554946
0,1461,26576.377497711,26576.377571524,26576.377795321,26576.387267602,26576.387320186,26576.398104109,0.07381300019915216,0.22379700021701865,0.2976100004161708,9.47228099903441,0.052584000513888896,10.783923000417417,20.606398000381887
0,1462,26576.410831044333,26576.410902208,26576.411134672,26576.420720804,26576.420774295,26576.431781276,0.07116366759873927,0.2324639972357545,0.30362766483449377,9.586132000549696,0.05349099956220016,11.006980999809457,20.950231664755847
0,1463,26576.444164377666,26576.444236363,26576.444465457,26576.454032535,26576.454084063,26576.465228127,0.07198533421615139,0.22909399922355078,0.30107933343970217,9.567077999236062,0.05152800076757558,11.144063999381615,21.063749332824955
0,1464,26576.477497711,26576.47757002,26576.477791724,26576.487261644,26576.487315348,26576.498528449,0.07230900155263953,0.22170399824972264,0.2940129998023622,9.469920001720311,0.05370399958337657,11.213100999157177,21.030738000263227
0,1465,26576.510831044332,26576.510902527,26576.511129093,26576.520652865,26576.520705032,26576.531888865,0.07148266740841791,0.22656600049231201,0.2980486679007299,9.523772001557518,0.05216699719312601,11.183833001268795,21.05782066792017
0,1466,26576.544164377665,26576.544240043,26576.544463535,26576.554062067,26576.554114011,26576.5653224,0.07566533531644382,0.2234919993497897,0.2991573346662335,9.598532000381965,0.05194400000618771,11.20838900169474,21.158022336749127
0,1467,26576.577497711,26576.577570256,26576.577794785,26576.587265566,26576.587321437,26576.598507429,0.07254499723785557,0.22452900157077238,0.29707399880862795,9.470780998526607,0.05587100167758763,11.18599199980963,21.009717998822453
0,1468,26576.610831044334,26576.61090247,26576.611131331,26576.620640817,26576.620694002,26576.631832132,0.0714256675564684,0.22886099759489298,0.3002866651513614,9.509486000752077,0.053184998250799254,11.138130001199897,21.001087665354135
0,1469,26576.644164377667,26576.644233858,26576.644454702,26576.654026188,26576.654079928,26576.665264401,0.06948033114895225,0.220844001887599,0.29032433303655125,9.57148599991342,0.05374000102165155,11.184472998138517,21.10002333211014
0,1470,26576.677497711,26576.677570284,26576.677791497,26576.687253205,26576.687329048,26576.698607159,0.07257299876073375,0.22121300207800232,0.29378600083873607,9.46170799943502,0.07584299964946695,11.27811100013787,21.109448000061093
0,1471,26576.710831044333,26576.710906321,26576.71115522,26576.720720798,26576.720773974,26576.732264809,0.07527666821260937,0.24889899941626936,0.3241756676288787,9.565577998728259,0.053176001529209316,11.49083500058623,21.433764668472577
0,1472,26576.744164377666,26576.744234367,26576.744459997,26576.754026076,26576.754077779,26576.7657733,0.06998933531576768,0.22562999947695062,0.2956193347927183,9.566078999341698,0.05170300210011192,11.695520999637665,21.608922335872194
0,1473,26576.777497711,26576.777567459,26576.777788775,26576.787301641,26576.787360437,26576.79910054,0.06974800271564163,0.2213160005339887,0.29106400324963033,9.512865999568021,0.058795998484129086,11.740103000192903,21.602829001494683
0,1474,26576.810831044335,26576.810906071,26576.811134238,26576.82066839,26576.82072302,26576.832396874,0.07502666630898602,0.22816699856775813,0.30319366487674415,9.534151999105234,0.054629999794997275,11.673854001855943,21.56582966563292
0,1475,26576.844164377668,26576.844235487,26576.844297422,26576.853844806,26576.853900195,26576.865592179,0.07110933074727654,0.06193500303197652,0.13304433377925307,9.547383997414727,0.05538900222745724,11.691984000208322,21.42780133362976
0,1476,26576.877497711,26576.877570653,26576.877805228,26576.887309918,26576.887363723,26576.899070985,0.07294199895113707,0.234574999922188,0.30751699887332506,9.504689998721005,0.05380500078899786,11.707262001436902,21.57327399982023
0,1477,26576.910831044333,26576.910901404,26576.911131766,26576.917892315,26576.917943649,26576.938231133,0.07035966700641438,0.23036199854686856,0.30072166555328295,6.760549000318861,0.051334001909708604,20.287483999709366,27.400088667491218
0,1478,26576.944164377666,26576.944234579,26576.944459375,26576.954020333,26576.954071935,26576.965660603,0.07020133489277214,0.22479600011138245,0.2949973350041546,9.560957998473896,0.05160200089449063,11.588667999603786,21.496225333976327
0,1479,26576.977497711,26576.977569216,26576.977798893,26576.987285044,26576.987336211,26576.997484698,0.07150500096031465,0.22967699987930246,0.3011820008396171,9.48615100060124,0.05116700049256906,10.148486999241868,19.986987001175294
0,1480,26577.010831044332,26577.010900965,26577.011121391,26577.020632654,26577.020683543,26577.029634443,0.06992066846578382,0.22042599812266417,0.290346666588448,9.511263000604231,0.05088900070404634,8.950899999035755,18.80339866693248
0,1481,26577.044164377665,26577.044234731,26577.044451047,26577.054044514,26577.054097505,26577.063042849,0.07035333692329004,0.21631599884130992,0.28666933576459996,9.59346699892194,0.05299099939293228,8.94534400140401,18.878471335483482
0,1482,26577.077497711,26577.077567879,26577.077794175,26577.087271262,26577.087323392,26577.096324218,0.07016800009296276,0.22629599698120728,0.29646399707417004,9.477087001869222,0.052129998948657885,9.000826001283713,18.826506999175763
0,1483,26577.110831044334,26577.110903543,26577.11093034,26577.120276222,26577.120322241,26577.129342808,0.07249866757774726,0.02679699900909327,0.09929566658684053,9.345881997433025,0.04601900218403898,9.020566998515278,18.511763664719183
0,1484,26577.144164377667,26577.144235597,26577.144459033,26577.1540645,26577.154117148,26577.163132132,0.07121933231246658,0.22343599994201213,0.2946553322544787,9.60546699934639,0.05264799983706325,9.014983999804826,18.96775433124276
0,1485,26577.177497711,26577.177569874,26577.177792551,26577.187294758,26577.187346387,26577.196321121,0.07216299854917452,0.22267700114753097,0.2948399996967055,9.50220700178761,0.05162899833521806,8.974733998911688,18.823409998731222
0,1486,26577.210831044333,26577.21090217,26577.211118263,26577.22070736,26577.220762073,26577.229746973,0.0711256689100992,0.2160929980163928,0.287218666926492,9.5890970005712,0.05471300028148107,8.984899999632034,18.915928667411208
0,1487,26577.244164377666,26577.244235355,26577.244503689,26577.254084768,26577.254140638,26577.263318242,0.07097733396221884,0.2683339989744127,0.3393113329366315,9.581079000781756,0.05587000123341568,9.177603998978157,19.15386433392996
0,1488,26577.277497711,26577.277565809,26577.277785531,26577.287276063,26577.287331073,26577.296559706,0.068098001065664,0.21972200192976743,0.2878200029954314,9.490532000199892,0.055009997595334426,9.228633000020636,19.061995000811294
0,1489,26577.310831044335,26577.310899725,26577.311140809,26577.320703795,26577.320756351,26577.329993474,0.06868066338938661,0.24108400248223916,0.30976466587162577,9.562986000673845,0.05255599899101071,9.23712299845647,19.162429663992953
0,1490,26577.344164377668,26577.3442384,26577.344461837,26577.354026656,26577.354105785,26577.363359641,0.07402233313769102,0.22343700038618408,0.2974593335238751,9.564818999933777,0.07912900036899373,9.25385599839501,19.195263332221657
0,1491,26577.377497711,26577.377568966,26577.377787865,26577.387287322,26577.38734197,26577.396549751,0.0712549990566913,0.2188990001741331,0.2901539992308244,9.499456999037648,0.054648000514134765,9.207781000441173,19.05203999922378
0,1492,26577.410831044333,26577.410902632,26577.411122753,26577.420629619,26577.420683535,26577.429888825,0.07158766675274819,0.22012100089341402,0.2917086676461622,9.506865997536806,0.05391600279835984,9.205289999954402,19.05778066793573
0,1493,26577.444164377666,26577.444237206,26577.444463697,26577.454049674,26577.454103999,26577.463380529,0.07282833394128829,0.226490999921225,0.2993193338625133,9.585977000824641,0.05432499892776832,9.276529999624472,19.216151333239395
0,1494,26577.477497711,26577.477567706,26577.477793808,26577.487271793,26577.48732522,26577.49677702,0.06999499964877032,0.22610200176131912,0.29609700141008943,9.477985000557965,0.0534270002390258,9.451799996895716,19.279308999102795
0,1495,26577.510831044332,26577.510901456,26577.511126484,26577.520652997,26577.520704747,26577.530106445,0.07041166827548295,0.2250280012958683,0.29543966957135126,9.526512996671954,0.051750001148320735,9.401698000147007,19.275400667538634
0,1496,26577.544164377665,26577.544235418,26577.544458521,26577.55407384,26577.554125868,26577.563521585,0.07104033647920005,0.223102997551905,0.29414333403110504,9.615319002477918,0.05202799729886465,9.395717002917081,19.35720733672497
0,1497,26577.577497711,26577.577570965,26577.577785772,26577.587260988,26577.587315016,26577.596756621,0.07325399928959087,0.21480699797393754,0.2880609972635284,9.475216000282671,0.05402800161391497,9.441604997846298,19.258909997006413
0,1498,26577.610831044334,26577.610904668,26577.611136688,26577.620666868,26577.620716905,26577.630164297,0.07362366523011588,0.232020000112243,0.3056436653423589,9.530179999273969,0.05003700061934069,9.447391999856336,19.333252665092004
0,1499,26577.644164377667,26577.6442369,26577.644472744,26577.654062988,26577.654114904,26577.663695168,0.07252233262988739,0.23584399968967773,0.3083663323195651,9.590244000719395,0.05191599848330952,9.580264002579497,19.530790334101766
0,1500,26577.677497711,26577.677567492,26577.677801937,26577.687315811,26577.687370358,26577.696980075,0.06978099918342195,0.23444500038749538,0.30422599957091734,9.513873999821953,0.05454699930851348,9.609717002604157,19.48236400130554
0,1501,26577.710831044333,26577.710902185,26577.711133046,26577.720708467,26577.720760097,26577.730409786,0.07114066829672083,0.2308609982719645,0.3020016665686853,9.575421001500217,0.05162999877939001,9.649689000070794,19.578741666919086
0,1502,26577.744164377666,26577.744237063,26577.744466703,26577.75402829,26577.754078781,26577.7637501,0.07268533590831794,0.22963999799685553,0.30232533390517347,9.561587001371663,0.05049099854659289,9.671318999608047,19.585722333431477
0,1503,26577.777497711,26577.777569525,26577.77779221,26577.787262214,26577.787316612,26577.796945422,0.0718139999662526,0.22268500106292777,0.29449900102918036,9.470003999012988,0.05439800224849023,9.628809999412624,19.447711001703283
0,1504,26577.810831044335,26577.81090031,26577.811116793,26577.820636314,26577.820688046,26577.830359624,0.06926566493348219,0.21648300025844947,0.28574866519193165,9.519521001493558,0.05173199679120444,9.67157800187124,19.528579665347934
0,1505,26577.844164377668,26577.844233883,26577.844450587,26577.854037369,26577.854088646,26577.863633678,0.06950533133931458,0.21670400019502267,0.28620933153433725,9.586782001861138,0.051276998419780284,9.545032000460196,19.469300332275452
0,1506,26577.877497711,26577.877566613,26577.877786187,26577.887273904,26577.887324107,26577.897167196,0.06890199802001007,0.21957400167593732,0.2884759996959474,9.487717001320561,0.050202997954329476,9.843088999332394,19.669484998303233
0,1507,26577.910831044333,26577.910901092,26577.911123547,26577.918026051,26577.918068801,26577.933964326,0.07004766666796058,0.22245500076678582,0.2925026674347464,6.90250399929937,0.04274999810149893,15.895525000814814,23.13328166565043
0,1508,26577.944164377666,26577.944248323,26577.944311129,26577.953828004,26577.953879318,26577.963808889,0.08394533506361768,0.062805997004034,0.14675133206765167,9.516875001281733,0.051314000302227214,9.92957099879277,19.64451133244438
0,1509,26577.977497711,26577.977567786,26577.977795092,26577.987269634,26577.98734143,26577.9972455,0.07007500244071707,0.22730599812348373,0.2973810005642008,9.474541999225039,0.0717959992471151,9.904070000629872,19.747788999666227
0,1510,26578.010831044332,26578.010901129,26578.011129083,26578.020678652,26578.020730514,26578.030603342,0.07008466855040751,0.22795399854658172,0.29803866709698923,9.549569000228075,0.05186199996387586,9.872827999060974,19.772297666349914
0,1511,26578.044164377665,26578.044233574,26578.044456935,26578.054113078,26578.054167782,26578.064014481,0.06919633597135544,0.22336099937092513,0.29255733534228057,9.65614300002926,0.05470399992191233,9.84669899844448,19.850103333737934
0,1512,26578.077497711,26578.077566166,26578.077791194,26578.087274327,26578.08733017,26578.097195638,0.06845499956398271,0.2250279976578895,0.2934829972218722,9.483133002504474,0.05584300015470944,9.865468000498367,19.697927000379423
0,1513,26578.110831044334,26578.110902841,26578.11112136,26578.120662522,26578.120716448,26578.130581509,0.0717966649972368,0.21851900237379596,0.29031566737103276,9.541161998640746,0.05392599996412173,9.865061001619324,19.750464667595224
0,1514,26578.144164377667,26578.14423598,26578.144450213,26578.153995892,26578.154048697,26578.163951638,0.07160233144531958,0.21423300131573342,0.285835332761053,9.545679000439122,0.0528050004504621,9.902940997562837,19.787260331213474
0,1515,26578.177497711,26578.177570118,26578.177788693,26578.187261364,26578.1873148,26578.197310916,0.07240700142574497,0.2185749981435947,0.2909819995693397,9.472671001276467,0.053436000598594546,9.99611599763739,19.81320499908179
0,1516,26578.210831044333,26578.210903739,26578.21114012,26578.220759132,26578.220810698,26578.230966185,0.07269466732395813,0.23638100174139254,0.30907566906535067,9.61901199843851,0.05156599945621565,10.155487001611618,20.135140668571694
0,1517,26578.244164377666,26578.244236859,26578.244457832,26578.254061133,26578.254111966,26578.264250111,0.07248133260873146,0.22097300097811967,0.29345433358685113,9.60330100133433,0.050833001296268776,10.138144996744813,20.085733332962263
0,1518,26578.277497711,26578.277567322,26578.27778347,26578.287345632,26578.287397401,26578.297510296,0.06961100007174537,0.21614800061797723,0.2857590006897226,9.562162002112018,0.05176899867365137,10.112895000929711,20.012585002405103
0,1519,26578.310831044335,26578.310901701,26578.311166054,26578.320700474,26578.320753706,26578.330860425,0.07065666432026774,0.2643530024215579,0.33500966674182564,9.534419998090016,0.05323200093698688,10.106719000759767,20.029380666528596
0,1520,26578.344164377668,26578.344236015,26578.344466339,26578.353996658,26578.354048185,26578.364371413,0.07163733243942261,0.2303239998582285,0.3019613322976511,9.53031899916823,0.05152700032340363,10.323228001652751,20.207035333442036
0,1521,26578.377497711,26578.377566689,26578.37778706,26578.387262989,26578.387315305,26578.397561282,0.06897799903526902,0.22037099915905856,0.2893489981943276,9.475929000473116,0.05231600152910687,10.245976998703554,20.063570998900104
0,1522,26578.410831044333,26578.410901641,26578.411170003,26578.420700108,26578.420753006,26578.43114605,0.07059666677378118,0.26836200049729086,0.33895866727107204,9.530104998702882,0.052898001740686595,10.393043998192297,20.315005665906938
0,1523,26578.444164377666,26578.444235723,26578.444461826,26578.454039367,26578.454090005,26578.464483585,0.0713453337084502,0.22610299856751226,0.29744833227596246,9.57754100090824,0.05063800199422985,10.39357999979984,20.319207334978273
0,1524,26578.477497711,26578.477568008,26578.477786657,26578.487283615,26578.487334429,26578.497725269,0.07029699918348342,0.21864900190848857,0.288946001091972,9.49695799863548,0.050814000132959336,10.390840001491597,20.22755800135201
0,1525,26578.510831044332,26578.510900497,26578.511118554,26578.520678733,26578.520734845,26578.531120407,0.06945266795810312,0.21805700089316815,0.28750966885127127,9.560178998071933,0.05611199958366342,10.385562000010395,20.289362666517263
0,1526,26578.544164377665,26578.544233432,26578.544451654,26578.554026482,26578.554081204,26578.564610434,0.06905433474457823,0.2182220014219638,0.287276336166542,9.574828000040725,0.05472200064104982,10.529229999519885,20.4460563363682
0,1527,26578.577497711,26578.577566496,26578.577800941,26578.587305593,26578.587357231,26578.598104045,0.06878499698359519,0.23444500038749538,0.3032299973710906,9.504652000032365,0.05163800233276561,10.746813997684512,20.606333997420734
0,1528,26578.610831044334,26578.610901857,26578.61112195,26578.620695862,26578.620750176,26578.631455731,0.07081266448949464,0.22009300300851464,0.2909056674980093,9.573911996994866,0.05431400131783448,10.705554999731248,20.624686665541958
0,1529,26578.644164377667,26578.644233579,26578.644455015,26578.654025787,26578.654098797,26578.664788619,0.06920133455423638,0.22143599926494062,0.290637333819177,9.570771999278804,0.07301000005099922,10.689822000131244,20.624241333280224
0,1530,26578.677497711,26578.677565865,26578.677781496,26578.687242232,26578.687294574,26578.698002267,0.06815400047344156,0.21563100017374381,0.28378500064718537,9.460736000619363,0.05234199852566235,10.70769299985841,20.50455599965062
0,1531,26578.710831044333,26578.710902616,26578.711121663,26578.720709527,26578.72076075,26578.73145748,0.0715716669219546,0.2190470004279632,0.2906186673499178,9.587863998604007,0.05122299990034662,10.696730001654942,20.626435667509213
0,1532,26578.744164377666,26578.744234624,26578.744451097,26578.754034556,26578.754089731,26578.764913249,0.07024633305263706,0.21647300309268758,0.28671933614532463,9.583458999259165,0.05517499812413007,10.823518001416232,20.74887133494485
0,1533,26578.777497711,26578.777570199,26578.777789976,26578.787307212,26578.787360814,26578.798361361,0.07248800102388486,0.21977700089337304,0.2922650019172579,9.51723599791876,0.05360200157156214,11.000547001458472,20.863650002866052
0,1534,26578.810831044335,26578.810901485,26578.811134292,26578.8206755,26578.820726972,26578.831766342,0.07044066660455428,0.23280699679162353,0.3032476633961778,9.541208000882762,0.051472001359798014,11.03936999788857,20.935297663527308
0,1535,26578.844164377668,26578.84423493,26578.844455198,26578.85400436,26578.854056333,26578.865100342,0.07055233072605915,0.22026800070307218,0.29082033142913133,9.549162001349032,0.051972998335259035,11.044008999306243,20.935964330419665
0,1536,26578.877497711,26578.87757105,26578.877791403,26578.887251147,26578.887304277,26578.898372295,0.07333900066441856,0.22035299843992107,0.29369199910433963,9.459744000196224,0.05312999928719364,11.068018000514712,20.87458399910247
0,1537,26578.910831044333,26578.910901059,26578.911117477,26578.918165556,26578.918207408,26578.9374456,0.07001466656220146,0.21641800049110316,0.2864326670533046,7.048078998195706,0.04185200305073522,19.23819199873833,26.614555667038076
0,1538,26578.944164377666,26578.944234354,26578.944451531,26578.95399946,26578.954053174,26578.963689484,0.06997633317951113,0.21717699928558432,0.28715333246509545,9.547929003019817,0.05371399674913846,9.636310001951642,19.525106334185693
0,1539,26578.977497711,26578.977567871,26578.977787446,26578.987268367,26578.987320524,26578.995935209,0.07016000017756596,0.21957500212010927,0.28973500229767524,9.480920998612419,0.05215700002736412,8.614685000793543,18.437498001731
0,1540,26579.010831044332,26579.010902796,26579.011118982,26579.020674402,26579.020726801,26579.028689586,0.07175166683737189,0.2161860029445961,0.287937669781968,9.555419997923309,0.05239900201559067,7.962784999108408,17.858541668829275
0,1541,26579.044164377665,26579.044235582,26579.044445943,26579.053970919,26579.054023104,26579.061943797,0.07120433656382374,0.2103609986079391,0.28156533517176285,9.524976001557661,0.0521849979122635,7.920693002233747,17.779419336875435
0,1542,26579.077497711,26579.077567581,26579.077783832,26579.08734278,26579.087397262,26579.09535277,0.06986999869695865,0.2162509990739636,0.28612099777092226,9.558948000631062,0.05448199954116717,7.955508001032285,17.855058998975437
0,1543,26579.110831044334,26579.110901665,26579.111116359,26579.120634613,26579.12068903,26579.128580491,0.07062066651997156,0.21469399871421047,0.28531466523418203,9.518253998976434,0.05441700341179967,7.891460998507682,17.749446666130098
0,1544,26579.144164377667,26579.14423434,26579.144476174,26579.154074197,26579.154131345,26579.162094492,0.06996233423706144,0.24183399727917276,0.3117963315162342,9.598022999853129,0.057148001360474154,7.963146999827586,17.930114332557423
0,1545,26579.177497711,26579.177567423,26579.177788618,26579.187304511,26579.18735728,26579.195232121,0.06971200127736665,0.22119499772088602,0.2909069989982527,9.515893001662334,0.05276899901218712,7.874841001466848,17.734410001139622
0,1546,26579.210831044333,26579.210900219,26579.211121711,26579.220656076,26579.220715807,26579.228713047,0.0691746681695804,0.22149199867271818,0.2906666668422986,9.53436499912641,0.05973100269329734,7.997239998076111,17.882002666738117
0,1547,26579.244164377666,26579.244234987,26579.244452155,26579.254055419,26579.254109669,26579.262228825,0.07060933421598747,0.21716799892601557,0.28777733314200304,9.603264003089862,0.05424999835668132,8.11915599842905,18.064447333017597
0,1548,26579.277497711,26579.277568701,26579.277785793,26579.287250122,26579.287326112,26579.29555339,0.07099000140442513,0.21709200154873542,0.28808200295316055,9.464328999456484,0.0759899994591251,8.22727799823042,18.05567900009919
0,1549,26579.310831044335,26579.310901163,26579.311134164,26579.320753418,26579.320809214,26579.329192408,0.07011866546235979,0.2330009992874693,0.3031196647498291,9.619254000426736,0.055796001106500626,8.383193999179639,18.361363665462704
0,1550,26579.344164377668,26579.344234606,26579.3444527,26579.353988943,26579.354040777,26579.36252249,0.07022833233349957,0.21809399913763627,0.28832233147113584,9.536243000184186,0.05183400207897648,8.481712997308932,18.35811233104323
0,1551,26579.377497711,26579.377567206,26579.377784392,26579.387246451,26579.387296674,26579.395898711,0.06949499947950244,0.21718599964515306,0.2866809991246555,9.462058998906286,0.050222999561810866,8.602037003583973,18.401000001176726
0,1552,26579.410831044333,26579.410904066,26579.411127983,26579.420677922,26579.420732672,26579.42941546,0.07302166704903357,0.22391699894797057,0.29693866599700414,9.54993900086265,0.054749998525949195,8.682788000442088,18.58441566582769
0,1553,26579.444164377666,26579.44423461,26579.444454259,26579.454038985,26579.454089634,26579.462976153,0.07023233411018737,0.21964899860904552,0.2898813327192329,9.58472600177629,0.05064899960416369,8.88651900095283,18.811775335052516
0,1554,26579.477497711,26579.47756709,26579.477783026,26579.487266502,26579.487317447,26579.496375819,0.06937900252523832,0.21593599740299396,0.2853149999282323,9.483476002060343,0.0509450001118239,9.058371997525683,18.87810799962608
0,1555,26579.510831044332,26579.510902005,26579.511121756,26579.520664241,26579.520718112,26579.529901355,0.07096066838130355,0.21975100025883876,0.2907116686401423,9.542485000565648,0.05387099736253731,9.183243000734365,19.070310667302692
0,1556,26579.544164377665,26579.544235329,26579.544455551,26579.554027259,26579.554080073,26579.563486095,0.07095133332768455,0.2202220020990353,0.29117333542671986,9.571708000294166,0.05281400081003085,9.40602199989371,19.321717336424626
0,1557,26579.577497711,26579.577569207,26579.577789458,26579.587259082,26579.587311656,26579.596915966,0.0714959969627671,0.22025100042810664,0.29174699739087373,9.469624001212651,0.0525739997101482,9.604310002032435,19.418255000346107
0,1558,26579.610831044334,26579.610903531,26579.611130652,26579.620735518,26579.620788601,26579.630575227,0.07248666588566266,0.2271209996251855,0.29960766551084816,9.60486600160948,0.05308300023898482,9.786625996639486,19.7441826639988
0,1559,26579.644164377667,26579.644237142,26579.644454736,26579.654017711,26579.654075165,26579.66412219,0.07276433461811393,0.2175939989683684,0.29035833358648233,9.562974999425933,0.05745399903389625,10.047024999948917,19.95781233199523
0,1560,26579.677497711,26579.677569586,26579.677791633,26579.687261814,26579.687317582,26579.697555765,0.07187500159488991,0.22204699780559167,0.2939219994004816,9.470181001233868,0.05576799958362244,10.238183000183199,20.05805400040117
0,1561,26579.710831044333,26579.710901753,26579.711121883,26579.720644498,26579.720697017,26579.731090802,0.0707086655893363,0.22013000125298277,0.29083866684231907,9.522615000605583,0.05251900074654259,10.39378499990562,20.259757668100065
0,1562,26579.744164377666,26579.744234262,26579.744465235,26579.754043212,26579.754098888,26579.764853748,0.0698843359714374,0.23097299708751962,0.300857333058957,9.577977001754334,0.0556759987375699,10.754860002634814,20.689370336185675
0,1563,26579.777497711,26579.777566438,26579.777783818,26579.78726835,26579.787323961,26579.798286497,0.06872700032545254,0.21738000214099884,0.2861070024664514,9.484531998168677,0.0556110026082024,10.962535998260137,20.788786001503468
0,1564,26579.810831044335,26579.810900567,26579.811116559,26579.820738017,26579.82079386,26579.831956193,0.06952266630833037,0.21599200044875033,0.2855146667570807,9.621457997127436,0.05584300015470944,11.162333001266234,21.12514866530546
0,1565,26579.844164377668,26579.844233336,26579.844448531,26579.854019609,26579.854070924,26579.865596268,0.06895833212183788,0.2151949993276503,0.2841533314494882,9.571078000590205,0.051315000746399164,11.525343998073367,21.43189033085946
0,1566,26579.877497711,26579.877567947,26579.877784003,26579.887288914,26579.88734396,26579.899017453,0.07023600119282492,0.2160559997719247,0.2862920009647496,9.504910998657579,0.055045999033609405,11.673493001580937,21.519742000236874
0,1567,26579.910831044333,26579.910901622,26579.91111829,26579.918196499,26579.918238499,26579.937928481,0.07057766561047174,0.2166680023947265,0.28724566800519824,7.078208996972535,0.042000003304565325,19.689981996634742,27.09743666491704
0,1568,26579.944164377666,26579.944235196,26579.944448105,26579.953995692,26579.954066081,26579.966057296,0.07081833246047609,0.21290900258463807,0.28372733504511416,9.547587000270141,0.07038900002953596,11.991214996669441,21.892918332014233
0,1569,26579.977497711,26579.977566779,26579.977780317,26579.98725845,26579.987311636,26579.999212111,0.06906800263095647,0.2135379982064478,0.2826060008374043,9.478133000811795,0.053185998694971204,11.900475001311861,21.71440000165603
0,1570,26580.010831044332,26580.010901344,26580.011117031,26580.020663089,26580.020716489,26580.032613843,0.07029966945992783,0.21568699958152138,0.2859866690414492,9.546057997795288,0.053400002798298374,11.897353997483151,21.782798667118186
0,1571,26580.044164377665,26580.044235539,26580.044453919,26580.054032914,26580.054086284,26580.066010602,0.07116133565432392,0.2183799988415558,0.2895413344958797,9.578994999174029,0.05337000038707629,11.924318001547363,21.846224335604347
0,1572,26580.077497711,26580.077566278,26580.077787613,26580.087301356,26580.087352958,26580.099329461,0.06856699837953784,0.22133500169729814,0.289902000076836,9.513742999843089,0.05160199725651182,11.976503003097605,21.83175000027404
0,1573,26580.110831044334,26580.110902998,26580.111129212,26580.120656355,26580.120709883,26580.13264032,0.07195366561063565,0.22621400057687424,0.2981676661875099,9.527143000013893,0.05352799780666828,11.930437001865357,21.80927566587343
0,1574,26580.144164377667,26580.144232895,26580.144450618,26580.154061437,26580.154114418,26580.165998467,0.06851733269286342,0.21772300169686787,0.2862403343897313,9.610818997316528,0.05298100222717039,11.884048999490915,21.834089333424345
0,1575,26580.177497711,26580.177566051,26580.17778308,26580.18729737,26580.187350203,26580.199419985,0.06833999941591173,0.2170289990317542,0.28536899844766594,9.514290002698544,0.05283299833536148,12.069782002072316,21.922274001553888
0,1576,26580.210831044333,26580.210899133,26580.21112405,26580.220757628,26580.220809138,26580.23284627,0.068088666012045,0.22491700292448513,0.29300566893653013,9.633577999920817,0.05151000004843809,12.037131997203687,22.015225666109473
0,1577,26580.244164377666,26580.244232909,26580.244448577,26580.254027025,26580.254080572,26580.26613987,0.06853133527329192,0.21566799841821194,0.28419933369150385,9.578447999956552,0.05354699896997772,12.059298001986463,21.975492334604496
0,1578,26580.277497711,26580.277567723,26580.277833067,26580.287355421,26580.287412597,26580.299485739,0.07001199992373586,0.2653440024005249,0.33535600232426077,9.522353997454047,0.05717600288335234,12.073141999280779,21.98802800194244
0,1579,26580.310831044335,26580.310903277,26580.311140621,26580.32083094,26580.320882366,26580.332946535,0.07223266584333032,0.23734400019748136,0.3095766660408117,9.690318998764269,0.05142599911778234,12.064169000950642,22.115490664873505
0,1580,26580.344164377668,26580.344234471,26580.34445137,26580.354043874,26580.354100967,26580.366250164,0.0700933305779472,0.2168990031350404,0.2869923337129876,9.592503996827872,0.05709300239686854,12.14919699850725,22.08578633144498
0,1581,26580.377497711,26580.377571573,26580.377807119,26580.387368874,26580.387423494,26580.399512756,0.07386200013570487,0.23554599829367362,0.3094079984293785,9.561754999594996,0.05462000262923539,12.089261999790324,22.015045000443934
0,1582,26580.410831044333,26580.410901693,26580.411122018,26580.420643679,26580.420696364,26580.432782729,0.07064866804284975,0.22032499691704288,0.29097366495989263,9.521661002509063,0.052684998081531376,12.086365000868682,21.95168466641917
0,1583,26580.444164377666,26580.444235119,26580.44445311,26580.454003698,26580.454056114,26580.466184154,0.07074133463902399,0.2179910006816499,0.2887323353206739,9.550587998091942,0.0524159986525774,12.128040001698537,22.01977633376373
0,1584,26580.477497711,26580.477570193,26580.477790434,26580.487288641,26580.487344669,26580.49961397,0.07248200199683197,0.22024099962436594,0.2927230016211979,9.498207000433467,0.05602799865300767,12.269301001651911,22.116259002359584
0,1585,26580.510831044332,26580.510900406,26580.511122184,26580.520721947,26580.520773808,26580.533000868,0.06936166755622253,0.2217780020146165,0.29113966957083903,9.599762997822836,0.05186099951970391,12.22706000044127,22.16982366735465
0,1586,26580.544164377665,26580.544234137,26580.544456342,26580.554000641,26580.554053984,26580.56633959,0.06975933501962572,0.22220499886316247,0.2919643338827882,9.54429900230025,0.053342999308370054,12.285606000659754,22.175212336151162
0,1587,26580.577497711,26580.577568321,26580.577794693,26580.587335753,26580.587408993,26580.599676572,0.07060999996610917,0.22637199799646623,0.2969819979625754,9.541060000628931,0.07324000034714118,12.267579000763362,22.17886099970201
0,1588,26580.610831044334,26580.610901748,26580.611122573,26580.620684669,26580.620743271,26580.633015386,0.07070366700645536,0.22082499708631076,0.2915286640927661,9.5620960019005,0.05860199962626211,12.27211500008707,22.184341665706597
0,1589,26580.644164377667,26580.644235793,26580.644461804,26580.654035864,26580.654091502,26580.666380812,0.07141533205867745,0.22601100135943852,0.297426333418116,9.574060000886675,0.055638000048929825,12.289309997868259,22.21643433222198
0,1590,26580.677497711,26580.677567562,26580.677787451,26580.687304001,26580.687358622,26580.699638079,0.06985100117162801,0.21988899970892817,0.2897400008805562,9.516549998807022,0.05462099943542853,12.279457001568517,22.140368000691524
0,1591,26580.710831044333,26580.710899986,26580.711118765,26580.720670417,26580.720727991,26580.733051957,0.0689416665409226,0.2187790014431812,0.2877206679841038,9.551651997753652,0.05757400140282698,12.323965998803033,22.220912665943615
0,1592,26580.744164377666,26580.744235133,26580.744460309,26580.754041267,26580.754095989,26580.766399734,0.07075533358147368,0.2251760015496984,0.2959313351311721,9.580957997968653,0.05472200064104982,12.303744999371702,22.235356333112577
0,1593,26580.777497711,26580.777567863,26580.777801651,26580.787281645,26580.787334609,26580.799627537,0.07015200026216917,0.23378799960482866,0.3039399998669978,9.479994001594605,0.052963998314226046,12.29292800053372,22.12982600030955
0,1594,26580.810831044335,26580.810901963,26580.81112088,26580.82067794,26580.820732181,26580.833010221,0.07091866427799687,0.2189170008932706,0.28983566517126746,9.557059998769546,0.05424100163509138,12.278039997909218,22.179176663485123
0,1595,26580.844164377668,26580.844235295,26580.844455157,26580.854026179,26580.854078799,26580.866406535,0.07091733277775347,0.21986199863022193,0.2907793314079754,9.571022001182428,0.05261999831418507,12.327735999861034,22.24215733076562
0,1596,26580.877497711,26580.877570025,26580.877789674,26580.88729101,26580.887346335,26580.89982245,0.07231400013552047,0.21964899860904552,0.291962998744566,9.501336000539595,0.055324999266304076,12.476115000026766,22.32473899857723
0,1597,26580.910831044333,26580.910902088,26580.911120894,26580.91807602,26580.918118001,26580.940483112,0.07104366522980854,0.21880600252188742,0.28984966775169596,6.955125998501899,0.04198099850327708,22.365111002727645,29.652067667484516
0,1598,26580.944164377666,26580.944234198,26580.944448644,26580.954021898,26580.954082648,26580.966552541,0.06982033301028423,0.21444600133690983,0.28426633434719406,9.573253999406006,0.06075000055716373,12.469892997614807,22.38816333192517
0,1599,26580.977497711,26580.977566569,26580.977782144,26580.987283018,26580.987336999,26580.999819995,0.0688580003043171,0.21557500076596625,0.28443300107028335,9.500873999058967,0.05398099892772734,12.482996000471758,22.322283999528736
0,1600,26581.010831044332,26581.010901346,26581.011116856,26581.020715676,26581.020770074,26581.033272985,0.07030166671029292,0.21551000099861994,0.28581166770891286,9.598820000974229,0.05439799861051142,12.502911002229666,22.44194066952332
0,1601,26581.044164377665,26581.044232809,26581.044452635,26581.054062629,26581.054115731,26581.066641319,0.06843133451184258,0.21982600082992576,0.28825733534176834,9.609993998310529,0.05310200140229426,12.525588001153665,22.476941336208256
0,1602,26581.077497711,26581.077570485,26581.077793338,26581.087266147,26581.087321517,26581.099629216,0.07277399708982557,0.22285300292423926,0.29562700001406483,9.472808997088578,0.0553700010641478,12.307699002121808,22.1315050002886
0,1603,26581.110831044334,26581.110902309,26581.111106615,26581.115336184,26581.115375759,26581.127717615,0.07126466516638175,0.20430600125109777,0.2755706664174795,4.229569000017364,0.03957499939133413,12.341855999693507,16.886570665519685
0,1604,26581.144164377667,26581.144235235,26581.144457421,26581.154060925,26581.154116277,26581.166651809,0.07085733159328811,0.22218600133783184,0.29304333293111995,9.603504000551766,0.05535200034501031,12.535531997855287,22.487431331683183
0,1605,26581.177497711,26581.177568791,26581.177786541,26581.187311239,26581.187364971,26581.199844995,0.07108000136213377,0.2177499991375953,0.28883000049972907,9.52469799813116,0.053732001106254756,12.480024000979029,22.347284000716172
0,1606,26581.210831044333,26581.210902392,26581.211119495,26581.220670933,26581.220726961,26581.23321454,0.07134766565286554,0.21710300279664807,0.2884506684495136,9.551437997288303,0.05602800229098648,12.487578998843674,22.383495666872477
0,1607,26581.244164377666,26581.244233271,26581.244451059,26581.254039285,26581.254115906,26581.266614549,0.06889333599247038,0.21778799782623537,0.28668133381870575,9.588225999323186,0.07662099960725754,12.498643001890741,22.45017133463989
0,1608,26581.277497711,26581.277567568,26581.27778993,26581.287305924,26581.287359442,26581.298024377,0.06985700019868091,0.22236200311454013,0.29221900331322104,9.515993999229977,0.053518000640906394,10.664934998203535,20.52666600138764
0,1609,26581.310831044335,26581.310902104,26581.311125355,26581.320651645,26581.320704313,26581.331327496,0.07105966506060213,0.2232510014437139,0.29431066650431603,9.526289999485016,0.052667997806565836,10.623182999552228,20.496451663348125
0,1610,26581.344164377668,26581.344232845,26581.344449808,26581.353989377,26581.354039396,26581.364791293,0.06846733231213875,0.21696299882023595,0.2854303311323747,9.539569000480697,0.0500189999002032,10.751896999863675,20.62691533137695
0,1611,26581.377497711,26581.377569946,26581.377787975,26581.387278858,26581.387331313,26581.398080468,0.07223499778774567,0.21802900300826877,0.29026400079601444,9.490882999671157,0.05245499778538942,10.749155000667088,20.58275699891965
0,1612,26581.410831044333,26581.41090303,26581.411120419,26581.420718238,26581.420771396,26581.431490617,0.07198566527222283,0.21738900250056759,0.2893746677727904,9.597819000191521,0.05315799717209302,10.71922100163647,20.659572666772874
0,1613,26581.444164377666,26581.444234223,26581.44445577,26581.454031783,26581.454086394,26581.464803318,0.06984533320064656,0.2215470012743026,0.29139233447494917,9.576012998877559,0.054610998631687835,10.716924000007566,20.638940331991762
0,1614,26581.477497711,26581.477569916,26581.477789546,26581.487261059,26581.487314671,26581.497983066,0.0722050026524812,0.21962999744573608,0.2918350000982173,9.47151299988036,0.053612002375302836,10.668394999811426,20.485355002165306
0,1615,26581.510831044332,26581.510902174,26581.511118646,26581.52063302,26581.520688131,26581.531379121,0.07112966704880819,0.21647200264851563,0.2876016696973238,9.514373999991221,0.05511099880095571,10.690989998693112,20.548076667182613
0,1616,26581.544164377665,26581.544235153,26581.544454247,26581.554010445,26581.554059927,26581.564788434,0.07077533518895507,0.21909399947617203,0.2898693346651271,9.556198001519078,0.04948199784848839,10.728507000749232,20.624056334781926
0,1617,26581.577497711,26581.577567291,26581.577784263,26581.587257175,26581.587309119,26581.598111155,0.06957999721635133,0.2169720028177835,0.28655200003413484,9.472911999182543,0.05194400000618771,10.80203599849483,20.613443997717695
0,1618,26581.610831044334,26581.610901965,26581.611117605,26581.620655859,26581.620708081,26581.631753376,0.07092066516634077,0.21564000053331256,0.2865606656996533,9.538253998471191,0.052222003432689235,11.045294999348698,20.922331666952232
0,1619,26581.644164377667,26581.644235835,26581.644456836,26581.654007024,26581.654058005,26581.665184894,0.07145733252400532,0.22100099886301905,0.2924583313870244,9.550188002322102,0.050980997912120074,11.126888999569928,21.020516331191175
0,1620,26581.677497711,26581.677567768,26581.677784028,26581.687288522,26581.687346013,26581.698547171,0.07005700172157958,0.21625999943353236,0.28631700115511194,9.504493998974795,0.05749100091634318,11.201157998584677,21.049459999630926
0,1621,26581.710831044333,26581.710902795,26581.711119259,26581.720686856,26581.720741986,26581.731909949,0.07175066639319994,0.21646399909514003,0.28821466548833996,9.56759700056864,0.05512999996426515,11.167963002662873,21.078904668684117
0,1622,26581.744164377666,26581.744236962,26581.744460028,26581.754011059,26581.754064199,26581.765254115,0.07258433470269665,0.22306599930743687,0.2956503340101335,9.551031002047239,0.053140000090934336,11.189915996510535,21.089737332658842
0,1623,26581.777497711,26581.777569527,26581.777785842,26581.787278512,26581.787334143,26581.798502615,0.0718160008545965,0.21631500203511678,0.2881310028897133,9.492670000327053,0.055630996939726174,11.16847200319171,21.0049040033482
0,1624,26581.810831044335,26581.810901277,26581.811117546,26581.820690179,26581.820743355,26581.831891476,0.07023266516625881,0.2162689997931011,0.2865016649593599,9.572633000061614,0.053176001529209316,11.148120996949729,21.060431663499912
0,1625,26581.844164377668,26581.84423585,26581.844451796,26581.85401755,26581.854069772,26581.865271263,0.07147233191062696,0.21594600184471346,0.2874183337553404,9.565753996866988,0.05222199979471043,11.201491000974784,21.106885331391823
0,1626,26581.877497711,26581.877566184,26581.877782239,26581.887296244,26581.887372512,26581.898714078,0.0684730002831202,0.21605499932775274,0.28452799961087294,9.514004999800818,0.07626799924764782,11.341566001647152,21.21636700030649
0,1627,26581.910831044333,26581.910902368,26581.911127416,26581.920724448,26581.920776948,26581.93938462,0.07132366590667516,0.2250479992653709,0.29637166517204605,9.597031999874162,0.052500003221211955,18.607671998324804,28.553575666592224
0,1628,26581.944164377666,26581.944242378,26581.944469026,26581.954025808,26581.954080716,26581.965710653,0.07800033199600875,0.22664800053462386,0.3046483325306326,9.556782002619002,0.054907999583519995,11.62993699836079,21.546275333093945
0,1629,26581.977497711,26581.97756922,26581.977781332,26581.987252298,26581.987304354,26581.99874479,0.07150899909902364,0.21211200146353804,0.2836210005625617,9.470966000662884,0.05205599882174283,11.440435999247711,21.2470789992949
0,1630,26582.010831044332,26582.010902433,26582.01111997,26582.020664947,26582.020717438,26582.032131569,0.07138866931200027,0.21753699911641888,0.28892566842841916,9.544976997858612,0.05249100286164321,11.414131000492489,21.300524669641163
0,1631,26582.044164377665,26582.044235627,26582.044452869,26582.053997168,26582.054047344,26582.065445882,0.07124933472368866,0.21724199905293062,0.2884913337766193,9.54429900230025,0.05017600051360205,11.398537997592939,21.28150433418341
0,1632,26582.077497711,26582.077568014,26582.077779506,26582.087325529,26582.087381575,26582.098752279,0.07030299821053632,0.21149199892533943,0.28179499713587575,9.546023000439163,0.05604599937214516,11.370704000000842,21.254567996948026
0,1633,26582.110831044334,26582.110900402,26582.111128578,26582.120686008,26582.12073524,26582.132081537,0.06935766577953473,0.22817599892732687,0.2975336647068616,9.557429999404121,0.04923200322082266,11.346297000272898,21.250492667604703
0,1634,26582.144164377667,26582.144232808,26582.144444587,26582.154056609,26582.154106313,26582.165657693,0.06843033406767063,0.2117789990734309,0.2802093331411015,9.612022000510478,0.04970399822923355,11.551380001037614,21.493315332918428
0,1635,26582.177497711,26582.177570372,26582.177779297,26582.18727894,26582.18733232,26582.199024442,0.0726610014680773,0.20892499742330983,0.28158599889138713,9.499643001618097,0.053380001190816984,11.692121999658411,21.526731001358712
0,1636,26582.210831044333,26582.210899888,26582.210926194,26582.220254808,26582.220299882,26582.232029402,0.06884366666781716,0.026305999199394137,0.0951496658672113,9.328613999969093,0.04507400080910884,11.729519999789773,21.198357666435186
0,1637,26582.244164377666,26582.244236127,26582.244456137,26582.253996224,26582.25404678,26582.265783235,0.07174933489295654,0.22000999888405204,0.2917593337770086,9.540087001369102,0.0505559983139392,11.736455002392177,21.618857335852226
0,1638,26582.277497711,26582.277569348,26582.277781173,26582.287271834,26582.287321954,26582.29904627,0.07163700138335116,0.21182500131544657,0.28346200269879773,9.490660999290412,0.050120001105824485,11.724315998435486,21.54855900153052
0,1639,26582.310831044335,26582.310899874,26582.311115625,26582.320702991,26582.320752426,26582.33247516,0.06882966408738866,0.21575100254267454,0.2845806666300632,9.587365999323083,0.04943499880027957,11.72273400152335,21.644115666276775
0,1640,26582.344164377668,26582.344234328,26582.344444356,26582.354011731,26582.35406288,26582.365816344,0.06995033254497685,0.21002799985581078,0.2799783324007876,9.567375000187894,0.05114899977343157,11.753464001230896,21.65196633359301
0,1641,26582.377497711,26582.377566383,26582.377593735,26582.386898276,26582.386943118,26582.398798279,0.06867199772386812,0.027352001779945567,0.09602399950381368,9.30454099943745,0.044841999624622986,11.85516099940287,21.300567997968756
0,1642,26582.410831044333,26582.410900291,26582.411113791,26582.420620564,26582.420668999,26582.432546224,0.06924666740815155,0.21349999951780774,0.2827466669259593,9.50677299988456,0.04843499846174382,11.877225002535852,21.715179667808115
0,1643,26582.444164377666,26582.444234772,26582.444449199,26582.454003582,26582.454054129,26582.465957678,0.07039433330646716,0.2144270001736004,0.28482133348006755,9.554382999340305,0.05054700159234926,11.903548998816404,21.793300333229126
0,1644,26582.477497711,26582.477568697,26582.477780976,26582.487236305,26582.487286943,26582.49921014,0.07098599962773733,0.21227900288067758,0.2832650025084149,9.45532900004764,0.050637998356251046,11.923196998395724,21.71242899930803
0,1645,26582.510831044332,26582.510901716,26582.511120264,26582.520633489,26582.520685758,26582.532623761,0.07067166734486818,0.21854800070286728,0.28921966804773547,9.513224998954684,0.05226900248089805,11.938002997339936,21.792716666823253
0,1646,26582.544164377665,26582.544234604,26582.544451467,26582.554023647,26582.554099527,26582.566022335,0.07022633508313447,0.21686300169676542,0.2870893367798999,9.572179998940555,0.07587999789393507,11.922808000235818,21.85795733385021
0,1647,26582.577497711,26582.577566022,26582.577786004,26582.587294943,26582.587352507,26582.599285511,0.0683109974488616,0.21998200099915266,0.28829299844801426,9.5089390015346,0.05756399696110748,11.933004003367387,21.78780000031111
0,1648,26582.610831044334,26582.610899752,26582.611118846,26582.620686332,26582.620742147,26582.632685158,0.06870766446809284,0.21909400311415084,0.2878016675822437,9.567485998559278,0.05581499863183126,11.94301100258599,21.854113667359343
0,1649,26582.644164377667,26582.644234901,26582.644464124,26582.654111498,26582.654166119,26582.666062242,0.07052333239698783,0.22922300195205025,0.2997463343490381,9.647373997722752,0.05462099943542853,11.89612300004228,21.8978643315495
0,1650,26582.677497711,26582.677569724,26582.677794901,26582.687341497,26582.687395396,26582.699517955,0.07201300104497932,0.22517699835589156,0.2971899994008709,9.546596000291174,0.053898998885415494,12.1225590009999,22.02024399957736
0,1651,26582.710831044333,26582.710901206,26582.711133836,26582.72068897,26582.720744516,26582.732815797,0.07016166637185961,0.2326300018467009,0.3027916682185605,9.55513399821939,0.05554599920287728,12.071281002135947,21.984752667776775
0,1652,26582.744164377666,26582.744235984,26582.744463253,26582.754098017,26582.754153211,26582.766242862,0.07160633322200738,0.2272689998790156,0.298875333101023,9.634764002839802,0.05519399928743951,12.08965099795023,22.078484333178494
0,1653,26582.777497711,26582.777567279,26582.77780716,26582.787280035,26582.787335942,26582.799438056,0.06956800280022435,0.23988099928828888,0.3094490020885132,9.472875000938075,0.0559069994778838,12.10211400029948,21.94034500280395
0,1654,26582.810831044335,26582.810901825,26582.811118521,26582.820659496,26582.820713931,26582.832820305,0.07078066482790746,0.21669600027962588,0.28747666510753334,9.540974999254104,0.05443500049295835,12.106374000723008,21.989260665577604
0,1655,26582.844164377668,26582.844233916,26582.844457991,26582.85403356,26582.854088171,26582.866250016,0.06953833144507371,0.22407500000554137,0.2936133314506151,9.575569001754047,0.054610998631687835,12.161844999354798,22.08563833119115
0,1656,26582.877497711,26582.877568193,26582.877594591,26582.88688952,26582.886934751,26582.898975884,0.07048199768178165,0.02639800004544668,0.09687999772722833,9.294929001043784,0.04523100142250769,12.041132999002002,21.47817299919552
0,1657,26582.910831044333,26582.910901043,26582.910927135,26582.918061344,26582.918098594,26582.938277466,0.06999866673140787,0.026091998734045774,0.09609066546545364,7.134209001378622,0.03724999987753108,20.17887200054247,27.446421667264076
0,1658,26582.944164377666,26582.944234699,26582.944448292,26582.953986166,26582.95403549,26582.965966891,0.07032133362372406,0.21359300080803223,0.2839143344317563,9.537874000670854,0.04932399679091759,11.931401000765618,21.802513332659146
0,1659,26582.977497711,26582.977569012,26582.977782161,26582.98725159,26582.987303914,26582.997748791,0.07130100129870698,0.21314900004654191,0.2844500013452489,9.469428998272633,0.052324001444503665,10.444876999827102,20.251080000889488
0,1660,26583.010831044332,26583.01090026,26583.011110529,26583.020595367,26583.0206452,26583.029823415,0.06921566819073632,0.21026900139986537,0.2794846695906017,9.484837999480078,0.04983299731975421,9.178215001156786,18.99237066754722
0,1661,26583.044164377665,26583.044233574,26583.04444739,26583.053976578,26583.054026596,26583.063286766,0.06919633597135544,0.21381599799497053,0.28301233396632597,9.529188002488809,0.05001799945603125,9.260169998015044,19.12238833392621
0,1662,26583.077497711,26583.077568878,26583.077799389,26583.08725454,26583.08730542,26583.09654297,0.07116699998732656,0.23051099924487062,0.3016779992321972,9.455151001020567,0.05087999670649879,9.237550002580974,19.045258999540238
0,1663,26583.110831044334,26583.110902925,26583.111118083,26583.120755078,26583.120804958,26583.130024081,0.07188066592789255,0.21515800108318217,0.2870386670110747,9.63699499698123,0.04988000000594184,9.219123003276763,19.19303666727501
0,1664,26583.144164377667,26583.144232471,26583.144450666,26583.153996902,26583.154049143,26583.16326559,0.0680933335388545,0.21819500034325756,0.28628833388211206,9.54623600046034,0.05224099732004106,9.216447000653716,19.10121233231621
0,1665,26583.177497711,26583.17756924,26583.177784453,26583.187252735,26583.187322605,26583.196524043,0.07152900070650503,0.21521300004678778,0.2867420007532928,9.46828199812444,0.06987000233493745,9.20143799885409,19.02633200006676
0,1666,26583.210831044333,26583.2109016,26583.211113231,26583.220620244,26583.220670105,26583.229902951,0.07055566675262526,0.2116309988196008,0.28218666557222605,9.507013000984443,0.049861002480611205,9.232845997757977,19.071906666795257
0,1667,26583.244164377666,26583.244234813,26583.244452915,26583.254078661,26583.254129762,26583.263331386,0.07043533332762308,0.21810200269101188,0.28853733601863496,9.625745999073843,0.0511010002810508,9.20162399779656,19.167008333170088
0,1668,26583.277497711,26583.277569591,26583.277785109,26583.287250188,26583.287299123,26583.296529746,0.07188000017777085,0.21551800091401674,0.2873980010917876,9.465079001529375,0.048934998631011695,9.230622999893967,19.03203500114614
0,1669,26583.310831044335,26583.31090272,26583.311128378,26583.320657688,26583.320708642,26583.329967367,0.07167566582211293,0.2256580009998288,0.29733366682194173,9.529309998470126,0.050954000471392646,9.258725000108825,19.136322665872285
0,1670,26583.344164377668,26583.344234591,26583.344455545,26583.35399253,26583.35404491,26583.363438469,0.07021333294687793,0.22095399981481023,0.29116733276168816,9.536984998703701,0.05238000085228123,9.393559001182439,19.27409133350011
0,1671,26583.377497711,26583.377569395,26583.377796795,26583.387264613,26583.387315429,26583.39678196,0.07168400043155998,0.22739999985788018,0.29908400028944016,9.467817999393446,0.050816001021303236,9.46653099890682,19.28424899961101
0,1672,26583.410831044333,26583.410917173,26583.410947294,26583.420221083,26583.42026551,26583.429748773,0.08612866804469377,0.030120998417260125,0.1162496664619539,9.273789000872057,0.044427000830182806,9.483262998401187,18.91772866656538
0,1673,26583.444164377666,26583.444236117,26583.444463997,26583.454026769,26583.45407927,26583.463516301,0.07173933408921584,0.22787999841966666,0.2996193325088825,9.562772000208497,0.0525010000274051,9.43703099983395,19.351923332578735
0,1674,26583.477497711,26583.477569439,26583.477788755,26583.487325796,26583.487377722,26583.49678291,0.07172800178523175,0.2193159998569172,0.29104400164214894,9.537040998111479,0.05192599928705022,9.405188000528142,19.28519899956882
0,1675,26583.510831044332,26583.51090266,26583.511126096,26583.520742322,26583.52079823,26583.530238844,0.07161566827562638,0.22343599994201213,0.2950516682176385,9.616226001526229,0.05590799992205575,9.440613997867331,19.407799667533254
0,1676,26583.544164377665,26583.544232899,26583.544452631,26583.5540397,26583.554092441,26583.563699871,0.06852133446955122,0.21973199909552932,0.28825333356508054,9.58706900200923,0.052741001127287745,9.607429998141015,19.535493334842613
0,1677,26583.577497711,26583.577568305,26583.577799574,26583.587280633,26583.587332735,26583.596978896,0.07059400013531558,0.23126899759517983,0.3018629977304954,9.481059001700487,0.0521019974257797,9.646161001001019,19.48118499785778
0,1678,26583.610831044334,26583.610903562,26583.611154045,26583.620696307,26583.620751382,26583.630411368,0.07251766510307789,0.25048300085472874,0.32300066595780663,9.542261999740731,0.05507500100065954,9.659986000770004,19.5803236674692
0,1679,26583.644164377667,26583.644236441,26583.644460052,26583.654025149,26583.65407926,26583.663729236,0.07206333248177543,0.22361100127454847,0.2956743337563239,9.5650969997223,0.05411099846241996,9.649976000218885,19.56485833215993
0,1680,26583.677497711,26583.677568273,26583.677788616,26583.687275314,26583.687328749,26583.696986402,0.0705620004737284,0.22034300127415918,0.2909050017478876,9.486697999818716,0.053435000154422596,9.657652997702826,19.488690999423852
0,1681,26583.710831044333,26583.710902457,26583.711131986,26583.720631935,26583.720686175,26583.730323884,0.07141266905819066,0.22952899962547235,0.300941668683663,9.499948999291519,0.05423999755294062,9.637709001253825,19.492839666781947
0,1682,26583.744164377666,26583.744235698,26583.744472449,26583.754039443,26583.754092017,26583.763774189,0.07132033351808786,0.2367510023759678,0.30807133589405566,9.566993998305406,0.0525739997101482,9.682171999884304,19.609811333793914
0,1683,26583.777497711,26583.777566513,26583.777786912,26583.787264165,26583.787317582,26583.796942993,0.06880200089653954,0.22039900068193674,0.2892010015784763,9.477252999204211,0.053416999435285106,9.62541100307135,19.44528200328932
0,1684,26583.810831044335,26583.810900772,26583.811119744,26583.820699397,26583.820753008,26583.830398577,0.06972766641410999,0.2189719998568762,0.2886996662709862,9.579653000400867,0.05361099829315208,9.645568999985699,19.567532664950704
0,1685,26583.844164377668,26583.844235651,26583.844456467,26583.854016322,26583.854091203,26583.863917587,0.07127333083190024,0.22081600036472082,0.29208933119662106,9.559854999679374,0.07488100163755007,9.826384000916732,19.753209333430277
0,1686,26583.877497711,26583.877567346,26583.877790596,26583.887333165,26583.887386424,26583.897320735,0.06963499981793575,0.22325000099954195,0.2928850008174777,9.542568997858325,0.05325900201569311,9.934310997778084,19.82302399846958
0,1687,26583.910831044333,26583.910903605,26583.910932095,26583.920219006,26583.920263302,26583.93650357,0.07256066601257771,0.028490001568570733,0.10105066758114845,9.28691099761636,0.04429600085131824,16.24026799981948,25.672525665868307
0,1688,26583.944164377666,26583.944235456,26583.944457568,26583.954019174,26583.954070276,26583.964026365,0.07107833516784012,0.22211199757293798,0.2931903327407781,9.561606002534973,0.051101997087243944,9.956089001207147,19.86198733357014
0,1689,26583.977497711,26583.977566901,26583.977780873,26583.987313025,26583.987363775,26583.997252253,0.06919000225025229,0.21397199816419743,0.2831620004144497,9.532152002066141,0.05074999717180617,9.888478001812473,19.75454200146487
0,1690,26584.010831044332,26584.010902493,26584.011116327,26584.020682738,26584.020734405,26584.030632854,0.07144866685848683,0.21383400235208683,0.28528266921057366,9.566410997649655,0.05166700066183694,9.898448999592802,19.801809667114867
0,1691,26584.044164377665,26584.044235947,26584.044446021,26584.054028331,26584.054082479,26584.06396129,0.07156933497753926,0.21007399845984764,0.2816433334373869,9.582310001860606,0.05414800034486689,9.878811000817223,19.796912336460082
0,1692,26584.077497711,26584.077566289,26584.07779979,26584.0873326,26584.087385322,26584.097412716,0.06857799962745048,0.2335009994567372,0.30207899908418767,9.532809999655,0.052721999963978305,10.027394000644563,19.91500499934773
0,1693,26584.110831044334,26584.110902584,26584.111121734,26584.120606053,26584.120660534,26584.13075979,0.07153966726036742,0.2191499988839496,0.290689666144317,9.4843189981475,0.05448100273497403,10.099256000103196,19.928745667129988
0,1694,26584.144164377667,26584.144233585,26584.144455003,26584.153986997,26584.154038311,26584.164193873,0.06920733358128928,0.22141799854580313,0.2906253321270924,9.53199400100857,0.051314000302227214,10.155561998544727,20.029495331982616
0,1695,26584.177497711,26584.177569316,26584.177805724,26584.187312718,26584.187367626,26584.197501548,0.07160500172176398,0.23640799918211997,0.30801300090388395,9.506993999821134,0.054907999583519995,10.133921998203732,20.00383699851227
0,1696,26584.210831044333,26584.21090412,26584.211132204,26584.220634995,26584.22068905,26584.230825593,0.07307566556846723,0.22808400171925314,0.30115966728772037,9.502790999249555,0.054054999054642394,10.136543001863174,19.994548667455092
0,1697,26584.244164377666,26584.244233655,26584.244449128,26584.254023623,26584.254076605,26584.264400824,0.06927733556949534,0.21547299911617301,0.28475033468566835,9.574495001288597,0.052981999033363536,10.32421899799374,20.236446333001368
0,1698,26584.277497711,26584.277569136,26584.277789515,26584.28728488,26584.287336492,26584.297598664,0.0714250018063467,0.22037899907445535,0.29180400088080205,9.49536500047543,0.051612001698231325,10.262171999784186,20.10095300283865
0,1699,26584.310831044335,26584.310901578,26584.311123357,26584.320732166,26584.320786028,26584.330771986,0.07053366425679997,0.22177900245878845,0.2923126667155884,9.608808999473695,0.05386200064094737,9.98595799683244,19.94094166366267
0,1700,26584.344164377668,26584.344233548,26584.344450466,26584.354012211,26584.35406497,26584.364478957,0.06917033169884235,0.21691800066037104,0.2860883323592134,9.561744998791255,0.052759001846425235,10.413986998173641,20.314579331170535
0,1701,26584.377497711,26584.37756851,26584.377794372,26584.387350505,26584.387403681,26584.397832892,0.0707990002410952,0.22586200066143647,0.29666100090253167,9.556132998113753,0.053176001529209316,10.429210997244809,20.335180997790303
0,1702,26584.410831044333,26584.410903092,26584.411127278,26584.420716689,26584.42076968,26584.43116802,0.0720476673450321,0.22418599837692454,0.29623366572195664,9.589411001797998,0.05299099939293228,10.398340000392636,20.336975667305524
0,1703,26584.444164377666,26584.444233832,26584.444261555,26584.453612715,26584.453657521,26584.464227278,0.06945433415239677,0.027722999220713973,0.09717733337311074,9.351159998914227,0.04480600182432681,10.569756999757374,20.062900333869038
0,1704,26584.477497711,26584.477566896,26584.477799323,26584.487251336,26584.487326216,26584.497859714,0.06918500002939254,0.2324270026292652,0.30161200265865773,9.452012996916892,0.07488000119337812,10.53349799985881,20.362003000627737
0,1705,26584.510831044332,26584.510901127,26584.511120138,26584.520634234,26584.520686068,26584.531209668,0.07008266766206361,0.21901099898968823,0.28909366665175185,9.514096000202699,0.05183400207897648,10.523599998123245,20.378623667056672
0,1706,26584.544164377665,26584.544234896,26584.544468101,26584.55410967,26584.554161115,26584.564921316,0.07051833381410688,0.2332050025870558,0.30372333640116267,9.641568998631556,0.05144500028109178,10.760200999357039,20.75693833467085
0,1707,26584.577497711,26584.577566173,26584.577781795,26584.587284706,26584.587338633,26584.598086186,0.06846199903520755,0.21562199981417507,0.2840839988493826,9.502911001618486,0.05392699677031487,10.74755300214747,20.588474999385653
0,1708,26584.610831044334,26584.610901248,26584.61116736,26584.620732817,26584.620785502,26584.631528113,0.07020366683718748,0.266111997916596,0.3363156647537835,9.565456999553135,0.05268500171951018,10.742611000750912,20.69706866677734
0,1709,26584.644164377667,26584.644235062,26584.644466304,26584.654048752,26584.654098901,26584.66500728,0.07068433114909567,0.2312420001544524,0.30192633130354807,9.582448001310695,0.05014899943489581,10.90837900119368,20.84290233324282
0,1710,26584.677497711,26584.677570349,26584.677838405,26584.687308308,26584.687364984,26584.698223122,0.07263799852808006,0.26805600282386877,0.3406940013519488,9.469902997807367,0.05667600271408446,10.858137997274753,20.725410999148153
0,1711,26584.710831044333,26584.710903599,26584.711138665,26584.720682474,26584.720735104,26584.731562538,0.07255466698552482,0.23506599973188713,0.30762066671741195,9.543808999296743,0.05263000275590457,10.827433998201741,20.7314936669718
0,1712,26584.744164377666,26584.744233201,26584.744498683,26584.754060456,26584.754112678,26584.765082797,0.06882333400426432,0.2654820018506143,0.33430533585487865,9.561773000314133,0.05222199979471043,10.97011899764766,20.918419333611382
0,1713,26584.777497711,26584.777567951,26584.777785202,26584.787350483,26584.787405112,26584.798578938,0.07024000296951272,0.21725099941249937,0.2874910023820121,9.565280997776426,0.05462900298880413,11.173825998412212,21.081227001559455
0,1714,26584.810831044335,26584.810901311,26584.811130978,26584.82071125,26584.820763112,26584.831923065,0.07026666571618989,0.22966699907556176,0.29993366479175165,9.580271998856915,0.05186199996387586,11.159953002788825,21.092020666401368
0,1715,26584.844164377668,26584.844233022,26584.844451773,26584.854004638,26584.854056712,26584.865244147,0.06864433089504018,0.218750999920303,0.2873953308153432,9.552865001751343,0.05207399954088032,11.187435000465484,21.07976933257305
0,1716,26584.877497711,26584.877568372,26584.877786735,26584.887254349,26584.887307506,26584.898463672,0.07066100079100579,0.21836299856659025,0.28902399935759604,9.467613999731839,0.053157000365899876,11.156166001455858,20.965961000911193
0,1717,26584.910831044333,26584.910898177,26584.911126797,26584.920635718,26584.920686838,26584.939258917,0.06713266702718101,0.2286199996888172,0.2957526667159982,9.508921000815462,0.051119997806381434,18.572078999568475,28.427872664906317
0,1718,26584.944164377666,26584.944231897,26584.944260647,26584.953596604,26584.953643437,26584.964856937,0.06751933324267156,0.028750000637955964,0.09626933388062753,9.335956998256734,0.04683299994212575,11.213500001758803,20.69255933383829
0,1719,26584.977497711,26584.977568136,26584.977788656,26584.987271853,26584.987320418,26584.997075071,0.07042500146781094,0.2205199998570606,0.29094500132487155,9.483196998189669,0.04856500163441524,9.754653001436964,19.57736000258592
0,1720,26585.010831044332,26585.010903255,26585.010931431,26585.02023499,26585.020275953,26585.030032985,0.07221066698548384,0.028176000341773033,0.10038666732725687,9.303558999818051,0.04096300108358264,9.7570319994702,19.20194066769909
0,1721,26585.044164377665,26585.04423342,26585.044446079,26585.054001924,26585.054053434,26585.063845689,0.06904233669047244,0.21265899704303592,0.28170133373350836,9.555845001159469,0.05151000004843809,9.792255001229933,19.681311336171348
0,1722,26585.077497711,26585.077570152,26585.077792402,26585.087257646,26585.087313249,26585.097083438,0.07244099833769724,0.2222500006610062,0.29469099899870344,9.465243998420192,0.0556030026928056,9.770188997208606,19.585726997320307
0,1723,26585.110831044334,26585.11090292,26585.111117013,26585.120730072,26585.120785683,26585.130536818,0.0718756673450116,0.2140929973393213,0.2859686646843329,9.613059002731461,0.05561099897022359,9.751134999532951,19.70577366591897
0,1724,26585.144164377667,26585.144234215,26585.144453855,26585.154068137,26585.154145045,26585.163944226,0.06983733328524977,0.21963999824947678,0.28947733153472655,9.614282000256935,0.07690799975534901,9.799180999834789,19.7798483313818
0,1725,26585.177497711,26585.177568216,26585.177786864,26585.187282257,26585.187337952,26585.197056474,0.07050500062177889,0.21864799782633781,0.2891529984481167,9.495393001998309,0.05569499990087934,9.718522000184748,19.558763000532053
0,1726,26585.210831044333,26585.210901947,26585.21115104,26585.220745915,26585.220797183,26585.230594475,0.07090266808518209,0.24909299827413633,0.3199956663593184,9.59487500222167,0.05126799806021154,9.79729200116708,19.76343066780828
0,1727,26585.244164377666,26585.244238753,26585.244458086,26585.254010988,26585.254062312,26585.263906642,0.07437533349730074,0.21933300013188273,0.29370833362918347,9.552901999995811,0.05132400110596791,9.844330001214985,19.742264335945947
0,1728,26585.277497711,26585.277571965,26585.277807105,26585.28728946,26585.287343303,26585.297323058,0.07425400326610543,0.23513999985880218,0.3093940031249076,9.482354998908704,0.05384299947763793,9.979754999221768,19.825347000733018
0,1729,26585.310831044335,26585.310904196,26585.311125363,26585.320636433,26585.320688044,26585.330726105,0.07315166658372618,0.22116699983598664,0.2943186664197128,9.511069998552557,0.051611001254059374,10.03806099834037,19.8950606645667
0,1730,26585.344164377668,26585.344237965,26585.344454187,26585.354019238,26585.354072015,26585.364185151,0.07358733273576945,0.21622200074489228,0.28980933348066173,9.565050997480284,0.052777002565562725,10.113135998835787,20.020773332362296
0,1731,26585.377497711,26585.377570547,26585.37778803,26585.387301542,26585.387356303,26585.397508354,0.07283599916263483,0.21748300059698522,0.29031899975962006,9.513511999102775,0.05476099977386184,10.152050999749918,20.010642998386174
0,1732,26585.410831044333,26585.410902233,26585.411119224,26585.420626247,26585.420681385,26585.430775067,0.0711886677891016,0.21699100034311414,0.28817966813221574,9.507022998150205,0.05513799987966195,10.093682001752313,19.944022667914396
0,1733,26585.444164377666,26585.44423451,26585.444262742,26585.453602115,26585.453645467,26585.463737557,0.07013233334873803,0.028231999749550596,0.09836433309828863,9.339373002148932,0.04335199992056005,10.092089996760478,19.57317933192826
0,1734,26585.477497711,26585.477568898,26585.477789362,26585.487258413,26585.487311598,26585.497448909,0.07118700159480795,0.22046400044928305,0.291651002044091,9.469050997722661,0.05318500188877806,10.137310997379245,19.951197999034775
0,1735,26585.510831044332,26585.510903741,26585.511121741,26585.520640838,26585.520691024,26585.530783047,0.07269666821230203,0.21800000104121864,0.29069666925352067,9.51909699870157,0.05018600131734274,10.092022999742767,19.9520026690152
0,1736,26585.544164377665,26585.54423463,26585.544500584,26585.554070459,26585.554122024,26585.564292408,0.07025233571766876,0.265954000497004,0.3362063362146728,9.569874997396255,0.05156500265002251,10.170383997319732,20.128030333580682
0,1737,26585.577497711,26585.577569786,26585.577788138,26585.587276614,26585.587329614,26585.597582407,0.07207499947980978,0.2183520009566564,0.2904270004364662,9.488475996477064,0.05300000339047983,10.2527929993812,20.08469599968521
0,1738,26585.610831044334,26585.610903775,26585.611122971,26585.620639372,26585.620689872,26585.631091805,0.0727306651242543,0.21919600112596527,0.29192666625021957,9.51640099810902,0.05050000254414044,10.401932999229757,20.260760666133137
0,1739,26585.644164377667,26585.644233393,26585.644469839,26585.654051982,26585.654104982,26585.664533211,0.0690153319737874,0.23644600150873885,0.30546133348252624,9.582143000443466,0.052999999752501026,10.42822899762541,20.368833331303904
0,1740,26585.677497711,26585.677568541,26585.677806698,26585.687312054,26585.687367813,26585.697780505,0.07082999945851043,0.238157001149375,0.3089870006078854,9.50535599986324,0.055758999224053696,10.412692001409596,20.282794001104776
0,1741,26585.710831044333,26585.710904289,26585.711128317,26585.720671959,26585.720723757,26585.731120994,0.07324466787395068,0.22402800095733255,0.2972726688312832,9.543641997879604,0.0517980006407015,10.397237001598114,20.289949668949703
0,1742,26585.744164377666,26585.744234251,26585.744455343,26585.754003505,26585.754057125,26585.764459326,0.06987333472352475,0.22109199926489964,0.2909653339884244,9.548162001010496,0.053619998652720824,10.402201001852518,20.29494833550416
0,1743,26585.777497711,26585.777569508,26585.777790222,26585.78725678,26585.787332808,26585.797721954,0.07179700332926586,0.22071399871492758,0.29251100204419345,9.466557999985525,0.07602799814776517,10.389146002125926,20.22424300230341
0,1744,26585.810831044335,26585.810901904,26585.811136628,26585.820717604,26585.820770901,26585.831145555,0.07085966353770345,0.23472400062019005,0.3055836641578935,9.58097600232577,0.05329699706635438,10.374654000770533,20.31451066432055
0,1745,26585.844164377668,26585.844233581,26585.844448868,26585.853970669,26585.854024835,26585.864525722,0.06920333180460148,0.21528700017370284,0.2844903319783043,9.521800999209518,0.05416600106400438,10.50088700139895,20.361344333650777
0,1746,26585.877497711,26585.877568469,26585.877788933,26585.887314159,26585.887366854,26585.898077676,0.07075800021993928,0.22046400044928305,0.2912220006692223,9.525225999823306,0.05269499888527207,10.710821999964537,20.579964999342337
0,1747,26585.910831044333,26585.910902738,26585.911116016,26585.920636492,26585.920684687,26585.938978071,0.07169366654125042,0.21327799913706258,0.284971665678313,9.52047600003425,0.048195000999839976,18.293384000571677,28.14702666728408
0,1748,26585.944164377666,26585.944234358,26585.944458711,26585.95405452,26585.95410476,26585.964860759,0.06998033495619893,0.2243529997940641,0.294333334750263,9.595808998710709,0.050239999836776406,10.755998999229632,20.69638133252738
0,1749,26585.977497711,26585.977567348,26585.977595996,26585.986856249,26585.986897286,26585.997574934,0.06963700070627965,0.028647998988162726,0.09828499969444238,9.260253002139507,0.041036997572518885,10.677648002456408,20.077223001862876
0,1750,26586.010831044332,26586.010900672,26586.011112395,26586.020607269,26586.020656806,26586.031368406,0.06962766929063946,0.21172299966565333,0.2813506689562928,9.494874000665732,0.049536996812094,10.711599999922328,20.537361666356446
0,1751,26586.044164377665,26586.044235366,26586.044458867,26586.054026751,26586.054076538,26586.064841759,0.07098833521013148,0.22350099970935844,0.2944893349194899,9.567884000716731,0.049786998715717345,10.76522099901922,20.67738133337116
0,1752,26586.077497711,26586.077569931,26586.07778458,26586.087281852,26586.087330732,26586.098154565,0.07221999840112403,0.21464900055434555,0.2868689989554696,9.497271999862278,0.04887999966740608,10.823832999449223,20.656853997934377
0,1753,26586.110831044334,26586.110902273,26586.111120145,26586.120673028,26586.120724111,26586.131723009,0.07122866736608557,0.21787199875689112,0.2891006661229767,9.552882998832501,0.05108299956191331,10.998898000252666,20.891964664770057
0,1754,26586.144164377667,26586.144233199,26586.144451061,26586.154000834,26586.154053649,26586.165194121,0.06882133311592042,0.21786200159112923,0.28668333470704965,9.549772999889683,0.05281499761622399,11.140472000988666,21.029743333201623
0,1755,26586.177497711,26586.177568662,26586.177802273,26586.187285259,26586.187337277,26586.198505897,0.0709509986336343,0.23361100102192722,0.3045619996555615,9.482985999056837,0.05201800013310276,11.16861999980756,21.00818599865306
0,1756,26586.210831044333,26586.210902521,26586.211119059,26586.220626201,26586.220676943,26586.231828867,0.07147666838136502,0.21653799922205508,0.2880146676034201,9.507142000074964,0.050742000894388184,11.151923998113489,20.99782266668626
0,1757,26586.244164377666,26586.244234094,26586.244449677,26586.253999635,26586.254051931,26586.265277616,0.0697163341101259,0.21558300068136305,0.28529933479148895,9.549957998387981,0.05229599992162548,11.225685000681551,21.113238333782647
0,1758,26586.277497711,26586.277568648,26586.277786399,26586.287264642,26586.287316642,26586.298472512,0.07093700332916342,0.21775099958176725,0.28868800291093066,9.478242998739006,0.05199999941396527,11.155870000948198,20.9748010020121
0,1759,26586.310831044335,26586.310903229,26586.311118887,26586.320700466,26586.320754947,26586.331932567,0.07218466635094956,0.21565799761447124,0.2878426639654208,9.581579000951024,0.05448099909699522,11.177620002854383,21.101522666867822
0,1760,26586.344164377668,26586.344235913,26586.344451256,26586.354013658,26586.354065028,26586.36528625,0.07153533078962937,0.2153430032194592,0.2868783340090886,9.562401999573922,0.05136999971000478,11.221221997402608,21.121872330695624
0,1761,26586.377497711,26586.377568282,26586.377783422,26586.387267888,26586.387321295,26586.398612888,0.07057100083329715,0.21514000036404468,0.28571100119734183,9.484465997957159,0.05340699863154441,11.291593000350986,21.11517699813703
0,1762,26586.410831044333,26586.410903669,26586.411134975,26586.420743785,26586.420796303,26586.432294878,0.07262466533575207,0.23130599947762676,0.3039306648133788,9.608809999917867,0.05251800030237064,11.498575000587152,21.46383366562077
0,1763,26586.444164377666,26586.444235159,26586.444457577,26586.454006432,26586.454081682,26586.46577424,0.07078133421600796,0.22241799888433889,0.29319933310034685,9.548854999593459,0.07525000182795338,11.692558000504505,21.609862335026264
0,1764,26586.477497711,26586.477569325,26586.477595918,26586.486861143,26586.48690694,26586.498612007,0.07161400208133273,0.026592999347485602,0.09820700142881833,9.265224998671329,0.045797001803293824,11.705066997819813,21.114295999723254
0,1765,26586.510831044332,26586.510904122,26586.511125603,26586.520714191,26586.520765839,26586.532491184,0.07307766645681113,0.22148100106278434,0.2945586675195955,9.588588000042364,0.0516479994985275,11.725345000741072,21.66013966780156
0,1766,26586.544164377665,26586.544235279,26586.544457391,26586.554029849,26586.554084997,26586.565848388,0.07090133658493869,0.22211199757293798,0.29301333415787667,9.572458002367057,0.055147997045423836,11.763391001295531,21.68401033486589
0,1767,26586.577497711,26586.577569324,26586.577783816,26586.587274339,26586.587325969,26586.599044331,0.07161299799918197,0.2144919999409467,0.28610499794012867,9.490522999840323,0.051630002417368814,11.718361998646287,21.546619998844108
0,1768,26586.610831044334,26586.610901853,26586.611119687,26586.620636449,26586.620687829,26586.632388868,0.07080866635078564,0.21783400006825104,0.2886426664190367,9.516761998384027,0.05138000051374547,11.70103900221875,21.55782366753556
0,1769,26586.644164377667,26586.644237269,26586.644453825,26586.654035181,26586.654092654,26586.665809341,0.0728913328202907,0.21655599994119257,0.28944733276148327,9.581356000126107,0.05747300019720569,11.716687000443926,21.64496333352872
0,1770,26586.677497711,26586.677569982,26586.677786575,26586.68734469,26586.68739944,26586.699138451,0.07227099922602065,0.2165930018236395,0.28886400104966015,9.558114998071687,0.054750002163928,11.739010999008315,21.64074000029359
0,1771,26586.710831044333,26586.710901157,26586.711118473,26586.720634134,26586.720689246,26586.732397414,0.07011266643530689,0.21731599917984568,0.28742866561515257,9.515661000477849,0.05511200288310647,11.708168000041042,21.56636966901715
0,1772,26586.744164377666,26586.744236046,26586.744456352,26586.754057505,26586.754112394,26586.765795618,0.07166833529481664,0.22030599939171225,0.2919743346865289,9.601153000403428,0.054888998420210555,11.683224001899362,21.63124033540953
0,1773,26586.777497711,26586.777571,26586.777803871,26586.787279495,26586.787335985,26586.799221164,0.0732890002836939,0.2328709997527767,0.3061600000364706,9.475624003243865,0.05648999649565667,11.885179003002122,21.723453002778115
0,1774,26586.810831044335,26586.810899934,26586.811113741,26586.820631985,26586.82068656,26586.832603738,0.06888966527185403,0.2138070012733806,0.2826966665452346,9.518243998172693,0.05457500083139166,11.917177998839179,21.7726936643885
0,1775,26586.844164377668,26586.844235416,26586.844455286,26586.854086596,26586.854141985,26586.866063331,0.07103833195287734,0.21986999854561873,0.29090833049849607,9.631310000258964,0.05538900222745724,11.921345998416655,21.89895333140157
0,1776,26586.877497711,26586.877569221,26586.877786111,26586.88728492,26586.887338799,26586.899255793,0.07150999954319559,0.21688999913749285,0.28839999868068844,9.498809002252528,0.053878997277934104,11.916994000785053,21.758081998996204
0,1777,26586.910831044333,26586.91090298,26586.911124221,26586.920692318,26586.920741717,26586.940783504,0.07193566489149816,0.2212409999629017,0.29317666485439986,9.568097000737907,0.0493990009999834,20.041787000081968,29.952459666674258
0,1778,26586.944164377666,26586.944236303,26586.944450035,26586.954022317,26586.954078141,26586.964390369,0.07192533303168602,0.2137320007022936,0.2856573337339796,9.572282000590349,0.0558239989914,10.312228001566837,20.225991334882565
0,1779,26586.977497711,26586.977567338,26586.977593774,26586.986859397,26586.98690299,26586.99595301,0.06962699990253896,0.02643600237206556,0.09606300227460451,9.265622997190803,0.043593001464614645,9.050019998539938,18.45529899946996
0,1780,26587.010831044332,26587.010903226,26587.01115557,26587.020711073,26587.020762425,26587.029026962,0.07218166865641251,0.2523439979995601,0.3245256666559726,9.555503002047772,0.05135199899086729,8.264537002105499,18.19591766980011
0,1781,26587.044164377665,26587.044236947,26587.044455679,26587.054026423,26587.054075515,26587.062348219,0.07256933531607501,0.21873199875699356,0.2913013340730686,9.570744001393905,0.049091999244410545,8.272703998954967,18.18384133366635
0,1782,26587.077497711,26587.077570065,26587.077789066,26587.087268663,26587.087347135,26587.095670115,0.07235399971250445,0.21900099818594754,0.291354997898452,9.479596999881323,0.078471999586327,8.322980000230018,18.17240399759612
0,1783,26587.110831044334,26587.110901897,26587.111120823,26587.120664494,26587.120718022,26587.128920271,0.07085266406647861,0.21892600125283934,0.28977866531931795,9.543670999846654,0.05352800144464709,8.202248998713912,18.08922666532453
0,1784,26587.144164377667,26587.144233108,26587.144452331,26587.154021428,26587.154076363,26587.162349492,0.06873033271403983,0.2192229985666927,0.2879533312807325,9.569097001076443,0.05493500066222623,8.273128998553148,18.18511433157255
0,1785,26587.177497711,26587.177566931,26587.177786496,26587.187278834,26587.187331927,26587.19556238,0.06922000102349557,0.21956499767838977,0.28878499870188534,9.492338002019096,0.05309300104272552,8.230452996940585,18.064668998704292
0,1786,26587.210831044333,26587.210901773,26587.211126737,26587.220657565,26587.220710518,26587.228900658,0.0707286671968177,0.22496399833471514,0.29569266553153284,9.530828003335046,0.0529529970663134,8.190140000806423,18.069613666739315
0,1787,26587.244164377666,26587.244237282,26587.24446369,26587.254046389,26587.254101028,26587.262365611,0.07290433495654725,0.22640799943474121,0.29931233439128846,9.582699000020511,0.05463900015456602,8.264583000709536,18.2012333352759
0,1788,26587.277497711,26587.277569579,26587.277787421,26587.287266676,26587.28731874,26587.295651324,0.07186800212366506,0.21784199998364784,0.2897100021073129,9.479255000769626,0.05206399873713963,8.332583998708287,18.153613000322366
0,1789,26587.310831044335,26587.310904745,26587.311124857,26587.320664546,26587.320723287,26587.3290475,0.07370066668954678,0.22011199689586647,0.29381266358541325,9.539689002849627,0.058740999520523474,8.324212998559233,18.216455664514797
0,1790,26587.344164377668,26587.34423567,26587.344455291,26587.354020805,26587.354072944,26587.362464305,0.07129233199520968,0.21962100072414614,0.2909133327193558,9.565513999405084,0.05213899930822663,8.391360999667086,18.299927331099752
0,1791,26587.377497711,26587.377568328,26587.377779922,26587.38726511,26587.387318416,26587.395636675,0.07061699943733402,0.21159400057513267,0.2822110000124667,9.485187998507172,0.05330600106390193,8.318258998770034,18.138963998353574
0,1792,26587.410831044333,26587.410902929,26587.411119726,26587.420679101,26587.420732851,26587.42909962,0.07188466770458035,0.21679699784726836,0.2886816655518487,9.559375001117587,0.05374999818741344,8.366769001440844,18.268575666297693
0,1793,26587.444164377666,26587.444234948,26587.444456346,26587.454062064,26587.454117156,26587.462606286,0.07057033508317545,0.22139799693832174,0.2919683320214972,9.605718001694186,0.05509200127562508,8.489129999361467,18.441908334352775
0,1794,26587.477497711,26587.477569762,26587.477787254,26587.487321804,26587.487373044,26587.495910851,0.07205099973361939,0.21749200095655397,0.28954300069017336,9.534550001262687,0.05124000017531216,8.537806999811437,18.41314000193961
0,1795,26587.510831044332,26587.510900419,26587.510927715,26587.520249061,26587.520294349,26587.528728904,0.06937466969247907,0.027295998734189197,0.09667066842666827,9.32134599861456,0.0452880012744572,8.434554998530075,17.89785966684576
0,1796,26587.544164377665,26587.544232457,26587.54445104,26587.554084294,26587.554139721,26587.562895369,0.0680793345964048,0.2185830016969703,0.2866623362933751,9.633253997890279,0.05542700091609731,8.755647999350913,18.730991334450664
0,1797,26587.577497711,26587.577568084,26587.577787456,26587.587288774,26587.587342932,26587.596175896,0.07037300019874237,0.21937199926469475,0.2897449994634371,9.501317999820458,0.05415800114860758,8.832963998429477,18.67818499886198
0,1798,26587.610831044334,26587.610901815,26587.611118176,26587.620705773,26587.620760087,26587.62983671,0.07077066402416676,0.21636100063915364,0.2871316646633204,9.587597000063397,0.05431400131783448,9.076622998691164,19.005665664735716
0,1799,26587.644164377667,26587.644232767,26587.644442934,26587.653946363,26587.654062354,26587.663267431,0.0683893340465147,0.21016699975007214,0.27855633379658684,9.503428998868912,0.11599099889281206,9.205076999933226,19.103053331491537
