stream_id,frame_id,scheduled_arrival_s,actual_arrival_enqueue_s,front_end_start_s,ready_s,inference_start_s,completion_s,scheduler_lag_ms,arrival_queue_wait_ms,scheduled_to_front_end_ms,front_end_observed_ms,ready_queue_wait_ms,inference_ms,local_e2e_ms
0,0,29289.695008882998,29289.695159256,29289.695210915,29289.73680816,29289.738987585,29289.766252413,0.1503730018157512,0.05165900074644014,0.20203200256219134,41.59724499913864,2.179424998757895,27.26482800062513,71.24353000108385
0,1,29289.72834221633,29289.728433433,29289.736851837,29289.753114009,29289.766862476,29289.784106234,0.09121666880673729,8.418403998803115,8.509620667609852,16.262172001006547,13.748467001278186,17.24375800040434,55.76401767029893
0,2,29289.761675549664,29289.761796619,29289.761843732,29289.773238781,29289.78414515,29289.797435046,0.12106933718314394,0.04711300061899237,0.16818233780213632,11.395048997655977,10.906368999712868,13.289896000060253,35.75949633523123
0,3,29289.795008882997,29289.79512851,29289.79517902,29289.804453824,29289.804683863,29289.809560781,0.11962700227741152,0.05050999970990233,0.17013700198731385,9.274804000597214,0.23003900059848092,4.876917999354191,14.5518980025372
0,4,29289.828342216333,29289.82842703,29289.828458623,29289.838357146,29289.838570797,29289.843512226,0.08481366603518836,0.03159300104016438,0.11640666707535274,9.898522999719717,0.2136510011041537,4.941429000609787,15.17000966850901
0,5,29289.861675549666,29289.861751596,29289.861774763,29289.870958816,29289.871002519,29289.875594499,0.07604633356095292,0.023167001927504316,0.09921333548845723,9.184053000353742,0.04370299939182587,4.591979999531759,13.918949334765784
0,6,29289.895008883,29289.895081728,29289.895293961,29289.904790785,29289.904841518,29289.909498924,0.07284499952220358,0.2122330006386619,0.2850780001608655,9.496824000962079,0.05073300053481944,4.657405999751063,14.490041001408827
0,7,29289.92834221633,29289.92841834,29289.928442461,29289.937729172,29289.937944878,29289.943265681,0.07612366971443407,0.024121000024024397,0.10024466973845847,9.28671099973144,0.215705997106852,5.320803000358865,14.923464666935615
0,8,29289.961675549665,29289.961776203,29289.962002854,29289.971430316,29289.971504651,29289.976174521,0.1006533348117955,0.2266510018671397,0.3273043366789352,9.427461998711806,0.07433499922626652,4.669870002544485,14.498971337161493
0,9,29289.995008882997,29289.995108909,29289.995158206,29290.004419832,29290.004642141,29290.009636662,0.10002600174630061,0.04929699935019016,0.14932300109649077,9.261626000807155,0.2223090014012996,4.994520997570362,14.627779000875307
0,10,29290.02834221633,29290.028423151,29290.028447012,29290.037622416,29290.037869844,29290.043040183,0.08093467113212682,0.02386099731666036,0.10479566844878718,9.175404000416165,0.24742800087551586,5.170339001779212,14.69796667151968
0,11,29290.061675549663,29290.061748949,29290.061769856,29290.070956658,29290.071203605,29290.076958238,0.07339933654293418,0.020907002181047574,0.09430633872398175,9.186801999021554,0.24694699823157862,5.754633002652554,15.282688338629669
0,12,29290.095008883,29290.09508221,29290.095292406,29290.104741934,29290.104960519,29290.11008032,0.07332699897233397,0.21019600171712227,0.28352300068945624,9.449527999095153,0.2185849989473354,5.119801000546431,15.071436999278376
0,13,29290.128342216332,29290.12841335,29290.128438221,29290.137222435,29290.137266065,29290.142111603,0.07113366882549599,0.02487099845893681,0.0960046672844328,8.784214001934743,0.04362999970908277,4.845537998335203,13.769386667263461
0,14,29290.161675549665,29290.161745119,29290.161959011,29290.171437807,29290.171664921,29290.177155986,0.06956933430046774,0.21389199901022948,0.2834613333106972,9.478796000621514,0.22711400015396066,5.491064999660011,15.480436333746184
0,15,29290.195008882998,29290.195129344,29290.195359171,29290.204836346,29290.205059006,29290.210273299,0.12046100164297968,0.22982700102147646,0.35028800266445614,9.477175000938587,0.22265999723458663,5.214292999880854,15.264416000718484
0,16,29290.22834221633,29290.228419881,29290.228445899,29290.237815203,29290.238032318,29290.243348722,0.07766467024339363,0.02601799860713072,0.10368266885052435,9.369303999847034,0.21711500085075386,5.316404000041075,15.006505669589387
0,17,29290.261675549664,29290.261747594,29290.26195804,29290.271345187,29290.271563143,29290.277022373,0.0720443349564448,0.2104459999827668,0.2824903349392116,9.3871470016893,0.21795599968754686,5.459230000269599,15.346823336585658
0,18,29290.295008882997,29290.295076363,29290.295099437,29290.304572778,29290.304784762,29290.310751073,0.0674800030537881,0.023074000637279823,0.09055400369106792,9.473341000557411,0.2119839991792105,5.9663110005203635,15.742190003948053
0,19,29290.328342216333,29290.32841188,29290.328625151,29290.338110864,29290.338356857,29290.344108083,0.06966366709093563,0.21327099966583773,0.28293466675677337,9.485712998866802,0.24599300013505854,5.751226002757903,15.765866668516537
0,20,29290.361675549666,29290.361949485,29290.361999236,29290.371287084,29290.371338344,29290.37682588,0.27393533309805207,0.04975100091542117,0.32368633401347324,9.287847999075893,0.05126000178279355,5.487536000146065,15.150330335018225
0,21,29290.395008883,29290.395089862,29290.395305494,29290.404931579,29290.404987682,29290.410710081,0.08097899990389124,0.21563200061791576,0.296611000521807,9.626085000491003,0.056102999224094674,5.722399000660516,15.70119800089742
0,22,29290.42834221633,29290.428412213,29290.428435436,29290.437733507,29290.437961547,29290.443906394,0.06999666948104277,0.02322299769730307,0.09321966717834584,9.29807099964819,0.22804000036558136,5.944847001956077,15.564177669148194
0,23,29290.461675549665,29290.461748714,29290.461771297,29290.47100135,29290.471213631,29290.477063736,0.07316433402593248,0.02258300082758069,0.09574733485351317,9.230053001374472,0.21228100013104267,5.850105000718031,15.388186337077059
0,24,29290.495008882997,29290.495076529,29290.495098947,29290.504342203,29290.50460903,29290.51054223,0.06764600402675569,0.022418000298785046,0.09006400432554074,9.243255997716915,0.2668269989953842,5.933200001891237,15.533347002929077
0,25,29290.52834221633,29290.528466041,29290.528699655,29290.538210304,29290.538446566,29290.544690056,0.12382466957205907,0.23361399871646427,0.35743866828852333,9.510649000731064,0.23626199981663376,6.243489999178564,16.347839668014785
0,26,29290.561675549663,29290.561754579,29290.561978073,29290.57146786,29290.571705529,29290.577767572,0.07902933793957345,0.2234940002381336,0.30252333817770705,9.48978700034786,0.2376689990342129,6.062042997655226,16.092022335215006
0,27,29290.595008883,29290.595122219,29290.595172721,29290.604450524,29290.604525422,29290.61049514,0.11333600195939653,0.05050199979450554,0.16383800175390206,9.27780299753067,0.07489800191251561,5.969718000415014,15.486257001612103
0,28,29290.628342216332,29290.62841923,29290.628629779,29290.638107881,29290.638159695,29290.644079951,0.0770136684877798,0.2105489984387532,0.287562666926533,9.47810200159438,0.05181400047149509,5.9202559968980495,15.737734665890457
0,29,29290.661675549665,29290.661747435,29290.661771278,29290.671197601,29290.671424873,29290.678064348,0.07188533345470205,0.023843000235501677,0.09572833369020373,9.426323002116987,0.22727199757355265,6.639475002884865,16.38879833626561
0,30,29290.695008882998,29290.695078844,29290.695289272,29290.704772512,29290.704993321,29290.711452258,0.06996100273681805,0.21042799926362932,0.28038900200044736,9.483239999099169,0.22080900089349598,6.458937001298182,16.443375003291294
0,31,29290.72834221633,29290.728410743,29290.728434021,29290.737765001,29290.737812317,29290.743906536,0.06852666774648242,0.02327800029888749,0.09180466804536991,9.330979999504052,0.04731599983642809,6.094219002989121,15.56431967037497
0,32,29290.761675549664,29290.761940062,29290.762206093,29290.771741324,29290.771968688,29290.778321605,0.2645123349793721,0.2660310019564349,0.530543336935807,9.535230998153565,0.227364002057584,6.352917000185698,16.646055337332655
0,33,29290.795008882997,29290.795088829,29290.795114773,29290.80439591,29290.804616607,29290.811588124,0.07994600309757516,0.02594399848021567,0.10589000157779083,9.281137001380557,0.22069700207794085,6.971516999328742,16.57924100436503
0,34,29290.828342216333,29290.828410655,29290.828432266,29290.837632818,29290.837903562,29290.844432999,0.06843866867711768,0.021610998373944312,0.09004966705106199,9.200551998219453,0.2707439998630434,6.52943700333708,16.090782668470638
0,35,29290.861675549666,29290.861783868,29290.861832897,29290.871076764,29290.871123949,29290.877857926,0.10831833424163051,0.04902900036540814,0.15734733460703865,9.243866999895545,0.047184999857563525,6.73397699938505,16.182376333745196
0,36,29290.895008883,29290.895086636,29290.895293546,29290.904783379,29290.905008474,29290.912092593,0.07775300036882982,0.2069100009975955,0.2846630013664253,9.489832998951897,0.22509500195155852,7.084118999046041,17.08371000131592
0,37,29290.92834221633,29290.928449211,29290.928671222,29290.938174768,29290.938397299,29290.945421288,0.10699466656660661,0.2220110000052955,0.3290056665719021,9.503546003543306,0.22253099814406596,7.023989001027076,17.07907166928635
0,38,29290.961675549665,29290.962296957,29290.962334827,29290.97171992,29290.971931718,29290.978823419,0.621407336439006,0.03786999877775088,0.6592773352167569,9.385092998854816,0.21179800023674034,6.891700999403838,17.14786933371215
0,39,29290.995008882997,29290.995112794,29290.995160785,29291.004447467,29291.004672043,29291.01170083,0.10391100295237266,0.04799100133823231,0.15190200429060496,9.28668199776439,0.2245760006189812,7.028787000308512,16.691947002982488
0,40,29291.02834221633,29291.02842408,29291.028444887,29291.037801958,29291.03802035,29291.045478724,0.08186366903828457,0.020807001419598237,0.1026706704578828,9.357070997793926,0.21839200053364038,7.458374002453638,17.136507671239087
0,41,29291.061675549663,29291.061746432,29291.061959193,29291.07151387,29291.071742021,29291.07903205,0.07088233542162925,0.21276100233080797,0.2836433377524372,9.554676998959621,0.22815099873696454,7.2900289997051,17.356500335154124
0,42,29291.095008883,29291.095078118,29291.095102229,29291.104488525,29291.104540497,29291.111558635,0.06923500041011721,0.024110999220283702,0.09334599963040091,9.386296002048766,0.051971997891087085,7.018137999693863,16.549751999264117
0,43,29291.128342216332,29291.12841762,29291.128441148,29291.137699728,29291.137744136,29291.144877507,0.07540366641478613,0.023528002202510834,0.09893166861729696,9.258579997549532,0.044407999666873366,7.133371000236366,16.53529066607007
0,44,29291.161675549665,29291.161748806,29291.161771167,29291.171080387,29291.17130326,29291.178794829,0.07325633487198502,0.022361000446835533,0.09561733531882055,9.309220000432106,0.22287299725576304,7.491569002013421,17.11927933502011
0,45,29291.195008882998,29291.195082603,29291.19530417,29291.204865246,29291.205102701,29291.212874394,0.07372000254690647,0.22156699924380518,0.29528700179071166,9.561075999954483,0.23745499856886454,7.771693002723623,17.865511003037682
0,46,29291.22834221633,29291.228412141,29291.228634671,29291.238164015,29291.238383637,29291.246270016,0.06992467024247162,0.222529997699894,0.29245466794236563,9.529344002658036,0.21962199753033929,7.88637900041067,17.92779966854141
0,47,29291.261675549664,29291.261745549,29291.261773809,29291.271111021,29291.271363014,29291.279294153,0.06999933611950837,0.02826000127242878,0.09825933739193715,9.337211999081774,0.25199299852829427,7.9311389999929816,17.618603334994987
0,48,29291.295008882997,29291.295080505,29291.295291525,29291.304764358,29291.30499736,29291.312857925,0.07162200199672952,0.21102000027894974,0.28264200227567926,9.472833000472747,0.23300199973164126,7.860565001465147,17.849042003945215
0,49,29291.328342216333,29291.328414014,29291.328437366,29291.337758253,29291.337805541,29291.345418723,0.07179766544140875,0.023352000425802544,0.0951496658672113,9.320887002104428,0.047287998313549906,7.613182002387475,17.076506668672664
0,50,29291.361675549666,29291.361743274,29291.361959833,29291.371513454,29291.371568889,29291.379301831,0.06772433334845118,0.21655900127370842,0.2842833346221596,9.553620999213308,0.05543500083149411,7.732941998256138,17.6262813329231
0,51,29291.395008883,29291.395075887,29291.395100202,29291.404413774,29291.404650221,29291.412978041,0.0670040026307106,0.02431499888189137,0.09131900151260197,9.313571998063708,0.2364470019529108,8.327819999976782,17.969158001506003
0,52,29291.42834221633,29291.428411675,29291.428635789,29291.438195318,29291.438424162,29291.447004596,0.06945866698515601,0.2241140027763322,0.2935726697614882,9.55952900039847,0.22884399731992744,8.580434001487447,18.662379668967333
0,53,29291.461675549665,29291.461745399,29291.4617705,29291.471204621,29291.471468272,29291.479817702,0.06984933497733437,0.025100998755078763,0.09495033373241313,9.434121002414031,0.26365099984104745,8.349429997906554,18.142152333894046
0,54,29291.495008882997,29291.495121983,29291.495173725,29291.504515334,29291.504750198,29291.513406355,0.11310000263620168,0.05174200123292394,0.16484200386912562,9.34160899851122,0.23486400095862336,8.656156998767983,18.39747200210695
0,55,29291.52834221633,29291.528424428,29291.528635376,29291.538213376,29291.538438064,29291.546928126,0.08221167081501335,0.21094799740239978,0.2931596682174131,9.578000001056353,0.22468799943453632,8.490062002238119,18.58590967094642
0,56,29291.561675549663,29291.561745855,29291.561773171,29291.571094086,29291.571318393,29291.580055217,0.07030533743090928,0.027316000341670588,0.09762133777257986,9.320914999989327,0.22430699755204841,8.7368240019714,18.379667337285355
0,57,29291.595008883,29291.595081773,29291.595287478,29291.604827155,29291.604882933,29291.613392366,0.0728900013200473,0.20570500055328012,0.2785950018733274,9.539676997519564,0.055778000387363136,8.509433002473088,18.383483002253342
0,58,29291.628342216332,29291.628409346,29291.628431827,29291.637792993,29291.637839289,29291.646787144,0.06712966933264397,0.022480999177787453,0.08961066851043142,9.361165997688659,0.04629600152838975,8.947854999860283,18.444927667587763
0,59,29291.661675549665,29291.661786735,29291.662017923,29291.671558488,29291.67178913,29291.680951523,0.11118533439002931,0.23118800163501874,0.34237333602504805,9.540564999042545,0.23064199922373518,9.162393002043245,19.275973336334573
0,60,29291.695008882998,29291.695084531,29291.695109651,29291.704381889,29291.704432093,29291.713614636,0.07564800034742802,0.025119999918388203,0.10076800026581623,9.272238003177335,0.050203998398501426,9.182542999042198,18.60575300088385
0,61,29291.72834221633,29291.728470549,29291.728710034,29291.738396184,29291.738636214,29291.747955212,0.12833266737288795,0.23948500165715814,0.3678176690300461,9.686149998742621,0.24002999998629093,9.31899799979874,19.612995667557698
0,62,29291.761675549664,29291.761755743,29291.761782558,29291.771110287,29291.771170649,29291.780677602,0.0801933347247541,0.02681499972823076,0.10700833445298485,9.327729003416607,0.06036199920345098,9.506952999799978,19.00205233687302
0,63,29291.795008882997,29291.795079464,29291.795103688,29291.804575501,29291.804631623,29291.814197003,0.07058100163703784,0.024224002117989585,0.09480500375502743,9.47181299852673,0.056122000387404114,9.565380001731683,19.188120004400844
0,64,29291.828342216333,29291.828619319,29291.828667394,29291.838087291,29291.838137152,29291.847841849,0.2771026665868703,0.04807499863090925,0.3251776652177796,9.41989700004342,0.049861002480611205,9.704697000415763,19.499632668157574
0,65,29291.861675549666,29291.861757447,29291.861782725,29291.871208817,29291.871272975,29291.88118272,0.0818973348941654,0.025277997337980196,0.10717533223214559,9.426092001376674,0.06415800089598633,9.909745000186376,19.507170334691182
0,66,29291.895008883,29291.89507867,29291.895099958,29291.904473466,29291.904539299,29291.914620705,0.06978700184845366,0.021288000425556675,0.09107500227401033,9.373507997224806,0.06583300273632631,10.081405998789705,19.611822001024848
0,67,29291.92834221633,29291.928416477,29291.928441746,29291.935325456,29291.935398152,29291.95243924,0.07426066804328002,0.025269000616390258,0.09952966865967028,6.8837100006931,0.07269599882420152,17.04108800186077,24.097023670037743
0,68,29291.961675549665,29291.96177334,29291.961819729,29291.971261969,29291.971318609,29291.981740332,0.0977903364400845,0.04638899918063544,0.14417933562071994,9.442239999771118,0.05664000127580948,10.421723000035854,20.0647823367035
0,69,29291.995008882997,29291.995086386,29291.995108776,29292.004506339,29292.004551479,29292.015193853,0.07750300210318528,0.02238999877590686,0.09989300087909214,9.39756300067529,0.045140001020627096,10.64237399987178,20.18497000244679
0,70,29292.02834221633,29292.02840986,29292.02843061,29292.037817905,29292.037863535,29292.048772875,0.06764366844436154,0.020750001567648724,0.08839367001201026,9.387294998305151,0.04563000038615428,10.909340002399404,20.43065867110272
0,71,29292.061675549663,29292.061743796,29292.061764537,29292.07119586,29292.071251157,29292.082318814,0.06824633601354435,0.02074100120807998,0.08898733722162433,9.431323000171687,0.05529699774342589,11.067657000239706,20.643264335376443
0,72,29292.095008883,29292.095075778,29292.095096687,29292.104466268,29292.104517732,29292.11550886,0.06689500150969252,0.020908999431412667,0.08780400094110519,9.369580999191385,0.05146400144440122,10.991127997840522,20.499976999417413
0,73,29292.128342216332,29292.128448456,29292.12849792,29292.137919751,29292.137965761,29292.149519832,0.10623966591083445,0.04946400076732971,0.15570366667816415,9.421831000508973,0.04601000182447024,11.554070999409305,21.177615668420913
0,74,29292.161675549665,29292.161966662,29292.162014978,29292.171459162,29292.171514468,29292.183361477,0.29111233379808255,0.04831600017496385,0.3394283339730464,9.444184001040412,0.055305998102994636,11.847009001940023,21.685927335056476
0,75,29292.195008882998,29292.195086651,29292.195109938,29292.204593855,29292.204648773,29292.216506762,0.07776800339343026,0.02328699702047743,0.10105500041390769,9.483917001489317,0.05491800038726069,11.857989000418456,21.49787900270894
0,76,29292.22834221633,29292.22861307,29292.228661395,29292.23820107,29292.23824721,29292.250058339,0.270853670372162,0.048324996896553785,0.3191786672687158,9.539675000269199,0.04614000135916285,11.811128999397624,21.7161226682947
0,77,29292.261675549664,29292.261754085,29292.261775678,29292.271257983,29292.271319734,29292.283141539,0.07853533679735847,0.021592997654806823,0.10012833445216529,9.482305002165958,0.061751001339871436,11.821804997453,21.465989335410995
0,78,29292.295008882997,29292.295288939,29292.295335875,29292.304788134,29292.304843949,29292.316696967,0.28005600324831903,0.04693599839811213,0.32699200164643116,9.452259000681806,0.055815002269810066,11.853017997054849,21.688084001652896
0,79,29292.328342216333,29292.328614716,29292.328663105,29292.338121272,29292.338167012,29292.350011031,0.27249966660747305,0.04838899985770695,0.32088866646518,9.458167001866968,0.045739998313365504,11.844019001728157,21.66881466837367
0,80,29292.361675549666,29292.361752149,29292.361773667,29292.371308835,29292.371367983,29292.383273844,0.07659933544346131,0.02151799708371982,0.09811733252718113,9.535168002912542,0.05914799839956686,11.90586099983193,21.59829433367122
0,81,29292.395008883,29292.395279511,29292.395327383,29292.404719019,29292.404765483,29292.416620612,0.2706280029087793,0.04787199941347353,0.31850000232225284,9.39163599832682,0.04646399975172244,11.855128999741282,21.611729000142077
0,82,29292.42834221633,29292.428417851,29292.428437416,29292.437861119,29292.437909628,29292.449696136,0.07563466715510003,0.01956500273081474,0.09519966988591477,9.423702998901717,0.04850899858865887,11.786507999204332,21.353919666580623
0,83,29292.461675549665,29292.461942492,29292.461991363,29292.47142226,29292.471489354,29292.483314668,0.26694233383750543,0.048871002945816144,0.3158133367833216,9.430897000129335,0.06709399895044044,11.825313998997444,21.63911833486054
0,84,29292.495008882997,29292.495295641,29292.495343096,29292.504700446,29292.50474927,29292.516561417,0.2867580042220652,0.04745499973068945,0.33421300395275466,9.35734999802662,0.04882400025962852,11.812147000455298,21.5525340026943
0,85,29292.52834221633,29292.528420214,29292.528442371,29292.537849213,29292.537900935,29292.549672907,0.07799766899552196,0.022157000785227865,0.10015466978074983,9.406842000316828,0.05172199962544255,11.771972000133246,21.330690669856267
0,86,29292.561675549663,29292.56196055,29292.562008931,29292.571482681,29292.571556107,29292.583345967,0.2850003365892917,0.048380999942310154,0.33338133653160185,9.473750000324799,0.07342599928961135,11.789860000135377,21.67041733628139
0,87,29292.595008883,29292.595085863,29292.595108632,29292.604534668,29292.604586937,29292.616419909,0.07697999899392016,0.02276899977005087,0.09974899876397103,9.426036001968896,0.052268998842919245,11.832972002594033,21.41102600216982
0,88,29292.628342216332,29292.628606162,29292.62865446,29292.638065329,29292.63812308,29292.649942328,0.26394566884846427,0.04829799945582636,0.3122436683042906,9.410868999111699,0.05775099998572841,11.81924800039269,21.60011166779441
0,89,29292.661675549665,29292.661966849,29292.662015701,29292.671550304,29292.671615396,29292.683426859,0.2912993331847247,0.048852001782506704,0.3401513349672314,9.534602999337949,0.06509200102300383,11.811462998593925,21.75130933392211
0,90,29292.695008882998,29292.695086255,29292.695106709,29292.704474105,29292.704527097,29292.716358411,0.07737200212432072,0.020454001059988514,0.09782600318430923,9.367396000016015,0.05299199983710423,11.83131399739068,21.34952800042811
0,91,29292.72834221633,29292.728608063,29292.728654786,29292.738098387,29292.738145369,29292.749952229,0.2658466692082584,0.04672299837693572,0.3125696675851941,9.44360100038466,0.04698200064012781,11.806860002252506,21.61001267086249
0,92,29292.761675549664,29292.761760127,29292.761783488,29292.771223914,29292.771282432,29292.783083496,0.08457733565592207,0.02336100078537129,0.10793833644129336,9.440425998036517,0.05851800233358517,11.8010639998829,21.407946336694295
0,93,29292.795008882997,29292.79529025,29292.795339528,29292.804705388,29292.804755213,29292.81659374,0.28136700348113663,0.04927799818688072,0.33064500166801736,9.365860001707915,0.049825001042336226,11.838526999781607,21.584857004199876
0,94,29292.828342216333,29292.8284201,29292.828442833,29292.837840025,29292.83788435,29292.849703192,0.07788366565364413,0.022733001969754696,0.10061666762339883,9.397191999596544,0.04432499918038957,11.818842001957819,21.36097566835815
0,95,29292.861675549666,29292.861747545,29292.861770684,29292.871216351,29292.871278065,29292.883259362,0.07199533501989208,0.02313900040462613,0.09513433542451821,9.445666997635271,0.06171399945742451,11.981297000602353,21.583812333119567
0,96,29292.895008883,29292.895276475,29292.895325549,29292.904707965,29292.90475691,29292.916787383,0.26759200045489706,0.04907400216325186,0.3166660026181489,9.382415999425575,0.04894499943475239,12.03047300077742,21.778500002255896
0,97,29292.92834221633,29292.92843876,29292.928477862,29292.936066137,29292.936115582,29292.955180693,0.0965436665865127,0.03910200030077249,0.1356456668872852,7.588275002490263,0.04944499960402027,19.065110998781165,26.838476667762734
0,98,29292.961675549665,29292.961780353,29292.961827252,29292.971304428,29292.971370409,29292.983419374,0.10480333730811253,0.0468989965156652,0.15170233382377774,9.477176001382759,0.0659809993521776,12.048964999848977,21.74382433440769
0,99,29292.995008882997,29292.995085612,29292.995105695,29293.004510851,29293.004558139,29293.014892018,0.07672900392208248,0.0200829999812413,0.09681200390332378,9.405155997228576,0.04728800195152871,10.333878999517765,19.883135002601193
0,100,29293.02834221633,29293.028408722,29293.028429028,29293.03790849,29293.037950482,29293.048260074,0.06650566865573637,0.02030600080615841,0.08681166946189478,9.47946200176375,0.041991999751189724,10.309591998520773,19.917857669497607
0,101,29293.061675549663,29293.061743851,29293.061764999,29293.071189462,29293.071244712,29293.081649778,0.06830133861512877,0.021148000087123364,0.08944933870225213,9.42446299814037,0.05524999869521707,10.405066001112573,19.974228336650413
0,102,29293.095008883,29293.095076203,29293.095120851,29293.104554118,29293.10460436,29293.114992675,0.0673200011078734,0.04464800076675601,0.11196800187462941,9.433266997803003,0.050242000725120306,10.388315000454895,19.983792000857648
0,103,29293.128342216332,29293.128624001,29293.128671409,29293.138132121,29293.138176872,29293.1485214,0.2817846689140424,0.047407997044501826,0.32919266595854424,9.460712000873173,0.044750999222742394,10.344528000132414,20.179183666186873
0,104,29293.161675549665,29293.161753868,29293.161775952,29293.171303247,29293.171357461,29293.181778398,0.07831833499949425,0.022084001102484763,0.10040233610197902,9.527294998406433,0.054214000556385145,10.420937000162667,20.102848335227463
0,105,29293.195008882998,29293.195276953,29293.195324916,29293.204767378,29293.204849778,29293.215240426,0.26807000176631846,0.047962999815354124,0.3160330015816726,9.442462000151863,0.08240000170189887,10.390647999884095,20.23154300331953
0,106,29293.22834221633,29293.228629416,29293.228677842,29293.238181056,29293.238226778,29293.248576723,0.2871996694011614,0.04842599810217507,0.33562566750333644,9.503214001597371,0.04572200123220682,10.349944997869898,20.234506668202812
0,107,29293.261675549664,29293.26175283,29293.261774813,29293.27134435,29293.27141299,29293.281928289,0.07728033597231843,0.021982999896863475,0.0992633358691819,9.569537000061246,0.06864000170025975,10.515298999962397,20.252739337593084
0,108,29293.295008882997,29293.29527626,29293.295322945,29293.304774501,29293.304820139,29293.315597655,0.26737700318335555,0.04668499968829565,0.3140620028716512,9.451556001295103,0.045638000301551074,10.777515999507159,20.588772003975464
0,109,29293.328342216333,29293.328419193,29293.328438675,29293.337941008,29293.33799424,29293.348527456,0.07697666660533287,0.019481998606352136,0.096458665211685,9.502333003183594,0.05323199729900807,10.533216001931578,20.185239667625865
0,110,29293.361675549666,29293.361941029,29293.361989067,29293.371418242,29293.371484789,29293.382027282,0.2654793352121487,0.048038000386441126,0.31351733559858985,9.429174999240786,0.06654699973296374,10.542493000684772,20.35173233525711
0,111,29293.395008883,29293.395283918,29293.395332984,29293.404720927,29293.404768344,29293.415259106,0.2750349995039869,0.04906600224785507,0.324101001751842,9.38794299872825,0.04741700104204938,10.49076200069976,20.2502230022219
0,112,29293.42834221633,29293.428419102,29293.42844175,29293.437830693,29293.43787837,29293.448360567,0.07688566984143108,0.02264799695694819,0.09953366679837927,9.388943002704764,0.04767700011143461,10.48219699805486,20.018350667669438
0,113,29293.461675549665,29293.461745408,29293.461769473,29293.47120249,29293.471256019,29293.481731577,0.06985833533690311,0.024065000616246834,0.09392333595314994,9.433016999537358,0.05352899825084023,10.475558003236074,20.056027336977422
0,114,29293.495008882997,29293.495076038,29293.495097131,29293.504517065,29293.504574261,29293.515097836,0.06715500421705656,0.021092997485538945,0.0882480017025955,9.419934001925867,0.057195997214876115,10.523575001570862,20.0889530024142
0,115,29293.52834221633,29293.528620541,29293.528669246,29293.538107643,29293.538164459,29293.548696701,0.27832467094413005,0.04870499833486974,0.3270296692789998,9.438396999030374,0.05681600305251777,10.532241998589598,20.35448466995149
0,116,29293.561675549663,29293.561793919,29293.561841883,29293.57131054,29293.571374596,29293.582014628,0.11836933845188469,0.047964000259526074,0.16633333871141076,9.468656997341895,0.0640559992461931,10.64003200008301,20.33907833538251
0,117,29293.595008883,29293.59508453,29293.595105771,29293.604489751,29293.604545473,29293.615409239,0.07564699990325607,0.021241001377347857,0.09688800128060393,9.383979999256553,0.05572200097958557,10.863765997783048,20.40035599929979
0,118,29293.628342216332,29293.62860717,29293.628654781,29293.638091474,29293.638136216,29293.64910502,0.2649536691023968,0.04761099989991635,0.31256466900231317,9.436692998860963,0.04474199886317365,10.968803999276133,20.762803666002583
0,119,29293.661675549665,29293.66175226,29293.66177389,29293.671217962,29293.671279649,29293.682250758,0.07671033381484449,0.021629999537253752,0.09834033335209824,9.444072002224857,0.06168699837871827,10.971109000820434,20.575208334776107
0,120,29293.695008882998,29293.695274058,29293.695323067,29293.704707213,29293.704756204,29293.715739888,0.2651750037330203,0.04900899875792675,0.314184002490947,9.38414600022952,0.04899099803878926,10.983684001985239,20.731005002744496
0,121,29293.72834221633,29293.72842087,29293.728444675,29293.737842358,29293.737887563,29293.748823402,0.07865366933401674,0.023805001546861604,0.10245867088087834,9.397682999406243,0.0452049971499946,10.935839000012493,20.48118566744961
0,122,29293.761675549664,29293.761743359,29293.761765434,29293.771234821,29293.771292738,29293.782278922,0.06780933472327888,0.022075000742916018,0.0898843354661949,9.469387001445284,0.05791700095869601,10.9861839991936,20.603372337063774
0,123,29293.795008882997,29293.795281842,29293.795330602,29293.8047531,29293.804807637,29293.815781646,0.27295900508761406,0.048759997298475355,0.3217190023860894,9.42249800209538,0.05453699850477278,10.974009001074592,20.772763004060835
0,124,29293.828342216333,29293.828417802,29293.828437635,29293.837881801,29293.837932311,29293.848922745,0.07558566721854731,0.019832998077617958,0.09541866529616527,9.444166000321275,0.05050999970990233,10.990434002451366,20.580528667778708
0,125,29293.861675549666,29293.861955971,29293.862003981,29293.871491546,29293.871574908,29293.882727242,0.280421332718106,0.04801000250154175,0.32843133521964774,9.487564999290043,0.08336199971381575,11.152333998325048,21.051692332548555
0,126,29293.895008883,29293.895087423,29293.895107858,29293.90448457,29293.904534978,29293.915707146,0.07854000068618916,0.020434999896679074,0.09897500058286823,9.37671200154,0.050407998060109094,11.172168000484817,20.698263000667794
0,127,29293.92834221633,29293.928538684,29293.928588028,29293.934777442,29293.934851379,29293.952688726,0.19646766668302007,0.04934400203637779,0.24581166871939786,6.189413998072268,0.07393700070679188,17.837347000750015,24.346509668248473
0,128,29293.961675549665,29293.961758443,29293.961782406,29293.971212812,29293.971268674,29293.982436684,0.08289333709399216,0.023962998966453597,0.10685633606044576,9.430406000319635,0.055861997680040076,11.168010001711082,20.761134335771203
0,129,29293.995008882997,29293.995083026,29293.995104462,29294.004507331,29294.004554035,29294.015707156,0.07414300125674345,0.02143600067938678,0.09557900193613023,9.402869000041392,0.04670400085160509,11.153120998642407,20.698273001471534
0,130,29294.02834221633,29294.028413064,29294.028436472,29294.037819396,29294.037868999,29294.048970276,0.07084766912157647,0.023407999833580106,0.09425566895515658,9.38292399951024,0.04960300066159107,11.101276999397669,20.628059668524656
0,131,29294.061675549663,29294.061744083,29294.061766898,29294.071250722,29294.071309269,29294.082434649,0.06853333616163582,0.022815002012066543,0.09134833817370236,9.483824000199093,0.058546997024677694,11.125380002340535,20.759099337738007
0,132,29294.095008883,29294.095077806,29294.095101445,29294.104485073,29294.104537454,29294.115687084,0.06892300007166341,0.02363900057389401,0.09256200064555742,9.383627999341115,0.05238100129645318,11.149629997817101,20.678200999100227
0,133,29294.128342216332,29294.128608271,29294.128658698,29294.138062891,29294.138109428,29294.149248855,0.26605466700857505,0.050426999223418534,0.3164816662319936,9.404193002410466,0.04653699943446554,11.139426998852286,20.90663866692921
0,134,29294.161675549665,29294.161954151,29294.162004486,29294.171529291,29294.17159557,29294.182777497,0.27860133559443057,0.05033499837736599,0.32893633397179656,9.524805002001813,0.06627899711020291,11.18192700232612,21.101947335409932
0,135,29294.195008882998,29294.1952928,29294.195341912,29294.204799717,29294.204851754,29294.216000069,0.2839170010702219,0.049112000851891935,0.3330290019221138,9.45780500114779,0.05203699765843339,11.148314999445574,20.99118600017391
0,136,29294.22834221633,29294.228615179,29294.22866468,29294.238204421,29294.238251922,29294.249594165,0.2729626685322728,0.04950099901179783,0.32246366754407063,9.539741000480717,0.047501001972705126,11.342243000399321,21.251948670396814
0,137,29294.261675549664,29294.261955532,29294.262005098,29294.271487689,29294.271546514,29294.282839896,0.27998233781545423,0.04956599877914414,0.32954833659459837,9.482590998231899,0.05882500045117922,11.293382001895225,21.1643463371729
0,138,29294.295008882997,29294.295289394,29294.295337801,29294.304782551,29294.304836542,29294.316142637,0.2805110016197432,0.04840700057684444,0.3289180021965876,9.444750001421198,0.05399099973146804,11.30609499887214,21.133754002221394
0,139,29294.328342216333,29294.32861731,29294.328666126,29294.338103745,29294.33815032,29294.349684898,0.27509366555023007,0.048816000344231725,0.3239096658944618,9.437619002710562,0.046574998123105615,11.53457799955504,21.34268166628317
0,140,29294.361675549666,29294.361757863,29294.361782992,29294.371310066,29294.371369678,29294.382655347,0.08231333413277753,0.025129000277956948,0.10744233441073447,9.52707399846986,0.059612000768538564,11.28566899933503,20.979797332984162
0,141,29294.395008883,29294.395274947,29294.395324679,29294.40472752,29294.404780567,29294.416074365,0.26606400206219405,0.04973199975211173,0.3157960018143058,9.402840998518514,0.05304700243868865,11.293797997495858,21.065482000267366
0,142,29294.42834221633,29294.428615622,29294.428664585,29294.438063833,29294.438114788,29294.449380688,0.27340566884959117,0.04896300015388988,0.32236866900348105,9.399247999681393,0.0509550009155646,11.265899996942608,21.038471666543046
0,143,29294.461675549665,29294.461949546,29294.461999464,29294.471491853,29294.471554732,29294.482850521,0.2739963347266894,0.04991800233256072,0.3239143370592501,9.492388999206014,0.06287900032475591,11.29578899781336,21.17497133440338
0,144,29294.495008882997,29294.49528587,29294.495336425,29294.504744915,29294.504815971,29294.516140631,0.27698700432665646,0.05055499786976725,0.3275420021964237,9.408490001078462,0.07105599797796458,11.32466000126442,21.13174800251727
0,145,29294.52834221633,29294.528624526,29294.528675267,29294.538170517,29294.538215461,29294.549439286,0.2823096692736726,0.050741000450216234,0.33305066972388886,9.49525000032736,0.04494400127441622,11.223824996704934,21.0970696680306
0,146,29294.561675549663,29294.561757347,29294.561785125,29294.571118252,29294.571162031,29294.582435115,0.08179733777069487,0.027777998184319586,0.10957533595501445,9.333126999990782,0.04377900040708482,11.273084001004463,20.759565337357344
0,147,29294.595008883,29294.595087763,29294.595114161,29294.604411853,29294.604451473,29294.615755273,0.07887999890954234,0.02639800004544668,0.10527799895498902,9.297692002292024,0.03961999755119905,11.30380000176956,20.74639000056777
0,148,29294.628342216332,29294.628419263,29294.628439476,29294.63766901,29294.637709075,29294.648968494,0.07704666859353893,0.020212999515933916,0.09725966810947284,9.229534000041895,0.040064998756861314,11.259418999543414,20.626277666451642
0,149,29294.661675549665,29294.661749198,29294.661768921,29294.670971232,29294.671012103,29294.682247937,0.07364833436440676,0.019723000150406733,0.0933713345148135,9.202311000990449,0.0408710002375301,11.235833997488953,20.572387333231745
0,150,29294.695008882998,29294.695079745,29294.69510094,29294.704339751,29294.704377732,29294.715618466,0.07086200275807641,0.021194999135332182,0.0920570018934086,9.238810998795088,0.03798100078711286,11.240734002058161,20.60958300353377
0,151,29294.72834221633,29294.72841369,29294.728432866,29294.737632344,29294.737669937,29294.748958985,0.07147367068682797,0.01917599729495123,0.0906496679817792,9.19947800139198,0.03759299943340011,11.289048001344781,20.61676867015194
0,152,29294.761675549664,29294.761746764,29294.761766033,29294.770947159,29294.770983983,29294.782357421,0.07121433736756444,0.019268998585175723,0.09048333595274016,9.181125999020878,0.036823999835178256,11.373438002920011,20.681871337728808
0,153,29294.795008882997,29294.795080866,29294.795101329,29294.804347474,29294.804385437,29294.816010545,0.07198300227173604,0.02046300141955726,0.0924460036912933,9.246145000361139,0.03796300006797537,11.625107999861939,21.001662003982347
0,154,29294.828342216333,29294.828417848,29294.828439042,29294.837699428,29294.837740605,29294.849368629,0.07563166582258418,0.02119400232913904,0.09682566815172322,9.260385999368737,0.041176997910952196,11.62802399994689,21.026412665378302
0,155,29294.861675549666,29294.861747339,29294.861769441,29294.870989632,29294.87102992,29294.882634629,0.07178933446994051,0.022101998183643445,0.09389133265358396,9.220191001077183,0.04028799958177842,11.604709001403535,20.95907933471608
0,156,29294.895008883,29294.895081357,29294.895102654,29294.904337938,29294.904376522,29294.916011852,0.07247400208143517,0.02129700078512542,0.0937710028665606,9.235283996531507,0.03858400305034593,11.635329999990063,21.002969002438476
0,157,29294.92834221633,29294.928418071,29294.928441617,29294.937701003,29294.9377413,29294.959763223,0.07585466664750129,0.023546002921648324,0.09940066956914961,9.2593859990302,0.04029699994134717,22.02192299955641,31.421006668097107
0,158,29294.961675549665,29294.961756256,29294.961781016,29294.971012298,29294.971054049,29294.982696111,0.08070633703027852,0.024760000087553635,0.10546633711783215,9.231281997926999,0.04175100184511393,11.642061999737052,21.020561336626997
0,159,29294.995008882997,29294.995086653,29294.995108625,29295.004406039,29295.004444808,29295.016113481,0.07777000428177416,0.02197199864895083,0.099742002930725,9.297413998865522,0.038769001548644155,11.668672999803675,21.104598003148567
0,160,29295.02834221633,29295.028414782,29295.028434152,29295.037643833,29295.037682834,29295.049310524,0.07256566823343746,0.01936999979079701,0.09193566802423447,9.209681000356795,0.03900100273313001,11.627689997112611,20.96830766822677
0,161,29295.061675549663,29295.061749224,29295.061767688,29295.07098011,29295.071021749,29295.082797831,0.07367433863691986,0.01846399754867889,0.09213833618559875,9.21242199910921,0.04163900302955881,11.7760819994146,21.12228133773897
0,162,29295.095008883,29295.095081687,29295.095100733,29295.104340637,29295.10438035,29295.11638599,0.07280399950104766,0.019046001398237422,0.09185000089928508,9.239904000423849,0.03971299884142354,12.005640001007123,21.37710700117168
0,163,29295.128342216332,29295.128415343,29295.128433695,29295.1376512,29295.137689192,29295.149734081,0.07312666639336385,0.01835200237110257,0.09147866876446642,9.217504997650394,0.03799200203502551,12.044888997479575,21.39186466592946
0,164,29295.161675549665,29295.161746193,29295.16176573,29295.170968346,29295.171024384,29295.18325435,0.07064333476591855,0.019537001207936555,0.09018033597385511,9.202615998219699,0.056037999456748366,12.22996599972248,21.578800333372783
0,165,29295.195008882998,29295.195080654,29295.195100238,29295.204339697,29295.204376152,29295.217171885,0.07177100269473158,0.019584000256145373,0.09135500295087695,9.239458999218186,0.036454999644774944,12.795733000530163,22.163002002344
0,166,29295.22834221633,29295.228415071,29295.22843322,29295.23762679,29295.237664365,29295.249889831,0.07285466926987283,0.018148999515688047,0.09100366878556088,9.193570000206819,0.03757499871426262,12.225466001837049,21.54761466954369
0,167,29295.261675549664,29295.261747793,29295.261766191,29295.270973539,29295.271008707,29295.28320696,0.07224333603517152,0.01839800097513944,0.09064133701031096,9.207348000927595,0.03516799915814772,12.198252999951364,21.53141033704742
0,168,29295.295008882997,29295.295079109,29295.295098053,29295.304339327,29295.304376152,29295.316610739,0.07022600402706303,0.018943999748444185,0.08917000377550721,9.24127400139696,0.0368249966413714,12.234587000421016,21.601856002234854
0,169,29295.328342216333,29295.328412766,29295.328431775,29295.337625669,29295.337661263,29295.349883201,0.07054966772557236,0.019008999515790492,0.08955866724136285,9.193893998599378,0.035594002838479355,12.221937999129295,21.540984667808516
0,170,29295.361675549666,29295.361747191,29295.361767284,29295.370950882,29295.370987485,29295.383205942,0.07164133421611041,0.020093000784981996,0.0917343350010924,9.18359799834434,0.03660299989860505,12.21845699910773,21.530392332351767
0,171,29295.395008883,29295.395078516,29295.395097849,29295.404335124,29295.404371754,29295.416562655,0.06963300256757066,0.01933299790835008,0.08896600047592074,9.237275000486989,0.03663000097731128,12.190900997666176,21.553771999606397
0,172,29295.42834221633,29295.428412979,29295.428432738,29295.437629976,29295.437667948,29295.449884405,0.07076266774674878,0.019759001588681713,0.09052166933543049,9.197237999615027,0.03797200042754412,12.216456998430658,21.54218866780866
0,173,29295.461675549665,29295.461746478,29295.461765044,29295.470972994,29295.471009244,29295.48318983,0.07092833402566612,0.018566002836450934,0.08949433686211705,9.207949999108678,0.036249999538995326,12.180585999885807,21.514280335395597
0,174,29295.495008882997,29295.495080321,29295.495099164,29295.504315799,29295.504351578,29295.516565285,0.07143800394260325,0.018842998542822897,0.09028100248542614,9.21663500048453,0.03577900133677758,12.213706999318674,21.556402003625408
0,175,29295.52834221633,29295.52841496,29295.528433914,29295.537642475,29295.537679799,29295.549907266,0.07274367089848965,0.01895400055218488,0.09169767145067453,9.208560997649329,0.037324000004446134,12.227466999320313,21.565049668424763
0,176,29295.561675549663,29295.56174809,29295.561768016,29295.570961762,29295.571000327,29295.583236035,0.07254033698700368,0.01992599936784245,0.09246633635484613,9.193746001983527,0.03856499824905768,12.235707999934675,21.560485336522106
0,177,29295.595008883,29295.595079386,29295.595098895,29295.604333272,29295.604371411,29295.614877765,0.07050299973343499,0.01950899968505837,0.09001199941849336,9.234377001121175,0.038138998206704855,10.506354003155138,19.86888200190151
0,178,29295.628342216332,29295.628415312,29295.628434108,29295.637653086,29295.637689688,29295.648218284,0.07309566717594862,0.01879599949461408,0.0918916666705627,9.21897800071747,0.0366019994544331,10.528596001677215,19.87606766851968
0,179,29295.661675549665,29295.661746849,29295.66176596,29295.67094766,29295.670985447,29295.681523885,0.07129933510441333,0.01911100116558373,0.09041033626999706,9.181699999317061,0.03778699829126708,10.538438000367023,19.84833533424535
0,180,29295.695008882998,29295.695080469,29295.695099432,29295.7042899,29295.704328985,29295.714872061,0.07158600055845454,0.018963000911753625,0.09054900147020817,9.190468001179397,0.03908500002580695,10.543075997702545,19.863178000377957
0,181,29295.72834221633,29295.72841431,29295.728432385,29295.737637066,29295.737674242,29295.748181226,0.07209366958704777,0.018074999388772994,0.09016866897582076,9.204680998664116,0.03717599975061603,10.506984002859099,19.839009670249652
0,182,29295.761675549664,29295.761747393,29295.761765847,29295.770964537,29295.771001769,29295.781510196,0.07184333662735298,0.018454000382917002,0.09029733701026998,9.19869000063045,0.03723199915839359,10.508426999876974,19.834646336676087
0,183,29295.795008882997,29295.795082021,29295.795101974,29295.804339193,29295.804390704,29295.81488652,0.07313800233532675,0.019953000446548685,0.09309100278187543,9.237219001079211,0.05151100049261004,10.495815997273894,19.87763700162759
0,184,29295.828342216333,29295.828413519,29295.828433122,29295.837633118,29295.837671164,29295.848179453,0.07130266749300063,0.019602997781476006,0.09090566527447663,9.199996002280386,0.03804600055445917,10.508289000426885,19.837236668536207
0,185,29295.861675549666,29295.861748139,29295.861767037,29295.870987051,29295.871021978,29295.881618639,0.0725893332855776,0.018898001144407317,0.09148733442998491,9.220013998856302,0.03492700125207193,10.596660998999141,19.9430893335375
0,186,29295.895008883,29295.895079979,29295.895098999,29295.904324976,29295.904362402,29295.915151889,0.07109600119292736,0.019020000763703138,0.0901160019566305,9.22597699900507,0.03742600165423937,10.78948699796456,20.1430060005805
0,187,29295.92834221633,29295.928414858,29295.928442405,29295.937657669,29295.937873468,29295.9562052,0.07264166924869642,0.027546997444005683,0.1001886666927021,9.215264002705226,0.2157989983970765,18.33173200066085,27.862983668455854
0,188,29295.961675549665,29295.961748579,29295.961768792,29295.970931316,29295.970973104,29295.982029982,0.07302933590835892,0.020212999515933916,0.09324233542429283,9.162523998384131,0.041788000089582056,11.056878000090364,20.35443233398837
0,189,29295.995008882997,29295.995082023,29295.99510082,29296.004340548,29296.004378688,29296.015372575,0.07314000322367065,0.01879699993878603,0.09193700316245668,9.23972799864714,0.03814000228885561,10.993886997312075,20.363692001410527
0,190,29296.02834221633,29296.028412727,29296.02843232,29296.037618881,29296.037658391,29296.048656455,0.07051066859276034,0.019593000615714118,0.09010366920847446,9.186561001115479,0.039509999623987824,10.998064000887098,20.31423867083504
0,191,29296.061675549663,29296.061747255,29296.061765857,29296.070949825,29296.070986687,29296.081981028,0.07170533717726357,0.018602000636747107,0.09030733781401068,9.183967998978915,0.03686199852381833,10.994341002515284,20.305478337832028
0,192,29296.095008883,29296.095080357,29296.095098617,29296.104387595,29296.104426882,29296.115430279,0.07147400174289942,0.018259997887071222,0.08973399962997064,9.2889780025871,0.039286998799070716,11.003396997693926,20.421395998710068
0,193,29296.128342216332,29296.128415274,29296.128433366,29296.137668391,29296.137705808,29296.14868763,0.07305766848730855,0.018091999663738534,0.09114966815104708,9.235024997906294,0.037417001294670627,10.981822000758257,20.345413668110268
0,194,29296.161675549665,29296.161750625,29296.16176931,29296.171073466,29296.171113503,29296.180719356,0.0750753351894673,0.018685001123230904,0.0937603363126982,9.304155999416253,0.04003699723398313,9.605853003449738,19.043806336412672
0,195,29296.195008882998,29296.195083171,29296.195102921,29296.20433064,29296.204372595,29296.213972641,0.0742880001780577,0.019750001229112968,0.09403800140717067,9.2277190015011,0.041954997868742794,9.600045999832219,18.963758000609232
0,196,29296.22834221633,29296.228416041,29296.228434959,29296.237679029,29296.237719576,29296.247280067,0.0738246708351653,0.0189179991139099,0.09274266994907521,9.24406999911298,0.0405469982069917,9.560491002048366,18.937850669317413
0,197,29296.261675549664,29296.261748319,29296.261767903,29296.271082215,29296.271122169,29296.28068453,0.07276933683897369,0.019584000256145373,0.09235333709511906,9.314311999332858,0.03995400038547814,9.562360999552766,19.00898033636622
0,198,29296.295008882997,29296.295080188,29296.295099476,29296.304301871,29296.30434438,29296.313992141,0.07130500307539478,0.019287999748485163,0.09059300282387994,9.202395001921104,0.04250900019542314,9.647760998632293,18.9832580035727
0,199,29296.328342216333,29296.328413401,29296.328433439,29296.337630842,29296.337671536,29296.347307501,0.0711846660124138,0.020038001821376383,0.09122266783379018,9.197403000143822,0.04069399801664986,9.63596500150743,18.96528466750169
0,200,29296.361675549666,29296.361747446,29296.361766484,29296.370994331,29296.371032813,29296.380681092,0.0718963347026147,0.01903799784486182,0.09093433254747652,9.227847000147449,0.03848200140055269,9.648278999520699,19.005542333616177
0,201,29296.395008883,29296.395082213,29296.395101611,29296.404287014,29296.40432732,29296.414048823,0.07333000030484982,0.019398001313675195,0.09272800161852501,9.185402999719372,0.04030600030091591,9.721503000037046,19.03994000167586
0,202,29296.42834221633,29296.428414387,29296.428433415,29296.437692143,29296.437732301,29296.447359413,0.07217066740849987,0.019028000679099932,0.0911986680875998,9.258728001441341,0.04015800004708581,9.627111998270266,19.017196667846292
0,203,29296.461675549665,29296.461747913,29296.461766376,29296.471025632,29296.471077679,29296.480810115,0.07236333476612344,0.018463000742485747,0.09082633550860919,9.259255999495508,0.052047002100152895,9.73243599946727,19.13456533657154
0,204,29296.495008882997,29296.495080447,29296.495099892,29296.504317378,29296.504356462,29296.514222826,0.07156400170060806,0.019445000361884013,0.09100900206249207,9.217486000125064,0.039083999581635,9.866364001936745,19.213943003705936
0,205,29296.52834221633,29296.528412722,29296.52843138,29296.53769169,29296.537730663,29296.547578193,0.0705056700098794,0.01865800004452467,0.08916367005440407,9.260309998353478,0.03897300121025182,9.847530000115512,19.235976669733645
0,206,29296.561675549663,29296.561748876,29296.561767756,29296.570981641,29296.571024604,29296.580885709,0.07332633686019108,0.018880000425269827,0.0922063372854609,9.213885001372546,0.042962998122675344,9.861105001618853,19.210159338399535
0,207,29296.595008883,29296.595080326,29296.595099003,29296.604376444,29296.604417518,29296.614318494,0.07144299888750538,0.01867700120783411,0.09012000009533949,9.277441000449471,0.041073999454965815,9.900976001517847,19.309611001517624
0,208,29296.628342216332,29296.628413176,29296.628432556,29296.637708663,29296.637747293,29296.647721714,0.0709596679371316,0.019380000594537705,0.0903396685316693,9.276106997276656,0.038630001654382795,9.974421001970768,19.379497669433476
0,209,29296.661675549665,29296.661746951,29296.661765719,29296.670977742,29296.671017854,29296.680992044,0.07140133311622776,0.018768001609714702,0.09016933472594246,9.212023000145564,0.04011200144304894,9.974189997592475,19.31649433390703
0,210,29296.695008882998,29296.695081651,29296.695101031,29296.704433621,29296.704476797,29296.714464136,0.07276800170075148,0.019380000594537705,0.09214800229528919,9.332589997939067,0.043176001781830564,9.987338999053463,19.45525300106965
0,211,29296.72834221633,29296.728419732,29296.728440853,29296.737726803,29296.737768517,29296.747880403,0.07751566954539157,0.02112099900841713,0.0986366685538087,9.285950000048615,0.041713999962667,10.111886000231607,19.538186668796698
0,212,29296.761675549664,29296.761748638,29296.761769638,29296.771010292,29296.77105382,29296.781159419,0.07308833664865233,0.02099999983329326,0.09408833648194559,9.240653998858761,0.04352800169726834,10.1055989980523,19.483869335090276
0,213,29296.795008882997,29296.795082775,29296.795103192,29296.804357124,29296.804399013,29296.814523066,0.07389200254692696,0.020416999177541584,0.09430900172446854,9.253932003048249,0.041888997657224536,10.124053002073197,19.51418300450314
0,214,29296.828342216333,29296.828414783,29296.828433033,29296.837672974,29296.837713457,29296.847913038,0.07256666867760941,0.018249997083330527,0.09081666576093994,9.239941002306296,0.040482998883817345,10.199581000051694,19.570821667002747
0,215,29296.861675549666,29296.861747458,29296.861766182,29296.870991066,29296.871033503,29296.881294446,0.07190833275672048,0.018724000256042928,0.09063233301276341,9.224884001014289,0.04243700095685199,10.26094299959368,19.618896334577585
0,216,29296.895008883,29296.895080524,29296.8951002,29296.904304251,29296.90434651,29296.91467026,0.07164099952206016,0.019676001102197915,0.09131700062425807,9.204050998960156,0.042259001929778606,10.323750000679865,19.661377002194058
0,217,29296.92834221633,29296.928415255,29296.928433634,29296.93765588,29296.937696547,29296.95201989,0.0730386673239991,0.01837899981183,0.0914176671358291,9.22224600071786,0.04066700057592243,14.32334299897775,23.677673667407362
0,218,29296.961675549665,29296.961745153,29296.961763829,29296.970988593,29296.971027066,29296.981295898,0.06960333485039882,0.01867600076366216,0.08827933561406098,9.224763998645358,0.038473001040983945,10.268832000292605,19.620348335593008
0,219,29296.995008882997,29296.995079041,29296.995098023,29297.004422409,29297.0044634,29297.014737974,0.07015800292720087,0.018981998437084258,0.08914000136428513,9.32438600284513,0.04099099896848202,10.2745740005048,19.729091003682697
0,220,29297.02834221633,29297.028412263,29297.028431865,29297.037691223,29297.037730334,29297.047967453,0.07004666986176744,0.019602000975282863,0.0896486708370503,9.259357997507323,0.03911100066034123,10.237119000521488,19.625236669526203
0,221,29297.061675549663,29297.061746096,29297.061764809,29297.071007935,29297.071048158,29297.081508947,0.07054633533698507,0.01871300264610909,0.08925933798309416,9.243125998182222,0.040222999814432114,10.46078900253633,19.83339733851608
0,222,29297.095008883,29297.095078382,29297.09509691,29297.104294833,29297.104348093,29297.114806215,0.06949900125619024,0.018528000509832054,0.0880270017660223,9.197922998282593,0.053259998821886256,10.458122000272851,19.797331999143353
0,223,29297.128342216332,29297.128413984,29297.128434957,29297.13767587,29297.137715482,29297.148228808,0.07176766666816548,0.02097300239256583,0.0927406690607313,9.240912997483974,0.03961200127378106,10.513326000364032,19.88659166818252
0,224,29297.161675549665,29297.161748076,29297.161767659,29297.171134066,29297.171174409,29297.181726634,0.07252633440657519,0.019582999811973423,0.09210933421854861,9.366407000925392,0.040342998545384035,10.552225001447368,20.051084335136693
0,225,29297.195008882998,29297.195080317,29297.195099659,29297.204340452,29297.204385693,29297.214926585,0.07143400216591544,0.019341998267918825,0.09077600043383427,9.240793002391001,0.045240998588269576,10.540891998971347,19.917702000384452
0,226,29297.22834221633,29297.228414048,29297.228432983,29297.237679239,29297.237719091,29297.248360011,0.07183166962931864,0.01893499938887544,0.09076666901819408,9.246255998732522,0.03985200237366371,10.640919997968012,20.017794668092392
0,227,29297.261675549664,29297.261746881,29297.261765936,29297.271019202,29297.271059461,29297.281913263,0.07133133476600051,0.019055001757806167,0.09038633652380668,9.253265998268034,0.040259001252707094,10.853801999473944,20.237713335518492
0,228,29297.295008882997,29297.295079435,29297.295097519,29297.304352358,29297.304393488,29297.315480506,0.07055200330796652,0.01808399974834174,0.08863600305630825,9.25483900209656,0.04112999886274338,11.087017999670934,20.471623003686545
0,229,29297.328342216333,29297.328412675,29297.328431176,29297.337737164,29297.337776988,29297.349107926,0.07045866732369177,0.01850099943112582,0.08895966675481759,9.305988001869991,0.03982399721280672,11.330937999446178,20.765709665283794
0,230,29297.361675549666,29297.361746277,29297.361764314,29297.370977922,29297.371017996,29297.382479102,0.0707273356965743,0.018036997062154114,0.08876433275872841,9.213608002028195,0.04007399911643006,11.461106001661392,20.803552335564746
0,231,29297.395008883,29297.39507936,29297.395098378,29297.404334542,29297.404374532,29297.416018982,0.07047700273687951,0.019017999875359237,0.08949500261223875,9.23616399813909,0.03999000182375312,11.644449998129858,21.01009900070494
0,232,29297.42834221633,29297.428412118,29297.428431304,29297.43764417,29297.437685365,29297.449384733,0.06990166730247438,0.019186001736670732,0.08908766903914511,9.2128659998707,0.041194998630089685,11.699368002155097,21.042516669695033
0,233,29297.461675549665,29297.461746099,29297.46176584,29297.471020365,29297.471061384,29297.482825511,0.07054933666950092,0.019740997231565416,0.09029033390106633,9.254525000869762,0.0410190004913602,11.764127000787994,21.149961336050183
0,234,29297.495008882997,29297.495079858,29297.495099349,29297.504362633,29297.504404226,29297.516470441,0.07097500201780349,0.01949099896592088,0.09046600098372437,9.26328400237253,0.04159300078754313,12.06621500023175,21.461558004375547
0,235,29297.52834221633,29297.528414014,29297.528433163,29297.537706225,29297.537747735,29297.55000548,0.07179766907938756,0.019148999854223803,0.09094666893361136,9.273062001739163,0.041510000301059335,12.257744998350972,21.663263669324806
0,236,29297.561675549663,29297.561747301,29297.561766588,29297.571061169,29297.571102447,29297.583372822,0.07175133578130044,0.01928700294229202,0.09103833872359246,9.294580999267055,0.04127799911657348,12.270374998479383,21.697272335586604
0,237,29297.595008883,29297.595081634,29297.59510069,29297.604396817,29297.60443916,29297.616750377,0.07275100142578594,0.01905599856399931,0.09180699998978525,9.296127002016874,0.042342999222455546,12.311217000387842,21.741494001616957
0,238,29297.628342216332,29297.628415421,29297.62843356,29297.637694658,29297.637735149,29297.649989848,0.0732046682969667,0.01813899871194735,0.09134366700891405,9.261097999115009,0.04049100243719295,12.254698998731328,21.647631667292444
0,239,29297.661675549665,29297.661746957,29297.661765763,29297.671025075,29297.671067677,29297.68331519,0.07140733578125946,0.018806000298354775,0.09021333607961424,9.259311998903286,0.042602001485647634,12.247512997419108,21.639640333887655
0,240,29297.695008882998,29297.695081596,29297.695100364,29297.704374139,29297.704412,29297.716686486,0.07271300273714587,0.018767997971735895,0.09148100070888177,9.273775001929607,0.037860998418182135,12.274486001842888,21.67760300289956
0,241,29297.72834221633,29297.728414327,29297.728432957,29297.737714157,29297.737752722,29297.749997458,0.07211066986201331,0.018629998521646485,0.0907406683836598,9.28120000025956,0.03856500188703649,12.244735997228418,21.655241667758673
0,242,29297.761675549664,29297.761746687,29297.761765492,29297.771007545,29297.771057685,29297.78334104,0.07113733590813354,0.018804999854182824,0.08994233576231636,9.242053001798922,0.05013999907532707,12.283355001272867,21.665490337909432
0,243,29297.795008882997,29297.795082427,29297.795101242,29297.804318896,29297.804364998,29297.816600836,0.07354400440817699,0.01881500065792352,0.09235900506610051,9.217653998348396,0.04610199903254397,12.235837999469368,21.59195300191641
0,244,29297.828342216333,29297.828412871,29297.828432056,29297.837686423,29297.837727581,29297.848261602,0.07065466706990264,0.019185001292498782,0.08983966836240143,9.254366999812191,0.04115800038562156,10.534020999330096,19.91938566789031
0,245,29297.861675549666,29297.861747286,29297.861765666,29297.870997374,29297.871037496,29297.880303835,0.0717363327567,0.01838000025600195,0.09011633301270194,9.23170800160733,0.04012199860881083,9.266339002351742,18.628285335580586
0,246,29297.895008883,29297.895079701,29297.895100201,29297.90435866,29297.904400772,29297.91368199,0.07081800140440464,0.02049999966402538,0.09131800106843002,9.258458998374408,0.04211200212012045,9.281218000978697,18.673107002541656
0,247,29297.92834221633,29297.928414569,29297.92843394,29297.937732446,29297.9377799,29297.947289149,0.07235266821226105,0.01937100023496896,0.09172366844723001,9.29850600005011,0.0474539992865175,9.50924900098471,18.946932668768568
0,248,29297.961675549665,29297.961746252,29297.961765586,29297.970983832,29297.97103073,29297.980414756,0.07070233550621197,0.01933399835252203,0.090036333858734,9.218246003001695,0.04689799970947206,9.38402599786059,18.73920633443049
0,249,29297.995008882997,29297.995080778,29297.99510013,29298.004345274,29298.004399821,29298.0138492,0.0718950032023713,0.01935199907165952,0.09124700227403082,9.245143999578431,0.05454699930851348,9.44937900203513,18.840317003196105
0,250,29298.02834221633,29298.028413924,29298.028431758,29298.037647688,29298.037691884,29298.047017779,0.07170766912167892,0.017834001482697204,0.08954167060437612,9.215930000209482,0.0441960000898689,9.325895000074524,18.675562670978252
0,251,29298.061675549663,29298.061746598,29298.061767626,29298.071040123,29298.071086031,29298.080640448,0.07104833639459684,0.021028001356171444,0.09207633775076829,9.27249699816457,0.045908000174677,9.554416999890236,18.96489833598025
0,252,29298.095008883,29298.095080792,29298.095101283,29298.104345473,29298.104390113,29298.113961798,0.07190900214482099,0.020490999304456636,0.09240000144927762,9.244189997843932,0.04464000085135922,9.571685000992147,18.952915001136716
0,253,29298.128342216332,29298.128413477,29298.128432652,29298.137656991,29298.137693667,29298.147305872,0.07126066702767275,0.019175000488758087,0.09043566751643084,9.224338999047177,0.03667599958134815,9.612205001758412,18.963655667903367
0,254,29298.161675549665,29298.161748623,29298.161768485,29298.170992268,29298.171034204,29298.180542259,0.07307333362405188,0.019862000044668093,0.09293533366871998,9.223782999470131,0.04193600034341216,9.508055001788307,18.86670933527057
0,255,29298.195008882998,29298.195083753,29298.195102697,29298.204348026,29298.204402777,29298.214065991,0.07487000038963743,0.018943999748444185,0.09381400013808161,9.245329001714708,0.054750998970121145,9.66321400119341,19.05710800201632
0,256,29298.22834221633,29298.228414686,29298.228435919,29298.237637526,29298.237681563,29298.247230276,0.07246966924867593,0.021233001461951062,0.09370267071062699,9.201606997521594,0.04403700222610496,9.548712998366682,18.888059668825008
0,257,29298.261675549664,29298.261746871,29298.261766538,29298.2709981,29298.27104009,29298.28064473,0.07132133760023862,0.019666997104650363,0.09098833470488898,9.231562002241844,0.04198999886284582,9.604639999452047,18.969180335261626
0,258,29298.295008882997,29298.295081065,29298.295101686,29298.304321756,29298.304362561,29298.313929775,0.07218200335046276,0.02062099883914925,0.09280300218961202,9.220070001902059,0.04080500002601184,9.567213997797808,18.92089200191549
0,259,29298.328342216333,29298.328414082,29298.328433416,29298.337649504,29298.337685728,29298.347282367,0.07186566654127091,0.019334001990500838,0.09119966853177175,9.216087997629074,0.03622400254243985,9.596638999937568,18.940150668640854
0,260,29298.361675549666,29298.361748119,29298.3617686,29298.371039598,29298.371083718,29298.380609283,0.07256933531607501,0.02048099850071594,0.09305033381679095,9.270998001738917,0.04411999907460995,9.525564997602487,18.933733332232805
0,261,29298.395008883,29298.395079701,29298.395099062,29298.404323124,29298.404380254,29298.414043487,0.07081800140440464,0.019360999431228265,0.0901790008356329,9.224061999702826,0.057130000641336665,9.66323299871874,19.034603999898536
0,262,29298.42834221633,29298.428415043,29298.42843308,29298.437637835,29298.437679994,29298.447338393,0.07282666774699464,0.01803700070013292,0.09086366844712757,9.204754998791032,0.04215900116832927,9.658399001637008,18.996176670043496
0,263,29298.461675549665,29298.46174706,29298.461765635,29298.470986871,29298.471025066,29298.480731762,0.07151033423724584,0.018574999558040872,0.09008533379528672,9.221236003213562,0.03819499761448242,9.706696000648662,19.056212335271994
0,264,29298.495008882997,29298.495082419,29298.495102827,29298.504307656,29298.504355721,29298.514038296,0.07353600085480139,0.020408002455951646,0.09394400331075303,9.204828998917947,0.04806500146514736,9.682575000624638,19.029413004318485
0,265,29298.52834221633,29298.528415705,29298.528435547,29298.537660034,29298.537697136,29298.547390563,0.07348867075052112,0.019841998437186703,0.09333066918770783,9.224486999301007,0.037101999623700976,9.693427000456722,19.04834666856914
0,266,29298.561675549663,29298.561747526,29298.561765785,29298.570969614,29298.571009791,29298.58065519,0.07197633749456145,0.01825900108087808,0.09023533857543953,9.20382899857941,0.04017700121039525,9.645398997236043,18.97964033560129
0,267,29298.595008883,29298.595080811,29298.595099626,29298.60433727,29298.604380086,29298.614151272,0.07192799967015162,0.01881500065792352,0.09074300032807514,9.237644000677392,0.04281599831301719,9.771185999852605,19.14238899917109
0,268,29298.628342216332,29298.628413873,29298.628432864,29298.637671259,29298.637712657,29298.647406297,0.0716566682967823,0.018990998796653003,0.0906476670934353,9.238394999556476,0.04139800148550421,9.693640000477899,19.064080668613315
0,269,29298.661675549665,29298.66174852,29298.66176739,29298.6710007,29298.671037933,29298.680924455,0.0729703351680655,0.018869999621529132,0.09184033478959464,9.233310000126949,0.03723299960256554,9.886521998851094,19.248905333370203
0,270,29298.695008882998,29298.695083407,29298.695103277,29298.704300051,29298.704343838,29298.714221684,0.07452400313923135,0.019869999960064888,0.09439400309929624,9.196773997246055,0.04378700032248162,9.87784600147279,19.212801002140623
0,271,29298.72834221633,29298.728414711,29298.728432572,29298.737664939,29298.737711958,29298.747696564,0.07249466943903826,0.01786099892342463,0.0903556683624629,9.232366999640362,0.04701900252257474,9.984606000216445,19.354347670741845
0,272,29298.761675549664,29298.761748349,29298.761766219,29298.770998975,29298.771041994,29298.780891025,0.07279933561221696,0.017869999282993376,0.09066933489521034,9.232756001438247,0.043019001168431714,9.849030997429509,19.215475334931398
0,273,29298.795008882997,29298.795081829,29298.795100829,29298.804348669,29298.804392659,29298.814428212,0.07294600436580367,0.018999999156221747,0.09194600352202542,9.247840000170982,0.043989999539917335,10.035553001216613,19.419329004449537
0,274,29298.828342216333,29298.828416236,29298.828435458,29298.837658677,29298.837703141,29298.847732822,0.07401966649922542,0.019221999536966905,0.09324166603619233,9.22321899997769,0.04446399907465093,10.029681001469726,19.39060566655826
0,275,29298.861675549666,29298.861745772,29298.861765615,29298.871033815,29298.871071399,29298.881173081,0.07022233330644667,0.01984300251933746,0.09006533582578413,9.268199999496574,0.037583999073831365,10.10168200082262,19.49753133521881
0,276,29298.895008883,29298.895080281,29298.89510079,29298.904322241,29298.904367241,29298.914397173,0.07139800072764046,0.020509000023594126,0.09190700075123459,9.221451000485104,0.045000000682193786,10.029932000179542,19.388290002098074
0,277,29298.92834221633,29298.928415641,29298.928434854,29298.93767235,29298.937726333,29298.948182834,0.07342466778936796,0.01921299917739816,0.09263766696676612,9.237496000423562,0.05398299981607124,10.456501000589924,19.840617667796323
0,278,29298.961675549665,29298.961755483,29298.961778419,29298.97105172,29298.971100212,29298.981300646,0.07993333565536886,0.022936001187190413,0.10286933684255928,9.273300998756895,0.04849199831369333,10.200434000580572,19.62509633449372
0,279,29298.995008882997,29298.995085603,29298.995104538,29299.004328219,29299.00437985,29299.014640793,0.07672000356251374,0.01893499938887544,0.09565500295138918,9.223681001458317,0.05163099922356196,10.26094299959368,19.63191000322695
0,280,29299.02834221633,29299.028414564,29299.028434064,29299.037646589,29299.037687691,29299.047843272,0.0723476696293801,0.019499999325489625,0.09184766895486973,9.212525001203176,0.041102000977844,10.155580999708036,19.501055670843925
0,281,29299.061675549663,29299.061747703,29299.061765703,29299.070980189,29299.071034246,29299.081299161,0.07215333607746288,0.0180000024556648,0.09015333853312768,9.214485999109456,0.054056999942986295,10.264914999424946,19.623611337010516
0,282,29299.095008883,29299.095082461,29299.095102082,29299.104330143,29299.104372569,29299.114811274,0.07357800132012926,0.019620998500613496,0.09319899982074276,9.228061000612797,0.042425999708939344,10.438705001433846,19.802391001576325
0,283,29299.128342216332,29299.128413942,29299.128432803,29299.13768129,29299.137720235,29299.148312941,0.0717256662028376,0.018861002899939194,0.0905866691027768,9.248487000149908,0.03894499968737364,10.592705999442842,19.9707246683829
0,284,29299.161675549665,29299.161747394,29299.161766108,29299.171047095,29299.171091327,29299.181628005,0.07184433343354613,0.01871400309028104,0.09055833652382717,9.280986996600404,0.04423200152814388,10.536678000789834,19.95245533544221
0,285,29299.195008882998,29299.195080931,29299.195099005,29299.204330797,29299.204377224,29299.215051977,0.07204800203908235,0.018073998944601044,0.09012200098368339,9.231792002537986,0.04642699786927551,10.674753000785131,20.043094002176076
0,286,29299.22834221633,29299.228412706,29299.228430632,29299.237681416,29299.237721036,29299.248288677,0.0704896701790858,0.01792599869077094,0.08841566886985675,9.250784001778811,0.03961999755119905,10.567641002126038,19.946460670325905
0,287,29299.261675549664,29299.261747222,29299.261778186,29299.271089108,29299.271127562,29299.281785741,0.07167233707150444,0.03096399814239703,0.10263633521390148,9.310921999713173,0.038453999877674505,10.658179002348334,20.110191337153083
0,288,29299.295008882997,29299.295082424,29299.295102072,29299.304342327,29299.304388476,29299.314945199,0.07354100307566114,0.01964799957931973,0.09318900265498087,9.240254999895114,0.0461490017187316,10.556722998444457,19.936316002713284
0,289,29299.328342216333,29299.328415245,29299.328434893,29299.33768638,29299.33772376,29299.348352763,0.07302866652025841,0.01964799957931973,0.09267666609957814,9.251487001165515,0.0373799994122237,10.629003001668025,20.01054666834534
0,290,29299.361675549666,29299.361747094,29299.361766262,29299.370988341,29299.371030313,29299.381643139,0.07154433478717692,0.019168001017533243,0.09071233580471016,9.22207899930072,0.04197199814370833,10.61282600130653,19.96758933455567
0,291,29299.395008883,29299.395082175,29299.395101564,29299.404354681,29299.404408635,29299.415363799,0.07329200161620975,0.01938900095410645,0.0926810025703162,9.253116997570032,0.053954001486999914,10.955163998005446,20.354915999632794
0,292,29299.42834221633,29299.428415404,29299.42843521,29299.437656983,29299.437697003,29299.448698677,0.07318766802200116,0.01980600063689053,0.09299366865889169,9.22177299798932,0.0400200005969964,11.001673999999184,20.35646066724439
0,293,29299.461675549665,29299.461748356,29299.461768615,29299.470989157,29299.471027279,29299.482127454,0.07280633508344181,0.02025900175794959,0.0930653368413914,9.22054199691047,0.03812200156971812,11.100175001047319,20.451904336368898
0,294,29299.495008882997,29299.495081169,29299.495101364,29299.504347703,29299.504390741,29299.515436286,0.0722860022506211,0.020194998796796426,0.09248100104741752,9.246339002856985,0.04303799869376235,11.045545001252322,20.427403003850486
0,295,29299.52834221633,29299.528412761,29299.528431122,29299.537686008,29299.537728536,29299.54880935,0.07054466914269142,0.01836099909269251,0.08890566823538393,9.254886001144769,0.04252800135873258,11.080813997978112,20.467133668716997
0,296,29299.561675549663,29299.561748889,29299.561768075,29299.571047766,29299.571088786,29299.582077533,0.07333933535846882,0.019186001736670732,0.09252533709513955,9.279690999392187,0.04102000093553215,10.988746998918941,20.4019833363418
0,297,29299.595008883,29299.595080314,29299.595099259,29299.604345876,29299.604598777,29299.615984381,0.0714310008333996,0.018945000192616135,0.09037600102601573,9.246616999007529,0.2529010016587563,11.385603997041471,20.975497998733772
0,298,29299.628342216332,29299.628413851,29299.62843324,29299.637700829,29299.637746144,29299.648836477,0.07163466580095701,0.01938900095410645,0.09102366675506346,9.267589000955923,0.04531499871518463,11.09033300235751,20.49426066878368
0,299,29299.661675549665,29299.661745896,29299.661764877,29299.671096912,29299.671152699,29299.682578675,0.07034633381408639,0.018981001630891114,0.08932733544497751,9.332034998806193,0.05578700074693188,11.425976001191884,20.903125336189987
0,300,29299.695008882998,29299.69508183,29299.695102766,29299.704336762,29299.704401013,29299.7158267,0.07294700117199682,0.0209360005101189,0.09388300168211572,9.233995999238687,0.06425100218621083,11.425687000155449,20.817817003262462
0,301,29299.72834221633,29299.728412217,29299.728430736,29299.737654742,29299.737695621,29299.749154793,0.07000066761975177,0.01851900015026331,0.08851966777001508,9.224006000295049,0.04087900015292689,11.459172001195839,20.81257666941383
0,302,29299.761675549664,29299.76174667,29299.76176567,29299.770995251,29299.771035593,29299.782433568,0.071120335633168,0.018999999156221747,0.09012033478938974,9.229581002728082,0.040341998101212084,11.397975002182648,20.75801833780133
0,303,29299.795008882997,29299.795080363,29299.795098632,29299.804364268,29299.804408962,29299.815882994,0.07148000440793112,0.018268998246639967,0.08974900265457109,9.26563599932706,0.04469400300877169,11.474031998659484,20.874111003649887
0,304,29299.828342216333,29299.82841326,29299.828431659,29299.837700045,29299.837740434,29299.849128084,0.07104366522980854,0.01839900141931139,0.08944266664911993,9.268385998439044,0.04038900078739971,11.387649999960558,20.785867665836122
0,305,29299.861675549666,29299.861748369,29299.861778138,29299.871014782,29299.871054801,29299.882593102,0.07281933358171955,0.02976900213980116,0.10258833572152071,9.236643996700877,0.04001900015282445,11.538301001564832,20.917552334140055
0,306,29299.895008883,29299.895092191,29299.89511221,29299.904354789,29299.904395613,29299.916129648,0.08330800119438209,0.020019000658066943,0.10332700185244903,9.242578998964746,0.04082400118932128,11.734035000699805,21.12076500270632
0,307,29299.92834221633,29299.928414994,29299.928433763,29299.93768124,29299.937763084,29299.952108991,0.07277766781044193,0.018769002053886652,0.09154666986432858,9.247476999007631,0.08184399848687463,14.34590700228,23.766774669638835
0,308,29299.961675549665,29299.961747816,29299.961767177,29299.971009256,29299.971050553,29299.983028553,0.07226633533718996,0.019360999431228265,0.09162733476841822,9.242079002433456,0.041296996641904116,11.978000002272893,21.35300333611667
0,309,29299.995008882997,29299.995080915,29299.995099711,29300.004336884,29300.00438456,29300.016662517,0.07203200220828876,0.01879599949461408,0.09082800170290284,9.237173002475174,0.04767599966726266,12.277956997422734,21.653634001268074
0,310,29300.02834221633,29300.028412543,29300.028431385,29300.037664131,29300.037704409,29300.049875504,0.07032667053863406,0.018841998098650947,0.08916866863728501,9.232746000634506,0.04027799877803773,12.171095000667265,21.533287668717094
0,311,29300.061675549663,29300.061747744,29300.061765642,29300.071002869,29300.071047851,29300.083218937,0.0721943360986188,0.01789800080587156,0.09009233690449037,9.237227000994608,0.044981999963056296,12.171086000307696,21.54338733816985
0,312,29300.095008883,29300.09508001,29300.095098399,29300.104333553,29300.104375942,29300.116514334,0.07112700041034259,0.018389000615570694,0.08951600102591328,9.235154000634793,0.042388997826492414,12.138392001361353,21.505451000848552
0,313,29300.128342216332,29300.128415037,29300.128433621,29300.137713285,29300.137759544,29300.149903278,0.07282066871994175,0.018583999917609617,0.09140466863755137,9.279663998313481,0.04625899964594282,12.14373400216573,21.561061668762704
0,314,29300.161675549665,29300.161748044,29300.161766536,29300.17101968,29300.171061487,29300.183149923,0.07249433474498801,0.018491999071557075,0.09098633381654508,9.253144002286717,0.04180699761491269,12.088436000340153,21.474373334058328
0,315,29300.195008882998,29300.195080794,29300.195099692,29300.204342707,29300.204390984,29300.21656584,0.07191100303316489,0.01889799750642851,0.0908090005395934,9.243014999810839,0.048277001042151824,12.174856001365697,21.55695700275828
0,316,29300.22834221633,29300.228414135,29300.228432422,29300.237672928,29300.237712586,29300.249802346,0.07191866825451143,0.018287002603756264,0.0902056708582677,9.240505998604931,0.03965799987781793,12.089759999071248,21.460129668412264
0,317,29300.261675549664,29300.261747087,29300.2617658,29300.271009491,29300.271057575,29300.283187707,0.07153733531595208,0.01871300264610909,0.09025033796206117,9.243690998118836,0.048083998990477994,12.130131999583682,21.512157334655058
0,318,29300.295008882997,29300.295079855,29300.295100392,29300.304343517,29300.304384444,29300.316550465,0.07097200432326645,0.020536997908493504,0.09150900223175995,9.243125001376029,0.04092699964530766,12.16602099884767,21.541582002100768
0,319,29300.328342216333,29300.328413613,29300.328433575,29300.33769436,29300.337736387,29300.349901195,0.07139666558941826,0.01996200080611743,0.09135866639553569,9.260785001970362,0.042026997107313946,12.164808002125937,21.55897866759915
0,320,29300.361675549666,29300.36174637,29300.361765574,29300.371036533,29300.371087914,29300.383222018,0.07082033334881999,0.019204002455808222,0.09002433580462821,9.270958998968126,0.05138100095791742,12.134103999414947,21.54646833514562
0,321,29300.395008883,29300.395079878,29300.395099906,29300.404323208,29300.404371773,29300.416547859,0.07099499998730607,0.020028001017635688,0.09102300100494176,9.223302000464173,0.04856499799643643,12.176086002000375,21.538976001465926
0,322,29300.42834221633,29300.428414719,29300.428433164,29300.437702022,29300.437744874,29300.449882052,0.07250266935443506,0.018445000023348257,0.09094766937778331,9.268858000723412,0.04285199975129217,12.13717799691949,21.539835666771978
0,323,29300.461675549665,29300.461746301,29300.461773163,29300.471020798,29300.471066437,29300.483259413,0.07075133544276468,0.026861998776439577,0.09761333421920426,9.247635000065202,0.045639000745723024,12.192975998914335,21.583863333944464
0,324,29300.495008882997,29300.495087893,29300.495107541,29300.504320046,29300.50436476,29300.516506809,0.07901000208221376,0.01964799957931973,0.09865800166153349,9.212504999595694,0.04471400097827427,12.142048999521649,21.49792600175715
0,325,29300.52834221633,29300.528414604,29300.528432836,29300.537662934,29300.537707083,29300.549880215,0.07238766920636408,0.018232000002171844,0.09061966920853592,9.230097999534337,0.044149001041660085,12.173131999588804,21.537998669373337
0,326,29300.561675549663,29300.561748168,29300.561766964,29300.570994646,29300.571034729,29300.581438073,0.07261833525262773,0.018796003132592887,0.09141433838522062,9.227681999618653,0.040082999475998804,10.403344000224024,19.762523337703897
0,327,29300.595008883,29300.595080879,29300.595099767,29300.604357533,29300.604404662,29300.614887265,0.07199600077001378,0.018888000340666622,0.0908840011106804,9.257765999791445,0.04712900044978596,10.48260300012771,19.878382001479622
0,328,29300.628342216332,29300.628414616,29300.628433802,29300.637650371,29300.637692928,29300.648148688,0.07239966726046987,0.019186001736670732,0.0915856689971406,9.216569000273012,0.04255699968780391,10.455759998876601,19.806471667834558
0,329,29300.661675549665,29300.661748336,29300.661766392,29300.671010129,29300.671056333,29300.681550241,0.07278633347596042,0.01805600186344236,0.09084233533940278,9.243737000360852,0.04620400068233721,10.493907997442875,19.874691333825467
0,330,29300.695008882998,29300.695079824,29300.695100639,29300.704302533,29300.7043467,29300.714817978,0.07094100146787241,0.02081500133499503,0.09175600280286744,9.201893997669686,0.044167001760797575,10.471278001205064,19.809095003438415
0,331,29300.72834221633,29300.728414701,29300.728432692,29300.737643817,29300.737690151,29300.748248134,0.07248466863529757,0.017991002096096054,0.09047567073139362,9.211124997818843,0.046334000217029825,10.557983001490356,19.905917670257622
0,332,29300.761675549664,29300.761750124,29300.761768588,29300.770998306,29300.771052722,29300.781660059,0.07457433457602747,0.018464001186657697,0.09303833576268516,9.229718001734,0.05441599932964891,10.607337000692496,19.98450933751883
0,333,29300.795008882997,29300.795080797,29300.795099752,29300.804343553,29300.80439034,29300.814916778,0.07191400436568074,0.018954997358378023,0.09086900172405876,9.243801003322005,0.04678699770011008,10.526437999942573,19.907895002688747
0,334,29300.828342216333,29300.82841486,29300.828434453,29300.837708004,29300.837750422,29300.848192043,0.07264366649906151,0.019593000615714118,0.09223666711477563,9.273551000660518,0.04241799979354255,10.441620997880818,19.849826665449655
0,335,29300.861675549666,29300.861749479,29300.861768664,29300.871020929,29300.87106518,29300.881591709,0.07392933548544534,0.019184997654519975,0.09311433313996531,9.252265001123305,0.044250999053474516,10.526529000344453,19.9161593336612
0,336,29300.895008883,29300.895081227,29300.89510308,29300.904367326,29300.904410021,29300.915157534,0.07234400254674256,0.02185300036217086,0.09419700290891342,9.264245996746467,0.042695002775872126,10.747512998932507,20.14865100136376
0,337,29300.92834221633,29300.928414949,29300.928434782,29300.937688121,29300.937728464,29300.955001433,0.07273266965057701,0.019832998077617958,0.09256566772819497,9.253339001588756,0.040342998545384035,17.272969002078753,26.659216669941088
0,338,29300.961675549665,29300.96174629,29300.961766225,29300.971015082,29300.971057491,29300.98195733,0.07074033419485204,0.019934999727411196,0.09067533392226323,9.248857000784483,0.042408999433973804,10.89983900237712,20.28178033651784
0,339,29300.995008882997,29300.995080122,29300.995100159,29301.004370247,29301.004423832,29301.015334635,0.07123900286387652,0.020037001377204433,0.09127600424108095,9.270087997720111,0.0535850012965966,10.91080300102476,20.32575200428255
0,340,29301.02834221633,29301.028414667,29301.028432306,29301.03768909,29301.037732275,29301.048581271,0.07245066808536649,0.01763900218065828,0.09008967026602477,9.256784000172047,0.0431849985034205,10.848996000277111,20.239054669218604
0,341,29301.061675549663,29301.061748119,29301.061767656,29301.071059051,29301.071099283,29301.08195439,0.07256933531607501,0.019537001207936555,0.09210633652401157,9.291394999308977,0.04023200017400086,10.855107000679709,20.2788403366867
0,342,29301.095008883,29301.095082358,29301.095102294,29301.104340104,29301.104381605,29301.115247074,0.07347499922616407,0.019936000171583146,0.09341099939774722,9.23781000165036,0.04150099994149059,10.865469001146266,20.238191002135864
0,343,29301.128342216332,29301.128415301,29301.128434885,29301.137657686,29301.137697687,29301.14857611,0.07308466592803597,0.019584000256145373,0.09266866618418135,9.222800999850733,0.040001003071665764,10.878422999667237,20.233893668773817
0,344,29301.161675549665,29301.161747031,29301.16176667,29301.170878082,29301.170918054,29301.181823172,0.07148133590817451,0.019638999219750986,0.0911203351279255,9.111412000493146,0.03997199746663682,10.905118000664515,20.147622333752224
0,345,29301.195008882998,29301.195082724,29301.195105141,29301.204441925,29301.20448736,29301.215518747,0.07384100172203034,0.022416999854613096,0.09625800157664344,9.336784001789056,0.04543499744613655,11.031387002731208,20.509864003543044
0,346,29301.22834221633,29301.228422221,29301.228442823,29301.237786506,29301.237827913,29301.249961628,0.08000466914381832,0.02060200131381862,0.10060667045763694,9.343682999315206,0.04140699820709415,12.133715001255041,21.619411669234978
0,347,29301.261675549664,29301.261748487,29301.261768033,29301.271060132,29301.27110567,29301.282274761,0.07293733506230637,0.0195460015675053,0.09248333662981167,9.292098999139853,0.04553799954010174,11.169091001647757,20.599211336957524
0,348,29301.295008882997,29301.295081919,29301.29510154,29301.304370471,29301.304415462,29301.315481359,0.07303600432351232,0.019620998500613496,0.09265700282412581,9.268931000406155,0.04499100032262504,11.065897000662517,20.472476004215423
0,349,29301.328342216333,29301.328415176,29301.328435037,29301.337702959,29301.337745626,29301.348796133,0.07295966861420311,0.019860999600496143,0.09282066821469925,9.26792199970805,0.042666997615015134,11.050507000618381,20.453916666156147
0,350,29301.361675549666,29301.361747053,29301.36176558,29301.371056197,29301.371097077,29301.382234206,0.071503334766021,0.018527000065660104,0.0900303348316811,9.290616999351187,0.04088000059709884,11.13712900041719,20.558656335197156
0,351,29301.395008883,29301.395083391,29301.395102022,29301.404349286,29301.40439224,29301.415791372,0.07450799967045896,0.018631002603797242,0.0931390022742562,9.247263998986455,0.04295400140108541,11.399131999496603,20.7824890021584
0,352,29301.42834221633,29301.428415416,29301.428433731,29301.437703172,29301.437745043,29301.449221166,0.07319966971408576,0.018314996850676835,0.09151466656476259,9.269441001379164,0.04187100057606585,11.476122999738436,20.87894966825843
0,353,29301.461675549665,29301.46175084,29301.461773257,29301.471046244,29301.47109243,29301.482613129,0.07529033609898761,0.022416999854613096,0.0977073359536007,9.272987001168076,0.04618599996319972,11.520698997628642,20.93757933471352
0,354,29301.495008882997,29301.495085505,29301.495107227,29301.504371623,29301.504415817,29301.515979655,0.0766220036894083,0.021722000383306295,0.0983440040727146,9.264395997888641,0.044193999201525,11.563838001166005,20.970772002328886
0,355,29301.52834221633,29301.528415911,29301.528435976,29301.53770487,29301.537747658,29301.549265153,0.07369467130047269,0.02006499926210381,0.0937596705625765,9.268893998523708,0.04278800042811781,11.517495000589406,20.92293667010381
0,356,29301.561675549663,29301.56174914,29301.561769114,29301.571038406,29301.57108275,29301.582615754,0.07359033770626411,0.01997399886022322,0.09356433656648733,9.269292000681162,0.04434400034369901,11.533003998920321,20.94020433651167
0,357,29301.595008883,29301.595082445,29301.595101594,29301.604361025,29301.604405219,29301.615917326,0.07356200148933567,0.019148999854223803,0.09271100134355947,9.259431000828044,0.044193999201525,11.512106997543015,20.908442998916144
0,358,29301.628342216332,29301.628414452,29301.628433962,29301.637644439,29301.637687005,29301.649219416,0.07223566717584617,0.01951000012923032,0.0917456673050765,9.210477001033723,0.042566000047372654,11.532410997460829,20.877199665847
0,359,29301.661675549665,29301.661748923,29301.661770201,29301.671056031,29301.671113023,29301.682675324,0.0733733359083999,0.02127799962181598,0.09465133553021587,9.285829997679684,0.056992001191247255,11.562300998775754,20.9997743331769
0,360,29301.695008882998,29301.6950857,29301.695111727,29301.704406937,29301.704453113,29301.716183704,0.07681700299144723,0.026026998966699466,0.10284400195814669,9.295209998526843,0.04617600279743783,11.730590998922708,21.174821002205135
0,361,29301.72834221633,29301.728423032,29301.728446106,29301.737729815,29301.737774455,29301.749484804,0.08081566920736805,0.023074000637279823,0.10388966984464787,9.283708997827489,0.04464000085135922,11.710349001077702,21.1425876696012
0,362,29301.761675549664,29301.761751881,29301.76177164,29301.771040767,29301.771083008,29301.782759736,0.07633133645867929,0.019758997950702906,0.0960903344093822,9.269127000152366,0.042241001210641116,11.676728001475567,21.084186337247957
0,363,29301.795008882997,29301.795084037,29301.795104778,29301.804338561,29301.804380775,29301.816103272,0.07515400284319185,0.02074100120807998,0.09589500405127183,9.23378299921751,0.04221400013193488,11.722497001755983,21.0943890051567
0,364,29301.828342216333,29301.828415758,29301.828437508,29301.837688634,29301.837728672,29301.849453095,0.07354166518780403,0.02175000190618448,0.09529166709398851,9.251126000890508,0.04003799767815508,11.724423002306139,21.11087866796879
0,365,29301.861675549666,29301.861751016,29301.861771507,29301.871025623,29301.871067809,29301.882767722,0.07546633423771709,0.020490999304456636,0.09595733354217373,9.254116001102375,0.042185998609056696,11.69991300048423,21.092172333737835
0,366,29301.895008883,29301.895081671,29301.895102616,29301.904337918,29301.904381473,29301.916287242,0.07278799967025407,0.020945000869687647,0.09373300053994171,9.235302000888623,0.043554999137995765,11.905768998985877,21.278358999552438
0,367,29301.92834221633,29301.928413938,29301.928432669,29301.937729694,29301.937770103,29301.957316523,0.07172166806412861,0.018730999727267772,0.09045266779139638,9.297025000705617,0.04040899875690229,19.546420000551734,28.97430666780565
0,368,29301.961675549665,29301.961747112,29301.961766334,29301.970975015,29301.971010515,29301.983062923,0.07156233550631441,0.019221999536966905,0.09078433504328132,9.20868100001826,0.03550000110408291,12.052407997543924,21.387373333709547
0,369,29301.995008882997,29301.995080368,29301.995101054,29302.004338586,29302.004381624,29302.016350392,0.07148500299081206,0.02068599860649556,0.09217100159730762,9.237532001861837,0.04303799869376235,11.968768001679564,21.34150900383247
0,370,29302.02834221633,29302.0284128,29302.028433153,29302.037651473,29302.037691602,29302.049619963,0.07058366827550344,0.020352999854367226,0.09093666812987067,9.21832000312861,0.04012899808003567,11.928361000173027,21.277746669511544
0,371,29302.061675549663,29302.061746936,29302.061766418,29302.071045359,29302.071086684,29302.082940293,0.07138633736758493,0.019481998606352136,0.09086833597393706,9.278941000957275,0.04132500180276111,11.853608997625997,21.26474333635997
0,372,29302.095008883,29302.095080554,29302.095100452,29302.104343716,29302.104384606,29302.11628216,0.07167100193328224,0.019897997844964266,0.09156899977824651,9.24326400127029,0.04088999776286073,11.897554002644029,21.273277001455426
0,373,29302.128342216332,29302.128413745,29302.128433579,29302.137663926,29302.137705593,29302.147932508,0.07152866601245478,0.019834002159768716,0.0913626681722235,9.230347000993788,0.04166699727647938,10.226915001112502,19.590291667554993
0,374,29302.161675549665,29302.161747603,29302.161766724,29302.170993785,29302.171033766,29302.181306626,0.07205333531601354,0.019120998331345618,0.09117433364735916,9.227061000274261,0.039981001464184374,10.272859999531647,19.631076334917452
0,375,29302.195008882998,29302.195082054,29302.195102091,29302.204344448,29302.204385597,29302.214706299,0.07317100244108588,0.020036997739225626,0.0932080001803115,9.24235700222198,0.04114900002605282,10.320702000171877,19.69741600260022
0,376,29302.22834221633,29302.228415607,29302.228435727,29302.237655658,29302.237695455,29302.247983926,0.07339067087741569,0.020119998225709423,0.09351066910312511,9.219930998369819,0.039797003410058096,10.288470999512356,19.641709670395358
0,377,29302.261675549664,29302.261748207,29302.261767364,29302.271018157,29302.271061593,29302.281358332,0.07265733802341856,0.019156999769620597,0.09181433779303916,9.250792998500401,0.043436000851215795,10.296738997567445,19.6827823347121
0,378,29302.295008882997,29302.295080251,29302.29511665,29302.304371248,29302.304422934,29302.314706729,0.07136800195439719,0.03639900023699738,0.10776700219139457,9.254598000552505,0.05168600182514638,10.283794999850215,19.69784600441926
0,379,29302.328342216333,29302.328416314,29302.328436416,29302.337711848,29302.337755015,29302.348039811,0.07409766840282828,0.020101997506571934,0.09419966590940021,9.275431999412831,0.04316700142226182,10.284796000632923,19.697594667377416
0,380,29302.361675549666,29302.361748525,29302.361769748,29302.371065022,29302.371105282,29302.381363531,0.07297533375094645,0.021223000658210367,0.09419833440915681,9.295273997850018,0.040260001696879044,10.258248999889474,19.687981333845528
0,381,29302.395008883,29302.395080218,29302.395099588,29302.404297445,29302.404340621,29302.41468451,0.07133500184863806,0.01936999979079701,0.09070500163943507,9.197856998071074,0.043176001781830564,10.343889000068884,19.675627001561224
0,382,29302.42834221633,29302.428415661,29302.42843443,29302.437659194,29302.437700509,29302.447954924,0.07344466939684935,0.018768998415907845,0.0922136678127572,9.224764002283337,0.041314997361041605,10.254414999508299,19.612707666965434
0,383,29302.461675549665,29302.461748094,29302.461766575,29302.471017433,29302.471058369,29302.481328701,0.07254433512571268,0.018481001461623237,0.09102533658733591,9.250857998267747,0.040936000004876405,10.270332000800408,19.653151335660368
0,384,29302.495008882997,29302.495082259,29302.495101555,29302.504332774,29302.504374681,29302.514712866,0.07337600254686549,0.019295999663881958,0.09267200221074745,9.231218999047996,0.04190700201434083,10.33818499854533,19.703983001818415
0,385,29302.52834221633,29302.528413173,29302.528432479,29302.5376898,29302.537734226,29302.548014327,0.07095667024259456,0.019306000467622653,0.09026267071021721,9.257320998585783,0.044426000386010855,10.280100999807473,19.672110669489484
0,386,29302.561675549663,29302.561747718,29302.561767839,29302.570991955,29302.571034409,29302.581970425,0.07216833546408452,0.02012100230786018,0.0922893377719447,9.22411599822226,0.04245400123181753,10.936015998595394,20.294875335821416
0,387,29302.595008883,29302.595080419,29302.595100363,29302.604352675,29302.60439861,29302.614686071,0.07153600017772987,0.01994400008697994,0.09148000026470982,9.252312000171514,0.045935001253383234,10.28746099837008,19.677188000059687
0,388,29302.628342216332,29302.628416,29302.628435861,29302.637642875,29302.637685532,29302.647931364,0.07378366717603058,0.019860999600496143,0.09364466677652672,9.207014001731295,0.042657000449253246,10.24583199978224,19.589147668739315
0,389,29302.661675549665,29302.661748051,29302.661767051,29302.67105452,29302.671096817,29302.681404557,0.07250133421621285,0.018999999156221747,0.0915013333724346,9.287469001719728,0.04229700061841868,10.307739998097531,19.729007333808113
0,390,29302.695008882998,29302.695080799,29302.695100567,29302.704378434,29302.704419425,29302.71498126,0.07191600161604583,0.019768001948250458,0.09168400356429629,9.277866996853845,0.040991002606460825,10.56183499895269,19.972377001977293
0,391,29302.72834221633,29302.728414452,29302.728434656,29302.737668753,29302.737708736,29302.7483581,0.07223567081382498,0.02020399915636517,0.09243966997019015,9.234097000444308,0.03998299871454947,10.649364001437789,20.015883670566836
0,392,29302.761675549664,29302.761748783,29302.761767727,29302.771004565,29302.771046871,29302.78179282,0.07323333556996658,0.018943999748444185,0.09217733531841077,9.236837999196723,0.042306000977987424,10.745948999101529,20.11727033459465
0,393,29302.795008882997,29302.795080455,29302.79510014,29302.804354655,29302.80439797,29302.815168882,0.07157200161600485,0.01968500146176666,0.09125700307777151,9.254515000066021,0.043315001676091924,10.770911998406518,20.159999003226403
0,394,29302.828342216333,29302.82841386,29302.828433341,29302.837705134,29302.837745653,29302.848384444,0.07164366616052575,0.019481001800158992,0.09112466796068475,9.271792998333694,0.040519000322092324,10.638791001838399,20.04222766845487
0,395,29302.861675549666,29302.861747366,29302.861766357,29302.871008734,29302.87105228,29302.881766219,0.07181633554864675,0.018990998796653003,0.09080733434529975,9.242377000191482,0.04354599877842702,10.71393900201656,20.090669335331768
0,396,29302.895008883,29302.895081902,29302.895113282,29302.904377704,29302.904419084,29302.915123218,0.07301900041056797,0.03138000101898797,0.10439900142955594,9.264421998523176,0.04138000076636672,10.70413400157122,20.114335002290318
0,397,29302.92834221633,29302.928415363,29302.928434901,29302.937661118,29302.937697758,29302.953754777,0.07314666800084524,0.019538001652108505,0.09268466965295374,9.226217000104953,0.03663999814307317,16.057019001891604,25.412560669792583
0,398,29302.961675549665,29302.961754139,29302.961776158,29302.971041071,29302.971096238,29302.9824865,0.07858933531679213,0.022019001335138455,0.10060833665193059,9.264912998332875,0.05516700184671208,11.390261999622453,20.81095033645397
0,399,29302.995008882997,29302.99508347,29302.995103008,29303.004402726,29303.004443801,29303.01394568,0.07458700201823376,0.019538001652108505,0.09412500367034227,9.299717999965651,0.041074999899137765,9.501878997980384,18.936797001515515
0,400,29303.02834221633,29303.028418561,29303.028437496,29303.037722308,29303.037761512,29303.046150295,0.07634466965100728,0.01893499938887544,0.09527966903988272,9.28481200025999,0.039204001950565726,8.388782996917143,17.808078668167582
0,401,29303.061675549663,29303.061749133,29303.061769597,29303.071005584,29303.07104751,29303.079562322,0.07358333823503926,0.0204639982257504,0.09404733646078967,9.23598699955619,0.041925999539671466,8.514812001521932,17.886772337078582
0,402,29303.095008883,29303.095081419,29303.095102687,29303.104320692,29303.104362258,29303.112881671,0.07253600051626563,0.021267998818075284,0.09380399933434092,9.218005001457641,0.0415659997088369,8.519413000612985,17.872788001113804
0,403,29303.128342216332,29303.128414602,29303.128435843,29303.137686247,29303.137728413,29303.146211299,0.07238566831802018,0.02124099773936905,0.09362666605738923,9.250404000340495,0.04216600063955411,8.48288600172964,17.869082668767078
0,404,29303.161675549665,29303.161746905,29303.161766007,29303.170992124,29303.17103355,29303.179498805,0.0713553345121909,0.019102000806014985,0.09045733531820588,9.226116999343503,0.04142599937040359,8.465254999464378,17.82325533349649
0,405,29303.195008882998,29303.195080912,29303.195100931,29303.204340825,29303.204384585,29303.212889193,0.07202900087577291,0.020019000658066943,0.09204800153383985,9.239893999620108,0.04375999924377538,8.504608002112946,17.88031000251067
0,406,29303.22834221633,29303.22841566,29303.228435707,29303.237656804,29303.237700703,29303.246239793,0.0734436689526774,0.02004699854296632,0.09349066749564372,9.2210970033193,0.04389899913803674,8.539089998521376,17.897576668474358
0,407,29303.261675549664,29303.261746222,29303.261765001,29303.271020747,29303.271060812,29303.279593865,0.07067233673296869,0.01877899921964854,0.08945133595261723,9.255746001144871,0.040064998756861314,8.533053001883673,17.918315337738022
0,408,29303.295008882997,29303.295080462,29303.295099536,29303.30433831,29303.30438069,29303.312991993,0.0715790047252085,0.0190739992831368,0.0906530040083453,9.23877400055062,0.04237999746692367,8.611303001089254,17.983110003115144
0,409,29303.328342216333,29303.328415932,29303.328434108,29303.337651677,29303.337693316,29303.346352685,0.07371566607616842,0.01817600059439428,0.0918916666705627,9.217569000611547,0.04163899939158,8.659368999360595,18.010468666034285
0,410,29303.361675549666,29303.36174828,29303.361767021,29303.371006692,29303.371050332,29303.379633126,0.07273033406818286,0.018741000531008467,0.09147133459919132,9.23967099879519,0.04364000051282346,8.582793998357374,17.95757633226458
0,411,29303.395008883,29303.39508097,29303.395099703,29303.404324615,29303.404368347,29303.413127151,0.07208700117189437,0.018733000615611672,0.09082000178750604,9.224911998899188,0.043732001358876005,8.758804000535747,18.118268002581317
0,412,29303.42834221633,29303.428414421,29303.428433088,29303.437684334,29303.437724177,29303.446230395,0.07220466795843095,0.018667000404093415,0.09087166836252436,9.25124599962146,0.039843002014094964,8.506217996909982,17.88817866690806
0,413,29303.461675549665,29303.46174689,29303.46176714,29303.471029413,29303.471068007,29303.479800043,0.07134033512556925,0.020250001398380846,0.0915903365239501,9.262273000786081,0.03859399657812901,8.732035999855725,18.124493333743885
0,414,29303.495008882997,29303.495080284,29303.495100091,29303.504373651,29303.504417188,29303.513266476,0.07140100206015632,0.01980700108106248,0.0912080031412188,9.273560001020087,0.043536998418858275,8.84928799860063,18.257593001180794
0,415,29303.52834221633,29303.528413762,29303.528435031,29303.537693786,29303.537732176,29303.546560926,0.07154566992539912,0.021268999262247235,0.09281466918764636,9.258754998882068,0.03839000055450015,8.828750000247965,18.21870966887218
0,416,29303.561675549663,29303.561748129,29303.561767102,29303.57097569,29303.571013875,29303.579789458,0.07257933611981571,0.01897300171549432,0.09155233783531003,9.208587998728035,0.03818500044872053,8.775582999078324,18.11390833609039
0,417,29303.595008883,29303.595081719,29303.595102821,29303.604365244,29303.60441667,29303.613279171,0.07283599916263483,0.021102001483086497,0.09393800064572133,9.262422998290276,0.05142600275576115,8.862500999384793,18.27028800107655
0,418,29303.628342216332,29303.628411939,29303.628431893,29303.637652629,29303.637699797,29303.646661484,0.06972266783122905,0.019954000890720636,0.08967666872194968,9.220735999406315,0.047167999582597986,8.961686999100493,18.319267666811356
0,419,29303.661675549665,29303.661747279,29303.661765928,29303.671056146,29303.671093527,29303.680078289,0.07172933328547515,0.018648999684955925,0.09037833297043107,9.29021800038754,0.03738099985639565,8.984762000181945,18.402739333396312
0,420,29303.695008882998,29303.695080852,29303.695100472,29303.704341413,29303.704384542,29303.713319035,0.07196900332928635,0.019619998056441545,0.0915890013857279,9.240940999006853,0.043129002733621746,8.934492998378119,18.31015200150432
0,421,29303.72834221633,29303.728414257,29303.728434016,29303.737671447,29303.73771218,29303.74671033,0.07204066787380725,0.019759001588681713,0.09179966946248896,9.237431000656215,0.04073299714946188,8.998150002298644,18.36811366956681
0,422,29303.761675549664,29303.761747588,29303.761766319,29303.771028187,29303.771070483,29303.780136069,0.0720383359293919,0.018730999727267772,0.09076933565665968,9.261867999157403,0.04229600017424673,9.065586000360781,18.46051933534909
0,423,29303.795008882997,29303.795081947,29303.79510142,29303.804332323,29303.804374268,29303.813456179,0.0730640022084117,0.019473001884762198,0.09253700409317389,9.230903000570834,0.0419449970650021,9.081911000976106,18.447296002705116
0,424,29303.828342216333,29303.828414982,29303.828434065,29303.837681015,29303.837720803,29303.846797334,0.07276566611835733,0.019082999642705545,0.09184866576106288,9.246950001397636,0.039787999412510544,9.07653100148309,18.4551176680543
0,425,29303.861675549666,29303.86174648,29303.861765646,29303.871043412,29303.871082134,29303.88016611,0.07093033491401002,0.019166000129189342,0.09009633504319936,9.277765999286203,0.03872199886245653,9.083976001420524,18.490560334612383
0,426,29303.895008883,29303.895080838,29303.895100849,29303.904349149,29303.904393447,29303.91351321,0.07195500074885786,0.02001100074267015,0.091966001491528,9.248300000763265,0.044297998101683334,9.11976299903472,18.504326999391196
0,427,29303.92834221633,29303.928414161,29303.928434235,29303.937659944,29303.937701879,29303.952048536,0.07194466888904572,0.020073999621672556,0.09201866851071827,9.225709000020288,0.04193499989924021,14.346657000714913,23.70631966914516
0,428,29303.961675549665,29303.961749973,29303.961769362,29303.970985006,29303.971025923,29303.980245585,0.07442333662766032,0.019388997316127643,0.09381233394378796,9.215644000505563,0.04091700247954577,9.219661998940865,18.57003533586976
0,429,29303.995008882997,29303.995080719,29303.995099988,29304.004336993,29304.004381485,29304.013681824,0.07183600246207789,0.019268998585175723,0.09110500104725361,9.237005000613863,0.04449200059752911,9.300338999310043,18.672941001568688
0,430,29304.02834221633,29304.028413503,29304.028432809,29304.037659563,29304.037697175,29304.046908263,0.07128667130018584,0.019305996829643846,0.09059266812982969,9.226754002156667,0.03761200059670955,9.211087999574374,18.56604667045758
0,431,29304.061675549663,29304.061747463,29304.061766917,29304.071012903,29304.071045496,29304.080354122,0.07191333861555904,0.01945399708347395,0.09136733569903299,9.245986002497375,0.03259299774072133,9.30862600216642,18.67857233810355
0,432,29304.095008883,29304.09507832,29304.095099681,29304.104353668,29304.104396659,29304.113911093,0.06943699918338098,0.021361000108299777,0.09079799929168075,9.253987002011854,0.04299099964555353,9.514434001175687,18.902210002124775
0,433,29304.128342216332,29304.128411603,29304.128432039,29304.137697137,29304.137739109,29304.147252247,0.06938666774658486,0.020436000340851024,0.08982266808743589,9.265098000469152,0.04197199814370833,9.51313800032949,18.910030667029787
0,434,29304.161675549665,29304.161747109,29304.161766128,29304.171032652,29304.171077689,29304.180519771,0.07155933417379856,0.019019000319531187,0.09057833449332975,9.26652400085004,0.04503699892666191,9.442081998713547,18.84422133298358
0,435,29304.195008882998,29304.1950803,29304.195099716,29304.204322064,29304.204367917,29304.21397537,0.0714170018909499,0.019415998394833878,0.09083300028578378,9.222348002367653,0.04585299757309258,9.607453001081012,18.96648700130754
0,436,29304.22834221633,29304.228413325,29304.228433178,29304.237635256,29304.237675932,29304.247200395,0.07110866863513365,0.01985299968509935,0.090961668320233,9.20207799936179,0.040676000935491174,9.524462999252137,18.85817866786965
0,437,29304.261675549664,29304.261746545,29304.26176522,29304.271024402,29304.271080366,29304.280634958,0.07099533468135633,0.01867500031949021,0.08967033500084653,9.259182003006572,0.055963999329833314,9.554591997584794,18.959408334922045
0,438,29304.295008882997,29304.295080042,29304.295098209,29304.304309279,29304.304358612,29304.313955604,0.07115900370990857,0.018167000234825537,0.08932600394473411,9.211069998855237,0.04933300078846514,9.596992000297178,18.946721003885614
0,439,29304.328342216333,29304.328412419,29304.328433179,29304.337670258,29304.337713352,29304.347234295,0.07020266639301553,0.020759998733410612,0.09096266512642615,9.237079000740778,0.04309400173951872,9.520943000097759,18.89207866770448
0,440,29304.361675549666,29304.361746556,29304.361766889,29304.371000885,29304.371043544,29304.380538478,0.07100633229129016,0.020333001884864643,0.09133933417615481,9.233995999238687,0.04265900133759715,9.494933998212218,18.862928332964657
0,441,29304.395008883,29304.395081989,29304.395101628,29304.404316948,29304.404362569,29304.413983708,0.07310600267373957,0.019638999219750986,0.09274500189349055,9.215319998475024,0.045621000026585534,9.621139000955736,18.974825001350837
0,442,29304.42834221633,29304.428419514,29304.42844571,29304.438976544,29304.439017258,29304.448623795,0.07729766730335541,0.02619600127218291,0.10349366857553832,10.530833998927847,0.04071399962413125,9.606537001673132,20.28157866880065
0,443,29304.461675549665,29304.461751576,29304.461771308,29304.470995906,29304.471038009,29304.480593841,0.07602633559145033,0.019732000509975478,0.09575833610142581,9.22459799767239,0.042103001760551706,9.555831999023212,18.91829133455758
0,444,29304.495008882997,29304.49508188,29304.495101704,29304.504310468,29304.5043537,29304.513885302,0.07299700155272149,0.01982400135602802,0.0928210029087495,9.208764000504743,0.04323199755162932,9.531602001516148,18.87641900248127
0,445,29304.52834221633,29304.528413535,29304.528433035,29304.537708114,29304.537749217,29304.547315171,0.07131867096177302,0.019499999325489625,0.09081867028726265,9.275078999053221,0.04110300142201595,9.565953998389887,18.972954669152386
0,446,29304.561675549663,29304.561745986,29304.561766245,29304.571002417,29304.571043853,29304.580542315,0.07043633740977384,0.020258998119970784,0.09069533552974463,9.236172001692466,0.04143600017414428,9.498462000919972,18.866765338316327
0,447,29304.595008883,29304.595081447,29304.595101724,29304.604363508,29304.604407453,29304.614031453,0.07256400203914382,0.020276998839108273,0.09284100087825209,9.261783998226747,0.04394500138005242,9.623999998439103,19.022569998924155
0,448,29304.628342216332,29304.628412907,29304.62843362,29304.637677811,29304.637719404,29304.647303589,0.07069066850817762,0.020712999685201794,0.09140366819337942,9.244190998288104,0.04159300078754313,9.584185001585865,18.961372668854892
0,449,29304.661675549665,29304.661748488,29304.661767247,29304.67101691,29304.671059726,29304.680579327,0.07293833550647832,0.01875899761216715,0.09169733311864547,9.249663002265152,0.04281599831301719,9.519601000647526,18.90377733434434
0,450,29304.695008882998,29304.695079217,29304.695099348,29304.704333204,29304.704374177,29304.713923037,0.07033400106593035,0.02013099947362207,0.09046500053955242,9.233856002538232,0.04097299824934453,9.548860001814319,18.914154003141448
0,451,29304.72834221633,29304.728415149,29304.728450446,29304.737719757,29304.73776171,29304.747345063,0.07293266753549688,0.035297001886647195,0.10822966942214407,9.269310998206493,0.0419530006183777,9.583352999470662,19.002846667717677
0,452,29304.761675549664,29304.761748534,29304.761768617,29304.770990465,29304.77102929,29304.780667632,0.072984337748494,0.0200829999812413,0.0930673377297353,9.221847998560406,0.03882500095642172,9.638341998652322,18.992082335898886
0,453,29304.795008882997,29304.795080651,29304.795100623,29304.804341564,29304.804387157,29304.814239363,0.07176800500019453,0.01997199797187932,0.09174000297207385,9.240940999006853,0.045593002141686156,9.852205999777652,19.230480003898265
0,454,29304.828342216333,29304.828414091,29304.82843311,29304.837702347,29304.83774181,29304.847510719,0.07187466690083966,0.019019000319531187,0.09089366722037084,9.269236998079577,0.039463000575779006,9.768908999831183,19.16850266570691
0,455,29304.861675549666,29304.861749097,29304.861768042,29304.871014121,29304.871056038,29304.880816604,0.07354733315878548,0.018945000192616135,0.09249233335140161,9.24607900014962,0.04191699918010272,9.760566001205007,19.14105433388613
0,456,29304.895008883,29304.895082482,29304.895102122,29304.904314867,29304.904378414,29304.914252,0.0735989997338038,0.019639999663922936,0.09323899939772673,9.212745000695577,0.06354700235533528,9.873585997411283,19.24311699985992
0,457,29304.92834221633,29304.928415543,29304.928434932,29304.937694743,29304.937753095,29304.95294741,0.07332666791626252,0.01938900095410645,0.09271566887036897,9.259810998628382,0.05835200136061758,15.194315001281211,24.60519367014058
0,458,29304.961675549665,29304.961749706,29304.961769641,29304.970980712,29304.971021546,29304.980918012,0.07415633444907144,0.019934999727411196,0.09409133417648263,9.211071002937388,0.04083399835508317,9.896465999190696,19.24246233465965
0,459,29304.995008882997,29304.995081278,29304.995100778,29305.004306533,29305.00435109,29305.014329955,0.07239500337163918,0.019499999325489625,0.0918950026971288,9.205754999129567,0.04455700036487542,9.978865000448423,19.321072002639994
0,460,29305.02834221633,29305.028414081,29305.028433035,29305.037661892,29305.037700754,29305.047625416,0.07186466973507777,0.01895400055218488,0.09081867028726265,9.228857001289725,0.03886199920088984,9.924661997501971,19.28319966827985
0,461,29305.061675549663,29305.06174694,29305.061766515,29305.071006519,29305.071046437,29305.081197258,0.07139033550629392,0.019574999896576628,0.09096533540287055,9.240004001185298,0.03991799894720316,10.150821002753219,19.52170833828859
0,462,29305.095008883,29305.095079863,29305.095099873,29305.104301193,29305.1043416,29305.114748944,0.07098000060068443,0.0200100002984982,0.09099000089918263,9.201320001011482,0.04040699786855839,10.407344001578167,19.74006100135739
0,463,29305.128342216332,29305.128414102,29305.128433463,29305.13766182,29305.137698515,29305.14826098,0.0718856681487523,0.019360999431228265,0.09124666757998057,9.228357001120457,0.036694997106678784,10.56246500229463,19.918763668101747
0,464,29305.161675549665,29305.161745322,29305.161764118,29305.171044365,29305.171084421,29305.181807989,0.06977233351790346,0.01879599949461408,0.08856833301251754,9.280247002607211,0.04005599839729257,10.72356800068519,20.132439334702212
0,465,29305.195008882998,29305.195080301,29305.195100069,29305.204341778,29305.204385649,29305.215396582,0.07141800233512186,0.01976799831027165,0.0911860006453935,9.241709001798881,0.043871001253137365,11.01093299803324,20.387699001730653
0,466,29305.22834221633,29305.22841276,29305.228430928,29305.237648812,29305.237688554,29305.249096038,0.07054366869851947,0.018168000678997487,0.08871166937751696,9.217883998644538,0.039742000808473676,11.407483998482348,20.753821667312877
0,467,29305.261675549664,29305.261746341,29305.261766647,29305.271032931,29305.271074468,29305.282621769,0.07079133501974866,0.02030600080615841,0.09109733582590707,9.266283999750158,0.04153700137976557,11.547301000973675,20.946219337929506
0,468,29305.295008882997,29305.295079626,29305.295100441,29305.304350622,29305.30439127,29305.31608673,0.07074300447129644,0.020814997697016224,0.09155800216831267,9.250180999515578,0.0406480030505918,11.695459998009028,21.07784700274351
0,469,29305.328342216333,29305.328415216,29305.32844654,29305.337721351,29305.33776499,29305.34928142,0.07299966819118708,0.0313239979732316,0.10432366616441868,9.27481100006844,0.04363900006865151,11.516430000483524,20.939203666785033
0,470,29305.361675549666,29305.361748998,29305.361768758,29305.371057764,29305.371099959,29305.382536887,0.07344833284150809,0.019760002032853663,0.09320833487436175,9.289006000472,0.04219499896862544,11.43692799814744,20.861337332462426
0,471,29305.395008883,29305.395080402,29305.395100448,29305.404368166,29305.404409973,29305.415951633,0.07151899990276434,0.020046001736773178,0.09156500163953751,9.267718000046443,0.041807001252891496,11.541659998329123,20.942750001267996
0,472,29305.42834221633,29305.42841337,29305.428432806,29305.437699533,29305.437741626,29305.449252231,0.07115366679499857,0.019436000002315268,0.09058966679731384,9.266727000067476,0.04209300095681101,11.510604999784846,20.910014667606447
0,473,29305.461675549665,29305.461747912,29305.46176682,29305.471091705,29305.47113341,29305.482667238,0.0723623343219515,0.018908001948148012,0.0912703362700995,9.324884998932248,0.04170499960309826,11.533828001120128,20.991688335925573
0,474,29305.495008882997,29305.49508101,29305.495100344,29305.504343746,29305.504386849,29305.515934176,0.07212700438685715,0.01933399835252203,0.09146100273937918,9.24340200072038,0.043102998461108655,11.54732700160821,20.925293003529077
0,475,29305.52834221633,29305.528414701,29305.528433479,29305.53769767,29305.537739447,29305.547698145,0.07248466863529757,0.018778002413455397,0.09126267104875296,9.264190997782862,0.04177700247964822,9.958697999536525,19.35592867084779
0,476,29305.561675549663,29305.561747188,29305.561767382,29305.571019387,29305.571068202,29305.581063901,0.07163833652157336,0.020194001990603283,0.09183233851217665,9.252004998415941,0.048814999900059775,9.995699001592584,19.38835133842076
0,477,29305.595008883,29305.595080425,29305.595099398,29305.604346088,29305.604387857,29305.614435547,0.07154199920478277,0.01897300171549432,0.09051500092027709,9.246689998690272,0.04176900256425142,10.047689997009002,19.426663999183802
0,478,29305.628342216332,29305.628412348,29305.62843157,29305.637646937,29305.637682825,29305.64774535,0.07013166759861633,0.019221999536966905,0.08935366713558324,9.215367001161212,0.03588799881981686,10.062525001558242,19.403133668674855
0,479,29305.661675549665,29305.661750244,29305.661769873,29305.671017684,29305.671060537,29305.681073198,0.07469433330697939,0.019629002053989097,0.09432333536096849,9.247810998203931,0.04285300019546412,10.012661001383094,19.397648335143458
0,480,29305.695008882998,29305.695081287,29305.695102047,29305.704342784,29305.704386006,29305.714412215,0.07240400373120792,0.020759998733410612,0.09316400246461853,9.240736999345245,0.04322200038586743,10.02620899816975,19.40333200036548
0,481,29305.72834221633,29305.728414099,29305.728432748,29305.737653771,29305.737695207,29305.747688498,0.07188267045421526,0.018648999684955925,0.09053167013917118,9.221022999554407,0.04143600017414428,9.993290997954318,19.34628166782204
0,482,29305.761675549664,29305.761747856,29305.761767504,29305.771085038,29305.771124882,29305.78121009,0.07230633491417393,0.01964799957931973,0.09195433449349366,9.31753400072921,0.039844002458266914,10.085207999509294,19.534540337190265
0,483,29305.795008882997,29305.795080428,29305.795100557,29305.804289524,29305.804331174,29305.814628496,0.07154500417527743,0.02012899858527817,0.0916740027605556,9.188967000227422,0.041650000639492646,10.297321998223197,19.619613001850666
0,484,29305.828342216333,29305.828414972,29305.828435036,29305.837675893,29305.837717764,29305.848147987,0.07275566531461664,0.020064002455910668,0.0928196677705273,9.240856998076197,0.04187100057606585,10.43022299927543,19.80577066569822
0,485,29305.861675549666,29305.861750153,29305.861770877,29305.871062002,29305.87110342,29305.881683736,0.0746033329050988,0.02072400093311444,0.09532733383821324,9.291124999435851,0.04141799945500679,10.580316000414314,20.008186333143385
0,486,29305.895008883,29305.895080586,29305.89510029,29305.904365027,29305.90440762,29305.91524044,0.07170300159486942,0.019703998987097293,0.09140700058196671,9.264737000194145,0.04259300112607889,10.832820000359789,20.23155700226198
0,487,29305.92834221633,29305.928414139,29305.928441519,29305.937678913,29305.937716904,29305.95529846,0.07192267003119923,0.027379999664844945,0.09930266969604418,9.237393998773769,0.03799100159085356,17.58155599964084,26.956243669701507
0,488,29305.961675549665,29305.96175583,29305.961775063,29305.970982012,29305.971036327,29305.983511184,0.0802803369879257,0.019232997146900743,0.09951333413482644,9.206949001963949,0.054314998124027625,12.47485700150719,21.835634335729992
0,489,29305.995008882997,29305.995080606,29305.995099532,29306.004345889,29306.004398399,29306.01560764,0.07172300320235081,0.018925999029306695,0.0906490022316575,9.246356999938143,0.05251000038697384,11.209241001779446,20.59875700433622
0,490,29306.02834221633,29306.028414326,29306.028434177,29306.037650942,29306.03768297,29306.048740709,0.07210966941784136,0.019850998796755448,0.09196066821459681,9.216765000019222,0.03202800144208595,11.057739000534639,20.398492670210544
0,491,29306.061675549663,29306.061748536,29306.061768018,29306.070982068,29306.071025319,29306.082032104,0.0729863386368379,0.019481998606352136,0.09246833724319004,9.214049998263363,0.04325100235291757,11.006785000063246,20.356554337922717
0,492,29306.095008883,29306.095081273,29306.095100978,29306.104325528,29306.104364556,29306.115433629,0.07239000115077943,0.019704999431269243,0.09209500058204867,9.22454999818001,0.039028000173857436,11.069072999816854,20.42474599875277
0,493,29306.128342216332,29306.128414019,29306.128432075,29306.137644274,29306.137686025,29306.148799782,0.0718026676622685,0.018055998225463554,0.08985866588773206,9.212199001922272,0.041750998207135126,11.113757002021885,20.457565668039024
0,494,29306.161675549665,29306.16174896,29306.161768006,29306.171034761,29306.171077216,29306.182072296,0.07341033415286802,0.019046001398237422,0.09245633555110544,9.266754997952376,0.04245500167598948,10.995079999702284,20.396746334881755
0,495,29306.195008882998,29306.195080872,29306.195100308,29306.20436034,29306.204418109,29306.215490589,0.07198900129878893,0.019436000002315268,0.0914250013011042,9.260032002202934,0.057768997066887096,11.072479999711504,20.48170600028243
0,496,29306.22834221633,29306.228414766,29306.228433507,29306.237647557,29306.237690938,29306.248697527,0.07254966840264387,0.018741000531008467,0.09129066893365234,9.214050001901342,0.043380998249631375,11.006589000317035,20.35531066940166
0,497,29306.261675549664,29306.261749437,29306.261767761,29306.271016711,29306.271057147,29306.282259646,0.07388733502011746,0.018324000848224387,0.09221133586834185,9.248950002074707,0.04043599983560853,11.202498997590737,20.584096335369395
0,498,29306.295008882997,29306.295079794,29306.295099674,29306.304330818,29306.304373059,29306.31602949,0.07091100269462913,0.019880000763805583,0.09079100345843472,9.23114399847691,0.042241001210641116,11.656431001028977,21.020607004174963
0,499,29306.328342216333,29306.328413845,29306.328433049,29306.337667147,29306.337702267,29306.34925117,0.07162866677390411,0.019203998817829415,0.09083266559173353,9.23409800088848,0.035119999665766954,11.548902999493293,20.908953665639274
0,500,29306.361675549666,29306.361746388,29306.361765611,29306.370989523,29306.37103057,29306.382608029,0.07083833406795748,0.019222999981138855,0.09006133404909633,9.223911998560652,0.04104700201423839,11.577458997635404,20.93247933225939
0,501,29306.395008883,29306.395081099,29306.395101145,29306.404316382,29306.404365095,29306.415938849,0.07221600026241504,0.020046001736773178,0.09226200199918821,9.21523699798854,0.048713001888245344,11.573753999982728,20.929966001858702
0,502,29306.42834221633,29306.428414225,29306.428434133,29306.437710398,29306.437753102,29306.449258531,0.07200866821222007,0.01990799864870496,0.09191666686092503,9.276265001972206,0.042703999497462064,11.505428999953438,20.91631466828403
0,503,29306.461675549665,29306.461747676,29306.46176651,29306.471004978,29306.471049959,29306.482636436,0.07212633499875665,0.01883400182123296,0.0909603368199896,9.23846799923922,0.044980999518884346,11.586477001401363,20.960886336979456
0,504,29306.495008882997,29306.495081812,29306.49510134,29306.504313354,29306.504361911,29306.516166528,0.07292900409083813,0.019527997210389003,0.09245700130122714,9.212013999785995,0.048557001719018444,11.804616999143036,21.157645001949277
0,505,29306.52834221633,29306.528414134,29306.528432874,29306.537672944,29306.5377155,29306.549294819,0.07191767144831829,0.018740000086836517,0.0906576715351548,9.240069997758837,0.04255599924363196,11.57931900161202,20.952602670149645
0,506,29306.561675549663,29306.561746399,29306.561766176,29306.571062627,29306.571106136,29306.582614816,0.07084933531587012,0.019777002307819203,0.09062633762368932,9.296451000409434,0.0435090005339589,11.508679999678861,20.939266338245943
0,507,29306.595008883,29306.595080785,29306.59509897,29306.604348077,29306.604392439,29306.615997897,0.07190199903561734,0.018185000953963026,0.09008699998958036,9.249106999050127,0.0443620010628365,11.605457999394275,20.98901399949682
0,508,29306.628342216332,29306.62841281,29306.628431245,29306.637654009,29306.637696648,29306.649207346,0.07059366907924414,0.018434999219607562,0.0890286682988517,9.222763997968286,0.042638999730115756,11.51069800107507,20.865129667072324
0,509,29306.661675549665,29306.66174738,29306.661766502,29306.671011674,29306.671059082,29306.682655753,0.07183033449109644,0.019121998775517568,0.090952333266614,9.24517200110131,0.04740800068248063,11.596671000006609,20.980203335057013
0,510,29306.695008882998,29306.695080239,29306.695100453,29306.704356819,29306.70439893,29306.7159166,0.07135600026231259,0.020213999960105866,0.09157000022241846,9.256366000045091,0.0421110016759485,11.517669998283964,20.90771700022742
0,511,29306.72834221633,29306.72842131,29306.728444226,29306.737730399,29306.737784186,29306.749395792,0.07909366831881925,0.022915999579709023,0.10200966789852828,9.286173000873532,0.05378700006986037,11.61160600167932,21.05357567052124
0,512,29306.761675549664,29306.761751323,29306.761774306,29306.771034079,29306.771079977,29306.782597953,0.07577333599328995,0.02298300023539923,0.09875633622868918,9.259772999939742,0.045897999370936304,11.517975999595365,20.92240333513473
0,513,29306.795008882997,29306.79508269,29306.795102866,29306.804378602,29306.804425622,29306.815977967,0.07380700481007807,0.020175997633486986,0.09398300244356506,9.275735999835888,0.04701999932876788,11.552345000382047,20.969084001990268
0,514,29306.828342216333,29306.828414944,29306.828435593,29306.83774445,29306.837785608,29306.849264472,0.07272766742971726,0.020649000362027436,0.0933766677917447,9.308856999268755,0.04115800038562156,11.478863998490851,20.922255665936973
0,515,29306.861675549666,29306.861747237,29306.861765968,29306.871088224,29306.871208929,29306.882757488,0.07168733282014728,0.018730999727267772,0.09041833254741505,9.322256002633367,0.12070499724359252,11.548559003131231,21.081938335555606
0,516,29306.895008883,29306.895077445,29306.895098982,29306.904370376,29306.904411266,29306.915933056,0.06856199979665689,0.021537001885008067,0.09009900168166496,9.271393999370048,0.04089000140083954,11.521789998369059,20.92417300082161
0,517,29306.92834221633,29306.928414089,29306.928433016,29306.93770478,29306.937751243,29306.955301788,0.07187266965047456,0.018926999473478645,0.09079966912395321,9.271764000004623,0.04646299930755049,17.550544998812256,26.959571667248383
0,518,29306.961675549665,29306.961753428,29306.961777104,29306.971051905,29306.971099017,29306.982704429,0.07787833601469174,0.02367599881836213,0.10155433483305387,9.274800999264698,0.04711200017482042,11.605412000790238,21.02887933506281
0,519,29306.995008882997,29306.995083017,29306.995102944,29307.004318893,29307.004372782,29307.014504353,0.0741340008971747,0.019927003449993208,0.09406100434716791,9.215948997734813,0.053889001719653606,10.131570998055395,19.49547000185703
0,520,29307.02834221633,29307.028414968,29307.028434172,29307.03763601,29307.037680862,29307.047708266,0.07275167081388645,0.019203998817829415,0.09195566963171586,9.201838001899887,0.044851996790384874,10.027404001448303,19.36604966977029
0,521,29307.061675549663,29307.061746965,29307.061766835,29307.071013155,29307.071062564,29307.081183412,0.07141533569665626,0.019869999960064888,0.09128533565672114,9.246320001693675,0.04940899816574529,10.12084800095181,19.50786233646795
0,522,29307.095008883,29307.095080425,29307.095099666,29307.104323383,29307.104374468,29307.114490659,0.07154199920478277,0.019241000700276345,0.09078299990505911,9.223716999258613,0.05108500045025721,10.116191002452979,19.48177600206691
0,523,29307.128342216332,29307.128413274,29307.128431348,29307.137700798,29307.137752854,29307.147825961,0.07105766781023704,0.018073998944601044,0.08913166675483808,9.269450001738733,0.05205599882174283,10.0731070015172,19.483744668832514
0,524,29307.161675549665,29307.161747548,29307.161783669,29307.171052193,29307.171097388,29307.181660862,0.07199833635240793,0.03612099681049585,0.10811933316290379,9.268524001527112,0.04519499998423271,10.563473999354756,19.985312334029004
0,525,29307.195008882998,29307.195080017,29307.195099804,29307.204360522,29307.20441444,29307.214560002,0.07113400351954624,0.01978699947358109,0.09092100299312733,9.260717997676693,0.053918000048724934,10.145562002435327,19.55111900315387
0,526,29307.22834221633,29307.228413393,29307.228432098,29307.237633686,29307.237675353,29307.247707024,0.07117666973499581,0.018704999092733487,0.0898816688277293,9.201587999996264,0.041667000914458185,10.031670997705078,19.36480766744353
0,527,29307.261675549664,29307.261746937,29307.261765641,29307.271004201,29307.271045646,29307.281240505,0.07138733781175688,0.018703998648561537,0.09009133646031842,9.238560000085272,0.04144500053371303,10.194858998147538,19.56495533522684
0,528,29307.295008882997,29307.295079332,29307.295099786,29307.304381504,29307.304426709,29307.314775801,0.07044900485198013,0.020453997422009706,0.09090300227398984,9.281718001147965,0.045205000787973404,10.349092000978999,19.766918005188927
0,529,29307.328342216333,29307.328414718,29307.32843456,29307.33770201,29307.337743548,29307.348274595,0.0725016652722843,0.01984200207516551,0.09234366734744981,9.267450001061661,0.04153799818595871,10.531046998949023,19.932378665544093
0,530,29307.361675549666,29307.361746788,29307.361766409,29307.371062035,29307.371103387,29307.381530555,0.07123833347577602,0.019621002138592303,0.09085933561436832,9.295625997765455,0.041351999243488535,10.427168002934195,19.855005335557507
0,531,29307.395008883,29307.39508086,29307.39510036,29307.404337957,29307.404382134,29307.415062831,0.07197699960670434,0.019500002963468432,0.09147700257017277,9.237596997991204,0.04417699892655946,10.680697003408568,20.053948002896504
0,532,29307.42834221633,29307.428414255,29307.428434403,29307.437635194,29307.437678973,29307.448554117,0.07203866698546335,0.02014799974858761,0.09218666673405096,9.200791002513142,0.04377900040708482,10.875143998418935,20.211900668073213
0,533,29307.461675549665,29307.461747232,29307.461767131,29307.471014691,29307.47105546,29307.48220819,0.07168233423726633,0.019899001927115023,0.09158133616438136,9.247559999494115,0.04076899858773686,11.152729999594158,20.53264033384039
0,534,29307.495008882997,29307.495083561,29307.495103255,29307.504288398,29307.504345566,29307.515406758,0.07467800242011435,0.019694001821335405,0.09437200424144976,9.185142997012008,0.057168002967955545,11.061191999033326,20.39787500325474
0,535,29307.52834221633,29307.528413917,29307.528432835,29307.537641441,29307.537675006,29307.548734467,0.07170066965045407,0.0189179991139099,0.09061866876436397,9.208605999447173,0.03356500019435771,11.059461001423188,20.39225066982908
0,536,29307.561675549663,29307.561747903,29307.561770654,29307.571015335,29307.571055752,29307.582087546,0.07235333760036156,0.02275099905091338,0.09510433665127493,9.24468100129161,0.04041699867229909,11.031794001610251,20.411996338225435
0,537,29307.595008883,29307.595080825,29307.595102307,29307.604342117,29307.604389775,29307.615510376,0.07194200225058012,0.021481999283423647,0.09342400153400376,9.239809998689452,0.04765799894812517,11.12060100058443,20.50149299975601
0,538,29307.628342216332,29307.628414913,29307.628435515,29307.637650761,29307.637693177,29307.648752407,0.07269666821230203,0.02060199767583981,0.09329866588814184,9.215246001986088,0.04241599890519865,11.059230000682874,20.410190667462302
0,539,29307.661675549665,29307.661747196,29307.661767307,29307.670998654,29307.671032563,29307.682230562,0.07164633643697016,0.02011099786614068,0.09175733430311084,9.231347001332324,0.033909000194398686,11.197998999705305,20.55501233553514
0,540,29307.695008882998,29307.695080413,29307.69510045,29307.70433752,29307.70438216,29307.715798885,0.07153000115067698,0.020037001377204433,0.09156700252788141,9.237070000381209,0.04463999721338041,11.416725003073225,20.790002003195696
0,541,29307.72834221633,29307.72841391,29307.728434031,29307.737643498,29307.73769099,29307.74937419,0.07169367017922923,0.020120998669881374,0.0918146688491106,9.209466999891447,0.04749200161313638,11.683199998515192,21.031973668868886
0,542,29307.761675549664,29307.761747842,29307.761781916,29307.771000875,29307.771042736,29307.782627074,0.07229233597172424,0.03407400072319433,0.10636633669491857,9.218958999554161,0.04186099977232516,11.58433800083003,20.951524336851435
0,543,29307.795008882997,29307.795081163,29307.795101265,29307.804319964,29307.804376743,29307.816076507,0.0722800032235682,0.02010200114455074,0.09238200436811894,9.218699000484776,0.056778997532092035,11.699763999786228,21.067624002171215
0,544,29307.828342216333,29307.828414622,29307.828435159,29307.837651896,29307.837693618,29307.849246114,0.07240566628752276,0.02053700154647231,0.09294266783399507,9.216736998496344,0.0417219998780638,11.552496001968393,20.903897668176796
0,545,29307.861675549666,29307.86174673,29307.861766324,29307.871000106,29307.871046172,29307.88267763,0.07118033317965455,0.019594001059886068,0.09077433423954062,9.233781998773338,0.0460660012322478,11.631458000920247,21.002080335165374
0,546,29307.895008883,29307.895081958,29307.895103876,29307.904372696,29307.904413631,29307.91596896,0.07307499981834553,0.021918000129517168,0.0949929999478627,9.268820002034772,0.040934999560704455,11.555328997928882,20.96007699947222
0,547,29307.92834221633,29307.9284159,29307.928434382,29307.937670248,29307.937715267,29307.95689297,0.07368367005256005,0.01848199826781638,0.09216566832037643,9.235866000381066,0.04501899820752442,19.177703001332702,28.55075366824167
0,548,29307.961675549665,29307.961746804,29307.961768332,29307.971046763,29307.971090616,29307.98115014,0.07125433694454841,0.021527997887460515,0.09278233483200893,9.278430999984266,0.043853000533999875,10.059524000098463,19.474590335448738
0,549,29307.995008882997,29307.995081514,29307.995100903,29308.004317186,29308.004364974,29308.014501193,0.07263100269483402,0.01938900095410645,0.09202000364894047,9.216283000569092,0.047787998482817784,10.136218999832636,19.492310002533486
0,550,29308.02834221633,29308.028412538,29308.028431612,29308.037670007,29308.037712702,29308.047777346,0.07032166831777431,0.019074002921115607,0.08939567123888992,9.238394999556476,0.04269499913789332,10.064644000522094,19.435129670455353
0,551,29308.061675549663,29308.061749554,29308.061768545,29308.071036671,29308.071080264,29308.081132492,0.07400433605653234,0.01899100243463181,0.09299533849116415,9.268125999369659,0.04359299782663584,10.052228000859031,19.45694233654649
0,552,29308.095008883,29308.095081939,29308.095101097,29308.10429948,29308.104346639,29308.114426847,0.07305599865503609,0.019158000213792548,0.09221399886882864,9.198383002512855,0.04715899922302924,10.080208001454594,19.417964002059307
0,553,29308.128342216332,29308.128414675,29308.128433481,29308.137654347,29308.137699356,29308.148101226,0.07245866800076328,0.018806000298354775,0.09126466829911806,9.220865998941008,0.04500900104176253,10.401870000350755,19.759009668632643
0,554,29308.161675549665,29308.161747078,29308.161766235,29308.171025296,29308.171082204,29308.181063587,0.07152833495638333,0.019156999769620597,0.09068533472600393,9.25906100019347,0.05690800026059151,9.98138299837592,19.388037333555985
0,555,29308.195008882998,29308.195084332,29308.195106258,29308.204336948,29308.204380116,29308.214412249,0.07544900290668011,0.021926000044913962,0.09737500295159407,9.230690000549657,0.04316799822845496,10.032132999185706,19.403366000915412
0,556,29308.22834221633,29308.228415809,29308.228436494,29308.237651869,29308.237694851,29308.247733985,0.07359266965067945,0.02068499816232361,0.09427766781300306,9.215375001076609,0.042981999285984784,10.039134001999628,19.391768670175225
0,557,29308.261675549664,29308.261746591,29308.261767452,29308.271014865,29308.27105719,29308.281095619,0.071041336923372,0.0208609999390319,0.0919023368624039,9.247412999684457,0.042324998503318056,10.03842900172458,19.42006933677476
0,558,29308.295008882997,29308.295082411,29308.295104281,29308.30433799,29308.304386203,29308.314672062,0.0735280045773834,0.021869996999157593,0.09539800157654099,9.233709002728574,0.04821299808099866,10.285858999850461,19.663179002236575
0,559,29308.328342216333,29308.328413721,29308.328433369,29308.337720161,29308.337764032,29308.348132559,0.0715046662662644,0.01964799957931973,0.09115266584558412,9.28679199932958,0.043871001253137365,10.368527000537142,19.790342666965444
0,560,29308.361675549666,29308.361748236,29308.361792828,29308.371066287,29308.371107899,29308.381488418,0.07268633271451108,0.04459200135897845,0.11727833407348953,9.273458999814466,0.04161200195085257,10.380518997408217,19.812868333247025
0,561,29308.395008883,29308.395082418,29308.395105779,29308.404390117,29308.404432284,29308.414883164,0.07353500041062944,0.02336100078537129,0.09689600119600073,9.284338000725256,0.04216700108372606,10.450879999552853,19.874281002557836
0,562,29308.42834221633,29308.42841721,29308.428439442,29308.437678881,29308.437717531,29308.448152882,0.0749936698412057,0.02223199771833606,0.09722566755954176,9.239439001248684,0.03864999962388538,10.435350999614457,19.810665668046568
0,563,29308.461675549665,29308.461749346,29308.461771846,29308.471070064,29308.471111425,29308.481521741,0.07379633461823687,0.022500000341096893,0.09629633495933376,9.298217999457847,0.04136099960305728,10.410316001070896,19.846191335091135
0,564,29308.495008882997,29308.495083806,29308.495104481,29308.504354402,29308.50439819,29308.514825746,0.07492300210287794,0.02067500099656172,0.09559800309943967,9.249921000446193,0.04378800076665357,10.42755599701195,19.816863001324236
0,565,29308.52834221633,29308.52841608,29308.52843645,29308.537681658,29308.537722456,29308.548136131,0.07386366996797733,0.020370000129332766,0.0942336700973101,9.245207998901606,0.040798000554786995,10.413675001473166,19.79391467102687
0,566,29308.561675549663,29308.56174804,29308.561770327,29308.571088063,29308.571128666,29308.581624732,0.07249033660627902,0.02228700031992048,0.0947773369261995,9.317735999502474,0.04060300125274807,10.496065999177517,19.94918233685894
0,567,29308.595008883,29308.595084194,29308.59510724,29308.604377514,29308.604419606,29308.615181906,0.07531099981861189,0.02304599911440164,0.09835699893301353,9.27027400030056,0.04209200051263906,10.762300000351388,20.1730230000976
0,568,29308.628342216332,29308.628414856,29308.628435107,29308.637690796,29308.637733381,29308.648563969,0.07263966836035252,0.02025099820457399,0.0928906665649265,9.255689001292922,0.042585001210682094,10.830587998498231,20.22175266756676
0,569,29308.661675549665,29308.661747427,29308.661768621,29308.671029469,29308.671070424,29308.681943402,0.07187733353930525,0.02119400232913904,0.0930713358684443,9.260847997211386,0.040955001168185845,10.872978000406874,20.26785233465489
0,570,29308.695008882998,29308.695081747,29308.695103349,29308.704383596,29308.704425578,29308.715333296,0.07286400068551302,0.021602001652354375,0.0944660023378674,9.280246998969233,0.04198199894744903,10.907718002272304,20.324413002526853
0,571,29308.72834221633,29308.728414475,29308.728436003,29308.737663925,29308.737706684,29308.74855969,0.07225867011584342,0.021527997887460515,0.09378666800330393,9.227922000718536,0.042759002099046484,10.853005998797016,20.217473669617902
0,572,29308.761675549664,29308.761748018,29308.761831677,29308.771383648,29308.771441251,29308.782310655,0.07246833774843253,0.0836589970276691,0.15612733477610163,9.55197100120131,0.05760299973189831,10.869403999095084,20.635105334804393
0,573,29308.795008882997,29308.795078913,29308.7951062,29308.804433299,29308.804491504,29308.815331203,0.07003000428085215,0.027286998374620453,0.0973170026554726,9.327099000074668,0.05820500155095942,10.839698999916436,20.322320004197536
0,574,29308.828342216333,29308.828410373,29308.828432345,29308.837717674,29308.837756619,29308.848589874,0.06815666711190715,0.02197199864895083,0.09012866576085798,9.285329000704223,0.03894499968737364,10.83325500076171,20.247657666914165
0,575,29308.861675549666,29308.861742988,29308.861769544,29308.87103928,29308.871074457,29308.881898915,0.06743833364453167,0.02655600110301748,0.09399433474754915,9.269735997804673,0.035177003155695274,10.824457996932324,20.223365332640242
0,576,29308.895008883,29308.895075594,29308.895099335,29308.904406841,29308.904443128,29308.915306893,0.06671099981758744,0.023741002223687246,0.09045200204127468,9.307505999458954,0.036287001421442255,10.863764997338876,20.298010000260547
0,577,29308.92834221633,29308.928414358,29308.928620518,29308.938112026,29308.938157072,29308.955000146,0.07214166907942854,0.20615999892470427,0.2783016680041328,9.491508000792237,0.045045999286230654,16.84307400137186,26.65792966945446
0,578,29308.961675549665,29308.961743872,29308.961981365,29308.971498354,29308.971545837,29308.982707502,0.0683223370288033,0.2374929972575046,0.3058153342863079,9.516989000985632,0.047483001253567636,11.161664999235654,21.03195233576116
0,579,29308.995008882997,29308.995082534,29308.995300591,29309.004863211,29309.004911536,29309.015814356,0.07365100100287236,0.21805700089316815,0.2917080018960405,9.562620001815958,0.04832500053453259,10.90281999859144,20.80547300283797
0,580,29309.02834221633,29309.028412381,29309.028639716,29309.038098382,29309.038144613,29309.047735603,0.07016467134235427,0.22733500009053387,0.29749967143288814,9.458665997954085,0.046231001761043444,9.59098999737762,19.393386668525636
0,581,29309.061675549663,29309.061751524,29309.061971221,29309.071442238,29309.071490738,29309.080999005,0.07597433796036057,0.2196969981014263,0.29567133606178686,9.47101700148778,0.048499998229090124,9.508267001365311,19.32345533714397
0,582,29309.095008883,29309.095081621,29309.095300698,29309.104821836,29309.104873467,29309.114463651,0.0727379992895294,0.2190770028391853,0.2918150021287147,9.521137999399798,0.05163099922356196,9.59018399953493,19.454768000287004
0,583,29309.128342216332,29309.128411812,29309.128643658,29309.138118314,29309.138171416,29309.147768944,0.06959566599107347,0.23184600286185741,0.3014416688529309,9.474655998928938,0.05310200140229426,9.597527998266742,19.426727667450905
0,584,29309.161675549665,29309.161744735,29309.162015516,29309.171550672,29309.171600043,29309.18119684,0.06918533472344279,0.27078100174549036,0.33996633646893315,9.535155997582478,0.049370999477105215,9.596797000995139,19.521290334523655
0,585,29309.195008882998,29309.19507987,29309.1953024,29309.204785177,29309.204837178,29309.214714374,0.07098700370988809,0.222529997699894,0.2935170014097821,9.482777000812348,0.05200099985813722,9.877196000161348,19.705491002241615
0,586,29309.22834221633,29309.228411551,29309.228635397,29309.238088654,29309.238137886,29309.248392782,0.0693346701154951,0.22384600015357137,0.29318067026906647,9.453257000131998,0.049231999582843855,10.254895998514257,20.050565668498166
0,587,29309.261675549664,29309.261748159,29309.261988977,29309.271509429,29309.271559457,29309.281771529,0.07260933489305899,0.24081800074782223,0.3134273356408812,9.52045200028806,0.05002800025977194,10.212072000285843,20.095979336474556
0,588,29309.295008882997,29309.295080813,29309.295307528,29309.304759258,29309.304807814,29309.314996728,0.07193000419647433,0.22671499755233526,0.2986450017488096,9.451730002183467,0.04855599763686769,10.188914002355887,19.98784500392503
0,589,29309.328342216333,29309.328418263,29309.328656553,29309.338098115,29309.338149773,29309.348816915,0.07604666825500317,0.23828999837860465,0.3143366666336078,9.441562000574777,0.05165800030226819,10.66714199987473,20.474698667385383
0,590,29309.361675549666,29309.36174899,29309.361989632,29309.371463307,29309.371512187,29309.382519675,0.0734403329261113,0.24064200260909274,0.31408233553520404,9.473674999753712,0.04887999966740608,11.00748799944995,20.84412533440627
0,591,29309.395008883,29309.395080385,29309.395302248,29309.404808006,29309.404859609,29309.41574118,0.0715019996277988,0.2218629997514654,0.2933649993792642,9.505758000159403,0.05160300133866258,10.881571000936674,20.732297001814004
0,592,29309.42834221633,29309.428413613,29309.428649272,29309.438179716,29309.438228948,29309.449237603,0.07139666922739707,0.2356589975534007,0.30705566678079776,9.530444000120042,0.04923200322082266,11.008654997567646,20.89538666768931
0,593,29309.461675549665,29309.461758303,29309.461829461,29309.471304043,29309.471377155,29309.482292289,0.08275333675555885,0.07115799962775782,0.15391133638331667,9.474581998802023,0.07311200170079246,10.915134000242688,20.61673933712882
0,594,29309.495008882997,29309.495084955,29309.495113151,29309.504440619,29309.504482202,29309.515419005,0.07607200313941576,0.028195998311275616,0.10426800145069137,9.327468000265071,0.04158299998380244,10.936803002550732,20.410122004250297
0,595,29309.52834221633,29309.52841508,29309.528634101,29309.538130711,29309.538178943,29309.549045105,0.07286366962944157,0.21902099979342893,0.2918846694228705,9.49661000049673,0.0482319992443081,10.86616199972923,20.702888668893138
0,596,29309.561675549663,29309.561748029,29309.561975429,29309.571548206,29309.571597781,29309.582718956,0.07247933535836637,0.22739999985788018,0.29987933521624655,9.572777002176736,0.04957499913871288,11.121175000880612,21.043406337412307
0,597,29309.595008883,29309.595083773,29309.59513295,29309.604567846,29309.604620291,29309.615598204,0.07489000199711882,0.049176996981259435,0.12406699897837825,9.434896001039306,0.052445000619627535,10.977912999805994,20.589321000443306
0,598,29309.628342216332,29309.628414537,29309.628638863,29309.638078102,29309.638127936,29309.649125952,0.07232066855067387,0.22432599871535785,0.2966466672660317,9.439239001949318,0.04983399776392616,10.998016001394717,20.783735668373993
0,599,29309.661675549665,29309.66174944,29309.66180206,29309.67132354,29309.671374624,29309.682339398,0.07389033635263331,0.05261999831418507,0.12651033466681838,9.521479998511495,0.05108400000608526,10.964774002786726,20.663848335971124
0,600,29309.695008882998,29309.695080267,29309.695302326,29309.70481988,29309.704871112,29309.715861906,0.07138400178519078,0.22205899949767627,0.29344300128286704,9.517554000922246,0.05123200025991537,10.990793998644222,20.85302300110925
0,601,29309.72834221633,29309.728416254,29309.728641887,29309.738096792,29309.738146311,29309.749138522,0.07403767085634172,0.22563299717148766,0.2996706680278294,9.454905000893632,0.04951899973093532,10.992210998665541,20.796305667317938
0,602,29309.761675549664,29309.761748741,29309.761982484,29309.771455178,29309.7715064,29309.782612093,0.07319133510463871,0.23374300144496374,0.30693433654960245,9.472694000578485,0.05122199945617467,11.105692999990424,20.936543336574687
0,603,29309.795008882997,29309.795081015,29309.795131775,29309.804605403,29309.804655737,29309.815974498,0.0721320029697381,0.050760001613525674,0.12289200458326377,9.473627997067524,0.05033400157117285,11.318761000438826,20.965615003660787
0,604,29309.828342216333,29309.828413984,29309.828631356,29309.838141883,29309.838194606,29309.849695666,0.07176766666816548,0.21737199858762324,0.2891396652557887,9.510527001111768,0.052723000408150256,11.501059998408891,21.3534496651846
0,605,29309.861675549666,29309.861747073,29309.861794249,29309.871384138,29309.871438314,29309.882949521,0.07152333273552358,0.04717599949799478,0.11869933223351836,9.58988900310942,0.054175998229766265,11.511207001603907,21.27397133517661
0,606,29309.895008883,29309.895078736,29309.895105162,29309.904390788,29309.904435788,29309.915949227,0.06985300205997191,0.026425997930346057,0.09627899999031797,9.285626001656055,0.045000000682193786,11.513438999827486,20.940344002156053
0,607,29309.92834221633,29309.928412825,29309.928627067,29309.938164382,29309.938214336,29309.957356104,0.07060866846586578,0.21424200167530216,0.28485067014116794,9.537314999761293,0.04995400013285689,19.141767999826698,29.013887669862015
0,608,29309.961675549665,29309.961747155,29309.961776275,29309.971088753,29309.97113192,29309.982656544,0.07160533641581424,0.02911999763455242,0.10072533405036665,9.312477999628754,0.04316700142226182,11.524624002049677,20.98099433715106
0,609,29309.995008882997,29309.995081076,29309.995298005,29310.004850949,29310.004901561,29310.014856741,0.0721930009603966,0.21692900190828368,0.2891220028686803,9.552944000461139,0.05061199772171676,9.955180001270492,19.847858002322027
0,610,29310.02834221633,29310.028412786,29310.028645576,29310.03821038,29310.038261057,29310.048262126,0.07056966933305375,0.2327900001546368,0.30335966948769055,9.564804000547156,0.050677001127041876,10.00106900028186,19.919909671443747
0,611,29310.061675549663,29310.061746134,29310.061791153,29310.071298068,29310.071345318,29310.081316027,0.07058433766360395,0.04501899820752442,0.11560333587112837,9.506915001111338,0.04724999962490983,9.970709001208888,19.640477337816264
0,612,29310.095008883,29310.095081148,29310.095303873,29310.104823566,29310.104900113,29310.114854422,0.07226500019896775,0.22272500063991174,0.2949900008388795,9.5196929978556,0.0765470031183213,9.954309000022477,19.845539001835277
0,613,29310.128342216332,29310.128413523,29310.128632822,29310.138134181,29310.138183404,29310.14812562,0.07130666926968843,0.21929899958195165,0.2906056688516401,9.501358999841614,0.04922299922327511,9.942215998307802,19.78340366622433
0,614,29310.161675549665,29310.161751286,29310.16199391,29310.171581658,29310.171631363,29310.181632533,0.07573633411084302,0.24262399892904796,0.318360333039891,9.587748001649743,0.0497049986734055,10.00117000148748,19.95698333485052
0,615,29310.195008882998,29310.195082771,29310.195134143,29310.204628863,29310.204680864,29310.214634181,0.07388800077023916,0.05137200059834868,0.12526000136858784,9.494720001384849,0.05200099985813722,9.953316999599338,19.62529800221091
0,616,29310.22834221633,29310.228414777,29310.228646658,29310.238162445,29310.23821063,29310.2479989,0.07256066965055652,0.23188100021798164,0.30444166986853816,9.515786998235853,0.04818500019609928,9.788269999262411,19.656683667562902
0,617,29310.261675549664,29310.26174955,29310.261799135,29310.271348772,29310.271399402,29310.281636891,0.07400033791782334,0.04958499994245358,0.12358533786027692,9.549636997689959,0.05063000207883306,10.237488997518085,19.961341335147154
0,618,29310.295008882997,29310.29508087,29310.295297021,29310.304792112,29310.304846696,29310.315244603,0.07198700404842384,0.21615099831251428,0.2881380023609381,9.495091002463596,0.0545839975529816,10.397907000879059,20.235720003256574
0,619,29310.328342216333,29310.328412783,29310.328630767,29310.338114451,29310.338165062,29310.348661526,0.0705666680005379,0.21798399757244624,0.28855066557298414,9.48368399986066,0.05061100091552362,10.49646400133497,20.319309667684138
0,620,29310.361675549666,29310.361748149,29310.361973328,29310.371564123,29310.371615023,29310.38216296,0.07259933408931829,0.22517899924423546,0.29777833333355375,9.590795001713559,0.05089999831398018,10.547936999500962,20.487410332862055
0,621,29310.395008883,29310.395081322,29310.395302435,29310.404779211,29310.404830082,29310.415391223,0.07243900108733214,0.22111300131655298,0.2935520024038851,9.476775998336961,0.05087099998490885,10.561140999925556,20.38234000065131
0,622,29310.42834221633,29310.42841379,29310.42863458,29310.438190551,29310.438241005,29310.44880233,0.0715736678102985,0.22078999973018654,0.29236366754048504,9.555971002555452,0.05045399666414596,10.56132500161766,20.460113668377744
0,623,29310.461675549665,29310.461746545,29310.461798147,29310.471446091,29310.471497277,29310.482010833,0.07099533468135633,0.05160200089449063,0.12259733557584696,9.647943999880226,0.0511860016558785,10.513555997022195,20.335283334134147
0,624,29310.495008882997,29310.495080299,29310.495298625,29310.504815429,29310.504865985,29310.515392838,0.07141600144677795,0.21832600032212213,0.2897420017689001,9.516804002487333,0.0505559983139392,10.526852998737013,20.383955001307186
0,625,29310.52834221633,29310.528413191,29310.528636638,29310.53813584,29310.538184267,29310.548758833,0.07097467096173204,0.22344699755194597,0.294421668513678,9.499202002189122,0.04842699854634702,10.574566000286723,20.41661666953587
0,626,29310.561675549663,29310.561748251,29310.56197129,29310.571559975,29310.571610078,29310.582302867,0.07270133573911153,0.22303900186670944,0.29574033760582097,9.588684999471297,0.050103000830858946,10.692788997403113,20.62731733531109
0,627,29310.595008883,29310.595081069,29310.595131783,29310.604598698,29310.604647912,29310.615358497,0.07218600148917176,0.05071399937151,0.12290000086068176,9.466914998483844,0.04921400250168517,10.71058500019717,20.34961400204338
0,628,29310.628342216332,29310.628413157,29310.628638946,29310.638127889,29310.638178473,29310.648887013,0.07094066677382216,0.22578900097869337,0.2967296677525155,9.488943000178551,0.050583999836817384,10.708540001360234,20.544796669128118
0,629,29310.661675549665,29310.661747799,29310.661969775,29310.671474087,29310.671525542,29310.682261934,0.07224933506222442,0.22197599901119247,0.2942253340734169,9.504312001809012,0.05145499744685367,10.736391999671469,20.58638433300075
0,630,29310.695008882998,29310.695079627,29310.695297797,29310.704843342,29310.704894833,29310.715626058,0.07074400127748959,0.21817000015289523,0.2889140014303848,9.545544999127742,0.051491002523107454,10.731225000199629,20.617175003280863
0,631,29310.72834221633,29310.728415642,29310.728465606,29310.73800965,29310.738064688,29310.748761969,0.07342566823353991,0.049964000936597586,0.1233896691701375,9.544043998175766,0.05503800275619142,10.697280999011127,20.419752669113223
0,632,29310.761675549664,29310.761746721,29310.761982872,29310.771498473,29310.771577705,29310.78228118,0.07117133645806462,0.23615100144525059,0.3073223379033152,9.515600999293383,0.07923199882498011,10.703474999900209,20.605630335921887
0,633,29310.795008882997,29310.795081541,29310.795312108,29310.804830552,29310.804883219,29310.815591565,0.07265800377354026,0.23056699865264818,0.30322500242618844,9.518443999695592,0.05266700100037269,10.708345998864388,20.58268200198654
0,634,29310.828342216333,29310.828413759,29310.828646614,29310.838186678,29310.83823741,29310.849071461,0.07154266859288327,0.2328549999219831,0.3043976685148664,9.540063998429105,0.05073200009064749,10.834051001438638,20.729244668473257
0,635,29310.861675549666,29310.86174657,29310.861797636,29310.871523433,29310.871588184,29310.882423031,0.07102033487171866,0.05106599928694777,0.12208633415866643,9.725797001010505,0.0647509987174999,10.834846998477587,20.74748133236426
0,636,29310.895008883,29310.895080122,29310.895297929,29310.90477066,29310.904824337,29310.915639656,0.07123900286387652,0.2178069989895448,0.28904600185342133,9.472730998822954,0.053677002142649144,10.81531899762922,20.630773000448244
0,637,29310.92834221633,29310.928415016,29310.928635056,29310.93808347,29310.938135443,29310.956166743,0.07279966666828841,0.22004000129527412,0.29283966796356253,9.448413999052718,0.05197300197323784,18.031299998256145,27.824526667245664
0,638,29310.961675549665,29310.961747697,29310.961970227,29310.971500486,29310.971553959,29310.982508733,0.07214733705040999,0.222529997699894,0.294677334750304,9.530259001621744,0.05347299884306267,10.954773999401368,20.83318333461648
0,639,29310.995008882997,29310.995079804,29310.995111879,29311.004540608,29311.004586803,29311.014038273,0.07092100349836983,0.03207500049029477,0.1029960039886646,9.428728997590952,0.046195000322768465,9.451469999476103,19.029390001378488
0,640,29311.02834221633,29311.028413486,29311.028442412,29311.037709751,29311.037751232,29311.047235796,0.0712696710252203,0.028925998776685447,0.10019566980190575,9.2673389990523,0.04148100197198801,9.484563997830264,18.893579668656457
0,641,29311.061675549663,29311.061747769,29311.061972086,29311.071497169,29311.071546965,29311.080857563,0.07221933628898114,0.22431700199376792,0.29653633828274906,9.525082998152357,0.04979599907528609,9.310598001320614,19.182013336831005
0,642,29311.095008883,29311.095080107,29311.095308119,29311.104804748,29311.104856831,29311.114664426,0.07122399983927608,0.22801199884270318,0.29923599868197925,9.49662900166004,0.05208299990044907,9.807595000893343,19.65554300113581
0,643,29311.128342216332,29311.128414502,29311.128442418,29311.137754026,29311.137796221,29311.147646511,0.07228566755657084,0.027916001272387803,0.10020166882895865,9.311607998824911,0.04219499896862544,9.850290000031237,19.304294666653732
0,644,29311.161675549665,29311.16174459,29311.161964611,29311.171492462,29311.171545573,29311.181605532,0.06904033580212854,0.22002100013196468,0.2890613359340932,9.527850997983478,0.05311100176186301,10.059959000500385,19.92998233617982
0,645,29311.195008882998,29311.195077771,29311.195294709,29311.204819503,29311.204871226,29311.21484661,0.06888800271553919,0.21693799862987362,0.2858260013454128,9.5247940007539,0.0517230000696145,9.975384000426857,19.837727002595784
0,646,29311.22834221633,29311.228412534,29311.228630092,29311.238108136,29311.238161026,29311.248085779,0.07031767017906532,0.21755799753009342,0.28787566770915873,9.478044001298258,0.0528900018252898,9.924752997903852,19.74356266873656
0,647,29311.261675549664,29311.261746307,29311.261965225,29311.271499233,29311.271552188,29311.281502598,0.07075733446981758,0.21891800133744255,0.2896753358072601,9.534008000628091,0.05295500159263611,9.950409999873955,19.827048337901942
0,648,29311.295008882997,29311.295078134,29311.29529671,29311.304747152,29311.304801283,29311.314785787,0.0692510038788896,0.21857599858776666,0.28782700246665627,9.450442001252668,0.05413100006990135,9.984503998566652,19.776904002355877
0,649,29311.328342216333,29311.328416647,29311.328635871,29311.338142963,29311.338195658,29311.34816918,0.07443066715495661,0.21922399901086465,0.29365466616582125,9.50709199969424,0.05269500252325088,9.973521999199875,19.826963667583186
0,650,29311.361675549666,29311.361748882,29311.361975561,29311.371496763,29311.371550439,29311.381624212,0.07333233224926516,0.2266790033900179,0.30001133563928306,9.521201998722972,0.05367599806049839,10.073773002659436,19.94866233508219
0,651,29311.395008883,29311.395081635,29311.3953,29311.404852989,29311.404926638,29311.415131097,0.0727520018699579,0.21836499945493415,0.29111700132489204,9.552988998621004,0.07364900011452846,10.204459002125077,20.1222140021855
0,652,29311.42834221633,29311.428430399,29311.428650753,29311.438101825,29311.438153539,29311.448380045,0.08818266724119894,0.22035400252207182,0.30853666976327077,9.45107199731865,0.051713999710045755,10.226506001345115,20.03782866813708
0,653,29311.461675549665,29311.461746977,29311.461974979,29311.471504645,29311.4715566,29311.481742495,0.07142733375076205,0.2280020016769413,0.29942933542770334,9.529666000162251,0.05195500125410035,10.18589500017697,20.066945337021025
0,654,29311.495008882997,29311.49508001,29311.495302975,29311.504763547,29311.504818613,29311.515026527,0.0711270040483214,0.22296499810181558,0.294092002150137,9.46057200053474,0.055066000641090795,10.20791399787413,20.017644001200097
0,655,29311.52834221633,29311.528412626,29311.528630035,29311.538196396,29311.538250683,29311.548565997,0.07040967102511786,0.21740900047007017,0.287818671495188,9.56636099726893,0.05428700023912825,10.315314000763465,20.22378066976671
0,656,29311.561675549663,29311.561745408,29311.562011134,29311.571478632,29311.571531272,29311.581870567,0.06985833533690311,0.26572600108920597,0.3355843364261091,9.467497999139596,0.05263999992166646,10.339295000449056,20.195017335936427
0,657,29311.595008883,29311.595079423,29311.595298694,29311.604820388,29311.604873471,29311.61521534,0.07054000161588192,0.21927099805907346,0.2898109996749554,9.521693998976843,0.05308300023898482,10.34186900142231,20.206457000313094
0,658,29311.628342216332,29311.628412066,29311.62843791,29311.637744693,29311.637789694,29311.648163452,0.06984966603340581,0.02584400135674514,0.09569366739015095,9.306782998464769,0.045001001126365736,10.373757999332156,19.82123566631344
0,659,29311.661675549665,29311.661748054,29311.661974176,29311.671444953,29311.67149711,29311.681831572,0.0725043355487287,0.2261219997308217,0.2986263352795504,9.470777000387898,0.05215700002736412,10.334462000173517,20.15602233586833
0,660,29311.695008882998,29311.695081133,29311.695301653,29311.704834245,29311.70488669,29311.71532281,0.07225000081234612,0.2205199998570606,0.2927700006694067,9.532592001050944,0.052445000619627535,10.436119999212679,20.313927001552656
0,661,29311.72834221633,29311.728439147,29311.728666715,29311.738141861,29311.738219732,29311.749677475,0.0969306674960535,0.22756800171919167,0.3244986692152452,9.475145998294465,0.07787100184941664,11.457742999482434,21.33525866884156
0,662,29311.761675549664,29311.761749485,29311.761970201,29311.771464097,29311.771545663,29311.783206557,0.07393533451249823,0.2207160032412503,0.2946513377537485,9.493895999185042,0.0815659986983519,11.660894000669941,21.531007336307084
0,663,29311.795008882997,29311.79507824,29311.795308752,29311.804854575,29311.804926502,29311.815697034,0.06935700366739184,0.23051199968904257,0.2998690033564344,9.545822998916265,0.07192700286395848,10.770531996968202,20.68815100210486
0,664,29311.828342216333,29311.828655183,29311.828711786,29311.838281007,29311.838341646,29311.848718396,0.3129666656604968,0.05660300303134136,0.36956966869183816,9.569220997946104,0.06063899854780175,10.376750000432367,20.37617966561811
0,665,29311.861675549666,29311.861796147,29311.861849843,29311.871287387,29311.871354609,29311.882215225,0.12059733489877544,0.05369599966797978,0.17429333456675522,9.437543998501496,0.06722200123476796,10.860615999263246,20.539675333566265
0,666,29311.895008883,29311.895292218,29311.895528313,29311.905014987,29311.905097423,29311.917206118,0.28333500085864216,0.23609500203747302,0.5194300028961152,9.486674000072526,0.08243599950219505,12.108694998460123,22.19723500093096
0,667,29311.92834221633,29311.928617138,29311.928676241,29311.938254026,29311.938317759,29311.957612055,0.2749216691881884,0.05910300023970194,0.33402466942789033,9.577785000146832,0.06373299765982665,19.294296002044575,29.269838669279125
0,668,29311.961675549665,29311.961797011,29311.961855455,29311.971256777,29311.971323926,29311.982531184,0.12146133667556569,0.05844399856869131,0.179905335244257,9.40132200048538,0.06714900155202486,11.207257997739362,20.855634335021023
0,669,29311.995008882997,29311.995088356,29311.995115199,29312.0046508,29312.004701346,29312.016929691,0.07947300400701351,0.026842997613130137,0.10631600162014365,9.53560100242612,0.050545997510198504,12.228345000039553,21.920808001596015
0,670,29312.02834221633,29312.028623816,29312.028871819,29312.038345631,29312.038421308,29312.050502873,0.2815996704157442,0.24800299797789194,0.5296026683936361,9.473812002397608,0.07567699867649935,12.081565000698902,22.160656670166645
0,671,29312.061675549663,29312.061950764,29312.06201033,29312.071611189,29312.071699357,29312.082921478,0.2752143373072613,0.05956599852652289,0.3347803358337842,9.600859000784112,0.08816799891064875,11.222121000173502,21.245928335702047
0,672,29312.095008883,29312.095087599,29312.095115692,29312.104552125,29312.104602589,29312.115729838,0.07871599882491864,0.028092999855289236,0.10680899868020788,9.436433003429556,0.050463997467886657,11.127248999400763,20.720954998978414
0,673,29312.128342216332,29312.128654033,29312.128707885,29312.138130846,29312.138186754,29312.150338922,0.31181666781776585,0.05385199983720668,0.3656686676549725,9.422961000382202,0.05590799992205575,12.152168001193786,21.996705669153016
0,674,29312.161675549665,29312.161964157,29312.162211531,29312.171705706,29312.171793281,29312.183818391,0.2886073343688622,0.2473739987181034,0.5359813330869656,9.494175003055716,0.08757499745115638,12.02511000155937,22.142841335153207
0,675,29312.195008882998,29312.195282153,29312.195339663,29312.204855356,29312.204921477,29312.216138217,0.2732700013439171,0.05751000207965262,0.3307800034235697,9.515693000139436,0.06612099969061092,11.216740000236314,21.12933400348993
0,676,29312.22834221633,29312.228614778,29312.228668816,29312.238161472,29312.238222927,29312.24950351,0.2725616686802823,0.054037998779676855,0.32659966745995916,9.492656001384603,0.061455000832211226,11.28058299946133,21.161293669138104
0,677,29312.261675549664,29312.261949144,29312.262005127,29312.271408485,29312.271473643,29312.282737773,0.27359433443052694,0.055983000493142754,0.3295773349236697,9.403358002600726,0.06515799759654328,11.264130000199657,21.062223335320596
0,678,29312.295008882997,29312.295088555,29312.295117027,29312.304502755,29312.304554571,29312.316820888,0.07967200508574024,0.028471997211454436,0.10814400229719467,9.385728000779636,0.05181600135983899,12.266317000467097,21.812005004903767
0,679,29312.328342216333,29312.328620099,29312.32886575,29312.338410878,29312.338484675,29312.349877464,0.2778826674330048,0.24565100102336146,0.5235336684563663,9.545127999444958,0.07379700036835857,11.39278899790952,21.535247666179202
0,680,29312.361675549666,29312.361950863,29312.362004937,29312.371549936,29312.371621668,29312.382903845,0.2753133339865599,0.054074000217951834,0.3293873342045117,9.544999000354437,0.07173199992394075,11.282176998065552,21.22829533254844
0,681,29312.395008883,29312.395291746,29312.395535379,29312.405036248,29312.405111842,29312.417651958,0.28286300221225247,0.24363299962715246,0.5264960018394049,9.500869000476087,0.07559399819001555,12.540116000309354,22.64307500081486
0,682,29312.42834221633,29312.428627474,29312.428687605,29312.438149583,29312.438219381,29312.450455837,0.2852576690202113,0.060130998463137075,0.3453886674833484,9.461977999308147,0.0697980030963663,12.236455997481244,22.113620667369105
0,683,29312.461675549665,29312.46195884,29312.462017609,29312.471567617,29312.471648748,29312.483826323,0.2832903337548487,0.05876900104340166,0.34205933479825035,9.550008002406685,0.08113099829643033,12.177575001260266,22.15077333676163
0,684,29312.495008882997,29312.495087361,29312.495119462,29312.504668387,29312.504733166,29312.516235133,0.0784780022513587,0.032101001124829054,0.11057900337618776,9.548924997943686,0.06477900024037808,11.501967001095181,21.226250002655433
0,685,29312.52834221633,29312.528607053,29312.528659859,29312.538099052,29312.538156496,29312.549448145,0.26483666806598194,0.05280600089463405,0.317642668960616,9.439192999707302,0.057444001868134364,11.291648999758763,21.105928670294816
0,686,29312.561675549663,29312.561964716,29312.56201641,29312.57150264,29312.571567261,29312.583094283,0.2891663352784235,0.05169400174054317,0.3408603370189667,9.486229999311035,0.06462099918280728,11.527022001246223,21.418733336759033
0,687,29312.595008883,29312.595283071,29312.595333757,29312.604733708,29312.60478881,29312.616267803,0.274188001640141,0.050685997848631814,0.3248739994887728,9.399951002706075,0.05510199844138697,11.47899300121935,21.258920001855586
0,688,29312.628342216332,29312.628632297,29312.628684511,29312.638160416,29312.638219722,29312.650771134,0.29008066849200986,0.05221399987931363,0.3422946683713235,9.475905000726925,0.05930599945713766,12.55141199726495,22.428917665820336
0,689,29312.661675549665,29312.661950495,29312.662007542,29312.67152591,29312.671595615,29312.684050971,0.2749453342403285,0.05704700015485287,0.3319923343951814,9.518367998680333,0.06970500180614181,12.455355998099549,22.375421332981205
0,690,29312.695008882998,29312.69508745,29312.695114487,29312.704620651,29312.704707004,29312.716338138,0.0785670017648954,0.027037000108975917,0.10560400187387131,9.506163998594275,0.08635300036985427,11.631134002527688,21.329255003365688
0,691,29312.72834221633,29312.728606955,29312.728658539,29312.738131675,29312.73818775,29312.750522577,0.2647386681928765,0.05158400017535314,0.31632266836822964,9.473136000451632,0.056075001339195296,12.334826998994686,22.180360669153742
0,692,29312.761675549664,29312.761952014,29312.762008116,29312.771584069,29312.771662014,29312.784039277,0.2764643359114416,0.056101998779922724,0.3325663346913643,9.575953001331072,0.0779450019763317,12.377262999507366,22.363727337506134
0,693,29312.795008882997,29312.795281481,29312.79533724,29312.804883174,29312.804951749,29312.816618531,0.27259800481260754,0.055758999224053696,0.32835700403666124,9.545934000925627,0.06857499829493463,11.666782000247622,21.609648003504844
0,694,29312.828342216333,29312.828620049,29312.828671799,29312.838090195,29312.838148881,29312.849658319,0.27783266705228016,0.051750001148320735,0.3295826682006009,9.418395999091445,0.05868600055691786,11.50943799802917,21.316102665878134
0,695,29312.861675549666,29312.861997711,29312.862052425,29312.871494191,29312.871563905,29312.883043009,0.3221613333153073,0.05471400072565302,0.3768753340409603,9.441766000236385,0.06971399852773175,11.479103999590734,21.36745933239581
0,696,29312.895008883,29312.8950885,29312.895310439,29312.904772992,29312.904845049,29312.915889296,0.07961700248415582,0.22193899712874554,0.30155599961290136,9.462553000048501,0.0720570023986511,11.044246999517782,20.880413001577836
0,697,29312.92834221633,29312.928613979,29312.928853742,29312.938491307,29312.938560771,29312.95599924,0.27176266667083837,0.23976300144568086,0.5115256681165192,9.637564999138704,0.06946400026208721,17.43846899989876,27.65702366741607
0,698,29312.961675549665,29312.961799223,29312.961855104,29312.971366232,29312.971437334,29312.98165173,0.12367333692964166,0.055880998843349516,0.17955433577299118,9.511127998848679,0.07110200021998025,10.214395999355474,19.976180334197124
0,699,29312.995008882997,29312.99509045,29312.995113793,29313.004541078,29313.004599133,29313.01465124,0.08156700278050266,0.0233430000662338,0.10491000284673646,9.427285000128904,0.05805500040878542,10.052106998045929,19.642357001430355
0,700,29313.02834221633,29313.028626818,29313.028678227,29313.038101381,29313.038148752,29313.048888728,0.28460166868171655,0.05140900248079561,0.33601067116251215,9.423153998795897,0.0473709988000337,10.739976001787,20.546511670545442
0,701,29313.061675549663,29313.061953832,29313.062009176,29313.071520507,29313.071598795,29313.081850589,0.2782823357847519,0.055344000429613516,0.33362633621436544,9.511331001704093,0.07828799789422192,10.251793999486836,20.175039335299516
0,702,29313.095008883,29313.095282337,29313.095333708,29313.104801373,29313.104863707,29313.11537468,0.2734539993980434,0.05137100015417673,0.3248249995522201,9.467665000556735,0.06233400199562311,10.51097299932735,20.36579700143193
0,703,29313.128342216332,29313.128615222,29313.128666481,29313.138111886,29313.138171563,29313.149288654,0.2730056658037938,0.0512590013386216,0.3242646671424154,9.445405001315521,0.05967700053588487,11.117090998595813,20.946437667589635
0,704,29313.161675549665,29313.161961254,29313.162195488,29313.171731691,29313.171812914,29313.182800947,0.28570433642016724,0.23423399761668406,0.5199383340368513,9.536203000607202,0.08122299914248288,10.988033001922304,21.12539733570884
0,705,29313.195008882998,29313.195085738,29313.195114312,29313.204614977,29313.204680848,29313.21496603,0.0768550016800873,0.028573998861247674,0.10542900054133497,9.500665000814479,0.06587100142496638,10.285181997460313,19.957147000241093
0,706,29313.22834221633,29313.228605586,29313.228678419,29313.238087917,29313.238146806,29313.249154738,0.26336966766393743,0.07283300146809779,0.3362026691320352,9.409498001332395,0.05888899977435358,11.00793200021144,20.812521670450224
0,707,29313.261675549664,29313.261753633,29313.261780764,29313.271345326,29313.271414725,29313.281898614,0.07808333612047136,0.02713100184337236,0.10521433796384372,9.56456199855893,0.0693990004947409,10.483889000170166,20.22306433718768
0,708,29313.295008882997,29313.295272388,29313.295324657,29313.304734784,29313.30479297,29313.315242886,0.26350500411354005,0.052268998842919245,0.3157740029564593,9.410127000592183,0.05818600038764998,10.449916000652593,20.234003004588885
0,709,29313.328342216333,29313.328615003,29313.328666799,29313.338071981,29313.338124436,29313.348504611,0.2727866667555645,0.0517959997523576,0.3245826665079221,9.405182001501089,0.05245499778538942,10.380175001046155,20.162394666840555
0,710,29313.361675549666,29313.3619417,29313.361994553,29313.371382605,29313.37146655,29313.381864633,0.26615033493726514,0.05285299994284287,0.319003334880108,9.388051999849267,0.08394500036956742,10.398082999017788,20.18908333411673
0,711,29313.395008883,29313.395087137,29313.395317185,29313.404827239,29313.404901666,29313.416240323,0.07825400098226964,0.23004800095804967,0.3083020019403193,9.510053998383228,0.07442700007231906,11.338657001033425,21.23144000142929
0,712,29313.42834221633,29313.428462973,29313.428517558,29313.43794874,29313.438008065,29313.449326981,0.12075666745658964,0.05458500163513236,0.175341669091722,9.431181999389082,0.0593250006204471,11.318916000163881,20.984764669265132
0,713,29313.461675549665,29313.46195083,29313.462007979,29313.471546821,29313.471623868,29313.483141269,0.27528033388080075,0.057149001804646105,0.33242933568544686,9.538842001347803,0.07704699964961037,11.51740099885501,21.46571933553787
0,714,29313.495008882997,29313.495281844,29313.495337197,29313.504880871,29313.504949567,29313.515762766,0.27296100233797915,0.05535300078918226,0.3283140031271614,9.54367400117917,0.0686959974700585,10.813199001859175,20.753883003635565
0,715,29313.52834221633,29313.528621729,29313.528673914,29313.538108338,29313.538167005,29313.549817538,0.2795126711134799,0.0521849979122635,0.3316976690257434,9.434424002392916,0.05866699939360842,11.650533000647556,21.475321671459824
0,716,29313.561675549663,29313.561962872,29313.56221068,29313.571750679,29313.571839717,29313.582743213,0.2873223384085577,0.24780799867585301,0.5351303370844107,9.539998998661758,0.08903799971449189,10.903496000537416,21.067663335998077
0,717,29313.595008883,29313.59527996,29313.59533284,29313.604720476,29313.604780023,29313.615456303,0.27107700225315057,0.0528799973835703,0.32395699963672087,9.387636000610655,0.05954700100119226,10.676279998733662,20.44741999998223
0,718,29313.628342216332,29313.628614039,29313.62866689,29313.638204112,29313.638267353,29313.650103369,0.27182266785530373,0.05285099905449897,0.3246736669098027,9.537222002109047,0.06324099740595557,11.836016001325333,21.76115266775014
0,719,29313.661675549665,29313.661952441,29313.662008849,29313.671539654,29313.671611793,29313.683405781,0.27689133639796637,0.05640800009132363,0.33329933648929,9.53080499675707,0.07213900244096294,11.793988000135869,21.73023133582319
0,720,29313.695008882998,29313.695088257,29313.695116638,29313.704642211,29313.70470597,29313.716533384,0.07937400368973613,0.028380996809573844,0.10775500049930997,9.525573001155863,0.06375900193233974,11.827413996797986,21.5245010003855
0,721,29313.72834221633,29313.728611014,29313.728669423,29313.738231357,29313.738295747,29313.750152781,0.26879767028731294,0.058408997574588284,0.3272066678619012,9.56193400270422,0.06438999844249338,11.857034001877764,21.81056467088638
0,722,29313.761675549664,29313.761950491,29313.762007437,29313.771574695,29313.771655076,29313.783483314,0.2749413361016195,0.05694599894923158,0.3318873350508511,9.567258002789458,0.08038099986151792,11.828237998997793,21.80776433669962
0,723,29313.795008882997,29313.795283126,29313.795339348,29313.804815096,29313.804884699,29313.815948355,0.27424300424172543,0.056221997510874644,0.3304650017526001,9.475748000113526,0.06960300015634857,11.06365600207937,20.939472004101845
0,724,29313.828342216333,29313.82846224,29313.828538787,29313.837980229,29313.838037091,29313.849030143,0.12002366565866396,0.07654699948034249,0.19657066513900645,9.441442001843825,0.05686200165655464,10.993051997502334,20.68792666614172
0,725,29313.861675549666,29313.861755438,29313.861780383,29313.871195427,29313.871265075,29313.8822971,0.07988833385752514,0.024944998585851863,0.104833332443377,9.415044001798378,0.06964799831621349,11.032025002350565,20.621550334908534
0,726,29313.895008883,29313.895284843,29313.895529587,29313.905004168,29313.905082827,29313.917240022,0.27596000290941447,0.2447439983370714,0.5207040012464859,9.474580998357851,0.07865900261094794,12.157195000327192,22.231139002542477
0,727,29313.92834221633,29313.928620319,29313.92885485,29313.938397127,29313.938466544,29313.958127548,0.2781026669254061,0.23453100220649503,0.5126336691319011,9.542276999127353,0.0694170012138784,19.661004000226967,29.7853316697001
0,728,29313.961675549665,29313.961796942,29313.961852286,29313.97139747,29313.971466395,29313.982398179,0.12139233513153158,0.055344000429613516,0.1767363355611451,9.545183998852735,0.06892500096000731,10.931783999694744,20.722629335068632
0,729,29313.995008882997,29313.995088094,29313.995111455,29314.004517831,29314.004586332,29314.014259684,0.07921100404928438,0.02336099714739248,0.10257200119667687,9.406376000697492,0.06850100180599838,9.673352000390878,19.250801004091045
0,730,29314.02834221633,29314.028608172,29314.028659423,29314.038072901,29314.038129458,29314.048031053,0.2659556703292765,0.051250997785246,0.31720666811452247,9.413478001079056,0.056557000789325684,9.901594999973895,19.6888366699568
0,731,29314.061675549663,29314.061960787,29314.062189021,29314.071750853,29314.071828808,29314.081666699,0.2852373363566585,0.22823399922344834,0.5134713355801068,9.561832001054427,0.07795499914209358,9.83789100064314,19.991149336419767
0,732,29314.095008883,29314.095088195,29314.095111964,29314.104556962,29314.104617064,29314.114395667,0.07931200161692686,0.023769000108586624,0.10308100172551349,9.444997998798499,0.06010200013406575,9.77860299826716,19.38678399892524
0,733,29314.128342216332,29314.128614024,29314.12866597,29314.13828082,29314.138350025,29314.148670246,0.2718076684686821,0.05194600089453161,0.3237536693632137,9.614849997888086,0.06920500163687393,10.32022099752794,20.328029666416114
0,734,29314.161675549665,29314.16195938,29314.162190521,29314.17175663,29314.171844141,29314.182095481,0.28383033350110054,0.23114100258680992,0.5149713360879105,9.566108998114942,0.08751100176596083,10.251339997921605,20.419931333890418
0,735,29314.195008882998,29314.195284882,29314.195340809,29314.204943808,29314.205016837,29314.214928525,0.2759990020422265,0.05592700108536519,0.3319260031275917,9.602998998161638,0.07302900121430866,9.911688001011498,19.919642003515037
0,736,29314.22834221633,29314.228614248,29314.228667794,29314.238172886,29314.23822571,29314.248443143,0.27203166973777115,0.05354599852580577,0.3255776682635769,9.505091999017168,0.05282400161377154,10.21743299861555,20.100926667510066
0,737,29314.261675549664,29314.261998141,29314.262055706,29314.271587631,29314.271669919,29314.281904,0.3225913351343479,0.057565001043258235,0.38015633617760614,9.531924999464536,0.08228799924836494,10.234081000817241,20.22845033570775
0,738,29314.295008882997,29314.29528683,29314.29534197,29314.304884932,29314.304956172,29314.314882343,0.27794700508820824,0.05513999713002704,0.3330870022182353,9.542962001432898,0.07123999967006966,9.926170998369344,19.873460001690546
0,739,29314.328342216333,29314.328612788,29314.328665409,29314.338153638,29314.33820988,29314.348024456,0.2705716651689727,0.052621002396335825,0.3231926675653085,9.488228999543935,0.056241999118356034,9.814576002099784,19.682239668327384
0,740,29314.361675549666,29314.361752179,29314.361774688,29314.371287511,29314.371357465,29314.381412628,0.07662933421670459,0.022509000700665638,0.09913833491737023,9.512822998658521,0.0699539996276144,10.055163002107292,19.737078335310798
0,741,29314.395008883,29314.395131499,29314.395374232,29314.404935444,29314.405010121,29314.41586357,0.12261600204510614,0.24273300005006604,0.3653490020951722,9.561211998516228,0.0746770019759424,10.853448999114335,20.854687001701677
0,742,29314.42834221633,29314.428477744,29314.428709774,29314.438289857,29314.438356589,29314.449062555,0.13552766904467717,0.2320300009159837,0.36755766996066086,9.58008299858193,0.06673199823126197,10.70596600038698,20.72033866716083
0,743,29314.461675549665,29314.46175396,29314.461783812,29314.471303348,29314.471374682,29314.481978851,0.0784103358455468,0.02985199898830615,0.10826233483385295,9.51953600088018,0.07133400140446611,10.604168997815577,20.303301334934076
0,744,29314.495008882997,29314.495076427,29314.495105298,29314.504615343,29314.50467589,29314.515476764,0.06754400237696245,0.028870999813079834,0.09641500219004229,9.510045001661638,0.060546997701749206,10.800874002597993,20.467881004151423
0,745,29314.52834221633,29314.528409876,29314.528622369,29314.538130904,29314.538196257,29314.548818694,0.06765966827515513,0.21249299970804714,0.28015266798320226,9.508535000350093,0.06535300053656101,10.622436999256024,20.47647766812588
0,746,29314.561675549663,29314.561741436,29314.56176888,29314.571314518,29314.571388149,29314.581648183,0.06588633550563827,0.02744400262599811,0.09333033813163638,9.545638000417966,0.07363099939539097,10.260033999657026,19.97263333760202
0,747,29314.595008883,29314.595075283,29314.595098255,29314.604500492,29314.604554012,29314.614728434,0.06639999992330559,0.022971998987486586,0.08937199891079217,9.402237003087066,0.05351999789127149,10.174422001000494,19.719551000889624
0,748,29314.628342216332,29314.628408896,29314.628433572,29314.637903477,29314.637964645,29314.648735972,0.06667966590612195,0.024676002794876695,0.09135566870099865,9.46990499869571,0.06116800068411976,10.771327000838937,20.393755668919766
0,749,29314.661675549665,29314.66174088,29314.661968929,29314.67148464,29314.671591374,29314.682304228,0.06533033592859283,0.2280489970871713,0.29337933301576413,9.515711000858573,0.10673400174709968,10.712854000303196,20.628678335924633
0,750,29314.695008882998,29314.695118652,29314.69517619,29314.704707661,29314.704772985,29314.715516303,0.10976900011883117,0.05753800360253081,0.16730700372136198,9.531470997899305,0.06532399856951088,10.743318001914304,20.50742000210448
0,751,29314.72834221633,29314.728418127,29314.72844598,29314.737964514,29314.738025858,29314.748659776,0.07591066969325766,0.02785299875540659,0.10376366844866425,9.5185339996533,0.06134400246082805,10.633917998347897,20.31755966891069
0,752,29314.761675549664,29314.76174264,29314.761771149,29314.77131911,29314.771398093,29314.782161271,0.0670903355057817,0.028508999093901366,0.09559933459968306,9.547961002681404,0.07898299736552872,10.763178001070628,20.485721335717244
0,753,29314.795008882997,29314.795074846,29314.795102938,29314.804607242,29314.804670437,29314.815091742,0.06596300227101892,0.028091999411117285,0.09405500168213621,9.504304001893615,0.0631949988019187,10.421304999908898,20.08285900228657
0,754,29314.828342216333,29314.828408108,29314.828428331,29314.837877374,29314.83793344,29314.848162316,0.06589166514459066,0.02022300031967461,0.08611466546426527,9.449043001950486,0.05606600097962655,10.228875999018783,19.82009966741316
0,755,29314.861675549666,29314.861741761,29314.861762862,29314.871204674,29314.871271407,29314.881671444,0.06621133434236981,0.021101001038914546,0.08731233538128436,9.441811998840421,0.06673299867543392,10.400037001090823,19.995894333987962
0,756,29314.895008883,29314.895075348,29314.895282813,29314.90474169,29314.904809025,29314.915969506,0.0664649996906519,0.20746500013046898,0.2739299998211209,9.458877000724897,0.06733500049449503,11.160481000842992,20.960623001883505
0,757,29314.92834221633,29314.928408222,29314.92861704,29314.938132223,29314.938197456,29314.954661099,0.0660056684864685,0.20881800082861446,0.27482366931508295,9.515182999166427,0.06523299816763029,16.463643001770834,26.318882668419974
0,758,29314.961675549665,29314.961746718,29314.961771727,29314.971328791,29314.971399532,29314.982130082,0.07116833512554877,0.025009001547005028,0.09617733667255379,9.557064000546234,0.07074099994497374,10.730549998697825,20.454532335861586
0,759,29314.995008882997,29314.995077397,29314.99510211,29315.00461523,29315.004674731,29315.01529876,0.06851400394225493,0.02471299740136601,0.09322700134362094,9.513119999610353,0.05950100239715539,10.62402900060988,20.28987700396101
0,760,29315.02834221633,29315.028407652,29315.028429467,29315.03787678,29315.037926021,29315.048679589,0.06543566996697336,0.02181499803555198,0.08725066800252534,9.44731300114654,0.0492409999424126,10.753567999927327,20.337372669018805
0,761,29315.061675549663,29315.061742564,29315.061767878,29315.071224663,29315.071288368,29315.08190225,0.06701433812850155,0.025313998776255175,0.09232833690475672,9.456784999201773,0.06370499977492727,10.613882001052843,20.2267003369343
0,762,29315.095008883,29315.095075947,29315.095101254,29315.104500603,29315.104554195,29315.115115095,0.06706400017719716,0.02530699930503033,0.09237099948222749,9.399349000887014,0.053592000767821446,10.560899998381501,20.106211999518564
0,763,29315.128342216332,29315.128408545,29315.128430517,29315.137968497,29315.138026368,29315.148948086,0.06632866643485613,0.021972002286929637,0.08830066872178577,9.537980000459356,0.05787099871668033,10.921717999735847,20.60586966763367
0,764,29315.161675549665,29315.16174116,29315.161767632,29315.171292788,29315.171368465,29315.182022467,0.06561033296748064,0.02647200017236173,0.09208233313984238,9.525156001473079,0.07567699867649935,10.65400200241129,20.34691733570071
0,765,29315.195008882998,29315.195075265,29315.195097081,29315.204585958,29315.204643755,29315.215541696,0.0663820028421469,0.02181599847972393,0.08819800132187083,9.488876999967033,0.05779700222774409,10.897940999711864,20.53281300322851
0,766,29315.22834221633,29315.228465039,29315.228694569,29315.238207271,29315.238272004,29315.249030618,0.12282266834517941,0.2295300000696443,0.3523526684148237,9.512701999483397,0.06473300163634121,10.758614000224043,20.688401669758605
0,767,29315.261675549664,29315.26175457,29315.261778598,29315.271259022,29315.271326902,29315.281858283,0.07902033758000471,0.024027998733799905,0.10304833631380461,9.480423999775667,0.06787999882362783,10.531381001783302,20.1827333366964
0,768,29315.295008882997,29315.295076445,29315.295102509,29315.304591831,29315.304662786,29315.315254528,0.06756200309609994,0.026064000849146396,0.09362600394524634,9.489322001172695,0.07095499677234329,10.591742000542581,20.245645002432866
0,769,29315.328342216333,29315.328410411,29315.32862096,29315.338159634,29315.338230774,29315.349086352,0.06819466580054723,0.210549002076732,0.2787436678772792,9.538673999486491,0.07113999890862033,10.855577998881927,20.744135665154317
0,770,29315.361675549666,29315.361741923,29315.361767562,29315.371266263,29315.371337116,29315.382255881,0.0663733335386496,0.02563900125096552,0.09201233478961512,9.498700997937704,0.07085300239850767,10.918764997768449,20.580331332894275
0,771,29315.395008883,29315.39507637,29315.395287327,29315.404737055,29315.404803343,29315.41585059,0.06748700252501294,0.21095699776196852,0.27844400028698146,9.449728000618052,0.06628800110775046,11.047247000533389,20.841707002546173
0,772,29315.42834221633,29315.428408669,29315.428432382,29315.437923898,29315.437979306,29315.448869024,0.06645266694249585,0.02371300070080906,0.09016566764330491,9.491516000707634,0.05540799975278787,10.88971799981664,20.526807667920366
0,773,29315.461675549665,29315.461743532,29315.461954026,29315.471510756,29315.471588137,29315.483102787,0.06798233516747132,0.21049399947514758,0.2784763346426189,9.556730001349933,0.07738099884591065,11.514649999298854,21.427237334137317
0,774,29315.495008882997,29315.495076257,29315.495289242,29315.504855148,29315.504919454,29315.516437614,0.06737400326528586,0.21298499996191822,0.2803590032272041,9.565905998897506,0.06430600114981644,11.51815999764949,21.428731000924017
0,775,29315.52834221633,29315.528409926,29315.528436668,29315.537903156,29315.537959684,29315.54921962,0.0677096686558798,0.026742000045487657,0.09445166870136745,9.466488001635298,0.05652799882227555,11.259935999987647,20.877403669146588
0,776,29315.561675549663,29315.561742754,29315.561772421,29315.57137891,29315.571453818,29315.582399342,0.06720433520968072,0.029667000490007922,0.09687133569968864,9.606489002180751,0.0749079990782775,10.94552400172688,20.7237923386856
0,777,29315.595008883,29315.595076174,29315.595098989,29315.602622473,29315.602675242,29315.615022088,0.06729099914082326,0.022815002012066543,0.0901060011528898,7.523484000557801,0.05276899901218712,12.346846000582445,20.013205001305323
0,778,29315.628342216332,29315.628408854,29315.62844903,29315.638645407,29315.638878853,29315.650389106,0.06663766907877289,0.04017599712824449,0.10681366620701738,10.196377003012458,0.23344599685515277,11.510252999869408,22.046889665944036
0,779,29315.661675549665,29315.661742904,29315.661954424,29315.671498312,29315.671739102,29315.682809146,0.06735433635185473,0.2115199968102388,0.27887433316209354,9.543888001644518,0.24078999922494404,11.070044001826318,21.133596335857874
0,780,29315.695008882998,29315.695096259,29315.695319762,29315.704909697,29315.704968411,29315.715867128,0.08737600364838727,0.22350299695972353,0.3108790006081108,9.589935001713457,0.05871399844181724,10.89871700241929,20.858245003182674
0,781,29315.72834221633,29315.728437152,29315.728668192,29315.738272989,29315.738522519,29315.749965141,0.09493566903984174,0.23104000138118863,0.3259756704210304,9.604797000065446,0.2495299995644018,11.442621998867253,21.62292466891813
0,782,29315.761675549664,29315.761771842,29315.761998705,29315.771561621,29315.771801133,29315.782943576,0.09629233682062477,0.22686299780616537,0.32315533462679014,9.562916002323618,0.23951199909788556,11.142442999698687,21.26802633574698
0,783,29315.795008882997,29315.795092013,29315.795315154,29315.804812976,29315.804874421,29315.815687,0.0831300021673087,0.22314099987852387,0.3062710020458326,9.49782200041227,0.06144500002847053,10.812578999320976,20.67811700180755
0,784,29315.828342216333,29315.828431211,29315.828657538,29315.838173138,29315.838411974,29315.849778818,0.08899466774892062,0.22632699983660132,0.31532166758552194,9.515599998849211,0.2388360007898882,11.366843998985132,21.436601666209754
0,785,29315.861675549666,29315.861760419,29315.861793743,29315.871147064,29315.871370965,29315.882639066,0.08486933438689448,0.03332399865030311,0.11819333303719759,9.353321001981385,0.22390099911717698,11.26810099958675,20.96351633372251
0,786,29315.895008883,29315.895089923,29315.895307676,29315.904858701,29315.904919962,29315.915853292,0.08104000153252855,0.21775300047011115,0.2987930020026397,9.551024999382207,0.061260998336365446,10.933330002444563,20.844409002165776
0,787,29315.92834221633,29315.928421278,29315.928636818,29315.938157974,29315.938228938,29315.957065311,0.07906166865723208,0.21553999977186322,0.2946016684290953,9.521156000118935,0.07096400076989084,18.83637299761176,28.723094666929683
0,788,29315.961675549665,29315.961762977,29315.961796005,29315.971148658,29315.971214529,29315.98234812,0.08742733552935533,0.03302800178062171,0.12045533730997704,9.352652999950806,0.06587099778698757,11.133591000543674,20.672570335591445
0,789,29315.995008882997,29315.995090072,29315.995121295,29316.0043989,29316.004531384,29316.01559039,0.0811890022305306,0.03122300040558912,0.11241200263611972,9.277605000534095,0.13248399773146957,11.059006003051763,20.581507003953448
0,790,29316.02834221633,29316.028426343,29316.028656086,29316.038168927,29316.038223863,29316.049149285,0.08412667011725716,0.22974300009082071,0.3138696702080779,9.512840999377659,0.05493600110639818,10.92542200058233,20.807068671274465
0,791,29316.061675549663,29316.061756661,29316.061974366,29316.071503208,29316.071559477,29316.082427888,0.08111133865895681,0.21770499733975157,0.2988163359987084,9.528842001600424,0.05626900019706227,10.868410998227773,20.752338336023968
0,792,29316.095008883,29316.095091432,29316.095308036,29316.104807868,29316.104865775,29316.115870615,0.08254899876192212,0.21660400307155214,0.29915300183347426,9.499831998255104,0.05790700015495531,11.004840001987759,20.861732002231292
0,793,29316.128342216332,29316.128423453,29316.128452545,29316.137768949,29316.137813736,29316.148684352,0.08123666702886112,0.02909199974965304,0.11032866677851416,9.316404000855982,0.04478700066101737,10.870615999010624,20.342135667306138
0,794,29316.161675549665,29316.16176152,29316.161984801,29316.171534613,29316.17178082,29316.183067422,0.08597033593105152,0.22328100021695718,0.3092513361480087,9.549811999022495,0.2462070006004069,11.286601999017876,21.391872334788786
0,795,29316.195008882998,29316.195090541,29316.195310331,29316.204785235,29316.204842616,29316.216043716,0.08165800318238325,0.21978999939165078,0.30144800257403404,9.474903999944218,0.05738099935115315,11.201099998288555,21.03483300015796
0,796,29316.22834221633,29316.228422165,29316.228652491,29316.238169259,29316.238228963,29316.249371933,0.07994866973604076,0.2303260007465724,0.31027467048261315,9.51676799741108,0.05970400161459111,11.142970000946661,21.029716670454945
0,797,29316.261675549664,29316.261757048,29316.261995671,29316.271530744,29316.271587198,29316.283020441,0.0814983359305188,0.2386230007687118,0.3201213366992306,9.535073000733973,0.0564539986953605,11.433242998464266,21.34489133459283
0,798,29316.295008882997,29316.295088812,29316.295321582,29316.304840729,29316.304898535,29316.315888235,0.07992900282260962,0.23277000218513422,0.31269900500774384,9.519146999082295,0.057805998949334025,10.989700000209268,20.87935200324864
0,799,29316.328342216333,29316.328423861,29316.328649845,29316.338201687,29316.338257474,29316.349169396,0.08164466635207646,0.2259840002807323,0.30762866663280874,9.55184199847281,0.05578700074693188,10.911921999650076,20.827179665502626
0,800,29316.361675549666,29316.361757078,29316.361981951,29316.371512727,29316.371570663,29316.382809625,0.08152833470376208,0.22487299793283455,0.30640133263659663,9.530776002065977,0.05793599848402664,11.238962000788888,21.13407533397549
0,801,29316.395008883,29316.395090054,29316.395305519,29316.404829897,29316.404891,29316.41598597,0.08117100151139311,0.21546499920077622,0.29663600071216933,9.524378001515288,0.061102997278794646,11.09497000288684,20.97708700239309
0,802,29316.42834221633,29316.428432752,29316.428658986,29316.438215762,29316.43845133,29316.450077362,0.09053566827788018,0.22623399854637682,0.316769666824257,9.55677599995397,0.2355680007894989,11.626031999185216,21.735145666752942
0,803,29316.461675549665,29316.461758987,29316.461795811,29316.471158031,29316.471215069,29316.482370956,0.083437334978953,0.036823999835178256,0.12026133481413126,9.362220000184607,0.05703799979528412,11.155887001223164,20.695406336017186
0,804,29316.495008882997,29316.495091056,29316.495322456,29316.504802713,29316.50486014,29316.515794396,0.08217300273827277,0.2314000012120232,0.31357300395029597,9.480256998358527,0.057427001593168825,10.934255999018205,20.785513002920197
0,805,29316.52834221633,29316.528427828,29316.528658395,29316.538270432,29316.538521639,29316.549693008,0.08561167123843916,0.23056699865264818,0.31617866989108734,9.6120369998971,0.2512069986551069,11.171369002113352,21.350791670556646
0,806,29316.561675549663,29316.561755999,29316.561985529,29316.571513833,29316.571571509,29316.582755842,0.08044933565543033,0.2295300000696443,0.30997933572507463,9.528304002742516,0.05767599941464141,11.184332997800084,21.080292335682316
0,807,29316.595008883,29316.595085891,29316.595312375,29316.604842614,29316.604924096,29316.615972437,0.07700800051679835,0.22648400045000017,0.3034920009667985,9.530239000014262,0.08148199776769616,11.048341002606321,20.963554001355078
0,808,29316.628342216332,29316.62842008,29316.628449747,29316.637758299,29316.638007699,29316.649766817,0.07786366768414155,0.029667000490007922,0.10753066817414947,9.308551998401526,0.2494000000297092,11.759118002373725,21.42460066897911
0,809,29316.661675549665,29316.661754028,29316.661979364,29316.671640494,29316.671705004,29316.682851299,0.07847833330743015,0.2253359998576343,0.30381433316506445,9.661130003223661,0.0645099971734453,11.146295000799,21.17574933436117
0,810,29316.695008882998,29316.695087338,29316.695346646,29316.704909756,29316.704966489,29316.715987179,0.07845500294934027,0.2593079989310354,0.33776300188037567,9.563110001181485,0.05673299892805517,11.0206899989862,20.978296000976115
0,811,29316.72834221633,29316.728430553,29316.728656501,29316.738173535,29316.738434159,29316.75036474,0.08833667016006075,0.2259479988424573,0.31428466900251806,9.517033999145497,0.26062400138471276,11.9305810003425,22.022523669875227
0,812,29316.761675549664,29316.761762639,29316.761991188,29316.771542806,29316.771789069,29316.783236636,0.08708933455636725,0.228549000894418,0.31563833545078523,9.5516180008417,0.24626300000818446,11.447567001596326,21.561086337896995
0,813,29316.795008882997,29316.795090744,29316.79531844,29316.80488217,29316.804940486,29316.816021048,0.08186100239981897,0.22769600036554039,0.30955700276535936,9.563730000081705,0.0583159999223426,11.080561998824123,21.01216500159353
0,814,29316.828342216333,29316.828422782,29316.828467376,29316.83778139,29316.838043532,29316.849997197,0.0805656673037447,0.044593998609343544,0.12515966591308825,9.314014001574833,0.26214199897367507,11.95366500178352,21.654980668245116
0,815,29316.861675549666,29316.86176836,29316.86199201,29316.871538499,29316.871598722,29316.882885527,0.0928103327169083,0.2236500004073605,0.3164603331242688,9.5464890000585,0.06022299930918962,11.28680500187329,21.20997733436525
0,816,29316.895008883,29316.895104871,29316.895365911,29316.904893918,29316.904952012,29316.916080241,0.09598800170351751,0.2610400006233249,0.3570280023268424,9.528006998152705,0.05809399954159744,11.128229001769796,21.07135800179094
0,817,29316.92834221633,29316.928421845,29316.928637802,29316.937291058,29316.937343902,29316.956076412,0.07962866948219016,0.2159569994546473,0.29558566893683746,8.653255998069653,0.052843999583274126,18.732510001427727,27.73419566801749
0,818,29316.961675549665,29316.961753866,29316.961977305,29316.971510682,29316.971576368,29316.982855073,0.07831633411115035,0.22343900127452798,0.30175533538567834,9.533377000479959,0.06568599928868935,11.278705002041534,21.17952333719586
0,819,29316.995008882997,29316.99508637,29316.995312975,29317.004842066,29317.00490615,29317.016027278,0.07748700227239169,0.22660499962512404,0.30409200189751573,9.529090999421896,0.06408400076907128,11.121128001832403,21.018395003920887
0,820,29317.02834221633,29317.028430059,29317.028652951,29317.038165412,29317.038417295,29317.050205976,0.08784266901784576,0.22289200205705129,0.31073467107489705,9.512460997939343,0.25188300060108304,11.788681000325596,21.86375966994092
0,821,29317.061675549663,29317.061754128,29317.061990121,29317.071541027,29317.071602102,29317.082804926,0.07857833770685829,0.23599300038767979,0.3145713380945381,9.550905997457448,0.061075003031874076,11.202824000065448,21.12937633864931
0,822,29317.095008883,29317.095087706,29317.095305023,29317.104900124,29317.104960458,29317.116201883,0.07882299905759282,0.21731699962401763,0.29613999868161045,9.595101000741124,0.0603340013185516,11.24142499975278,21.193000000494067
0,823,29317.128342216332,29317.128421099,29317.128467321,29317.137804317,29317.138069024,29317.150457814,0.07888266918598674,0.04622199776349589,0.12510466694948263,9.33699600136606,0.26470699958736077,12.388790000841254,22.115597668744158
0,824,29317.161675549665,29317.161767953,29317.161998188,29317.171549511,29317.171608983,29317.183041838,0.09240333383786492,0.2302350003446918,0.3226383341825567,9.551323000778211,0.059472000430105254,11.432855000748532,21.366288336139405
0,825,29317.195008882998,29317.195087133,29317.195322284,29317.204890644,29317.204953932,29317.21647074,0.07825000284356065,0.23515099746873602,0.3134010003122967,9.568360001139808,0.06328800009214319,11.516808001033496,21.461857002577744
0,826,29317.22834221633,29317.228426091,29317.228662501,29317.23820299,29317.23844265,29317.250831737,0.08387466732528992,0.23641000007046387,0.3202846673957538,9.540489001665264,0.23965999935171567,12.389087001793087,22.48952067020582
0,827,29317.261675549664,29317.261757723,29317.262009912,29317.271594522,29317.271677726,29317.283167738,0.08217333743232302,0.25218899827450514,0.33436233570682816,9.584610001184046,0.08320399865624495,11.490012002468575,21.492188338015694
0,828,29317.295008882997,29317.295088209,29317.295320146,29317.304796144,29317.304854941,29317.316255887,0.07932600419735536,0.2319369996257592,0.31126300382311456,9.475997998379171,0.05879700256627984,11.400945997593226,21.24700400236179
0,829,29317.328342216333,29317.328426915,29317.328648307,29317.338148777,29317.338229935,29317.349936652,0.08469866588711739,0.22139200154924765,0.30609066743636504,9.500469997874461,0.08115800301311538,11.70671699946979,21.594435667793732
0,830,29317.361675549666,29317.361758557,29317.361788927,29317.37108908,29317.371136756,29317.382535239,0.08300733315991238,0.030369999876711518,0.1133773330366239,9.300153000367573,0.04767599966726266,11.398483002267312,20.85968933533877
0,831,29317.395008883,29317.395092087,29317.395319033,29317.404902347,29317.404959866,29317.416463137,0.08320400229422376,0.22694599829264916,0.3101500005868729,9.58331400033785,0.05751899880124256,11.503271001856774,21.45425400158274
0,832,29317.42834221633,29317.428430375,29317.428653647,29317.438176302,29317.438422231,29317.45090855,0.08815866749500856,0.22327199985738844,0.311430667352397,9.522655000182567,0.24592900081188418,12.486318999435753,22.5663336677826
0,833,29317.461675549665,29317.461757832,29317.461985954,29317.471531805,29317.471814215,29317.483491747,0.0822823349153623,0.2281220004078932,0.3104043353232555,9.545851000439143,0.2824100010911934,11.677531998429913,21.816197335283505
0,834,29317.495008882997,29317.495107278,29317.49513676,29317.504480922,29317.504531933,29317.51590809,0.09839500125963241,0.029482001991709694,0.1278770032513421,9.3441620010708,0.05101099668536335,11.37615700281458,20.899207003822085
0,835,29317.52834221633,29317.528425521,29317.528661765,29317.538221115,29317.538470358,29317.550826277,0.08330466880579479,0.23624400273547508,0.31954867154126987,9.559349997289246,0.24924299941631034,12.35591900331201,22.484060671558836
0,836,29317.561675549663,29317.561759125,29317.561997322,29317.571598377,29317.571838583,29317.583669922,0.08357533806702122,0.23819699708838016,0.3217723351554014,9.601055000530323,0.24020600176299922,11.831339001219021,21.994372338667745
0,837,29317.595008883,29317.595091007,29317.595317871,29317.604843999,29317.604905102,29317.616443854,0.08212399916374125,0.22686400188831612,0.30898800105205737,9.526128000288736,0.06110300091677345,11.538751998159569,21.434971000417136
0,838,29317.628342216332,29317.628423233,29317.628452974,29317.637868526,29317.638090418,29317.649842405,0.08101666753645986,0.029741000616922975,0.11075766815338284,9.415551998245064,0.22189200171851553,11.75198700002511,21.500188668142073
0,839,29317.661675549665,29317.661754356,29317.661982369,29317.671515144,29317.671576488,29317.683020676,0.07880633347667754,0.22801300292485394,0.3068193364015315,9.532774998660898,0.061343998822849244,11.444187999586575,21.345126333471853
0,840,29317.695008882998,29317.695088777,29317.695318585,29317.704829917,29317.704887538,29317.716293946,0.07989400182850659,0.22980799985816702,0.3097020016866736,9.511331998510286,0.0576210004510358,11.406408000766532,21.285063001414528
0,841,29317.72834221633,29317.728427299,29317.728659042,29317.738182689,29317.73844997,29317.750779926,0.08508266910212114,0.23174300076789223,0.31682566987001337,9.523647000605706,0.2672809969226364,12.329956000030506,22.437709667428862
0,842,29317.761675549664,29317.761755423,29317.761987453,29317.771523582,29317.771582767,29317.783267642,0.0798733344709035,0.2320300009159837,0.3119033353868872,9.536129000480287,0.05918500028201379,11.684875000355532,21.59209233650472
0,843,29317.795008882997,29317.795089362,29317.795117667,29317.804461266,29317.804515118,29317.81618878,0.08047900337260216,0.028304999432293698,0.10878400280489586,9.343599002022529,0.05385199983720668,11.673662000248441,21.179897004913073
0,844,29317.828342216333,29317.828430301,29317.828668424,29317.838232431,29317.838482582,29317.85115984,0.0880846673680935,0.2381230005994439,0.3262076679675374,9.564006999426056,0.25015099890879355,12.677258000621805,22.81762366692419
0,845,29317.861675549666,29317.861756591,29317.861978797,29317.871542565,29317.871603583,29317.883387497,0.08104133303277194,0.22220599930733442,0.30324733234010637,9.563768002408324,0.061017999541945755,11.783914000261575,21.71194733455195
0,846,29317.895008883,29317.895088511,29317.89530832,29317.904867364,29317.904945254,29317.916515257,0.07962800009408966,0.21980900055496022,0.2994370006490499,9.559043999615824,0.07788999937474728,11.570003000088036,21.506373999727657
0,847,29317.92834221633,29317.928424098,29317.928630998,29317.935025136,29317.935088323,29317.953722778,0.08188166975742206,0.2069000001938548,0.28878166995127685,6.394137999450322,0.0631869988865219,18.634454998391448,25.38056166667957
0,848,29317.961675549665,29317.961761027,29317.96198728,29317.971568575,29317.971635197,29317.981837564,0.08547733523300849,0.22625299970968626,0.31173033494269475,9.581295002135448,0.06662199666607194,10.202367000601953,20.162014334346168
0,849,29317.995008882997,29317.995091309,29317.99512092,29318.004382119,29318.004445083,29318.013531807,0.08242600233643316,0.02961100108223036,0.11203700341866352,9.26119900032063,0.0629639980616048,9.086723999644164,18.522924001445062
0,850,29318.02834221633,29318.028420599,29318.028683259,29318.038258175,29318.038490696,29318.047785183,0.07838266901671886,0.26265999986208044,0.3410426688787993,9.57491599911009,0.23252100072568282,9.294487001170637,19.44296666988521
0,851,29318.061675549663,29318.061755973,29318.061977448,29318.071500492,29318.071557279,29318.080357187,0.08042333865887485,0.22147499839775264,0.3018983370566275,9.523043998342473,0.05678700108546764,8.799907998763956,18.681637335248524
0,852,29318.095008883,29318.095085624,29318.095325691,29318.104834597,29318.104901838,29318.114228908,0.07674100197618827,0.24006699823075905,0.3168080002069473,9.50890600142884,0.06724099876009859,9.327070001745597,19.220025002141483
0,853,29318.128342216332,29318.128421737,29318.128451265,29318.137821317,29318.138043718,29318.148416901,0.07952066880534403,0.029528000595746562,0.10904866940109059,9.370051997393603,0.22240100224735215,10.373182998591801,20.074684667633846
0,854,29318.161675549665,29318.161753887,29318.16197626,29318.171564573,29318.171632991,29318.181316889,0.0783373361628037,0.22237299708649516,0.30071033324929886,9.588313001586357,0.06841800131951459,9.683897998911561,19.641339335066732
0,855,29318.195008882998,29318.195088704,29318.195315687,29318.204866362,29318.204923168,29318.214533269,0.07982100214576349,0.2269830001750961,0.3068040023208596,9.550675000355113,0.05680599861079827,9.610101002181182,19.524386003467953
0,856,29318.22834221633,29318.228424289,29318.228645782,29318.238168863,29318.238408533,29318.249223397,0.08207266728277318,0.22149300275486894,0.3035656700376421,9.52308100022492,0.23967000015545636,10.814863999257796,20.881180669675814
0,857,29318.261675549664,29318.261762754,29318.262002164,29318.271559403,29318.271814582,29318.282092477,0.08720433470443822,0.23941000108607113,0.32661433579050936,9.55723900187877,0.2551789984863717,10.27789499858045,20.4169273347361
0,858,29318.295008882997,29318.295090052,29318.29531399,29318.304812969,29318.304870572,29318.315225495,0.08116900426102802,0.2239379973616451,0.3051070016226731,9.498979001364205,0.05760299973189831,10.35492300070473,20.216612003423506
0,859,29318.328342216333,29318.328430971,29318.328659482,29318.338168795,29318.338404187,29318.349205098,0.08875466664903797,0.2285109985677991,0.3172656652168371,9.509313000307884,0.23539200265076943,10.800910997204483,20.862881665379973
0,860,29318.361675549666,29318.3617574,29318.361785002,29318.371156943,29318.371206665,29318.381813019,0.08185033584595658,0.027601996407611296,0.10945233225356787,9.37194100333727,0.04972199894837104,10.606354000628926,20.137469335168134
0,861,29318.395008883,29318.395085912,29318.395306211,29318.404842561,29318.404899794,29318.415644445,0.07702900256845169,0.2202989999204874,0.2973280024889391,9.53635000041686,0.057232999097323045,10.744651001004968,20.63556200300809
0,862,29318.42834221633,29318.428427036,29318.428665335,29318.438253195,29318.438509809,29318.449623252,0.08481966870022006,0.2382989987381734,0.32311866743839346,9.587860000465298,0.25661399922682904,11.113443000795087,21.281035667925607
0,863,29318.461675549665,29318.461758326,29318.461982737,29318.471487985,29318.471545142,29318.482316711,0.08277633605757728,0.22441100009018555,0.30718733614776284,9.505247999186395,0.0571570017200429,10.771568999189185,20.641161336243385
0,864,29318.495008882997,29318.495088968,29318.495324952,29318.504842024,29318.504904516,29318.515685474,0.08008500299183652,0.23598400002811104,0.31606900301994756,9.517071997834137,0.06249200305319391,10.780958000395913,20.67659100430319
0,865,29318.52834221633,29318.528426805,29318.528649613,29318.538174584,29318.538428957,29318.550379326,0.08458867159788497,0.22280799748841673,0.3073966690863017,9.524970999336801,0.25437300064368173,11.950369000260253,22.037109669327037
0,866,29318.561675549663,29318.561757743,29318.561986533,29318.571559477,29318.571641867,29318.582603186,0.0821933354018256,0.22879000243847258,0.3109833378402982,9.572943999955896,0.08239000089815818,10.961318999761716,20.927636338456068
0,867,29318.595008883,29318.595089774,29318.59531286,29318.604814627,29318.604874294,29318.615633732,0.0808910008345265,0.22308600091491826,0.30397700174944475,9.501766999164829,0.05966699973214418,10.75943799878587,20.624848999432288
0,868,29318.628342216332,29318.628423583,29318.628453287,29318.637764274,29318.637991777,29318.649858441,0.08136666656355374,0.029704002372454852,0.11107066893600859,9.31098699948052,0.22750299831386656,11.866664000990568,21.516224667720962
0,869,29318.661675549665,29318.661756938,29318.661981256,29318.671539652,29318.671601329,29318.682693789,0.08138833436532877,0.22431799879996106,0.30570633316528983,9.558396002830705,0.06167699757497758,11.09246000123676,21.01823933480773
0,870,29318.695008882998,29318.69508647,29318.695338297,29318.704886109,29318.70494161,29318.715865726,0.07758700303384103,0.25182699755532667,0.3294140005891677,9.547812001983402,0.055501001043012366,10.924115998932393,20.856843002547976
0,871,29318.72834221633,29318.728427147,29318.7286539,29318.738242565,29318.738484781,29318.750726819,0.08493067070958205,0.22675299987895414,0.3116836705885362,9.588664997863816,0.24221599960583262,12.242037999385502,22.384602667443687
0,872,29318.761675549664,29318.761755723,29318.762001198,29318.771590049,29318.771648994,29318.782726815,0.08017333675525151,0.24547499924665317,0.3256483360019047,9.588851000444265,0.05894499918213114,11.077821000071708,21.05126533570001
0,873,29318.795008882997,29318.79508867,29318.79535296,29318.804868837,29318.804928384,29318.815928371,0.07978700159583241,0.2642900035425555,0.3440770051383879,9.515876998193562,0.05954700100119226,10.999987000104738,20.91948800443788
0,874,29318.828342216333,29318.828425986,29318.828653313,29318.838187552,29318.838434934,29318.850417543,0.08376966798095964,0.22732700017513707,0.3110966681560967,9.534238997730426,0.247382002271479,11.982608997641364,22.075326665799366
0,875,29318.861675549666,29318.861758636,29318.861787063,29318.871106114,29318.871155651,29318.882554458,0.08308633550768718,0.02842699905158952,0.1115133345592767,9.319050997874001,0.04953700045007281,11.398807000659872,20.878908333543222
0,876,29318.895008883,29318.895087453,29318.895299372,29318.904821389,29318.904879926,29318.916121851,0.07856999945943244,0.211919003049843,0.29048900250927545,9.522016996925231,0.05853700349689461,11.241924999922048,21.11296800285345
0,877,29318.92834221633,29318.928424529,29318.928651263,29318.936872116,29318.937110369,29318.957723938,0.08231266838265583,0.2267339987156447,0.30904666709830053,8.220853000239003,0.23825300013413653,20.613569002307486,29.381721669778926
0,878,29318.961675549665,29318.961762819,29318.96200533,29318.971560283,29318.971619654,29318.983001071,0.08726933447178453,0.24251099966932088,0.3297803341411054,9.554953001497779,0.05937099922448397,11.381416999938665,21.325521334802033
0,879,29318.995008882997,29318.99509322,29318.995120868,29319.004523281,29319.004575051,29319.01578217,0.08433700349996798,0.02764799864962697,0.11198500214959495,9.402413001225796,0.05176999911782332,11.207119001483079,20.773287003976293
0,880,29319.02834221633,29319.02842125,29319.028447279,29319.037732543,29319.037772496,29319.04782214,0.0790336707723327,0.026028999855043367,0.10506267062737606,9.285264000936877,0.03995299994130619,10.049643999082036,19.479923670587596
0,881,29319.061675549663,29319.061760967,29319.061981506,29319.071556338,29319.071793027,29319.082562965,0.08541733768652193,0.22053900102037005,0.305956338706892,9.574831998179434,0.23668900030315854,10.769937998702517,20.887415335892
0,882,29319.095008883,29319.09509084,29319.095314806,29319.10482873,29319.104890147,29319.114784372,0.08195700138458051,0.2239659988845233,0.3059230002691038,9.513924000202678,0.061416998505592346,9.894225000607548,19.775488999584923
0,883,29319.128342216332,29319.128422991,29319.128451057,29319.137919017,29319.138146955,29319.148725901,0.08077466918621212,0.028065998776583,0.10884066796279512,9.467960000620224,0.22793799871578813,10.578945999441203,20.38368466674001
0,884,29319.161675549665,29319.161753912,29319.161973053,29319.171483764,29319.171541506,29319.181528333,0.07836233635316603,0.21914099852438085,0.2975033348775469,9.510710999165894,0.05774199962615967,9.98682700083009,19.85278333449969
0,885,29319.195008882998,29319.195089498,29319.195307602,29319.204773155,29319.204857518,29319.214677426,0.08061500193434767,0.21810399994137697,0.29871900187572464,9.465553001064109,0.08436300049652345,9.81990799846244,19.668543001898797
0,886,29319.22834221633,29319.22842564,29319.228652902,29319.238170168,29319.238414967,29319.248808169,0.08342367073055357,0.22726199676981196,0.3106856675003655,9.517266000329982,0.2447990009386558,10.393201999249868,20.465952668018872
0,887,29319.261675549664,29319.261760819,29319.261987785,29319.271591125,29319.271861527,29319.282095265,0.08526933743269183,0.22696599990013056,0.3122353373328224,9.603340000467142,0.27040199711336754,10.233738001261372,20.419715336174704
0,888,29319.295008882997,29319.295089451,29319.295307657,29319.304801618,29319.304860397,29319.31475088,0.08056800288613886,0.2182060015911702,0.29877400447730906,9.493960998952389,0.05877899820916355,9.890483001072425,19.741997002711287
0,889,29319.328342216333,29319.328428324,29319.328663272,29319.338266623,29319.338512533,29319.34917184,0.08610766599304043,0.2349480018892791,0.32105566788231954,9.603350998077076,0.24590999964857474,10.659307001333218,20.82962366694119
0,890,29319.361675549666,29319.361758762,29319.361791921,29319.371133741,29319.371184343,29319.381405137,0.083212333265692,0.03315900175948627,0.11637133502517827,9.341819997644052,0.050602000555954874,10.220793999906164,19.72958733313135
0,891,29319.395008883,29319.395089126,29319.395315583,29319.404859072,29319.404914517,29319.415328211,0.08024300041142851,0.22645699937129393,0.30669999978272244,9.543489002680872,0.055444997997255996,10.413693998998497,20.319327999459347
0,892,29319.42834221633,29319.428426954,29319.428652299,29319.438181084,29319.438422143,29319.449272055,0.08473766865790822,0.22534500021720305,0.31008266887511127,9.528784998110496,0.24105900229187682,10.849911999684991,20.929838668962475
0,893,29319.461675549665,29319.461765855,29319.461993107,29319.471567559,29319.471807683,29319.482383396,0.09030533692566678,0.22725199960405007,0.31755733652971685,9.574452000379097,0.24012399808270857,10.575713000434916,20.70784633542644
0,894,29319.495008882997,29319.495089809,29319.495309794,29319.504848746,29319.504907598,29319.515220549,0.08092600182862952,0.2199850023316685,0.30091100416029803,9.538951999275014,0.05885199789190665,10.312951002561022,20.21166600388824
0,895,29319.52834221633,29319.528424404,29319.528452756,29319.537809456,29319.538036959,29319.548822397,0.08218767106882297,0.028351998480502516,0.11053966954932548,9.356700000353158,0.22750299831386656,10.785438000311842,20.48018066852819
0,896,29319.561675549663,29319.561755239,29319.561968426,29319.57147661,29319.571533703,29319.581882692,0.07968933641677722,0.213186998735182,0.2928763351519592,9.508184000878828,0.05709300239686854,10.348988998885034,20.20714233731269
0,897,29319.595008883,29319.59508962,29319.595310253,29319.604800824,29319.604861158,29319.615080506,0.0807370015536435,0.2206329991167877,0.3013700006704312,9.490570999332704,0.0603340013185516,10.219347997917794,20.07162299923948
0,898,29319.628342216332,29319.628421298,29319.628450789,29319.637856285,29319.638081908,29319.649039849,0.07908166662673466,0.02949100235127844,0.1085726689780131,9.405495999089908,0.22562300000572577,10.957940998196136,20.697632666269783
0,899,29319.661675549665,29319.661760808,29319.662030145,29319.671588199,29319.67182773,29319.682538629,0.08525833618477918,0.2693369970074855,0.35459533319226466,9.558054000081029,0.239531000261195,10.710899001423968,20.863079334958456
0,900,29319.695008882998,29319.695096144,29319.695330693,29319.704848061,29319.704932015,29319.715559795,0.08726100350031629,0.23454899928765371,0.32181000278797,9.517367998341797,0.08395400072913617,10.627780000504572,20.550912002363475
0,901,29319.72834221633,29319.728423767,29319.728645334,29319.738227037,29319.738470984,29319.74911981,0.08155066825565882,0.22156699924380518,0.303117667499464,9.581703001458663,0.24394700085395016,10.648825998941902,20.77759366875398
0,902,29319.761675549664,29319.761756473,29319.761985105,29319.771571743,29319.771630587,29319.781996567,0.08092333519016393,0.22863200138090178,0.3095553365710657,9.586637999746017,0.05884400161448866,10.365979997004615,20.321017334936187
0,903,29319.795008882997,29319.79508869,29319.795354517,29319.804873728,29319.804930154,29319.815249467,0.0798070032033138,0.26582699865684845,0.34563400186016224,9.519211002043448,0.05642600081046112,10.319312998035457,20.24058400274953
0,904,29319.828342216333,29319.828428831,29319.828664075,29319.838180905,29319.83842302,29319.849559787,0.08661466563353315,0.23524400239693932,0.3218586680304725,9.516829999483889,0.24211499840021133,11.136766999698011,21.217570665612584
0,905,29319.861675549666,29319.861766982,29319.861986771,29319.87156015,29319.871816736,29319.882755094,0.0914323354663793,0.21978899894747883,0.31122133441385813,9.573379000357818,0.25658599770395085,10.938358002022142,21.07954433449777
0,906,29319.895008883,29319.895091448,29319.895318692,29319.904799865,29319.904857171,29319.915648712,0.08256500223069452,0.22724399968865328,0.3098090019193478,9.481172997766407,0.057306002418044955,10.791541000799043,20.639829002902843
0,907,29319.92834221633,29319.928422284,29319.928649936,29319.938224398,29319.938269925,29319.95657483,0.08006766802282073,0.2276519990118686,0.30771966703468934,9.574462001182837,0.0455270019301679,18.304904999240534,28.23261366938823
0,908,29319.961675549665,29319.961759769,29319.961987448,29319.971566873,29319.971621206,29319.982412691,0.0842193367134314,0.22767900009057485,0.31189833680400625,9.57942499735509,0.05433300248114392,10.791484997753287,20.737141334393527
0,909,29319.995008882997,29319.995094393,29319.995323219,29320.004837754,29320.00489657,29320.015614712,0.08551000428269617,0.22882599660078995,0.3143360008834861,9.514535002381308,0.058816000091610476,10.71814199895016,20.605829002306564
0,910,29320.02834221633,29320.028421154,29320.028638352,29320.038173516,29320.038225462,29320.048975187,0.07893766814959235,0.21719800133723766,0.29613566948683,9.535164001135854,0.05194600089453161,10.749724999186583,20.6329706707038
0,911,29320.061675549663,29320.061756501,29320.061785528,29320.071177201,29320.071223544,29320.081886333,0.08095133671304211,0.029026999982306734,0.10997833669534884,9.391673000209266,0.04634300057659857,10.662788998160977,20.21078333564219
0,912,29320.095008883,29320.095089169,29320.095310894,29320.104861763,29320.10492092,29320.11565422,0.08028600132092834,0.22172500030137599,0.3020110016223043,9.55086899921298,0.059156998759135604,10.733300001447788,20.645337001042208
0,913,29320.128342216332,29320.128423134,29320.128451467,29320.137757055,29320.137802862,29320.148505484,0.08091766721918248,0.028333000955171883,0.10925066817435436,9.305587998824194,0.04580699896905571,10.70262200300931,20.163267668976914
0,914,29320.161675549665,29320.161754608,29320.161970471,29320.171489098,29320.171547608,29320.182282685,0.07905833626864478,0.21586299772025086,0.29492133398889564,9.518627000943525,0.05850999878020957,10.735077001299942,20.607135335012572
0,915,29320.195008882998,29320.195088655,29320.195305444,29320.204841405,29320.204899832,29320.215606343,0.07977200220921077,0.21678899793187156,0.29656100014108233,9.535961002256954,0.058426998293725774,10.706511002354091,20.597460003045853
0,916,29320.22834221633,29320.228423999,29320.228658298,29320.238263472,29320.238541105,29320.250043755,0.08178266944014467,0.23429900102200918,0.31608167046215385,9.605174000171246,0.27763300022343174,11.502649998874404,21.701538669731235
0,917,29320.261675549664,29320.261761529,29320.261982771,29320.271528843,29320.271762892,29320.282882343,0.08597933629062027,0.22124200040707365,0.3072213366976939,9.546072000375716,0.23404899911838584,11.11945099910372,21.206793335295515
0,918,29320.295008882997,29320.295089779,29320.295306124,29320.304821289,29320.304884809,29320.315667885,0.08089600305538625,0.21634500080836006,0.2972410038637463,9.51516499844729,0.06352000127662905,10.783075998915592,20.659002002503257
0,919,29320.328342216333,29320.32843054,29320.328654154,29320.338236754,29320.338469905,29320.350484803,0.0883236680238042,0.22361399896908551,0.3119376669928897,9.582599999703234,0.23315100042964332,12.014897998597007,22.142586665722774
0,920,29320.361675549666,29320.361761015,29320.361788321,29320.371094493,29320.371150474,29320.38236689,0.0854653335409239,0.027305999537929893,0.11277133307885379,9.306171999924118,0.05598099960479885,11.216416001843754,20.691340334451525
0,921,29320.395008883,29320.395089351,29320.395301955,29320.404824694,29320.404880028,29320.415976415,0.08046800212468952,0.2126039980794303,0.29307200020411983,9.522739001113223,0.05533399962587282,11.09638699927018,20.967532000213396
0,922,29320.42834221633,29320.428422586,29320.428639606,29320.438218216,29320.438281551,29320.449673042,0.08036966755753383,0.21702000231016427,0.2973896698676981,9.578609999152832,0.06333499914035201,11.391490999812959,21.33082566797384
0,923,29320.461675549665,29320.461763144,29320.461984674,29320.471532127,29320.471775027,29320.483240039,0.08759433694649488,0.22152999736135826,0.30912433430785313,9.54745300259674,0.24289999782922678,11.465012001281139,21.564489336014958
0,924,29320.495008882997,29320.495092933,29320.495309019,29320.504857064,29320.504932629,29320.516019757,0.08405000335187651,0.21608599854516797,0.3001360018970445,9.548044999974081,0.07556499986094423,11.087128001236124,21.010874002968194
0,925,29320.52834221633,29320.528427917,29320.528651189,29320.538201733,29320.53844332,29320.549834191,0.08570067075197585,0.22327199985738844,0.3089726706093643,9.550544000376249,0.24158700034604408,11.39087099727476,21.491974668606417
0,926,29320.561675549663,29320.561759531,29320.561978599,29320.571509264,29320.571571643,29320.582853857,0.08398133650189266,0.21906799884163775,0.3030493353435304,9.530665000056615,0.06237900015548803,11.282213999947999,21.178307335503632
0,927,29320.595008883,29320.59508984,29320.595306407,29320.604815145,29320.604872211,29320.616121192,0.08095700104604475,0.2165670011891052,0.29752400223514996,9.50873799956753,0.0570659976801835,11.248981001699576,21.11230900118244
0,928,29320.628342216332,29320.628421074,29320.628449269,29320.637790737,29320.638016342,29320.650180851,0.07885766899562441,0.028194997867103666,0.10705266686272807,9.341468001366593,0.22560499928658828,12.164509000285761,21.83863466780167
0,929,29320.661675549665,29320.661756642,29320.661978273,29320.671519356,29320.671577671,29320.682837161,0.08109233385766856,0.22163100220495835,0.3027233360626269,9.54108299993095,0.05831499947817065,11.259489998337813,21.16161133380956
0,930,29320.695008882998,29320.695086005,29320.695302906,29320.704815793,29320.704873127,29320.716133905,0.07712200022069737,0.2169010003854055,0.29402300060610287,9.512887001619674,0.05733400030294433,11.260777999268612,21.125022001797333
0,931,29320.72834221633,29320.728427091,29320.728648705,29320.738226518,29320.738470743,29320.750861886,0.08487466766382568,0.2216140019299928,0.3064886695938185,9.577812998031732,0.24422500064247288,12.391143001877936,22.51966967014596
0,932,29320.761675549664,29320.761764288,29320.761987412,29320.771614327,29320.771858164,29320.783423592,0.08873833576217294,0.22312399960355833,0.31186233536573127,9.626915001717862,0.24383699928876013,11.565428001631517,21.74804233800387
0,933,29320.795008882997,29320.795090939,29320.795315183,29320.804854329,29320.804915154,29320.816157588,0.0820560017018579,0.22424400231102481,0.3063000040128827,9.53914599813288,0.06082500112825073,11.242434000450885,21.1487050037249
0,934,29320.828342216333,29320.828431072,29320.82865664,29320.838245934,29320.838484316,29320.850931922,0.08885566785465926,0.22556799740414135,0.3144236652588006,9.589294000761583,0.2383819992246572,12.447606000932865,22.589705666177906
0,935,29320.861675549666,29320.861759518,29320.861792416,29320.871116115,29320.871345007,29320.883211634,0.08396833436563611,0.032897998607950285,0.1168663329735864,9.323698999651242,0.22889200045028701,11.8666270027461,21.536084335821215
0,936,29320.895008883,29320.895093084,29320.895313827,29320.904838074,29320.904894474,29320.91656107,0.08420100130024366,0.22074300068197772,0.3049440019822214,9.524246997898445,0.056400000175926834,11.666596001305152,21.552187001361744
0,937,29320.92834221633,29320.92843441,29320.928665291,29320.937326029,29320.937559143,29320.957439176,0.09219366984325461,0.23088099987944588,0.3230746697227005,8.660737999889534,0.2331139985471964,19.880032999935793,29.096959668095224
0,938,29320.961675549665,29320.961760521,29320.961976654,29320.971510874,29320.971571541,29320.983336934,0.08497133603668772,0.2161330012313556,0.3011043372680433,9.534219996567117,0.06066700007067993,11.765393002860947,21.661384336766787
0,939,29320.995008882997,29320.995087365,29320.995314091,29321.004814616,29321.004867662,29321.01486387,0.0784820040280465,0.2267259988002479,0.3052080028282944,9.500525000476046,0.05304599835653789,9.99620800212142,19.8549870037823
0,940,29321.02834221633,29321.028420737,29321.02865437,29321.038177062,29321.038426935,29321.047714689,0.07852066846680827,0.2336329998797737,0.312153668346582,9.522692002065014,0.24987299912027083,9.287754000979476,19.372472670511343
0,941,29321.061675549663,29321.061756387,29321.062001899,29321.071531082,29321.07158712,29321.080516944,0.08083733700914308,0.2455120011291001,0.3263493381382432,9.529183000267949,0.056037999456748366,8.929823998187203,18.841394336050143
0,942,29321.095008883,29321.095089445,29321.095357392,29321.104908427,29321.104972363,29321.113963911,0.08056200022110716,0.2679470017028507,0.34850900192395784,9.551035000185948,0.06393599687726237,8.991548002086347,18.955028001073515
0,943,29321.128342216332,29321.12842891,29321.128478049,29321.137806805,29321.138074428,29321.147406943,0.08669366798130795,0.04913899829261936,0.13583266627392732,9.32875600119587,0.2676229996723123,9.332515001005959,19.06472666814807
0,944,29321.161675549665,29321.161769523,29321.161995712,29321.171530719,29321.171607183,29321.180521303,0.09397333633387461,0.2261889967485331,0.3201623330824077,9.535007000522455,0.0764640026318375,8.91411999691627,18.84575333315297
0,945,29321.195008882998,29321.195088591,29321.195309511,29321.204767202,29321.204824536,29321.214140059,0.07970800288603641,0.22091999926487915,0.30062800215091556,9.45769100144389,0.057333996664965525,9.315523002442205,19.131176002701977
0,946,29321.22834221633,29321.228430094,29321.228650059,29321.238185557,29321.238424569,29321.248700511,0.0878776700119488,0.21996500072418712,0.3078426707361359,9.535497996694176,0.2390120025665965,10.275942000589566,20.358294670586474
0,947,29321.261675549664,29321.261758966,29321.261974718,29321.27150092,29321.271562208,29321.281301783,0.08341633656527847,0.21575199934886768,0.29916833591414616,9.526202000415651,0.06128799941507168,9.739575001731282,19.62623333747615
0,948,29321.295008882997,29321.295089247,29321.295306684,29321.304800784,29321.304857359,29321.31428331,0.08036400322453119,0.21743699835496955,0.29780100157950073,9.494100002484629,0.05657499787048437,9.425951000594068,19.274427002528682
0,949,29321.328342216333,29321.328428925,29321.328656298,29321.338182963,29321.338425456,29321.349076856,0.08670866736792959,0.22737299877917394,0.31408166614710353,9.52666500234045,0.2424929989501834,10.651399999915157,20.734639667352894
0,950,29321.361675549666,29321.361761613,29321.361790363,29321.371151396,29321.37137801,29321.381795675,0.08606333358329721,0.028750000637955964,0.11481333422125317,9.361033000459429,0.22661399998469278,10.41766499838559,20.120125333050964
0,951,29321.395008883,29321.395090466,29321.395312312,29321.404899478,29321.40495684,29321.415168503,0.08158300261129625,0.22184599947649986,0.3034290020877961,9.587165997800184,0.05736200182582252,10.211663000518456,20.15962000223226
0,952,29321.42834221633,29321.428422321,29321.428642009,29321.43814898,29321.438204989,29321.448315651,0.08010466990526766,0.21968799774185754,0.2997926676471252,9.506971000519115,0.05600900112767704,10.110661998623982,19.9734346679179
0,953,29321.461675549665,29321.46175799,29321.461985566,29321.471516129,29321.471572,29321.481676625,0.0824403359729331,0.22757599799660966,0.31001633396954276,9.5305630020448,0.05587099803960882,10.104625001986278,20.00107533604023
0,954,29321.495008882997,29321.49508875,29321.495317059,29321.504851019,29321.50490878,29321.515038607,0.07986700438777916,0.22830899979453534,0.3081760041823145,9.533959997497732,0.05776100078946911,10.129827001946978,20.029724004416494
0,955,29321.52834221633,29321.528428196,29321.528662653,29321.538268809,29321.53850896,29321.548977681,0.08597967098467052,0.23445699844160117,0.3204366694262717,9.606155999790644,0.2401509991614148,10.468721000506775,20.635464668885106
0,956,29321.561675549663,29321.561756161,29321.561977468,29321.571529845,29321.571590226,29321.581791352,0.08061133848968893,0.22130700017441995,0.3019183386641089,9.55237699963618,0.06038100036676042,10.201125998719363,20.115802337386413
0,957,29321.595008883,29321.595087744,29321.595306007,29321.604807846,29321.604867606,29321.615002953,0.0788610013842117,0.2182629978051409,0.2971239991893526,9.501839002041379,0.05976000102236867,10.135346998140449,19.99407000039355
0,958,29321.628342216332,29321.628420495,29321.628450598,29321.637838817,29321.638062467,29321.649074694,0.07827866647858173,0.030103001336101443,0.10838166781468317,9.388219001266407,0.2236499967693817,11.012227001629071,20.732477667479543
0,959,29321.661675549665,29321.661756978,29321.661981805,29321.67157797,29321.671817982,29321.682389149,0.08142833394231275,0.22482699932879768,0.30625533327111043,9.596165000402834,0.24001200290513225,10.57116699666949,20.713599333248567
0,960,29321.695008882998,29321.695088961,29321.695308555,29321.704822173,29321.704882906,29321.715453046,0.08007800352061167,0.2195939996454399,0.2996720031660516,9.513617998891277,0.06073300028219819,10.570139998890227,20.444163001229754
0,961,29321.72834221633,29321.728427527,29321.728659354,29321.738180269,29321.738413133,29321.749415907,0.0853106685099192,0.23182700169854797,0.31713767020846717,9.52091499857488,0.23286400028155185,11.00277400109917,21.07369067016407
0,962,29321.761675549664,29321.761783892,29321.762014329,29321.771538364,29321.77180159,29321.782757892,0.1083423376257997,0.23043699911795557,0.33877933674375527,9.52403499832144,0.2632260002428666,10.95630200143205,21.082342336740112
0,963,29321.795008882997,29321.79508594,29321.795309276,29321.804838477,29321.804920404,29321.8152433,0.07705700409132987,0.2233359991805628,0.30039300327189267,9.529201000987086,0.08192699897335842,10.322895999706816,20.234417002939153
0,964,29321.828342216333,29321.82841185,29321.828619185,29321.838131479,29321.838353556,29321.849472341,0.06963366831769235,0.20733499695779756,0.2769686652754899,9.512294000160182,0.22207700021681376,11.118785001599463,21.13012466725195
0,965,29321.861675549666,29321.861743501,29321.861767556,29321.871066793,29321.871300841,29321.881925417,0.06795133231207728,0.024055003450484946,0.09200633576256223,9.299236997321714,0.2340480023121927,10.624575999827357,20.249867335223826
0,966,29321.895008883,29321.895114957,29321.895341284,29321.904862735,29321.904921634,29321.915515042,0.1060739996319171,0.22632699983660132,0.3324009994685184,9.521451000182424,0.058899000578094274,10.593408002023352,20.50615900225239
0,967,29321.92834221633,29321.928452978,29321.928675286,29321.938247776,29321.93846688,29321.956244102,0.11076166993007064,0.22230799731914885,0.3330696672492195,9.572490002028644,0.21910400027991273,17.77722199767595,27.901885667233728
0,968,29321.961675549665,29321.961754036,29321.961964269,29321.971508851,29321.971559167,29321.981893128,0.07848633686080575,0.2102329999615904,0.28871933682239614,9.544581997033674,0.05031600085203536,10.333960999560077,20.217578334268183
0,969,29321.995008882997,29321.995076186,29321.995285735,29322.004805141,29322.004857669,29322.015205038,0.06730300083290786,0.20954900173819624,0.2768520025711041,9.519406001345487,0.052527997468132526,10.347368999646278,20.196155001031002
0,970,29322.02834221633,29322.028409606,29322.028618015,29322.038233995,29322.03845723,29322.049529042,0.0673896684020292,0.20840900106122717,0.2757986694632564,9.615980001399294,0.2232349979749415,11.071812001318904,21.186825670156395
0,971,29322.061675549663,29322.06174257,29322.06195262,29322.071491368,29322.071548702,29322.082039924,0.06702033715555444,0.21004999871365726,0.2770703358692117,9.538747999613406,0.05733400030294433,10.491222001292044,20.364374337077606
0,972,29322.095008883,29322.095075842,29322.095282113,29322.104794258,29322.104845472,29322.115140165,0.06695900083286688,0.20627100093406625,0.27323000176693313,9.51214499946218,0.05121399954077788,10.294692998286337,20.131281999056228
0,973,29322.128342216332,29322.128408095,29322.128432585,29322.137784868,29322.138000056,29322.148578658,0.06587866664631292,0.02449000021442771,0.09036866686074063,9.35228299931623,0.21518799985642545,10.57860200307914,20.236441669112537
0,974,29322.161675549665,29322.161741559,29322.161949941,29322.171446347,29322.171501587,29322.18183966,0.06600933556910604,0.20838199998252094,0.274391335551627,9.496406000835123,0.05523999789147638,10.338072999729775,20.164110334008
0,975,29322.195008882998,29322.195074709,29322.195282378,29322.204780747,29322.2048402,29322.215304737,0.06582600326510146,0.20766899979207665,0.2734950030571781,9.498368999629747,0.059452999266795814,10.464537001098506,20.295854003052227
0,976,29322.22834221633,29322.229361166,29322.229584706,29322.23920613,29322.239446855,29322.25040836,1.0189496679231524,0.22354000248014927,1.2424896704033017,9.621424000215484,0.24072499945759773,10.961504998704186,22.06614366878057
0,977,29322.261675549664,29322.261753434,29322.261972714,29322.271491684,29322.271550453,29322.282109102,0.07788433504174463,0.21928000205662102,0.29716433709836565,9.518970000499394,0.05876899740542285,10.558649002632592,20.433552337635774
0,978,29322.295008882997,29322.295081175,29322.29531078,29322.304826157,29322.304882037,29322.315330972,0.0722920049156528,0.2296049970027525,0.3018970019184053,9.515377001662273,0.055879998399177566,10.448935001477366,20.322089003457222
0,979,29322.328342216333,29322.328412666,29322.328654614,29322.338204732,29322.338439781,29322.349247423,0.07044966696412303,0.2419480006210506,0.3123976675851736,9.550118000333896,0.2350489994569216,10.807642000145279,20.90520666752127
0,980,29322.361675549666,29322.361749696,29322.361776233,29322.371103821,29322.37114984,29322.381580617,0.07414633364533074,0.02653699993970804,0.10068333358503878,9.327587998996023,0.04601900218403898,10.43077699796413,19.90506733272923
0,981,29322.395008883,29322.395079141,29322.395296616,29322.404810251,29322.404867836,29322.41543666,0.0702580000506714,0.21747500068158843,0.2877330007322598,9.513634999166243,0.057585002650739625,10.568824000074528,20.42777700262377
0,982,29322.42834221633,29322.428416281,29322.428636153,29322.438144262,29322.43838946,29322.44951179,0.07406466829706915,0.21987199943396263,0.2939366677310318,9.50810900030774,0.2451979999023024,11.122330000944203,21.169573668885278
0,983,29322.461675549665,29322.461754606,29322.461973432,29322.471556579,29322.471637543,29322.482659975,0.07905633538030088,0.21882600049139,0.2978823358716909,9.58314699892071,0.0809640005172696,11.02243200148223,20.9844253367919
0,984,29322.495008882997,29322.495079506,29322.495298554,29322.504830452,29322.504886276,29322.515773641,0.07062300210236572,0.21904800087213516,0.2896710029745009,9.53189799838583,0.05582400262937881,10.887364998779958,20.764758002769668
0,985,29322.52834221633,29322.52870703,29322.528933088,29322.53851917,29322.538578375,29322.549602298,0.36481366987572983,0.22605800040764734,0.5908716702833772,9.586082000168972,0.05920499825151637,11.023923001630465,21.26008167033433
0,986,29322.561675549663,29322.561752613,29322.561960383,29322.571502808,29322.571554503,29322.58240608,0.07706333781243302,0.20776999735971913,0.28483333517215215,9.542425003019162,0.051694998546736315,10.85157700072159,20.73053033745964
0,987,29322.595008883,29322.595077809,29322.595288923,29322.604846125,29322.604912791,29322.615993326,0.06892600140417926,0.21111399837536737,0.28003999977954663,9.557201999996323,0.06666600165772252,11.080534997745417,20.98444299917901
0,988,29322.628342216332,29322.628624323,29322.628693676,29322.638142136,29322.638383619,29322.649942706,0.2821066664182581,0.06935300189070404,0.35145966830896214,9.448459997656755,0.24148300144588575,11.559087000932777,21.60048966834438
0,989,29322.661675549665,29322.661793351,29322.6620194,29322.671562676,29322.671623288,29322.682902149,0.11780133354477584,0.2260490000480786,0.34385033359285444,9.543276002659695,0.06061199746909551,11.27886100221076,21.226599335932406
0,990,29322.695008882998,29322.695101168,29322.695337994,29322.70488165,29322.704941994,29322.716279883,0.09228500130120665,0.236825999309076,0.32911100061028264,9.543656000460032,0.060344002122292295,11.337888998241397,21.271000001434004
0,991,29322.72834221633,29322.728424939,29322.728646024,29322.738144022,29322.738381237,29322.750016315,0.08272266859421507,0.2210849997936748,0.30380766838788986,9.497998002188979,0.2372149974689819,11.635078000836074,21.674098668881925
0,992,29322.761675549664,29322.761766191,29322.761990184,29322.771566016,29322.771801148,29322.783226094,0.09064133701031096,0.22399299996322952,0.3146343369735405,9.57583199851797,0.2351319999434054,11.424946002080105,21.55054433751502
0,993,29322.795008882997,29322.79509547,29322.795321223,29322.804836638,29322.804897195,29322.816077803,0.08658700244268402,0.2257529995404184,0.3123400019831024,9.515415000350913,0.06055700214346871,11.180607998539926,21.06892000301741
0,994,29322.828342216333,29322.828424658,29322.828651133,29322.838156149,29322.83839392,29322.850044155,0.0824416674731765,0.22647500009043142,0.3089166675636079,9.505015998001909,0.23777100068400614,11.650234999251552,21.701938665501075
0,995,29322.861675549666,29322.861759983,29322.861791697,29322.871105506,29322.871332833,29322.882821955,0.08443333354080096,0.03171400021528825,0.11614733375608921,9.313809001469053,0.22732700017513707,11.48912200005725,21.14640533545753
0,996,29322.895008883,29322.895090909,29322.895312107,29322.904816104,29322.90487578,29322.916272652,0.08202600292861462,0.22119799905340187,0.3032240019820165,9.503997000138042,0.05967600009171292,11.396871999750147,21.26376900196192
0,997,29322.92834221633,29322.928430189,29322.928648626,29322.938166244,29322.938409173,29322.958537124,0.08797266855253838,0.2184369986935053,0.3064096672460437,9.51761800024542,0.2429289997962769,20.127951000176836,30.194907667464577
0,998,29322.961675549665,29322.96177818,29322.962007525,29322.971546255,29322.971608015,29322.983402761,0.10263033618684858,0.22934499793336727,0.33197533412021585,9.538730002532247,0.061759998061461374,11.794746002124157,21.72721133683808
0,999,29322.995008882997,29322.995092904,29322.995120802,29323.004478362,29323.004715097,29323.014831147,0.08402100138482638,0.027898000553250313,0.11191900193807669,9.35756000035326,0.2367349989071954,10.116050001670374,19.822264002868906
0,1000,29323.02834221633,29323.028420163,29323.028448821,29323.037713186,29323.037952559,29323.048333566,0.07794666817062534,0.02865800342988223,0.10660467160050757,9.264364998671226,0.2393729992036242,10.381006999523379,19.991349668998737
0,1001,29323.061675549663,29323.061754608,29323.06198175,29323.07149835,29323.071556933,29323.081529649,0.07905833626864478,0.22714200167683885,0.3062003379454836,9.516599999187747,0.05858299846295267,9.972716001357185,19.854099336953368
0,1002,29323.095008883,29323.095088666,29323.095316881,29323.104790064,29323.104866444,29323.114718372,0.0797829998191446,0.2282150016981177,0.3079980015172623,9.47318299949984,0.07637999806320295,9.85192799998913,19.709488999069436
0,1003,29323.128342216332,29323.128421538,29323.128448362,29323.137800349,29323.138028565,29323.148261219,0.0793216677266173,0.026824000087799504,0.10614566781441681,9.35198699880857,0.22821600214228965,10.23265399999218,19.919002668757457
0,1004,29323.161675549665,29323.161764716,29323.161985312,29323.171543597,29323.171784257,29323.182135561,0.08916633305489086,0.22059600087231956,0.3097623339272104,9.558285000821343,0.24065999969025142,10.351304001233075,20.46001133567188
0,1005,29323.195008882998,29323.19509257,29323.19531311,29323.204866525,29323.205098768,29323.215402274,0.0836870021885261,0.220540001464542,0.3042270036530681,9.553414998663357,0.2322430009371601,10.303505998308538,20.393391001562122
0,1006,29323.22834221633,29323.228423757,29323.228450396,29323.23777779,29323.23801421,29323.248425866,0.08154066745191813,0.026639001589501277,0.1081796690414194,9.327394000138156,0.23642000087420456,10.411655999632785,20.083649669686565
0,1007,29323.261675549664,29323.261775158,29323.262006104,29323.27157351,29323.271824985,29323.28239768,0.09960833631339483,0.2309459996467922,0.330554335960187,9.56740599940531,0.2514750012778677,10.572694998700172,20.722130335343536
0,1008,29323.295008882997,29323.295102086,29323.295329421,29323.304882948,29323.305120968,29323.315720025,0.09320300159743056,0.22733500009053387,0.3205380016879644,9.55352700111689,0.23802000214345753,10.599056997307343,20.711142002255656
0,1009,29323.328342216333,29323.328434393,29323.328659377,29323.338238311,29323.338515925,29323.3491135,0.09217666593031026,0.22498399994219653,0.3171606658725068,9.57893400118337,0.2776139990601223,10.597575001156656,20.771283667272655
0,1010,29323.361675549666,29323.361764719,29323.361987749,29323.371535247,29323.371770537,29323.382332454,0.0891693343874067,0.2230299978691619,0.3121993322565686,9.547498000756605,0.2352900010009762,10.561916998995002,20.65690433300915
0,1011,29323.395008883,29323.395092119,29323.395319465,29323.40483861,29323.405117557,29323.416019969,0.08323600195581093,0.2273459977004677,0.31058199965627864,9.51914500183193,0.2789469981507864,10.902412002906203,21.0110860025452
0,1012,29323.42834221633,29323.428430788,29323.42865354,29323.438159112,29323.438399281,29323.44893179,0.08857166903908364,0.22275199808063917,0.3113236671197228,9.505572001216933,0.2401689998805523,10.532509000768187,20.589573668985395
0,1013,29323.461675549665,29323.461758817,29323.461995774,29323.471552087,29323.471610495,29323.481854112,0.08326733586727642,0.23695699928794056,0.320224335155217,9.55631300166715,0.058407997130416334,10.243617001833627,20.17856233578641
0,1014,29323.495008882997,29323.495089884,29323.495318432,29323.504825014,29323.5048832,29323.515120808,0.08100100239971653,0.22854800045024604,0.30954900284996256,9.50658199872123,0.05818600038764998,10.237607999442844,20.111925001401687
0,1015,29323.52834221633,29323.528431219,29323.528662204,29323.538212757,29323.538456205,29323.549196819,0.08900267130229622,0.2309849987796042,0.31998767008190043,9.550553000735817,0.24344799749087542,10.740614001406357,20.85460266971495
0,1016,29323.561675549663,29323.561765221,29323.561995668,29323.571543889,29323.571780466,29323.58278497,0.08967133544501849,0.23044699992169626,0.32011833536671475,9.54822100175079,0.2365770014876034,11.004503998265136,21.109420336870244
0,1017,29323.595008883,29323.595094778,29323.595330688,29323.604847899,29323.604910492,29323.615497649,0.08589500066591427,0.235909999901196,0.32180500056711026,9.517211001366377,0.06259299698285758,10.587157001282321,20.488766000198666
0,1018,29323.628342216332,29323.628423852,29323.628455224,29323.637832423,29323.637880581,29323.648687621,0.08163566599250771,0.031372001103591174,0.11300766709609888,9.377198999573011,0.048158002755371854,10.807039998326218,20.3454046677507
0,1019,29323.661675549665,29323.661763751,29323.661986291,29323.671508483,29323.671741199,29323.682944142,0.08820133371045813,0.2225400021416135,0.31074133585207164,9.522191998257767,0.23271600002772175,11.202943001990207,21.268592336127767
0,1020,29323.695008882998,29323.69509341,29323.695331467,29323.704825576,29323.704887854,29323.715549355,0.08452700058114715,0.23805700038792565,0.3225840009690728,9.494108999206219,0.06227800258784555,10.661501000868157,20.540472003631294
0,1021,29323.72834221633,29323.72842466,29323.728643385,29323.738152864,29323.738209467,29323.749000802,0.0824436683615204,0.21872499928576872,0.3011686676472891,9.509479001280852,0.05660299939336255,10.791335000249092,20.658585668570595
0,1022,29323.761675549664,29323.761763253,29323.761984339,29323.771535847,29323.771788868,29323.782933782,0.08770333442953415,0.22108600023784675,0.3087893346673809,9.551508002914488,0.2530210003897082,11.144913998577977,21.258232336549554
0,1023,29323.795008882997,29323.79509155,29323.795309534,29323.804859318,29323.804919634,29323.816034215,0.08266700388048775,0.21798400121042505,0.3006510050909128,9.549783997499617,0.06031600059941411,11.114581000583712,21.025332003773656
0,1024,29323.828342216333,29323.82842994,29323.828650637,29323.838204644,29323.838455406,29323.849414495,0.08772366709308699,0.22069699843996204,0.30842066553304903,9.554006999678677,0.2507620010874234,10.959088998788502,21.07227866508765
0,1025,29323.861675549666,29323.861759099,29323.861790498,29323.871106539,29323.871353931,29323.882480938,0.08354933379450813,0.0313989985443186,0.11494833233882673,9.31604100333061,0.24739199943724088,11.127006997412536,20.805388332519215
0,1026,29323.895008883,29323.895094203,29323.895312983,29323.904837204,29323.905093346,29323.916056573,0.08531999992555939,0.21878000188735314,0.3041000018129125,9.524221000901889,0.25614199694246054,10.963227003230713,21.047690002887975
0,1027,29323.92834221633,29323.928431538,29323.928654328,29323.938209131,29323.938448875,29323.95369192,0.08932166747399606,0.22279000040725805,0.3121116678812541,9.554803000355605,0.23974400028237142,15.243044999806443,25.349703668325674
0,1028,29323.961675549665,29323.96176266,29323.961998376,29323.97153118,29323.971589773,29323.982715771,0.08711033660802059,0.2357159974053502,0.3228263340133708,9.532804000627948,0.05859299926669337,11.12599800035241,21.040221334260423
0,1029,29323.995008882997,29323.995092867,29323.995318535,29324.004848265,29324.00509487,29324.016453954,0.08398400314035825,0.2256679981655907,0.30965200130594894,9.529730003123404,0.24660499911988154,11.359083997376729,21.445071000925964
0,1030,29324.02834221633,29324.028427072,29324.028658361,29324.038198924,29324.038444427,29324.049355525,0.08485567013849504,0.23128899920266122,0.31614466934115626,9.54056300179218,0.24550299713155255,10.911098001088249,21.013308669353137
0,1031,29324.061675549663,29324.061760574,29324.061986067,29324.071598566,29324.071842523,29324.083017549,0.08502433774992824,0.22549300047103316,0.3105173382209614,9.612498997739749,0.24395700165769085,11.175026000273647,21.341999337892048
0,1032,29324.095008883,29324.095090372,29324.095310087,29324.104824798,29324.104884133,29324.115712775,0.08148900087689981,0.21971499882056378,0.3012039996974636,9.514711000520037,0.059335001424187794,10.828641999978572,20.70389200162026
0,1033,29324.128342216332,29324.128422856,29324.128469263,29324.137867566,29324.13791538,29324.148616115,0.08063966743065976,0.04640699989977293,0.12704666733043268,9.398303001944441,0.04781399911735207,10.700734997953987,20.273898666346213
0,1034,29324.161675549665,29324.161778256,29324.162020073,29324.171589229,29324.171830408,29324.183075906,0.10270633356412873,0.24181700064218603,0.34452333420631476,9.569156001816737,0.24117899738484994,11.245498000789667,21.400356334197568
0,1035,29324.195008882998,29324.195095693,29324.195334241,29324.204813137,29324.205055223,29324.216420047,0.08681000326760113,0.2385480001976248,0.3253580034652259,9.478895997744985,0.24208600007114,11.364824000338558,21.41116400161991
0,1036,29324.22834221633,29324.228431295,29324.22865202,29324.23818823,29324.238420529,29324.249735723,0.08907866867957637,0.22072499996284023,0.3098036686424166,9.536210000078427,0.23229900034493767,11.31519399859826,21.39350666766404
0,1037,29324.261675549664,29324.261766137,29324.261990474,29324.271543601,29324.271785928,29324.28345195,0.0905873348528985,0.2243369999632705,0.314924334816169,9.553127001709072,0.2423269979772158,11.666022001008969,21.776400335511426
0,1038,29324.295008882997,29324.295092573,29324.295312372,29324.304886287,29324.304948917,29324.316510401,0.08369000352104194,0.21979899975121953,0.30348900327226147,9.573914998327382,0.06263000250328332,11.561483999685152,21.501518003788078
0,1039,29324.328342216333,29324.32843312,29324.328686864,29324.338200741,29324.338437539,29324.35024572,0.09090366802411154,0.2537439977459144,0.3446476657700259,9.51387700115447,0.23679800142417662,11.808180999651086,21.903503667999757
0,1040,29324.361675549666,29324.361759315,29324.361789065,29324.371105504,29324.371330563,29324.382915973,0.08376533514820039,0.029749997338512912,0.1135153324867133,9.316439001850085,0.22505900051328354,11.585410000407137,21.24042333525722
0,1041,29324.395008883,29324.395094278,29324.395316901,29324.404804537,29324.40505967,29324.416893749,0.08539500049664639,0.2226229989901185,0.3080179994867649,9.487636001722421,0.25513299988233484,11.834078999527264,21.884866000618786
0,1042,29324.42834221633,29324.428426483,29324.428649605,29324.438155464,29324.438385549,29324.450162832,0.08426666681771167,0.22312200235319324,0.3073886691709049,9.505858997727046,0.2300850028404966,11.777282998082228,21.820615667820675
0,1043,29324.461675549665,29324.46176765,29324.46200218,29324.471573196,29324.471823579,29324.483360387,0.09210033385897987,0.23453000176232308,0.32663033562130295,9.571015998517396,0.2503830000932794,11.536808000528254,21.684837334760232
0,1044,29324.495008882997,29324.495092382,29324.495315302,29324.504890837,29324.504954227,29324.516165401,0.08349900235771202,0.22291999994195066,0.3064190022996627,9.575535001204116,0.06338999810395762,11.211174001800828,21.156518003408564
0,1045,29324.52834221633,29324.528424477,29324.528646813,29324.538151764,29324.538206608,29324.549629228,0.08226067075156607,0.22233599884202704,0.3045966695935931,9.504951001872541,0.05484399662236683,11.42262000212213,21.28701167021063
0,1046,29324.561675549663,29324.561763164,29324.561989565,29324.571582943,29324.571843585,29324.583571821,0.08761433855397627,0.22640099996351637,0.31401533851749264,9.593377999408403,0.26064199846587144,11.728236000635661,21.89627133702743
0,1047,29324.595008883,29324.595091369,29324.595319233,29324.604831471,29324.60489475,29324.616769441,0.08248599988291971,0.22786400222685188,0.3103500021097716,9.512237997114426,0.06327899973257445,11.874691001139581,21.760558000096353
0,1048,29324.628342216332,29324.62842901,29324.628463353,29324.637874507,29324.637925091,29324.649210979,0.08679366874275729,0.034343000152148306,0.1211366688949056,9.411153998371447,0.050583999836817384,11.285888002021238,20.868762669124408
0,1049,29324.661675549665,29324.6617604,29324.661986459,29324.671503031,29324.67155942,29324.683512186,0.08485033322358504,0.2260590008518193,0.31090933407540433,9.516572001302848,0.05638899892801419,11.952765999012627,21.836636333318893
0,1050,29324.695008882998,29324.695101661,29324.69532472,29324.704897653,29324.705132165,29324.716868364,0.09277800199924968,0.22305899983621202,0.3158370018354617,9.572932998707984,0.2345120010431856,11.7361990014615,21.85948100304813
0,1051,29324.72834221633,29324.72843333,29324.72865724,29324.738205433,29324.738480149,29324.750196801,0.09111367035075091,0.22390999947674572,0.31502366982749663,9.548193000227911,0.27471599969430827,11.716651999449823,21.85458466919954
0,1052,29324.761675549664,29324.76176472,29324.762007122,29324.771553777,29324.771793632,29324.783271245,0.08917033483157866,0.2424020021862816,0.33157233701786026,9.546654997393489,0.2398550022917334,11.4776129994425,21.59569533614558
0,1053,29324.795008882997,29324.795094676,29324.795311863,29324.804803176,29324.80504265,29324.817050492,0.08579300265409984,0.217187000089325,0.30298000274342485,9.491313001490198,0.2394740004092455,12.007842000457458,22.041609005100327
0,1054,29324.828342216333,29324.828429334,29324.828654541,29324.838202835,29324.838436162,29324.850111675,0.08711766713531688,0.22520700076711364,0.3123246679024305,9.548293997795554,0.2333270022063516,11.675513000227511,21.769458668131847
0,1055,29324.861675549666,29324.86176116,29324.861789587,29324.871102628,29324.871332048,29324.883327324,0.08561033246223815,0.028427002689568326,0.11403733515180647,9.313040998677025,0.22941999850445427,11.9952760032902,21.651774335623486
0,1056,29324.895008883,29324.895088912,29324.89530298,29324.90481432,29324.904878793,29324.916732818,0.08002899994608015,0.21406800078693777,0.2940970007330179,9.511340002063662,0.06447299892897718,11.854025000502588,21.723935002228245
0,1057,29324.92834221633,29324.928430599,29324.928656649,29324.938162636,29324.938401047,29324.955987368,0.08838266876409762,0.22605000049225055,0.31443266925634816,9.505987000011373,0.23841099755372852,17.586321002454497,27.645151669275947
0,1058,29324.961675549665,29324.961753397,29324.961808434,29324.971314321,29324.971381081,29324.983518431,0.07784733679727651,0.05503699867404066,0.13288433547131717,9.505886999249924,0.06675999975414015,12.13735000055749,21.84288133503287
0,1059,29324.995008882997,29324.995090222,29324.995118675,29325.004447504,29325.004694293,29325.015097653,0.08133900337270461,0.028452999686123803,0.10979200305882841,9.328829000878613,0.24678899717400782,10.403360000054818,20.088770001166267
0,1060,29325.02834221633,29325.028427463,29325.028645391,29325.038164666,29325.03840454,29325.047847314,0.08524666918674484,0.2179280018026475,0.3031746709893923,9.519274997728644,0.23987399981706403,9.442774000490317,19.505097669025417
0,1061,29325.061675549663,29325.061758462,29325.061988123,29325.071539944,29325.071801966,29325.081616457,0.0829123382573016,0.22966100004850887,0.31257333830581047,9.551821000059135,0.26202200024272315,9.814490997086978,19.940907335694646
0,1062,29325.095008883,29325.095093898,29325.095135834,29325.104492617,29325.104728435,29325.113964363,0.08501499905833043,0.04193600034341216,0.1269509994017426,9.356783000839641,0.23581799905514345,9.235928002453875,18.955480001750402
0,1063,29325.128342216332,29325.128425584,29325.128455011,29325.137833636,29325.13788134,29325.146550401,0.0833676676847972,0.029426999390125275,0.11279466707492247,9.3786249999539,0.04770400119014084,8.669061000546208,18.20818466876517
0,1064,29325.161675549665,29325.161756908,29325.161977531,29325.171512973,29325.171572159,29325.180589901,0.0813583355920855,0.220622998313047,0.3019813339051325,9.535442000924377,0.05918600072618574,9.017741998832207,18.914351334387902
0,1065,29325.195008882998,29325.195095324,29325.195330476,29325.204864427,29325.205144004,29325.214930866,0.08644100307719782,0.23515199791290797,0.3215930009901058,9.533951000776142,0.2795770014927257,9.78686199960066,19.921983002859633
0,1066,29325.22834221633,29325.228433567,29325.228657764,29325.238158724,29325.23839819,29325.248241154,0.0913506701181177,0.2241969996248372,0.3155476697429549,9.500960000877967,0.2394659968558699,9.842964002018562,19.898937669495353
0,1067,29325.261675549664,29325.261767087,29325.261988228,29325.271617283,29325.271858674,29325.281720148,0.09153733481070958,0.22114100283943117,0.31267833765014075,9.629054999095388,0.2413910005998332,9.861473998171277,20.04459833551664
0,1068,29325.295008882997,29325.295094236,29325.295315896,29325.304788079,29325.305067841,29325.315459738,0.08535300366929732,0.22166000053402968,0.307013004203327,9.472182999161305,0.2797619999910239,10.391897001682082,20.450855005037738
0,1069,29325.328342216333,29325.328431581,29325.32866213,29325.33822173,29325.338461695,29325.348781285,0.08936466838349588,0.2305489979335107,0.3199136663170066,9.55959999919287,0.23996500021894462,10.319590001017787,20.439068666746607
0,1070,29325.361675549666,29325.361760378,29325.361820073,29325.371221403,29325.371496776,29325.381707791,0.08482833436573856,0.05969500125502236,0.14452333562076092,9.401329996762797,0.275373000476975,10.211015000095358,20.03224133295589
0,1071,29325.395008883,29325.395093685,29325.395317077,29325.404840268,29325.405076994,29325.415824997,0.08480200267513283,0.22339199858834036,0.3081940012634732,9.523190998152131,0.23672600218560547,10.748002998298034,20.816113999899244
0,1072,29325.42834221633,29325.42842538,29325.428647596,29325.43815852,29325.438397218,29325.449173784,0.08316366802318953,0.22221600011107512,0.30537966813426465,9.51092399918707,0.2386980013397988,10.776565999549348,20.831567668210482
0,1073,29325.461675549665,29325.461766623,29325.462036959,29325.471605403,29325.471845794,29325.48284654,0.09107333607971668,0.2703360005398281,0.3614093366195448,9.568443998432485,0.24039100026129745,11.00074599889922,21.170990334212547
0,1074,29325.495008882997,29325.495095875,29325.49531346,29325.504849125,29325.504910746,29325.515587822,0.08699200407136232,0.21758499860879965,0.30457700268016197,9.535665001749294,0.061620998167200014,10.67707599941059,20.578939002007246
0,1075,29325.52834221633,29325.52842733,29325.52869375,29325.538199182,29325.538256173,29325.548797655,0.08511366831953637,0.2664200001163408,0.3515336684358772,9.5054320008785,0.056991000747075304,10.541481999098323,20.455438669159776
0,1076,29325.561675549663,29325.561759183,29325.561977787,29325.571508757,29325.571568527,29325.582910046,0.08363333836314268,0.21860400011064485,0.30223733847378753,9.530969997285865,0.059770001826109365,11.341518998960964,21.234496336546727
0,1077,29325.595008883,29325.5950906,29325.595117462,29325.604434114,29325.60465996,29325.61596669,0.08171700028469786,0.026861998776439577,0.10857899906113744,9.316652001871262,0.22584600083064288,11.306729997158982,20.957806998922024
0,1078,29325.628342216332,29325.628420378,29325.628451656,29325.637818263,29325.638068238,29325.649006918,0.07816166908014566,0.03127799936919473,0.10943966844934039,9.366606998810312,0.24997500077006407,10.938679999526357,20.664701667556074
0,1079,29325.661675549665,29325.661762527,29325.661985075,29325.671480601,29325.671537249,29325.682163158,0.08697733574081212,0.2225479984190315,0.3095253341598436,9.495525999227539,0.056648001191206276,10.625908998918021,20.48760833349661
0,1080,29325.695008882998,29325.695090749,29325.69531228,29325.704839879,29325.705103067,29325.716165748,0.08186600098269992,0.221531001443509,0.30339700242620893,9.52759899882949,0.2631880015542265,11.062680998293217,21.156865001103142
0,1081,29325.72834221633,29325.728432277,29325.728658928,29325.738196453,29325.738428696,29325.749411239,0.09006066829897463,0.2266510018671397,0.31671167016611435,9.537524998449953,0.2322430009371601,10.982543000864098,21.069022670417326
0,1082,29325.761675549664,29325.761767926,29325.761994585,29325.771515286,29325.771758419,29325.782968324,0.09237633639713749,0.2266589981445577,0.3190353345416952,9.520701001747511,0.24313299945788458,11.209905002033338,21.29277433778043
0,1083,29325.795008882997,29325.795094194,29325.795314641,29325.804827175,29325.805073344,29325.816372723,0.08531100320396945,0.2204470001743175,0.30575800337828696,9.512534001260065,0.24616899827378802,11.299378998955945,21.363840001868084
0,1084,29325.828342216333,29325.828428953,29325.82850024,29325.838039573,29325.838274186,29325.849423591,0.08673666525282897,0.07128700235625729,0.15802366760908626,9.539332997519523,0.23461300224880688,11.149404999741819,21.081374667119235
0,1085,29325.861675549666,29325.861759186,29325.861789102,29325.871210914,29325.87144138,29325.883046948,0.08363633241970092,0.029916001949459314,0.11355233436916023,9.421811999345664,0.2304660010850057,11.605568000959465,21.371398335759295
0,1086,29325.895008883,29325.895090734,29325.895305912,29325.904799789,29325.905035699,29325.916433811,0.08185100159607828,0.21517799905268475,0.29702900064876303,9.493877001659712,0.235909999901196,11.398111997550586,21.424927999760257
0,1087,29325.92834221633,29325.928427504,29325.928627858,29325.934830022,29325.935052348,29325.946415089,0.08528766920790076,0.2003539993893355,0.2856416685972363,6.20216400056961,0.22232599803828634,11.362741002812982,18.072872670018114
0,1088,29325.961675549665,29325.96176382,29325.961983332,29325.971508265,29325.97160846,29325.983648941,0.08827033525449224,0.21951199960312806,0.3077823348576203,9.524933000648161,0.10019500041380525,12.040481000440195,21.973391336359782
0,1089,29325.995008882997,29325.995107442,29325.99532775,29326.004836489,29326.004894878,29326.016692689,0.0985590013442561,0.22030800028005615,0.31886700162431225,9.508739000011701,0.0583889996050857,11.79781100290711,21.68380600414821
0,1090,29326.02834221633,29326.028435138,29326.02865102,29326.038160342,29326.038404854,29326.049639139,0.09292166942032054,0.2158819988835603,0.30880366830388084,9.509322000667453,0.24451200079056434,11.234285000682576,21.296922670444474
0,1091,29326.061675549663,29326.061760491,29326.061990243,29326.071535825,29326.071772152,29326.083446239,0.08494133726344444,0.22975200045038946,0.3146933377138339,9.545582001010189,0.23632699958398007,11.674086999846622,21.770689338154625
0,1092,29326.095008883,29326.095098354,29326.095155215,29326.104641194,29326.104889947,29326.116273827,0.08947099922806956,0.05686100121238269,0.14633200044045225,9.485979000601219,0.24875300005078316,11.383879998902557,21.264943999995012
0,1093,29326.128342216332,29326.128420161,29326.128448485,29326.137756563,29326.137985048,29326.149278631,0.07794466728228144,0.028324000595603138,0.10626866787788458,9.308077998866793,0.22848500157124363,11.293583000224316,20.936414668540237
0,1094,29326.161675549665,29326.161757365,29326.161988665,29326.171526153,29326.171588553,29326.182617687,0.08181533485185355,0.23130000045057386,0.3131153353024274,9.537488000205485,0.06239999856916256,11.029134002455976,20.94213733653305
0,1095,29326.195008882998,29326.195091645,29326.195316193,29326.20482608,29326.20488133,29326.216020532,0.08276200242107734,0.224547999096103,0.30731000151718035,9.509887000604067,0.05524999869521707,11.139202000777004,21.01164900159347
0,1096,29326.22834221633,29326.228434044,29326.22867238,29326.238217628,29326.238479289,29326.249739028,0.09182766734738834,0.23833600062062033,0.33016366796800867,9.545248001813889,0.26166099996771663,11.259738999797264,21.396811669546878
0,1097,29326.261675549664,29326.261761805,29326.261986455,29326.27154924,29326.271609445,29326.282572524,0.08625533519079909,0.22465000074589625,0.31090533593669534,9.562784998706775,0.060205002228030935,10.963078999338904,20.896974336210405
0,1098,29326.295008882997,29326.29509225,29326.295309891,29326.30482276,29326.305072327,29326.31646056,0.0833670019346755,0.21764100165455602,0.3010080035892315,9.512869000900537,0.24956699780886993,11.38823300061631,21.45167700291495
0,1099,29326.328342216333,29326.328428955,29326.328658115,29326.338179715,29326.338458922,29326.349958089,0.08673866614117287,0.22915999943506904,0.3158986655762419,9.521600000880426,0.2792070008581504,11.499166997964494,21.615872665279312
0,1100,29326.361675549666,29326.361758575,29326.36179602,29326.371191979,29326.371446037,29326.382641656,0.08302533387904987,0.037444999179570004,0.12047033305861987,9.395959001267329,0.2540579989727121,11.195619001227897,20.966106334526557
0,1101,29326.395008883,29326.395092816,29326.395323949,29326.404826668,29326.405085939,29326.416727174,0.08393300231546164,0.23113299903343432,0.31506600134889595,9.502719000010984,0.2592710006865673,11.641234999842709,21.718291001889156
0,1102,29326.42834221633,29326.428428306,29326.428654791,29326.438187566,29326.438427504,29326.450117415,0.08608966891188174,0.22648500089417212,0.31257466980605386,9.532774998660898,0.2399379991402384,11.689910999848507,21.775198667455697
0,1103,29326.461675549665,29326.46176251,29326.461996161,29326.47153789,29326.471797569,29326.483558305,0.08696033546584658,0.2336510005989112,0.3206113360647578,9.541728999465704,0.2596790000097826,11.760736000724137,21.88275533626438
0,1104,29326.495008882997,29326.49509301,29326.495319624,29326.504834195,29326.504895825,29326.516810841,0.08412700117332861,0.22661399998469278,0.3107410011580214,9.514571000181604,0.061630002164747566,11.915015998965828,21.8019580024702
0,1105,29326.52834221633,29326.528424011,29326.528655966,29326.538167566,29326.538424319,29326.55004421,0.08179467113222927,0.2319550003448967,0.31374967147712596,9.511599997495068,0.2567529991210904,11.619891000009375,21.70199366810266
0,1106,29326.561675549663,29326.561756362,29326.561980734,29326.571534028,29326.571594316,29326.582941094,0.08081233681878075,0.22437200095737353,0.3051843377761543,9.553293999488233,0.060287999076535925,11.346777999278856,21.26554433561978
0,1107,29326.595008883,29326.595089492,29326.595116705,29326.60440345,29326.604676295,29326.616430559,0.08060899926931597,0.027213001885684207,0.10782200115500018,9.286745000281371,0.2728449981077574,11.754264000046533,21.42167599959066
0,1108,29326.628342216332,29326.628423168,29326.628454289,29326.637758183,29326.638026501,29326.649522252,0.08095166776911356,0.03112099875579588,0.11207266652490944,9.303893999458523,0.2683180027815979,11.495750997710275,21.180035666475305
0,1109,29326.661675549665,29326.661761115,29326.662027896,29326.671613329,29326.671671274,29326.683166294,0.08556533430237323,0.26678100039134733,0.35234633469372056,9.585432999301702,0.05794500248157419,11.495019996800693,21.49074433327769
0,1110,29326.695008882998,29326.695090625,29326.695325387,29326.704848477,29326.704909172,29326.716444249,0.0817420004750602,0.23476200294680893,0.31650400342186913,9.52308999694651,0.06069500159355812,11.535076999280136,21.435366001242073
0,1111,29326.72834221633,29326.728432644,29326.728657258,29326.738168645,29326.738410934,29326.750501943,0.09042766760103405,0.22461400294560008,0.3150416705466341,9.511386997473892,0.24228899928857572,12.091009000869235,22.159726668178337
0,1112,29326.761675549664,29326.761766757,29326.761989102,29326.771527294,29326.771765464,29326.783923843,0.0912073373910971,0.22234499920159578,0.3135523365926929,9.53819200003636,0.23816999964765273,12.158378998719854,22.24829333499656
0,1113,29326.795008882997,29326.79509536,29326.795318669,29326.804847999,29326.805097206,29326.81692672,0.0864770045154728,0.22330899810185656,0.30978600261732936,9.529330000077607,0.24920700161601417,11.829513998236507,21.917837002547458
0,1114,29326.828342216333,29326.828426315,29326.828648188,29326.838204066,29326.838444865,29326.850122683,0.08409866859437898,0.22187299691722728,0.30597166551160626,9.555878001265228,0.24079899958451279,11.677818001771811,21.78046666813316
0,1115,29326.861675549666,29326.861758141,29326.861790076,29326.871122284,29326.871354314,29326.883468082,0.08259133392130025,0.03193500015186146,0.1145263340731617,9.332207999250386,0.2320300009159837,12.113767999835545,21.792532334075077
0,1116,29326.895008883,29326.895099484,29326.895348237,29326.904823391,29326.905097959,29326.917148107,0.09060100273927674,0.24875300005078316,0.3393540027900599,9.475153998209862,0.27456799944047816,12.050148001435446,22.139224001875846
0,1117,29326.92834221633,29326.928430337,29326.928647164,29326.938154142,29326.938398479,29326.954345337,0.08812066880636849,0.21682700025849044,0.30494766906485893,9.50697799999034,0.244336999458028,15.946857998642372,26.0031206671556
0,1118,29326.961675549665,29326.961755598,29326.961973433,29326.971502143,29326.971573635,29326.984222381,0.08004833580343984,0.217835000512423,0.29788333631586283,9.528709997539409,0.07149200246203691,12.648746000195388,22.546831336512696
0,1119,29326.995008882997,29326.99508643,29326.995115949,29327.00453189,29327.004600697,29327.01488961,0.07754700345685706,0.029519000236177817,0.10706600369303487,9.415941000042949,0.06880699947942048,10.288912999385502,19.880727002600906
0,1120,29327.02834221633,29327.028423448,29327.028455246,29327.037759916,29327.037979946,29327.048321296,0.08123166844598018,0.031798001145944,0.11302966959192418,9.30466999852797,0.22003000049153343,10.341350000089733,19.97907966870116
0,1121,29327.061675549663,29327.061756338,29327.061983053,29327.071502911,29327.071561338,29327.082481888,0.08078833707259037,0.22671500119031407,0.30750333826290444,9.519857998384396,0.05842700193170458,10.920549997536,20.806338336115004
0,1122,29327.095008883,29327.095092171,29327.095314581,29327.104841568,29327.105090488,29327.116314218,0.0832879995869007,0.2224100026069209,0.3056980021938216,9.526986999844667,0.2489199978299439,11.223730001802323,21.305335001670755
0,1123,29327.128342216332,29327.12842479,29327.128458384,29327.137781481,29327.138016308,29327.148393768,0.08257366789621301,0.033593998523429036,0.11616766641964205,9.32309700147016,0.23482699907617643,10.377459999290295,20.051551666256273
0,1124,29327.161675549665,29327.16175642,29327.161974617,29327.171516346,29327.171573837,29327.181760426,0.0808703334769234,0.21819700123160146,0.29906733470852487,9.541728999465704,0.05749100091634318,10.186588999204105,20.084876334294677
0,1125,29327.195008882998,29327.19509192,29327.1953242,29327.20485217,29327.204906967,29327.214972786,0.08303700087708421,0.23228000281960703,0.31531700369669124,9.527969999908237,0.05479699757415801,10.065819002193166,19.963903003372252
0,1126,29327.22834221633,29327.228424004,29327.228682637,29327.23823256,29327.238474647,29327.249373364,0.08178766802302562,0.25863300106721,0.3404206690902356,9.549923001031857,0.24208700051531196,10.89871699878131,21.031147669418715
0,1127,29327.261675549664,29327.261763023,29327.262024989,29327.271612348,29327.271865185,29327.282804884,0.08747333777137101,0.2619659971969668,0.3494393349683378,9.587358999851858,0.25283700233558193,10.939698997390224,21.129334334546
0,1128,29327.295008882997,29327.295091395,29327.295312101,29327.304862043,29327.305100388,29327.315718204,0.0825120041554328,0.2207059987995308,0.3032180029549636,9.549942002195166,0.23834499734221026,10.617816002195468,20.70932100468781
0,1129,29327.328342216333,29327.328428599,29327.328651815,29327.338301601,29327.338535677,29327.34919041,0.0863826680870261,0.22321600044961087,0.309598668536637,9.649785999499727,0.23407600019709207,10.654732999682892,20.848193667916348
0,1130,29327.361675549666,29327.361755183,29327.361798249,29327.371128485,29327.371360821,29327.38228939,0.07963333337102085,0.04306600021664053,0.12269933358766139,9.330236000096193,0.2323359985894058,10.928569001407595,20.613840333680855
0,1131,29327.395008883,29327.395099897,29327.395327613,29327.40486212,29327.40510653,29327.415544371,0.09101400064537302,0.22771600197302178,0.3187300026183948,9.534507000353187,0.2444099991407711,10.437840999657055,20.53548800176941
0,1132,29327.42834221633,29327.428424268,29327.428638512,29327.438194436,29327.438424892,29327.449025531,0.08205166886909865,0.21424399892566726,0.2962956677947659,9.555923999869265,0.230456000281265,10.600639001495438,20.683314669440733
0,1133,29327.461675549665,29327.461764871,29327.461994411,29327.471567187,29327.471838616,29327.482539433,0.08932133641792461,0.229540000873385,0.3188613372913096,9.572775998094585,0.27142899853060953,10.700817001634277,20.86388333555078
0,1134,29327.495008882997,29327.495091039,29327.495311597,29327.504788863,29327.505024958,29327.515608774,0.08215600246330723,0.22055799854570068,0.3027140010090079,9.477266001340467,0.23609500203747302,10.58381599796121,20.59989100234816
0,1135,29327.52834221633,29327.528428624,29327.528666431,29327.538192031,29327.538440136,29327.548848588,0.08640766827738844,0.23780700212228112,0.32421467039966956,9.52559999859659,0.24810499962768517,10.408452002593549,20.506371671217494
0,1136,29327.561675549663,29327.561759023,29327.561984284,29327.57151844,29327.571577922,29327.581720759,0.08347333641722798,0.2252609992865473,0.3087343357037753,9.534156000881921,0.05948200123384595,10.142836999875726,20.04520933769527
0,1137,29327.595008883,29327.595088301,29327.595315534,29327.604808939,29327.604861939,29327.614874923,0.0794180014054291,0.22723299844074063,0.3066509998461697,9.493404999375343,0.052999999752501026,10.01298400296946,19.866040001943475
0,1138,29327.628342216332,29327.628423226,29327.628457948,29327.637788824,29327.638020455,29327.648534084,0.08100966806523502,0.034722001146292314,0.11573166921152733,9.330875996965915,0.2316310019523371,10.513629000342917,20.191867668472696
0,1139,29327.661675549665,29327.66176467,29327.661987886,29327.671558513,29327.671865396,29327.682450332,0.08912033445085399,0.22321600044961087,0.31233633490046486,9.57062700035749,0.3068830010306556,10.584935997030698,20.77478233331931
0,1140,29327.695008882998,29327.695092253,29327.695316182,29327.70484578,29327.704906967,29327.715052074,0.08337000326719135,0.22392899700207636,0.3072990002692677,9.529598002700368,0.061186998209450394,10.145107000425924,20.04319100160501
0,1141,29327.72834221633,29327.728425522,29327.728660071,29327.738154392,29327.738210292,29327.748470483,0.08330566924996674,0.23454899928765371,0.31785466853762046,9.494320998783223,0.055900000006658956,10.260191000270424,20.128266667597927
0,1142,29327.761675549664,29327.761763986,29327.762001674,29327.771587033,29327.771862166,29327.78265502,0.08843633622745983,0.23768800019752234,0.3261243364249822,9.585358999174787,0.27513299937709235,10.792854001920205,20.979470336897066
0,1143,29327.795008882997,29327.795097255,29327.795354536,29327.804877543,29327.805122259,29327.816029476,0.08837200221023522,0.25728100081323646,0.3456530030234717,9.523007000098005,0.244716000452172,10.907216998020886,21.020593001594534
0,1144,29327.828342216333,29327.828426359,29327.828460628,29327.837797669,29327.838028737,29327.848828656,0.08414266631007195,0.034269000025233254,0.1184116663353052,9.337040999525925,0.231067999266088,10.799919000419322,20.48643966554664
0,1145,29327.861675549666,29327.861756924,29327.861787721,29327.871079522,29327.871309403,29327.882008081,0.08137433542287908,0.030797000363236293,0.11217133578611538,9.291800997743849,0.22988099954091012,10.698678001062945,20.33253133413382
0,1146,29327.895008883,29327.895092064,29327.895335391,29327.904844194,29327.904904972,29327.915746318,0.08318100299220532,0.24332699831575155,0.3265080013079569,9.508802999334875,0.060778002080041915,10.841346000233898,20.737435002956772
0,1147,29327.92834221633,29327.928424991,29327.928624623,29327.935013927,29327.935247161,29327.945981877,0.08277466986328363,0.19963199883932248,0.2824066687026061,6.389303998730611,0.23323400091612712,10.734716001024935,17.63966066937428
0,1148,29327.961675549665,29327.961755408,29327.961983503,29327.971551241,29327.971627511,29327.983524489,0.07985833508428186,0.22809499932918698,0.30795333441346884,9.567738001351245,0.07627000013599172,11.896977997821523,21.848939333722228
0,1149,29327.995008882997,29327.995085686,29327.995302197,29328.004828926,29328.004889037,29328.01576892,0.07680300404899754,0.21651099814334884,0.2933140021923464,9.526729001663625,0.06011100049363449,10.879882996960077,20.760037001309684
0,1150,29328.02834221633,29328.028423574,29328.028639409,29328.038150574,29328.038378011,29328.049422729,0.0813576698419638,0.21583499983535148,0.2971926696773153,9.511165000731125,0.2274369981023483,11.044718001357978,21.080512669868767
0,1151,29328.061675549663,29328.061764944,29328.061989122,29328.071568408,29328.071825799,29328.083003139,0.08939433610066772,0.22417800209950656,0.31357233820017427,9.579285997460829,0.2573910023784265,11.177339998539537,21.327589336578967
0,1152,29328.095008883,29328.095091906,29328.095138417,29328.104459847,29328.104689109,29328.115679169,0.08302300193463452,0.04651099879993126,0.12953400073456578,9.321429999545217,0.22926200108486228,10.990060000040103,20.670286001404747
0,1153,29328.128342216332,29328.128427026,29328.128457037,29328.137720502,29328.13794757,29328.14893876,0.08480966789647937,0.0300110004900489,0.11482066838652827,9.26346499909414,0.2270680015499238,10.991189999913331,20.596543668943923
0,1154,29328.161675549665,29328.161761507,29328.161996668,29328.171515942,29328.171753251,29328.182855349,0.08595733379479498,0.23516100191045552,0.3211183357052505,9.519273997284472,0.23730900284135714,11.10209800026496,21.17979933609604
0,1155,29328.195008882998,29328.195091173,29328.195310833,29328.204824655,29328.204888082,29328.21536908,0.08229000013670884,0.21966000349493697,0.3019500036316458,9.513821998552885,0.06342699998640455,10.480998000275576,20.36019700244651
0,1156,29328.22834221633,29328.228425035,29328.228649083,29328.238211702,29328.238276166,29328.2487346,0.0828186675789766,0.22404800256481394,0.30686667014379054,9.562618997733807,0.06446400220738724,10.458434000611305,20.39238367069629
0,1157,29328.261675549664,29328.261765304,29328.262000242,29328.271520082,29328.271791057,29328.283120659,0.08975433593150228,0.23493800108553842,0.3246923370170407,9.519839997665258,0.27097500060335733,11.329602002660977,21.445109337946633
0,1158,29328.295008882997,29328.295094074,29328.295314761,29328.304834352,29328.304916204,29328.315575242,0.08519100447301753,0.22068699763622135,0.3058780021092389,9.519590999843786,0.08185200204025023,10.659037998266285,20.56635900225956
0,1159,29328.328342216333,29328.328422092,29328.32864628,29328.338155629,29328.338213149,29328.348708722,0.07987566641531885,0.22418799926526845,0.3040636656805873,9.509349001746159,0.05751999924541451,10.495572998479474,20.366505665151635
0,1160,29328.361675549666,29328.361755852,29328.361789492,29328.371164506,29328.371428666,29328.382831528,0.08030233584577218,0.033639997127465904,0.11394233297323808,9.375014000397641,0.2641600003698841,11.40286200097762,21.155978334718384
0,1161,29328.395008883,29328.395102353,29328.395340735,29328.404894714,29328.405132995,29328.416326687,0.09347000013804063,0.238382002862636,0.33185200300067663,9.553978998155799,0.2382810016570147,11.19369199659559,21.31780399940908
0,1162,29328.42834221633,29328.428447234,29328.428677532,29328.438202113,29328.438477552,29328.449650262,0.10501766882953234,0.2302979992236942,0.33531566805322655,9.524581000732724,0.27543900068849325,11.172709997481434,21.308045666955877
0,1163,29328.461675549665,29328.461767558,29328.461999329,29328.471536355,29328.471775506,29328.48302669,0.09200833665090613,0.2317709986527916,0.32377933530369774,9.537025998724857,0.23915100246085785,11.251183997956105,21.351140334445518
0,1164,29328.495008882997,29328.495091503,29328.4953127,29328.504839623,29328.505117488,29328.516294403,0.08262000119430013,0.22119700224720873,0.30381700344150886,9.526923000521492,0.2778649977699388,11.176915002579335,21.285520004312275
0,1165,29328.52834221633,29328.528433115,29328.528666775,29328.538256459,29328.538499508,29328.549971657,0.0908986694412306,0.23366000095847994,0.32455867039971054,9.589683999365661,0.24304899852722883,11.472149002656806,21.629440670949407
0,1166,29328.561675549663,29328.561760042,29328.561992377,29328.571518181,29328.571574571,29328.58266416,0.08449233791907318,0.23233499814523384,0.316827336064307,9.525804001896176,0.05638999937218614,11.089588999311673,20.988610336644342
0,1167,29328.595008883,29328.595090765,29328.595306008,29328.604872135,29328.604931118,29328.615858242,0.0818820008134935,0.21524299882003106,0.29712499963352457,9.566127002472058,0.058982997870771214,10.927123999863397,20.84935899983975
0,1168,29328.628342216332,29328.628422414,29328.628453118,29328.637814196,29328.637863928,29328.648991019,0.08019766755751334,0.0307039990730118,0.11090166663052514,9.361078002257273,0.04973199975211173,11.127090998343192,20.6488026669831
0,1169,29328.661675549665,29328.661761571,29328.661987278,29328.671555211,29328.671796344,29328.683344734,0.08602133311796933,0.22570700093638152,0.31172833405435085,9.567933000653284,0.24113299878081307,11.548390000825748,21.669184334314195
0,1170,29328.695008882998,29328.695093794,29328.695318899,29328.70480335,29328.705039029,29328.716248294,0.0849110001581721,0.2251050027552992,0.3100160029134713,9.484450998570537,0.23567899916088209,11.209265001525637,21.239411002170527
0,1171,29328.72834221633,29328.728426914,29328.728648796,29328.738245239,29328.738306767,29328.74926404,0.08469766908092424,0.22188200091477484,0.3065796699956991,9.596443000191357,0.06152800051495433,10.957272999803536,20.921823670505546
0,1172,29328.761675549664,29328.761755571,29328.761975786,29328.771639063,29328.771872279,29328.783431327,0.0800213347247336,0.22021500262781046,0.30023633735254407,9.663277000072412,0.23321600019698963,11.559047998161986,21.755777335783932
0,1173,29328.795008882997,29328.795092395,29328.795314601,29328.804913988,29328.80498046,29328.816161671,0.08351200449396856,0.22220599930733442,0.305718003801303,9.599386998161208,0.06647200279985555,11.18121099716518,21.152788001927547
0,1174,29328.828342216333,29328.828422893,29328.828688295,29328.838181579,29328.838242987,29328.849313826,0.08067666567512788,0.2654020026966464,0.34607866837177426,9.49328400020022,0.0614079981460236,11.070838998421095,20.971609665139113
0,1175,29328.861675549666,29328.8617573,29328.861787246,29328.871152732,29328.871372984,29328.882969931,0.08175033508450724,0.029946000722702593,0.11169633580720983,9.365485999296652,0.22025199723429978,11.596947002544766,21.294381334882928
0,1176,29328.895008883,29328.895093541,29328.895314877,29328.904860151,29328.905100303,29328.916586387,0.08465800056001171,0.2213360021414701,0.3059940027014818,9.545273998810444,0.24015199960558675,11.486084000353003,21.577504001470516
0,1177,29328.92834221633,29328.92842904,29328.928628635,29328.935252488,29328.935476407,29328.947143901,0.08682366751600057,0.19959500059485435,0.2864186681108549,6.623853001656244,0.22391899983631447,11.667493999993894,18.801684669597307
0,1178,29328.961675549665,29328.961757966,29328.961985579,29328.97151967,29328.971600726,29328.983428158,0.08241633622674271,0.2276129998790566,0.3100293361057993,9.534091001114575,0.08105599772534333,11.827432001155103,21.75260833610082
0,1179,29328.995008882997,29328.995089828,29328.995319885,29329.00486917,29329.004932144,29329.016115336,0.08094500299193896,0.23005700131761841,0.3110020043095574,9.549284997774521,0.06297399886534549,11.183192000316922,21.106453001266345
0,1180,29329.02834221633,29329.028420644,29329.028652359,29329.038207588,29329.038265932,29329.048021108,0.07842767081456259,0.23171499924501404,0.31014267005957663,9.555229000397958,0.058343997807241976,9.75517600090825,19.678891669173026
0,1181,29329.061675549663,29329.061752579,29329.061975656,29329.071516255,29329.07156957,29329.08123831,0.07702933726250194,0.22307700055534951,0.30010633781785145,9.540598999592476,0.05331499778549187,9.668740000051912,19.56276033524773
0,1182,29329.095008883,29329.095088265,29329.095317425,29329.104847089,29329.104905655,29329.114621692,0.07938199996715412,0.22915999943506904,0.30854199940222315,9.529663999273907,0.05856600182596594,9.71603699872503,19.612808999227127
0,1183,29329.128342216332,29329.128421803,29329.128487526,29329.137795725,29329.13783966,29329.147486566,0.07958666901686229,0.06572299753315747,0.14530966655001976,9.308199001679895,0.04393500057631172,9.646905997215072,19.1443496660213
0,1184,29329.161675549665,29329.161785581,29329.162026973,29329.171598601,29329.171690824,29329.18141662,0.11003133477061056,0.24139200104400516,0.3514233358146157,9.571627997502219,0.09222300286637619,9.725795996928355,19.741070333111566
0,1185,29329.195008882998,29329.195092979,29329.195313075,29329.204819989,29329.204881286,29329.214686102,0.08409600195591338,0.2200960007030517,0.30419200265896507,9.506914000667166,0.061296999774640426,9.80481599981431,19.67721900291508
0,1186,29329.22834221633,29329.228426341,29329.228650011,29329.238160758,29329.238217406,29329.247871488,0.08412466922891326,0.22366999837686308,0.30779466760577634,9.51074700060417,0.056648001191206276,9.65408200136153,19.529271670762682
0,1187,29329.261675549664,29329.261756573,29329.261982363,29329.271515647,29329.271571648,29329.281255592,0.08102333595161326,0.22579000142286532,0.3068133373744786,9.533283999189734,0.056001001212280244,9.683943997515598,19.58004233529209
0,1188,29329.295008882997,29329.29509361,29329.295328021,29329.304851601,29329.304915973,29329.31436234,0.08472700210404582,0.2344109998375643,0.3191380019416101,9.523579999950016,0.0643720013613347,9.446366999327438,19.3534570025804
0,1189,29329.328342216333,29329.32842075,29329.328642086,29329.338164889,29329.338221222,29329.348066556,0.07853366696508601,0.22133599850349128,0.2998696654685773,9.522803000436397,0.056332999520236626,9.84533399969223,19.72433966511744
0,1190,29329.361675549666,29329.361757777,29329.361789287,29329.371171634,29329.371217634,29329.381071987,0.08222733231377788,0.031510000553680584,0.11373733286745846,9.38234700151952,0.04600000102072954,9.854353000264382,19.39643733567209
0,1191,29329.395008883,29329.395091174,29329.39530738,29329.40478146,29329.404842377,29329.414803175,0.08229100058088079,0.2162060009140987,0.2984970014949795,9.47408000138239,0.06091699833632447,9.960798000975046,19.79429200218874
0,1192,29329.42834221633,29329.428424349,29329.428695047,29329.438182238,29329.438242266,29329.448162369,0.08213266846723855,0.27069800125900656,0.3528306697262451,9.48719099687878,0.060028000007150695,9.920103002514224,19.8201526691264
0,1193,29329.461675549665,29329.461758792,29329.461982008,29329.471480913,29329.471537533,29329.481404507,0.08324233567691408,0.22321600044961087,0.30645833612652496,9.498904997599311,0.0566200033063069,9.866974000033224,19.728957337065367
0,1194,29329.495008882997,29329.49509057,29329.495310035,29329.504811059,29329.504869801,29329.514808136,0.08168700151145458,0.21946500055491924,0.3011520020663738,9.501024000201141,0.058741999964695424,9.938334998878418,19.79925300111063
0,1195,29329.52834221633,29329.528445152,29329.528674145,29329.538163281,29329.538223254,29329.548259238,0.10293566811014898,0.2289930016559083,0.3319286697660573,9.489135998592246,0.05997300104354508,10.035983999841847,19.917021669243695
0,1196,29329.561675549663,29329.561767521,29329.561994227,29329.571544429,29329.571601281,29329.581731211,0.09197133840643801,0.22670599719276652,0.3186773355992045,9.550202001264552,0.056852000852813944,10.129930000402965,20.055661338119535
0,1197,29329.595008883,29329.595094298,29329.595149531,29329.604666121,29329.604768326,29329.615914018,0.08541500210412778,0.05523299842025153,0.1406480005243793,9.516589998384006,0.10220500189461745,11.145691998535767,20.90513499933877
0,1198,29329.628342216332,29329.62842679,29329.628455596,29329.637775202,29329.637817508,29329.648148265,0.08457366857328452,0.028806000045733526,0.11337966861901805,9.319606000644853,0.042305997340008616,10.33075700252084,19.80604866912472
0,1199,29329.661675549665,29329.661759263,29329.661981617,29329.671604329,29329.67166181,29329.682253978,0.08371333387913182,0.22235399956116453,0.30606733344029635,9.622712001146283,0.05748100011260249,10.592168000584934,20.578428335284116
0,1200,29329.695008882998,29329.695092819,29329.695332192,29329.704929616,29329.704987969,29329.715732341,0.08393600364797749,0.2393729992036242,0.3233090028516017,9.597423999366583,0.05835299816681072,10.744372000772273,20.72345800115727
0,1201,29329.72834221633,29329.728427551,29329.72865359,29329.738185106,29329.738241024,29329.748982628,0.08533466825610958,0.2260389992443379,0.3113736675004475,9.531516003335128,0.05591799708781764,10.741604000941152,20.640411668864544
0,1202,29329.761675549664,29329.761754745,29329.761994757,29329.77151494,29329.77157357,29329.78233486,0.07919533527456224,0.24001199926715344,0.3192073345417157,9.520183000859106,0.0586300011491403,10.761289999209112,20.659310335759073
0,1203,29329.795008882997,29329.795090654,29329.795313582,29329.804844839,29329.804903071,29329.815712102,0.08177100244211033,0.22292799985734746,0.3046990022994578,9.531257001071936,0.05823199899168685,10.8090310022817,20.70321900464478
0,1204,29329.828342216333,29329.828424266,29329.82849121,29329.838006856,29329.83806681,29329.848790312,0.08204966798075475,0.06694399780826643,0.14899366578902118,9.515646001091227,0.05995399988023564,10.723502000473673,20.448095667234156
0,1205,29329.861675549666,29329.861754673,29329.861785997,29329.871078946,29329.871125734,29329.881863439,0.07912333239801228,0.031324001611210406,0.11044733400922269,9.292948998336215,0.046788001782260835,10.73770500079263,20.187889334920328
0,1206,29329.895008883,29329.895088738,29329.895302842,29329.904821137,29329.904877618,29329.915788168,0.07985500269569457,0.21410399858723395,0.2939590012829285,9.51829499899759,0.05648099977406673,10.9105500014266,20.779285001481185
0,1207,29329.92834221633,29329.92842072,29329.928639408,29329.938201749,29329.938258369,29329.953339939,0.07850366819184273,0.2186880010413006,0.29719166923314333,9.562340997945284,0.05661999966832809,15.081569999892963,24.99772266673972
0,1208,29329.961675549665,29329.961754563,29329.961969426,29329.971545008,29329.97160849,29329.983144158,0.07901333447080106,0.2148630010196939,0.29387633549049497,9.575582000252325,0.06348199895001017,11.535667999851285,21.468608334544115
0,1209,29329.995008882997,29329.995091221,29329.995312659,29330.004787563,29330.004844277,29330.015602436,0.08233800326706842,0.22143800015328452,0.30377600342035294,9.474903999944218,0.05671399776474573,10.758159001852619,20.593553002981935
0,1210,29330.02834221633,29330.028422008,29330.028651002,29330.03821011,29330.038270195,29330.049113106,0.0797916691226419,0.22899400210008025,0.30878567122272216,9.559107998938998,0.06008499985910021,10.842911000509048,20.77088967052987
0,1211,29330.061675549663,29330.061753934,29330.061971197,29330.071489397,29330.071546139,29330.082897296,0.07838433521101251,0.21726300110458396,0.2956473363155965,9.518200000457,0.05674199928762391,11.351157001627143,21.221746337687364
0,1212,29330.095008883,29330.095089731,29330.095308373,29330.104782203,29330.104845286,29330.115797114,0.08084799992502667,0.21864199879928492,0.2994899987243116,9.473830003116746,0.06308299998636357,10.951827996905195,20.788230998732615
0,1213,29330.128342216332,29330.128421758,29330.128468397,29330.137799169,29330.137847152,29330.148621404,0.07954166721901856,0.04663900108425878,0.12618066830327734,9.330771998065757,0.047983001422835514,10.774252001283458,20.279187669075327
0,1214,29330.161675549665,29330.161768562,29330.1619915,29330.17154985,29330.171610304,29330.182371269,0.09301233512815088,0.22293800066108815,0.31595033578923903,9.558350000588689,0.06045400004950352,10.760964996734401,20.695719333161833
0,1215,29330.195008882998,29330.195091681,29330.195321952,29330.204836357,29330.20489507,29330.215640415,0.08279800022137351,0.23027100178296678,0.3130690020043403,9.514404999208637,0.058713001635624096,10.745345000032103,20.631532002880704
0,1216,29330.22834221633,29330.22843369,29330.228679369,29330.238185143,29330.23824807,29330.249031414,0.09147367018158548,0.24567899890826084,0.3371526690898463,9.505773999990197,0.06292699981713668,10.783344001538353,20.689197670435533
0,1217,29330.261675549664,29330.261760401,29330.261987756,29330.271578291,29330.271656764,29330.282609565,0.0848513373057358,0.22735499806003645,0.31220633536577225,9.590535002644174,0.07847300003049895,10.952800999803003,20.934015337843448
0,1218,29330.295008882997,29330.295096021,29330.295322486,29330.304888122,29330.30494667,29330.315831469,0.08713800343684852,0.22646499928669073,0.31360300272353925,9.56563599902438,0.05854800110682845,10.88479900136008,20.822586004214827
0,1219,29330.328342216333,29330.328431223,29330.328656328,29330.338198288,29330.338262456,29330.349172969,0.08900666580302641,0.2251050027552992,0.3141116685583256,9.541959996568039,0.06416800169972703,10.910512999544153,20.830752666370245
0,1220,29330.361675549666,29330.361756473,29330.3617879,29330.371130969,29330.371180952,29330.382037908,0.08092333519016393,0.031427000067196786,0.11235033525736071,9.343068999442039,0.04998299846192822,10.856955999770435,20.362358332931763
0,1221,29330.395008883,29330.395096233,29330.395307596,29330.404786269,29330.404845687,29330.415736709,0.08734999937587418,0.21136300347279757,0.29871300284867175,9.478672996920068,0.05941800191067159,10.891022000578232,20.727826002257643
0,1222,29330.42834221633,29330.42842789,29330.428653087,29330.438158066,29330.4382174,29330.449131488,0.08567366967326961,0.22519699996337295,0.31087066963664256,9.50497899975744,0.05933399734203704,10.914088001300115,20.789271668036235
0,1223,29330.461675549665,29330.46176403,29330.46199343,29330.471535835,29330.471594503,29330.4825976,0.0884803339431528,0.2294000005349517,0.3178803344781045,9.54240500141168,0.05866799983778037,11.003096999047557,20.922050334775122
0,1224,29330.495008882997,29330.495093845,29330.495319977,29330.50483453,29330.504891836,29330.51582872,0.08496200098306872,0.2261320005345624,0.3110940015176311,9.514552999462467,0.057306002418044955,10.936883998510893,20.819837001909036
0,1225,29330.52834221633,29330.528422271,29330.528644598,29330.538197817,29330.538255272,29330.549333602,0.08005466952454299,0.2223269984824583,0.3023816680070013,9.553219002555124,0.0574549994780682,11.078330000600545,20.99138567064074
0,1226,29330.561675549663,29330.561756002,29330.561979681,29330.57153192,29330.571587568,29330.583148246,0.08045233698794618,0.22367899873643182,0.304131335724378,9.552239000186091,0.05564800085267052,11.560678001842462,21.4726963386056
0,1227,29330.595008883,29330.595092799,29330.595150975,29330.604667214,29330.604733242,29330.616479357,0.0839160020404961,0.05817599958390929,0.14209200162440538,9.51623899891274,0.06602799840038642,11.746115000278223,21.470473999215756
0,1228,29330.628342216332,29330.62843054,29330.628465216,29330.637852434,29330.637901972,29330.649655912,0.0883236680238042,0.03467599890427664,0.12299966692808084,9.3872180004837,0.04953800089424476,11.753939998015994,21.31369566632202
0,1229,29330.661675549665,29330.661762938,29330.661986043,29330.671591717,29330.671652968,29330.683403556,0.08738833639654331,0.2231049984402489,0.3104933348367922,9.605674000340514,0.06125100117060356,11.75058799708495,21.72800633343286
0,1230,29330.695008882998,29330.695094124,29330.695314589,29330.704826456,29330.704885504,29330.716664906,0.08524100121576339,0.220465000893455,0.3057060021092184,9.511866999673657,0.05904800127609633,11.77940199704608,21.65602300010505
0,1231,29330.72834221633,29330.728426012,29330.72864431,29330.738154493,29330.73821604,29330.750015026,0.08379566861549392,0.21829799879924394,0.30209366741473787,9.510183001111727,0.06154700167826377,11.798985997302225,21.672809667506954
0,1232,29330.761675549664,29330.761757751,29330.761978837,29330.771562918,29330.771621243,29330.783342515,0.0822013353172224,0.22108600023784675,0.30328733555506915,9.584080999047728,0.05832500028191134,11.721271999704186,21.666965334588895
0,1233,29330.795008882997,29330.79509201,29330.795310641,29330.804836889,29330.804895093,29330.816709718,0.08312700447277166,0.21863099755137227,0.30175800202414393,9.526248002657667,0.058203997468808666,11.81462500244379,21.70083500459441
0,1234,29330.828342216333,29330.828424397,29330.82864953,29330.838203424,29330.838270666,29330.850215719,0.08218066795961931,0.2251330006401986,0.3073136685998179,9.553893996780971,0.06724200284224935,11.945053000090411,21.87350266831345
0,1235,29330.861675549666,29330.861758471,29330.861802943,29330.871138965,29330.871189531,29330.883162315,0.08292133497889154,0.04447199899004772,0.12739333396893926,9.336022001662059,0.050565999117679894,11.972783999226522,21.4867653339752
0,1236,29330.895008883,29330.895092247,29330.895307258,29330.904821163,29330.904902618,29330.916931031,0.08336400060215965,0.21501100127352402,0.29837500187568367,9.513904999039369,0.08145500032696873,12.028412998915883,21.922148000157904
0,1237,29330.92834221633,29330.928424042,29330.928625914,29330.938172865,29330.938233718,29330.95565999,0.08182566671166569,0.20187200061627664,0.2836976673279423,9.546951001539128,0.06085299901315011,17.426271999283927,27.317773667164147
0,1238,29330.961675549665,29330.961756309,29330.961971682,29330.971580449,29330.971636431,29330.98470221,0.08075933510554023,0.21537300199270248,0.2961323370982427,9.608766999008367,0.055982000048970804,13.065778999589384,23.026660335744964
0,1239,29330.995008882997,29330.995087023,29330.995115615,29331.004475481,29331.004619085,29331.014964573,0.07814000127837062,0.028591999580385163,0.10673200085875578,9.359866002341732,0.1436040001863148,10.345488000893965,19.95569000428077
0,1240,29331.02834221633,29331.028421171,29331.028484505,29331.037774397,29331.037816084,29331.047019096,0.0789546684245579,0.06333400233415887,0.14228867075871676,9.289891997468658,0.041687002521939576,9.203011999488808,18.676879670238122
0,1241,29331.061675549663,29331.061791227,29331.062009155,29331.071537255,29331.071589227,29331.080753638,0.11567733599804342,0.2179280018026475,0.3336053378006909,9.52809999944293,0.051971997891087085,9.164411003439454,19.07808833857416
0,1242,29331.095008883,29331.095092523,29331.095151088,29331.104608484,29331.104669947,29331.11383545,0.08363999950233847,0.05856500138179399,0.14220500088413246,9.457396001380403,0.061462997109629214,9.165503000986064,18.826567000360228
0,1243,29331.128342216332,29331.128425875,29331.128457765,29331.137842418,29331.1378904,29331.147166996,0.08365866597159766,0.03189000199199654,0.1155486679635942,9.384652999870013,0.047982000978663564,9.27659599983599,18.82477966864826
0,1244,29331.161675549665,29331.161758718,29331.161980554,29331.171544181,29331.171600422,29331.180740721,0.08316833554999903,0.22183599867275916,0.3050043342227582,9.563627001625719,0.056240998674184084,9.14029900013702,19.06517133465968
0,1245,29331.195008882998,29331.195088986,29331.195309415,29331.204817144,29331.204875458,29331.214407929,0.08010300371097401,0.22042899945518002,0.300532003166154,9.507728998869425,0.0583139990339987,9.53247100187582,19.399046002945397
0,1246,29331.22834221633,29331.228426061,29331.228650869,29331.238168764,29331.238227968,29331.247884514,0.08384466855204664,0.22480800180346705,0.3086526703555137,9.517894999589771,0.05920399780734442,9.656546000769595,19.542297668522224
0,1247,29331.261675549664,29331.261759504,29331.26199448,29331.271517653,29331.271574931,29331.281324524,0.08395433542318642,0.2349759997741785,0.3189303351973649,9.523173001070973,0.05727800089516677,9.74959299855982,19.648974335723324
0,1248,29331.295008882997,29331.295092403,29331.295328322,29331.304806865,29331.304871792,29331.314824822,0.08352000440936536,0.23591900026076473,0.3194390046701301,9.478542997385375,0.06492700049420819,9.953029999451246,19.81593900200096
0,1249,29331.328342216333,29331.328424764,29331.328646665,29331.338138013,29331.338193838,29331.348360509,0.08254766726167873,0.22190099844010547,0.3044486657017842,9.491348002484301,0.055824999435571954,10.166670999751659,20.018292667373316
0,1250,29331.361675549666,29331.361756292,29331.361786273,29331.371110028,29331.37116077,29331.381457146,0.08074233483057469,0.029980998078826815,0.1107233329094015,9.323755002696998,0.05074199725640938,10.296376000042073,19.781596332904883
0,1251,29331.395008883,29331.39508782,29331.39529597,29331.404779708,29331.404839468,29331.41524241,0.07893700239947066,0.20814999879803509,0.28708700119750574,9.483737998380093,0.05976000102236867,10.402941999927862,20.23352700052783
0,1252,29331.42834221633,29331.428423968,29331.428646942,29331.438267821,29331.438324775,29331.44880133,0.08175166658475064,0.22297400209936313,0.30472566868411377,9.620878998248372,0.05695400250260718,10.476554998604115,20.45911366803921
0,1253,29331.461675549665,29331.461759264,29331.461989322,29331.471549671,29331.471606496,29331.482120569,0.08371433432330377,0.23005800176179036,0.31377233608509414,9.560349000821589,0.05682499977410771,10.514072997466428,20.44501933414722
0,1254,29331.495008882997,29331.495089929,29331.495312793,29331.504848021,29331.504904531,29331.515364428,0.08104600419756025,0.2228639968961943,0.30391000109375454,9.535228000459028,0.056510001741116866,10.459896999236662,20.35554500253056
0,1255,29331.52834221633,29331.528425288,29331.528689069,29331.538197093,29331.538254789,29331.548751065,0.0830716708151158,0.26378099937574007,0.34685267019085586,9.508023998932913,0.0576960010221228,10.496275997866178,20.40884866801207
0,1256,29331.561675549663,29331.56175975,29331.56197904,29331.57150374,29331.571581111,29331.582046851,0.08420033555012196,0.2192900028603617,0.3034903384104837,9.524699999019504,0.07737099804216996,10.465740000654478,20.371301336126635
0,1257,29331.595008883,29331.595091211,29331.595148583,29331.604604524,29331.60466107,29331.615120402,0.08232799882534891,0.05737200262956321,0.13970000145491213,9.455940999032464,0.05654599954141304,10.459331999300048,20.111518999328837
0,1258,29331.628342216332,29331.628422321,29331.628450572,29331.637754779,29331.637804835,29331.648261843,0.08010466626728885,0.028251000912860036,0.10835566718014888,9.30420700024115,0.05005600178265013,10.457007996592438,19.919626665796386
0,1259,29331.661675549665,29331.661755524,29331.661971998,29331.67151493,29331.671574357,29331.68222983,0.07997433567652479,0.21647399989888072,0.2964483355754055,9.542931999021675,0.05942699863226153,10.655473000952043,20.554280334181385
0,1260,29331.695008882998,29331.695091208,29331.695328784,29331.704862893,29331.704922819,29331.715748424,0.08232500113081187,0.23757600138196722,0.3199010025127791,9.534108998195734,0.059926001995336264,10.825605000718497,20.739541003422346
0,1261,29331.72834221633,29331.728428013,29331.728646024,29331.738154178,29331.738212763,29331.748988867,0.08579666973673739,0.21801099865115248,0.30380766838788986,9.508154002105584,0.058584999351296574,10.77610399806872,20.64665066791349
0,1262,29331.761675549664,29331.761758068,29331.76199258,29331.771576365,29331.771632708,29331.782496119,0.08251833787653595,0.23451199740520678,0.31703033528174274,9.583785002178047,0.05634300032397732,10.863411000173073,20.82056933795684
0,1263,29331.795008882997,29331.795091707,29331.795310524,29331.804830401,29331.804886513,29331.8156552,0.0828240044938866,0.21881700013182126,0.30164100462570786,9.519876999547705,0.05611199958366342,10.768686999654165,20.64631700341124
0,1264,29331.828342216333,29331.828425244,29331.828652775,29331.838163077,29331.838219253,29331.849181878,0.08302766582346521,0.22753099983674474,0.31055866566020995,9.510302003036486,0.056175998906837776,10.962624997773673,20.839661665377207
0,1265,29331.861675549666,29331.861755475,29331.86178766,29331.87110699,29331.871154749,29331.882158022,0.07992533573997207,0.032184998417505994,0.11211033415747806,9.319329998106696,0.047759000153746456,11.003273000824265,20.482472333242185
0,1266,29331.895008883,29331.895089299,29331.895303571,29331.904838512,29331.904894383,29331.915952481,0.08041600085562095,0.21427200044854544,0.2946880013041664,9.534941000310937,0.05587099803960882,11.058097999921301,20.943597999576014
0,1267,29331.92834221633,29331.928423271,29331.928637321,29331.938159003,29331.938229411,29331.949300824,0.08105466986307874,0.21405000006780028,0.295104669930879,9.521681997284759,0.0704080011928454,11.071412998717278,20.95860766712576
0,1268,29331.961675549665,29331.961754891,29331.961967015,29331.971485975,29331.971542781,29331.98324784,0.07934133464004844,0.21212399951764382,0.29146533415769227,9.518959999695653,0.05680600224877708,11.705058997904416,21.57229033400654
0,1269,29331.995008882997,29331.995087225,29331.99530445,29332.004878328,29332.004934522,29332.015951213,0.0783420036896132,0.21722499877796508,0.2955670024675783,9.573878000082914,0.056193999625975266,11.016691001714207,20.942330003890675
0,1270,29332.02834221633,29332.02844204,29332.028666718,29332.038178762,29332.038232679,29332.049252156,0.09982366827898659,0.22467800226877443,0.324501670547761,9.512043998256559,0.053916999604552984,11.019477002264466,20.90993967067334
0,1271,29332.061675549663,29332.061764179,29332.062002098,29332.071535938,29332.071595652,29332.082631509,0.08862933827913366,0.23791899729985744,0.3265483355789911,9.533840002404759,0.059713998780352995,11.035857001843397,20.9559593386075
0,1272,29332.095008883,29332.095091252,29332.095310847,29332.104835076,29332.104896317,29332.115932109,0.08236899884650484,0.21959500008961186,0.3019639989361167,9.524229000817286,0.06124100036686286,11.03579200207605,20.923226002196316
0,1273,29332.128342216332,29332.128423168,29332.128454927,29332.137892571,29332.137940979,29332.14899929,0.08095166776911356,0.03175899837515317,0.11271066614426672,9.437644002900925,0.04840799738303758,11.058310999942478,20.657073666370707
0,1274,29332.161675549665,29332.161756277,29332.161985011,29332.171533258,29332.171593119,29332.182736931,0.08072733544395305,0.22873399939271621,0.30946133483666927,9.548246998747345,0.05986100222798996,11.143812000227626,21.06138133603963
0,1275,29332.195008882998,29332.1950906,29332.195327083,29332.204849988,29332.204933349,29332.216362692,0.08171700028469786,0.23648300339118578,0.31820000367588364,9.522904998448212,0.0833609992696438,11.429343001509551,21.35380900290329
0,1276,29332.22834221633,29332.228425634,29332.228654026,29332.238248663,29332.238307145,29332.249867868,0.08341766806552187,0.22839200028101914,0.311809668346541,9.594637002010131,0.058481997257331386,11.560723000002326,21.52565166761633
0,1277,29332.261675549664,29332.261758846,29332.262024988,29332.271564059,29332.271623468,29332.283158497,0.08329633783432655,0.2661419966898393,0.34943833452416584,9.539071001199773,0.05940900155110285,11.535028999787755,21.482947337062797
0,1278,29332.295008882997,29332.295091974,29332.295327523,29332.304849205,29332.304909391,29332.316448911,0.08309100303449668,0.23554899962618947,0.31864000266068615,9.521682000922738,0.060186001064721495,11.539519997313619,21.440028001961764
0,1279,29332.328342216333,29332.328422546,29332.328640345,29332.338256936,29332.338316492,29332.349887541,0.08032966798054986,0.21779899907414801,0.29812866705469787,9.616590999939945,0.059556001360761,11.571048999030609,21.545324667386012
0,1280,29332.361675549666,29332.361754657,29332.361790343,29332.371124514,29332.371178505,29332.382675155,0.07910733256721869,0.03568600004655309,0.11479333261377178,9.33417100168299,0.05399099973146804,11.496650000481168,20.999605334509397
0,1281,29332.395008883,29332.395090639,29332.395301891,29332.404795897,29332.404853379,29332.416405751,0.08175599941750988,0.2112520014634356,0.2930080008809455,9.494006000750232,0.05748200055677444,11.552371997822775,21.396868000010727
0,1282,29332.42834221633,29332.428421434,29332.428640224,29332.438166008,29332.438222379,29332.44981928,0.07921766882645898,0.21878999905311503,0.298007667879574,9.525784000288695,0.056371001846855506,11.596900996664772,21.477063666679896
0,1283,29332.461675549665,29332.461755387,29332.461976409,29332.471478786,29332.471535685,29332.483180271,0.07983733667060733,0.22102199727669358,0.3008593339473009,9.502377000899287,0.05689899990102276,11.644586000329582,21.504721335077193
0,1284,29332.495008882997,29332.495088739,29332.495315353,29332.504792923,29332.504853526,29332.516484983,0.07985600313986652,0.22661399998469278,0.3064700031245593,9.477569998125546,0.060603000747505575,11.631457000476075,21.476100002473686
0,1285,29332.52834221633,29332.52842323,29332.528645121,29332.538191711,29332.538249509,29332.549502988,0.08101366984192282,0.22189100127434358,0.3029046711162664,9.546589997626143,0.05779800267191604,11.253478998696664,21.16077167011099
0,1286,29332.561675549663,29332.561756193,29332.561988667,29332.571604194,29332.571660499,29332.583414319,0.08064333815127611,0.2324739980394952,0.3131173361907713,9.615527000278234,0.05630500163533725,11.753819999285042,21.738769337389385
0,1287,29332.595008883,29332.595089739,29332.595144943,29332.604625356,29332.604689996,29332.616424981,0.08085599984042346,0.055204000091180205,0.13605999993160367,9.480413002165733,0.06463999670813791,11.734985000657616,21.41609799946309
0,1288,29332.628342216332,29332.628423063,29332.628455618,29332.637761956,29332.63781066,29332.649607072,0.08084666842478327,0.03255499905208126,0.11340166747686453,9.306338000897085,0.04870399789069779,11.79641199996695,21.264855666231597
0,1289,29332.661675549665,29332.66176134,29332.661996861,29332.67166324,29332.671728296,29332.683490429,0.08579033601563424,0.23552099810331129,0.3213113341189455,9.666378999099834,0.06505600322270766,11.762132999137975,21.814879335579462
0,1290,29332.695008882998,29332.695093987,29332.695332203,29332.70481983,29332.704878654,29332.71665452,0.08510400220984593,0.2382159982516896,0.32332000046153553,9.487627001362853,0.05882400000700727,11.775866001698887,21.645637003530283
0,1291,29332.72834221633,29332.728426617,29332.72864823,29332.738173098,29332.738236756,29332.749986057,0.08440066812909208,0.22161300148582086,0.30601366961491294,9.524868000880815,0.06365799708873965,11.7493010002363,21.64384066782077
0,1292,29332.761675549664,29332.761754978,29332.761974295,29332.771527089,29332.771588081,29332.78328489,0.07942833690322004,0.21931700030108914,0.2987453372043092,9.552793999318965,0.06099199890741147,11.696809000568464,21.60934033599915
0,1293,29332.795008882997,29332.795094015,29332.795357231,29332.804912598,29332.80497559,29332.816777243,0.08513200373272412,0.2632159994391259,0.34834800317185,9.555366999848047,0.06299199958448298,11.801652999565704,21.768360002170084
0,1294,29332.828342216333,29332.828423135,29332.828641461,29332.838172356,29332.838234764,29332.850283558,0.08091866766335443,0.21832600032212213,0.29924466798547655,9.530895000352757,0.06240799848455936,12.048794000293128,21.94134166711592
0,1295,29332.861675549666,29332.861755864,29332.861797958,29332.871112184,29332.871182194,29332.883124866,0.08031433389987797,0.04209400140098296,0.12240833530086093,9.314225997513859,0.07001000267337076,11.942671997530852,21.449316333018942
0,1296,29332.895008883,29332.895091131,29332.895321319,29332.904824844,29332.904888613,29332.916984287,0.08224799967138097,0.23018800129648298,0.31243600096786395,9.503525001491653,0.06376899909810163,12.095673999283463,21.97540400084108
0,1297,29332.92834221633,29332.928425176,29332.92862115,29332.934682441,29332.934736664,29332.95111598,0.08295966836158186,0.19597400023485534,0.2789336685964372,6.06129099833197,0.05422300091595389,16.379315999074606,22.773763666918967
0,1298,29332.961675549665,29332.961753665,29332.961965223,29332.971556544,29332.971613434,29332.981987543,0.07811533578205854,0.2115579991368577,0.2896733349189162,9.591320998879382,0.056890003179432824,10.374108998803422,20.311993335781153
0,1299,29332.995008882997,29332.995086219,29332.995301119,29333.004780579,29333.004839265,29333.015161076,0.07733600432402454,0.21489999926416203,0.2922360035881866,9.479460000875406,0.058685996918939054,10.321811001631431,20.152193003013963
0,1300,29333.02834221633,29333.028420125,29333.028638581,29333.038210245,29333.038266875,29333.048351304,0.07790866948198527,0.21845599985681474,0.2963646693388,9.571663998940494,0.05663000047206879,10.08442900274531,20.009087671496673
0,1301,29333.061675549663,29333.061758021,29333.061988996,29333.071555762,29333.07161004,29333.082157215,0.08247133519034833,0.23097500161384232,0.31344633680419065,9.566765998897608,0.0542779998795595,10.547175003011944,20.481665338593302
0,1302,29333.095008883,29333.095088094,29333.09531668,29333.104807529,29333.104868446,29333.11563568,0.07921100041130558,0.2285859991388861,0.3077969995501917,9.490848999121226,0.060917001974303275,10.76723399819457,20.62679699884029
0,1303,29333.128342216332,29333.128422816,29333.128452205,29333.137834812,29333.137882433,29333.148583768,0.08059966785367578,0.0293890007014852,0.10998866855516098,9.382607000588905,0.04762099706567824,10.701335002522683,20.241551668732427
0,1304,29333.161675549665,29333.161756751,29333.162017087,29333.171541242,29333.171596297,29333.18231566,0.08120133497868665,0.26033600079244934,0.341537335771136,9.52415500069037,0.05505499939317815,10.719362999225268,20.640110335079953
0,1305,29333.195008882998,29333.195090417,29333.195325022,29333.20483663,29333.204901436,29333.215635678,0.08153400267474353,0.23460499869543128,0.3161390013701748,9.511608001048444,0.06480599768110551,10.734242001490202,20.626795001589926
0,1306,29333.22834221633,29333.228424528,29333.228645131,29333.238173315,29333.238229204,29333.249132735,0.08231166793848388,0.2206030003435444,0.3029146682820283,9.528184000373585,0.05588899875874631,10.903531001531519,20.79051866894588
0,1307,29333.261675549664,29333.261755897,29333.261993372,29333.271570453,29333.271626963,29333.282496772,0.0803473376436159,0.23747500017634593,0.31782233781996183,9.577080996677978,0.056510001741116866,10.869809000723762,20.82122233696282
0,1308,29333.295008882997,29333.295090517,29333.295316011,29333.304845619,29333.304904083,29333.315813502,0.08163400343619287,0.2254940009152051,0.307128004351398,9.52960799986613,0.058464000176172704,10.90941899747122,20.80461900186492
0,1309,29333.328342216333,29333.328422785,29333.328654778,29333.338162803,29333.338218748,29333.349331606,0.08056866863626055,0.23199299903353676,0.3125616676697973,9.508024999377085,0.055944998166523874,11.11285800288897,20.989389668102376
0,1310,29333.361675549666,29333.361756451,29333.36178397,29333.371126345,29333.371175799,29333.382237184,0.08090133269433863,0.027518999559106305,0.10842033225344494,9.342375000414904,0.04945399996358901,11.061385001085,20.56163433371694
0,1311,29333.395008883,29333.395088405,29333.395302999,29333.404854303,29333.404913164,29333.415999188,0.07952200030558743,0.21459400159073994,0.29411600189632736,9.551303999614902,0.058860998251475394,11.08602400199743,20.990305001760134
0,1312,29333.42834221633,29333.428423672,29333.428639916,29333.438178765,29333.438239506,29333.449642738,0.08145566971506923,0.21624399960273877,0.297699669317808,9.538849000819027,0.06074099655961618,11.403232001612196,21.300521668308647
0,1313,29333.461675549665,29333.461757088,29333.461977664,29333.471609876,29333.471667515,29333.482956643,0.08153833550750278,0.22057599926483817,0.30211433477234095,9.632212000724394,0.05763900117017329,11.28912800049875,21.281093337165657
0,1314,29333.495008882997,29333.495091105,29333.495309941,29333.504886901,29333.504972245,29333.516231761,0.08222200267482549,0.2188360012951307,0.3010580039699562,9.576959997502854,0.08534399967174977,11.259516002610326,21.222878003754886
0,1315,29333.52834221633,29333.528430223,29333.528656143,29333.538168639,29333.538230224,29333.549663538,0.08800666910246946,0.22592000095755793,0.3139266700600274,9.512495998933446,0.06158500036690384,11.433314000896644,21.32132167025702
0,1316,29333.561675549663,29333.561759046,29333.561987122,29333.571560823,29333.571620611,29333.582959481,0.08349633571924642,0.22807600180385634,0.31157233752310276,9.573700997862034,0.059788002545246854,11.338869997416623,21.283931335347006
0,1317,29333.595008883,29333.595093821,29333.595150127,29333.604615919,29333.604680846,29333.616134828,0.08493800123687834,0.05630599844153039,0.14124399967840873,9.46579200171982,0.06492700049420819,11.453981998784002,21.125945000676438
0,1318,29333.628342216332,29333.628424569,29333.628453153,29333.637784805,29333.63783538,29333.649189925,0.0823526679596398,0.02858399966498837,0.11093666762462817,9.33165199967334,0.05057499947724864,11.354545000358485,20.847708667133702
0,1319,29333.661675549665,29333.661757113,29333.661976672,29333.67162643,29333.671684217,29333.683115235,0.08156333569786511,0.21955899865133688,0.301122334349202,9.649758001614828,0.057786997786024585,11.431017999711912,21.439685333461966
0,1320,29333.695008882998,29333.695092538,29333.695325476,29333.704850056,29333.704909696,29333.716653718,0.08365500252693892,0.2329380004084669,0.3165930029354058,9.524580000288552,0.05963999865343794,11.744021998310927,21.644835000188323
0,1321,29333.72834221633,29333.728423315,29333.728642521,29333.738201083,29333.738260685,29333.750396361,0.08109866757877171,0.21920600192970596,0.3003046695084777,9.558562000165693,0.05960199996479787,12.135675999161322,22.05414466880029
0,1322,29333.761675549664,29333.761758286,29333.761981215,29333.77161237,29333.771672992,29333.783747351,0.08273633648059331,0.2229290003015194,0.3056653367821127,9.631155000533909,0.06062199827283621,12.074359001417179,22.071801337006036
0,1323,29333.795008882997,29333.795094027,29333.795314122,29333.804852573,29333.805100131,29333.817843729,0.0851440017868299,0.22009500025887974,0.30523900204570964,9.538451002299553,0.24755800041020848,12.743597999360645,22.834846004116116
0,1324,29333.828342216333,29333.828429425,29333.828496425,29333.838087478,29333.838323555,29333.851965424,0.08720866753719747,0.0670000008540228,0.15420866839122027,9.5910529998946,0.23607699768035673,13.64186900173081,23.623207667696988
0,1325,29333.861675549666,29333.861763914,29333.861829137,29333.871231828,29333.871458756,29333.885050318,0.08836433335090987,0.0652230010018684,0.15358733435277827,9.402691001014318,0.22692799757351168,13.591562001238344,23.374768334178953
0,1326,29333.895008883,29333.89511321,29333.895332241,29333.904837645,29333.905073333,29333.917849172,0.10432700219098479,0.21903100059716962,0.3233580027881544,9.505403999355622,0.23568799952045083,12.775839000823908,22.840289002488134
0,1327,29333.92834221633,29333.928427191,29333.92863199,29333.938239183,29333.938471036,29333.957435549,0.08497466842527501,0.204798998311162,0.289773666736437,9.607193002011627,0.23185299869510345,18.964513001265004,29.09333266870817
0,1328,29333.961675549665,29333.961757654,29333.961974619,29333.971534515,29333.97159534,29333.984370948,0.08210433588828892,0.21696499970857985,0.29906933559686877,9.55989599970053,0.06082500112825073,12.775608000083594,22.695398336509243
0,1329,29333.995008882997,29333.995086106,29333.995307794,29334.004806477,29334.004885163,29334.018670032,0.07722300142631866,0.22168800205690786,0.2989110034832265,9.498683000856545,0.07868600005167536,13.78486899920972,23.661149003601167
0,1330,29334.02834221633,29334.028426745,29334.028643813,29334.038166106,29334.038232828,29334.051772334,0.0845286704134196,0.21706799816456623,0.30159666857798584,9.522292999463389,0.06672200106550008,13.539506002416601,23.430117671523476
0,1331,29334.061675549663,29334.061758004,29334.061788763,29334.071286473,29334.071355289,29334.082346081,0.0824543385533616,0.030758998036617413,0.11321333658997901,9.497710001596715,0.06881599983898923,10.990791997755878,20.67053133578156
0,1332,29334.095008883,29334.09508817,29334.095116679,29334.104579861,29334.10463964,29334.11571834,0.07928700142656453,0.028508999093901366,0.1077960005204659,9.46318199930829,0.05977900218567811,11.078699997597141,20.709456999611575
0,1333,29334.128342216332,29334.12842404,29334.128452169,29334.137949259,29334.137996907,29334.149852394,0.08182366582332179,0.028129001293564215,0.109952667116886,9.497089999058517,0.04764800178236328,11.855486998683773,21.51017766664154
0,1334,29334.161675549665,29334.161755724,29334.161790882,29334.171319907,29334.171408093,29334.183090161,0.08017433356144466,0.035158001992385834,0.11533233555383049,9.529024999210378,0.08818599962978624,11.682068001391599,21.414611335785594
0,1335,29334.195008882998,29334.195088954,29334.195117835,29334.204619786,29334.204683083,29334.215651873,0.08007100041140802,0.02888100061682053,0.10895200102822855,9.501951000856934,0.06329700045171194,10.968790000333684,20.642990002670558
0,1336,29334.22834221633,29334.228420712,29334.228446842,29334.238020747,29334.238078423,29334.249920271,0.07849566827644594,0.026130001060664654,0.1046256693371106,9.57390500116162,0.05767599941464141,11.841847997857258,21.57805466777063
0,1337,29334.261675549664,29334.261755802,29334.261786591,29334.271311541,29334.271383939,29334.283431409,0.08025233546504751,0.0307890004478395,0.11104133591288701,9.524950000923127,0.07239800106617622,12.047469997924054,21.755859335826244
0,1338,29334.295008882997,29334.295093301,29334.295125708,29334.304629724,29334.304692751,29334.316118566,0.08441800309810787,0.03240699879825115,0.11682500189635903,9.504016001301352,0.06302700057858601,11.425814998801798,21.109683002578095
0,1339,29334.328342216333,29334.328419604,29334.328459558,29334.337922841,29334.337974027,29334.349434934,0.07738766726106405,0.03995400038547814,0.11734166764654219,9.463283000513911,0.05118599801789969,11.460907000582665,21.09271766676102
0,1340,29334.361675549666,29334.361756342,29334.36178864,29334.371143653,29334.371202191,29334.38275445,0.08079233521129936,0.03229799767723307,0.11309033288853243,9.355013000458712,0.058538000303087756,11.552259002201026,21.07890033585136
0,1341,29334.395008883,29334.395095331,29334.395315704,29334.404839478,29334.40490297,29334.417647374,0.08644800254842266,0.22037300004740246,0.3068210025958251,9.523773998807883,0.06349199975375086,12.744404000841314,22.638491001998773
0,1342,29334.42834221633,29334.428443153,29334.428671313,29334.438110763,29334.438177755,29334.45094914,0.10093666787724942,0.22815999909653328,0.3290966669737827,9.43945000108215,0.066992000938626,12.771384997904534,22.606923666899092
0,1343,29334.461675549665,29334.461767078,29334.461990672,29334.471582967,29334.471652681,29334.484264472,0.09152833445114084,0.22359400099958293,0.31512233545072377,9.592294998583384,0.06971400216571055,12.611791000381345,22.588922336581163
0,1344,29334.495008882997,29334.495107354,29334.495139262,29334.504611518,29334.504670287,29334.5174461,0.09847100227489136,0.031907999073155224,0.13037900134804659,9.472256002482027,0.05876899740542285,12.775813000189373,22.43721700142487
0,1345,29334.52834221633,29334.528424011,29334.528643355,29334.538089982,29334.53814789,29334.549840273,0.08179467113222927,0.21934399774181657,0.30113866887404583,9.446627002034802,0.05790800059912726,11.692382999171969,21.498056670679944
0,1346,29334.561675549663,29334.561754815,29334.561977994,29334.571437611,29334.571494056,29334.583115836,0.0792653372627683,0.22317899856716394,0.30244433582993224,9.459617001994047,0.05644499833579175,11.621780002315063,21.440286338474834
0,1347,29334.595008883,29334.595093426,29334.595142463,29334.604511459,29334.604743563,29334.616504549,0.08454300041194074,0.04903700028080493,0.13358000069274567,9.368996001285268,0.23210399740491994,11.76098600262776,21.495666002010694
0,1348,29334.628342216332,29334.628427129,29334.628464639,29334.637766837,29334.637812699,29334.64940508,0.08491266635246575,0.03751000258489512,0.12242266893736087,9.302197999204509,0.045861997932661325,11.592381000809837,21.06286366688437
0,1349,29334.661675549665,29334.661759044,29334.661981621,29334.671542582,29334.671601055,29334.68362946,0.08349433483090252,0.22257700038608164,0.30607133521698415,9.560960999806412,0.05847300053574145,12.028404999000486,21.953910334559623
0,1350,29334.695008882998,29334.695098285,29334.695325741,29334.704816876,29334.705097176,29334.71714748,0.08940200132201426,0.22745599926565774,0.316858000587672,9.491135002463125,0.28029999884893186,12.050304001604673,22.1385970035044
0,1351,29334.72834221633,29334.72842645,29334.728651361,29334.738122051,29334.738180275,29334.749941028,0.08423367034993134,0.22491100025945343,0.3091446706093848,9.470689998124726,0.058223999076290056,11.760753000999102,21.598811668809503
0,1352,29334.761675549664,29334.761754163,29334.761980147,29334.77149756,29334.771728822,29334.784516486,0.07861333506298251,0.2259840002807323,0.3045973353437148,9.51741300013964,0.2312620017619338,12.787663999915821,22.84093633716111
0,1353,29334.795008882997,29334.795089208,29334.795309238,29334.804770282,29334.804847523,29334.816629897,0.08032500409171917,0.22003000049153343,0.3003550045832526,9.461043999181129,0.07724099850747734,11.782374000176787,21.621014002448646
0,1354,29334.828342216333,29334.828424541,29334.828658627,29334.838085965,29334.838144837,29334.849929173,0.08232466643676162,0.23408600100083277,0.3164106674375944,9.427337998204166,0.05887199949938804,11.784336002165219,21.586956667306367
0,1355,29334.861675549666,29334.861755325,29334.861787271,29334.871066792,29334.871336147,29334.884083625,0.07977533459779806,0.0319459977617953,0.11172133235959336,9.27952100028051,0.2693550013646018,12.747477998345857,22.408075332350563
0,1356,29334.895008883,29334.895089861,29334.895319483,29334.904890064,29334.904952195,29334.916720077,0.08097799945971929,0.22962200091569684,0.31060000037541613,9.570581001753453,0.06213099914020859,11.767881998821395,21.711194000090472
0,1357,29334.92834221633,29334.928420738,29334.928618009,29334.934996757,29334.935050053,29334.946795169,0.07852166891098022,0.19727099788724445,0.2757926667982247,6.378748003044166,0.053296000260161236,11.74511599674588,18.452952666848432
0,1358,29334.961675549665,29334.961754976,29334.961807662,29334.971248908,29334.971306251,29334.985844703,0.07942633601487614,0.052685998525703326,0.13211233454057947,9.441246002097614,0.05734300066251308,14.538451996486401,24.169153333787108
0,1359,29334.995008882997,29334.995086752,29334.995117354,29335.004566082,29335.004799223,29335.016679737,0.07786900096107274,0.03060200106119737,0.10847100202227011,9.448728000279516,0.23314099962590262,11.880514000949915,21.670854002877604
0,1360,29335.02834221633,29335.028418444,29335.028452203,29335.037714402,29335.037759272,29335.047891044,0.0762276686145924,0.03375900269020349,0.10998667130479589,9.262198997021187,0.04487000114750117,10.131772000022465,19.54882766949595
0,1361,29335.061675549663,29335.061758035,29335.061989593,29335.071465775,29335.071524228,29335.080817408,0.08248533777077682,0.2315579986316152,0.314043336402392,9.476182000071276,0.05845299892826006,9.293180002714507,19.141858338116435
0,1362,29335.095008883,29335.095094959,29335.095155016,29335.104611744,29335.104856006,29335.114797582,0.0860760010255035,0.06005699833622202,0.14613299936172552,9.456727999349823,0.2442620025249198,9.9415759978001,19.78869899903657
0,1363,29335.128342216332,29335.128424421,29335.128473339,29335.13778299,29335.137834936,29335.146918196,0.0822046677058097,0.048917998356046155,0.13112266606185585,9.309651002695318,0.0519459972565528,9.083259999897564,18.57597966591129
0,1364,29335.161675549665,29335.16176556,29335.161984451,29335.171438178,29335.171492763,29335.180731089,0.09001033322419971,0.2188910002587363,0.308901333482936,9.453727001528023,0.05458499799715355,9.238326001650421,19.055539334658533
0,1365,29335.195008882998,29335.195094947,29335.195332255,29335.204835669,29335.205076589,29335.214623465,0.08606400297139771,0.23730799875920638,0.3233720017306041,9.50341399948229,0.24092000239761546,9.546875997330062,19.614582000940572
0,1366,29335.22834221633,29335.228429233,29335.22865406,29335.238136575,29335.238365614,29335.248505757,0.0870166695676744,0.22482699932879768,0.3118436688964721,9.482515000854619,0.22903900025994517,10.14014300017152,20.163540670182556
0,1367,29335.261675549664,29335.261756103,29335.261993383,29335.271459648,29335.271699271,29335.281017127,0.08055333455558866,0.237280000874307,0.31783333542989567,9.466265000810381,0.23962300110724755,9.317855998233426,19.34157733558095
0,1368,29335.295008882997,29335.295090324,29335.295315243,29335.304788203,29335.304848897,29335.313928584,0.08144100502249785,0.22491899653687142,0.30636000155936927,9.472960002312902,0.06069400114938617,9.079686999029946,18.919701004051603
0,1369,29335.328342216333,29335.328428295,29335.328651195,29335.33811147,29335.338342889,29335.347986351,0.0860786676639691,0.22289999833446927,0.3089786659984384,9.460274999582907,0.23141900237533264,9.643461999075953,19.64413466703263
0,1370,29335.361675549666,29335.361757637,29335.361797683,29335.371133104,29335.371375699,29335.38113082,0.08208733561332338,0.040045997593551874,0.12213333320687525,9.33542100028717,0.24259500059997663,9.755120998306666,19.455270332400687
0,1371,29335.395008883,29335.395097913,29335.395318879,29335.404843774,29335.405124101,29335.415430737,0.0890299997990951,0.22096600150689483,0.3099960013059899,9.524894998321543,0.2803269999276381,10.306636002496816,20.421854002051987
0,1372,29335.42834221633,29335.428432366,29335.428655323,29335.438129995,29335.438367951,29335.448753023,0.09014966781251132,0.2229570018243976,0.3131066696369089,9.474671998759732,0.23795599918230437,10.385072000644868,20.410806668223813
0,1373,29335.461675549665,29335.46175843,29335.461975062,29335.471474994,29335.471553597,29335.481628147,0.08288033495773561,0.21663200095645152,0.29951233591418713,9.499931999016553,0.07860299956519157,10.074550002173055,19.952597336668987
0,1374,29335.495008882997,29335.495091382,29335.495327607,29335.504813141,29335.505060106,29335.514748837,0.08249900201917626,0.23622500157216564,0.3187240035913419,9.485533999395557,0.2469649989507161,9.6887309991871,19.739954001124715
0,1375,29335.52834221633,29335.528424678,29335.528650338,29335.538113482,29335.53817165,29335.547567533,0.08246166908065788,0.2256600018881727,0.3081216709688306,9.46314400061965,0.05816799966851249,9.39588300025207,19.225316671509063
0,1376,29335.561675549663,29335.561756677,29335.562024282,29335.571494315,29335.571728456,29335.582313781,0.0811273384897504,0.2676049989531748,0.3487323374429252,9.470033000980038,0.23414099996443838,10.585324998828582,20.638231337215984
0,1377,29335.595008883,29335.595094342,29335.595125138,29335.60452093,29335.604793924,29335.614575859,0.08545899981982075,0.030795999919064343,0.11625499973888509,9.39579199985019,0.2729940024437383,9.781934997590724,19.566975999623537
0,1378,29335.628342216332,29335.628421061,29335.628449386,29335.637704167,29335.637747695,29335.647196515,0.07884466685936786,0.02832500103977509,0.10716966789914295,9.25478099816246,0.04352800169726834,9.448820001125569,18.85429866888444
0,1379,29335.661675549665,29335.661759541,29335.661983368,29335.671492215,29335.671548198,29335.681220919,0.08399133366765454,0.22382700262824073,0.3078183362958953,9.508846997050568,0.055983000493142754,9.672721000242746,19.545369334082352
0,1380,29335.695008882998,29335.695096316,29335.695337254,29335.704869649,29335.705105624,29335.715753986,0.08743300350033678,0.24093799947877415,0.3283710029791109,9.532394997222582,0.2359750033065211,10.64836200021091,20.745103003719123
0,1381,29335.72834221633,29335.728431091,29335.728663363,29335.738151535,29335.73840314,29335.748608986,0.0888746690179687,0.23227199926623143,0.32114666828420013,9.488171999691986,0.2516050008125603,10.205845999735175,20.26676966852392
0,1382,29335.761675549664,29335.761764423,29335.761986712,29335.771521801,29335.771773388,29335.782549917,0.0888733375177253,0.22228899979381822,0.3111623373115435,9.535089000564767,0.25158700009342283,10.776528997666901,20.874367335636634
0,1383,29335.795008882997,29335.795097819,29335.795154726,29335.804629454,29335.804863077,29335.81486819,0.08893600170267746,0.056907003454398364,0.14584300515707582,9.47472799816751,0.233622999076033,10.005112999351695,19.859307001752313
0,1384,29335.828342216333,29335.82842488,29335.828644939,29335.838108648,29335.838337197,29335.848592267,0.08266366785392165,0.22005899882060476,0.3027226666745264,9.463709000556264,0.228549000894418,10.255069999402622,20.25005066752783
0,1385,29335.861675549666,29335.861759888,29335.861810787,29335.871105921,29335.871330331,29335.881329287,0.08433833500021137,0.05089899786980823,0.1352373328700196,9.295134001149563,0.2244099996460136,9.99895600034506,19.653737334010657
0,1386,29335.895008883,29335.895099388,29335.895314223,29335.904796989,29335.905024676,29335.915249811,0.0905050001165364,0.21483499949681573,0.3053399996133521,9.482766003202414,0.22768700000597164,10.225134999927832,20.24092800274957
0,1387,29335.92834221633,29335.92842785,29335.928643907,29335.938118432,29335.938337425,29335.953404337,0.08563367009628564,0.21605699657811783,0.3016906666744035,9.474525002588052,0.21899299827055074,15.066912001202581,25.062120668735588
0,1388,29335.961675549665,29335.961758034,29335.961990962,29335.971476996,29335.971722156,29335.983043423,0.08248433368862607,0.23292800324270502,0.3154123369313311,9.486033999564825,0.24515999757568352,11.321267000312218,21.367873334384058
0,1389,29335.995008882997,29335.995086625,29335.995328073,29336.004848153,29336.004906838,29336.015474005,0.07774200275889598,0.24144800045178272,0.3191900032106787,9.52007999876514,0.05868500011274591,10.567166998953326,20.46512200104189
0,1390,29336.02834221633,29336.028429235,29336.028650674,29336.038158086,29336.038230532,29336.048852921,0.0870186704560183,0.22143900059745647,0.30845767105347477,9.50741199994809,0.07244600055855699,10.622388999763643,20.510704671323765
0,1391,29336.061675549663,29336.061756919,29336.061970571,29336.071441131,29336.071669374,29336.08282264,0.08136933683999814,0.21365200154832564,0.2950213383883238,9.470559998590034,0.22824299958301708,11.1532660012017,21.147090337763075
0,1392,29336.095008883,29336.09509027,29336.095130253,29336.104439674,29336.104685009,29336.115016598,0.08138699922710657,0.039983002352528274,0.12137000157963485,9.309420998761198,0.24533499890821986,10.331589000998065,20.007715000247117
0,1393,29336.128342216332,29336.12842689,29336.128455807,29336.13775056,29336.137795728,29336.147821656,0.08467366933473386,0.0289169984171167,0.11359066775185056,9.294752999267075,0.045167998905526474,10.02592800068669,19.479439666611142
0,1394,29336.161675549665,29336.161756138,29336.161971651,29336.171451897,29336.171504435,29336.181744977,0.08058833554969169,0.215512998693157,0.2961013342428487,9.480246000748593,0.05253799827187322,10.240542000246933,20.069427333510248
0,1395,29336.195008882998,29336.195096591,29336.195331548,29336.204872656,29336.20514576,29336.215712352,0.08770800195634365,0.23495699861086905,0.3226650005672127,9.541108000121312,0.2731040003709495,10.56659200185095,20.703469002910424
0,1396,29336.22834221633,29336.2284307,29336.228652869,29336.238190311,29336.238420479,29336.249123878,0.0884836699697189,0.2221689974248875,0.3106526673946064,9.537442001601448,0.2301679996890016,10.70339899888495,20.781661667570006
0,1397,29336.261675549664,29336.261765271,29336.261986552,29336.271482576,29336.271720967,29336.282525117,0.08972133582574315,0.22128099953988567,0.3110023353656288,9.496024002146441,0.23839099958422594,10.8041499988758,20.849567335972097
0,1398,29336.295008882997,29336.295096963,29336.295321002,29336.304838842,29336.305064678,29336.315968115,0.08808000347926281,0.2240389985672664,0.3121190020465292,9.517840000626165,0.22583600002690218,10.903436999797123,20.95923200249672
0,1399,29336.328342216333,29336.328424951,29336.328461405,29336.337743501,29336.33797005,29336.348796163,0.08273466664832085,0.03645399920060299,0.11918866584892385,9.282096001697937,0.22654900021734647,10.826113000803161,20.45394666856737
0,1400,29336.361675549666,29336.361761217,29336.361799384,29336.371019747,29336.37124013,29336.381865472,0.08566733231418766,0.03816700336756185,0.12383433568174951,9.220362997439224,0.22038300085114315,10.625342001731042,20.18992233570316
0,1401,29336.395008883,29336.395097084,29336.395315226,29336.404817121,29336.405043919,29336.415925653,0.08820100265438668,0.21814199863001704,0.3063430012844037,9.501895001449157,0.22679799803881906,10.881734000577126,20.916770001349505
0,1402,29336.42834221633,29336.428424915,29336.428647659,29336.438087544,29336.438363102,29336.449304976,0.08269866884802468,0.22274399816524237,0.30544266701326706,9.439885001484072,0.2755579989752732,10.941873999399832,20.962759666872444
0,1403,29336.461675549665,29336.461767052,29336.461986887,29336.47153608,29336.471763684,29336.482749142,0.09150233381660655,0.2198350011894945,0.31133733500610106,9.549193000566447,0.22760399951948784,10.985458000504877,21.073592335596913
0,1404,29336.495008882997,29336.495098995,29336.495326145,29336.504835124,29336.505109599,29336.516424514,0.0901120038179215,0.22714999795425683,0.31726200177217834,9.508979001111584,0.27447499815025367,11.314915002003545,21.41563100303756
0,1405,29336.52834221633,29336.528424707,29336.5286427,29336.538113002,29336.538340477,29336.549618373,0.08249067104770802,0.217992997932015,0.300483668979723,9.470302000408992,0.22747500042896718,11.277895999228349,21.27615666904603
0,1406,29336.561675549663,29336.561765501,29336.56198856,29336.571469585,29336.571699068,29336.58265934,0.0899513361218851,0.22305899983621202,0.31301033595809713,9.481025001150556,0.22948300102143548,10.960272000374971,20.98379033850506
0,1407,29336.595008883,29336.595093139,29336.595134742,29336.604501089,29336.604728961,29336.615605604,0.08425600026384927,0.04160300159128383,0.1258590018551331,9.366346999740927,0.22787199850426987,10.876643002120545,20.596721002220875
0,1408,29336.628342216332,29336.628425981,29336.628455815,29336.637706243,29336.637749883,29336.648562283,0.0837646693980787,0.02983399826916866,0.11359866766724735,9.250428000086686,0.04364000051282346,10.812399999849731,20.220066668116488
0,1409,29336.661675549665,29336.661761044,29336.661980047,29336.671517831,29336.671574424,29336.682491974,0.08549433550797403,0.21900299907429144,0.30449733458226547,9.537784000713145,0.05659299858962186,10.917550000158371,20.816424334043404
0,1410,29336.695008882998,29336.695090858,29336.695308249,29336.70475907,29336.704817061,29336.715697222,0.081975002103718,0.21739099975093268,0.2993660018546507,9.450820998608833,0.05799100108561106,10.880161000386579,20.688339001935674
0,1411,29336.72834221633,29336.728424144,29336.728644877,29336.738102929,29336.738343534,29336.749709857,0.08192766836145893,0.22073299987823702,0.30266066823969595,9.458052001718897,0.2406050007266458,11.366322996764211,21.36764066744945
0,1412,29336.761675549664,29336.761763791,29336.761985598,29336.771467688,29336.771724284,29336.783374007,0.08824133692542091,0.22180700034368783,0.31004833726910874,9.48208999761846,0.25659600214567035,11.6497229973902,21.698457334423438
0,1413,29336.795008882997,29336.795098817,29336.795319866,29336.804802113,29336.805029254,29336.816590422,0.08993400479084812,0.22104899835539982,0.31098300314624794,9.482247001869837,0.2271409975946881,11.561168001207989,21.58153900381876
0,1414,29336.828342216333,29336.828430297,29336.828653318,29336.838174556,29336.838401383,29336.850108349,0.0880806655914057,0.22302100114757195,0.31110166673897766,9.521238000161247,0.2268270000058692,11.706966000929242,21.766132667835336
0,1415,29336.861675549666,29336.861762203,29336.861808917,29336.87109355,29336.87132408,29336.882673866,0.08665333371027373,0.04671400165534578,0.1333673353656195,9.284632997150766,0.23053000040818006,11.34978600020986,20.998316333134426
0,1416,29336.895008883,29336.895095295,29336.895323816,29336.90475959,29336.905024815,29336.916631456,0.08641200111014768,0.2285209993715398,0.3149330004816875,9.435774001758546,0.26522500047576614,11.606640997342765,21.622573000058765
0,1417,29336.92834221633,29336.928423942,29336.928643434,29336.938074616,29336.938298332,29336.949954177,0.08172566958819516,0.21949199799564667,0.30121766758384183,9.431181999389082,0.22371600061887875,11.65584499904071,21.611960666632513
0,1418,29336.961675549665,29336.961757745,29336.96198484,29336.971454911,29336.971696608,29336.98352163,0.08219533629016951,0.22709499899065122,0.3092903352808207,9.470070999668678,0.2416970019112341,11.825022000266472,21.846080337127205
0,1419,29336.995008882997,29336.995093705,29336.995323023,29337.004800824,29337.005035262,29337.016931138,0.08482200428261422,0.22931799685466103,0.31414000113727525,9.477801002503838,0.23443799727829173,11.895876003109151,21.922255004028557
0,1420,29337.02834221633,29337.028425962,29337.028658233,29337.038189397,29337.038426289,29337.050371821,0.08374566823476925,0.2322710024600383,0.31601667069480754,9.531163999781711,0.23689199952059425,11.945531998208025,22.02960466820514
0,1421,29337.061675549663,29337.06175683,29337.061977999,29337.071453958,29337.07167873,29337.083558761,0.08128033732646145,0.22116900072433054,0.302449338050792,9.475958999246359,0.22477200036519207,11.880031001055613,21.883211338717956
0,1422,29337.095008883,29337.095094651,29337.095139374,29337.104470693,29337.104695195,29337.116190362,0.0857679988257587,0.044723001337843016,0.1304910001636017,9.331319000921212,0.22450200049206614,11.49516700024833,21.18147900182521
0,1423,29337.128342216332,29337.128422834,29337.128457482,29337.137731124,29337.137774347,29337.149034131,0.08061766857281327,0.034647997381398454,0.11526566595421173,9.273642001062399,0.04322300083003938,11.259783997957129,20.69191466580378
0,1424,29337.161675549665,29337.161761137,29337.161978111,29337.171500358,29337.171553544,29337.183116027,0.08558733316021971,0.2169740000681486,0.3025613332283683,9.522247000859352,0.05318600233295001,11.562482999579515,21.440477336000185
0,1425,29337.195008882998,29337.195096587,29337.195317562,29337.204794678,29337.205034209,29337.217256551,0.08770400017965585,0.22097500186646357,0.3086790020461194,9.477116000198293,0.239531000261195,12.222342000313802,22.24766800281941
0,1426,29337.22834221633,29337.228430817,29337.228652569,29337.238223475,29337.238454597,29337.250752293,0.08860066736815497,0.22175200138008222,0.3103526687482372,9.570906000590185,0.23112200142350048,12.297695997403935,22.410076668165857
0,1427,29337.261675549664,29337.261763611,29337.261988179,29337.271478684,29337.271718234,29337.284169236,0.08806133701000363,0.2245680007035844,0.31262933771358803,9.490504999121185,0.23954999778652564,12.451002003217582,22.49368633783888
0,1428,29337.295008882997,29337.29508974,29337.295309882,29337.304854518,29337.305085094,29337.317518948,0.08085700392257422,0.22014199930708855,0.3009990032296628,9.544635999191087,0.23057600265019573,12.433853997208644,22.51006500227959
0,1429,29337.328342216333,29337.32842672,29337.328656259,29337.338153108,29337.338387954,29337.35078914,0.08450366658507846,0.22953900042921305,0.3140426670142915,9.496849001152441,0.23484600023948587,12.401185998896835,22.446923667303054
0,1430,29337.361675549666,29337.361760876,29337.361797015,29337.371149501,29337.3713758,29337.383912692,0.08532633364666253,0.03613900116761215,0.12146533481427468,9.352485998533666,0.22629900195170194,12.536891998024657,22.2371423333243
0,1431,29337.395008883,29337.395100199,29337.395322182,29337.40481917,29337.405067256,29337.41735584,0.09131600018008612,0.22198300212039612,0.31329900230048224,9.496987997408723,0.24808600210235454,12.288583999179536,22.346957000991097
0,1432,29337.42834221633,29337.428432132,29337.42865456,29337.438115973,29337.438357476,29337.450646014,0.08991566937766038,0.22242799968807958,0.31234366906573996,9.461412999371532,0.24150299941538833,12.2885380005755,22.30379766842816
0,1433,29337.461675549665,29337.46176413,29337.461984328,29337.471582658,29337.471814939,29337.484158635,0.08858033470460214,0.22019800235284492,0.30877833705744706,9.598329997970723,0.23228099962580018,12.343696002062643,22.483085336716613
0,1434,29337.495008882997,29337.495118287,29337.495188741,29337.504699331,29337.504930972,29337.517402372,0.10940400170511566,0.07045399979688227,0.17985800150199793,9.51058999999077,0.2316410027560778,12.471399997593835,22.39348900184268
0,1435,29337.52834221633,29337.528459878,29337.528687575,29337.538236544,29337.538468547,29337.550855687,0.11766167153837159,0.22769699717173353,0.3453586687101051,9.548968999297358,0.23200300347525626,12.387139999191277,22.513470670673996
0,1436,29337.561675549663,29337.561777219,29337.562005665,29337.571619783,29337.571864601,29337.584339373,0.10166933861910366,0.2284459988004528,0.33011533741955645,9.614118000172311,0.24481799846398644,12.474772000132361,22.663823336188216
0,1437,29337.595008883,29337.595096874,29337.595141254,29337.604495563,29337.604728798,29337.616979436,0.08799100032774732,0.04438000178197399,0.1323710021097213,9.354308996989857,0.23323500136029907,12.250637999386527,21.970552999846404
0,1438,29337.628342216332,29337.628425834,29337.62846414,29337.637739449,29337.637786606,29337.649747131,0.08361766595044173,0.03830600326182321,0.12192366921226494,9.275308999349363,0.04715699833468534,11.960525000176858,21.40491466707317
0,1439,29337.661675549665,29337.66176122,29337.661983352,29337.671481885,29337.671539154,29337.683651903,0.08567033364670351,0.22213200281839818,0.3078023364651017,9.49853299971437,0.05726899689761922,12.112749001971679,21.97635333504877
0,1440,29337.695008882998,29337.695099513,29337.695321571,29337.704848244,29337.705091959,29337.717605924,0.09063000106834807,0.22205799905350432,0.3126880001218524,9.526673002255848,0.2437149996694643,12.513965000835015,22.59704100288218
0,1441,29337.72834221633,29337.728435185,29337.728656975,29337.73811972,29337.738350566,29337.750788761,0.09296866846852936,0.2217900000687223,0.31475866853725165,9.462745001656003,0.23084599888534285,12.43819500086829,22.44654466994689
0,1442,29337.761675549664,29337.76176695,29337.761991026,29337.771522337,29337.771764034,29337.784396852,0.09140033580479212,0.22407600044971332,0.31547633625450544,9.53131099959137,0.2416970019112341,12.632817997655366,22.721302335412474
0,1443,29337.795008882997,29337.795092186,29337.795311846,29337.804806712,29337.805047483,29337.817854368,0.08330300261150114,0.21965999985695817,0.3029630024684593,9.494866000750335,0.2407710016996134,12.806884999008616,22.845485003927024
0,1444,29337.828342216333,29337.828430219,29337.828653008,29337.838187736,29337.838419803,29337.850829924,0.08800266732578166,0.2227889999630861,0.31079166728886776,9.53472800028976,0.23206699916045181,12.410120998538332,22.487707665277412
0,1445,29337.861675549666,29337.861763297,29337.861812761,29337.871131468,29337.871360276,29337.88428745,0.08774733578320593,0.0494639971293509,0.13721133291255683,9.318707001511939,0.22880799951963127,12.927174000651576,22.611900334595703
0,1446,29337.895008883,29337.89509658,29337.895320167,29337.904819356,29337.905094026,29337.91795193,0.087697000708431,0.2235870015283581,0.3112840022367891,9.499189000052866,0.2746699974522926,12.857904002885334,22.94304700262728
0,1447,29337.92834221633,29337.928427753,29337.928663329,29337.938158575,29337.938399901,29337.95381664,0.08553666702937335,0.2355760007048957,0.32111266773426905,9.495246002188651,0.2413259971945081,15.416739002830582,25.47442366994801
0,1448,29337.961675549665,29337.961756461,29337.961984732,29337.971447376,29337.971503626,29337.984157863,0.08091133713605814,0.22827099746791646,0.3091823346039746,9.462644000450382,0.05624999903375283,12.654237001697766,22.482313335785875
0,1449,29337.995008882997,29337.995085087,29337.995299099,29338.00485717,29338.004916162,29338.017798844,0.07620400356245227,0.2140119977411814,0.2902160013036337,9.558071000355994,0.058992001868318766,12.882682000054047,22.789961003581993
0,1450,29338.02834221633,29338.028433437,29338.028669976,29338.038144705,29338.038391605,29338.050859469,0.09122067058342509,0.23653899916098453,0.3277596697444096,9.474728998611681,0.2469000028213486,12.467863998608664,22.517252669786103
0,1451,29338.061675549663,29338.06176948,29338.061826296,29338.071379626,29338.071631064,29338.084452866,0.09393033542437479,0.05681600305251777,0.15074633847689256,9.553329997288529,0.2514379993954208,12.821802003600169,22.77731633876101
0,1452,29338.095008883,29338.095092931,29338.095133025,29338.104493825,29338.104719494,29338.117160913,0.0840479988255538,0.04009400072391145,0.12414199954946525,9.36080000246875,0.22566899860976264,12.441418999515008,22.152030000142986
0,1453,29338.128342216332,29338.128425097,29338.128454485,29338.137722591,29338.137767572,29338.149956784,0.08288066601380706,0.02938800025731325,0.11226866627112031,9.268106001400156,0.044980999518884346,12.189212000521366,21.614567667711526
0,1454,29338.161675549665,29338.161756928,29338.16198807,29338.171473214,29338.171529067,29338.183911475,0.08137833356158808,0.23114199939300306,0.31252033295459114,9.485144000791479,0.05585300095845014,12.382408000121359,22.23592533482588
0,1455,29338.195008882998,29338.195096621,29338.195325827,29338.204847555,29338.205088049,29338.217689404,0.08773800072958693,0.22920600167708471,0.31694400240667164,9.521727999526775,0.24049399871728383,12.601354999787873,22.680521000438603
0,1456,29338.22834221633,29338.228432026,29338.228654168,29338.238209665,29338.238448408,29338.251106848,0.08980966958915815,0.22214199998416007,0.3119516695733182,9.55549699938274,0.2387429994996637,12.658440002269344,22.764631670725066
0,1457,29338.261675549664,29338.261767543,29338.26199112,29338.271544811,29338.27177423,29338.283269565,0.09199333726428449,0.2235770007246174,0.3155703379889019,9.553690997563535,0.22941900169826113,11.495334998471662,21.59401533572236
0,1458,29338.295008882997,29338.295099143,29338.295335683,29338.304828985,29338.30510546,29338.315831202,0.09026000407175161,0.23653999960515648,0.3268000036769081,9.493302000919357,0.2764749988273252,10.725741998612648,20.822319002036238
0,1459,29338.328342216333,29338.328427521,29338.32846254,29338.337811988,29338.338045778,29338.347836889,0.0853046658448875,0.035019002098124474,0.12032366794301197,9.349447998829419,0.23379000049317256,9.791110998776276,19.49467266604188
0,1460,29338.361675549666,29338.361760686,29338.361797168,29338.37102792,29338.37127772,29338.381074201,0.08513633292750455,0.03648200072348118,0.12161833365098573,9.230751998984488,0.24980000307550654,9.796480997465551,19.39865133317653
0,1461,29338.395008883,29338.395096564,29338.39532377,29338.404842091,29338.405108649,29338.414937955,0.08768100087763742,0.2272060010000132,0.3148870018776506,9.518320999632124,0.2665579995664302,9.829306000028737,19.92907200110494
0,1462,29338.42834221633,29338.428430349,29338.428659398,29338.438184385,29338.438418268,29338.448295158,0.08813266686047427,0.22904900106368586,0.31718166792416014,9.524986999167595,0.23388300178339705,9.876889998849947,19.9529416677251
0,1463,29338.461675549665,29338.461762578,29338.461992017,29338.471550078,29338.47180247,29338.481946095,0.08702833656570874,0.2294389996677637,0.31646733623347245,9.558060999552254,0.25239200112991966,10.143624996999279,20.270545333914924
0,1464,29338.495008882997,29338.495089993,29338.495323172,29338.504839937,29338.505115737,29338.51491507,0.08111000352073461,0.2331789983145427,0.3142890018352773,9.516764999716543,0.27580000096349977,9.799333001865307,19.906187004380627
0,1465,29338.52834221633,29338.52843051,29338.528651495,29338.538175667,29338.538413142,29338.548335152,0.08829366925056092,0.22098499903222546,0.3092786682827864,9.524172000965336,0.23747500017634593,9.922010001901072,19.99293567132554
0,1466,29338.561675549663,29338.561763537,29338.561988622,29338.571454841,29338.571688056,29338.581905812,0.08798733688308857,0.22508500114781782,0.3130723380309064,9.466218998568365,0.23321499975281768,10.217756000201916,20.230262336554006
0,1467,29338.595008883,29338.595097618,29338.595130396,29338.604488817,29338.604720487,29338.614278984,0.08873499973560683,0.032777999876998365,0.1215129996126052,9.358421000797534,0.23167000108514912,9.558497000398347,19.270101001893636
0,1468,29338.628342216332,29338.628424162,29338.628461449,29338.637751889,29338.637798944,29338.647152541,0.08194566908059642,0.037286998121999204,0.11923266720259562,9.290440000768285,0.04705500032287091,9.353597000881564,18.810324669175316
0,1469,29338.661675549665,29338.661760549,29338.66197945,29338.671455039,29338.671510512,29338.681163705,0.0849993339215871,0.218901001062477,0.3039003349840641,9.475588998611784,0.05547299952013418,9.653193003032357,19.48815533614834
0,1470,29338.695008882998,29338.695094715,29338.695323681,29338.704797927,29338.705084856,29338.715164275,0.08583200178691186,0.22896600057720207,0.3147980023641139,9.474245998717379,0.28692900013993494,10.07941900024889,20.155392001470318
0,1471,29338.72834221633,29338.728432287,29338.728671438,29338.738207666,29338.738436279,29338.748558265,0.09007066910271533,0.23915099882287905,0.3292216679255944,9.536228000797564,0.22861300021759234,10.121986000740435,20.216048669681186
0,1472,29338.761675549664,29338.761764628,29338.761988149,29338.771471885,29338.771706296,29338.782304018,0.08907833762350492,0.22352099767886102,0.31259933530236594,9.483736001129728,0.2344109998375643,10.597722000966314,20.628468337235972
0,1473,29338.795008882997,29338.795096968,29338.795322583,29338.804910256,29338.805148805,29338.81510314,0.08808500206214376,0.22561500009032898,0.31370000215247273,9.587673001078656,0.23854900064179674,9.95433500065701,20.094257004529936
0,1474,29338.828342216333,29338.828429022,29338.828650293,29338.838128558,29338.838355737,29338.848477397,0.08680566679686308,0.22127099873614497,0.30807666553300805,9.478265001234831,0.22717899992130697,10.121660001459531,20.135180668148678
0,1475,29338.861675549666,29338.861762992,29338.861810141,29338.87111682,29338.871184729,29338.881220528,0.08744233491597697,0.047148998419288546,0.13459133333526552,9.30667899956461,0.06790900079067796,10.035799001343548,19.544978335034102
0,1476,29338.895008883,29338.895094398,29338.895313456,29338.904839008,29338.90507541,29338.915232543,0.08551500286557712,0.21905799803789705,0.30457300090347417,9.52555199910421,0.23640200015506707,10.157133001484908,20.22366000164766
0,1477,29338.92834221633,29338.928424165,29338.928637084,29338.938120562,29338.938331676,29338.950237884,0.08194866677513346,0.21291899975039996,0.2948676665255334,9.483478002948686,0.21111399837536737,11.906208001164487,21.895667669014074
0,1478,29338.961675549665,29338.961757579,29338.961813071,29338.9712819,29338.971514589,29338.981821789,0.08202933531720191,0.05549200068344362,0.13752133600064553,9.468829000979895,0.2326889989490155,10.30719999835128,20.146239334280835
0,1479,29338.995008882997,29338.995087782,29338.995118032,29339.004475286,29339.004717317,29339.015484078,0.07889900371083058,0.03024999750778079,0.10914900121861137,9.357254002679838,0.2420309974695556,10.766761002741987,20.47519500410999
0,1480,29339.02834221633,29339.028424585,29339.028654922,29339.038206594,29339.038442912,29339.04877678,0.0823686714284122,0.23033699835650623,0.3127056697849184,9.551671999361133,0.23631799922441132,10.333868001907831,20.434563670278294
0,1481,29339.061675549663,29339.061762667,29339.061817122,29339.071316998,29339.071550714,29339.082344752,0.08711733607924543,0.05445500210043974,0.14157233817968518,9.499875999608776,0.2337160003662575,10.794038000312867,20.669202338467585
0,1482,29339.095008883,29339.095091396,29339.095129053,29339.104509475,29339.104738422,29339.115014862,0.08251300096162595,0.03765699875657447,0.12016999971820042,9.380422001413535,0.22894699941389263,10.27643999987049,20.00597900041612
0,1483,29339.128342216332,29339.12842718,29339.128458773,29339.137758767,29339.137803296,29339.147759685,0.08496366717736237,0.03159300104016438,0.11655666821752675,9.29999399886583,0.044528998841997236,9.956389003491495,19.41746866941685
0,1484,29339.161675549665,29339.161770242,29339.161993679,29339.171536139,29339.171592242,29339.182141814,0.0946923355513718,0.22343700038618408,0.3181293359375559,9.542460000375286,0.056102999224094674,10.54957199812634,20.466264333663275
0,1485,29339.195008882998,29339.195102877,29339.195338316,29339.204897868,29339.205151453,29339.216357006,0.0939940036914777,0.23543899806099944,0.32943300175247714,9.559551999700489,0.25358499988215044,11.205553000763757,21.348123002098873
0,1486,29339.22834221633,29339.228437642,29339.228687692,29339.238191003,29339.238433783,29339.249076254,0.09542566840536892,0.2500500013411511,0.34547566974652,9.503311001026304,0.24277999909827486,10.642470999300713,20.734037669171812
0,1487,29339.261675549664,29339.26176838,29339.261990725,29339.271546027,29339.271778261,29339.282947656,0.0928303379623685,0.22234499920159578,0.3151753371639643,9.555302000080701,0.23223400057759136,11.169394998432836,21.272106336255092
0,1488,29339.295008882997,29339.29509982,29339.295322444,29339.304800032,29339.305043831,29339.315720785,0.09093700282392092,0.22262399943429045,0.3135610022582114,9.477588002482662,0.24379899696214125,10.676954003429273,20.711902005132288
0,1489,29339.328342216333,29339.328432956,29339.328494059,29339.337811553,29339.338036824,29339.348736779,0.09073966793948784,0.061102997278794646,0.1518426652182825,9.317494001152227,0.225271000090288,10.699955000745831,20.39456266720663
0,1490,29339.361675549666,29339.361765316,29339.361806871,29339.371071383,29339.371314775,29339.382136,0.08976633398560807,0.04155499846092425,0.13132133244653232,9.264512002118863,0.24339199808309786,10.821225001564017,20.46045033421251
0,1491,29339.395008883,29339.395099166,29339.395321519,29339.40483622,29339.405083075,29339.415960956,0.09028299973579124,0.22235300275497139,0.3126360024907626,9.514700999716297,0.24685499738552608,10.87788100267062,20.952073002263205
0,1492,29339.42834221633,29339.42843271,29339.428653508,29339.438210875,29339.438441295,29339.449302576,0.0904936678125523,0.22079799964558333,0.31129166745813563,9.557367000525119,0.23041999884299003,10.86128099996131,20.960359666787554
0,1493,29339.461675549665,29339.461762171,29339.461983858,29339.471506679,29339.471746552,29339.482932077,0.08662133404868655,0.2216870016127359,0.30830833566142246,9.522821001155535,0.23987299937289208,11.185524999746121,21.25652733593597
0,1494,29339.495008882997,29339.495093011,29339.495311559,29339.504774018,29339.505000355,29339.515813125,0.08412800161750056,0.21854800070286728,0.30267600232036784,9.462459001952084,0.2263369970023632,10.812770000484306,20.80424200175912
0,1495,29339.52834221633,29339.528442472,29339.528669317,29339.538146767,29339.538386297,29339.549304662,0.10025567098637111,0.22684499708702788,0.327100668073399,9.477450003032573,0.23952999981702305,10.91836499836063,20.962445669283625
0,1496,29339.561675549663,29339.561772173,29339.561998538,29339.571525322,29339.571761787,29339.583132453,0.09662333832238801,0.2263649985252414,0.3229883368476294,9.52678400062723,0.23646499903406948,11.370666001312202,21.45690333782113
0,1497,29339.595008883,29339.595095875,29339.595145904,29339.60453226,29339.604760587,29339.615478273,0.08699200043338351,0.05002900070394389,0.1370210011373274,9.386355999595253,0.22832700051367283,10.717686000134563,20.469390001380816
0,1498,29339.628342216332,29339.628437178,29339.628464615,29339.63770833,29339.637756062,29339.648213671,0.09496166603639722,0.027437003154773265,0.12239866919117048,9.243714997865027,0.04773199907504022,10.457609001605306,19.871454667736543
0,1499,29339.661675549665,29339.661757862,29339.6619843,29339.671488481,29339.671544389,29339.682249492,0.08231233368860558,0.2264380018459633,0.3087503355345689,9.504180998192169,0.05590799992205575,10.70510300269234,20.573942336341133
0,1500,29339.695008882998,29339.695098221,29339.695338418,29339.704876933,29339.705125853,29339.716202209,0.0893380019988399,0.24019700140343048,0.3295350034022704,9.538514997984748,0.2489200014679227,11.076356000558008,21.19332600341295
0,1501,29339.72834221633,29339.728435265,29339.728660396,29339.738132689,29339.738363728,29339.749396501,0.0930486676224973,0.2251309997518547,0.318179667374352,9.472293000726495,0.23103900093701668,11.032772999897134,21.054284668934997
0,1502,29339.761675549664,29339.761765243,29339.761987884,29339.771466482,29339.771708586,29339.783535349,0.08969333794084378,0.222640999709256,0.31233433765009977,9.47859799998696,0.2421039971522987,11.82676300231833,21.859799337107688
0,1503,29339.795008882997,29339.795100184,29339.79532401,29339.804795969,29339.805028286,29339.815994826,0.09130100443144329,0.22382599854608998,0.31512700297753327,9.471959001530195,0.23231699742609635,10.966540001390968,20.985943003324792
0,1504,29339.828342216333,29339.828427421,29339.82868035,29339.838242152,29339.838478543,29339.84986657,0.08520466508343816,0.25292900318163447,0.33813366826507263,9.561801998643205,0.23639099890715443,11.388027000066359,21.52435366588179
0,1505,29339.861675549666,29339.861759223,29339.861805279,29339.871085531,29339.871309062,29339.882754607,0.08367333430214785,0.046056000428507105,0.12972933473065495,9.280251997552114,0.22353100212058052,11.44554499842343,21.07905733282678
0,1506,29339.895008883,29339.895096951,29339.895316778,29339.904816885,29339.905041823,29339.916456776,0.08806800178717822,0.2198269976361189,0.3078949994232971,9.50010700034909,0.22493800133815967,11.414953001803951,21.447893002914498
0,1507,29339.92834221633,29339.928426818,29339.928640598,29339.938106307,29339.938316966,29339.94946837,0.0846016700961627,0.21377999655669555,0.29838166665285826,9.465709001233336,0.21065900000394322,11.151403999974718,21.126153667864855
0,1508,29339.961675549665,29339.961770537,29339.961991049,29339.971513444,29339.971567453,29339.982501263,0.09498733561486006,0.22051199994166382,0.3154993355565239,9.522395001113182,0.05400900045060553,10.933809997368371,20.825713334488682
0,1509,29339.995008882997,29339.995088775,29339.995313658,29340.004859924,29340.005135954,29340.016584325,0.07989200094016269,0.22488300237455405,0.30477500331471674,9.546265999233583,0.2760300012596417,11.448370998550672,21.575442002358614
0,1510,29340.02834221633,29340.028424672,29340.028654415,29340.038179644,29340.038413721,29340.049653015,0.08245567005360499,0.22974300009082071,0.3121986701444257,9.525229001155822,0.23407699700328521,11.239294002734823,21.310798671038356
0,1511,29340.061675549663,29340.061756467,29340.061982589,29340.071459225,29340.071514114,29340.082377033,0.08091733616311103,0.2261219997308217,0.30703933589393273,9.476636001636507,0.054888998420210555,10.862918999919202,20.701483335869852
0,1512,29340.095008883,29340.09508727,29340.095115418,29340.104377792,29340.104423292,29340.115254683,0.07838700184947811,0.028147998818894848,0.10653500066837296,9.262373998353723,0.045500000851461664,10.831391002284363,20.24580000215792
0,1513,29340.128342216332,29340.128423944,29340.128451064,29340.137774124,29340.137815476,29340.14865633,0.08172766683856025,0.027120000595459715,0.10884766743401997,9.323059999587713,0.041351999243488535,10.840853999980027,20.314113666245248
0,1514,29340.161675549665,29340.161755543,29340.161979018,29340.171441597,29340.171497774,29340.182651178,0.07999333320185542,0.22347500271280296,0.3034683359146584,9.462578997045057,0.056177002988988534,11.153403997013811,20.975628332962515
0,1515,29340.195008882998,29340.195094662,29340.195323738,29340.204832939,29340.205085904,29340.216782166,0.08577900371165015,0.2290759985044133,0.31485500221606344,9.509201001492329,0.25296499734395184,11.696262001350988,21.773283002403332
0,1516,29340.22834221633,29340.228429873,29340.228653319,29340.238116111,29340.238352725,29340.250320453,0.08765667007537559,0.22344600074575283,0.3111026708211284,9.462791997066233,0.23661399973207153,11.967728001764044,21.978236669383477
0,1517,29340.261675549664,29340.261764518,29340.261990048,29340.271458526,29340.271690983,29340.284551637,0.08896833605831489,0.22552999871550128,0.31449833477381617,9.468478001508629,0.23245700140250847,12.86065399835934,22.876087336044293
0,1518,29340.295008882997,29340.295091923,29340.295316722,29340.304876404,29340.305105806,29340.317699651,0.08304000220960006,0.2247990014438983,0.30783900365349837,9.559681999235181,0.2294020014232956,12.593845000083093,22.690768004395068
0,1519,29340.328342216333,29340.32842556,29340.328455412,29340.337733544,29340.33795501,29340.349875766,0.08334366793860681,0.02985199898830615,0.11319566692691296,9.27813199814409,0.2214660016761627,11.920756001927657,21.533549668674823
0,1520,29340.361675549666,29340.361755891,29340.361793437,29340.371024829,29340.371251526,29340.383176346,0.0803413349785842,0.03754600038519129,0.11788733536377549,9.231391999492189,0.22669700047117658,11.924819998966996,21.500796334294137
0,1521,29340.395008883,29340.395094972,29340.39532128,29340.404824971,29340.405062641,29340.416938293,0.08608899952378124,0.22630800231127068,0.3123970018350519,9.503690998826642,0.23766999947838485,11.875652002345305,21.929410002485383
0,1522,29340.42834221633,29340.428431822,29340.428697825,29340.43816858,29340.438399665,29340.450309569,0.08960566992755048,0.26600299679557793,0.3556086667231284,9.470755001530051,0.23108499954105355,11.909904002095573,21.967352669889806
0,1523,29340.461675549665,29340.46176431,29340.461984784,29340.471541438,29340.471779497,29340.484355333,0.08876033462001942,0.22047400125302374,0.30923433587304316,9.556654000334674,0.23805899763829075,12.575836000905838,22.679783334751846
0,1524,29340.495008882997,29340.495091093,29340.495315679,29340.504871574,29340.505100577,29340.516966516,0.0822100009827409,0.2245860014227219,0.3067960024054628,9.555895001540193,0.2290029988216702,11.865938999108039,21.957633001875365
0,1525,29340.52834221633,29340.528429664,29340.528648185,29340.538131578,29340.538358164,29340.550281198,0.08744766819290817,0.21852100326213986,0.305968671455048,9.48339299793588,0.2265860020997934,11.923033998755272,21.938981670245994
0,1526,29340.561675549663,29340.561761512,29340.561814262,29340.571334675,29340.571568548,29340.583891151,0.08596233601565473,0.05275000148685649,0.13871233750251122,9.520413001155248,0.23387299734167755,12.322603000939125,22.215601336938562
0,1527,29340.595008883,29340.595088138,29340.595119943,29340.60445666,29340.604701978,29340.616405832,0.07925500176497735,0.03180499697919004,0.11105999874416739,9.336717001133366,0.24531800227123313,11.7038539974601,21.396948999608867
0,1528,29340.628342216332,29340.628421523,29340.628447986,29340.637707304,29340.637752109,29340.64920122,0.07930666833999567,0.026462999812792987,0.10576966815278865,9.259317997930339,0.04480500138015486,11.449110999819823,20.859003667283105
0,1529,29340.661675549665,29340.661757408,29340.661976179,29340.671545101,29340.671624815,29340.683548182,0.08185833576135337,0.21877099788980559,0.30062933365115896,9.568921999743907,0.0797140019130893,11.92336700114538,21.872632336453535
0,1530,29340.695008882998,29340.695094683,29340.695336861,29340.704816015,29340.705055183,29340.717320239,0.08580000212532468,0.24217800091719255,0.32797800304251723,9.479153999564005,0.23916799909784459,12.265056000615004,22.31135600231937
0,1531,29340.72834221633,29340.728429273,29340.728649562,29340.738154068,29340.7383837,29340.750586449,0.08705666914465837,0.2202889991167467,0.3073456682614051,9.50450600066688,0.22963200171943754,12.202748999698088,22.24423267034581
0,1532,29340.761675549664,29340.761766752,29340.76199218,29340.771516473,29340.771775782,29340.784735132,0.09120233517023735,0.22542800070368685,0.3166303358739242,9.52429300014046,0.25930899937520735,12.959350002347492,23.059582337737083
0,1533,29340.795008882997,29340.795095832,29340.79532053,29340.804845462,29340.805119687,29340.817380001,0.08694900316186249,0.22469800023827702,0.3116470034001395,9.52493200020399,0.27422499988460913,12.260314000741346,22.371118004230084
0,1534,29340.828342216333,29340.828432228,29340.82866313,29340.83814994,29340.838429508,29340.85073837,0.09001166836242191,0.23090199829312041,0.32091366665554233,9.486809998634271,0.27956800113315694,12.308862002100796,22.396153668523766
0,1535,29340.861675549666,29340.861759374,29340.861802746,29340.871217306,29340.87146891,29340.884544929,0.083824332250515,0.04337200152804144,0.12719633377855644,9.414560001459904,0.25160400036838837,13.076018996798666,22.869379332405515
0,1536,29340.895008883,29340.895094381,29340.89533218,29340.904904178,29340.905134171,29340.917652535,0.08549800259061158,0.23779899856890552,0.3232970011595171,9.571998001774773,0.22999299835646525,12.518364001152804,22.64365200244356
0,1537,29340.92834221633,29340.928430065,29340.928485213,29340.938006108,29340.938216481,29340.950775826,0.08784866804489866,0.05514800068340264,0.1429966687283013,9.520895000605378,0.2103730003000237,12.559344999317545,22.43360966895125
0,1538,29340.961675549665,29340.961758535,29340.961980194,29340.971449459,29340.971690925,29340.98513453,0.0829853343020659,0.22165900008985773,0.3046443343919236,9.469265001825988,0.2414659975329414,13.443605002976255,23.45898033672711
0,1539,29340.995008882997,29340.995090615,29340.99534447,29341.004859374,29341.004919458,29341.018442203,0.0817320033092983,0.25385499975527637,0.3355870030645747,9.514903998933733,0.06008399941492826,13.522745000955183,23.43332000236842
0,1540,29341.02834221633,29341.028425178,29341.028455716,29341.03774071,29341.037973934,29341.050825561,0.08296166924992576,0.030538001738023013,0.11349967098794878,9.284993997425772,0.23322400011238642,12.851627001509769,22.483344670035876
0,1541,29341.061675549663,29341.061765277,29341.061993253,29341.071603731,29341.071873873,29341.084732537,0.08972733849077486,0.2279759974044282,0.31770333589520305,9.610478002286982,0.2701419980439823,12.858664002123987,23.056987338350154
0,1542,29341.095008883,29341.095091478,29341.095339546,29341.104858958,29341.105136694,29341.117771225,0.0825950010039378,0.24806799774523824,0.33066299874917604,9.51941200037254,0.2777360023173969,12.634530998184346,22.76234199962346
0,1543,29341.128342216332,29341.128423956,29341.128458058,29341.137810729,29341.137860461,29341.150180044,0.08173966853064485,0.03410199860809371,0.11584166713873856,9.352671000669943,0.04973199975211173,12.319582998316037,21.83782766587683
0,1544,29341.161675549665,29341.161761027,29341.161998464,29341.171458126,29341.171512044,29341.182271646,0.08547733523300849,0.23743699784972705,0.32291433308273554,9.459662000153912,0.053918000048724934,10.759602002508473,20.596096335793845
0,1545,29341.195008882998,29341.1950953,29341.195322331,29341.204808354,29341.205040681,29341.216084028,0.08641700333100744,0.22703099966747686,0.3134480029984843,9.486022998316912,0.23232700186781585,11.043346999940695,21.075145003123907
0,1546,29341.22834221633,29341.228425621,29341.228457046,29341.237803986,29341.2380277,29341.249119595,0.08340466956724413,0.031424999178852886,0.11482966874609701,9.346940001705661,0.22371399973053485,11.091894997662166,20.77737866784446
0,1547,29341.261675549664,29341.261763691,29341.26179496,29341.271050887,29341.271280927,29341.28239547,0.08814133616397157,0.031268999009625986,0.11941033517359756,9.25592700150446,0.23004000104265288,11.114542998257093,20.719920335977804
0,1548,29341.295008882997,29341.2950944,29341.295327319,29341.304864297,29341.305129782,29341.316905109,0.08551700375392102,0.23291899924515747,0.3184360029990785,9.536977999232477,0.26548499954515137,11.775327002396807,21.896226004173514
0,1549,29341.328342216333,29341.328432257,29341.328667481,29341.338149469,29341.338410685,29341.349545144,0.09004066669149324,0.23522400078945793,0.3252646674809512,9.481987999606645,0.26121599876205437,11.134459000459174,21.202927666308824
0,1550,29341.361675549666,29341.36176331,29341.361799792,29341.37106749,29341.371292973,29341.382380034,0.08776033428148367,0.03648200072348118,0.12424233500496484,9.267697998438962,0.22548299966729246,11.087061000580434,20.704484333691653
0,1551,29341.395008883,29341.395098141,29341.395331468,29341.404835881,29341.405081208,29341.416262241,0.08925800284487195,0.2333269985683728,0.32258500141324475,9.504412999376655,0.24532699899282306,11.181033001776086,21.25335800155881
0,1552,29341.42834221633,29341.428432731,29341.428658243,29341.438126776,29341.438358705,29341.449459256,0.09051466986420564,0.2255119979963638,0.31602666786056943,9.468533000472235,0.2319289997103624,11.100551000708947,21.117039668752113
0,1553,29341.461675549665,29341.461763339,29341.461986314,29341.471699906,29341.471942511,29341.483214481,0.0877893362485338,0.22297499890555628,0.3107643351540901,9.713592000480276,0.24260500140371732,11.27196999732405,21.538931334362132
0,1554,29341.495008882997,29341.4950958,29341.495324163,29341.504843753,29341.505092376,29341.516320716,0.08691700350027531,0.228362998313969,0.3152800018142443,9.519589999399614,0.24862300051609054,11.228340001252946,21.311833002982894
0,1555,29341.52834221633,29341.528430075,29341.528651976,29341.538131555,29341.538371623,29341.550272378,0.08785866884863935,0.22190100207808428,0.30975967092672363,9.479578999162186,0.240067998674931,11.900755001988728,21.930161670752568
0,1556,29341.561675549663,29341.561764517,29341.561985409,29341.571546489,29341.571775788,29341.582763597,0.08896733561414294,0.22089200137997977,0.3098593369941227,9.56108000173117,0.2292989993293304,10.987809000653215,21.088047338707838
0,1557,29341.595008883,29341.595089654,29341.595129487,29341.604452953,29341.604710762,29341.61573297,0.08077100210357457,0.03983299757237546,0.12060399967595004,9.323466001660563,0.2578089988674037,11.02220800021314,20.724087000417057
0,1558,29341.628342216332,29341.628423928,29341.628456467,29341.637724358,29341.63777209,29341.648570259,0.08171166700776666,0.03253899922128767,0.11425066622905433,9.267891000490636,0.04773200271301903,10.798168998007895,20.228042667440604
0,1559,29341.661675549665,29341.661758436,29341.661977234,29341.671519638,29341.671572204,29341.682771071,0.08288633398478851,0.21879799896851182,0.3016843329533003,9.542404000967508,0.052565999794751406,11.198866999620805,21.095521333336364
0,1560,29341.695008882998,29341.695096915,29341.695334898,29341.704862923,29341.70492285,29341.716266358,0.08803200034890324,0.2379830002610106,0.32601500060991384,9.528025002509821,0.05992699880152941,11.343507998390123,21.257475000311388
0,1561,29341.72834221633,29341.72842694,29341.728659035,29341.73813442,29341.738369506,29341.751366264,0.08472366971545853,0.23209500068333,0.3168186703987885,9.475384998950176,0.23508600133936852,12.996757999644615,23.024047670332948
0,1562,29341.761675549664,29341.761769456,29341.762010357,29341.771568669,29341.77181443,29341.784524547,0.0939063356781844,0.24090100123430602,0.3348073369124904,9.55831199826207,0.2457610025885515,12.710117000096943,22.848997337860055
0,1563,29341.795008882997,29341.795100463,29341.795338956,29341.804866184,29341.805104094,29341.818149964,0.09158000466413796,0.23849299759604037,0.3300730022601783,9.527228001388721,0.2379100005782675,13.045870000496507,23.141081004723674
0,1564,29341.828342216333,29341.828428441,29341.828470683,29341.837831603,29341.83790402,29341.850635146,0.0862246670294553,0.042242001654813066,0.12846666868426837,9.360919997561723,0.07241700222948566,12.731125996651826,22.292929665127303
0,1565,29341.861675549666,29341.861762558,29341.86180104,29341.87111909,29341.871387991,29341.883429127,0.08700833495822735,0.03848199776257388,0.12549033272080123,9.318050000729272,0.26890099979937077,12.041136000334518,21.753577333583962
0,1566,29341.895008883,29341.895094795,29341.895313224,29341.904890841,29341.905150779,29341.91715535,0.0859120009408798,0.2184289987781085,0.3043409997189883,9.5776170019235,0.2599379986349959,12.004570999124553,22.146466999402037
0,1567,29341.92834221633,29341.928429143,29341.928655627,29341.938182068,29341.938408867,29341.952951725,0.08692666960996576,0.22648400045000017,0.3134106700599659,9.526440997433383,0.22679900212096982,14.542857999913394,24.609508669527713
0,1568,29341.961675549665,29341.961758464,29341.961990178,29341.971457933,29341.971706464,29341.984642693,0.08291433550766669,0.2317139988008421,0.3146283343085088,9.467755000514444,0.248530999670038,12.936229002662003,22.967143337154994
0,1569,29341.995008882997,29341.99508982,29341.995321638,29342.00482743,29342.00507697,29342.017206829,0.08093700307654217,0.23181800133897923,0.3127550044155214,9.505791997071356,0.2495400003681425,12.129859002016019,22.19794600387104
0,1570,29342.02834221633,29342.02843452,29342.028664431,29342.038163112,29342.038418809,29342.0506234,0.09230367140844464,0.2299109983141534,0.32221466972259805,9.498680999968201,0.2556969993747771,12.204590999317588,22.281183668383164
0,1571,29342.061675549663,29342.061763497,29342.061984463,29342.071476088,29342.071703647,29342.084655098,0.0879473373061046,0.22096599786891602,0.3089133351750206,9.491625001828652,0.22755900135962293,12.951450997206848,22.979548335570144
0,1572,29342.095008883,29342.095089569,29342.095125152,29342.104437397,29342.104697455,29342.116741342,0.08068600072874688,0.0355829979525879,0.11626899868133478,9.312245001638075,0.2600580010039266,12.043886999890674,21.73245900121401
0,1573,29342.128342216332,29342.1284269,29342.128464187,29342.137744755,29342.137792023,29342.149542212,0.08468366650049575,0.03728700175997801,0.12197066826047376,9.280567999667255,0.04726800034404732,11.750188998121303,21.19999566639308
0,1574,29342.161675549665,29342.161758184,29342.161977964,29342.171508646,29342.171565489,29342.183716423,0.08263433483080007,0.21977999858791009,0.30241433341871016,9.53068200033158,0.0568430004932452,12.15093399878242,22.040873333025957
0,1575,29342.195008882998,29342.19509933,29342.195319128,29342.204941024,29342.205203092,29342.217441221,0.09044700345839374,0.21979799930704758,0.3102450027654413,9.621895998861874,0.26206799884676,12.238129002071219,22.432338002545293
0,1576,29342.22834221633,29342.228424827,29342.228673617,29342.238175177,29342.238236586,29342.25047165,0.08261066977865994,0.24878999829525128,0.3314006680739112,9.501560001808684,0.06140899859019555,12.235064001288265,22.129433669761056
0,1577,29342.261675549664,29342.261761703,29342.261986984,29342.271556573,29342.271805539,29342.284997235,0.08615333717898466,0.2252809972560499,0.31143433443503454,9.569589001330314,0.24896600007195957,13.191696001740638,23.321685337577946
0,1578,29342.295008882997,29342.295098432,29342.295335823,29342.304861552,29342.305101471,29342.317548158,0.08954900476965122,0.23739099924569018,0.3269400040153414,9.52572899768711,0.23991900161490776,12.446687000192469,22.53927500350983
0,1579,29342.328342216333,29342.328431087,29342.328667562,29342.338214337,29342.338457709,29342.350930813,0.0888706672412809,0.23647499983781017,0.32534566707909107,9.54677499976242,0.24337200011359528,12.473104001401225,22.58859666835633
0,1580,29342.361675549666,29342.36176177,29342.361816242,29342.371122338,29342.371360008,29342.383855269,0.08622033419669606,0.054471998737426475,0.14069233293412253,9.306096002546838,0.23766999947838485,12.495260998548474,22.17971933350782
0,1581,29342.395008883,29342.3951001,29342.395329593,29342.404863368,29342.405104704,29342.417569234,0.09121699986280873,0.22949300182517618,0.3207100016879849,9.533774998999434,0.2413360016362276,12.464529998396756,22.560351000720402
0,1582,29342.42834221633,29342.428433828,29342.428664841,29342.438141661,29342.438395951,29342.450956593,0.09161166963167489,0.2310130003024824,0.3226246699341573,9.476819999690633,0.25429000015719794,12.560641996969935,22.614376666751923
0,1583,29342.461675549665,29342.461764483,29342.461986106,29342.47151688,29342.471749318,29342.485328489,0.08893333506421186,0.22162299865158275,0.3105563337157946,9.530774001177633,0.23243800023919903,13.579171001765644,23.65293933689827
0,1584,29342.495008882997,29342.495092321,29342.495144933,29342.504643225,29342.504887987,29342.517758993,0.08343800436705351,0.05261199839878827,0.13605000276584178,9.498291998170316,0.24476200269418769,12.871005998022156,22.7501100016525
0,1585,29342.52834221633,29342.528428483,29342.528663024,29342.538131491,29342.538392828,29342.551208704,0.08626667113276199,0.23454099937225692,0.3208076705050189,9.468467000260716,0.26133699793717824,12.81587600169587,22.866487670398783
0,1586,29342.561675549663,29342.561761286,29342.561798147,29342.571117362,29342.571357967,29342.584902157,0.08573633749620058,0.03686099807964638,0.12259733557584696,9.319215001596604,0.2406050007266458,13.54418999835616,23.226607336255256
0,1587,29342.595008883,29342.595090438,29342.595128716,29342.604436608,29342.604690222,29342.617293383,0.08155500108841807,0.038277998100966215,0.11983299918938428,9.307891999924323,0.2536140018492006,12.603160997969098,22.284499998932006
0,1588,29342.628342216332,29342.628425889,29342.628457759,29342.637729529,29342.63777228,29342.650103234,0.08367266855202615,0.03187000038451515,0.1155426689365413,9.271769999031676,0.04275099854567088,12.330953999480698,21.761017665994586
0,1589,29342.661675549665,29342.661760504,29342.661983275,29342.671539346,29342.6715998,29342.68417722,0.08495433576172218,0.2227709992439486,0.3077253350056708,9.556070999678923,0.06045400004950352,12.577419998706318,22.501670333440416
0,1590,29342.695008882998,29342.695094287,29342.695324707,29342.704874175,29342.705116557,29342.717958906,0.08540400085621513,0.23042000248096883,0.31582400333718397,9.549467999022454,0.24238200057880022,12.842348998674424,22.950023001612863
0,1591,29342.72834221633,29342.72844296,29342.728669916,29342.738233293,29342.738463111,29342.751543666,0.1007436694635544,0.22695599909638986,0.32769966855994426,9.563376999722095,0.22981800066190772,13.080554999760352,23.2014496687043
0,1592,29342.761675549664,29342.761773494,29342.761996757,29342.771526068,29342.771773709,29342.784785486,0.0979443357209675,0.2232629994978197,0.3212073352187872,9.529311002552276,0.24764099725871347,13.011777002247982,23.10993633727776
0,1593,29342.795008882997,29342.795094297,29342.795320744,29342.804860851,29342.805107688,29342.819202163,0.08541400165995583,0.22644700220553204,0.3118610038654879,9.540106999338605,0.2468370003043674,14.094474998273654,24.193280001782114
0,1594,29342.828342216333,29342.828429461,29342.828480165,29342.8377874,29342.838022662,29342.851848522,0.08724466533749364,0.05070400220574811,0.13794866754324175,9.307234999141656,0.235261999478098,13.825860001816181,23.506305667979177
0,1595,29342.861675549666,29342.861773208,29342.861807802,29342.871070424,29342.871298085,29342.884310667,0.09765833237906918,0.0345940024999436,0.13225233487901278,9.262621999369003,0.22766099937143736,13.0125819996465,22.635117333265953
0,1596,29342.895008883,29342.895095464,29342.895315078,29342.904864974,29342.905098494,29342.918217625,0.08658099977765232,0.2196140012529213,0.3061950010305736,9.54989599995315,0.23352000062004663,13.119130999257322,23.208742000861093
0,1597,29342.92834221633,29342.928438944,29342.928670669,29342.938199276,29342.938445761,29342.953785295,0.09672766827861778,0.23172500004875474,0.3284526683273725,9.528606999083422,0.24648500038892962,15.3395340021234,25.443078669923125
0,1598,29342.961675549665,29342.96176507,29342.961989036,29342.971501754,29342.971739359,29342.984933388,0.08952033385867253,0.2239660025225021,0.3134863363811746,9.51271799931419,0.23760499971103854,13.194029001169838,23.257838336576242
0,1599,29342.995008882997,29342.995087855,29342.995320709,29343.004824279,29343.005068819,29343.018131569,0.07897200339357369,0.23285399947781116,0.31182600287138484,9.503569999651518,0.24453999867546372,13.062750000244705,23.12268600144307
0,1600,29343.02834221633,29343.028428889,29343.028500723,29343.03799808,29343.038234102,29343.051014552,0.08667266956763342,0.07183400157373399,0.1585066711413674,9.497356997599127,0.23602200235472992,12.780449997080723,22.672335668175947
0,1601,29343.061675549663,29343.061772637,29343.061811776,29343.071107659,29343.071337551,29343.085157225,0.0970873370533809,0.03913899854524061,0.13622633559862152,9.295883002778282,0.22989199715084396,13.819674000842497,23.481675336370245
0,1602,29343.095008883,29343.095094995,29343.09512905,29343.104484981,29343.104753613,29343.1175261,0.08611199882579967,0.0340550031978637,0.12016700202366337,9.355930997116957,0.2686320003704168,12.772486999892863,22.5172169994039
0,1603,29343.128342216332,29343.128431788,29343.128469734,29343.137734106,29343.137775042,29343.150284517,0.0895716693776194,0.03794599979300983,0.12751766917062923,9.264371998142451,0.040936000004876405,12.509475000115344,21.9423006674333
0,1604,29343.161675549665,29343.161763961,29343.161984908,29343.171479386,29343.171536303,29343.184252549,0.0884113360370975,0.2209470003435854,0.3093583363806829,9.494477999396622,0.05691700062016025,12.7162459975807,22.576999333978165
0,1605,29343.195008882998,29343.195097587,29343.195322776,29343.204834586,29343.205076552,29343.218900958,0.0887040005181916,0.22518900004797615,0.31389300056616776,9.511809999821708,0.24196600134018809,13.824405999912415,23.892075001640478
0,1606,29343.22834221633,29343.228432121,29343.228658345,29343.238143684,29343.23838152,29343.249685527,0.08990466812974773,0.22622400138061494,0.31612866951036267,9.485339000093518,0.23783600045135245,11.304006999125704,21.343310669180937
0,1607,29343.261675549664,29343.261769311,29343.261992572,29343.271471115,29343.27173496,29343.283431545,0.09376133675687015,0.2232609986094758,0.31702233536634594,9.478543001023354,0.2638449986989144,11.696585002937354,21.75599533802597
0,1608,29343.295008882997,29343.29509776,29343.295331365,29343.304924603,29343.304999678,29343.315980792,0.08887700460036285,0.23360499835689552,0.3224820029572584,9.59323799906997,0.07507500049541704,10.981113999150693,20.97190900167334
0,1609,29343.328342216333,29343.328517211,29343.328748167,29343.338274293,29343.338348182,29343.349623254,0.17499466775916517,0.23095600045053288,0.40595066820969805,9.526125999400392,0.0738889975764323,11.27507199998945,21.281037665175973
0,1610,29343.361675549666,29343.361763446,29343.361804354,29343.371079588,29343.371301692,29343.382554486,0.08789633284322917,0.04090800211997703,0.1288043349632062,9.275233998778276,0.22210400129552,11.252794000029098,20.8789363350661
0,1611,29343.395008883,29343.395099108,29343.395329009,29343.404867329,29343.40510373,29343.415643265,0.09022499943966977,0.22990100114839152,0.3201260005880613,9.538320002320688,0.23640099971089512,10.539535000134492,20.634382002754137
0,1612,29343.42834221633,29343.42843089,29343.428682338,29343.438156556,29343.43839904,29343.448357866,0.08867366705089808,0.25144800019916147,0.34012166725005955,9.47421800083248,0.24248399859061465,9.958826001820853,20.015649668494007
0,1613,29343.461675549665,29343.461776248,29343.462001862,29343.471476719,29343.471708472,29343.48229498,0.10069833660963923,0.22561399964615703,0.32631233625579625,9.474857000896009,0.23175299793365411,10.586508000415051,20.61943033550051
0,1614,29343.495008882997,29343.495101727,29343.495337896,29343.504847865,29343.505100618,29343.515406401,0.09284400221076794,0.23616900216438808,0.329013004375156,9.5099689970084,0.2527530014049262,10.30578299832996,20.397518001118442
0,1615,29343.52834221633,29343.528432714,29343.52867506,29343.538216556,29343.538462365,29343.548487968,0.0904976695892401,0.24234599914052524,0.33284366872976534,9.541496001475025,0.24580899844295345,10.025603001849959,20.145751670497702
0,1616,29343.561675549663,29343.561767295,29343.56181749,29343.571150512,29343.571384441,29343.581344571,0.09174533624900505,0.05019500167691149,0.14194033792591654,9.333022000646451,0.2339289967494551,9.960130002582446,19.66902133790427
0,1617,29343.595008883,29343.595098384,29343.595134376,29343.604387397,29343.604624279,29343.614353259,0.08950100163929164,0.03599199771997519,0.12549299935926683,9.25302100222325,0.23688199871685356,9.728979999636067,19.344375999935437
0,1618,29343.628342216332,29343.628425872,29343.628453122,29343.637690662,29343.637735069,29343.647229742,0.08365566827706061,0.02725000013015233,0.11090566840721294,9.237539998139255,0.04440700286068022,9.494672998698661,18.88752566810581
0,1619,29343.661675549665,29343.661762805,29343.661990057,29343.671467469,29343.671521989,29343.68137485,0.08725533552933484,0.22725199960405007,0.3145073351333849,9.477412000705954,0.05451999822980724,9.852860999671975,19.69930033374112
0,1620,29343.695008882998,29343.695100717,29343.695375258,29343.704933987,29343.705170433,29343.715418198,0.09183400106849149,0.27454100199975073,0.3663750030682422,9.558728997944854,0.23644600150873885,10.247764999803621,20.409315002325457
0,1621,29343.72834221633,29343.728431799,29343.728653893,29343.738205483,29343.738447838,29343.748771833,0.08958267062553205,0.2220939968538005,0.31167666747933254,9.5515900029568,0.24235499950009398,10.323995000362629,20.429616670298856
0,1622,29343.761675549664,29343.761773351,29343.762001169,29343.771532285,29343.771766214,29343.782588827,0.09780133768799715,0.2278179999848362,0.32561933767283335,9.53111600028933,0.2339289967494551,10.822613003256265,20.913277337967884
0,1623,29343.795008882997,29343.795102514,29343.795334212,29343.804870606,29343.80510672,29343.815198825,0.09363100252812728,0.2316980026080273,0.3253290051361546,9.536393998132553,0.23611399956280366,10.092104999785079,20.18994200261659
0,1624,29343.828342216333,29343.82843303,29343.82847479,29343.837883201,29343.838118723,29343.848405996,0.0908136680664029,0.04175999856670387,0.13257366663310677,9.408410998730687,0.23552200218546204,10.287272998539265,20.06377966608852
0,1625,29343.861675549666,29343.861762405,29343.861801517,29343.871027806,29343.871251901,29343.881335412,0.0868553324835375,0.03911200110451318,0.12596733358805068,9.226288999343524,0.22409500161302276,10.083510998811107,19.659862333355704
0,1626,29343.895008883,29343.895093058,29343.895316209,29343.904803677,29343.904880372,29343.914648565,0.08417500066570938,0.22315100068226457,0.30732600134797394,9.48746799986111,0.0766949997341726,9.768193001946202,19.639682002889458
0,1627,29343.92834221633,29343.928423462,29343.928641982,29343.938091709,29343.938142867,29343.948011367,0.08124566738842987,0.2185199991799891,0.29976566656841896,9.44972700017388,0.051158000133000314,9.868500001175562,19.66915066805086
0,1628,29343.961675549665,29343.961755865,29343.961977857,29343.971454677,29343.971507011,29343.982661507,0.08031533434404992,0.22199200247996487,0.3023073368240148,9.476819999690633,0.05233399861026555,11.154496001836378,20.98595733696129
0,1629,29343.995008882997,29343.995091388,29343.995318168,29344.004807673,29344.005047694,29344.015641555,0.08250500104622915,0.22678000095766038,0.30928500200388953,9.489505002420628,0.2400209996267222,10.593860999506433,20.632672003557673
0,1630,29344.02834221633,29344.028428606,29344.028660469,29344.038179512,29344.038431904,29344.048916688,0.08638967119622976,0.23186299949884415,0.3182526706950739,9.519043000182137,0.25239199749194086,10.484784001164371,20.574471669533523
0,1631,29344.061675549663,29344.06176611,29344.061987149,29344.071475378,29344.071752464,29344.082953682,0.09056033741217107,0.22103900118963793,0.311599338601809,9.488228999543935,0.27708599736797623,11.201217999769142,21.278132335282862
0,1632,29344.095008883,29344.095090301,29344.095123107,29344.104433407,29344.104656761,29344.114813061,0.0814180020825006,0.03280599776189774,0.11422399984439835,9.31029999992461,0.22335399989970028,10.156300002563512,19.80417800223222
0,1633,29344.128342216332,29344.128425687,29344.128461225,29344.137716403,29344.137761339,29344.147970195,0.08347066614078358,0.035537999792722985,0.11900866593350656,9.255177999875741,0.04493600135901943,10.208856001554523,19.62797866872279
0,1634,29344.161675549665,29344.161760665,29344.161978946,29344.171517331,29344.171572443,29344.182276064,0.08511533451383002,0.2182809985242784,0.3033963330381084,9.538385002088035,0.05511199924512766,10.703620999265695,20.600514333636966
0,1635,29344.195008882998,29344.195096218,29344.195334359,29344.204878884,29344.205123127,29344.216390865,0.08733500362723134,0.2381409976806026,0.32547600130783394,9.544525000819704,0.24424300136161037,11.2677379984234,21.381982001912547
0,1636,29344.22834221633,29344.228429798,29344.22865793,29344.238185917,29344.23842092,29344.249826169,0.08758166950428858,0.2281320012116339,0.3157136707159225,9.527986996545224,0.23500300085288472,11.405249002564233,21.483952670678264
0,1637,29344.261675549664,29344.261763906,29344.262035918,29344.271558368,29344.271800121,29344.283443169,0.08835633707349189,0.2720119991863612,0.3603683362598531,9.522450000076788,0.24175300131901167,11.64304799749516,21.767619335150812
0,1638,29344.295008882997,29344.295096023,29344.295327035,29344.304876717,29344.305151803,29344.316998511,0.08714000432519242,0.23101199985831045,0.31815200418350287,9.549681999487802,0.27508600032888353,11.846707999211503,21.989628003211692
0,1639,29344.328342216333,29344.32843015,29344.328670078,29344.338163712,29344.338399688,29344.35049214,0.08793366578174755,0.2399280019744765,0.32786166775622405,9.493633999227313,0.23597600011271425,12.09245200152509,22.14992366862134
0,1640,29344.361675549666,29344.361761693,29344.361796859,29344.371139113,29344.37136344,29344.38341777,0.08614333273726515,0.03516600190778263,0.12130933464504778,9.342253997601802,0.2243270027975086,12.054329999955371,21.74222033499973
0,1641,29344.395008883,29344.395095273,29344.395315914,29344.404876281,29344.405106515,29344.417222948,0.0863900022523012,0.22064099903218448,0.3070310012844857,9.560367001540726,0.23023399990051985,12.116432997572701,22.214065000298433
0,1642,29344.42834221633,29344.428432223,29344.428662059,29344.438153203,29344.438398391,29344.450473787,0.09000666977954097,0.2298359977430664,0.31984266752260737,9.491143999184715,0.2451880027365405,12.075396000000183,22.131570669444045
0,1643,29344.461675549665,29344.461763229,29344.461989,29344.471479783,29344.471711526,29344.484466318,0.08767933468334377,0.22577100025955588,0.31345033494289964,9.490782998909708,0.23174300076789223,12.754792001942405,22.790768336562905
0,1644,29344.495008882997,29344.4950918,29344.495323117,29344.504830012,29344.505075478,29344.517146225,0.08291700214613229,0.2313170007255394,0.3142340028716717,9.506894999503857,0.24546599888708442,12.070747001416748,22.13734200267936
0,1645,29344.52834221633,29344.528431972,29344.528654966,29344.538128609,29344.538368918,29344.550486101,0.08975567106972449,0.22299400006886572,0.3127496711385902,9.473643000092125,0.2403090002189856,12.117182999645593,22.143884671095293
0,1646,29344.561675549663,29344.561766858,29344.561838609,29344.571348568,29344.571603238,29344.584301621,0.09130833859671839,0.07175099744927138,0.16305933604598977,9.509958999842638,0.2546700015955139,12.698382997768931,22.626071335253073
0,1647,29344.595008883,29344.595105549,29344.595134308,29344.604471497,29344.604526071,29344.616309695,0.09666600089985877,0.02875900099752471,0.12542500189738348,9.337188999779755,0.05457400038721971,11.783623998780968,21.300812000845326
0,1648,29344.628342216332,29344.628423665,29344.628451424,29344.637741112,29344.637782001,29344.649462929,0.08144866660586558,0.027759000658988953,0.10920766726485454,9.289688001445029,0.04088899731868878,11.68092800071463,21.120712666743202
0,1649,29344.661675549665,29344.661756734,29344.661973792,29344.671528835,29344.671586974,29344.683543756,0.0811843347037211,0.21705800099880435,0.29824233570252545,9.555042997817509,0.058139001339441165,11.956782000197563,21.86820633505704
0,1650,29344.695008882998,29344.695100119,29344.695332509,29344.70487571,29344.705119435,29344.718068257,0.09123600102611817,0.23239000074681826,0.32362600177293643,9.54320099845063,0.243725000473205,12.948822000907967,23.059374001604738
0,1651,29344.72834221633,29344.728434113,29344.72866994,29344.738177436,29344.73841542,29344.750739013,0.09189666889142245,0.2358269994147122,0.32772366830613464,9.507496000878746,0.23798400070518255,12.32359300047392,22.396796670363983
0,1652,29344.761675549664,29344.761769247,29344.761844952,29344.771413921,29344.771659128,29344.784542708,0.0936973374336958,0.07570500019937754,0.16940233763307333,9.568968998792116,0.24520700026187114,12.883579998742789,22.86715833542985
0,1653,29344.795008882997,29344.795103799,29344.795347931,29344.804896956,29344.805175449,29344.817434726,0.0949160021264106,0.2441320029902272,0.3390480051166378,9.549024998705136,0.2784930002235342,12.259276998520363,22.42584300256567
0,1654,29344.828342216333,29344.828425896,29344.828460303,29344.837750232,29344.837993384,29344.850365347,0.083679668023251,0.034406999475322664,0.11808666749857366,9.289928999351105,0.24315200062119402,12.371962999168318,22.02313066663919
0,1655,29344.861675549666,29344.861760346,29344.861796041,29344.871101331,29344.87133914,29344.883959449,0.08479633470415138,0.035695000406121835,0.12049133511027321,9.30528999742819,0.23780900301062502,12.620308996702079,22.283899332251167
0,1656,29344.895008883,29344.895095417,29344.895317883,29344.904799739,29344.905032372,29344.917438605,0.0865340007294435,0.22246600201469846,0.30900000274414197,9.481855999183608,0.23263299954123795,12.406232999637723,22.42972200110671
0,1657,29344.92834221633,29344.928425655,29344.928644777,29344.938114144,29344.938165358,29344.952474473,0.0834386701171752,0.2191219973610714,0.3025606674782466,9.469366999837803,0.05121399954077788,14.30911500210641,24.132256668963237
0,1658,29344.961675549665,29344.961753735,29344.961808189,29344.971293463,29344.971349454,29344.98385841,0.07818533413228579,0.05445400165626779,0.13263933578855358,9.485274000326172,0.05599100040853955,12.508955998782767,22.18286033530603
0,1659,29344.995008882997,29344.995086342,29344.995114584,29345.004534116,29345.004770786,29345.017368817,0.07745900438749231,0.028241996915312484,0.1057010013028048,9.419532001629705,0.2366699991398491,12.598031000379706,22.359934002452064
0,1660,29345.02834221633,29345.028423182,29345.028465294,29345.037709296,29345.037938234,29345.050482755,0.08096567034954205,0.042111998482141644,0.1230776688316837,9.244002001651097,0.22893799905432388,12.544520999654196,22.1405386691913
0,1661,29345.061675549663,29345.061774392,29345.062000441,29345.07159828,29345.071835432,29345.084494908,0.09884233804768883,0.2260490000480786,0.3248913380957674,9.597838998161023,0.2371520022279583,12.659475996770198,22.819358335254947
0,1662,29345.095008883,29345.095090611,29345.095321327,29345.104814628,29345.105087418,29345.11743452,0.0817280015326105,0.23071599935065024,0.31244400088326074,9.493301000475185,0.2727899991441518,12.347102001513122,22.42563700201572
0,1663,29345.128342216332,29345.128421746,29345.128452756,29345.137753546,29345.137804019,29345.149887313,0.07952966916491278,0.0310099967464339,0.11053966591134667,9.300790003180737,0.0504729978274554,12.083294001058675,21.545096667978214
0,1664,29345.161675549665,29345.161753966,29345.161986015,29345.171471659,29345.171528336,29345.183868679,0.07841633487259969,0.23204899844131432,0.310465333313914,9.485644000960747,0.056676999520277604,12.340343000687426,22.193129334482364
0,1665,29345.195008882998,29345.19509774,29345.195335456,29345.204864387,29345.205164557,29345.217621364,0.08885700299288146,0.23771599808242172,0.3265730010753032,9.52893100111396,0.30016999880899675,12.456807002308778,22.61248100330704
0,1666,29345.22834221633,29345.228425921,29345.228648071,29345.238122085,29345.238181392,29345.250294963,0.08370466821361333,0.22214999989955686,0.3058546681131702,9.474014001170872,0.05930699990130961,12.113570999645162,21.952746668830514
0,1667,29345.261675549664,29345.261757221,29345.261992196,29345.271492423,29345.271730788,29345.28476035,0.08167133637471125,0.23497499933000654,0.3166463357047178,9.500226999080041,0.23836500258767046,13.029562000156147,23.084800337528577
0,1668,29345.295008882997,29345.295096393,29345.295324617,29345.304876197,29345.305136885,29345.31770711,0.08751000495976768,0.22822399841970764,0.3157340033794753,9.55157999851508,0.2606880007078871,12.570225000672508,22.69822700327495
0,1669,29345.328342216333,29345.328434823,29345.32870053,29345.338219294,29345.338501214,29345.351184884,0.09260666774935089,0.2657069999258965,0.3583136676752474,9.518763999949442,0.2819199980876874,12.683670000114944,22.84266766582732
0,1670,29345.361675549666,29345.361758799,29345.361789142,29345.371089635,29345.371321777,29345.383948919,0.08324933514813893,0.030342998798005283,0.11359233394614421,9.300492998590926,0.23214199973153882,12.627142001292668,22.273369333561277
0,1671,29345.395008883,29345.395089628,29345.395310584,29345.404837608,29345.405091647,29345.418488455,0.08074500146904029,0.22095600070315413,0.3017010021721944,9.527023998089135,0.25403900144738145,13.396808000834426,23.479572002543136
0,1672,29345.42834221633,29345.42844667,29345.428690579,29345.438193519,29345.438435837,29345.450853301,0.1044536693370901,0.24390899852733128,0.3483626678644214,9.502939999947557,0.24231800125562586,12.417464000463951,22.511084669531556
0,1673,29345.461675549665,29345.461764785,29345.461992455,29345.47158573,29345.471825954,29345.48444118,0.08923533459892496,0.2276699997310061,0.31690533432993107,9.593275000952417,0.2402239988441579,12.615226001798874,22.76563033592538
0,1674,29345.495008882997,29345.495092004,29345.495318395,29345.504902938,29345.505151154,29345.517755426,0.08312100180773996,0.22639099915977567,0.30951200096751563,9.584543000528356,0.24821600163704716,12.604272000316996,22.746543003449915
0,1675,29345.52834221633,29345.528429741,29345.528653299,29345.538150582,29345.538393936,29345.551067516,0.08752466965233907,0.22355799956130795,0.311082669213647,9.49728300111019,0.2433539993944578,12.673580000409856,22.72529967012815
0,1676,29345.561675549663,29345.561764839,29345.561991194,29345.571481199,29345.571726035,29345.58508501,0.08928933675633743,0.2263550013594795,0.31564433811581694,9.490004998951918,0.24483599918312393,13.358975000301143,23.409460336552
0,1677,29345.595008883,29345.595092392,29345.595312662,29345.604851974,29345.605086939,29345.617523644,0.0835089995234739,0.22027000159141608,0.30377900111489,9.539311999105848,0.23496499852626584,12.436705001164228,22.514760999911232
0,1678,29345.628342216332,29345.628424684,29345.628453379,29345.637811688,29345.637864383,29345.650000288,0.08246766810771078,0.028694998036371544,0.11116266614408232,9.35830900198198,0.05269499888527207,12.135904999013292,21.658071666024625
0,1679,29345.661675549665,29345.661754051,29345.661779005,29345.671033942,29345.671077768,29345.683449036,0.07850133624742739,0.024953998945420608,0.103455335192848,9.254936998331686,0.04382599945529364,12.37126800333499,21.773486336314818
0,1680,29345.695008882998,29345.695096159,29345.695327374,29345.70488914,29345.705169476,29345.718642628,0.08727600288693793,0.23121499907574616,0.3184910019626841,9.561766000842908,0.28033600028720684,13.473151997459354,23.633745000552153
0,1681,29345.72834221633,29345.72843385,29345.72866013,29345.738167756,29345.738413509,29345.751066494,0.09163366848952137,0.2262800007883925,0.31791366927791387,9.507626000413438,0.2457529990351759,12.652984998567263,22.72427766729379
0,1682,29345.761675549664,29345.761767532,29345.761993285,29345.771523475,29345.771755783,29345.78515562,0.09198233601637185,0.2257529995404184,0.31773533555679023,9.53019000007771,0.2323080007045064,13.399837000179105,23.48007033651811
0,1683,29345.795008882997,29345.795100028,29345.795329595,29345.804896824,29345.805177845,29345.817745164,0.09114500426221639,0.22956699831411242,0.3207120025763288,9.567229000822408,0.28102099895477295,12.567319001391297,22.736281003744807
0,1684,29345.828342216333,29345.828432784,29345.828649981,29345.838158218,29345.838390627,29345.851959836,0.09056766793946736,0.2171969972550869,0.30776466519455425,9.508237002592068,0.2324089982721489,13.569209000706905,23.617619666765677
0,1685,29345.861675549666,29345.861759947,29345.861792864,29345.871101571,29345.871348592,29345.88413945,0.08439733574050479,0.032916999771259725,0.11731433551176451,9.308706998126581,0.24702100199647248,12.790857999789296,22.463900335424114
0,1686,29345.895008883,29345.895093054,29345.895130324,29345.904384789,29345.904610968,29345.917347278,0.08417100252700038,0.037269997847033665,0.12144100037403405,9.254464999685297,0.2261789995827712,12.73631000003661,22.338394999678712
0,1687,29345.92834221633,29345.928426014,29345.928646989,29345.938136828,29345.938368858,29345.952486295,0.08379766950383782,0.22097499822848476,0.3047726677323226,9.489839001616929,0.23202999727800488,14.117437000095379,24.144078666722635
0,1688,29345.961675549665,29345.961759835,29345.96181814,29345.971273386,29345.971332702,29345.983184603,0.08428533692494966,0.05830499867442995,0.14259033559937961,9.455245999561157,0.059316000260878354,11.851900999317877,21.509053334739292
0,1689,29345.995008882997,29345.99509157,29345.995122876,29346.004422101,29346.004654354,29346.015520726,0.08268700184999034,0.031306000892072916,0.11399300274206325,9.299224999267608,0.2322530017409008,10.86637199841789,20.51184300216846
0,1690,29346.02834221633,29346.028419538,29346.028460797,29346.037754957,29346.037798116,29346.048515689,0.0773216706875246,0.04125899795326404,0.11858066864078864,9.294160001445562,0.043159001506865025,10.717572997236857,20.173472668830073
0,1691,29346.061675549663,29346.061755042,29346.061977739,29346.071457679,29346.071512994,29346.082150752,0.0794923362263944,0.22269699911703356,0.30218933534342796,9.479940003075171,0.05531499846256338,10.637758001394104,20.475202338275267
0,1692,29346.095008883,29346.095096046,29346.095363624,29346.104896027,29346.105136465,29346.116924708,0.08716299998923205,0.26757800151244737,0.3547410015016794,9.532403000775957,0.24043799930950627,11.788242998591159,21.9158250001783
0,1693,29346.128342216332,29346.128423986,29346.12845644,29346.137746406,29346.137974529,29346.14885729,0.08176966730388813,0.03245400148443878,0.1142236687883269,9.289965997595573,0.22812300085206516,10.882761001994368,20.515073669230333
0,1694,29346.161675549665,29346.16176036,29346.161983511,29346.171628323,29346.171684861,29346.182491177,0.08481033364660107,0.22315100068226457,0.30796133432886563,9.644812002079561,0.056537999626016244,10.80631600052584,20.815627336560283
0,1695,29346.195008882998,29346.19509805,29346.195369979,29346.204936374,29346.205218442,29346.217139446,0.08916700244299136,0.2719289986998774,0.36109600114286877,9.56639500145684,0.2820679983415175,11.921003999304958,22.130563000246184
0,1696,29346.22834221633,29346.228430444,29346.228666752,29346.238199276,29346.238436927,29346.249549636,0.08822766903904267,0.23630799842067063,0.3245356674597133,9.532523999951081,0.23765100195305422,11.11270899855299,21.207419667916838
0,1697,29346.261675549664,29346.26175907,29346.26199535,29346.271550838,29346.271608015,29346.282410988,0.0835203354654368,0.23628000053577125,0.31980033600120805,9.555487999023171,0.05717699968954548,10.802972999954363,20.735438334668288
0,1698,29346.295008882997,29346.295096612,29346.295330865,29346.304851936,29346.305095244,29346.317020138,0.08772900400799699,0.2342529987799935,0.3219820027879905,9.521071002382087,0.2433079971524421,11.92489400273189,22.01125500505441
0,1699,29346.328342216333,29346.32843297,29346.328658454,29346.338191431,29346.33842637,29346.349561857,0.09075366688193753,0.2254840001114644,0.31623766699340194,9.53297700107214,0.23493899789173156,11.135487002320588,21.21964066827786
0,1700,29346.361675549666,29346.361756124,29346.361781726,29346.371113007,29346.371162267,29346.382251383,0.0805743329692632,0.02560199936851859,0.10617633233778179,9.331281002232572,0.04926000110572204,11.089115996583132,20.575833332259208
0,1701,29346.395008883,29346.395093647,29346.395341002,29346.404887684,29346.405126881,29346.417300407,0.08476400034851395,0.24735500119277276,0.3321190015412867,9.546681998472195,0.23919700106489472,12.17352599996957,22.291524001047947
0,1702,29346.42834221633,29346.428423728,29346.428652257,29346.438151503,29346.438412692,29346.449848052,0.0815116691228468,0.2285289992869366,0.3100406684097834,9.499245999904815,0.26118900132132694,11.435360000177752,21.505835669813678
0,1703,29346.461675549665,29346.461757344,29346.461981541,29346.471452036,29346.471507463,29346.482618644,0.08179433643817902,0.2241969996248372,0.3059913360630162,9.470494998822687,0.05542700091609731,11.111181000160286,20.943094335962087
0,1704,29346.495008882997,29346.495096766,29346.495328,29346.504851275,29346.505149287,29346.517641364,0.08788300328887999,0.2312340002390556,0.3191170035279356,9.523274999082787,0.29801200071233325,12.49207699947874,22.632481002801796
0,1705,29346.52834221633,29346.528431375,29346.528655849,29346.538204994,29346.538483571,29346.549817624,0.08915867147152312,0.22447399896918796,0.3136326704407111,9.549145001074066,0.2785769975162111,11.334053000609856,21.475407669640845
0,1706,29346.561675549663,29346.561761176,29346.561995752,29346.571467878,29346.571532203,29346.582702588,0.08562633593101054,0.23457600036635995,0.3202023362973705,9.472125999309355,0.06432500231312588,11.17038499796763,21.027038335887482
0,1707,29346.595008883,29346.595088921,29346.595308859,29346.604926226,29346.604991005,29346.617567396,0.0800380003056489,0.21993799964548089,0.2999759999511298,9.617366999009391,0.06477900024037808,12.576391000038711,22.55851299923961
0,1708,29346.628342216332,29346.628422204,29346.628450769,29346.637749409,29346.637799299,29346.649168195,0.07998766886885278,0.02856499850167893,0.10855266737053171,9.298640001361491,0.049889997171703726,11.368896000931272,20.825978666835
0,1709,29346.661675549665,29346.661755541,29346.661974385,29346.671435075,29346.671491317,29346.68267497,0.07999133595149033,0.2188439975725487,0.298835333524039,9.460690002015326,0.056241999118356034,11.183653001353377,20.9994203360111
0,1710,29346.695008882998,29346.695089776,29346.695310029,29346.704825201,29346.705102546,29346.716510258,0.0808930017228704,0.22025300131645054,0.30114600303932093,9.515171997918515,0.2773449996311683,11.407712001528125,21.50137500211713
0,1711,29346.72834221633,29346.728426984,29346.728693876,29346.738173538,29346.738227585,29346.747888629,0.0847676674311515,0.2668920024007093,0.3516596698318608,9.47966199964867,0.0540469991392456,9.661044001404662,19.546412670024438
0,1712,29346.761675549664,29346.761758618,29346.761985899,29346.771470579,29346.771527561,29346.781190235,0.08306833478854969,0.2272810015711002,0.3103493363596499,9.484679998422507,0.05698200038750656,9.662674001447158,19.51468533661682
0,1713,29346.795008882997,29346.795092613,29346.795310615,29346.804820296,29346.804873853,29346.814574286,0.08373000309802592,0.21800200192956254,0.30173200502758846,9.509681000054115,0.05355699977371842,9.700432998215547,19.56540300307097
0,1714,29346.828342216333,29346.828422469,29346.828641517,29346.838107513,29346.838162866,29346.848262832,0.08025266652111895,0.21904800087213516,0.2993006673932541,9.465995997743448,0.05535300078918226,10.099966002599103,19.920615668524988
0,1715,29346.861675549666,29346.861755391,29346.861781957,29346.871054542,29346.871102997,29346.881241731,0.07984133480931632,0.026565998268779367,0.10640733307809569,9.272585000871914,0.04845500006922521,10.138734000065597,19.56618133408483
0,1716,29346.895008883,29346.895088351,29346.895316177,29346.904922887,29346.904976073,29346.915287809,0.07946800178615376,0.227825999900233,0.30729400168638676,9.606709998479346,0.05318600233295001,10.311735997674987,20.27892600017367
0,1717,29346.92834221633,29346.928421745,29346.928638998,29346.938095243,29346.93815017,29346.948710122,0.07952866872074082,0.21725300030084327,0.2967816690215841,9.45624499945552,0.054927000746829435,10.559951999312034,20.36790566853597
0,1718,29346.961675549665,29346.961754279,29346.961808491,29346.971295654,29346.971352228,29346.983311289,0.07872933565522544,0.054211999668041244,0.13294133532326669,9.487162998993881,0.056574001064291224,11.95906100110733,21.63573933648877
0,1719,29346.995008882997,29346.995086923,29346.995116737,29347.004405676,29347.004451685,29347.015178853,0.07804000415490009,0.029814000299666077,0.10785400445456617,9.28893899981631,0.04600899774231948,10.727167998993536,20.16997000100673
0,1720,29347.02834221633,29347.028421131,29347.028449484,29347.037682848,29347.037722987,29347.048502385,0.07891466884757392,0.028353002562653273,0.1072676714102272,9.233363998646382,0.04013899888377637,10.779398002341622,20.16016867128201
0,1721,29347.061675549663,29347.061755267,29347.061976658,29347.071453969,29347.071506839,29347.082211294,0.07971733793965541,0.2213909974670969,0.3011083354067523,9.477311003138311,0.05287000021780841,10.704454998631263,20.535744337394135
0,1722,29347.095008883,29347.095091485,29347.095315636,29347.104816151,29347.104872669,29347.115608143,0.08260200047516264,0.22415100102080032,0.30675300149596296,9.500514999672305,0.056517998018534854,10.735474003013223,20.599260002200026
0,1723,29347.128342216332,29347.128425167,29347.12845388,29347.137803976,29347.137843801,29347.148577644,0.08295066800201312,0.028712998755509034,0.11166366675752215,9.350095999252517,0.039825001294957474,10.733842998888576,20.235427666193573
0,1724,29347.161675549665,29347.161756719,29347.161991314,29347.171465319,29347.171546625,29347.182358136,0.08116933531709947,0.23459499789169058,0.31576433320879005,9.474005000811303,0.08130599962896667,10.811511001520557,20.682586335169617
0,1725,29347.195008882998,29347.195090316,29347.195310068,29347.204821991,29347.204875325,29347.215518334,0.08143300146912225,0.2197520007030107,0.30118500217213295,9.511922999081435,0.05333399894880131,10.6430090017966,20.50945100199897
0,1726,29347.22834221633,29347.228423849,29347.228664676,29347.238130366,29347.238184172,29347.248929108,0.08163266829797067,0.24082700110739097,0.32245966940536164,9.465690000070026,0.05380600123316981,10.744935996626737,20.586891667335294
0,1727,29347.261675549664,29347.261757143,29347.26199333,29347.271528872,29347.271585142,29347.282211918,0.08159333447110839,0.23618700288352557,0.31778033735463396,9.535541998047847,0.05627000064123422,10.626775998389348,20.536368334433064
0,1728,29347.295008882997,29347.295089915,29347.295324844,29347.304837581,29347.305086352,29347.316155015,0.08103200161713175,0.23492900072596967,0.3159610023431014,9.5127370004775,0.24877100076992065,11.068662999605294,21.146132003195817
0,1729,29347.328342216333,29347.328424365,29347.328651007,29347.338151826,29347.338203513,29347.348954697,0.08214866829803213,0.22664199786959216,0.3087906661676243,9.500819000095362,0.05168700226931833,10.75118399967323,20.612480668205535
0,1730,29347.361675549666,29347.361759564,29347.361791962,29347.371045566,29347.371092279,29347.381970105,0.08401433296967298,0.032398002076661214,0.11641233504633419,9.253603999241022,0.04671300121117383,10.877826000069035,20.294555335567566
0,1731,29347.395008883,29347.395094281,29347.395312848,29347.40484515,29347.404900668,29347.415609215,0.08539800182916224,0.21856699822819792,0.30396500005736016,9.532301999570336,0.055518001317977905,10.708547000831459,20.600332001777133
0,1732,29347.42834221633,29347.428422784,29347.428644962,29347.438127264,29347.438181737,29347.449090784,0.0805676681920886,0.22217800142243505,0.30274566961452365,9.482301997195464,0.05447300281957723,10.90904699958628,20.748567669215845
0,1733,29347.461675549665,29347.461756983,29347.461992365,29347.471569177,29347.471627464,29347.482484502,0.0814333361631725,0.23538199820904993,0.3168153343722224,9.576812000887003,0.05828700159327127,10.857037999812746,20.808952336665243
0,1734,29347.495008882997,29347.495090727,29347.495312554,29347.504845078,29347.504899106,29347.515873025,0.08184400212485343,0.22182700195116922,0.30367100407602265,9.532523999951081,0.05402799797593616,10.973919001116883,20.864142003119923
0,1735,29347.52834221633,29347.528425445,29347.528693837,29347.538171415,29347.538224481,29347.549075741,0.08322867142851464,0.26839199927053414,0.3516206706990488,9.477577998040942,0.053065999964019284,10.851260001800256,20.733524670504266
0,1736,29347.561675549663,29347.561758143,29347.561996849,29347.571469455,29347.571521798,29347.58242343,0.08259333844762295,0.23870599761721678,0.32129933606483974,9.47260600150912,0.0523429989698343,10.901632002060069,20.747880338603863
0,1737,29347.595008883,29347.595090823,29347.595317048,29347.604842452,29347.604898517,29347.615763168,0.08194000110961497,0.22622499818680808,0.30816499929642305,9.525404002488358,0.056064996897475794,10.864651001611492,20.75428500029375
0,1738,29347.628342216332,29347.628421884,29347.628449829,29347.637742749,29347.637789313,29347.648883485,0.07966766861500219,0.02794499960145913,0.10761266821646132,9.292920000007143,0.04656400051317178,11.094171997683588,20.541268666420365
0,1739,29347.661675549665,29347.661754037,29347.661990948,29347.671535138,29347.671586528,29347.682427835,0.07848733366699889,0.2369110006839037,0.3153983343509026,9.544190001179231,0.05138999767950736,10.841307001101086,20.752285334310727
0,1740,29347.695008882998,29347.695089005,29347.695311434,29347.704886625,29347.704942172,29347.715827674,0.08012200123630464,0.22242900013225153,0.30255100136855617,9.575191001204075,0.05554699964704923,10.885502000746783,20.818791002966464
0,1741,29347.72834221633,29347.728422437,29347.728646439,29347.738122583,29347.73817726,29347.749054437,0.08022067049751058,0.22400200032279827,0.30422267082030885,9.476143997744657,0.05467699884320609,10.877177002839744,20.712220670247916
0,1742,29347.761675549664,29347.761756877,29347.761995584,29347.771469154,29347.771521747,29347.782334989,0.08132733637467027,0.23870699806138873,0.320034334436059,9.473570000409381,0.05259300087345764,10.813241999130696,20.659439334849594
0,1743,29347.795008882997,29347.795091364,29347.795327672,29347.804900456,29347.804979077,29347.815774357,0.08248100493801758,0.23630799842067063,0.3187890033586882,9.57278400164796,0.07862099664635025,10.795280002639629,20.765474004292628
0,1744,29347.828342216333,29347.828424036,29347.828642529,29347.838130312,29347.838185943,29347.849104779,0.0818196676846128,0.21849299810128286,0.30031266578589566,9.48778300153208,0.05563100057770498,10.918836000200827,20.762562668096507
0,1745,29347.861675549666,29347.861757264,29347.861797941,29347.871087045,29347.871133749,29347.880581328,0.08171433364623226,0.040677001379663125,0.12239133502589539,9.289104000345105,0.04670399721362628,9.447579002880957,18.905778335465584
0,1746,29347.895008883,29347.895091963,29347.895125751,29347.904383337,29347.904632905,29347.91448759,0.08308000178658403,0.033788001019274816,0.11686800280585885,9.257585999876028,0.24956799825304188,9.854684998572338,19.478706999507267
0,1747,29347.92834221633,29347.928426922,29347.928647842,29347.93812393,29347.938173393,29347.947691241,0.08470566899632104,0.22091999926487915,0.3056256682612002,9.47608799833688,0.04946300032315776,9.517848000541562,19.3490246674628
0,1748,29347.961675549665,29347.961755269,29347.961817696,29347.97141386,29347.971472453,29347.981673799,0.0797193351900205,0.0624269996478688,0.1421463348378893,9.596163999958662,0.05859299926669337,10.201346001849743,19.998249335912988
0,1749,29347.995008882997,29347.995092728,29347.995123043,29348.00446136,29348.004505593,29348.014350426,0.0838450032460969,0.030315000913105905,0.1141600041592028,9.33831699876464,0.044232998334337026,9.844833002716769,19.341543003974948
0,1750,29348.02834221633,29348.028422648,29348.028449185,29348.03768565,29348.037723318,29348.047605049,0.0804316696303431,0.02653699993970804,0.10696866957005113,9.23646500086761,0.03766800000448711,9.881730999040883,19.262832669483032
0,1751,29348.061675549663,29348.0617623,29348.062002035,29348.071477558,29348.071532503,29348.081597856,0.08675033677718602,0.23973499992280267,0.3264853366999887,9.475523002038244,0.05494499782798812,10.06535299893585,19.92230633550207
0,1752,29348.095008883,29348.095095582,29348.095332501,29348.104859506,29348.10491772,29348.114737211,0.08669900125823915,0.2369190005993005,0.32361800185753964,9.527004996925825,0.05821400191052817,9.819490998779656,19.72832799947355
0,1753,29348.128342216332,29348.128424225,29348.128454679,29348.137813571,29348.137855803,29348.148079094,0.08200866795959882,0.030454000807367265,0.11246266876696609,9.358891998999752,0.04223200085107237,10.223290999419987,19.736877668037778
0,1754,29348.161675549665,29348.16175772,29348.161994185,29348.171585191,29348.171640303,29348.181856353,0.08217033609980717,0.23646499903406948,0.31863533513387665,9.591006000846392,0.05511199924512766,10.216049999144161,20.180803334369557
0,1755,29348.195008882998,29348.195088677,29348.195326022,29348.20488174,29348.204934741,29348.215272079,0.07979400106705725,0.23734500064165331,0.31713900170871057,9.555717999319313,0.053001000196672976,10.337338000681484,20.26319600190618
0,1756,29348.22834221633,29348.228425903,29348.228697832,29348.238180458,29348.238235366,29348.248502537,0.08368666749447584,0.2719290023378562,0.35561566983233206,9.482625999226002,0.054907999583519995,10.267171001032693,20.160320669674547
0,1757,29348.261675549664,29348.261757344,29348.261994726,29348.271480195,29348.27172104,29348.282829369,0.08179433643817902,0.23738199888612144,0.31917633532430045,9.48546899962821,0.24084500182652846,11.108328999398509,21.15381933617755
0,1758,29348.295008882997,29348.295090636,29348.295328759,29348.304791403,29348.304845422,29348.315869379,0.08175300172297284,0.2381230005994439,0.31987600232241675,9.462644000450382,0.05401900125434622,11.023956998542417,20.860496002569562
0,1759,29348.328342216333,29348.328420215,29348.328658162,29348.338199547,29348.338253641,29348.349790558,0.0779986658017151,0.23794700246071443,0.31594566826242954,9.541384999465663,0.05409399818745442,11.536917001649272,21.44834166756482
0,1760,29348.361675549666,29348.361754415,29348.361782314,29348.371050603,29348.371098353,29348.382662168,0.07886533421697095,0.027899000997422263,0.10676433521439321,9.26828899901011,0.04774999979417771,11.563814998226007,20.98661833224469
0,1761,29348.395008883,29348.395086512,29348.395309441,29348.404850484,29348.404904873,29348.416594005,0.0776289998611901,0.2229290003015194,0.3005580001627095,9.541043000353966,0.054389001888921484,11.689131999446545,21.58512200185214
0,1762,29348.42834221633,29348.428422666,29348.428659826,29348.438170859,29348.438229054,29348.449966695,0.08044966671150178,0.2371600021433551,0.31760966885485686,9.511033000308089,0.05819500074721873,11.737640998035204,21.624478667945368
0,1763,29348.461675549665,29348.461755606,29348.461995785,29348.471516012,29348.471597124,29348.483462461,0.08005633571883664,0.240179000684293,0.3202353364031296,9.520226998574799,0.0811120007710997,11.865337000926957,21.786911336675985
0,1764,29348.495008882997,29348.495091278,29348.495326271,29348.504844767,29348.504896805,29348.516726465,0.08239500311901793,0.23499300004914403,0.31738800316816196,9.51849600096466,0.05203799810260534,11.829660001239972,21.7175820034754
0,1765,29348.52834221633,29348.528422996,29348.528656027,29348.53815242,29348.5382088,29348.5500626,0.08077967140707187,0.2330309980607126,0.31381066946778446,9.496392998698866,0.05638000220642425,11.853799998789327,21.720383669162402
0,1766,29348.561675549663,29348.56175776,29348.561992633,29348.571480406,29348.571534843,29348.583419958,0.08221033567679115,0.2348730013181921,0.31708333699498326,9.487773000728339,0.054436997743323445,11.885115000040969,21.744408335507615
0,1767,29348.595008883,29348.59509108,29348.595324565,29348.604872264,29348.604927876,29348.617012077,0.08219699884648435,0.2334850032639224,0.31568200211040676,9.547698999085696,0.05561199941439554,12.084201000106987,22.003194000717485
0,1768,29348.628342216332,29348.628421983,29348.628450409,29348.637767663,29348.637814451,29348.649652556,0.07976666893227957,0.02842599860741757,0.10819266753969714,9.317254000052344,0.046788001782260835,11.838104997877963,21.310339667252265
0,1769,29348.661675549665,29348.66175734,29348.661992362,29348.671494608,29348.671549941,29348.683384538,0.08179033466149122,0.23502199837821536,0.3168123330397066,9.502246000920422,0.05533299918170087,11.83459700041567,21.7089883335575
0,1770,29348.695008882998,29348.695087503,29348.695324599,29348.704865835,29348.70492166,29348.716779404,0.07862000347813591,0.23709599918220192,0.31571600266033784,9.541235998767661,0.055824999435571954,11.857744000735693,21.770521001599263
0,1771,29348.72834221633,29348.728424859,29348.728663464,29348.73818707,29348.738242488,29348.750168205,0.08264266944024712,0.2386050000495743,0.3212476694898214,9.52360600058455,0.05541800055652857,11.925716997211566,21.825988667842466
0,1772,29348.761675549664,29348.761758752,29348.762011708,29348.771485732,29348.771538593,29348.781741587,0.08320233609993011,0.2529560006223619,0.336158336722292,9.474023998336634,0.052860999858239666,10.202994002611376,20.06603733752854
0,1773,29348.795008882997,29348.795089579,29348.79532736,29348.804794262,29348.804844939,29348.815093711,0.08069600517046638,0.23778099784976803,0.3184770030202344,9.466901999985566,0.050677001127041876,10.248771999613382,20.084828003746225
0,1774,29348.828342216333,29348.828423481,29348.828653457,29348.838154008,29348.838207472,29348.848474522,0.0812646685517393,0.2299759980814997,0.311240666633239,9.50055100111058,0.053463998483493924,10.26705000185757,20.132305668084882
0,1775,29348.861675549666,29348.861756596,29348.861786625,29348.871122859,29348.871167063,29348.881630801,0.0810463352536317,0.030028997571207583,0.11107533282483928,9.336234001239063,0.0442040000052657,10.463737999089062,19.95525133315823
0,1776,29348.895008883,29348.895094072,29348.89532976,29348.904857691,29348.904908896,29348.915144529,0.08518899994669482,0.23568799952045083,0.32087699946714565,9.527931000775425,0.05120499918120913,10.235633002594113,20.135646002017893
0,1777,29348.92834221633,29348.928420067,29348.928665468,29348.938161213,29348.938215232,29348.948417504,0.07785066918586381,0.24540099911973812,0.3232516683056019,9.495744998275768,0.05401900125434622,10.202272002061363,20.07528766989708
0,1778,29348.961675549665,29348.961755265,29348.961810396,29348.971298289,29348.971353188,29348.983549344,0.07971533705131151,0.055130996770458296,0.1348463338217698,9.48789300309727,0.05489899922395125,12.19615599984536,21.87379433598835
0,1779,29348.995008882997,29348.995112539,29348.995164938,29349.004508728,29349.004555627,29349.013630452,0.10365600246586837,0.05239899837761186,0.15605500084348023,9.343790003185859,0.04689900015364401,9.074824996787356,18.62156900097034
0,1780,29349.02834221633,29349.028432266,29349.028669806,29349.038240155,29349.038295914,29349.047429536,0.0900496706890408,0.23753999994369224,0.32758967063273303,9.570349000568967,0.055758999224053696,9.133621999353636,19.08731966977939
0,1781,29349.061675549663,29349.061760938,29349.06199383,29349.071472177,29349.071526159,29349.080745873,0.0853883357194718,0.23289200180443004,0.31828033752390184,9.478346997639164,0.0539820030098781,9.219714000209933,19.070323338382877
0,1782,29349.095008883,29349.095097952,29349.09514223,29349.104478642,29349.104542373,29349.113647069,0.08906899893190712,0.04427800013218075,0.13334699906408787,9.336412000266137,0.06373100040946156,9.10469600057695,18.638186000316637
0,1783,29349.128342216332,29349.128429282,29349.128459245,29349.137735775,29349.137776294,29349.146918184,0.08706566586624831,0.029963000997668132,0.11702866686391644,9.276529999624472,0.040519000322092324,9.141890001046704,18.575967667857185
0,1784,29349.161675549665,29349.161754823,29349.161980881,29349.171447589,29349.171500692,29349.180563961,0.07927333354018629,0.22605800040764734,0.3053313339478336,9.4667080011277,0.053102998208487406,9.063269000762375,18.888411334046395
0,1785,29349.195008882998,29349.195090143,29349.195312007,29349.204845364,29349.204898503,29349.21404993,0.0812600010249298,0.22186400019563735,0.30312400122056715,9.533357002510456,0.053138999646762386,9.151426998869283,19.04104700224707
0,1786,29349.22834221633,29349.228424648,29349.228663058,29349.238126832,29349.238367454,29349.247860589,0.0824316703074146,0.23840999710955657,0.3208416674169712,9.46377400032361,0.24062200100161135,9.493134999502217,19.51837266824441
0,1787,29349.261675549664,29349.26175682,29349.261994461,29349.271556133,29349.271612273,29349.280977647,0.08127033652272075,0.23764100114931352,0.3189113376720343,9.561671999108512,0.056140001106541604,9.365373996843118,19.302097334730206
0,1788,29349.295008882997,29349.295091251,29349.295329439,29349.304867824,29349.305127466,29349.314756898,0.0823680020403117,0.23818800036679022,0.3205560024071019,9.538385002088035,0.2596419981273357,9.629431999201188,19.74801500182366
0,1789,29349.328342216333,29349.328429098,29349.328670231,29349.338158152,29349.338212699,29349.347552211,0.08688166781212203,0.24113299878081307,0.3280146665929351,9.487921000982169,0.05454699930851348,9.339511998405214,19.209994665288832
0,1790,29349.361675549666,29349.36176038,29349.361789417,29349.371057104,29349.371103475,29349.380405051,0.08483033525408246,0.029036997148068622,0.11386733240215108,9.267687000829028,0.046371002099476755,9.301575999415945,18.7295013347466
0,1791,29349.395008883,29349.395092133,29349.395319839,29349.40483902,29349.404891048,29349.414225088,0.08325000089826062,0.22770600116928108,0.3109560020675417,9.519180999632226,0.052028000936843455,9.334039998066146,19.216205000702757
0,1792,29349.42834221633,29349.428424164,29349.428661917,29349.438186848,29349.438241496,29349.447728455,0.08194766996894032,0.23775299996486865,0.31970066993380897,9.524930999759817,0.05464799687615596,9.486959002970252,19.386238669540035
0,1793,29349.461675549665,29349.461758353,29349.461998282,29349.471470045,29349.471522962,29349.480975032,0.08280333713628352,0.23992899878066964,0.32273233591695316,9.471762998146005,0.052917002903996035,9.452069996768842,19.299482333735796
0,1794,29349.495008882997,29349.495092754,29349.495329646,29349.504841105,29349.504894873,29349.514368563,0.08387100388063118,0.23689199952059425,0.32076300340122543,9.511459000350442,0.05376799890655093,9.473689999140333,19.35968000179855
0,1795,29349.52834221633,29349.528423721,29349.528657316,29349.538124746,29349.538177016,29349.547635871,0.08150466965162195,0.23359500119113363,0.3150996708427556,9.467429998039734,0.052269999287091196,9.45885500186705,19.29365467003663
0,1796,29349.561675549663,29349.561756836,29349.561993402,29349.571482398,29349.571534611,29349.58099982,0.08128633635351434,0.23656600023969077,0.3178523365932051,9.488996001891792,0.05221299943514168,9.465208997426089,19.324270335346228
0,1797,29349.595008883,29349.595094413,29349.595325796,29349.604861079,29349.604917561,29349.614523688,0.08553000225219876,0.23138299729907885,0.3169129995512776,9.535282999422634,0.05648200021823868,9.606127001461573,19.514805000653723
0,1798,29349.628342216332,29349.628426178,29349.628456364,29349.637731272,29349.637778588,29349.647297075,0.08396166595048271,0.03018600182258524,0.11414766777306795,9.274907999497373,0.04731599983642809,9.518487000605091,18.95485866771196
0,1799,29349.661675549665,29349.661747451,29349.661971686,29349.671520858,29349.671634238,29349.681132567,0.07190133328549564,0.22423500195145607,0.2961363352369517,9.549171998514794,0.1133799996750895,9.498329000052763,19.457017333479598
