stream_id,frame_id,scheduled_arrival_s,actual_arrival_enqueue_s,front_end_start_s,ready_s,inference_start_s,completion_s,scheduler_lag_ms,arrival_queue_wait_ms,scheduled_to_front_end_ms,front_end_observed_ms,ready_queue_wait_ms,inference_ms,local_e2e_ms
0,0,28546.334357426,28546.334443772,28546.334626449,28546.41878193,28546.447260142,28546.461119868,0.08634600089862943,0.18267699852003716,0.2690229994186666,84.15548099947046,28.47821199975442,13.85972600110108,126.76244199974462
0,1,28546.367690759333,28546.367792715,28546.418822227,28546.435523494,28546.465937746,28546.470523568,0.10195566574111581,51.029512000241084,51.1314676659822,16.70126700264518,30.414251999900443,4.585822000080952,102.83280866860878
0,2,28546.401024092665,28546.402499952,28546.435546263,28546.447509107,28546.475331279,28546.480115176,1.475859335187124,33.04631100036204,34.52217033554916,11.962844000663608,27.82217200001469,4.783896998560522,79.09108333478798
0,3,28546.434357426,28546.435023789,28546.447526681,28546.458022609,28546.484735054,28546.489420385,0.6663630010734778,12.502892001066357,13.169255002139835,10.495927999727428,26.71244500015746,4.68533100138302,55.06295900340774
0,4,28546.467690759335,28546.467762552,28546.4678032,28546.478543538,28546.489453561,28546.494467904,0.07179266685852781,0.04064799941261299,0.1124406662711408,10.740337998868199,10.910023000178626,5.014343001676025,26.77714466699399
0,5,28546.501024092668,28546.501097255,28546.501705963,28546.514747507,28546.515913374,28546.521214414,0.07316233313758858,0.6087080000725109,0.6818703332100995,13.04154399986146,1.1658670009637717,5.301039996993495,20.190321331028827
0,6,28546.534357426,28546.534426691,28546.534628877,28546.54491385,28546.549887267,28546.554425903,0.06926499918336049,0.20218600184307434,0.2714510010264348,10.284972999215825,4.97341699883691,4.538635999779217,20.068476998858387
0,7,28546.567690759333,28546.56778117,28546.568108237,28546.578297313,28546.582840792,28546.587296279,0.0904106673260685,0.32706699857953936,0.41747766590560786,10.189076001552166,4.543479000858497,4.455487000086578,19.60551966840285
0,8,28546.601024092666,28546.601101124,28546.601308375,28546.612359066,28546.612472501,28546.617228352,0.07703133451286703,0.20725099966512062,0.28428233417798765,11.050690998672508,0.11343500227667391,4.755850997753441,16.20425933288061
0,9,28546.634357426,28546.634438429,28546.635103506,28546.6419761,28546.642198222,28546.647188379,0.08100299965008162,0.6650770010310225,0.7460800006811041,6.872594000014942,0.22212200201465748,4.990156998246675,12.83095300095738
0,10,28546.667690759332,28546.667780419,28546.667996772,28546.678300015,28546.68343133,28546.688101346,0.08965966844698414,0.21635300072375685,0.306012669170741,10.303242997906636,5.131314999744063,4.670016001909971,20.410586668731412
0,11,28546.701024092665,28546.701104437,28546.701326975,28546.711461105,28546.711722079,28546.716967618,0.08034433631110005,0.2225379976152908,0.30288233392639086,10.134129999642028,0.26097400041180663,5.245538999588462,15.943525333568687
0,12,28546.734357426,28546.734426196,28546.734650576,28546.744990541,28546.750119033,28546.754610854,0.06876999759697355,0.22438000087277032,0.2931499984697439,10.33996499973,5.128492000949336,4.491821000556229,20.25342799970531
0,13,28546.767690759334,28546.76776163,28546.768015845,28546.778171837,28546.778399838,28546.783249624,0.0708706647856161,0.25421499958611093,0.32508566437172703,10.155992000363767,0.22800100123276934,4.849786000704626,15.55886466667289
0,14,28546.801024092667,28546.801094305,28546.801312122,28546.811594354,28546.816642225,28546.82132676,0.07021233250270598,0.2178169997932855,0.2880293322959915,10.28223200046341,5.047870999987936,4.6845350007060915,20.302667333453428
0,15,28546.834357426,28546.834429694,28546.835081929,28546.84454112,28546.849121943,28546.853823171,0.0722680015314836,0.6522349976876285,0.7245029992191121,9.459191001951694,4.580822998832446,4.701228001067648,19.4657450010709
0,16,28546.867690759333,28546.867761452,28546.867797915,28546.877269774,28546.877502006,28546.88264585,0.07069266575854272,0.036463003198150545,0.10715566895669326,9.471858997130767,0.23223199968924746,5.1438440023048315,14.955090668081539
0,17,28546.901024092665,28546.901096619,28546.90113224,28546.910385402,28546.910615153,28546.915691199,0.07252633440657519,0.03562100027920678,0.10814733468578197,9.253161999367876,0.2297510000062175,5.076045999885537,14.667106333945412
0,18,28546.934357426,28546.934429674,28546.934464044,28546.944110875,28546.944342498,28546.949899518,0.07224799992400222,0.03437000123085454,0.10661800115485676,9.646831000281963,0.2316230020369403,5.557019998377655,15.542092001851415
0,19,28546.967690759335,28546.967762654,28546.968451158,28546.977923228,28546.982976599,28546.988145913,0.07189466487034224,0.6885040020279121,0.7603986668982543,9.472069999901578,5.0533709982119035,5.169314001250314,20.45515366626205
0,20,28547.001024092668,28547.001092772,28547.001777664,28547.011326393,28547.016501246,28547.021863618,0.06867933188914321,0.6848920020274818,0.753571333916625,9.548728998197475,5.1748529986070935,5.362372001400217,20.83952533212141
0,21,28547.034357426,28547.0344799,28547.034716132,28547.045035125,28547.045263367,28547.050851943,0.12247400081832893,0.23623199740541168,0.3587059982237406,10.318993001419585,0.22824199913884513,5.588576001173351,16.494516999955522
0,22,28547.067690759333,28547.067773953,28547.067998075,28547.078597217,28547.084154543,28547.089578749,0.08319366679643281,0.2241219990537502,0.307315665850183,10.59914200232015,5.557325999689056,5.424205999588594,21.887989667447982
0,23,28547.101024092666,28547.101096525,28547.101307387,28547.111517128,28547.111760538,28547.117329707,0.07243233267217875,0.21086200285935774,0.2832943355315365,10.209740998107009,0.24340999880223535,5.569169003138086,16.305614335578866
0,24,28547.134357426,28547.134425764,28547.134725109,28547.144961701,28547.150965031,28547.15616392,0.06833800216554664,0.29934499980299734,0.367683001968544,10.236591999273514,6.003329999657581,5.198889000894269,21.806494001793908
0,25,28547.167690759332,28547.167800846,28547.168043218,28547.178291376,28547.178527729,28547.18418888,0.11008666842826642,0.24237199977505952,0.35245866820332594,10.248157999740215,0.23635300021851435,5.661151000822429,16.498120668984484
0,26,28547.201024092665,28547.20110077,28547.201311383,28547.211784441,28547.217729028,28547.223130595,0.07667733370908536,0.21061300139990635,0.2872903351089917,10.473057998751756,5.944587002886692,5.401566999353236,22.106502336100675
0,27,28547.234357426,28547.234475446,28547.23471041,28547.244965383,28547.245193755,28547.250935342,0.1180199978989549,0.2349640017200727,0.3529839996190276,10.254972999973688,0.22837199867353775,5.741586999647552,16.577915997913806
0,28,28547.267690759334,28547.26776901,28547.267976363,28547.278373512,28547.284478704,28547.290000753,0.07825066495570354,0.20735300131491385,0.2856036662706174,10.39714899889077,6.105192001996329,5.52204899940989,22.309993666567607
0,29,28547.301024092667,28547.301144509,28547.301376325,28547.311799809,28547.31784112,28547.323218826,0.12041633453918621,0.23181599681265652,0.35223233135184273,10.423484000057215,6.0413110004446935,5.377706002036575,22.194733333890326
0,30,28547.334357426,28547.334439657,28547.335111966,28547.344633491,28547.349971317,28547.355379272,0.08223099939641543,0.6723090009472799,0.7545400003436953,9.521525000309339,5.337825998140033,5.407955002738163,21.02184600153123
0,31,28547.367690759333,28547.36776361,28547.367982999,28547.378220528,28547.378480808,28547.384766971,0.07285066749318503,0.2193889995396603,0.2922396670328453,10.237529000733048,0.2602800013846718,6.286162999458611,17.076211668609176
0,32,28547.401024092665,28547.401292175,28547.401527296,28547.412100142,28547.418127277,28547.423661355,0.2680823345144745,0.23512099869549274,0.5032033332099672,10.572846000286518,6.027135001204442,5.534077998163411,22.63726233286434
0,33,28547.434357426,28547.434455303,28547.434663322,28547.445184362,28547.451576046,28547.457340151,0.09787700037122704,0.20801900245714933,0.30589600282837637,10.52103999973042,6.3916840008459985,5.764104997069808,22.982725000474602
0,34,28547.467690759335,28547.467760459,28547.46797659,28547.478667325,28547.484699341,28547.490496529,0.0696996648912318,0.2161310003430117,0.2858306652342435,10.690734998206608,6.032016000972362,5.797188001452014,22.805769665865228
0,35,28547.501024092668,28547.501137311,28547.501372155,28547.511052042,28547.511115375,28547.517280057,0.11321833153488114,0.23484399935114197,0.3480623308860231,9.679886999947485,0.06333300188998692,6.164681999507593,16.255964332231088
0,36,28547.534357426,28547.534433634,28547.534644385,28547.545573863,28547.550429333,28547.556404607,0.07620799806318246,0.21075100084999576,0.2869589989131782,10.92947800134425,4.855470000620699,5.9752739980467595,22.047180998924887
0,37,28547.567690759333,28547.567802115,28547.567869005,28547.577277269,28547.577324519,28547.583435238,0.11135566819575615,0.06688999928883277,0.17824566748458892,9.40826399892103,0.04724999962490983,6.110719001299003,15.744478667329531
0,38,28547.601024092666,28547.601129455,28547.601192817,28547.610911316,28547.611128705,28547.617644667,0.10536233457969502,0.06336200021905825,0.16872433479875326,9.718498997244751,0.21738900250056759,6.515961998957209,16.62057433350128
0,39,28547.634357426,28547.634451102,28547.634537102,28547.644237619,28547.64446287,28547.651363547,0.0936760006879922,0.08600000001024455,0.17967600069823675,9.700516999146203,0.22525100212078542,6.900676999066491,17.006121001031715
0,40,28547.667690759332,28547.66778622,28547.667847082,28547.677795405,28547.678024943,28547.684643878,0.09546066939947195,0.060861999372718856,0.1563226687721908,9.94832300057169,0.2295379999850411,6.618935000005877,16.9531186693348
0,41,28547.701024092665,28547.701104319,28547.701147506,28547.710480695,28547.710701086,28547.717179936,0.08022633483051322,0.0431869993917644,0.12341333422227763,9.333189002063591,0.22039100076653995,6.478849998529768,16.155843335582176
0,42,28547.734357426,28547.734430772,28547.734648625,28547.745259322,28547.751728163,28547.757844354,0.07334600013564341,0.21785299759358168,0.2911989977292251,10.610697001538938,6.46884099842282,6.116191001638072,23.486927999329055
0,43,28547.767690759334,28547.76776265,28547.767801974,28547.777185627,28547.777465471,28547.784048786,0.07189066673163325,0.039324000681517646,0.11121466741315089,9.383652999531478,0.27984400003333576,6.583315000170842,16.358026667148806
0,44,28547.801024092667,28547.801096898,28547.801133064,28547.810714636,28547.810941711,28547.817499515,0.07280533463926986,0.03616599860833958,0.10897133324760944,9.581572001479799,0.22707499738316983,6.557804001204204,16.475422333314782
0,45,28547.834357426,28547.834430535,28547.834459193,28547.843799115,28547.844059616,28547.850676782,0.07310900036827661,0.02865799979190342,0.10176700016018003,9.339921998616774,0.260501001321245,6.617166000069119,16.319356000167318
0,46,28547.867690759333,28547.867759164,28547.867969748,28547.87840226,28547.885035972,28547.891121423,0.0684046681271866,0.21058399943285622,0.2789886675600428,10.432512000988936,6.633712000621017,6.085450997488806,23.430663666658802
0,47,28547.901024092665,28547.901138913,28547.901207034,28547.910600938,28547.910836736,28547.917303578,0.11482033369247802,0.06812100036768243,0.18294133406016044,9.393904001626652,0.23579799744766206,6.466842001827899,16.279485334962374
0,48,28547.934357426,28547.934437042,28547.934474163,28547.944012021,28547.944253374,28547.950572289,0.07961600203998387,0.037121000787010416,0.11673700282699428,9.537857997202082,0.24135300191119313,6.318914998701075,16.214863000641344
0,49,28547.967690759335,28547.967802264,28547.967863635,28547.977178964,28547.977408558,28547.983879186,0.1115046652557794,0.06137099990155548,0.17287566515733488,9.31532899994636,0.22959399939281866,6.470627999078715,16.18842666357523
0,50,28548.001024092668,28548.001102902,28548.001323792,28548.011742406,28548.0180672,28548.024098178,0.07880933117121458,0.22089000049163587,0.29969933166285045,10.418614001537208,6.324793997919187,6.030978001945186,23.07408533306443
0,51,28548.034357426,28548.0344658,28548.034530097,28548.043840481,28548.043888268,28548.050159609,0.10837399895535782,0.0642970007902477,0.1726709997456055,9.310384000855265,0.047786998038645834,6.271341000683606,15.802182999323122
0,52,28548.067690759333,28548.067769993,28548.067979727,28548.078430367,28548.084862403,28548.0911239,0.07923366501927376,0.20973400023649447,0.2889676652557682,10.45064000209095,6.432035999750951,6.261497001105454,23.433140668203123
0,53,28548.101024092666,28548.101151475,28548.101387087,28548.111763793,28548.118520914,28548.124765476,0.12738233272102661,0.23561200214317068,0.3629943348641973,10.376705999078695,6.757120998372557,6.24456200239365,23.7413833347091
0,54,28548.134357426,28548.134436464,28548.134474715,28548.143940499,28548.144206676,28548.150785102,0.07903799996711314,0.03825100066023879,0.11728900062735192,9.465784001804423,0.2661769976839423,6.578426000487525,16.427676000603242
0,55,28548.167690759332,28548.167806103,28548.167870307,28548.177219943,28548.177456619,28548.184105008,0.11534366785781458,0.0642039995000232,0.17954766735783778,9.349636002298212,0.236675998166902,6.648389000474708,16.41424866829766
0,56,28548.201024092665,28548.201104278,28548.20131752,28548.211912736,28548.21843492,28548.224568723,0.0801853348093573,0.2132420013367664,0.2934273361461237,10.595215997454943,6.522184001369169,6.133802999102045,23.54463033407228
0,57,28548.234357426,28548.234471787,28548.234538769,28548.243912284,28548.243966543,28548.250320532,0.11436099885031581,0.06698200013488531,0.18134299898520112,9.37351500033401,0.05425899871625006,6.353988999762805,15.963105997798266
0,58,28548.267690759334,28548.267771675,28548.267980926,28548.278444309,28548.285207698,28548.291483427,0.08091566633083858,0.20925100034219213,0.2901666666730307,10.463382997841109,6.763389003026532,6.275728999753483,23.792667667294154
0,59,28548.301024092667,28548.301132888,28548.301200073,28548.310584245,28548.310833274,28548.317419061,0.10879533147090115,0.06718500299029984,0.17598033446120098,9.384171997226076,0.24902900258894078,6.585786999494303,16.39496833377052
0,60,28548.334357426,28548.334442951,28548.334659767,28548.34510313,28548.351914445,28548.358329536,0.085525000031339,0.2168159990105778,0.3023409990419168,10.443363000376849,6.811315000959439,6.415091000235407,23.97211000061361
0,61,28548.367690759333,28548.367763606,28548.367804375,28548.377223417,28548.3774654,28548.384034381,0.07284666571649723,0.04076900222571567,0.1136156679422129,9.419041998626199,0.24198300161515363,6.56898099987302,16.343621668056585
0,62,28548.401024092665,28548.401093262,28548.401310485,28548.411752098,28548.418569894,28548.42492192,0.0691693348926492,0.21722299788962118,0.2863923327822704,10.4416130016034,6.817795998358633,6.352026000968181,23.897827333712485
0,63,28548.434357426,28548.434427621,28548.434635168,28548.444902873,28548.445137365,28548.451758401,0.07019500117166899,0.20754700017278083,0.2777420013444498,10.267705001751892,0.2344919994357042,6.621035998250591,17.400975000782637
0,64,28548.467690759335,28548.467759582,28548.467797758,28548.477494006,28548.477733849,28548.484628239,0.06882266461616382,0.038176000089151785,0.1069986647053156,9.696248002001084,0.23984299696167,6.8943900005251635,16.937479664193233
0,65,28548.501024092668,28548.501097737,28548.501312433,28548.511570684,28548.511807009,28548.518471083,0.07364433258771896,0.21469599960255437,0.28834033219027333,10.258251000777818,0.23632499869563617,6.664074000582332,17.44699033224606
0,66,28548.534357426,28548.534424744,28548.534462041,28548.543885176,28548.543935797,28548.550454508,0.0673180002195295,0.0372969989257399,0.1046149991452694,9.423135001270566,0.050620998081285506,6.518711001263,16.09708199976012
0,67,28548.567690759333,28548.567762076,28548.567991586,28548.578221717,28548.578464422,28548.585144227,0.07131666643545032,0.2295099984621629,0.3008266648976132,10.230131003481802,0.24270499852718785,6.679804999293992,17.453467666200595
0,68,28548.601024092666,28548.601092529,28548.601308696,28548.611774143,28548.618548393,28548.624790234,0.06843633309472352,0.21616700178128667,0.2846033348760102,10.465446997841354,6.774249999580206,6.241841001610737,23.76614133390831
0,69,28548.634357426,28548.634448472,28548.634531872,28548.644128378,28548.64437512,28548.651084953,0.0910460003069602,0.08340000204043463,0.17444600234739482,9.59650599907036,0.246741998125799,6.709833000059007,16.72752699960256
0,70,28548.667690759332,28548.66777787,28548.667829686,28548.677652027,28548.677894796,28548.684653417,0.08711066766409203,0.05181600135983899,0.13892666902393103,9.82234099865309,0.24276900148834102,6.75862099888036,16.962657668045722
0,71,28548.701024092665,28548.701096202,28548.701133425,28548.710436801,28548.710678265,28548.717687387,0.07210933472379111,0.03722299879882485,0.10933233352261595,9.303376002208097,0.2414640002825763,7.0091220004542265,16.663294336467516
0,72,28548.734357426,28548.734427452,28548.734461647,28548.743895709,28548.744154636,28548.751038201,0.07002599886618555,0.0341949998983182,0.10422099876450375,9.434062001673738,0.2589269970485475,6.883565001771785,16.680774999258574
0,73,28548.767690759334,28548.767760397,28548.76796824,28548.777701497,28548.777943192,28548.784974056,0.06963766645640135,0.20784300068044104,0.2774806671368424,9.73325700033456,0.2416949973849114,7.030864002445014,17.28329666730133
0,74,28548.801024092667,28548.801092821,28548.80112945,28548.810712227,28548.810954302,28548.817843016,0.06872833182569593,0.03662900053313933,0.10535733235883527,9.582777001924114,0.24207499882322736,6.888714000524487,16.818923333630664
0,75,28548.834357426,28548.834426339,28548.834636952,28548.844895999,28548.845125038,28548.851940223,0.06891299926792271,0.21061300139990635,0.27952600066782907,10.259046997816768,0.22903900025994517,6.81518500277889,17.58279700152343
0,76,28548.867690759333,28548.867756995,28548.867793792,28548.877434864,28548.877677421,28548.884855257,0.06623566878261045,0.03679699875647202,0.10303266753908247,9.641071999794804,0.24255699827335775,7.177836003393168,17.16449766900041
0,77,28548.901024092665,28548.901093495,28548.901307145,28548.91100092,28548.911245654,28548.918106459,0.0694023328833282,0.21365000065998174,0.28305233354330994,9.693775002233451,0.2447339975333307,6.860805002361303,17.082366335671395
0,78,28548.934357426,28548.934423902,28548.934458671,28548.94392876,28548.944169131,28548.950999762,0.06647600093856454,0.03476900019450113,0.10124500113306567,9.470089000387816,0.24037099865381606,6.8306310022308026,16.6423360024055
0,79,28548.967690759335,28548.967798438,28548.967864188,28548.977209517,28548.977452416,28548.984319797,0.10767866479000077,0.0657499986118637,0.17342866340186447,9.345329002826475,0.24289899738505483,6.867381001939066,16.62903766555246
0,80,28549.001024092668,28549.001137899,28549.00136677,28549.011785448,28549.018783227,28549.025322133,0.11380633077351376,0.22887100203661248,0.34267733281012625,10.418678000860382,6.997778997174464,6.5389060000597965,24.29804033090477
0,81,28549.034357426,28549.034433952,28549.034472239,28549.043798114,28549.04405281,28549.050810773,0.07652600106666796,0.03828699846053496,0.11481299952720292,9.325874998467043,0.2546960022300482,6.757962997653522,16.453346997877816
0,82,28549.067690759333,28549.067798561,28549.067864404,28549.077451068,28549.077705644,28549.084765525,0.10780166485346854,0.065843003540067,0.17364466839353554,9.586663996742573,0.25457599986111745,7.05988100162358,17.074765666620806
0,83,28549.101024092666,28549.101103235,28549.101317106,28549.111240522,28549.111483199,28549.11833533,0.07914233356132172,0.21387100059655495,0.29301333415787667,9.923416000674479,0.24267700064228848,6.852130998595385,17.31123733407003
0,84,28549.134357426,28549.134425826,28549.13463566,28549.145088153,28549.152193331,28549.15865444,0.0684000006003771,0.2098340009979438,0.2782340015983209,10.452492999320384,7.105177999619627,6.461109001975274,24.297014002513606
0,85,28549.167690759332,28549.167808092,28549.168066463,28549.178680661,28549.185418003,28549.191705973,0.11733266728697345,0.25837100110948086,0.3757036683964543,10.614197999530006,6.737341998814372,6.2879700017219875,24.01521366846282
0,86,28549.201024092665,28549.20113734,28549.201203017,28549.210696699,28549.210931487,28549.217783099,0.11324733350193128,0.06567700256709941,0.1789243360690307,9.493681998719694,0.2347879999433644,6.851612000900786,16.759006335632876
0,87,28549.234357426,28549.234436645,28549.234650017,28549.245203454,28549.251735408,28549.257949424,0.07921900032670237,0.21337199723348022,0.2925909975601826,10.553437001362909,6.531954000820406,6.21401600074023,23.591998000483727
0,88,28549.267690759334,28549.267803709,28549.267871044,28549.277371679,28549.277614152,28549.28418067,0.11294966679997742,0.06733500049449503,0.18028466729447246,9.500634998403257,0.2424730009806808,6.566518000909127,16.489910667587537
0,89,28549.301024092667,28549.30110256,28549.301141459,28549.310681845,28549.310930633,28549.317492355,0.0784673320595175,0.03889900108333677,0.11736633314285427,9.5403859995713,0.2487880010448862,6.561721998878056,16.468262332637096
0,90,28549.334357426,28549.334433856,28549.334652505,28549.344503542,28549.34475995,28549.351296523,0.07642999844392762,0.21864900190848857,0.2950790003524162,9.851037000771612,0.25640799867687747,6.536573000630597,16.939097000431502
0,91,28549.367690759333,28549.367802244,28549.368041006,28549.378015663,28549.378266654,28549.384879737,0.11148466728627682,0.23876200066297315,0.35024666794924997,9.974656997655984,0.2509910009393934,6.613083001866471,17.1889776684111
0,92,28549.401024092665,28549.401128679,28549.401354865,28549.411735136,28549.418365516,28549.424435178,0.10458633551024832,0.22618599905399606,0.3307723345642444,10.380271000030916,6.630380001297453,6.069661998481024,23.411085334373638
0,93,28549.434357426,28549.434434771,28549.434474317,28549.444066648,28549.444304418,28549.450870593,0.07734500104561448,0.0395460010622628,0.11689100210787728,9.592331000021659,0.2377700002398342,6.5661749977152795,16.51316700008465
0,94,28549.467690759335,28549.467798233,28549.467861771,28549.477304768,28549.47754038,28549.484121962,0.10747366468422115,0.06353800199576654,0.17101166667998768,9.442996997677255,0.23561200214317068,6.58158199803438,16.431202664534794
0,95,28549.501024092668,28549.501101714,28549.501311909,28549.511692921,28549.518565644,28549.524610974,0.07762133100186475,0.21019500127295032,0.28781633227481507,10.381012001744239,6.872722999105463,6.045329999324167,23.586881332448684
0,96,28549.534357426,28549.534425185,28549.534463074,28549.543947747,28549.544179767,28549.550701127,0.06775899964850396,0.03788899994106032,0.10564799958956428,9.484672998951282,0.232020000112243,6.521359999169363,16.343700997822452
0,97,28549.567690759333,28549.567762009,28549.56796663,28549.577925093,28549.578168771,28549.584972141,0.07124966577976011,0.2046209992840886,0.2758706650638487,9.958463000657503,0.24367800142499618,6.803370000852738,17.281381667999085
0,98,28549.601024092666,28549.601092962,28549.601130758,28549.610651052,28549.610884784,28549.617286505,0.06886933260830119,0.037796002288814634,0.10666533489711583,9.52029399923049,0.2337320001970511,6.401720998837845,16.2624123331625
0,99,28549.634357426,28549.634442656,28549.634513082,28549.644452405,28549.644696842,28549.651162323,0.08522999996785074,0.0704260019119829,0.15565600187983364,9.939322997524869,0.24443700021947734,6.465481001214357,16.804897000838537
0,100,28549.667690759332,28549.667778692,28549.667835174,28549.677659978,28549.677899905,28549.684636526,0.0879326689755544,0.05648200021823868,0.1444146691937931,9.824803997616982,0.23992700153030455,6.736620998708531,16.94576666704961
0,101,28549.701024092665,28549.701099246,28549.701138442,28549.710449715,28549.710693133,28549.717491865,0.07515333345509134,0.03919600203516893,0.11434933549026027,9.311272999184439,0.24341800235561095,6.798731999879237,16.467772336909547
0,102,28549.734357426,28549.734428948,28549.734464818,28549.743914047,28549.74414953,28549.750703575,0.07152199759730138,0.035870001738658175,0.10739199933595955,9.449229000892956,0.2354829994146712,6.554044997756137,16.346148997399723
0,103,28549.767690759334,28549.767760418,28549.767978346,28549.778236939,28549.778485719,28549.785162588,0.06965866487007588,0.2179280018026475,0.28758666667272337,10.258592999889515,0.2487800011294894,6.676868997601559,17.471828665293287
0,104,28549.801024092667,28549.801287473,28549.801353131,28549.810826942,28549.811064786,28549.81748872,0.2633803342177998,0.06565799776581116,0.329038331983611,9.473811001953436,0.23784400036674924,6.423933999030851,16.464627333334647
0,105,28549.834357426,28549.834439627,28549.834657768,28549.844330645,28549.844596869,28549.851204609,0.08220100062317215,0.2181409981858451,0.30034199880901724,9.672877000411972,0.26622400037012994,6.607740000617923,16.847183000209043
0,106,28549.867690759333,28549.867963831,28549.868044377,28549.877380613,28549.877631883,28549.884055539,0.2730716660153121,0.08054600039031357,0.35361766640562564,9.336236002127407,0.2512699975341093,6.423656002880307,16.36477966894745
0,107,28549.901024092665,28549.901304939,28549.901554626,28549.911782571,28549.912032323,28549.91860909,0.28084633595426567,0.24968700017780066,0.5305333361320663,10.227944996586302,0.24975200358312577,6.576766998477979,17.584997334779473
0,108,28549.934357426,28549.934434557,28549.934647928,28549.945049485,28549.945300061,28549.951796337,0.07713100058026612,0.21337100042728707,0.2905020010075532,10.401556999568129,0.25057600214495324,6.4962760006892495,17.438911003409885
0,109,28549.967690759335,28549.967983797,28549.968063872,28549.977420267,28549.977666082,28549.984478204,0.2930376649601385,0.08007499855011702,0.3731126635102555,9.356395003123907,0.24581499747000635,6.81212200288428,16.78744466698845
0,110,28550.001024092668,28550.001304288,28550.001365343,28550.010688997,28550.010926387,28550.017461914,0.28019533056067303,0.061055001424392685,0.3412503319850657,9.323654001491377,0.23738999880151823,6.535527001688024,16.437821333965985
0,111,28550.034357426,28550.034437379,28550.034649935,28550.044973881,28550.045237762,28550.051679039,0.0799529989308212,0.21255600222502835,0.29250900115584955,10.323945996788098,0.2638810001371894,6.441277000703849,17.321612998784985
0,112,28550.067690759333,28550.067967564,28550.068291917,28550.078547706,28550.085095899,28550.091270174,0.2768046651908662,0.3243530009058304,0.6011576660966966,10.255789002258098,6.548192999616731,6.174275000375928,23.579414668347454
0,113,28550.101024092666,28550.101294989,28550.101355545,28550.110696329,28550.110932691,28550.11747181,0.2708963329496328,0.06055600169929676,0.33145233464892954,9.34078399950522,0.2363620005780831,6.539119000080973,16.447717334813206
0,114,28550.134357426,28550.134435923,28550.134647109,28550.145053426,28550.151615166,28550.157782098,0.07849699977668934,0.21118600125191733,0.28968300102860667,10.406317000160925,6.561739999597194,6.166931998450309,23.424671999237034
0,115,28550.167690759332,28550.167796052,28550.167858987,28550.177271308,28550.1775383,28550.184046595,0.10529266728553921,0.06293499973253347,0.16822766701807268,9.412321000127122,0.26699199952417985,6.508295002277009,16.355835668946384
0,116,28550.201024092665,28550.201154338,28550.201385265,28550.211619701,28550.211852194,28550.218260636,0.13024533473071642,0.23092700212146156,0.361172336852178,10.234435998427216,0.23249299920280464,6.408442000974901,17.2365433354571
0,117,28550.234357426,28550.23443406,28550.234643505,28550.244945266,28550.24518185,28550.251580987,0.07663399810553528,0.2094449992000591,0.2860789973055944,10.301761001755949,0.23658400095882826,6.39913699706085,17.223560997081222
0,118,28550.267690759334,28550.267760059,28550.267797605,28550.277216611,28550.277453983,28550.28390038,0.06929966548341326,0.03754600038519129,0.10684566586860456,9.419006000825902,0.23737199808238074,6.44639700112748,16.209620665904367
0,119,28550.301024092667,28550.301093428,28550.301304402,28550.311518579,28550.311747487,28550.318798822,0.06933533222763799,0.21097400167491287,0.28030933390255086,10.214177000307245,0.2289080002810806,7.051335000141989,17.774729334632866
0,120,28550.334357426,28550.334427029,28550.334636604,28550.344971494,28550.345217245,28550.351750096,0.06960300015634857,0.20957499873475172,0.2791779988911003,10.334890001104213,0.2457510017848108,6.532850999064976,17.3926700008451
0,121,28550.367690759333,28550.367800444,28550.368044223,28550.378286965,28550.378430298,28550.384834778,0.10968466813210398,0.24377899899263866,0.35346366712474264,10.242741998808924,0.14333299986901693,6.404480001947377,17.14401866775006
0,122,28550.401024092665,28550.401131988,28550.401190321,28550.410529651,28550.410765772,28550.417521031,0.10789533553179353,0.05833300019730814,0.16622833572910167,9.339329997601453,0.2361210026720073,6.7552589971455745,16.496938333148137
0,123,28550.434357426,28550.434434207,28550.434647589,28550.444291308,28550.444535559,28550.451202179,0.07678100155317225,0.21338200167519972,0.29016300322837196,9.643718996812822,0.24425100127700716,6.666620000032708,16.84475300135091
0,124,28550.467690759335,28550.46775841,28550.467963346,28550.478162457,28550.478392282,28550.485358877,0.06765066427760758,0.20493600095505826,0.27258666523266584,10.19911099865567,0.22982500013313256,6.966594999539666,17.668117663561134
0,125,28550.501024092668,28550.501091824,28550.501322474,28550.51164403,28550.518521133,28550.52479588,0.06773133281967603,0.23064999913913198,0.298381331958808,10.321556001144927,6.877102998259943,6.274747000134084,23.771787331497762
0,126,28550.534357426,28550.534424239,28550.534462137,28550.543781123,28550.543833096,28550.550293224,0.06681299782940187,0.037898000300629064,0.10471099813003093,9.318986001744634,0.051972998335259035,6.460128002800047,15.935798001009971
0,127,28550.567690759333,28550.567762393,28550.56797132,28550.578287601,28550.58538802,28550.591814703,0.07163366535678506,0.20892700194963254,0.2805606673064176,10.316281000996241,7.100418999471003,6.426682997698663,24.123943665472325
0,128,28550.601024092666,28550.601091857,28550.601153097,28550.610953318,28550.617480271,28550.623518675,0.06776433292543516,0.06123999992269091,0.12900433284812607,9.800220999750309,6.526953002321534,6.038403997081332,22.4945823320013
0,129,28550.634357426,28550.634662709,28550.634884071,28550.645144489,28550.645386722,28550.651983619,0.3052829997614026,0.22136200277600437,0.526645002537407,10.26041799923405,0.24223299988079816,6.596896997507429,17.626192999159684
0,130,28550.667690759332,28550.667775735,28550.667830179,28550.677424038,28550.677671854,28550.684278928,0.08497566886944696,0.0544440008525271,0.13941966972197406,9.593858998414362,0.2478159985912498,6.6070740031136665,16.588168669841252
0,131,28550.701024092665,28550.701099474,28550.701141531,28550.710409202,28550.710457563,28550.717001831,0.0753813365008682,0.04205699951853603,0.11743833601940423,9.267671000998234,0.048360998334828764,6.544267998833675,15.977738334186142
0,132,28550.734357426,28550.734429159,28550.734463363,28550.743714053,28550.743761479,28550.750141607,0.0717330003681127,0.03420399661990814,0.10593699698802084,9.250690000044415,0.04742600140161812,6.380128001183039,15.784180999617092
0,133,28550.767690759334,28550.767958595,28550.768190541,28550.779243342,28550.77929712,28550.785134856,0.26783566499943845,0.23194599998532794,0.4997816649847664,11.05280100091477,0.053777999710291624,5.8377360001031775,17.444096665713005
0,134,28550.801024092667,28550.801117843,28550.801161047,28550.810543896,28550.810778498,28550.817459554,0.0937503318709787,0.04320399966672994,0.13695433153770864,9.382849002577132,0.23460199736291543,6.681056001980323,16.43546133345808
0,135,28550.834357426,28550.834432732,28550.83464401,28550.845674626,28550.852042301,28550.858116047,0.07530600123573095,0.21127799845999107,0.286583999695722,11.030616002244642,6.367674999637529,6.073745997127844,23.758620998705737
0,136,28550.867690759333,28550.867954879,28550.86803463,28550.877399127,28550.877476849,28550.883795227,0.26411966609884985,0.07975100015755743,0.3438706662564073,9.364497000206029,0.07772200115141459,6.318378000287339,16.10446766790119
0,137,28550.901024092665,28550.901327444,28550.901590936,28550.911798715,28550.912049003,28550.918453983,0.3033513348782435,0.2634919983393047,0.5668433332175482,10.207778999756556,0.2502880015526898,6.404979998478666,17.42989033300546
0,138,28550.934357426,28550.934434025,28550.934647444,28550.945001714,28550.945247576,28550.951670834,0.07659900074941106,0.21341899991966784,0.2900180006690789,10.354270001698751,0.24586200015619397,6.4232580007228535,17.313408003246877
0,139,28550.967690759335,28550.967965248,28550.968049711,28550.977397967,28550.977641839,28550.984030744,0.2744886660366319,0.08446299761999398,0.3589516636566259,9.34825600052136,0.24387200028286316,6.3889049997669645,16.339984664227813
0,140,28551.001024092668,28551.001311618,28551.001371766,28551.010693401,28551.010935106,28551.017460596,0.2875253339880146,0.060147998738102615,0.3476733327261172,9.321634999650996,0.2417049981886521,6.525490000058198,16.436503330623964
0,141,28551.034357426,28551.03443557,28551.034488987,28551.044331476,28551.050550168,28551.05628119,0.07814399941707961,0.053416999435285106,0.13156099885236472,9.842489002039656,6.2186920004023705,5.731021999963559,21.92376400125795
0,142,28551.067690759333,28551.067964543,28551.068201155,28551.078520554,28551.078772472,28551.085416675,0.2737836657615844,0.23661200248170644,0.5103956682432909,10.319398999854457,0.25191799795720726,6.644203000178095,17.72591566623305
0,143,28551.101024092666,28551.101308716,28551.1013743,28551.110720611,28551.110958538,28551.117391239,0.2846233328455128,0.06558400127687491,0.3502073341223877,9.346310998807894,0.23792700085323304,6.432701000449015,16.36714633423253
0,144,28551.134357426,28551.134437519,28551.13447413,28551.143744385,28551.144019024,28551.150382866,0.0800929992692545,0.03661100345198065,0.11670400272123516,9.27025499913725,0.27463899823487736,6.363841999700526,16.02543999979389
0,145,28551.167690759332,28551.167959174,28551.168198769,28551.178571076,28551.185232511,28551.191247497,0.26841466751648113,0.23959499958436936,0.5080096671008505,10.372307002398884,6.661434999841731,6.01498600008199,23.556737669423455
0,146,28551.201024092665,28551.201306543,28551.201536202,28551.211816073,28551.212048889,28551.218481165,0.28245033536222763,0.22965899916016497,0.5121093345223926,10.279870999511331,0.23281600078917108,6.432276000850834,17.45707233567373
0,147,28551.234357426,28551.234434308,28551.234647292,28551.245018098,28551.251607977,28551.257839604,0.07688199912081473,0.21298399951774627,0.289865998638561,10.370806001446908,6.58987899805652,6.23162700139801,23.48217799954
0,148,28551.267690759334,28551.267971808,28551.268071021,28551.277413138,28551.277662537,28551.28420585,0.2810486657836009,0.09921300079440698,0.38026166657800786,9.342116998595884,0.24939899958553724,6.543313000292983,16.515090665052412
0,149,28551.301024092667,28551.30131638,28551.301555937,28551.311926475,28551.318399557,28551.324323183,0.29228733183117583,0.2395570008957293,0.5318443327269051,10.370537998824148,6.473082001321018,5.923625998548232,23.299090331420302
0,150,28551.334357426,28551.334434664,28551.334647268,28551.345033927,28551.351876409,28551.358027961,0.0772380008129403,0.2126039980794303,0.2898419988923706,10.386658999777865,6.842482001957251,6.151551999209914,23.6705349998374
0,151,28551.367690759333,28551.367972692,28551.368054628,28551.377452523,28551.377695311,28551.384464607,0.2819326691678725,0.08193599933292717,0.3638686685007997,9.397894998983247,0.24278799901367165,6.769296000129543,16.773847666627262
0,152,28551.401024092665,28551.401310339,28551.401544147,28551.411859334,28551.412087446,28551.418541056,0.2862463334167842,0.23380800121231005,0.5200543346290942,10.31518699892331,0.22811199960415252,6.4536099998804275,17.516963333036983
0,153,28551.434357426,28551.434433588,28551.434641848,28551.444951081,28551.445206166,28551.451509839,0.0761620030971244,0.20826000036322512,0.2844220034603495,10.30923299913411,0.2550850003899541,6.30367299891077,17.152413001895184
0,154,28551.467690759335,28551.467981005,28551.468055024,28551.477445058,28551.477720031,28551.484604421,0.2902456653828267,0.07401900074910372,0.3642646661319304,9.390033999807201,0.27497300106915645,6.884389997139806,16.913661664148094
0,155,28551.501024092668,28551.501308754,28551.501371922,28551.510670278,28551.510911816,28551.517608427,0.28466133153415285,0.06316800136119127,0.3478293328953441,9.298355998907937,0.24153800040949136,6.696610998915276,16.584334331128048
0,156,28551.534357426,28551.534436243,28551.534655364,28551.544382261,28551.544639114,28551.551113243,0.07881700003053993,0.21912100055487826,0.2979380005854182,9.726896998472512,0.25685299988253973,6.474129000707762,16.755816999648232
0,157,28551.567690759333,28551.567966484,28551.568206958,28551.578476737,28551.578759479,28551.585348803,0.2757246656983625,0.24047400074778125,0.5161986664461438,10.2697789989179,0.2827420030371286,6.589323998923646,17.65804366732482
0,158,28551.601024092666,28551.601304604,28551.601538939,28551.611183918,28551.611423447,28551.618215152,0.28051133267581463,0.23433500246028416,0.5148463351360988,9.644978999858722,0.2395289993728511,6.7917050000687595,17.19105933443643
0,159,28551.634357426,28551.634446296,28551.634507075,28551.644096425,28551.644239425,28551.650979906,0.0888700014911592,0.06077899888623506,0.14964900037739426,9.589350000169361,0.1430000011168886,6.740480999724241,16.622480001387885
0,160,28551.667690759332,28551.667780046,28551.667856944,28551.678061094,28551.684252887,28551.690537005,0.08928666647989303,0.07689800258958712,0.16618466906948015,10.20414999948116,6.191792999743484,6.284118000621675,22.8462456689158
0,161,28551.701024092665,28551.701131656,28551.701190175,28551.71047068,28551.710522365,28551.716955447,0.10756333358585835,0.05851900277775712,0.16608233636361547,9.280504997150274,0.05168500138097443,6.433081998693524,15.931354333588388
0,162,28551.734357426,28551.734437672,28551.735145102,28551.744548589,28551.750843013,28551.757241548,0.08024599810596555,0.7074300010572188,0.7876759991631843,9.403486998053268,6.294424001680454,6.398534998879768,22.884121997776674
0,163,28551.767690759334,28551.76796106,28551.768198728,28551.77781541,28551.778072727,28551.784871273,0.2703006648516748,0.23766800222801976,0.5079686670796946,9.616682000341825,0.25731699861353263,6.798546000936767,17.18051366697182
0,164,28551.801024092667,28551.801305873,28551.80136978,28551.810731906,28551.810955694,28551.817562999,0.28178033244330436,0.06390700218616985,0.3456873346294742,9.36212599845021,0.2237879998574499,6.607305000216002,16.538906333153136
0,165,28551.834357426,28551.834435712,28551.83464851,28551.844954242,28551.845204374,28551.851787836,0.07828600064385682,0.2127980005752761,0.2910840012191329,10.305731997505063,0.2501320013834629,6.5834619999805,17.43041000008816
0,166,28551.867690759333,28551.867952915,28551.868038647,28551.877336874,28551.877566523,28551.884230523,0.2621556668600533,0.08573200102546252,0.34788766788551584,9.298226999817416,0.22964899835642427,6.664000000455417,16.539763666514773
0,167,28551.901024092665,28551.901328135,28551.901577452,28551.911847137,28551.912069445,28551.918688055,0.3040423362108413,0.2493169995432254,0.5533593357540667,10.269684997183504,0.22230800095712766,6.618610001169145,17.663962335063843
0,168,28551.934357426,28551.934432725,28551.934641892,28551.944297343,28551.94435228,28551.950746222,0.0752990017645061,0.20916699941153638,0.2844660011760425,9.65545100189047,0.05493699791259132,6.393941999704111,16.388796000683215
0,169,28551.967690759335,28551.967970854,28551.96824606,28551.978495533,28551.978646164,28551.985049393,0.280094664049102,0.27520600269781426,0.5553006667469162,10.249472998111742,0.15063099999679253,6.403228999261046,17.358633664116496
0,170,28552.001024092668,28552.0012894,28552.001352002,28552.010643609,28552.010690702,28552.017101348,0.26530733157414943,0.06260200098040514,0.32790933255455457,9.291606998885982,0.04709300264948979,6.410645997675601,16.077255331765627
0,171,28552.034357426,28552.03443575,28552.034490954,28552.043732459,28552.043955812,28552.050661025,0.0783239993324969,0.055204000091180205,0.1335279994236771,9.241504998499295,0.22335300309350714,6.705212999804644,16.303599000821123
0,172,28552.067690759333,28552.067992436,28552.068255622,28552.078466586,28552.078740902,28552.085765691,0.3016766677319538,0.2631860006658826,0.5648626683978364,10.210963999270461,0.2743160002864897,7.024788999842713,18.0749316677975
0,173,28552.101024092666,28552.101296898,28552.101524992,28552.111729038,28552.111952141,28552.118625762,0.2728053332248237,0.22809399888501503,0.5008993321098387,10.204046000581002,0.2231030011898838,6.6736209992086515,17.601669333089376
0,174,28552.134357426,28552.134432137,28552.134642832,28552.145010103,28552.151989289,28552.158319547,0.07471100252587348,0.2106949978042394,0.2854060003301129,10.36727099926793,6.979186000535265,6.330258001980837,23.962121002114145
0,175,28552.167690759332,28552.167959647,28552.168206573,28552.178547621,28552.18515327,28552.190986292,0.2688876666070428,0.24692599981790408,0.5158136664249469,10.34104800055502,6.605648999538971,5.833022001752397,23.295532668271335
0,176,28552.201024092665,28552.201326007,28552.20138847,28552.210713809,28552.210944792,28552.217411225,0.3019143368874211,0.06246299744816497,0.36437733433558606,9.325339000497479,0.23098300152923912,6.466432998422533,16.387132334784837
0,177,28552.234357426,28552.234436376,28552.234649099,28552.245023499,28552.251662378,28552.257721958,0.07894999725976959,0.2127230000041891,0.2916729972639587,10.374400000728201,6.638879000092857,6.059580002329312,23.36453200041433
0,178,28552.267690759334,28552.267958265,28552.268038033,28552.277443224,28552.277686068,28552.28413378,0.26750566757982597,0.07976799679454416,0.34727366437437013,9.405191001860658,0.24284399842144921,6.447711999499006,16.443020664155483
0,179,28552.301024092667,28552.30131994,28552.301384727,28552.310656065,28552.310894955,28552.317528039,0.29584733420051634,0.06478700015577488,0.3606343343562912,9.27133799996227,0.23888999930932187,6.633083998167422,16.503946331795305
0,180,28552.334357426,28552.334436576,28552.334649754,28552.344937792,28552.345193507,28552.351704339,0.07914999878266826,0.21317800201359205,0.2923280007962603,10.288037999998778,0.25571500009391457,6.510831997729838,17.34691299861879
0,181,28552.367690759333,28552.367961049,28552.368041967,28552.377445491,28552.377702242,28552.384219398,0.27028966724174097,0.08091800191323273,0.3512076691549737,9.403523999935715,0.2567509982327465,6.517156001791591,16.528638669115026
0,182,28552.401024092665,28552.401335947,28552.401569976,28552.411845032,28552.412074349,28552.418536792,0.3118543354503345,0.23402899751090445,0.5458833329612389,10.27505599995493,0.2293170000484679,6.46244300151011,17.512699334474746
0,183,28552.434357426,28552.434435269,28552.434472519,28552.443788673,28552.443839321,28552.45030956,0.07784300032653846,0.03724999987753108,0.11509300020406954,9.316154002590338,0.05064799915999174,6.470239000918809,15.952134002873208
0,184,28552.467690759335,28552.467959851,28552.468199446,28552.478457659,28552.478709808,28552.48538203,0.26909166626865044,0.23959499958436936,0.5086866658530198,10.2582129984512,0.25214900233549997,6.672221999906469,17.69127066654619
0,185,28552.501024092668,28552.501327433,28552.501564046,28552.511918075,28552.518505138,28552.524301189,0.30334033363033086,0.23661299928789958,0.5399533329182304,10.354029000154696,6.587062998733018,5.796051002107561,23.277096333913505
0,186,28552.534357426,28552.534434124,28552.534471818,28552.543770407,28552.544021279,28552.550527851,0.07669800106668845,0.03769399700104259,0.11439199806773104,9.298589000536595,0.25087200265261345,6.50657199730631,16.17042499856325
0,187,28552.567690759333,28552.567965549,28552.568237245,28552.578510051,28552.578754053,28552.585348894,0.27478966512717307,0.2716960007091984,0.5464856658363715,10.272806001012214,0.24400199981755577,6.5948410010605585,17.6581346677267
0,188,28552.601024092666,28552.601308223,28552.601543289,28552.611787956,28552.612031106,28552.618540864,0.28413033214746974,0.23506600336986594,0.5191963355173357,10.244666998914909,0.24314999973285012,6.509758000902366,17.51677133506746
0,189,28552.634357426,28552.634441933,28552.634486673,28552.644065634,28552.644314885,28552.65021213,0.08450700261164457,0.04473999797482975,0.12924700058647431,9.578960998624098,0.24925100296968594,5.897244998777751,15.854704000958009
0,190,28552.667690759332,28552.667835681,28552.668056024,28552.678277683,28552.678505813,28552.686860507,0.1449216688342858,0.22034299763618037,0.3652646664704662,10.221659002127126,0.22813000032329,8.354694000445306,19.16974766936619
0,191,28552.701024092665,28552.701108299,28552.701214392,28552.711241411,28552.711369179,28552.717163092,0.08420633457717486,0.10609300079522654,0.1902993353724014,10.027019001427107,0.12776799849234521,5.793912998342421,16.138999333634274
0,192,28552.734357426,28552.734451539,28552.734503104,28552.743781739,28552.744037231,28552.749945986,0.09411299834027886,0.0515649990120437,0.14567799735232256,9.278634999645874,0.25549200290697627,5.908754999836674,15.588559999741847
0,193,28552.767690759334,28552.767764454,28552.767970966,28552.777960724,28552.783526459,28552.788803785,0.07369466766249388,0.20651199884014204,0.2802066665026359,9.989758000301663,5.56573499852675,5.277325999486493,21.113025664817542
0,194,28552.801024092667,28552.801090843,28552.801127779,28552.810376996,28552.810615905,28552.816868283,0.06675033364444971,0.03693599865073338,0.10368633229518309,9.249217000615317,0.2389090004726313,6.252377999771852,15.844190333154984
0,195,28552.834357426,28552.834426536,28552.834633696,28552.844699075,28552.850296976,28552.855539515,0.06910999945830554,0.20715999926324002,0.27626999872154556,10.065379003208363,5.5979009994189255,5.242538998572854,21.18208899992169
0,196,28552.867690759333,28552.867962028,28552.868042862,28552.877317089,28552.877551006,28552.883528161,0.2712686691666022,0.08083399734459817,0.35210266651120037,9.274227002606494,0.23391699869534932,5.977155000437051,15.837401668250095
0,197,28552.901024092665,28552.901308796,28552.901548538,28552.911473343,28552.917109402,28552.922473413,0.28470333563745953,0.23974199939402752,0.524445335031487,9.92480499917292,5.63605899878894,5.364011001802282,21.44932033479563
0,198,28552.934357426,28552.934433506,28552.934470535,28552.943719966,28552.943970847,28552.949930778,0.07608000305481255,0.037028999940957874,0.11310900299577042,9.249430997442687,0.2508810030121822,5.959930997050833,15.573352000501473
0,199,28552.967690759335,28552.967962775,28552.968230333,28552.978262823,28552.983791678,28552.989385061,0.27201566626899876,0.267557999904966,0.5395736661739647,10.032489997684024,5.528855002921773,5.593382997176377,21.69430166395614
0,200,28553.001024092668,28553.001301626,28553.00136522,28553.010712743,28553.01078392,28553.016823907,0.27753333415603265,0.06359399776556529,0.34112733192159794,9.347522998723434,0.07117700079106726,6.039987001713598,15.799814333149698
0,201,28553.034357426,28553.034435078,28553.034642533,28553.044671219,28553.049909165,28553.055211768,0.07765199916320853,0.20745499932672828,0.2851069984899368,10.028685999714071,5.2379460030351765,5.30260300001828,20.854342001257464
0,202,28553.067690759333,28553.067956505,28553.068037645,28553.077371473,28553.077602835,28553.083746526,0.2657456680026371,0.08113999865599908,0.3468856666586362,9.333827998489141,0.23136200252338313,6.1436910000338685,16.05576666770503
0,203,28553.101024092666,28553.101317475,28553.101562986,28553.111503911,28553.117110627,28553.122550999,0.29338233434828,0.24551100068492815,0.5388933350332081,9.940924999682466,5.60671600032947,5.440371998702176,21.52690633374732
0,204,28553.134357426,28553.134435101,28553.134643547,28553.144927178,28553.151104119,28553.156751029,0.07767500210320577,0.2084459993056953,0.28612100140890107,10.283630999765592,6.1769409985572565,5.646910001814831,22.39360300154658
0,205,28553.167690759332,28553.167951711,28553.168172601,28553.178123851,28553.183398426,28553.189002697,0.2609516668599099,0.22089000049163587,0.48184166735154577,9.951250001904555,5.274574999930337,5.6042709984467365,21.311937667633174
0,206,28553.201024092665,28553.201282626,28553.201519775,28553.211704443,28553.211934185,28553.217908931,0.2585333349998109,0.23714900089544244,0.49568233589525335,10.184668000874808,0.22974199964664876,5.974745999992592,16.884838336409302
0,207,28553.234357426,28553.234432743,28553.234641068,28553.244981468,28553.251255669,28553.257080377,0.07531699884566478,0.20832500013057142,0.2836419989762362,10.340400000131922,6.27420100136078,5.824707997817313,22.72295099828625
0,208,28553.267690759334,28553.267979585,28553.268061151,28553.277350785,28553.277628378,28553.283632819,0.2888256676669698,0.0815659986983519,0.3703916663653217,9.289633999287616,0.27759300064644776,6.0044409983675,15.942059664666886
0,209,28553.301024092667,28553.301302092,28553.301546612,28553.311464546,28553.317421431,28553.322989906,0.27799933377536945,0.24452000070596114,0.5225193344813306,9.91793399953167,5.956884997431189,5.568475000472972,21.96581333191716
0,210,28553.334357426,28553.334434062,28553.334642017,28553.345005935,28553.351275359,28553.356796,0.07663599899387918,0.20795499949599616,0.28459099848987535,10.363918001530692,6.269424000493018,5.520640999748139,22.438574000261724
0,211,28553.367690759333,28553.367950812,28553.368180054,28553.378168868,28553.384070632,28553.389803442,0.2600526677269954,0.2292419994773809,0.4892946672043763,9.988813999370905,5.901764001464471,5.732810001063626,22.11268266910338
0,212,28553.401024092665,28553.401309875,28553.401564544,28553.41113856,28553.411379506,28553.417611726,0.2857823346857913,0.25466900115134194,0.5404513358371332,9.574015999533003,0.24094599939417094,6.232219999219524,16.58763333398383
0,213,28553.434357426,28553.434434855,28553.434473245,28553.443840342,28553.44410778,28553.450339906,0.07742900197627023,0.03839000055450015,0.11581900253077038,9.367096998175839,0.26743800117401406,6.232126001123106,15.98248000300373
0,214,28553.467690759335,28553.467967161,28553.468226135,28553.477837244,28553.478073078,28553.484198048,0.2764016644505318,0.2589739997347351,0.5353756641852669,9.611109002435114,0.23583399888593704,6.124970001110341,16.50728866661666
0,215,28553.501024092668,28553.501291679,28553.5014203,28553.511437698,28553.511667375,28553.517944586,0.2675863324839156,0.12862099902122281,0.3962073315051384,10.017397999035893,0.22967700351728126,6.277210999542149,16.92049333360046
0,216,28553.534357426,28553.534437751,28553.53465203,28553.544950059,28553.545195718,28553.551614976,0.08032500045374036,0.21427899991977029,0.29460400037351064,10.298028999386588,0.24565900093875825,6.41925799936871,17.257550000067567
0,217,28553.567690759333,28553.567957539,28553.568034983,28553.577523453,28553.577792417,28553.584477574,0.26677966525312513,0.07744400136289187,0.344223666616017,9.48847000108799,0.2689639986783732,6.685157000902109,16.78681466728449
0,218,28553.601024092666,28553.601321881,28553.601557483,28553.611868596,28553.612097126,28553.618464374,0.29778833413729444,0.23560200133943,0.5333903354767244,10.311112997442251,0.22852999973110855,6.367248002788983,17.440281335439067
0,219,28553.634357426,28553.634443888,28553.634529268,28553.644148461,28553.644392166,28553.650942544,0.08646200149087235,0.08538000111002475,0.1718420026008971,9.619192998798098,0.2437049988657236,6.5503780024300795,16.5851180026948
0,220,28553.667690759332,28553.667800063,28553.667910443,28553.678192583,28553.683837698,28553.689903028,0.10930366988759488,0.11037999865948223,0.2196836685470771,10.282139999617357,5.645115001243539,6.065329998818925,22.212268668226898
0,221,28553.701024092665,28553.701099581,28553.701163952,28553.710977135,28553.71756096,28553.723639307,0.07548833673354238,0.06437099727918394,0.13985933401272632,9.813183001824655,6.58382500114385,6.078346999856876,22.615214336838108
0,222,28553.734357426,28553.734459655,28553.734690711,28553.745001731,28553.745240316,28553.751690018,0.10222899800282903,0.23105600121198222,0.33328499921481125,10.311019999790005,0.2385849984420929,6.449702003010316,17.332592000457225
0,223,28553.767690759334,28553.767764616,28553.768072923,28553.778400573,28553.785030897,28553.791145468,0.07385666685877368,0.30830700052320026,0.38216366738197394,10.32764999763458,6.630324001889676,6.114570998761337,23.454708665667567
0,224,28553.801024092667,28553.801291404,28553.801355867,28553.810748234,28553.810988281,28553.817737365,0.26731133402790874,0.06446299812523648,0.3317743321531452,9.392366999236401,0.24004700026125647,6.749084001057781,16.713272332708584
0,225,28553.834357426,28553.834436734,28553.834652931,28553.844972321,28553.845221312,28553.851690171,0.07930799984023906,0.21619700055452995,0.295505000394769,10.319389999494888,0.2489910002623219,6.468858999141958,17.332744999293936
0,226,28553.867690759333,28553.867957419,28553.868039151,28553.877376118,28553.877625083,28553.884203591,0.2666596665221732,0.0817319996713195,0.3483916661934927,9.33696699939901,0.24896500326576643,6.578507996891858,16.512831665750127
0,227,28553.901024092665,28553.90135963,28553.901602576,28553.911860716,28553.911941549,28553.91843777,0.33553733373992145,0.24294600007124245,0.5784833338111639,10.258140002406435,0.08083299690042622,6.496221001725644,17.41367733484367
0,228,28553.934357426,28553.934434719,28553.934651072,28553.945057759,28553.951350673,28553.957422669,0.07729300341452472,0.21635299708577804,0.29364600050030276,10.4066870007955,6.29291400036891,6.071995998354396,23.06524300001911
0,229,28553.967690759335,28553.967970431,28553.9680712,28553.97765129,28553.977890819,28553.983556766,0.279671665339265,0.10076900070998818,0.3804406660492532,9.580089998053154,0.2395289993728511,5.6659470028535,15.866006666328758
0,230,28554.001024092668,28554.001290558,28554.001991275,28554.011334688,28554.017100376,28554.022485064,0.266465332970256,0.7007169988355599,0.9671823318058159,9.34341299944208,5.765688001702074,5.384688000049209,21.46097133299918
0,231,28554.034357426,28554.034435722,28554.034644056,28554.044835353,28554.045085003,28554.050788839,0.07829599780961871,0.20833400049014017,0.2866299982997589,10.191297002165811,0.24964999829535373,5.703835999156581,16.431412997917505
0,232,28554.067690759333,28554.067961591,28554.068042443,28554.077372727,28554.077616283,28554.083330667,0.2708316678763367,0.08085199806373566,0.3516836659400724,9.330283999588573,0.24355600180570036,5.714383998565609,15.639907665899955
0,233,28554.101024092666,28554.101309979,28554.101373053,28554.110644356,28554.110875375,28554.11687826,0.2858863335859496,0.06307399962679483,0.34896033321274444,9.271302998968167,0.2310190029675141,6.002884998451918,15.854167333600344
0,234,28554.134357426,28554.134435496,28554.134726164,28554.145073591,28554.150960337,28554.156161552,0.07806999929016456,0.2906680019805208,0.36873800127068534,10.3474269999424,5.886745999305276,5.201215000852244,21.804126001370605
0,235,28554.167690759332,28554.168023237,28554.168268396,28554.17845436,28554.178690278,28554.184690348,0.3324776698718779,0.24515899713151157,0.5776366670033894,10.185964001721004,0.23591799981659278,6.000069999572588,16.999588668113574
0,236,28554.201024092665,28554.201295328,28554.201532469,28554.211757914,28554.211977972,28554.21773979,0.2712353343667928,0.23714100098004565,0.5083763353468385,10.225444999377942,0.2200580020144116,5.7618179998826236,16.715697336621815
0,237,28554.234357426,28554.234436049,28554.234475309,28554.243743499,28554.243985167,28554.249687689,0.07862299753469415,0.03926000135834329,0.11788299889303744,9.268189998692833,0.24166799994418398,5.702522001229227,15.330262998759281
0,238,28554.267690759334,28554.267964577,28554.268217542,28554.278391237,28554.278653858,28554.284501947,0.2738176663115155,0.25296500098193064,0.5267826672934461,10.173694998229621,0.2626210007292684,5.848089000210166,16.8111876664625
0,239,28554.301024092667,28554.301303113,28554.30156043,28554.311947719,28554.317824575,28554.323029252,0.27902033252757974,0.25731700225151144,0.5363373347790912,10.387288999481825,5.876855997485109,5.2046769997105,22.005159331456525
0,240,28554.334357426,28554.334437269,28554.334659381,28554.344870558,28554.345124856,28554.351031176,0.07984300100360997,0.22211199757293798,0.30195499857654795,10.211177002929617,0.25429800007259473,5.906319998757681,16.67375000033644
0,241,28554.367690759333,28554.367961427,28554.3680424,28554.377340775,28554.37757835,28554.383477541,0.27066766779171303,0.08097300087683834,0.35164066866855137,9.298375000071246,0.23757499729981646,5.899191000935389,15.786781666975003
0,242,28554.401024092665,28554.401119027,28554.401325898,28554.410905164,28554.41114661,28554.417219801,0.09493433390161954,0.20687100186478347,0.301805335766403,9.579265999491327,0.24144599956343882,6.0731909979949705,16.19570833281614
0,243,28554.434357426,28554.434426267,28554.434462998,28554.443714929,28554.443973143,28554.449772054,0.06884100002935156,0.03673100218293257,0.10557200221228413,9.251930998289026,0.258214000496082,5.798910999146756,15.414628000144148
0,244,28554.467690759335,28554.467974433,28554.468231795,28554.477797385,28554.478045043,28554.483976159,0.28367366394377314,0.25736200041137636,0.5410356643551495,9.565590000420343,0.24765800117165782,5.9311160002835095,16.28539966623066
0,245,28554.501024092668,28554.501297181,28554.501359162,28554.510620648,28554.51085502,28554.51688909,0.27308833159622736,0.06198100163601339,0.33506933323224075,9.261486000468722,0.23437199706677347,6.034070000168867,15.864997330936603
0,246,28554.534357426,28554.534435622,28554.534645364,28554.544850188,28554.545089504,28554.551056879,0.07819600068614818,0.20974200015189126,0.28793800083803944,10.204823996900814,0.2393160029896535,5.967375000182074,16.69945300091058
0,247,28554.567690759333,28554.56795662,28554.568033251,28554.577363246,28554.577622618,28554.583466854,0.2658606681507081,0.07663099677301943,0.3424916649237275,9.329995002190117,0.25937199825420976,5.84423600230366,15.776094667671714
0,248,28554.601024092666,28554.601322599,28554.601564157,28554.611732583,28554.611965103,28554.617949978,0.2985063329106197,0.24155800201697275,0.5400643349275924,10.168425997107988,0.23252000028151087,5.9848750024684705,16.925885334785562
0,249,28554.634357426,28554.6351446,28554.635195582,28554.644673366,28554.644892562,28554.650871428,0.7871740017435513,0.050981998356292024,0.8381560000998434,9.477784002228873,0.21919599748798646,5.978866000077687,16.51400199989439
0,250,28554.667690759332,28554.667781992,28554.66785241,28554.677535574,28554.677779649,28554.683612182,0.09123266863753088,0.07041799835860729,0.16165066699613817,9.683164000307443,0.24407499950029887,5.832533002831042,15.921422669634921
0,251,28554.701024092665,28554.701098546,28554.701159093,28554.71091986,28554.716899374,28554.722437433,0.0744533354009036,0.06054700133972801,0.1350003367406316,9.760766999534098,5.979514000500785,5.538058998354245,21.41334033512976
0,252,28554.734357426,28554.734428046,28554.734645389,28554.744890047,28554.745129633,28554.75103485,0.07061999713187106,0.2173430002585519,0.28796299739042297,10.244658002193319,0.23958599922480062,5.905216999963159,16.6774239987717
0,253,28554.767690759334,28554.767782369,28554.768016888,28554.778181389,28554.778417215,28554.784300942,0.09160966510535218,0.23451900051441044,0.3261286656197626,10.164500999962911,0.23582599897054024,5.883727000764338,16.610182665317552
0,254,28554.801024092667,28554.801098155,28554.801331379,28554.811541731,28554.811776835,28554.81802111,0.074062332714675,0.23322400011238642,0.3072863328270614,10.210352000285638,0.2351039984205272,6.244275002245558,16.997017333778786
0,255,28554.834357426,28554.834427627,28554.834719656,28554.844996629,28554.851061579,28554.856486656,0.07020100019872189,0.29202899895608425,0.36222999915480614,10.276973000145517,6.0649500010185875,5.425077000836609,22.12923000115552
0,256,28554.867690759333,28554.867799497,28554.867863321,28554.877179233,28554.877439124,28554.883409231,0.10873766586882994,0.06382400169968605,0.172561667568516,9.315912000602111,0.2598909995867871,5.97010699857492,15.718471666332334
0,257,28554.901024092665,28554.901142672,28554.901203959,28554.910443269,28554.910677363,28554.916600766,0.11857933350256644,0.06128700260887854,0.17986633611144498,9.239309998520184,0.23409400091622956,5.923402997723315,15.576673333271174
0,258,28554.934357426,28554.934436494,28554.935102674,28554.944477911,28554.949987988,28554.955467786,0.07906800237833522,0.6661799998255447,0.7452480022038799,9.375237001222558,5.510076996870339,5.479798001033487,21.110360001330264
0,259,28554.967690759335,28554.967758308,28554.967794531,28554.977095203,28554.977329111,28554.983119449,0.06754866626579314,0.03622299846028909,0.10377166472608224,9.30067200170015,0.23390799833578058,5.790338000224438,15.42868966498645
0,260,28555.001024092668,28555.001093474,28555.001304586,28555.011490522,28555.011726246,28555.018019095,0.06938133083167486,0.21111200112500228,0.28049333195667714,10.185936000198126,0.2357240009587258,6.292849000601564,16.995002333715092
0,261,28555.034357426,28555.034424557,28555.034626762,28555.044252352,28555.044485492,28555.050489767,0.06713100083288737,0.20220499936840497,0.26933600020129234,9.625589998904616,0.23313999918173067,6.004275001032511,16.13234099932015
0,262,28555.067690759333,28555.067758436,28555.067813603,28555.077147294,28555.077378767,28555.083442726,0.06767666491214186,0.05516700184671208,0.12284366675885394,9.333690999483224,0.2314730008947663,6.0639590010396205,15.751966668176465
0,263,28555.101024092666,28555.101112046,28555.101148111,28555.110403783,28555.110637895,28555.116912939,0.08795333269517869,0.0360650010406971,0.12401833373587579,9.255672001017956,0.23411199799738824,6.2750440010859165,15.888846333837137
0,264,28555.134357426,28555.134427509,28555.134459185,28555.143678995,28555.143915237,28555.15001341,0.07008300235611387,0.03167599788866937,0.10175900024478324,9.219809999194695,0.23624200184713118,6.098172998463269,15.655983999749878
0,265,28555.167690759332,28555.167759943,28555.167974787,28555.178179584,28555.178410798,28555.184498378,0.06918366852914914,0.21484399985638447,0.2840276683855336,10.204796999460086,0.2312139986315742,6.087580000894377,16.80761866737157
0,266,28555.201024092665,28555.201089506,28555.201306832,28555.211460323,28555.211691944,28555.218026692,0.06541333641507663,0.21732599998358637,0.282739336398663,10.153490999073256,0.2316210011485964,6.334747999062529,17.002599335683044
0,267,28555.234357426,28555.23442468,28555.234629199,28555.244826673,28555.245073887,28555.25103304,0.06725399725837633,0.20451900127227418,0.2717729985306505,10.197473999141948,0.2472140004101675,5.959153000731021,16.675613998813787
0,268,28555.267690759334,28555.267757076,28555.267792474,28555.277151359,28555.277386508,28555.283357634,0.06631666474277154,0.035397999454289675,0.10171466419706121,9.358885003166506,0.23514900021837093,5.971126000076765,15.666874667658703
0,269,28555.301024092667,28555.30109275,28555.301301297,28555.311439751,28555.311674252,28555.317502321,0.06865733303129673,0.20854700051131658,0.2772043335426133,10.13845399938873,0.23450099979527295,5.828068999107927,16.478228331834543
0,270,28555.334357426,28555.334424266,28555.335088464,28555.344457673,28555.350083259,28555.355767245,0.0668399989081081,0.6641979998676106,0.7310379987757187,9.369209001306444,5.625585999950999,5.683986000803998,21.40981900083716
0,271,28555.367690759333,28555.367758198,28555.367792301,28555.377157946,28555.377389576,28555.383400322,0.06743866833858192,0.03410299905226566,0.10154166739084758,9.365645000798395,0.23162999787018634,6.010746001265943,15.709562667325372
0,272,28555.401024092665,28555.401091651,28555.4012998,28555.411434938,28555.411664274,28555.418029919,0.0675583360134624,0.20814899835386313,0.27570733436732553,10.13513799989596,0.22933600121177733,6.3656450001872145,17.005826335662277
0,273,28555.434357426,28555.434424426,28555.434460001,28555.443741089,28555.44397784,28555.450059587,0.0670000008540228,0.035575001675169915,0.10257500252919272,9.281087997806026,0.2367510023759678,6.081747000280302,15.702161002991488
0,274,28555.467690759335,28555.467760008,28555.467972916,28555.478227733,28555.478458706,28555.484628027,0.06924866465851665,0.21290800214046612,0.28215666679898277,10.254816999804461,0.23097299708751962,6.169321000925265,16.93726766461623
0,275,28555.501024092668,28555.501089757,28555.501126563,28555.510421939,28555.510659866,28555.516946215,0.0656643314869143,0.036805999116040766,0.10247033060295507,9.29537600313779,0.23792699721525423,6.28634900203906,15.922122332995059
0,276,28555.534357426,28555.534427766,28555.534636165,28555.544869278,28555.545087297,28555.551196554,0.07034000009298325,0.20839900025748648,0.2787390003504697,10.233113000140293,0.21801899856654927,6.10925699947984,16.83912799853715
0,277,28555.567690759333,28555.567755302,28555.567791561,28555.577147438,28555.577399976,28555.583462805,0.06454266622313298,0.03625899989856407,0.10080166612169705,9.355877002235502,0.25253799685742706,6.062829001166392,15.772045666381018
0,278,28555.601024092666,28555.601093339,28555.601303266,28555.611519766,28555.611751916,28555.618118896,0.0692463327141013,0.2099270022881683,0.2791733350022696,10.216499998932704,0.2321499996469356,6.3669800001662225,17.094803333748132
0,279,28555.634357426,28555.636074569,28555.63617118,28555.645811585,28555.646036152,28555.652388039,1.7171430008602329,0.09661099829827435,1.8137539991585072,9.640405001846375,0.22456700025941245,6.351887001073919,18.030613002338214
0,280,28555.667690759332,28555.667777865,28555.667826485,28555.677390353,28555.67763141,28555.68474468,0.08710566908121109,0.04862000059802085,0.13572566967923194,9.563867999531794,0.24105699776555412,7.113269999535987,17.053920666512568
0,281,28555.701024092665,28555.701112326,28555.701341726,28555.711649487,28555.711896849,28555.71795767,0.08823333701002412,0.22939999689697288,0.317633333906997,10.307761000149185,0.2473620006639976,6.060821000573924,16.933577335294103
0,282,28555.734357426,28555.734446807,28555.734681521,28555.745142533,28555.751630088,28555.757667991,0.08938099927036092,0.23471399981644936,0.3240949990868103,10.461011999723269,6.487555001513101,6.037903000105871,23.31056500042905
0,283,28555.767690759334,28555.767769908,28555.768570793,28555.777997483,28555.783900599,28555.789897262,0.07914866728242487,0.800884998170659,0.8800336654530838,9.426690001419047,5.903115998080466,5.9966629996779375,22.206502664630534
0,284,28555.801024092667,28555.801120324,28555.801172158,28555.810559849,28555.810804591,28555.817281293,0.09623133155400865,0.05183400207897648,0.14806533363298513,9.38769099957426,0.2447420010867063,6.476701997598866,16.257200331892818
0,285,28555.834357426,28555.834456434,28555.834683713,28555.845142252,28555.851777843,28555.857757312,0.09900800068862736,0.2272790006827563,0.32628700137138367,10.458538999955636,6.635590998484986,5.9794689987029415,23.399885998514947
0,286,28555.867690759333,28555.867774691,28555.867838654,28555.877849524,28555.884853822,28555.891023393,0.08393166717723943,0.06396300159394741,0.14789466877118684,10.010869998950511,7.004298000538256,6.16957099919091,23.332633667450864
0,287,28555.901024092665,28555.901116411,28555.901353829,28555.911601153,28555.911862026,28555.918349358,0.09231833610101603,0.2374179966864176,0.32973633278743364,10.247324000374647,0.26087300284416415,6.487331997050205,17.32526533305645
0,288,28555.934357426,28555.934438169,28555.934663271,28555.944950661,28555.945204218,28555.951768411,0.08074300058069639,0.22510200142278336,0.30584500200347975,10.28738999957568,0.25355699835927226,6.564193001395324,17.410985001333756
0,289,28555.967690759335,28555.967774758,28555.967996806,28555.978270103,28555.978551299,28555.985258419,0.08399866419495083,0.22204800188774243,0.30604666608269326,10.273297000821913,0.2811959966493305,6.70712000282947,17.567659666383406
0,290,28556.001024092668,28556.001176016,28556.001242813,28556.010632587,28556.010897013,28556.017713718,0.15192333376035094,0.06679699799860828,0.21872033175895922,9.389774000737816,0.2644259984663222,6.816705001256196,16.689625332219293
0,291,28556.034357426,28556.034439847,28556.034696608,28556.045029164,28556.045140739,28556.05139007,0.0824210001155734,0.2567609990364872,0.3391819991520606,10.332556001230842,0.1115749983000569,6.249330999708036,17.032643998390995
0,292,28556.067690759333,28556.067761622,28556.067799687,28556.077167563,28556.077419962,28556.083796849,0.0708626648702193,0.03806500171776861,0.10892766658798791,9.367875998577802,0.2523990006011445,6.3768870022613555,16.10608966802829
0,293,28556.101024092666,28556.101095131,28556.101132223,28556.110437747,28556.110715147,28556.117116062,0.07103833559085615,0.03709199881996028,0.10813033441081643,9.30552399950102,0.27739999859477393,6.400915000995155,16.091969333501766
0,294,28556.134357426,28556.134429158,28556.134486417,28556.143739329,28556.144032063,28556.150568516,0.07173199992394075,0.05725899973185733,0.12899099965579808,9.252912001102231,0.29273399923113175,6.536453001899645,16.211090001888806
0,295,28556.167690759332,28556.167761759,28556.167976556,28556.178230335,28556.178461365,28556.185100002,0.07099966751411557,0.21479700080817565,0.2857966683222912,10.253779000777286,0.23103000057744794,6.63863699810463,17.409242667781655
0,296,28556.201024092665,28556.201095044,28556.201330658,28556.210927563,28556.21098309,28556.217331181,0.07095133696566336,0.23561399939353578,0.30656533635919914,9.596904998034006,0.05552700167754665,6.348090999381384,16.307088335452136
0,297,28556.234357426,28556.234427312,28556.234639647,28556.244987287,28556.251540629,28556.25744393,0.06988599852775224,0.21233499865047634,0.28222099717822857,10.347639999963576,6.553342002007412,5.903301000216743,23.08650399936596
0,298,28556.267690759334,28556.267759349,28556.267797423,28556.277168993,28556.277409624,28556.283969078,0.06858966662548482,0.03807399843935855,0.10666366506484337,9.371570002258522,0.2406309977232013,6.559453999216203,16.27831866426277
0,299,28556.301024092667,28556.301095885,28556.301133505,28556.310456695,28556.310722549,28556.317176724,0.07179233216447756,0.037620000512106344,0.1094123326765839,9.323189999122405,0.2658539997355547,6.454174999817042,16.152631331351586
0,300,28556.334357426,28556.334428699,28556.334723358,28556.344974637,28556.345255574,28556.351540395,0.0712729997758288,0.29465899933711626,0.36593199911294505,10.251278999930946,0.280937001662096,6.284821000008378,17.182969000714365
0,301,28556.367690759333,28556.367761069,28556.367800411,28556.377232297,28556.377504002,28556.383994491,0.07030966662568972,0.039342001400655136,0.10965166802634485,9.431885999219958,0.27170500106876716,6.490488998679211,16.30373166699428
0,302,28556.401024092665,28556.401095762,28556.401328847,28556.411702886,28556.418365849,28556.424418752,0.0716693357389886,0.23308500021812506,0.30475433595711365,10.374038996815216,6.662963001872413,6.052903001545928,23.39465933619067
0,303,28556.434357426,28556.434429131,28556.43446978,28556.443784174,28556.444054166,28556.450484711,0.07170500248321332,0.04064899985678494,0.11235400233999826,9.31439399937517,0.2699920005397871,6.430544999602716,16.127285001857672
0,304,28556.467690759335,28556.46776201,28556.467971095,28556.478258133,28556.478524033,28556.485232598,0.07125066622393206,0.20908499936922453,0.2803356655931566,10.287037999660242,0.26589999833959155,6.708565000735689,17.54183866432868
0,305,28556.501024092668,28556.501093926,28556.501324298,28556.511604105,28556.511876912,28556.518320966,0.06983333150856197,0.23037199935060926,0.3002053308591712,10.279807000188157,0.27280700305709615,6.44405399725656,17.296873331360985
0,306,28556.534357426,28556.534424926,28556.534635112,28556.544892919,28556.545156216,28556.55161964,0.06750000102329068,0.21018599727540277,0.27768599829869345,10.257807000016328,0.2632970026752446,6.463423997047357,17.262213998037623
0,307,28556.567690759333,28556.567758758,28556.568475086,28556.577918406,28556.584049274,28556.590022018,0.06799866605433635,0.7163279988162685,0.7843266648706049,9.4433200029016,6.130867997853784,5.972744002065156,22.331258667691145
0,308,28556.601024092666,28556.601092552,28556.601381803,28556.6115246,28556.617827551,28556.623718315,0.06845933239674196,0.28925100195920095,0.3577103343559429,10.142797000298742,6.302950998360757,5.890764001378557,22.694222334394
0,309,28556.634357426,28556.63443254,28556.634489124,28556.644183362,28556.644419318,28556.650856251,0.07511399962822907,0.05658400186803192,0.13169800149626099,9.694238000520272,0.23595599850523286,6.436932999349665,16.49882499987143
0,310,28556.667690759332,28556.667773908,28556.667812658,28556.677338017,28556.67757962,28556.684973642,0.08314866863656789,0.038750000385334715,0.1218986690219026,9.525359000690514,0.24160300017683767,7.394021999061806,17.28288266895106
0,311,28556.701024092665,28556.701096999,28556.701136823,28556.710445884,28556.710686218,28556.717476172,0.07290633584489115,0.039824000850785524,0.11273033669567667,9.309060998930363,0.24033400040934794,6.789954000851139,16.452079336886527
0,312,28556.734357426,28556.734429191,28556.734649415,28556.744327199,28556.744572256,28556.751072848,0.07176500002969988,0.2202239993494004,0.2919889993791003,9.677784000814427,0.24505699911969714,6.500592000520555,16.71542199983378
0,313,28556.767690759334,28556.767759069,28556.767975412,28556.778265747,28556.778507294,28556.785143914,0.0683096659486182,0.21634299992001615,0.28465266586863436,10.290335001627682,0.2415469971310813,6.636620000790572,17.45315466541797
0,314,28556.801024092667,28556.801092224,28556.801330586,28556.811645134,28556.811874922,28556.818260049,0.06813133222749457,0.2383620012551546,0.3064933334826492,10.31454799885978,0.22978800188866444,6.385126998793567,17.23595633302466
0,315,28556.834357426,28556.834424685,28556.83463776,28556.844955207,28556.84519893,28556.851669882,0.06725899947923608,0.21307499991962686,0.28033399939886294,10.317447002307745,0.2437229995848611,6.470951997471275,17.312455998762744
0,316,28556.867690759333,28556.867777454,28556.867815222,28556.877196153,28556.87749484,28556.884064858,0.0866946684254799,0.03776800076593645,0.12446266919141635,9.380930998304393,0.29868699857615866,6.570018002094002,16.37409866816597
0,317,28556.901024092665,28556.901094452,28556.901384398,28556.911679473,28556.918408743,28556.9245411,0.07035933595034294,0.28994599779252894,0.3603053337428719,10.295075000612997,6.729270000505494,6.132357000751654,23.517007335613016
0,318,28556.934357426,28556.934427785,28556.934467368,28556.943820216,28556.944095552,28556.950657014,0.07035900125629269,0.039582999306730926,0.10994200056302361,9.352848002890823,0.27533599859452806,6.561461999808671,16.299588001857046
0,319,28556.967690759335,28556.96776333,28556.967974211,28556.978238212,28556.978471454,28556.985207695,0.07257066681631841,0.21088099674670957,0.283451663563028,10.26400100090541,0.2332420008315239,6.736241000908194,17.516935666208155
0,320,28557.001024092668,28557.001100709,28557.001319831,28557.011525276,28557.011759267,28557.018535296,0.07661633208044805,0.21912200099905021,0.29573833307949826,10.205444999883184,0.23399099882226437,6.776029000320705,17.51120333210565
0,321,28557.034357426,28557.03442631,28557.034712543,28557.044978081,28557.045207157,28557.051545849,0.06888400093885139,0.2862330002244562,0.3551170011633076,10.265537999657681,0.2290759985044133,6.338692001008894,17.188423000334296
0,322,28557.067690759333,28557.067760623,28557.067795532,28557.077144259,28557.077196139,28557.083285423,0.0698636649758555,0.03490900053293444,0.10477266550878994,9.348727002361557,0.05187999704503454,6.089284001063788,15.59466366597917
0,323,28557.101024092666,28557.101094484,28557.101381875,28557.111579153,28557.111634561,28557.117768734,0.07039133561193012,0.28739099798258394,0.35778233359451406,10.197277999395737,0.05540799975278787,6.13417299973662,16.74464133247966
0,324,28557.134357426,28557.134425946,28557.134461557,28557.143779776,28557.14406212,28557.150780286,0.06851999933132902,0.035611003113444895,0.10413100244477391,9.318218999396777,0.28234400087967515,6.718165997881442,16.422860000602668
0,325,28557.167690759332,28557.167761844,28557.167798862,28557.177102126,28557.177150072,28557.183321115,0.07108466888894327,0.03701799869304523,0.1081026675819885,9.303263999754563,0.047945999540388584,6.171043001813814,15.630355668690754
0,326,28557.201024092665,28557.201095037,28557.201412039,28557.211563992,28557.217268866,28557.223155824,0.07094433385645971,0.3170020027027931,0.3879463365592528,10.151952999876812,5.704873998183757,5.886957998882281,22.131731333502103
0,327,28557.234357426,28557.234427035,28557.23465173,28557.244887814,28557.245141733,28557.25164312,0.06960899918340147,0.22469499890576117,0.29430399808916263,10.23608399918885,0.25391900271642953,6.501386997115333,17.285693997109775
0,328,28557.267690759334,28557.267757208,28557.268062552,28557.278182099,28557.283958584,28557.289812727,0.06644866516580805,0.3053440013900399,0.371792666555848,10.119546997884754,5.776485002570553,5.854142997122835,22.12196766413399
0,329,28557.301024092667,28557.301092974,28557.301131798,28557.310470489,28557.31052098,28557.316609699,0.06888133430038579,0.03882400051224977,0.10770533481263556,9.338690997537924,0.0504910021845717,6.088718997489195,15.585606332024327
0,330,28557.334357426,28557.334426602,28557.334719223,28557.344952919,28557.345194725,28557.352027032,0.0691759996698238,0.29262099997140467,0.36179699964122847,10.233696000796044,0.24180599939427339,6.832307000877336,17.66960600070888
0,331,28557.367690759333,28557.367760368,28557.367798146,28557.377277661,28557.377330254,28557.383438556,0.06960866812733002,0.03777799793169834,0.10738666605902836,9.479514999839012,0.05259300087345764,6.1083020009391475,15.747796667710645
0,332,28557.401024092665,28557.401094144,28557.401385099,28557.411483988,28557.417300297,28557.423265765,0.07005133375059813,0.29095500212861225,0.3610063358792104,10.098888997163158,5.8163089997833595,5.9654680007952265,22.241672333620954
0,333,28557.434357426,28557.434426522,28557.434720486,28557.445023765,28557.445144116,28557.451720209,0.06909600051585585,0.29396399986580946,0.3630600003816653,10.30327900298289,0.12035100007778965,6.576092997420346,17.36278300086269
0,334,28557.467690759335,28557.467761057,28557.467797928,28557.477142062,28557.477189877,28557.483463357,0.07029766493360512,0.036870998883387074,0.1071686638169922,9.3441340031859,0.04781499956152402,6.27347999761696,15.772597664181376
0,335,28557.501024092668,28557.501094667,28557.501385373,28557.51166116,28557.517878668,28557.523803654,0.07057433322188444,0.29070600066916086,0.3612803338910453,10.275786997226533,6.217508002009708,5.924985998717602,22.77956133184489
0,336,28557.534357426,28557.53442587,28557.534461861,28557.543758477,28557.543807598,28557.550512329,0.06844399831607006,0.035991000913782045,0.10443499922985211,9.29661600093823,0.04912099757348187,6.7047310003545135,16.154902998096077
0,337,28557.567690759333,28557.567761453,28557.567987,28557.578235297,28557.578291585,28557.584524119,0.07069366620271467,0.22554699899046682,0.2962406651931815,10.248297003272455,0.0562879977223929,6.232534000446321,16.83335966663435
0,338,28557.601024092666,28557.601090896,28557.601128332,28557.610520605,28557.610569319,28557.616648353,0.06680333535769023,0.03743599882000126,0.10423933417769149,9.392273001139984,0.04871399869443849,6.079033999412786,15.6242603334249
0,339,28557.634357426,28557.634433757,28557.634485748,28557.644112504,28557.644168477,28557.650268603,0.07633100176462904,0.051990999054396525,0.12832200081902556,9.626756000216119,0.05597299968940206,6.100126000092132,15.911177000816679
0,340,28557.667690759332,28557.667767098,28557.667807913,28557.677317642,28557.677562652,28557.684572478,0.07633866698597558,0.040815000829752535,0.11715366781572811,9.509728999546496,0.24501000007148832,7.009826000285102,16.881718667718815
0,341,28557.701024092665,28557.701097403,28557.701134153,28557.710439834,28557.710487418,28557.716633572,0.07331033702939749,0.036749999708263204,0.11006033673766069,9.305681000114419,0.047583998821210116,6.146153998997761,15.60947933467105
0,342,28557.734357426,28557.734427791,28557.734716236,28557.744903543,28557.745013118,28557.751176976,0.07036500028334558,0.28844499684055336,0.35880999712389894,10.187307001615409,0.1095750012609642,6.163857997307787,16.81954999730806
0,343,28557.767690759334,28557.767757105,28557.768129089,28557.778386237,28557.784893449,28557.790869158,0.06634566670982167,0.37198399877524935,0.438329665485071,10.257148001983296,6.507211997814011,5.97570900208666,23.178398667369038
0,344,28557.801024092667,28557.80109191,28557.80131267,28557.811604662,28557.811834876,28557.818200976,0.06781733463867567,0.22075999731896445,0.2885773319576401,10.291992002748884,0.23021399829303846,6.366099998558639,17.1768833315582
0,345,28557.834357426,28557.834425732,28557.83448003,28557.844121648,28557.844207675,28557.850443099,0.06830599886598065,0.05429800148704089,0.12260400035302155,9.641617998568108,0.08602700108895078,6.235423999896739,16.08567299990682
0,346,28557.867690759333,28557.867759509,28557.867796139,28557.877185876,28557.877230229,28557.883359059,0.06874966857139952,0.036629997339332476,0.105379665910732,9.389737002493348,0.04435300070326775,6.128829998488072,15.66829966759542
0,347,28557.901024092665,28557.901098324,28557.901323575,28557.911558946,28557.911813049,28557.918209501,0.07423133502015844,0.2252509984828066,0.29948233350296505,10.235371002636384,0.254102997132577,6.3964520013541915,17.185408334626118
0,348,28557.934357426,28557.93444261,28557.934678379,28557.9450839,28557.951260842,28557.957446903,0.08518400136381388,0.23576899911859073,0.3209530004824046,10.405520999483997,6.176942002639407,6.18606100033503,23.08947700294084
0,349,28557.967690759335,28557.967759469,28557.967986443,28557.978384342,28557.984575303,28557.990496918,0.06870966535643674,0.22697399981552735,0.2956836651719641,10.397899000963662,6.190960997628281,5.921615000261227,22.806158664025133
0,350,28558.001024092668,28558.001096134,28558.001134763,28558.010469629,28558.010515555,28558.016687099,0.07204133362392895,0.03862899757223204,0.11067033119616099,9.334866001154296,0.04592600089381449,6.171543998789275,15.663006332033547
0,351,28558.034357426,28558.034430973,28558.034721679,28558.044937522,28558.045042856,28558.051384826,0.07354699846473522,0.29070600066916086,0.3642529991338961,10.215843001788016,0.10533399836276658,6.341970001813024,17.027400001097703
0,352,28558.067690759333,28558.067760981,28558.067797481,28558.077130653,28558.077396043,28558.084030718,0.07022166755632497,0.03649999780463986,0.10672166536096483,9.333172001788625,0.2653900010045618,6.634674999077106,16.339958667231258
0,353,28558.101024092666,28558.101093664,28558.10132122,28558.111650462,28558.111759463,28558.117988756,0.06957133518881164,0.22755600002710707,0.2971273352159187,10.329241998988437,0.10900100096478127,6.22929299788666,16.964663333055796
0,354,28558.134357426,28558.134426828,28558.134712727,28558.145025266,28558.151357912,28558.157568844,0.06940200182725675,0.2858989973901771,0.35530099921743385,10.312539001461118,6.332646000373643,6.210931998793967,23.211417999846162
0,355,28558.167690759332,28558.167760623,28558.167799706,28558.177211165,28558.177511203,28558.183941313,0.0698636686138343,0.03908299913746305,0.10894666775129735,9.411458999238675,0.30003800202393904,6.430109999200795,16.250553668214707
0,356,28558.201024092665,28558.201094925,28558.201129269,28558.210445959,28558.210684284,28558.21715445,0.07083233504090458,0.03434400059632026,0.10517633563722484,9.316690000559902,0.23832499937270768,6.470166001236066,16.1303573368059
0,357,28558.234357426,28558.23442736,28558.234717019,28558.244930307,28558.245203956,28558.251654733,0.069933998020133,0.2896590012824163,0.3595929993025493,10.213287998340093,0.2736490023380611,6.45077700028196,17.297307000262663
0,358,28558.267690759334,28558.267759211,28558.268016684,28558.278360853,28558.285343225,28558.29134299,0.06845166717539541,0.25747299878275953,0.32592466595815495,10.344169000745751,6.982372000493342,5.999764998705359,23.652230665902607
0,359,28558.301024092667,28558.30109197,28558.301303665,28558.311520064,28558.311776066,28558.318262879,0.06787733218516223,0.21169500178075396,0.2795723339659162,10.216398997727083,0.25600200024200603,6.486812999355607,17.238786331290612
0,360,28558.334357426,28558.334425107,28558.334632692,28558.345033833,28558.35140134,28558.357537133,0.06768100138287991,0.2075849988614209,0.2752660002443008,10.401141000329517,6.367507001414197,6.135792998975376,23.17970700096339
0,361,28558.367690759333,28558.367759912,28558.367797856,28558.377346039,28558.377393307,28558.38307083,0.06915266567375511,0.03794400254264474,0.10709666821639985,9.54818299942417,0.04726800034404732,5.677523000485962,15.38007066847058
0,362,28558.401024092665,28558.401105596,28558.401330699,28558.411485857,28558.411742165,28558.417994227,0.08150333451339975,0.2251029982289765,0.30660633274237625,10.155158000998199,0.25630800155340694,6.2520619976567104,16.970134332950693
0,363,28558.434357426,28558.434428781,28558.43465293,28558.444836116,28558.445090034,28558.451043688,0.07135500345611945,0.22414899649447761,0.29550399995059706,10.183186001086142,0.2539180022722576,5.9536539993132465,16.686262002622243
0,364,28558.467690759335,28558.467760632,28558.468455775,28558.477874039,28558.483324042,28558.488971981,0.06987266533542424,0.695143000484677,0.7650156658201013,9.418263998668408,5.45000300189713,5.647939000482438,21.281221666868078
0,365,28558.501024092668,28558.501092178,28558.501131048,28558.510451275,28558.510708091,28558.516928459,0.0680853336234577,0.038869999116286635,0.10695533273974434,9.320226999989245,0.2568159980000928,6.220368002686882,15.904366333415965
0,366,28558.534357426,28558.534428046,28558.534649233,28558.544862641,28558.545091216,28558.551211028,0.07062000076984987,0.22118699780548923,0.2918069985753391,10.213408000709023,0.22857500152895227,6.119811998360092,16.853601999173407
0,367,28558.567690759333,28558.567759546,28558.567797758,28558.577187995,28558.57743308,28558.583241389,0.06878666681586765,0.038212001527426764,0.10699866834329441,9.390236999024637,0.24508500064257532,5.808308997075073,15.55062966508558
0,368,28558.601024092666,28558.601092868,28558.601309165,28558.611499017,28558.611766871,28558.618140368,0.06877533451188356,0.21629699767800048,0.28507233218988404,10.189852000621613,0.2678540004126262,6.373496999003692,17.116275332227815
0,369,28558.634357426,28558.63443431,28558.634478338,28558.643866426,28558.643916334,28558.65006759,0.07688400000915863,0.044028001866536215,0.12091200187569484,9.388087997649563,0.04990800152882002,6.151255998702254,15.710163999756332
0,370,28558.667690759332,28558.667765316,28558.667988457,28558.678406708,28558.68547021,28558.691264223,0.07455666855094023,0.22314099987852387,0.2976976684294641,10.418251000373857,7.0635019983456,5.794013002741849,23.57346366989077
0,371,28558.701024092665,28558.701095721,28558.701136323,28558.710475088,28558.710718996,28558.717455728,0.07162833571783267,0.04060200080857612,0.11223033652640879,9.338764997664839,0.24390800172113813,6.736732000717893,16.43163533663028
0,372,28558.734357426,28558.734429997,28558.734652239,28558.744928416,28558.745170686,28558.751629629,0.07257099787238985,0.2222420007456094,0.29481299861799926,10.27617699946859,0.2422700017632451,6.458943000325235,17.272203000175068
0,373,28558.767690759334,28558.767761236,28558.767801865,28558.777199778,28558.777246927,28558.783229533,0.07047666440485045,0.04062900188728236,0.11110566629213281,9.397912999702385,0.047148998419288546,5.982606002362445,15.538773666776251
0,374,28558.801024092667,28558.80109578,28558.801390124,28558.811513809,28558.817863557,28558.823746644,0.07168733282014728,0.2943440013041254,0.3660313341242727,10.123684998688987,6.349748000502586,5.883087000256637,22.722551333572483
0,375,28558.834357426,28558.834425714,28558.834655354,28558.844285731,28558.844560769,28558.851106398,0.06828800178482197,0.22963999799685553,0.2979279997816775,9.630377000576118,0.27503800083650276,6.545628999447217,16.748972000641515
0,376,28558.867690759333,28558.86775937,28558.867797962,28558.877194255,28558.877457489,28558.883846718,0.06861066867713816,0.038591999327763915,0.10720266800490208,9.39629300046363,0.26323400015826337,6.389228998159524,16.15595866678632
0,377,28558.901024092665,28558.901095573,28558.901778354,28558.911145286,28558.917079087,28558.923071083,0.07148033546400256,0.6827809993410483,0.7542613348050509,9.366932001285022,5.933800999628147,5.991996000375366,22.046990336093586
0,378,28558.934357426,28558.934427211,28558.93448135,28558.944324219,28558.950505679,28558.956711964,0.06978500096010976,0.05413899998529814,0.1239240009454079,9.842868999839993,6.181460001243977,6.206285001098877,22.354538003128255
0,379,28558.967690759335,28558.967762292,28558.967978433,28558.978267703,28558.97851588,28558.985056907,0.07153266415116377,0.2161410011467524,0.28767366529791616,10.2892700015218,0.24817699886625633,6.541026999911992,17.366147665597964
0,380,28559.001024092668,28559.001101301,28559.001390173,28559.011589943,28559.011821408,28559.018232785,0.07720833309576847,0.28887200096505694,0.3660803340608254,10.199769996688701,0.2314650009793695,6.411377002223162,17.208692333952058
0,381,28559.034357426,28559.034427495,28559.034632996,28559.04495597,28559.045187174,28559.051632386,0.07006899977568537,0.20550100089167245,0.2755700006673578,10.32297399797244,0.23120400146581233,6.445211998652667,17.274959998758277
0,382,28559.067690759333,28559.067758439,28559.067794411,28559.077145981,28559.07741014,28559.083789204,0.06767966624465771,0.035971999750472605,0.10365166599513032,9.351569999125786,0.2641589999257121,6.3790640015213285,16.098444666567957
0,383,28559.101024092666,28559.101097697,28559.10131393,28559.111746561,28559.118167217,28559.12402599,0.07360433301073499,0.21623300199280493,0.2898373350035399,10.432630999275716,6.420655998226721,5.858773001818918,23.001897334324894
0,384,28559.134357426,28559.134426956,28559.134718077,28559.145034134,28559.145289812,28559.151598874,0.06953000047360547,0.29112099946360104,0.3606509999372065,10.316056999727152,0.25567800184944645,6.3090619987633545,17.24144800027716
0,385,28559.167690759332,28559.167760778,28559.167977604,28559.17824617,28559.178517107,28559.185175689,0.07001866833888926,0.2168259998143185,0.28684466815320775,10.268565998558188,0.27093700191471726,6.658581998635782,17.484929667261895
0,386,28559.201024092665,28559.201092676,28559.201130926,28559.210518672,28559.210756155,28559.21737359,0.06858333654236048,0.03825000021606684,0.10683333675842732,9.387745998537866,0.23748300009174272,6.617434999498073,16.34949733488611
0,387,28559.234357426,28559.234432582,28559.234716213,28559.245084475,28559.251437121,28559.257547024,0.07515600009355694,0.28363099772832356,0.3587869978218805,10.368261999246897,6.352646003506379,6.109902999014594,23.18959799958975
0,388,28559.267690759334,28559.267758739,28559.267971638,28559.278204518,28559.278438011,28559.285184659,0.06797966489102691,0.21289900178089738,0.2808786666719243,10.232879998511635,0.2334929995413404,6.746647999534616,17.493899664259516
0,389,28559.301024092667,28559.301096478,28559.301315721,28559.311579175,28559.311813381,28559.318121248,0.07238533362396993,0.21924300017417409,0.291628333798144,10.263453998049954,0.2342059997317847,6.307867002760759,17.09715533434064
0,390,28559.334357426,28559.33442669,28559.33464158,28559.345055517,28559.351619414,28559.35751191,0.06926399873918854,0.21489000209840015,0.2841540008375887,10.413936997792916,6.563897000887664,5.892495999432867,23.154483998951036
0,391,28559.367690759333,28559.36776053,28559.367797188,28559.377216702,28559.377483908,28559.383897517,0.06977066732360981,0.03665799886221066,0.10642866618582048,9.419514000910567,0.2672059999895282,6.4136090004467405,16.206757667532656
0,392,28559.401024092665,28559.401093139,28559.401383159,28559.411664799,28559.418404243,28559.424663241,0.06904633482918143,0.290019997919444,0.3590663327486254,10.281640003086068,6.739443997503258,6.258998000703286,23.639148334041238
0,393,28559.434357426,28559.434427841,28559.434464869,28559.443834929,28559.444107246,28559.450485558,0.07041500066407025,0.037027999496785924,0.10744300016085617,9.370060000946978,0.27231700005359016,6.378312002198072,16.128132003359497
0,394,28559.467690759335,28559.467760654,28559.467795172,28559.477149667,28559.47745203,28559.483809982,0.06989466419327073,0.034518001484684646,0.10441266567795537,9.354494999570306,0.3023630015377421,6.357951999234501,16.119222666020505
0,395,28559.501024092668,28559.501098095,28559.501189846,28559.511127372,28559.511355522,28559.517776418,0.07400233153020963,0.09175100058200769,0.16575333211221732,9.937525999703212,0.2281500019307714,6.4208959993266035,16.752325333072804
0,396,28559.534357426,28559.534427686,28559.534635927,28559.544999484,28559.551725104,28559.557715174,0.0702600009390153,0.20824099919991568,0.278501000138931,10.363556997617707,6.725620001816424,5.990069999825209,23.35774799939827
0,397,28559.567690759333,28559.567759424,28559.567965833,28559.578229667,28559.578501345,28559.584971631,0.06866466719657183,0.20640900038415566,0.2750736675807275,10.26383399948827,0.2716779999900609,6.470285999967018,17.280871667026076
0,398,28559.601024092666,28559.601093663,28559.601303008,28559.611628564,28559.618427269,28559.624326134,0.0695703347446397,0.20934499843860976,0.27891533318324946,10.325555998861091,6.79870500243851,5.898864998016506,23.302041332499357
0,399,28559.634357426,28559.634430894,28559.634521441,28559.644491329,28559.650633281,28559.656538813,0.07346799975493923,0.09054700058186427,0.1640150003368035,9.969888000341598,6.141951998870354,5.905532001634128,22.181387001182884
0,400,28559.667690759332,28559.667799829,28559.668053655,28559.678478832,28559.685599473,28559.691598247,0.10906966781476513,0.25382600142620504,0.36289566924097016,10.425176998978714,7.120640999346506,5.998773998726392,23.90748766629258
0,401,28559.701024092665,28559.701136013,28559.701194189,28559.71057438,28559.71081902,28559.717340473,0.11192033707629889,0.05817599958390929,0.17009633666020818,9.380190997035243,0.24464000307489187,6.521452996821608,16.31638033359195
0,402,28559.734357426,28559.73443804,28559.734721263,28559.744820116,28559.751138031,28559.757223508,0.08061399785219692,0.28322300204308704,0.36383699989528395,10.098852999362862,6.317914998362539,6.085477001761319,22.866081999382004
0,403,28559.767690759334,28559.767763677,28559.768528913,28559.777970633,28559.78399886,28559.790077597,0.07291766451089643,0.7652360000065528,0.8381536645174492,9.441720001632348,6.028226998751052,6.078737002098933,22.38683766699978
0,404,28559.801024092667,28559.801094742,28559.801791477,28559.811225751,28559.817142024,28559.823292013,0.07064933379297145,0.6967349982005544,0.7673843319935258,9.434274001250742,5.916272999456851,6.149988999823108,22.267920332524227
0,405,28559.834357426,28559.834428046,28559.834643946,28559.845005734,28559.851553039,28559.857665675,0.07062000076984987,0.2158999996026978,0.28652000037254766,10.361788001318928,6.54730499809375,6.112636001489591,23.308249001274817
0,406,28559.867690759333,28559.867761693,28559.867799972,28559.877150421,28559.877387803,28559.883903699,0.07093366730259731,0.038278998545138165,0.10921266584773548,9.350449003250105,0.23738199888612144,6.515895998745691,16.212939666729653
0,407,28559.901024092665,28559.901097155,28559.901324222,28559.911305953,28559.917670516,28559.923650364,0.07306233601411805,0.22706699746777304,0.3001293334818911,9.98173100015265,6.364562999806367,5.9798479996970855,22.626271333137993
0,408,28559.934357426,28559.934427043,28559.934464145,28559.943753123,28559.943996884,28559.950360437,0.06961700273677707,0.037101999623700976,0.10671900236047804,9.288977998949122,0.24376100191147998,6.36355299866409,16.00301100188517
0,409,28559.967690759335,28559.967761884,28559.967975691,28559.978295405,28559.984742394,28559.990719575,0.07112466482794844,0.2138070012733806,0.28493166610132903,10.319713997887447,6.4469890021428,5.9771809974336065,23.028815663565183
0,410,28560.001024092668,28560.001102975,28560.001141049,28560.010459553,28560.010741148,28560.017174952,0.07888233085395768,0.038074002077337354,0.11695633293129504,9.318503998656524,0.2815949992509559,6.433804002881516,16.15085933372029
0,411,28560.034357426,28560.034430686,28560.034659168,28560.044726603,28560.050850053,28560.056512491,0.07325999831664376,0.22848200023872778,0.30174199855537154,10.067434999655234,6.123450002633035,5.662437997671077,22.155064998514717
0,412,28560.067690759333,28560.067758729,28560.06779496,28560.077162373,28560.077408856,28560.083784549,0.06796966772526503,0.036230998375685886,0.10420066610095091,9.36741300029098,0.24648299950058572,6.375692999426974,16.09378966531949
0,413,28560.101024092666,28560.101094801,28560.101318959,28560.111316357,28560.117478807,28560.123289395,0.07070833453326486,0.22415800049202517,0.29486633502529,9.997397999541136,6.162449997646036,5.810588001622818,22.26530233383528
0,414,28560.134357426,28560.134426095,28560.134463308,28560.143746822,28560.143995536,28560.150397164,0.06866900002933107,0.03721300163306296,0.10588200166239403,9.28351399852545,0.24871400091797113,6.4016280011856,16.039738002291415
0,415,28560.167690759332,28560.167760149,28560.16785151,28560.177828407,28560.184024385,28560.190021678,0.06938966907910071,0.09136099833995104,0.16075066741905175,9.976896999432938,6.195977999595925,5.997293003019877,22.330918669467792
0,416,28560.201024092665,28560.201093877,28560.201377379,28560.211493019,28560.217760951,28560.223542918,0.06978433520998806,0.2835019986378029,0.35328633384779096,10.115640001458814,6.267931999900611,5.781967000075383,22.5188253352826
0,417,28560.234357426,28560.234426553,28560.234521007,28560.244539174,28560.244774156,28560.251224535,0.06912699973327108,0.0944540006457828,0.16358100037905388,10.018166998634115,0.23498199880123138,6.450379001762485,16.867108999576885
0,418,28560.267690759334,28560.267760117,28560.267978581,28560.278235192,28560.278508398,28560.285075055,0.06935766577953473,0.21846399977221154,0.28782166555174626,10.256610999931581,0.27320600202074274,6.56665699716541,17.38429566466948
0,419,28560.301024092667,28560.301092598,28560.301384839,28560.311565497,28560.311840814,28560.31833411,0.06850533463875763,0.2922409985330887,0.36074633317184635,10.180657998716924,0.27531700106919743,6.493296001281124,17.31001733423909
0,420,28560.334357426,28560.334423568,28560.334630551,28560.344950404,28560.345012294,28560.351451524,0.06614200174226426,0.20698299704235978,0.27312499878462404,10.319853001419688,0.061890001234132797,6.43922999734059,17.094097998779034
0,421,28560.367690759333,28560.367763447,28560.367972513,28560.378038088,28560.384359538,28560.390339896,0.07268766785273328,0.2090659982059151,0.2817536660586484,10.065575002954574,6.321449996903539,5.980358000670094,22.649136666586855
0,422,28560.401024092665,28560.401092252,28560.401128113,28560.41045447,28560.410690101,28560.417159757,0.06815933375037275,0.03586100137908943,0.10402033512946218,9.326356997917173,0.23563099966850132,6.469656000263058,16.135664332978195
0,423,28560.434357426,28560.434434103,28560.434643882,28560.444727076,28560.451126751,28560.457210275,0.07667700265301391,0.20977899839635938,0.2864560010493733,10.083193999889772,6.399674999556737,6.083524000132456,22.85284900062834
0,424,28560.467690759335,28560.467762064,28560.467798953,28560.47717182,28560.47741159,28560.484000219,0.07130466474336572,0.036888999602524564,0.10819366434589028,9.372866999910912,0.2397700009169057,6.5886289994523395,16.309459664626047
0,425,28560.501024092668,28560.501096888,28560.501308231,28560.511339251,28560.51771723,28560.523634466,0.07279533383552916,0.21134299822733738,0.28413833206286654,10.031019999587443,6.377978999807965,5.9172360015509184,22.610373333009193
0,426,28560.534357426,28560.534426563,28560.534519656,28560.544463655,28560.55077469,28560.556715871,0.06913700053701177,0.09309300003224052,0.1622300005692523,9.943998997187009,6.311035001999699,5.9411809997982346,22.358444999554195
0,427,28560.567690759333,28560.567761571,28560.567965434,28560.578040285,28560.584485368,28560.590511549,0.0708116676833015,0.2038629972958006,0.2746746649791021,10.074851001263596,6.445082999562146,6.026180999469943,22.820789665274788
0,428,28560.601024092666,28560.601094413,28560.601302941,28560.611633823,28560.618349647,28560.624615006,0.07032033317955211,0.20852799934800714,0.27884833252755925,10.330881999834673,6.7158240017306525,6.265358999371529,23.590913333464414
0,429,28560.634357426,28560.634429171,28560.634633885,28560.644722886,28560.650970114,28560.657049935,0.0717450020601973,0.2047140005743131,0.2764590026345104,10.089000999869313,6.247227996936999,6.079820999730146,22.69250899917097
0,430,28560.667690759332,28560.667793356,28560.668023496,28560.67821232,28560.684489781,28560.690810613,0.10259666669298895,0.2301400018041022,0.33273666849709116,10.1888239987602,6.277461001445772,6.320831998891663,23.119853667594725
0,431,28560.701024092665,28560.701129419,28560.701193568,28560.710596971,28560.710843528,28560.71769138,0.10532633677939884,0.06414899689843878,0.16947533367783763,9.40340300076059,0.24655699962750077,6.847852000646526,16.667287334712455
0,432,28560.734357426,28560.734435416,28560.734647732,28560.744695908,28560.750948442,28560.757267292,0.07799000013619661,0.2123159974871669,0.2903059976233635,10.048176001873799,6.252533999941079,6.318849998933729,22.90986599837197
0,433,28560.767690759334,28560.767784349,28560.767826266,28560.777130272,28560.777388791,28560.78392716,0.0935896641749423,0.04191700281808153,0.13550666699302383,9.304005998274079,0.25851900136331096,6.538368998008082,16.236400664638495
0,434,28560.801024092667,28560.801098857,28560.801310561,28560.811590377,28560.811825943,28560.818372562,0.07476433165720664,0.2117040021403227,0.28646833379752934,10.279816000547726,0.235565999901155,6.546618998982012,17.348469333228422
0,435,28560.834357426,28560.834427733,28560.834466179,28560.843793368,28560.843847535,28560.850521053,0.07030699998722412,0.03844599996227771,0.10875299994950183,9.327189000032376,0.05416700150817633,6.673517997114686,16.16362699860474
0,436,28560.867690759333,28560.867763055,28560.867993695,28560.878241993,28560.878476151,28560.885070316,0.07229566836031154,0.23063999833539128,0.3029356666957028,10.248298000078648,0.23415800023940392,6.594164999114582,17.379556666128337
0,437,28560.901024092665,28560.901095498,28560.901309101,28560.911589,28560.911822714,28560.918319,0.07140533489291556,0.21360299797379412,0.2850083328667097,10.27989900103421,0.2337139994779136,6.49628600149299,17.294907334871823
0,438,28560.934357426,28560.934425403,28560.934461412,28560.943781565,28560.944031011,28560.950603668,0.06797700189054012,0.03600899799494073,0.10398599988548085,9.320153003500309,0.24944599863374606,6.572656999196624,16.24624200121616
0,439,28560.967690759335,28560.967761484,28560.967965624,28560.978242755,28560.98402038,28560.989558115,0.0707246654201299,0.20414000027813017,0.27486466569826007,10.277131001203088,5.777624999609543,5.537734999961685,21.867355666472577
0,440,28561.001024092668,28561.001101947,28561.001936822,28561.011268151,28561.017215823,28561.022853715,0.07785433263052255,0.8348749979631975,0.9127293305937201,9.331329001724953,5.947672001639148,5.637891998048872,21.829622332006693
0,441,28561.034357426,28561.034427798,28561.034519659,28561.044444066,28561.050294061,28561.05573737,0.07037199975457042,0.09186099850921892,0.16223299826378934,9.924407000653446,5.849994999152841,5.443309000838781,21.379943998908857
0,442,28561.067690759333,28561.067762362,28561.068016937,28561.078206743,28561.078430801,28561.084411435,0.07160266613936983,0.2545749994169455,0.32617766555631533,10.189806002017576,0.22405799973057583,5.980633999570273,16.72067566687474
0,443,28561.101024092666,28561.101095323,28561.101295982,28561.111265519,28561.116639345,28561.122122439,0.07123033356037922,0.20065900025656447,0.2718893338169437,9.969537000870332,5.373825999413384,5.4830939989187755,21.098346333019435
0,444,28561.134357426,28561.134428461,28561.134634629,28561.144874251,28561.145113909,28561.15108272,0.07103499956429005,0.20616800247807987,0.2772030020423699,10.239621999062365,0.23965799846337177,5.968811001366703,16.72529400093481
0,445,28561.167690759332,28561.167764331,28561.167801572,28561.177144022,28561.177411468,28561.183444825,0.07357166759902611,0.03724099951796234,0.11081266711698845,9.342450000985991,0.26744600108941086,6.033356999978423,15.754065669170814
0,446,28561.201024092665,28561.201092811,28561.201185664,28561.211166561,28561.216980668,28561.222362087,0.06871833465993404,0.09285299893235788,0.16157133359229192,9.980897000787081,5.814107000333024,5.381418999604648,21.337994334317045
0,447,28561.234357426,28561.234430736,28561.234639598,28561.244834109,28561.245059166,28561.25103843,0.07330999869736843,0.20886199854430743,0.28217199724167585,10.194511000008788,0.22505700326291844,5.979263998597162,16.681003999110544
0,448,28561.267690759334,28561.267761282,28561.267798439,28561.27715488,28561.27740465,28561.28341697,0.07052266664686613,0.03715699858730659,0.10767966523417272,9.356441001727944,0.24977000066428445,6.012319998262683,15.726210665889084
0,449,28561.301024092667,28561.301096198,28561.301298699,28561.311243735,28561.317103934,28561.322477722,0.0721053329471033,0.20250099987606518,0.2746063328231685,9.945035999407992,5.860199002199806,5.373787997086765,21.45362933151773
0,450,28561.334357426,28561.334427279,28561.334636744,28561.34486666,28561.345096708,28561.351189103,0.0698529984219931,0.2094650008075405,0.2793179992295336,10.229916002572281,0.23004799732007086,6.092395000450779,16.831676999572664
0,451,28561.367690759333,28561.367761564,28561.36796525,28561.378157667,28561.378380363,28561.384547193,0.07080466821207665,0.20368599871289916,0.2744906669249758,10.192417001235299,0.2226959986728616,6.166830000438495,16.85643366727163
0,452,28561.401024092665,28561.401091765,28561.401305238,28561.411498498,28561.411765546,28561.417789607,0.06767233571736142,0.2134729984391015,0.2811453341564629,10.193260000960436,0.2670479989319574,6.02406100006192,16.765514334110776
0,453,28561.434357426,28561.434426448,28561.434487254,28561.444361373,28561.450129701,28561.455415989,0.0690220003889408,0.06080599996494129,0.1298280003538821,9.874119001324289,5.768327999248868,5.286288000206696,21.058563001133734
0,454,28561.467690759335,28561.467762612,28561.467972086,28561.478248299,28561.484732918,28561.490330848,0.07185266440501437,0.20947400116710924,0.2813266655721236,10.276213000906864,6.484618999820668,5.597929997747997,22.640088664047653
0,455,28561.501024092668,28561.501093758,28561.50112999,28561.510416651,28561.51066032,28561.516781817,0.06966533328522928,0.036231998819857836,0.10589733210508712,9.286660999350715,0.24366900106542744,6.1214970010041725,15.757724333525402
0,456,28561.534357426,28561.534427923,28561.534637988,28561.544933027,28561.545200268,28561.551253432,0.0704970007063821,0.2100649981002789,0.280561998806661,10.295038999174722,0.26724100098363124,6.053164001059486,16.8960060000245
0,457,28561.567690759333,28561.567759439,28561.567794615,28561.577156787,28561.577435103,28561.583456257,0.06867966658319347,0.03517599907354452,0.10385566565673798,9.362172000692226,0.27831600164063275,6.021154000336537,15.765497668326134
0,458,28561.601024092666,28561.601096493,28561.601305828,28561.611463726,28561.611520884,28561.617293055,0.07240033301059157,0.20933500127284788,0.28173533428343944,10.157897999306442,0.05715799852623604,5.772170999989612,16.26896233210573
0,459,28561.634357426,28561.634430659,28561.63463529,28561.644846077,28561.645077885,28561.651060159,0.07323300087591633,0.2046310000878293,0.27786400096374564,10.21078700068756,0.23180800053523853,5.98227400041651,16.702733002603054
0,460,28561.667690759332,28561.667822195,28561.668051956,28561.67826628,28561.678380476,28561.686008999,0.1314356668444816,0.2297610008099582,0.3611966676544398,10.214324000116903,0.11419600195949897,7.628522998857079,18.31823966858792
0,461,28561.701024092665,28561.701128213,28561.701241704,28561.711168481,28561.711403566,28561.717383951,0.10412033589091152,0.11349099804647267,0.2176113339373842,9.926777001965092,0.23508500089519657,5.9803849981108215,16.359858334908495
0,462,28561.734357426,28561.734442415,28561.734725991,28561.74496764,28561.745222374,28561.7509901,0.08498899842379615,0.28357599876471795,0.3685649971885141,10.241649000818143,0.25473400091868825,5.7677260010677855,16.63267399999313
0,463,28561.767690759334,28561.767761405,28561.767850749,28561.77779834,28561.783788206,28561.789388599,0.0706456667103339,0.0893440010258928,0.1599896677362267,9.947590999217937,5.989866000163602,5.600393000349868,21.697839667467633
0,464,28561.801024092667,28561.801096746,28561.801310165,28561.811463545,28561.811692194,28561.817887941,0.07265333260875195,0.21341899991966784,0.2860723325284198,10.153380000701873,0.22864900165586732,6.195746998855611,16.86384833374177
0,465,28561.834357426,28561.834424755,28561.835239862,28561.844618579,28561.850378815,28561.855741688,0.06732900146744214,0.8151069996529259,0.882436001120368,9.378717000799952,5.760235999332508,5.362872998375678,21.384261999628507
0,466,28561.867690759333,28561.867761643,28561.86796819,28561.878187033,28561.878422897,28561.884384356,0.07088366692187265,0.20654699983424507,0.2774306667561177,10.218842999165645,0.23586400129715912,5.961458999081515,16.693596666300436
0,467,28561.901024092665,28561.901093929,28561.901159013,28561.911073346,28561.916607764,28561.921948739,0.06983633284107782,0.06508400110760704,0.13492033394868486,9.914333000779152,5.534418000024743,5.340974999853643,20.924646334606223
0,468,28561.934357426,28561.934425354,28561.934629743,28561.944826625,28561.945066348,28561.95105189,0.0679280019539874,0.20438899809960276,0.27231700005359016,10.196882001764607,0.23972299823071808,5.985542000416899,16.694464000465814
0,469,28561.967690759335,28561.967759797,28561.968601015,28561.977934483,28561.983742858,28561.989146656,0.06903766552568413,0.8412179995502811,0.9102556650759652,9.333467998658307,5.8083750009245705,5.403798000770621,21.455896665429464
0,470,28562.001024092668,28562.001103611,28562.001138537,28562.010371209,28562.010417338,28562.016413057,0.07951833322294988,0.03492600080789998,0.11444433403084986,9.232671996869612,0.04612900011125021,5.995719002385158,15.38896433339687
0,471,28562.034357426,28562.034428916,28562.035257522,28562.044657463,28562.05039144,28562.055715284,0.0714899979357142,0.8286060001410078,0.900095998076722,9.399941001902334,5.733976999181323,5.323844001395628,21.357858000556007
0,472,28562.067690759333,28562.0677616,28562.068059111,28562.078288241,28562.084580026,28562.090138047,0.07084066601237282,0.2975110000988934,0.36835166611126624,10.229129999061115,6.2917850009398535,5.558020999160362,22.447287665272597
0,473,28562.101024092666,28562.101092088,28562.101127857,28562.110403066,28562.110638197,28562.116823027,0.06799533366574906,0.03576900053303689,0.10376433419878595,9.275208998587914,0.23513099949923344,6.184830002894159,15.798934335180093
0,474,28562.134357426,28562.134427679,28562.134638921,28562.144593198,28562.150345017,28562.155992898,0.07025300146779045,0.2112420006596949,0.28149500212748535,9.95427700036089,5.751818996941438,5.647881000186317,21.63547199961613
0,475,28562.167690759332,28562.167760398,28562.167964391,28562.178118965,28562.178353837,28562.184303008,0.0696386669005733,0.20399300046847202,0.2736316673690453,10.154573999898275,0.23487200087402016,5.94917100170278,16.61224866984412
0,476,28562.201024092665,28562.201094822,28562.201300193,28562.210857126,28562.210929932,28562.217053613,0.0707293365849182,0.20537099771900102,0.2761003343039192,9.55693300056737,0.07280600038939156,6.12368099973537,16.02952033499605
0,477,28562.234357426,28562.23442569,28562.234630793,28562.244804766,28562.245029017,28562.251048449,0.06826399840065278,0.205102998734219,0.2733669971348718,10.173973001656123,0.22425100178224966,6.019431999447988,16.691023000021232
0,478,28562.267690759334,28562.267758855,28562.26779392,28562.277082184,28562.277315796,28562.283388283,0.06809566548326984,0.03506500070216134,0.10316066618543118,9.288263998314505,0.23361200146609917,6.072486998164095,15.69752366413013
0,479,28562.301024092667,28562.301098157,28562.301182779,28562.311099351,28562.311171148,28562.317293542,0.0740643336030189,0.08462199912173674,0.15868633272475563,9.916572002111934,0.07179699969128706,6.122393999248743,16.26944933377672
0,480,28562.334357426,28562.334428526,28562.334638176,28562.344824047,28562.345072049,28562.351174498,0.07109999933163635,0.20964999930583872,0.2807499986374751,10.18587100043078,0.2480020011716988,6.102448998717591,16.817071998957545
0,481,28562.367690759333,28562.367760775,28562.367967073,28562.378159537,28562.378397547,28562.384499701,0.0700156670063734,0.20629800201277249,0.2763136690191459,10.192463996645529,0.23801000133971684,6.102153998654103,16.808941665658494
0,482,28562.401024092665,28562.4010922,28562.401762611,28562.411130478,28562.416670379,28562.42216515,0.06810733611928299,0.6704109982820228,0.7385183344013058,9.367867001856212,5.539900997973746,5.494771001394838,21.1410573356261
0,483,28562.434357426,28562.434429097,28562.435255527,28562.444647293,28562.450096897,28562.455450177,0.07167100193328224,0.8264300013252068,0.8981010032584891,9.391765997861512,5.449603999295505,5.353280001145322,21.092751001560828
0,484,28562.467690759335,28562.467760032,28562.467798745,28562.477113287,28562.477350928,28562.483389702,0.06927266440470703,0.03871300214086659,0.10798566654557362,9.314541999629,0.23764099751133472,6.038774001353886,15.698942665039795
0,485,28562.501024092668,28562.501095327,28562.501300579,28562.511240901,28562.517258824,28562.522765715,0.07123433169908822,0.20525199943222106,0.27648633113130927,9.940322001057211,6.017922998580616,5.50689100055024,21.741622331319377
0,486,28562.534357426,28562.534441659,28562.534475428,28562.543744258,28562.543975175,28562.550000255,0.08423300096183084,0.033768999855965376,0.11800200081779622,9.268829999200534,0.23091699767974205,6.025080001563765,15.642828999261837
0,487,28562.567690759333,28562.567760788,28562.567978058,28562.577917604,28562.583821515,28562.589360593,0.07002866550465114,0.2172700005758088,0.28729866608045995,9.939546001987765,5.903910998313222,5.53907799985609,21.669833666237537
0,488,28562.601024092666,28562.601288613,28562.601509854,28562.611718364,28562.6119428,28562.618061825,0.2645203348947689,0.2212409999629017,0.4857613348576706,10.208510000666138,0.22443599664256908,6.119025001680711,17.03773233384709
0,489,28562.634357426,28562.634438656,28562.635124605,28562.644645073,28562.650035604,28562.655548616,0.08123000225168653,0.6859489985799883,0.7671790008316748,9.520468000118854,5.390531001467025,5.5130119981186,21.191190000536153
0,490,28562.667690759332,28562.667791739,28562.667871629,28562.67817887,28562.685359456,28562.690892153,0.10097966878674924,0.07989000005181879,0.18086966883856803,10.307240998372436,7.1805860025051516,5.5326969995803665,23.20139366929652
0,491,28562.701024092665,28562.701128738,28562.701186145,28562.710572253,28562.710808689,28562.717142038,0.10464533625054173,0.057406999985687435,0.16205233623622917,9.386107998579973,0.23643600070499815,6.3333489997603465,16.117945335281547
0,492,28562.734357426,28562.734434753,28562.735253805,28562.744613791,28562.750449767,28562.755893612,0.07732700032647699,0.8190519984054845,0.8963789987319615,9.359986001072684,5.835976000525989,5.443844998808345,21.53618599913898
0,493,28562.767690759334,28562.767760918,28562.767850399,28562.777783028,28562.783677561,28562.789157211,0.07015866503934376,0.08948100003181025,0.159639665071154,9.932629000104498,5.894533001992386,5.479649997141678,21.466451664309716
0,494,28562.801024092667,28562.801094332,28562.801304232,28562.811382621,28562.817579005,28562.823482714,0.07023933358141221,0.20990000120946206,0.2801393347908743,10.078388997499133,6.1963840016687755,5.903708999539958,22.45862133349874
0,495,28562.834357426,28562.834429459,28562.834640711,28562.844697757,28562.850806568,28562.856792962,0.0720329990144819,0.2112520014634356,0.2832850004779175,10.05704599810997,6.108811001467984,5.986394000501605,22.435536000557477
0,496,28562.867690759333,28562.867759874,28562.867984125,28562.878098162,28562.884576725,28562.890584175,0.06911466698511504,0.22425100178224966,0.2933656687673647,10.114036998857046,6.478562998381676,6.007449999742676,22.893415665748762
0,497,28562.901024092665,28562.90109301,28562.901820385,28562.911192085,28562.917302034,28562.923077974,0.06891733573866077,0.7273749979503918,0.7962923336890526,9.371700001793215,6.1099489976186305,5.775940000603441,22.05388133370434
0,498,28562.934357426,28562.934425638,28562.935135252,28562.944553702,28562.95069707,28562.95660864,0.06821200076956302,0.7096139997884165,0.7778260005579796,9.418450001248857,6.143367998447502,5.911570002353983,22.25121400260832
0,499,28562.967690759335,28562.967758738,28562.967796211,28562.977152438,28562.977397356,28562.983702409,0.06797866444685496,0.03747300070244819,0.10545166514930315,9.356227001262596,0.24491799922543578,6.3050530006876215,16.011649666324956
0,500,28563.001024092668,28563.001104163,28563.00132109,28563.011557804,28563.011787639,28563.018687353,0.08007033102330752,0.21692700101993978,0.2969973320432473,10.23671399889281,0.22983500093687326,6.899714000610402,17.663260332483333
0,501,28563.034357426,28563.034425949,28563.034461199,28563.043790593,28563.043859353,28563.050124258,0.06852300066384487,0.03524999920045957,0.10377299986430444,9.329394000815228,0.06876000043121167,6.264904997806298,15.766831998917041
0,502,28563.067690759333,28563.06776256,28563.067970311,28563.07838497,28563.085305378,28563.091457811,0.0718006667739246,0.2077509998343885,0.2795516666083131,10.41465899834293,6.920408002770273,6.152432997623691,23.767051665345207
0,503,28563.101024092666,28563.101094003,28563.101372328,28563.111551811,28563.111781284,28563.11839619,0.06991033296799287,0.2783250020002015,0.34823533496819437,10.179482997045852,0.2294730002176948,6.614906000322662,17.372097332554404
0,504,28563.134357426,28563.134424595,28563.134633336,28563.144917801,28563.145145469,28563.151767514,0.06716899952152744,0.20874100300716236,0.2759100025286898,10.28446499913116,0.2276679988426622,6.622044998948695,17.410087999451207
0,505,28563.167690759332,28563.167758834,28563.167965936,28563.178238744,28563.178470402,28563.185074995,0.06807466706959531,0.20710200260509737,0.2751766696746927,10.272807998262579,0.23165799939306453,6.604592999792658,17.384235667122994
0,506,28563.201024092665,28563.201091953,28563.201301899,28563.2115424,28563.211780494,28563.218394678,0.0678603355481755,0.20994599981349893,0.27780633536167443,10.240501000225777,0.23809399863239378,6.614183999772649,17.370585333992494
0,507,28563.234357426,28563.234425119,28563.234636278,28563.2445561,28563.244788047,28563.250879413,0.0676929994369857,0.2111590001732111,0.2788519996101968,9.919821997755207,0.2319470004294999,6.091366001783172,16.521986999578075
0,508,28563.267690759334,28563.267757942,28563.267794035,28563.277103179,28563.277333189,28563.283434964,0.06718266740790568,0.036092998925596476,0.10327566633350216,9.309143999416847,0.2300099986314308,6.101775001297938,15.744204665679717
0,509,28563.301024092667,28563.301093793,28563.301179285,28563.311037561,28563.317217021,28563.32274381,0.06970033427933231,0.08549199992557988,0.15519233420491219,9.858276000159094,6.179459996928927,5.526789002033183,21.719717333326116
0,510,28563.334357426,28563.334427755,28563.334627534,28563.344626626,28563.350421177,28563.356060393,0.0703289988450706,0.19977900228695944,0.27010800113203004,9.999091998906806,5.794551001599757,5.639215996779967,21.70296699841856
0,511,28563.367690759333,28563.367759374,28563.368601592,28563.377897124,28563.383831954,28563.389290623,0.06861466681584716,0.8422179998888168,0.910832666704664,9.295531999669038,5.934830001933733,5.458668998471694,21.59986366677913
0,512,28563.401024092665,28563.401089345,28563.401302013,28563.411452199,28563.411706118,28563.418030365,0.06525233402498998,0.21266800104058348,0.27792033506557345,10.150186000828398,0.2539189990784507,6.32424699870171,17.006272333674133
0,513,28563.434357426,28563.434426687,28563.434519085,28563.444454159,28563.450419035,28563.455769924,0.0692610010446515,0.09239800056093372,0.16165900160558522,9.935073998349253,5.964876003417885,5.350888997782022,21.412498001154745
0,514,28563.467690759335,28563.467759073,28563.467964909,28563.478193576,28563.478435641,28563.484555777,0.0683136640873272,0.20583600053214468,0.2741496646194719,10.228667000774294,0.24206499801948667,6.12013600039063,16.865017663803883
0,515,28563.501024092668,28563.501138331,28563.501361703,28563.511652666,28563.517893034,28563.523233795,0.11423833348089829,0.22337200061883777,0.33761033409973606,10.29096299680532,6.24036800218164,5.340760999388294,22.20970233247499
0,516,28563.534357426,28563.53443456,28563.534472514,28563.543734926,28563.543958167,28563.550050729,0.07713399827480316,0.03795399970840663,0.11508799798320979,9.262412000680342,0.2232410006399732,6.092562001867918,15.693303001171444
0,517,28563.567690759333,28563.56776565,28563.567966382,28563.577965762,28563.583706283,28563.589198842,0.07489066774724051,0.20073199993930757,0.2756226676865481,9.99937999949907,5.740520999097498,5.492559001140762,21.508082667423878
0,518,28563.601024092666,28563.601116435,28563.601153805,28563.610468079,28563.610703765,28563.616985281,0.0923423322092276,0.03737000224646181,0.12971233445568942,9.314274000644218,0.23568599863210693,6.281516001763521,15.961188335495535
0,519,28563.634357426,28563.634436951,28563.635170372,28563.644707193,28563.646651333,28563.652365818,0.07952500163810328,0.7334209985856432,0.8129460002237465,9.536821002257057,1.9441399999777786,5.71448499977123,18.00839200222981
0,520,28563.667690759332,28563.667877282,28563.66818796,28563.677530613,28563.677777939,28563.684667671,0.18652266953722574,0.3106779986410402,0.4972006681782659,9.342653000203427,0.24732599922572263,6.889732001582161,16.976911669189576
0,521,28563.701024092665,28563.701200669,28563.70142392,28563.711350002,28563.717385129,28563.72303729,0.1765763336152304,0.2232510014437139,0.3998273350589443,9.926081998855807,6.035127000359353,5.652161002217326,22.01319733649143
0,522,28563.734357426,28563.734436946,28563.734474029,28563.743712163,28563.743955516,28563.750020523,0.07951999941724353,0.037082998460391536,0.11660299787763506,9.238134000042919,0.24335300258826464,6.065006997232558,15.663096997741377
0,523,28563.767690759334,28563.767765195,28563.767980659,28563.778126075,28563.778368642,28563.784447249,0.07443566573783755,0.21546399875660427,0.2898996644944418,10.14541600306984,0.24256699907709844,6.078606998926261,16.756489665567642
0,524,28563.801024092667,28563.801094239,28563.801296944,28563.811443482,28563.811503186,28563.817413515,0.07014633229118772,0.20270499953767285,0.27285133182886057,10.146538003027672,0.0597039979766123,5.910329000471393,16.389422333304537
0,525,28563.834357426,28563.834426452,28563.834701518,28563.84501164,28563.851143266,28563.85661887,0.06902599852764979,0.27506600235938095,0.34409200088703074,10.310122001101263,6.131625999842072,5.475603997183498,22.261443999013864
0,526,28563.867690759333,28563.867759413,28563.867795349,28563.877102799,28563.877357809,28563.883489704,0.06865366594865918,0.03593600195017643,0.10458966789883561,9.307450000051176,0.2550099998188671,6.131894999271026,15.798944667039905
0,527,28563.901024092665,28563.901096986,28563.901902103,28563.911226089,28563.91723365,28563.922838338,0.0728933337086346,0.8051170007092878,0.8780103344179224,9.323985999799334,6.0075610017520376,5.604687998129521,21.814245334098814
0,528,28563.934357426,28563.934425569,28563.934626663,28563.9449012,28563.945157943,28563.951309533,0.06814300286350772,0.20109399702050723,0.26923699988401495,10.274537002260331,0.2567429983173497,6.151590001536533,16.95210700199823
0,529,28563.967690759335,28563.967758374,28563.967962643,28563.977624224,28563.977847401,28563.983818277,0.0676146664773114,0.20426899936865084,0.27188366584596224,9.661580999818398,0.22317700131679885,5.970875998173142,16.1275176651543
0,530,28564.001024092668,28564.001095539,28564.00116766,28564.011106853,28564.016861978,28564.02239175,0.07144633127609268,0.07212100172182545,0.14356733299791813,9.939192997990176,5.755125002906425,5.529771999135846,21.367657333030365
0,531,28564.034357426,28564.034429585,28564.034681715,28564.045053032,28564.051095648,28564.056879024,0.07215900041046552,0.2521299975342117,0.32428899794467725,10.371317002864089,6.042615998012479,5.783376000181306,22.52159799900255
0,532,28564.067690759333,28564.067762574,28564.067798991,28564.07710157,28564.077346321,28564.083307493,0.07181466571637429,0.03641700095613487,0.10823166667250916,9.302579001086997,0.24475099780829623,5.961172002571402,15.616733668139204
0,533,28564.101024092666,28564.101095396,28564.101299526,28564.111607027,28564.118010497,28564.123502037,0.07130333324312232,0.20412999947438948,0.2754333327175118,10.3075010010798,6.4034700008051,5.491539999638917,22.47794433424133
0,534,28564.134357426,28564.134424755,28564.134461255,28564.143854797,28564.144067132,28564.150115701,0.06732900146744214,0.03649999780463986,0.103828999272082,9.393542000907473,0.21233500228845514,6.048568997357506,15.758274999825517
0,535,28564.167690759332,28564.167762114,28564.167796919,28564.177059146,28564.17727549,28564.183327874,0.0713546687620692,0.034804997994797304,0.1061596667568665,9.262227002182044,0.2163440003641881,6.052384000213351,15.63711466951645
0,536,28564.201024092665,28564.201093629,28564.20131514,28564.211479371,28564.211740382,28564.218096538,0.06953633419470862,0.22151099983602762,0.29104733403073624,10.164231000089785,0.26101100229425356,6.356155998219037,17.072445334633812
0,537,28564.234357426,28564.23442547,28564.23463285,28564.24496,28564.251076033,28564.256507424,0.06804399890825152,0.20737999875564128,0.2754239976638928,10.327150001103291,6.116033000580501,5.431391000456642,22.149997999804327
0,538,28564.267690759334,28564.267759596,28564.267796255,28564.277195223,28564.277416585,28564.283416655,0.06883666719659232,0.03665899930638261,0.10549566650297493,9.398967999004526,0.22136199913802557,6.000069999572588,15.725895664218115
0,539,28564.301024092667,28564.301094687,28564.301300419,28564.31149692,28564.311711746,28564.317887539,0.07059433482936583,0.20573199799400754,0.2763263328233734,10.196500999882119,0.21482599913724698,6.1757930016028695,16.86344633344561
0,540,28564.334357426,28564.334425334,28564.334460324,28564.343775987,28564.343844875,28564.349504408,0.06790800034650601,0.03499000013107434,0.10289800047758035,9.31566299914266,0.06888799907756038,5.659533002472017,15.146982001169818
0,541,28564.367690759333,28564.367761972,28564.368446428,28564.377876731,28564.382854564,28564.388268982,0.07121266753529198,0.6844560011813883,0.7556686687166803,9.43030299822567,4.9778329994296655,5.4144179994182196,20.578222665790236
0,542,28564.401024092665,28564.401091489,28564.401303934,28564.411535787,28564.41165451,28564.417479847,0.0673963331792038,0.21244500021566637,0.27984133339487016,10.231853000732372,0.1187230009236373,5.825337000715081,16.45575433576596
0,543,28564.434357426,28564.434424775,28564.434461988,28564.443724576,28564.4437669,28564.449521043,0.06734900307492353,0.03721299799508415,0.10456200107000768,9.262587998819072,0.04232400169712491,5.754142999649048,15.163617001235252
0,544,28564.467690759335,28564.467760708,28564.467964247,28564.478149693,28564.478259341,28564.484119743,0.0699486663506832,0.203538998903241,0.2734876652539242,10.185446000832599,0.1096479973057285,5.860402001417242,16.428983664809493
0,545,28564.501024092668,28564.501095634,28564.501137773,28564.510426222,28564.510471315,28564.516116467,0.07154133345466107,0.04213899956084788,0.11368033301550895,9.288449000450782,0.04509299833443947,5.645151999488007,15.092374331288738
0,546,28564.534357426,28564.534429531,28564.534634217,28564.5449567,28564.550938169,28564.557284556,0.07210499825305305,0.20468600268941373,0.2767910009424668,10.32248299816274,5.981468999380013,6.346386999211973,22.927129997697193
0,547,28564.567690759333,28564.567761687,28564.567800585,28564.577131258,28564.577367897,28564.583346616,0.07092766827554442,0.03889799700118601,0.10982566527673043,9.330673001386458,0.23663899992243387,5.978719000268029,15.655856666853651
0,548,28564.601024092666,28564.601093816,28564.601299891,28564.611536207,28564.611656041,28564.617354813,0.06972333358135074,0.20607500118785538,0.2757983347692061,10.236316000373336,0.11983399963355623,5.698771998140728,16.330720332916826
0,549,28564.634357426,28564.634426899,28564.634683594,28564.644795169,28564.646854356,28564.652466285,0.06947300062165596,0.25669499882496893,0.3261679994466249,10.111575000337325,2.0591870015778113,5.611928998405347,18.108858999767108
0,550,28564.667690759332,28564.667972296,28564.668054066,28564.6774187,28564.677665841,28564.683658504,0.28153666789876297,0.08177000199793838,0.36330666989670135,9.364633999211947,0.2471410007274244,5.9926629983237945,15.967744668159867
0,551,28564.701024092665,28564.701117387,28564.701163248,28564.710414818,28564.710654124,28564.716885048,0.0932943366933614,0.045860997488489375,0.13915533418185078,9.251570001651999,0.239305998547934,6.230924002011307,15.86095533639309
0,552,28564.734357426,28564.734431747,28564.734466701,28564.743678686,28564.743927225,28564.749979471,0.07432100028381683,0.03495399869279936,0.10927499897661619,9.211985001456924,0.2485389995854348,6.052245997125283,15.622044997144258
0,553,28564.767690759334,28564.767762866,28564.76798621,28564.778203702,28564.778443101,28564.78439243,0.0721066644473467,0.2233440027339384,0.2954506671812851,10.217491999355843,0.2393989998381585,5.949328999122372,16.70167066549766
0,554,28564.801024092667,28564.801094541,28564.80131095,28564.811491774,28564.811728868,28564.818029829,0.07044833182590082,0.2164090001315344,0.28685733195743524,10.180823999689892,0.23709400193183683,6.300960998487426,17.00573633206659
0,555,28564.834357426,28564.834426706,28564.83463555,28564.844277964,28564.844561928,28564.850669916,0.06927999856998213,0.20884400146314874,0.27812400003313087,9.642413999245036,0.2839640001184307,6.10798799971235,16.312489999108948
0,556,28564.867690759333,28564.867794083,28564.867861195,28564.877131552,28564.877361867,28564.883504651,0.10332366582588293,0.06711200330755673,0.17043566913343966,9.270356997149065,0.23031499949865974,6.142784000985557,15.813891666766722
0,557,28564.901024092665,28564.901103192,28564.901308304,28564.911623407,28564.917990785,28564.923553251,0.0790993362898007,0.20511199909378774,0.28421133538358845,10.315102997992653,6.367378002323676,5.562465998082189,22.529158333782107
0,558,28564.934357426,28564.934425504,28564.934464143,28564.943843593,28564.94408415,28564.950162729,0.06807800309616141,0.03863899837597273,0.10671700147213414,9.379449998959899,0.24055700123426504,6.078579001041362,15.80530300270766
0,559,28564.967690759335,28564.967771863,28564.967988308,28564.978339615,28564.978596913,28564.985119246,0.08110366616165265,0.21644499793183059,0.29754866409348324,10.35130700256559,0.2572979974502232,6.522333002067171,17.428486666176468
0,560,28565.001024092668,28565.00111087,28565.001816365,28565.011217231,28565.017185402,28565.023207176,0.08677733057993464,0.7054950001474936,0.7922723307274282,9.400866001669783,5.968171000859002,6.021773999236757,22.18308333249297
0,561,28565.034357426,28565.034431043,28565.034473563,28565.043880021,28565.044136967,28565.050534261,0.07361700045294128,0.04251999780535698,0.11613699825829826,9.406458000739804,0.2569460011727642,6.397294000635156,16.176835000806022
0,562,28565.067690759333,28565.067764735,28565.067992088,28565.07822021,28565.078442396,28565.085150795,0.07397566514555365,0.22735300080967136,0.301328665955225,10.228122002445161,0.22218599769985303,6.708398999762721,17.46003566586296
0,563,28565.101024092666,28565.101094151,28565.101136772,28565.110502407,28565.110744066,28565.117067684,0.07005833322182298,0.04262099901097827,0.11267933223280124,9.365634999994654,0.24165900322259404,6.323617999441922,16.04359133489197
0,564,28565.134357426,28565.134427955,28565.134636891,28565.144890828,28565.14512607,28565.151619217,0.07052900036796927,0.20893600230920129,0.27946500267717056,10.253936998196878,0.23524200150859542,6.493146996945143,17.261790999327786
0,565,28565.167690759332,28565.16776113,28565.167820612,28565.177897909,28565.183969738,28565.190020484,0.07037066825432703,0.05948200123384595,0.12985266948817298,10.077296999952523,6.071828996937256,6.050746000255458,22.32972466663341
0,566,28565.201024092665,28565.201287723,28565.202001848,28565.211408566,28565.217551618,28565.223401048,0.26363033612142317,0.7141249989217613,0.9777553350431845,9.406717999809189,6.143051999970339,5.849429999216227,22.37695533403894
0,567,28565.234357426,28565.23443923,28565.234658306,28565.245040058,28565.245303985,28565.251429417,0.08180399890989065,0.21907599875703454,0.3008799976669252,10.38175199937541,0.2639270023792051,6.12543199895299,17.07199099837453
0,568,28565.267690759334,28565.267766239,28565.26798224,28565.278285482,28565.278545992,28565.285070602,0.07547966743004508,0.21600099717034027,0.29148066460038535,10.303242001100443,0.26051000168081373,6.5246099984506145,17.379842665832257
0,569,28565.301024092667,28565.30114721,28565.301405369,28565.311740574,28565.311973131,28565.318345925,0.12311733371461742,0.2581589978944976,0.381276331609115,10.335205002775183,0.232556998525979,6.372793999616988,17.321832332527265
0,570,28565.334357426,28565.33443569,28565.334499478,28565.343815816,28565.344059484,28565.35059402,0.07826400178601034,0.06378800026141107,0.1420520020474214,9.316337997006485,0.2436680006212555,6.534536001709057,16.23659400138422
0,571,28565.367690759333,28565.367784393,28565.367821689,28565.377162074,28565.377399918,28565.384251437,0.09363366916659288,0.03729599848156795,0.13092966764816083,9.340385000541573,0.23784400036674924,6.851518999610562,16.560677668167045
0,572,28565.401024092665,28565.401094678,28565.401323031,28565.411573561,28565.411684654,28565.41789879,0.07058533446979709,0.2283530011482071,0.2989383356180042,10.250529998302227,0.11109299884992652,6.214136003109161,16.87469733587932
0,573,28565.434357426,28565.4344264,28565.434639632,28565.444933726,28565.445055254,28565.451357789,0.06897400089656003,0.2132320005330257,0.28220600142958574,10.29409400143777,0.12152799899922684,6.302534999122145,17.000363000988727
0,574,28565.467690759335,28565.467757796,28565.467983982,28565.478289085,28565.478531559,28565.485342726,0.06703666440444067,0.22618599905399606,0.2932226634584367,10.305103001883253,0.24247400142485276,6.81116699706763,17.651966663834173
0,575,28565.501024092668,28565.501096877,28565.501803492,28565.511179997,28565.517558282,28565.523614713,0.07278433258761652,0.7066149992169812,0.7793993318045978,9.376505000545876,6.378285001119366,6.056431000615703,22.590620334085543
0,576,28565.534357426,28565.534426458,28565.534645283,28565.544285169,28565.544525124,28565.551229883,0.06903200119268149,0.21882500004721805,0.28785700123989955,9.639885996875819,0.23995500305318274,6.704758998239413,16.872456999408314
0,577,28565.567690759333,28565.567761881,28565.567977485,28565.578272938,28565.578513487,28565.585373811,0.07112166713341139,0.21560399909503758,0.28672566622844897,10.295453001162969,0.24054899768088944,6.860324003355345,17.68305166842765
0,578,28565.601024092666,28565.601091916,28565.601130073,28565.610472662,28565.610713691,28565.617540579,0.06782333366572857,0.038156998925842345,0.10598033259157091,9.342589000880253,0.24102899988065474,6.826888002251508,16.516486335603986
0,579,28565.634357426,28565.634428451,28565.634648535,28565.644996101,28565.651678415,28565.657689347,0.07102500239852816,0.2200839990109671,0.29110900140949525,10.347565999836661,6.6823140004999,6.010932000208413,23.33192100195447
0,580,28565.667690759332,28565.667783475,28565.667828401,28565.677244963,28565.677489557,28565.685203839,0.09271566887036897,0.04492600055527873,0.1376416694256477,9.41656199938734,0.2445940008328762,7.714281997323269,17.513079666969134
0,581,28565.701024092665,28565.70110689,28565.701358743,28565.711696467,28565.711938941,28565.718301504,0.08279733447125182,0.25185300182783976,0.3346503362990916,10.337723997508874,0.24247400142485276,6.362562999129295,17.277411334362114
0,582,28565.734357426,28565.734428751,28565.734468232,28565.743791126,28565.744057321,28565.75061322,0.07132499740691856,0.039481001294916496,0.11080599870183505,9.322893998614745,0.2661950020410586,6.555898999067722,16.25579399842536
0,583,28565.767690759334,28565.767768212,28565.767987722,28565.778308826,28565.778553837,28565.785079641,0.07745266702841036,0.21950999871478416,0.2969626657431945,10.32110400046804,0.24501100051566027,6.525803997647017,17.388881664373912
0,584,28565.801024092667,28565.801094387,28565.801305462,28565.811674677,28565.818375955,28565.824641544,0.07029433254501782,0.21107499924255535,0.2813693317875732,10.369215000537224,6.701278001855826,6.265588999667671,23.617451333848294
0,585,28565.834357426,28565.834426858,28565.834631748,28565.84471423,28565.851085904,28565.85732829,0.06943200060050003,0.2048899987130426,0.2743219993135426,10.0824820001435,6.3716740005475,6.24238599993987,22.970863999944413
0,586,28565.867690759333,28565.867952395,28565.868173591,28565.87846299,28565.878694908,28565.885424723,0.26163566872128285,0.22119599816505797,0.4828316668863408,10.28939900061232,0.23191799846244976,6.729815002472606,17.733963668433717
0,587,28565.901024092665,28565.90112281,28565.901165699,28565.91049987,28565.910764085,28565.917442085,0.09871733345789835,0.0428890016337391,0.14160633509163745,9.33417099804501,0.2642150029714685,6.67799999791896,16.417992334027076
0,588,28565.934357426,28565.934430132,28565.934647504,28565.94497433,28565.945214007,28565.951840275,0.07270600326592103,0.21737199858762324,0.29007800185354427,10.326825999072753,0.2396769996266812,6.626268001127755,17.482849001680734
0,589,28565.967690759335,28565.967763224,28565.967979975,28565.978315588,28565.978576617,28565.985315757,0.07246466338983737,0.2167510028812103,0.28921566627104767,10.33561299846042,0.26102899937541224,6.73914000071818,17.62499766482506
0,590,28566.001024092668,28566.001106529,28566.001327049,28566.011593466,28566.011854385,28566.018346875,0.08243633055826649,0.22052000349503942,0.3029563340533059,10.266416997183114,0.260919001448201,6.492489999800455,17.322782332485076
0,591,28566.034357426,28566.034429685,28566.034637797,28566.044931836,28566.045167226,28566.051770688,0.07225900117191486,0.208112000109395,0.2803710012813099,10.294038998836186,0.23538999812444672,6.6034619994752575,17.4132619977172
0,592,28566.067690759333,28566.067760462,28566.067799453,28566.077228764,28566.077470969,28566.084138265,0.06970266622374766,0.03899100192938931,0.10869366815313697,9.429310997802531,0.24220500199589878,6.667295998340705,16.447505666292273
0,593,28566.101024092666,28566.101095479,28566.101305823,28566.111557639,28566.111795658,28566.118612419,0.07138633372960612,0.21034399833297357,0.2817303320625797,10.251816001982661,0.23801899806130677,6.816761000663973,17.58832633277052
0,594,28566.134357426,28566.13442633,28566.134634998,28566.145084722,28566.15183063,28566.158237184,0.06890400254633278,0.20866799968644045,0.27757200223277323,10.44972399904509,6.745907998265466,6.406554002751363,23.879758002294693
0,595,28566.167690759332,28566.167781143,28566.16783845,28566.177205585,28566.177469197,28566.184086669,0.09038366988534108,0.0573069992242381,0.14769066910957918,9.367135000502458,0.2636119970702566,6.61747200138052,16.395909668062814
0,596,28566.201024092665,28566.201131263,28566.201191865,28566.210618352,28566.210856465,28566.217599946,0.10717033364926465,0.060602000303333625,0.16777233395259827,9.426487002201611,0.23811299979570322,6.743481000739848,16.57585333668976
0,597,28566.234357426,28566.234440696,28566.234667317,28566.245089068,28566.251700855,28566.257974074,0.0832699988677632,0.22662099945591763,0.30989099832368083,10.421751001558732,6.611786997382296,6.273219001741381,23.61664799900609
0,598,28566.267690759334,28566.267765388,28566.267973491,28566.278332548,28566.278566799,28566.285488966,0.07462866415153258,0.20810300338780507,0.28273166753933765,10.359056999732275,0.2342509978916496,6.92216700190329,17.79820666706655
0,599,28566.301024092667,28566.30109695,28566.301312256,28566.311659878,28566.318508407,28566.324737727,0.07285733227035962,0.21530600133701228,0.2881633336073719,10.347621999244438,6.848528999398695,6.229320002603345,23.71363433485385
0,600,28566.334357426,28566.334424587,28566.334461355,28566.343747526,28566.343994842,28566.350687351,0.06716099960613064,0.03676800042740069,0.10392900003353134,9.286170999985188,0.24731599842198193,6.692509003187297,16.329925001628
0,601,28566.367690759333,28566.367794436,28566.367856075,28566.377152478,28566.377390497,28566.384060108,0.10367666618549265,0.06163900252431631,0.16531566870980896,9.296402997279074,0.23801900169928558,6.669611000688747,16.369348668376915
0,602,28566.401024092665,28566.40125449,28566.40147488,28566.41174601,28566.411988169,28566.418680983,0.23039733423502184,0.220390000322368,0.45078733455738984,10.271129998727702,0.2421589997538831,6.692814000416547,17.65689033345552
0,603,28566.434357426,28566.434464551,28566.434677886,28566.445055545,28566.445117424,28566.45135758,0.10712500079534948,0.2133350026269909,0.3204600034223404,10.377658996731043,0.06187899998622015,6.240156002604635,17.00015400274424
0,604,28566.467690759335,28566.467765476,28566.467977227,28566.478206801,28566.478325636,28566.484696106,0.07471666685887612,0.2117509975505527,0.28646766440942883,10.229573999822605,0.11883499973919243,6.370470000547357,17.005346664518584
0,605,28566.501024092668,28566.501104002,28566.50181533,28566.511177243,28566.517370935,28566.523446293,0.07990933227119967,0.7113280007615685,0.7912373330327682,9.361912998429034,6.193691999214934,6.075358000089182,22.422200330765918
0,606,28566.534357426,28566.534429844,28566.534650539,28566.545129403,28566.552060395,28566.558526264,0.0724179990356788,0.22069500118959695,0.29311300022527575,10.478863998287125,6.930991999979597,6.46586900256807,24.168838001060067
0,607,28566.567690759333,28566.567766648,28566.568029224,28566.579226767,28566.585545358,28566.591596243,0.07588866719743237,0.2625759989314247,0.33846466612885706,11.19754300088971,6.3185910003085155,6.050885000149719,23.9054836674768
0,608,28566.601024092666,28566.601093213,28566.601821947,28566.611187833,28566.617458839,28566.623535392,0.06912033495609649,0.7287339976755902,0.7978543326316867,9.36588600234245,6.271005997405155,6.076552999729756,22.511299332109047
0,609,28566.634357426,28566.634431868,28566.634488674,28566.644444553,28566.650657365,28566.656585,0.0744419994589407,0.05680600224877708,0.13124800170771778,9.955878998880507,6.212812000740087,5.927635000261944,22.227574001590256
0,610,28566.667690759332,28566.667763016,28566.667925321,28566.677688403,28566.677902988,28566.684805609,0.07225666922749951,0.1623049975023605,0.23456166672986,9.76308200188214,0.2145850012311712,6.902620996697806,17.114849666540977
0,611,28566.701024092665,28566.701092144,28566.701169923,28566.711403599,28566.717412632,28566.723428165,0.06805133671150543,0.0777789973653853,0.14583033407689072,10.233676002826542,6.009032997098984,6.015533002937445,22.404072336939862
0,612,28566.734357426,28566.734432615,28566.734482097,28566.744565005,28566.751353783,28566.757939189,0.07518900019931607,0.04948199784848839,0.12467099804780446,10.082908000185853,6.788777998735895,6.585406001249794,23.581762998219347
0,613,28566.767690759334,28566.767769882,28566.768484581,28566.777932124,28566.784054009,28566.790324006,0.07912266664789058,0.7146989992179442,0.7938216658658348,9.447543001442682,6.121884998719906,6.269997000345029,22.633246666373452
0,614,28566.801024092667,28566.801099159,28566.801807034,28566.811618791,28566.817267434,28566.823531876,0.07506633482989855,0.7078749986249022,0.7829413334548008,9.811756997805787,5.648643000313314,6.2644420031574555,22.507783334731357
0,615,28566.834357426,28566.834425889,28566.834636214,28566.84496578,28566.845186754,28566.851877873,0.0684629994793795,0.21032500080764294,0.27878800028702244,10.329566001018975,0.22097399778431281,6.6911190006067045,17.520446999697015
0,616,28566.867690759333,28566.867758849,28566.867970934,28566.878355797,28566.878569289,28566.885156973,0.06808966645621695,0.2120850003848318,0.28017466684104875,10.3848629987624,0.21349200324038975,6.587683998077409,17.46621366692125
0,617,28566.901024092665,28566.901089995,28566.901126523,28566.910478574,28566.910523074,28566.916716442,0.06590233533643186,0.036527999327518046,0.1024303346639499,9.352050998131745,0.04450000051292591,6.193368000822375,15.692349334130995
0,618,28566.934357426,28566.934425798,28566.934481141,28566.944439658,28566.950942231,28566.957397776,0.06837200271547772,0.055342999985441566,0.12371500270091929,9.958516999176936,6.502573000034317,6.455545000790153,23.040350002702326
0,619,28566.967690759335,28566.967761361,28566.96796975,28566.977675545,28566.977921389,28566.984799047,0.07060166535666212,0.20838899945374578,0.2789906648104079,9.705795000627404,0.24584399943705648,6.877658001030795,17.108287665905664
0,620,28567.001024092668,28567.001091172,28567.001311156,28567.01094744,28567.011193367,28567.01794208,0.06707933061989024,0.21998400188749656,0.2870633325073868,9.636284001317108,0.24592699992354028,6.748712999979034,16.91798733372707
0,621,28567.034357426,28567.034424272,28567.034635106,28567.044308761,28567.044550643,28567.051305448,0.066845997935161,0.21083400133647956,0.27767999927164055,9.673655000369763,0.24188200040953234,6.754804999218322,16.94802199926926
0,622,28567.067690759333,28567.067761926,28567.067972503,28567.078288273,28567.078530533,28567.085587896,0.07116666529327631,0.21057699996163137,0.2817436652549077,10.31577000321704,0.2422599973215256,7.057363000058103,17.897136665851576
0,623,28567.101024092666,28567.101091981,28567.101315714,28567.111630493,28567.111871532,28567.118327086,0.06788833343307488,0.2237330008938443,0.29162133432691917,10.314778999600094,0.24103900068439543,6.455553997511743,17.30299333212315
0,624,28567.134357426,28567.134424907,28567.134632426,28567.144986465,28567.14522666,28567.15182754,0.06748099985998124,0.20751900228788145,0.2750000021478627,10.354038997320458,0.24019500051508658,6.600880002224585,17.470114002207993
0,625,28567.167690759332,28567.167758896,28567.167969591,28567.178272685,28567.178541817,28567.185176131,0.06813666914240457,0.2106949978042394,0.27883166694664396,10.303094000846613,0.26913200053968467,6.634313998802099,17.48537166713504
0,626,28567.201024092665,28567.201091636,28567.201325553,28567.211578018,28567.211822019,28567.218593852,0.06754333662684076,0.23391699869534932,0.3014603353221901,10.252464999211952,0.24400099937338382,6.77183300285833,17.569759336765856
0,627,28567.234357426,28567.234424765,28567.235281269,28567.244740321,28567.250751503,28567.256798897,0.06733899863320403,0.8565040006942581,0.9238429993274622,9.459051998419454,6.011182002112037,6.047393999324413,22.441470999183366
0,628,28567.267690759334,28567.267759337,28567.267977857,28567.278236849,28567.27850423,28567.285250961,0.06857766493340023,0.2185199991799891,0.28709766411338933,10.25899200249114,0.26738099768408574,6.7467310000211,17.560201664309716
0,629,28567.301024092667,28567.301092179,28567.301312291,28567.311582043,28567.311817673,28567.318029587,0.06808633406762965,0.22011200053384528,0.2881983346014749,10.269751997839194,0.23562999922432937,6.211914002051344,17.005494333716342
0,630,28567.334357426,28567.334425307,28567.334656744,28567.345102672,28567.351500642,28567.357476518,0.06788099926779978,0.23143699945649132,0.2993179987242911,10.445928000990534,6.397969998943154,5.975875999865821,23.1190919985238
0,631,28567.367690759333,28567.367757547,28567.367967335,28567.377608508,28567.377852983,28567.384433306,0.06678766658296809,0.20978800239390694,0.276575668976875,9.641172997362446,0.24447500254609622,6.580322999070631,16.74254666795605
0,632,28567.401024092665,28567.401091203,28567.401330019,28567.411598215,28567.411847633,28567.418336779,0.06711033347528428,0.23881600282038562,0.3059263362956699,10.268195997923613,0.24941800074884668,6.489145998784807,17.312686333752936
0,633,28567.434357426,28567.434465758,28567.434694806,28567.445086946,28567.451593121,28567.457428542,0.10833200212800875,0.22904800061951391,0.33738000274752267,10.392140000476502,6.506174999231007,5.835420997755136,23.071116000210168
0,634,28567.467690759335,28567.467767154,28567.467825896,28567.477170142,28567.477223744,28567.483374426,0.07639466639375314,0.058741999964695424,0.13513666635844857,9.344245998363476,0.05360200157156214,6.150681998406071,15.683666664699558
0,635,28567.501024092668,28567.501095051,28567.50113132,28567.510424464,28567.510470576,28567.516472359,0.0709583327989094,0.036269000702304766,0.10722733350121416,9.293143997638253,0.04611199983628467,6.001783000101568,15.44826633107732
0,636,28567.534357426,28567.534429818,28567.534638848,28567.545023683,28567.551571284,28567.557453465,0.07239199840114452,0.20903000040561892,0.28142199880676344,10.384835000877501,6.5476009986014105,5.882181001652498,23.096038999938173
0,637,28567.567690759333,28567.567757503,28567.567962857,28567.578272423,28567.578505961,28567.584986866,0.06674366522929631,0.2053540010820143,0.2720976663113106,10.309566001524217,0.2335379977012053,6.4809050018084235,17.296106667345157
0,638,28567.601024092666,28567.601092769,28567.601307576,28567.611666762,28567.618366086,28567.624277582,0.06867633419460617,0.21480699797393754,0.2834833321685437,10.359186002460774,6.699323999782791,5.911495998589089,23.2534893330012
0,639,28567.634357426,28567.634429212,28567.634635889,28567.644916389,28567.645133613,28567.651463304,0.07178600208135322,0.20667699936893769,0.2784630014502909,10.28049999877112,0.21722400197177194,6.3296909975179005,17.105877999711083
0,640,28567.667690759332,28567.667762209,28567.667970793,28567.678259387,28567.678479767,28567.686452107,0.07144966730265878,0.2085840023937635,0.2800336696964223,10.288593999575824,0.2203799995186273,7.972339997650124,18.761347666440997
0,641,28567.701024092665,28567.701091799,28567.70137005,28567.711625385,28567.718158152,28567.724026239,0.0677063362672925,0.27825099823530763,0.34595733450260013,10.255335000692867,6.532767001772299,5.86808699881658,23.002146335784346
0,642,28567.734357426,28567.734424685,28567.734634243,28567.745003753,28567.751707076,28567.757891972,0.06725899947923608,0.20955799845978618,0.27681699793902226,10.369510000600712,6.703323000692762,6.184895999467699,23.534545998700196
0,643,28567.767690759334,28567.767759016,28567.767968999,28567.778452723,28567.785051564,28567.790934587,0.06825666423537768,0.20998300169594586,0.27823966593132354,10.48372399964137,6.598840998776723,5.883023000933463,23.24382766528288
0,644,28567.801024092667,28567.801091264,28567.801800712,28567.81116518,28567.817396084,28567.82318307,0.06717133146594279,0.7094480024534278,0.7766193339193705,9.364467998238979,6.230904000403825,5.7869859992933925,22.158977331855567
0,645,28567.834357426,28567.83442516,28567.835130034,28567.844538392,28567.850467563,28567.856417476,0.06773399945814162,0.7048740008031018,0.7726080002612434,9.408358000655426,5.929170998570044,5.9499130002222955,22.06004999970901
0,646,28567.867690759333,28567.867759641,28567.86797216,28567.878292643,28567.87838143,28567.885115597,0.06888166899443604,0.21251899670460261,0.28140066569903865,10.320483001123648,0.0887870010046754,6.7341670001042075,17.42483766793157
0,647,28567.901024092665,28567.901136066,28567.901203779,28567.910904638,28567.910982518,28567.917377035,0.1119733351515606,0.06771300104446709,0.1796863361960277,9.7008589982579,0.07787999857100658,6.394517000444466,16.3529423334694
0,648,28567.934357426,28567.934435277,28567.934474305,28567.944115386,28567.944172239,28567.950462319,0.07785100024193525,0.039028000173857436,0.11687900041579269,9.641081000154372,0.056853001296985894,6.29008000032627,16.10489300219342
0,649,28567.967690759335,28567.967760414,28567.96779061,28567.977337856,28567.977394245,28567.983661614,0.06965466673136689,0.030195998988347128,0.09985066571971402,9.547245997964637,0.056389002565992996,6.267368997214362,15.970854663464706
0,650,28568.001024092668,28568.001094016,28568.001132692,28568.010692476,28568.010750374,28568.016986094,0.06992333146627061,0.03867600025841966,0.10859933172469027,9.559784000884974,0.05789799979538657,6.235720000404399,15.96200133280945
0,651,28568.034357426,28568.034426181,28568.034464783,28568.044030272,28568.044080698,28568.050213231,0.06875499821035191,0.03860200013150461,0.10735699834185652,9.5654890028527,0.050425998779246584,6.132532998890383,15.855804998864187
0,652,28568.067690759333,28568.068033441,28568.068088774,28568.077633688,28568.077687494,28568.083852565,0.3426816656428855,0.05533300281967968,0.39801466846256517,9.54491399897961,0.053805997595191,6.165071001305478,16.161805666342843
0,653,28568.101024092666,28568.10110654,28568.101150633,28568.11067813,28568.110734019,28568.116998174,0.08244733544415794,0.044092997995903715,0.12654033344006166,9.527497000817675,0.05588899875874631,6.264154999371385,15.974081332387868
0,654,28568.134357426,28568.13442927,28568.134464474,28568.143988203,28568.144063166,28568.150337645,0.07184400237747468,0.035203996958443895,0.10704799933591858,9.523729000648018,0.07496300167986192,6.2744789975113235,15.980218999175122
0,655,28568.167690759332,28568.167959539,28568.168066179,28568.177626583,28568.177687768,28568.183882109,0.26877966956817545,0.10664000001270324,0.3754196695808787,9.560403999785194,0.061184997321106493,6.194341000082204,16.191349666769383
0,656,28568.201024092665,28568.201337501,28568.20140364,28568.210950452,28568.211025285,28568.217208356,0.31340833447757177,0.0661390004097484,0.3795473348873202,9.546812001644867,0.0748329985071905,6.183071000123164,16.18426333516254
0,657,28568.234357426,28568.23463334,28568.234699952,28568.244326644,28568.244507469,28568.25074217,0.27591399702942,0.06661200313828886,0.34252600016770884,9.626691997254966,0.18082500173477456,6.234700998902554,16.384743998060003
0,658,28568.267690759334,28568.267769643,28568.26780631,28568.277399445,28568.277457899,28568.283662461,0.07888366599217989,0.036666999221779406,0.11555066521395929,9.593135000613984,0.05845399937243201,6.204561999766156,15.971701664966531
0,659,28568.301024092667,28568.301296308,28568.30136228,28568.310921508,28568.310993519,28568.317034116,0.2722153330978472,0.06597199899260886,0.33818733209045604,9.559228001307929,0.07201100015663542,6.040596999810077,16.010023333365098
0,660,28568.334357426,28568.334635287,28568.334701407,28568.344292858,28568.344356932,28568.350648152,0.2778609996312298,0.06611999924643897,0.34398099887766875,9.591451002052054,0.06407399996533059,6.291220001003239,16.290726001898292
0,661,28568.367690759333,28568.36797083,28568.368052359,28568.377643597,28568.377708643,28568.383904834,0.2800706679408904,0.08152900045388378,0.3615996683947742,9.591237998392899,0.06504599878098816,6.19619100325508,16.21407466882374
0,662,28568.401024092665,28568.401303949,28568.401368597,28568.410876223,28568.410942918,28568.417228045,0.2798563327814918,0.06464800026151352,0.3445043330430053,9.507626000413438,0.06669499998679385,6.285127001319779,16.203952334763017
0,663,28568.434357426,28568.434439991,28568.434476029,28568.443978136,28568.444086868,28568.450558904,0.08256500223069452,0.03603799996199086,0.11860300219268538,9.502107001026161,0.10873199789784849,6.472036002378445,16.20147800349514
0,664,28568.467690759335,28568.467961667,28568.468204603,28568.478549688,28568.478798468,28568.485686255,0.27090766525361687,0.24293599926750176,0.5138436645211186,10.345085000153631,0.2487800011294894,6.887786999868695,17.995495665672934
0,665,28568.501024092668,28568.501297952,28568.501360999,28568.51078568,28568.511031562,28568.517534811,0.2738593320827931,0.0630469985480886,0.3369063306308817,9.424681000382407,0.24588200176367536,6.503248998342315,16.51071833111928
0,666,28568.534357426,28568.534635572,28568.534720489,28568.544079578,28568.54431394,28568.550812374,0.27814599889097735,0.084916999185225,0.36306299807620235,9.359089002828114,0.2343619999010116,6.498433998785913,16.45494799959124
0,667,28568.567690759333,28568.567967922,28568.568204202,28568.578572564,28568.584913794,28568.590793789,0.2771626677713357,0.23628000053577125,0.5134426683071069,10.368362000008347,6.341229996905895,5.879995002032956,23.103029667254305
0,668,28568.601024092666,28568.601302792,28568.601540358,28568.611831183,28568.611891646,28568.618011236,0.278699335467536,0.23756599694024771,0.5162653324077837,10.290825000993209,0.060463000409072265,6.1195900016173255,16.98714333542739
0,669,28568.634357426,28568.634514512,28568.634724208,28568.645140284,28568.651559847,28568.657615612,0.1570860003994312,0.2096960015478544,0.3667820019472856,10.41607599836425,6.419563000235939,6.0557649994734675,23.25818600002094
0,670,28568.667690759332,28568.667785149,28568.668103716,28568.678445171,28568.685027365,28568.692716648,0.09438966662855819,0.31856700297794305,0.41295666960650124,10.341454999434063,6.582194000657182,7.6892830002179835,25.02588866991573
0,671,28568.701024092665,28568.701314613,28568.701553067,28568.711871893,28568.711991477,28568.718303632,0.29052033642074093,0.23845399846322834,0.5289743348839693,10.318826000002446,0.1195840013679117,6.3121549974312074,17.279539333685534
0,672,28568.734357426,28568.734432582,28568.73464712,28568.745107289,28568.751364666,28568.757621099,0.07515600009355694,0.21453799854498357,0.2896939986385405,10.460168999998132,6.257377001020359,6.256433000089601,23.263672999746632
0,673,28568.767690759334,28568.767971999,28568.76822962,28568.778621946,28568.785549606,28568.79177189,0.2812396669469308,0.25762099903658964,0.5388606659835204,10.392325999418972,6.927660000656033,6.222283998795319,24.081130664853845
0,674,28568.801024092667,28568.801313312,28568.801547481,28568.811809482,28568.811870408,28568.818279703,0.2892193333536852,0.23416900148731656,0.5233883348410018,10.26200099659036,0.06092600233387202,6.4092949978658,17.255610331631033
0,675,28568.834357426,28568.834468968,28568.835221453,28568.844612756,28568.850085776,28568.856080911,0.11154200183227658,0.7524849970650394,0.8640269988973159,9.391302999574691,5.4730200026824605,5.995134997647256,21.723484998801723
0,676,28568.867690759333,28568.867964051,28568.868198479,28568.878608767,28568.885450722,28568.891508625,0.27329166914569214,0.23442799647455104,0.5077196656202432,10.410288003185997,6.841954997071298,6.057903003238607,23.817865669116145
0,677,28568.901024092665,28568.901298522,28568.901542662,28568.911860803,28568.912114286,28568.918303792,0.27442933424026705,0.24413999926764518,0.5185693335079122,10.31814100133488,0.2534829982323572,6.1895060025563,17.27969933563145
0,678,28568.934357426,28568.934630531,28568.934864421,28568.9452872,28568.951889746,28568.957947686,0.27310500081512146,0.2338900012546219,0.5069950020697434,10.422778999782167,6.6025460000673775,6.057940001483075,23.590260003402364
0,679,28568.967690759335,28568.967962519,28568.968202288,28568.978487104,28568.978721309,28568.985365735,0.2717596653383225,0.23976900047273375,0.5115286658110563,10.284815998602426,0.23420499928761274,6.644426001003012,17.674975664704107
0,680,28569.001024092668,28569.001099025,28569.00131073,28569.011596878,28569.011846417,28569.018313591,0.07493233351851813,0.21170499894651584,0.286637332465034,10.286148000886897,0.24953899992397055,6.467174000135856,17.289498333411757
0,681,28569.034357426,28569.034626171,28569.034868395,28569.045134794,28569.045423184,28569.051928951,0.26874499963014387,0.24222399952122942,0.5109689991513733,10.266399000101956,0.28839000151492655,6.505766999907792,17.571525000676047
0,682,28569.067690759333,28569.067963178,28569.068217624,28569.078573467,28569.078825979,28569.085191838,0.27241866700933315,0.25444600032642484,0.526864667335758,10.355842998251319,0.2525119998608716,6.365859000652563,17.50107866610051
0,683,28569.101024092666,28569.101301499,28569.101546066,28569.111888345,28569.118560585,28569.124728822,0.2774063323158771,0.24456699975416996,0.521973332070047,10.34227900163387,6.672240000625607,6.168236999656074,23.704729333985597
0,684,28569.134357426,28569.134632284,28569.134864906,28569.145303667,28569.14555839,28569.151738239,0.2748580009210855,0.2326219982933253,0.5074799992144108,10.438761000841623,0.2547229996707756,6.17984900236479,17.3808130020916
0,685,28569.167690759332,28569.167967531,28569.168207042,28569.178624192,28569.18529809,28569.191226723,0.2767716687230859,0.2395109986537136,0.5162826673767995,10.417150002467679,6.673897998553002,5.928632999712136,23.535963668109616
0,686,28569.201024092665,28569.201101047,28569.201317529,28569.211552234,28569.211616346,28569.218172382,0.07695433669141494,0.21648199981427751,0.29343633650569245,10.23470499785617,0.06411200229194947,6.556035998073639,17.14828933472745
0,687,28569.234357426,28569.234625963,28569.234859659,28569.245155364,28569.245409986,28569.251915161,0.2685369981918484,0.23369600239675492,0.5022330005886033,10.295704996678978,0.2546220021031331,6.505174998892471,17.557734998263186
0,688,28569.267690759334,28569.267993425,28569.268340992,28569.278689114,28569.28556393,28569.291735297,0.3026656668225769,0.34756699824356474,0.6502326650661416,10.348121999413706,6.874816001072759,6.171367000206374,24.04453766575898
0,689,28569.301024092667,28569.301288525,28569.301512342,28569.311855251,28569.318586196,28569.324612951,0.26443233218742535,0.22381700182450004,0.4882493340119254,10.342908997699851,6.730945002345834,6.026754999766126,23.588858333823737
0,690,28569.334357426,28569.334645265,28569.334920045,28569.345351704,28569.345635641,28569.352088519,0.28783900052076206,0.2747799990174826,0.5626189995382447,10.431659000460058,0.28393699903972447,6.452878002164653,17.73109300120268
0,691,28569.367690759333,28569.36796119,28569.368232793,28569.37852274,28569.378755667,28569.385503898,0.27043066802434623,0.2716029994189739,0.5420336674433202,10.289947000273969,0.23292699916055426,6.748231000528904,17.813138667406747
0,692,28569.401024092665,28569.401114966,28569.401338856,28569.411562245,28569.411623468,28569.417904133,0.09087333455681801,0.22389000150724314,0.31476333606406115,10.223388999293093,0.061222999647725374,6.280664998485008,16.880040333489887
0,693,28569.434357426,28569.434624039,28569.434862319,28569.445223598,28569.445355414,28569.451595633,0.26661300216801465,0.23828000121284276,0.5048930033808574,10.361278997152112,0.131815999338869,6.240219001483638,17.238207001355477
0,694,28569.467690759335,28569.468016752,28569.468764266,28569.478290123,28569.484247055,28569.490314032,0.3259926634200383,0.7475140009773895,1.0735066643974278,9.525856999971438,5.9569320001173764,6.066976999136386,22.62327266362263
0,695,28569.501024092668,28569.501312529,28569.501641891,28569.511962587,28569.5185623,28569.524748936,0.28843633117503487,0.32936200295807794,0.6177983341331128,10.320695997506846,6.59971300046891,6.186636001075385,23.724843333184253
0,696,28569.534357426,28569.534622647,28569.534686148,28569.544018977,28569.544297024,28569.550905858,0.26522099869907834,0.0635010001133196,0.32872199881239794,9.332829002232756,0.27804699857369997,6.608833999052877,16.54843199867173
0,697,28569.567690759333,28569.567973211,28569.568103647,28569.578175989,28569.584612043,28569.590611863,0.28245166686247103,0.1304360011999961,0.41288766806246713,10.072342000057688,6.436053998186253,5.999820001306944,22.92110366761335
0,698,28569.601024092666,28569.6010998,28569.601316181,28569.611574765,28569.61163283,28569.618024457,0.07570733214379288,0.21638100224663503,0.2920883343904279,10.258583999529947,0.05806500121252611,6.39162699735607,17.00036433248897
0,699,28569.634357426,28569.634625873,28569.634860985,28569.645207495,28569.651664493,28569.65770286,0.26844700187211856,0.235111998335924,0.5035590002080426,10.346510000090348,6.4569980022497475,6.038366998836864,23.345434001385
0,700,28569.667690759332,28569.66779161,28569.668020713,28569.676661881,28569.67675278,28569.68336351,0.10085066969622858,0.22910299958311953,0.3299536692793481,8.641167998575838,0.09089900049730204,6.61073000082979,15.672750669182278
0,701,28569.701024092665,28569.70112545,28569.701352201,28569.711577257,28569.711637684,28569.717903171,0.10135733464267105,0.22675099899061024,0.3281083336332813,10.225056001218036,0.060426998970797285,6.265487001655856,16.87907833547797
0,702,28569.734357426,28569.734433104,28569.734713356,28569.74501045,28569.745239868,28569.751732227,0.0756779991206713,0.2802519993565511,0.3559299984772224,10.297093998815399,0.22941800125408918,6.49235899982159,17.3748009983683
0,703,28569.767690759334,28569.767760399,28569.767970927,28569.778425475,28569.778660144,28569.785167484,0.06963966734474525,0.21052800002507865,0.2801676673698239,10.454547998961061,0.23466899801860563,6.507340000098338,17.47672466444783
0,704,28569.801024092667,28569.801091386,28569.801308999,28569.811568352,28569.811825602,28569.818360222,0.06729333472321741,0.21761300013167784,0.28490633485489525,10.259352999128168,0.2572499979578424,6.534620002639713,17.33612933458062
0,705,28569.834357426,28569.834672645,28569.835432214,28569.844868988,28569.850946726,28569.856948009,0.315219000185607,0.7595690003654454,1.0747880005510524,9.436773998459103,6.077738002204569,6.0012829999323,22.590583001147024
0,706,28569.867690759333,28569.867955532,28569.868693499,28569.878211423,28569.88426503,28569.890187276,0.2647726687428076,0.737966998713091,1.0027396674558986,9.517924001556821,6.053606997738825,5.922246000409359,22.496516667160904
0,707,28569.901024092665,28569.901319735,28569.901567829,28569.911957627,28569.918561118,28569.924589188,0.2956423340947367,0.24809400201775134,0.5437363361124881,10.389797997049754,6.603491001442308,6.028069998137653,23.565095332742203
0,708,28569.934357426,28569.934637308,28569.934964264,28569.94535647,28569.951618671,28569.957597157,0.27988200235995464,0.3269560002081562,0.6068380025681108,10.39220600068802,6.262200997298351,5.97848600227735,23.23973100283183
0,709,28569.967690759335,28569.967963715,28569.968198549,28569.977903983,28569.977964548,28569.984433769,0.27295566542306915,0.23483399854740128,0.5077896639704704,9.705434000352398,0.0605650020588655,6.469220999861136,16.74300966624287
0,710,28570.001024092668,28570.001099805,28570.001316686,28570.011607363,28570.011861124,28570.018325011,0.07571233072667383,0.2168810024159029,0.29259333314257674,10.290677000739379,0.2537609980208799,6.463886998972157,17.300918330874993
0,711,28570.034357426,28570.034631601,28570.034882482,28570.045242002,28570.045351299,28570.051640705,0.27417499950388446,0.2508809993742034,0.5250559988780878,10.359520001657074,0.10929699783446267,6.289406002906617,17.28327900127624
0,712,28570.067690759333,28570.067984712,28570.06835351,28570.078727021,28570.085361344,28570.091266673,0.29395266756182536,0.3687979988171719,0.6627506663789973,10.373510998761049,6.634323002799647,5.905328998778714,23.575913666718407
0,713,28570.101024092666,28570.10134196,28570.101581906,28570.11186462,28570.111928704,28570.11850187,0.31786733234184794,0.239946002693614,0.5578133350354619,10.28271399991354,0.06408399713109247,6.57316600336344,17.477777335443534
0,714,28570.134357426,28570.134637117,28570.134872534,28570.145307064,28570.145557149,28570.152057916,0.2796910011966247,0.23541699920315295,0.5151080003997777,10.434529998747166,0.2500850023352541,6.500766998215113,17.70048999969731
0,715,28570.167690759332,28570.167960411,28570.168182023,28570.178223728,28570.184199269,28570.190221859,0.2696516676223837,0.2216120010416489,0.4912636686640326,10.041704998002388,5.975541000225348,6.022590001521166,22.531099668412935
0,716,28570.201024092665,28570.201117808,28570.201331975,28570.211588994,28570.211830014,28570.218480496,0.09371533451485448,0.21416700110421516,0.30788233561906964,10.257018999254797,0.241019999521086,6.650482002442004,17.456403336836956
0,717,28570.234357426,28570.234624714,28570.234953642,28570.245220746,28570.245489062,28570.251925134,0.26728800003184006,0.3289279993623495,0.5962159993941896,10.267104000377003,0.2683159982552752,6.436072002543369,17.567708000569837
0,718,28570.267690759334,28570.267969177,28570.2682179,28570.278492965,28570.278738051,28570.285269235,0.2784176649583969,0.24872300127753988,0.5271406662359368,10.275065000314498,0.24508600108674727,6.531183997140033,17.578475664777216
0,719,28570.301024092667,28570.301301712,28570.301549389,28570.311831622,28570.311953095,28570.318381538,0.2776193323370535,0.24767700233496726,0.5252963346720207,10.282232997269602,0.12147300003562123,6.4284430009138305,17.357445332891075
0,720,28570.334357426,28570.334674368,28570.334918841,28570.345310926,28570.34543676,28570.351911591,0.31694200151832774,0.2444729980197735,0.5614149995381013,10.392085001512896,0.12583399802679196,6.474830999650294,17.554164998728083
0,721,28570.367690759333,28570.367962448,28570.368204135,28570.378470339,28570.378694498,28570.385551397,0.2716886665439233,0.24168700110749342,0.5133756676514167,10.266204000799917,0.2241589972982183,6.856899002741557,17.86063766849111
0,722,28570.401024092665,28570.401099112,28570.401314622,28570.411651318,28570.411894837,28570.418357447,0.07501933578168973,0.21550999736064114,0.29052933314233087,10.336696002923418,0.24351899992325343,6.4626099992892705,17.333354335278273
0,723,28570.434357426,28570.434640545,28570.434877361,28570.445310215,28570.451626231,28570.457615208,0.2831190031429287,0.2368159985053353,0.519935001648264,10.432854000100633,6.316015998891089,5.988977001834428,23.257782002474414
0,724,28570.467690759335,28570.467968978,28570.468216738,28570.477847847,28570.477906087,28570.484141686,0.2782186638796702,0.24776000282145105,0.5259786667011213,9.631108998291893,0.058239998907083645,6.235599001229275,16.450926665129373
0,725,28570.501024092668,28570.501307521,28570.501558078,28570.511848551,28570.51209309,28570.518575746,0.2834283332049381,0.250556997343665,0.5339853305486031,10.290473001077771,0.24453900186927058,6.482655997388065,17.55165333088371
0,726,28570.534357426,28570.534635806,28570.534869317,28570.545211494,28570.545337642,28570.551672621,0.2783800009638071,0.23351100026047789,0.511891001224285,10.342176999984076,0.12614799925358966,6.334978999802843,17.315195000264794
0,727,28570.567690759333,28570.567961174,28570.568728048,28570.578108572,28570.583730752,28570.589622432,0.27041466819355264,0.7668739999644458,1.0372886681579985,9.38052399942535,5.622180000500521,5.891679997148458,21.931672665232327
0,728,28570.601024092666,28570.601118079,28570.601333664,28570.611574035,28570.611631488,28570.617962681,0.09398633483215235,0.21558499793172814,0.3095713327638805,10.240371000691084,0.0574529985897243,6.331193002552027,16.938588334596716
0,729,28570.634357426,28570.634474318,28570.634704199,28570.645006016,28570.64507372,28570.651348356,0.11689200255204923,0.22988099954091012,0.34677300209295936,10.301816997525748,0.06770400068489835,6.274636001762701,16.990930002066307
0,730,28570.667690759332,28570.667777364,28570.668476627,28570.677910586,28570.683845499,28570.690578202,0.08660466846777126,0.699263000569772,0.7858676690375432,9.433958999579772,5.934912998782238,6.732703001034679,22.887442668434232
0,731,28570.701024092665,28570.701102779,28570.70133128,28570.711868736,28570.711928848,28570.71748211,0.07868633474572562,0.22850100140203722,0.30718733614776284,10.537456000747625,0.060111997299827635,5.553262002649717,16.458017336844932
0,732,28570.734357426,28570.734426158,28570.734643141,28570.744844049,28570.744902549,28570.750663599,0.06873199890833348,0.21698300042771734,0.2857149993360508,10.200908000115305,0.058499997976468876,5.761050000728574,16.3061729981564
0,733,28570.767690759334,28570.767759823,28570.768479355,28570.777897268,28570.783410946,28570.789175034,0.06906366616021842,0.7195319994934835,0.7885956656537019,9.417912999197142,5.513677999260835,5.764088000432821,21.4842746645445
0,734,28570.801024092667,28570.801303971,28570.801552815,28570.811875048,28570.818065536,28570.823545548,0.2798783316393383,0.24884400045266375,0.528722332092002,10.322232999897096,6.190488002175698,5.480011997860856,22.521455332025653
0,735,28570.834357426,28570.834627581,28570.834863739,28570.845154982,28570.845475743,28570.851345053,0.27015500018023886,0.23615800091647543,0.5063130010967143,10.291242997482186,0.32076100251288153,5.869309999980032,16.987627001071814
0,736,28570.867690759333,28570.867808487,28570.868050738,28570.878258275,28570.878503787,28570.884869155,0.11772766811191104,0.24225100059993565,0.3599786687118467,10.20753699776833,0.2455120011291001,6.365368000842864,17.17839566845214
0,737,28570.901024092665,28570.901298967,28570.901363412,28570.910702279,28570.91093965,28570.916960924,0.2748743354459293,0.06444499740609899,0.3393193328520283,9.338867002952611,0.2373709976382088,6.021274002705468,15.936831336148316
0,738,28570.934357426,28570.934619207,28570.934681356,28570.943893222,28570.943943092,28570.95016645,0.26178100233664736,0.06214899985934608,0.32393000219599344,9.211865999532165,0.04986999920220114,6.22335799926077,15.80902400019113
0,739,28570.967690759335,28570.967986908,28570.968265559,28570.978463327,28570.97870156,28570.984840742,0.29614866434712894,0.278651001281105,0.5747996656282339,10.197767998761265,0.23823300216463394,6.139181998150889,17.14998266470502
0,740,28571.001024092668,28571.00129586,28571.001523824,28571.01170775,28571.011766361,28571.01761631,0.27176733055966906,0.22796400298830122,0.4997313335479703,10.183925998717314,0.05861099998583086,5.849949000548804,16.59221733279992
0,741,28571.034357426,28571.034454736,28571.034662459,28571.044916543,28571.044983506,28571.050822881,0.09730999954626895,0.2077229983115103,0.30503299785777926,10.254084001644515,0.06696299897157587,5.8393750005052425,16.465454998979112
0,742,28571.067690759333,28571.067969938,28571.068233236,28571.078425773,28571.078651635,28571.084674066,0.2791786682792008,0.26329799948143773,0.5424766677606385,10.19253699996625,0.22586200066143647,6.022431000019424,16.98330666840775
0,743,28571.101024092666,28571.10110474,28571.101309556,28571.111517159,28571.111580038,28571.117332967,0.0806473326520063,0.20481600222410634,0.28546333487611264,10.207602997979848,0.06287900032475591,5.752928998845164,16.30887433202588
0,744,28571.134357426,28571.134430802,28571.134636952,28571.145032851,28571.150974763,28571.156395719,0.07337600254686549,0.20614999812096357,0.27952600066782907,10.39589900028659,5.941912000707816,5.420956000307342,22.038293001969578
0,745,28571.167690759332,28571.167950245,28571.168179996,28571.177794465,28571.177881976,28571.18356446,0.25948566690203734,0.2297510000062175,0.48923666690825485,9.614468999643577,0.08751100176596083,5.68248399940785,15.873700667725643
0,746,28571.201024092665,28571.201302594,28571.201568466,28571.212250239,28571.217022783,28571.222861991,0.27850133483298123,0.26587200045469217,0.5443733352876734,10.681773001124384,4.7725439981149975,5.839207999088103,21.837898333615158
0,747,28571.234357426,28571.234436389,28571.234642251,28571.244235165,28571.244462703,28571.250422875,0.07896299939602613,0.20586200116667897,0.2848250005627051,9.592913997039432,0.2275380029459484,5.9601719985948876,16.065448999142973
0,748,28571.267690759334,28571.26795049,28571.26818363,28571.277806221,28571.278052889,28571.284117996,0.25973066658480093,0.23313999918173067,0.4928706657665316,9.62259100197116,0.24666799799888395,6.065107001631986,16.42723666736856
0,749,28571.301024092667,28571.301297906,28571.301559509,28571.31196676,28571.317551051,28571.322989581,0.27381333347875625,0.26160299967159517,0.5354163331503514,10.407251000287943,5.58429100055946,5.438529999082675,21.96548833308043
0,750,28571.334357426,28571.334626089,28571.334853988,28571.345294473,28571.350985106,28571.357042195,0.268662999587832,0.2278989995829761,0.4965619991708081,10.440485002618516,5.6906329991761595,6.057088998204563,22.684768999170046
0,751,28571.367690759333,28571.367960524,28571.368213923,28571.377845976,28571.377902384,28571.384171113,0.26976466688211076,0.25339900093968026,0.523163667821791,9.632052999222651,0.05640800009132363,6.268729001021711,16.480353668157477
0,752,28571.401024092665,28571.401299281,28571.401527876,28571.411947683,28571.41857796,28571.424631652,0.2751883330347482,0.22859500313643366,0.5037833361711819,10.41980699665146,6.630277002841467,6.053691999113653,23.60755933477776
0,753,28571.434357426,28571.434629059,28571.434866254,28571.445333173,28571.451693644,28571.457635121,0.271633001830196,0.2371949994994793,0.5088280013296753,10.466919000464259,6.36047100124415,5.941477000305895,23.27769500334398
0,754,28571.467690759335,28571.468021882,28571.468259522,28571.47866319,28571.47879945,28571.48514605,0.3311226646474097,0.23764000070514157,0.5687626653525513,10.403667998616584,0.13626000145450234,6.346599999233149,17.455290664656786
0,755,28571.501024092668,28571.501099277,28571.501315843,28571.511622076,28571.511684428,28571.518066843,0.07518433267250657,0.21656600074493326,0.29175033341743983,10.306232998118503,0.062351999076781794,6.3824150020082016,17.042750332620926
0,756,28571.534357426,28571.53471938,28571.534967844,28571.545338965,28571.545569096,28571.552116855,0.3619540002546273,0.2484639990143478,0.6104179992689751,10.3711209994799,0.23013100144453347,6.547758999658981,17.75942899985239
0,757,28571.567690759333,28571.567961119,28571.568201601,28571.578540973,28571.578661085,28571.584911183,0.2703596655919682,0.24048200066317804,0.5108416662551463,10.339372001908487,0.12011199942207895,6.250097998417914,17.220423666003626
0,758,28571.601024092666,28571.601296541,28571.601534108,28571.611986369,28571.618287542,28571.624417326,0.272448334726505,0.23756699738441966,0.5100153321109246,10.452261001773877,6.301173001702409,6.129783996584592,23.393233332171803
0,759,28571.634357426,28571.634506103,28571.634736752,28571.641695383,28571.641737708,28571.647898242,0.1486770015617367,0.23064899869496003,0.3793260002566967,6.958631001907634,0.042324998503318056,6.160534001537599,13.540816002205247
0,760,28571.667690759332,28571.667787304,28571.667862175,28571.675038677,28571.67523903,28571.683104656,0.09654466703068465,0.07487100083380938,0.17141566786449403,7.176502000220353,0.20035299894516356,7.865626001148485,15.413896668178495
0,761,28571.701024092665,28571.701114737,28571.701189626,28571.710794689,28571.7108518,28571.717218307,0.090644334704848,0.07488900155294687,0.16553333625779487,9.605062998161884,0.057110999478027225,6.366507001075661,16.194214334973367
0,762,28571.734357426,28571.734430754,28571.734470236,28571.743763953,28571.744018733,28571.75077477,0.07332799941650592,0.03948199810110964,0.11280999751761556,9.293717001128243,0.2547799995227251,6.756037000741344,16.417343998909928
0,763,28571.767690759334,28571.767761678,28571.767975458,28571.778281792,28571.778523646,28571.785115247,0.07091866427799687,0.21378000019467436,0.2846986644726712,10.306334002962103,0.24185399888665415,6.591600998945069,17.424487665266497
0,764,28571.801024092667,28571.801296855,28571.801555735,28571.811813978,28571.811872302,28571.818425153,0.2727623323153239,0.2588800016383175,0.5316423339536414,10.258243000862421,0.05832399983773939,6.552850998559734,17.401060333213536
0,765,28571.834357426,28571.834627021,28571.834860781,28571.845220199,28571.845478015,28571.852024384,0.2695949988265056,0.23376000171992928,0.5033550005464349,10.359418000007281,0.25781599833862856,6.546369000716368,17.666957999608712
0,766,28571.867690759333,28571.867959445,28571.868204381,28571.878513633,28571.878751319,28571.885572033,0.268685667833779,0.24493599994457327,0.5136216677783523,10.30925200029742,0.23768599930917844,6.820713999331929,17.88127366671688
0,767,28571.901024092665,28571.9013085,28571.901551167,28571.911820937,28571.912069994,28571.918685539,0.2844073351297993,0.24266699983854778,0.5270743349683471,10.269769998558331,0.24905700047384016,6.6155450003861915,17.66144633438671
0,768,28571.934357426,28571.934636544,28571.934875582,28571.945198797,28571.945441614,28571.951886111,0.27911800134461373,0.23903799956315197,0.5181560009077657,10.323214999516495,0.2428170009807218,6.444497001211857,17.52868500261684
0,769,28571.967690759335,28571.967969413,28571.968206636,28571.978425303,28571.978546952,28571.983971768,0.2786536642815918,0.2372230010223575,0.5158766653039493,10.218667001026915,0.12164899817435071,5.424816001323052,16.281008665828267
0,770,28572.001024092668,28572.00110114,28572.001307891,28572.011476419,28572.011715004,28572.017196969,0.07704733070568182,0.20675100313383155,0.28379833383951336,10.168527998757781,0.2385849984420929,5.481965003127698,16.172876334167086
0,771,28572.034357426,28572.034619509,28572.034851789,28572.045161881,28572.050878534,28572.056074498,0.26208299823338166,0.23228000281960703,0.4943630010529887,10.31009199869004,5.716652998671634,5.195964000449749,21.717071998864412
0,772,28572.067690759333,28572.067963553,28572.068212258,28572.078444685,28572.078687936,28572.084169799,0.27279366622678936,0.2487050005584024,0.5214986667851917,10.232427001028555,0.2432509973004926,5.481863001477905,16.479039666592143
0,773,28572.101024092666,28572.101311198,28572.101373838,28572.110689361,28572.110738778,28572.115865463,0.2871053329727147,0.06263999966904521,0.3497453326417599,9.315523002442205,0.04941699808114208,5.1266850023239385,14.841370335489046
0,774,28572.134357426,28572.134631002,28572.134692909,28572.143877117,28572.143942756,28572.149169544,0.273576002655318,0.06190699787111953,0.33548300052643754,9.184208000078797,0.06563900024048053,5.226788001891691,14.812118002737407
0,775,28572.167690759332,28572.167982156,28572.168238269,28572.178407454,28572.178631946,28572.184399663,0.2913966673077084,0.256113002251368,0.5475096695590764,10.169184999540448,0.22449199968832545,5.767717000708217,16.708903669496067
0,776,28572.201024092665,28572.201101024,28572.20131096,28572.211658711,28572.217412585,28572.222333419,0.0769313337514177,0.20993600264773704,0.28686733639915474,10.34775099833496,5.753874000220094,4.920833998767193,21.3093263337214
0,777,28572.234357426,28572.234630458,28572.2348807,28572.245182488,28572.245423407,28572.25080351,0.27303199749439955,0.25024200294865295,0.5232740004430525,10.301787999196677,0.2409189983154647,5.380103000788949,16.446083998744143
0,778,28572.267690759334,28572.267959281,28572.268202014,28572.278407737,28572.278653395,28572.284353307,0.2685216641111765,0.24273300005006604,0.5112546641612425,10.205723003309686,0.2456579968566075,5.699912002455676,16.66254766678321
0,779,28572.301024092667,28572.301332743,28572.301564087,28572.311792486,28572.311916949,28572.317136219,0.30865033477311954,0.23134399816626683,0.5399943329393864,10.228399001789512,0.12446299660950899,5.219270002271514,16.112126333609922
0,780,28572.334357426,28572.334623084,28572.334851613,28572.345142401,28572.345198559,28572.35041531,0.2656579999893438,0.2285289992869366,0.4941869992762804,10.29078800274874,0.056157998187700287,5.216751000261866,16.057884000474587
0,781,28572.367690759333,28572.36796024,28572.368183815,28572.378350668,28572.378409501,28572.383720104,0.26948066806653515,0.2235749998362735,0.49305566790280864,10.16685300055542,0.058833000366576016,5.310602999088587,16.029344667913392
0,782,28572.401024092665,28572.401117432,28572.401327703,28572.41150999,28572.411621629,28572.41700452,0.09333933485322632,0.21027099865023047,0.3036103335034568,10.182287001953227,0.11163899762323126,5.382891002227552,15.980427335307468
0,783,28572.434357426,28572.434619868,28572.434860174,28572.444510301,28572.444767053,28572.45060078,0.2624420012580231,0.24030599888646975,0.5027480001444928,9.650127001805231,0.25675199867691845,5.8337270020274445,16.243354002654087
0,784,28572.467690759335,28572.467966542,28572.468217312,28572.478406035,28572.478552869,28572.483754824,0.275782665994484,0.2507700010028202,0.5265526669973042,10.188722997554578,0.14683400149806403,5.201954998483416,16.064064664533362
0,785,28572.501024092668,28572.501290356,28572.501523181,28572.511681172,28572.511737709,28572.517107453,0.2662633305590134,0.23282500114873983,0.49908833170775324,10.157991000596667,0.056536999181844294,5.369744001654908,16.083360333141172
0,786,28572.534357426,28572.534632882,28572.53487668,28572.545103218,28572.545358571,28572.551204464,0.2754560009634588,0.2437980001559481,0.5192540011194069,10.226537997368723,0.2553529993747361,5.845893003424862,16.84703800128773
0,787,28572.567690759333,28572.567976631,28572.568241373,28572.578456522,28572.578703366,28572.584397092,0.2858716652553994,0.2647420005814638,0.5506136658368632,10.215148999122903,0.24684400341357104,5.6937259978440125,16.70633266621735
0,788,28572.601024092666,28572.601290815,28572.601353565,28572.610721136,28572.610769487,28572.616130721,0.2667223343451042,0.06275000123423524,0.3294723355793394,9.367570997710573,0.048351001169066876,5.361233997973613,15.106628332432592
0,789,28572.634357426,28572.634648064,28572.634727879,28572.64241369,28572.642634544,28572.648302908,0.2906379995692987,0.07981500311871059,0.3704530026880093,7.685810996918008,0.2208540026913397,5.6683639995753765,13.945482001872733
0,790,28572.667690759332,28572.66778408,28572.667971377,28572.674655257,28572.674707165,28572.682702329,0.09332066838396713,0.18729699877439998,0.2806176671583671,6.683880001219222,0.05190799856791273,7.995164000021759,15.011569666967262
0,791,28572.701024092665,28572.701116709,28572.701328589,28572.711278958,28572.716569153,28572.721847841,0.09261633385904133,0.21188000027905218,0.3044963341380935,9.950368999852799,5.290195000270614,5.278688000544207,20.823748334805714
0,792,28572.734357426,28572.734434456,28572.734641966,28572.74474166,28572.750100958,28572.755478071,0.07702999937464483,0.2075099982903339,0.2845399976649787,10.099694001837634,5.359298000257695,5.377113000577083,21.12064500033739
0,793,28572.767690759334,28572.76775974,28572.768824338,28572.778174723,28572.783720401,28572.788954745,0.06898066567373462,1.0645980000845157,1.1335786657582503,9.350385000288952,5.545677999180043,5.234344000200508,21.263985665427754
0,794,28572.801024092667,28572.801288581,28572.801535304,28572.811793536,28572.812048251,28572.817839033,0.2644883315952029,0.24672300060046837,0.5112113321956713,10.258231999614509,0.2547149997553788,5.790782000985928,16.814940332551487
0,795,28572.834357426,28572.834633541,28572.834860024,28572.844949024,28572.850516073,28572.855900546,0.2761149989964906,0.22648300000582822,0.5025979990023188,10.088999999425141,5.567049000092084,5.384473002777668,21.54312000129721
0,796,28572.867690759333,28572.867980808,28572.86825881,28572.87843917,28572.87868719,28572.884777844,0.2900486688304227,0.27800199677585624,0.5680506656062789,10.180360000958899,0.24802000189083628,6.0906539983989205,17.087084666854935
0,797,28572.901024092665,28572.901292045,28572.901380713,28572.911508453,28572.911622657,28572.917659505,0.2679523349797819,0.08866799907991663,0.3566203340596985,10.127739999006735,0.11420400187489577,6.0368480008037295,16.63541233574506
0,798,28572.934357426,28572.934436078,28572.934643866,28572.944927766,28572.945176119,28572.951098318,0.07865200313972309,0.20778799807885662,0.2864400012185797,10.283899999194546,0.24835300064296462,5.92219900136115,16.74089200241724
0,799,28572.967690759335,28572.967947597,28572.968161811,28572.978121968,28572.983461126,28572.988961657,0.25683766580186784,0.21421400015242398,0.4710516659542918,9.960157000023173,5.339158000424504,5.500530998688191,21.27089766509016
0,800,28573.001024092668,28573.001306965,28573.001561578,28573.01178769,28573.01194096,28573.017998743,0.28287233362789266,0.2546129981055856,0.5374853317334782,10.22611200096435,0.15327000073739327,6.057782997231698,16.97465033066692
0,801,28573.034357426,28573.034655326,28573.034893466,28573.045347459,28573.051701901,28573.057490915,0.2978999982587993,0.23814000087440945,0.5360399991332088,10.453992999828188,6.354442000883864,5.789013997855363,23.133488997700624
0,802,28573.067690759333,28573.067983649,28573.068344559,28573.078678633,28573.085388013,28573.091355666,0.2928896683442872,0.3609099985624198,0.653799666906707,10.334073998819804,6.7093800025759265,5.967652999970596,23.664906668273034
0,803,28573.101024092666,28573.101305129,28573.101371064,28573.110706431,28573.110761329,28573.116833622,0.28103633303544484,0.06593500074814074,0.3469713337835856,9.335367001767736,0.0548979987797793,6.072292999306228,15.809529333637329
0,804,28573.134357426,28573.134436691,28573.13449684,28573.14377391,28573.144019318,28573.150587475,0.07926500256871805,0.060148999182274565,0.1394140017509926,9.277069999370724,0.24540799859096296,6.568157001311192,16.230049001023872
0,805,28573.167690759332,28573.167761922,28573.167795718,28573.177099991,28573.177350483,28573.183827362,0.07116266715456732,0.03379600093467161,0.10495866808923893,9.304273000452667,0.2504920012142975,6.476878999819746,16.13660266957595
0,806,28573.201024092665,28573.20134269,28573.201593701,28573.211823878,28573.212066916,28573.218789258,0.3185973364452366,0.251010998908896,0.5696083353541326,10.23017699844786,0.243038000917295,6.722342001012294,17.76516533573158
0,807,28573.234357426,28573.234633411,28573.234876801,28573.24517596,28573.245429785,28573.251921655,0.275984999461798,0.24339000083273277,0.5193750002945308,10.299158999259816,0.2538250009820331,6.491869997262256,17.564228997798637
0,808,28573.267690759334,28573.267970298,28573.268218735,28573.278161669,28573.284503093,28573.290790897,0.27953866447205655,0.24843700157362036,0.5279756660456769,9.942934000719106,6.341423999401741,6.28780400074902,23.100137666915543
0,809,28573.301024092667,28573.301105083,28573.301320807,28573.311543919,28573.311788198,28573.318369113,0.08099033220787533,0.2157240014639683,0.29671433367184363,10.223111999948742,0.24427899916190654,6.580915000085952,17.345020332868444
0,810,28573.334357426,28573.334622073,28573.334850565,28573.345194066,28573.3454419,28573.351911575,0.2646470020408742,0.22849199740448967,0.4931389994453639,10.34350100235315,0.2478339993103873,6.469674997788388,17.55414899889729
0,811,28573.367690759333,28573.367957607,28573.368201961,28573.378506359,28573.378754639,28573.385360082,0.2668476663529873,0.24435399973299354,0.5112016660859808,10.304398001608206,0.24828000096022151,6.6054429989890195,17.669322667643428
0,812,28573.401024092665,28573.401309105,28573.402056239,28573.411468096,28573.417522083,28573.423618949,0.2850123346433975,0.7471339995390736,1.032146334182471,9.411857001396129,6.053986999177141,6.0968660000071395,22.59485633476288
0,813,28573.434357426,28573.434439592,28573.434648556,28573.445033825,28573.4518019,28573.458129768,0.08216600326704793,0.20896400019410066,0.2911300034611486,10.385268997197272,6.768074999854434,6.327868002699688,23.772342003212543
0,814,28573.467690759335,28573.467761802,28573.467970406,28573.478287703,28573.478534019,28573.48534788,0.07104266478563659,0.2086040003632661,0.2796466651489027,10.31729700116557,0.24631599808344617,6.8138610004098155,17.657120664807735
0,815,28573.501024092668,28573.501287597,28573.502026166,28573.511436504,28573.51771327,28573.523938443,0.26350433108746074,0.7385690005321521,1.0020733316196129,9.410337999725016,6.276766001974465,6.225172997801565,22.91435033112066
0,816,28573.534357426,28573.534627483,28573.534859818,28573.545216375,28573.545462617,28573.5519308,0.2700570003071334,0.23233499814523384,0.5023919984523673,10.356557002523914,0.24624199795653112,6.46818300083396,17.573373999766773
0,817,28573.567690759333,28573.567969842,28573.568217852,28573.578485335,28573.578732382,28573.585547004,0.27908266565646045,0.2480100010870956,0.527092666743556,10.267483001371147,0.24704699899302796,6.8146220000926405,17.85624466720037
0,818,28573.601024092666,28573.601315165,28573.601578185,28573.611851657,28573.612108252,28573.618659177,0.29107233422109857,0.263019999692915,0.5540923339140136,10.27347199851647,0.2565950017014984,6.550924998009577,17.63508433214156
0,819,28573.634357426,28573.634627913,28573.634858924,28573.644523634,28573.644762385,28573.651356302,0.27048700212617405,0.2310109994141385,0.5014980015403125,9.664709999924526,0.2387509994150605,6.593917001737282,16.99887600261718
0,820,28573.667690759332,28573.667784003,28573.667999171,28573.678300691,28573.678544795,28573.685317962,0.09324366692453623,0.21516800188692287,0.3084116688114591,10.301520000211895,0.2441039978293702,6.773167002393166,17.62720266924589
0,821,28573.701024092665,28573.701105447,28573.701329717,28573.711848886,28573.718021697,28573.723502533,0.0813543338153977,0.2242700029455591,0.3056243367609568,10.519168998143869,6.1728110013064,5.480836000060663,22.478440336271888
0,822,28573.734357426,28573.734427195,28573.734644983,28573.744970559,28573.750897453,28573.756169621,0.06976899749133736,0.21778800146421418,0.28755699895555153,10.325576000468573,5.926893998548621,5.272168000374222,21.812194998346968
0,823,28573.767690759334,28573.767758147,28573.767973084,28573.778151095,28573.778401947,28573.784265081,0.0673876675136853,0.21493699750863016,0.28232466502231546,10.178011001698906,0.25085199740715325,5.863134003448067,16.57432166757644
0,824,28573.801024092667,28573.80109261,28573.801296305,28573.811468,28573.811706538,28573.817735395,0.06851733269286342,0.2036949990724679,0.27221233176533133,10.171695001190528,0.2385379993938841,6.028857002092991,16.711302334442735
0,825,28573.834357426,28573.834623368,28573.834734508,28573.844415571,28573.844695775,28573.850478586,0.2659419988049194,0.11114000153611414,0.37708200034103356,9.68106299842475,0.28020399986417033,5.782811000244692,16.121159998874646
0,826,28573.867690759333,28573.868058738,28573.868306554,28573.878594528,28573.87883415,28573.88455719,0.36797866778215393,0.2478159985912498,0.6157946663734037,10.287974000675604,0.2396220006630756,5.723039997974411,16.866430665686494
0,827,28573.901024092665,28573.901293403,28573.901520072,28573.911095781,28573.911337171,28573.917174222,0.2693103342608083,0.2266689989482984,0.4959793332091067,9.57570900209248,0.24139000015566126,5.837050997797633,16.15012933325488
0,828,28573.934357426,28573.934619828,28573.935318294,28573.944675115,28573.950059275,28573.955243358,0.2624020016810391,0.6984659994486719,0.960868001129711,9.356820999528281,5.384160001995042,5.184082998312078,20.885932000965113
0,829,28573.967690759335,28573.968018706,28573.968260448,28573.978460727,28573.978692469,28573.984304509,0.32794666549307294,0.24174200007109903,0.569688665564172,10.200279000855517,0.23174200032372028,5.61203999677673,16.61374966352014
0,830,28574.001024092668,28574.001101593,28574.001309641,28574.011498271,28574.011554715,28574.017433423,0.07750033182674088,0.20804800078622065,0.28554833261296153,10.188629999902332,0.05644400152959861,5.87870799790835,16.409330331953242
0,831,28574.034357426,28574.034629843,28574.034873029,28574.045183401,28574.045427217,28574.051124712,0.2724170008150395,0.2431859975331463,0.5156029983481858,10.310371999366907,0.2438160008750856,5.69749500209582,16.767286000686
0,832,28574.067690759333,28574.067958647,28574.068200407,28574.07840088,28574.078648909,28574.084705294,0.267887666268507,0.24176000079023652,0.5096476670587435,10.200472999713384,0.24802899861242622,6.056385002011666,17.01453466739622
0,833,28574.101024092666,28574.101313515,28574.101556896,28574.111724701,28574.11196535,28574.117873541,0.28942233257112093,0.24338100047316402,0.532803333044285,10.167805001401575,0.24064899844233878,5.908191000344232,16.84944833323243
0,834,28574.134357426,28574.134635697,28574.134899005,28574.145174699,28574.145458229,28574.151370881,0.278270999842789,0.2633080002851784,0.5415790001279674,10.275693999574287,0.2835300001606811,5.912652002734831,17.013455002597766
0,835,28574.167690759332,28574.167962592,28574.168042991,28574.177358996,28574.177590155,28574.183277964,0.27183266865904443,0.08039900058065541,0.35223166923969984,9.316004998254357,0.2311589996679686,5.6878089999372605,15.587204667099286
0,836,28574.201024092665,28574.2011187,28574.201176052,28574.210427788,28574.210670392,28574.216785378,0.0946073341765441,0.05735200102208182,0.15195933519862592,9.251735998986987,0.24260400095954537,6.114986001193756,15.761285336338915
0,837,28574.234357426,28574.234636235,28574.234879561,28574.245125237,28574.245376923,28574.251202586,0.278808998700697,0.2433260015095584,0.5221350002102554,10.245675999613013,0.2516860004107002,5.825662999995984,16.845160000229953
0,838,28574.267690759334,28574.267988344,28574.268254234,28574.278489763,28574.278763986,28574.284790102,0.2975846655317582,0.26589000117382966,0.5634746667055879,10.235529000055976,0.27422299899626523,6.026115999702597,17.099342665460426
0,839,28574.301024092667,28574.301299295,28574.301540472,28574.311731575,28574.311978835,28574.318003738,0.2752023319771979,0.24117700013448484,0.5163793321116827,10.191102999669965,0.24726000265218318,6.024902999342885,16.979645333776716
0,840,28574.334357426,28574.334646349,28574.334908878,28574.345201611,28574.34547263,28574.351558432,0.28892300178995356,0.2625289998832159,0.5514520016731694,10.29273299718625,0.2710190019570291,6.085802000598051,17.2010060014145
0,841,28574.367690759333,28574.367961671,28574.368190626,28574.378394117,28574.378626416,28574.384901839,0.27091166703030467,0.22895499932928942,0.4998666663595941,10.203491001448128,0.23229900034493767,6.275422998442082,17.211079666594742
0,842,28574.401024092665,28574.40109928,28574.401308985,28574.411609347,28574.41189146,28574.418069569,0.07518733400502242,0.20970500190742314,0.28489233591244556,10.300361998815788,0.28211300013936125,6.178109000757104,17.0454763356247
0,843,28574.434357426,28574.434636364,28574.434886059,28574.445224598,28574.445479376,28574.451618049,0.27893800142919645,0.24969500009319745,0.5286330015223939,10.338538999349112,0.25477800227236,6.138672997622052,17.260623000765918
0,844,28574.467690759335,28574.467967899,28574.468206716,28574.478504809,28574.478749477,28574.485209642,0.27713966483133845,0.23881699962657876,0.5159566644579172,10.298093002347741,0.24466799732181244,6.4601650010445155,17.518882665171986
0,845,28574.501024092668,28574.50131813,28574.501593732,28574.511964669,28574.518428298,28574.524296534,0.294037330604624,0.275602000328945,0.569639330933569,10.370937001425773,6.463629000791116,5.868235999514582,23.27244133266504
0,846,28574.534357426,28574.534628841,28574.53485737,28574.544501608,28574.544756499,28574.551283599,0.27141499958815984,0.2285289992869366,0.49994399887509644,9.644238001783378,0.2548909978941083,6.527100002131192,16.926173000683775
0,847,28574.567690759333,28574.567965811,28574.568199267,28574.578483147,28574.578717056,28574.585055017,0.2750516650849022,0.23345600129687227,0.5085076663817745,10.283880001225043,0.23390899877995253,6.3379610000993125,17.364257666486083
0,848,28574.601024092666,28574.601100384,28574.601312264,28574.61162272,28574.61186598,28574.618282006,0.07629133324371651,0.21188000027905218,0.2881713335227687,10.310456000297563,0.24326000129804015,6.416025997168617,17.25791333228699
0,849,28574.634357426,28574.634662513,28574.635400017,28574.644852912,28574.651086363,28574.657126035,0.30508700001519173,0.7375040004262701,1.0425910004414618,9.45289499941282,6.233451000298373,6.0396720000426285,22.768609000195283
0,850,28574.667690759332,28574.667793381,28574.668054845,28574.678270994,28574.678510181,28574.685691128,0.10262166688335128,0.2614639997773338,0.3640856666606851,10.216149003099417,0.23918699662317522,7.180947002780158,18.000368669163436
0,851,28574.701024092665,28574.701111981,28574.701337112,28574.711539001,28574.711593853,28574.717893795,0.08788833656581119,0.2251309997518547,0.3130193363176659,10.201888999290532,0.05485200017574243,6.29994200062356,16.8697023364075
0,852,28574.734357426,28574.734427154,28574.734711008,28574.745018769,28574.745273982,28574.751714527,0.06972799747018144,0.2838540021912195,0.3535819996614009,10.307761000149185,0.2552129990363028,6.440544999350095,17.357100998196984
0,853,28574.767690759334,28574.767760634,28574.767973449,28574.777617391,28574.777864975,28574.784761022,0.06987466622376814,0.21281500085024163,0.2826896670740098,9.64394199763774,0.24758400104474276,6.896047001646366,17.070262667402858
0,854,28574.801024092667,28574.801092603,28574.801307706,28574.81153966,28574.811786504,28574.818697097,0.06851033322163858,0.21510299848159775,0.2836133317032363,10.231954001937993,0.24684399977559224,6.910592997883214,17.673004331300035
0,855,28574.834357426,28574.83466913,28574.834905427,28574.845321855,28574.852146975,28574.858344213,0.3117039996141102,0.2362970008107368,0.548001000424847,10.416427998279687,6.825120002758922,6.197237999003846,23.986787000467302
0,856,28574.867690759333,28574.867959126,28574.868064173,28574.877686819,28574.877742226,28574.883849787,0.26836666802410036,0.10504699821467511,0.3734136662387755,9.622646000934765,0.05540699930861592,6.107560999225825,16.15902766570798
0,857,28574.901024092665,28574.901117429,28574.901331485,28574.911563412,28574.911678597,28574.918018946,0.09333633352071047,0.21405600273283198,0.30739233625354245,10.231926997221308,0.11518500105012208,6.340348998492118,16.99485333301709
0,858,28574.934357426,28574.934653112,28574.935382653,28574.944799362,28574.950617968,28574.956923512,0.29568600075435825,0.729540999600431,1.0252270003547892,9.416709002834978,5.818605997774284,6.305544000497321,22.566086001461372
0,859,28574.967690759335,28574.967974453,28574.968208842,28574.978619243,28574.985529328,28574.991866446,0.2836936655512545,0.23438900097971782,0.5180826665309723,10.410400998807745,6.910085001436528,6.337117996736197,24.175686663511442
0,860,28575.001024092668,28575.001101497,28575.001313693,28575.011583304,28575.011828038,28575.01849212,0.07740433284197934,0.21219599875621498,0.2896003315981943,10.269611000694567,0.2447340011713095,6.664082000497729,17.4680273339618
0,861,28575.034357426,28575.034619608,28575.034849673,28575.045172925,28575.045420861,28575.051921657,0.26218199855065905,0.2300650012330152,0.49224699978367426,10.323252001398942,0.24793599732220173,6.500796000182163,17.56423099868698
0,862,28575.067690759333,28575.067972365,28575.068206969,28575.07849248,28575.078742361,28575.085483009,0.2816056658048183,0.23460400188923813,0.5162096676940564,10.285510998073732,0.24988100267364644,6.740647997503402,17.792249665944837
0,863,28575.101024092666,28575.101101234,28575.101320865,28575.111613635,28575.111870487,28575.118465162,0.07714133244007826,0.21963100152788684,0.2967723339679651,10.292769999068696,0.2568519994383678,6.594675000087591,17.44106933256262
0,864,28575.134357426,28575.134626391,28575.134860365,28575.145250848,28575.152185414,28575.158424716,0.26896500276052393,0.23397399854729883,0.5029390013078228,10.3904829993553,6.934566001291387,6.239301997993607,24.067289999948116
0,865,28575.167690759332,28575.167978631,28575.168236632,28575.178535411,28575.178769042,28575.185325828,0.28787166957044974,0.2580009968369268,0.5458726664073765,10.29877900145948,0.2336309989914298,6.556786000146531,17.635068667004816
0,866,28575.201024092665,28575.201100535,28575.201311555,28575.211560057,28575.211805215,28575.218562308,0.07644233483006246,0.21102000027894974,0.2874623351090122,10.248501999740256,0.24515800032531843,6.757093000487657,17.538215335662244
0,867,28575.234357426,28575.234645535,28575.234884713,28575.245236751,28575.245483854,28575.252159613,0.288109000393888,0.23917799990158528,0.5272870002954733,10.352037999837194,0.24710299840080552,6.675758999335812,17.802186997869285
0,868,28575.267690759334,28575.267968951,28575.268222146,28575.278528916,28575.278777843,28575.285512964,0.2781916664389428,0.2531950012780726,0.5313866677170154,10.306769996532239,0.24892700093914755,6.735121001838706,17.82220466702711
0,869,28575.301024092667,28575.301151994,28575.301425422,28575.311688432,28575.311933581,28575.318552091,0.12790133405360393,0.2734279987635091,0.401329332817113,10.263010000926442,0.24514899996574968,6.618510000407696,17.527998334117
0,870,28575.334357426,28575.334626003,28575.33485744,28575.345230914,28575.345478517,28575.352075516,0.2685770014068112,0.23143699945649132,0.5000140008633025,10.37347400051658,0.2476029985700734,6.596998999157222,17.71808999910718
0,871,28575.367690759333,28575.367964734,28575.368237597,28575.378609977,28575.385458886,28575.391698308,0.27397466692491435,0.2728629988268949,0.5468376657518093,10.372380002081627,6.848909000837011,6.239422000362538,24.007548669032985
0,872,28575.401024092665,28575.401315917,28575.401588169,28575.411847253,28575.412083042,28575.418698847,0.2918243335443549,0.27225200028624386,0.5640763338305987,10.259083999699214,0.23578900072607212,6.615804999455577,17.674754333711462
0,873,28575.434357426,28575.434434369,28575.434643268,28575.444304692,28575.444560989,28575.451276535,0.07694300074945204,0.20889900042675436,0.2858420011762064,9.661423999204999,0.2562970003054943,6.71554600194213,16.91910900262883
0,874,28575.467690759335,28575.467955247,28575.46819998,28575.478512129,28575.47875939,28575.485673131,0.2644876658450812,0.24473300072713755,0.5092206665722188,10.312148999219062,0.24726099945837632,6.913740999152651,17.982371664402308
0,875,28575.501024092668,28575.501306476,28575.501533052,28575.511132651,28575.511374272,28575.518076013,0.2823833310685586,0.2265760012960527,0.5089593323646113,9.599599001376191,0.24162099725799635,6.701741000142647,17.051920331141446
0,876,28575.534357426,28575.534433315,28575.534641094,28575.545082651,28575.551831197,28575.558218538,0.07588899825350381,0.20777900135726668,0.2836679996107705,10.441556998557644,6.748546002199873,6.3873409999359865,23.861112000304274
0,877,28575.567690759333,28575.567952952,28575.56819687,28575.578508491,28575.5787574,28575.585908023,0.26219266510452144,0.24391800252487883,0.5061106676294003,10.311620997526916,0.24890900022001006,7.150623001507483,18.21726366688381
0,878,28575.601024092666,28575.601304588,28575.602049972,28575.611413181,28575.617464464,28575.623726026,0.28049533284502104,0.7453840007656254,1.0258793336106464,9.36320899927523,6.051283002307173,6.261561997234821,22.70193333242787
0,879,28575.634357426,28575.634436112,28575.634646123,28575.645051022,28575.649350953,28575.65563607,0.07868600005167536,0.21001099958084524,0.2886969996325206,10.404898999695433,4.299931002606172,6.285117000516038,21.278644002450164
0,880,28575.667690759332,28575.667802083,28575.668049204,28575.678310445,28575.678540177,28575.686467869,0.11132366853416897,0.247120999119943,0.358444667654112,10.261241000989685,0.22973199884290807,7.927692000521347,18.777109668008052
0,881,28575.701024092665,28575.701112376,28575.701852639,28575.711268598,28575.717022241,28575.723132099,0.08828333375276998,0.7402629998978227,0.8285463336505927,9.415959000762086,5.75364299947978,6.109858000854729,22.108006334747188
0,882,28575.734357426,28575.734430041,28575.735112712,28575.744520551,28575.750399287,28575.756495857,0.07261499922606163,0.6826709977758583,0.7552859970019199,9.407839002960827,5.878735999431228,6.096569999499479,22.138430998893455
0,883,28575.767690759334,28575.767759891,28575.767812308,28575.779860033,28575.785031292,28575.791267095,0.06913166726008058,0.05241699909674935,0.12154866635682993,12.047724998410558,5.1712590029637795,6.235802997252904,23.57633566498407
0,884,28575.801024092667,28575.801303632,28575.80137466,28575.810738009,28575.810974778,28575.817599999,0.27953933386015706,0.0710280000930652,0.35056733395322226,9.363348999613663,0.23676899945712648,6.625221001741011,16.575906334765023
0,885,28575.834357426,28575.834436704,28575.83464976,28575.844922938,28575.845087994,28575.851829263,0.07927800106699578,0.21305599875631742,0.2923339998233132,10.273177998897154,0.16505600069649518,6.741269000485772,17.471836999902735
0,886,28575.867690759333,28575.867944796,28575.868011158,28575.877343514,28575.877630072,28575.884642851,0.2540366658649873,0.06636200123466551,0.3203986670996528,9.332355999504216,0.28655799906118773,7.0127790022525005,16.952091667917557
0,887,28575.901024092665,28575.901312434,28575.901554157,28575.911612213,28575.918131722,28575.92452121,0.2883413362724241,0.2417229989077896,0.5300643351802137,10.058055999252247,6.519508999190293,6.389488000422716,23.49711733404547
0,888,28575.934357426,28575.93444257,28575.935171139,28575.944624876,28575.950731392,28575.957034463,0.0851440017868299,0.7285690007847734,0.8137130025716033,9.453736998693785,6.106516000727424,6.3030710007296875,22.6770370027225
0,889,28575.967690759335,28575.967768042,28575.968485842,28575.977928282,28575.983821584,28575.98952268,0.07728266427875496,0.7178000014391728,0.7950826657179277,9.442440001294017,5.893301997275557,5.701096000848338,21.83192066513584
0,890,28576.001024092668,28576.001179679,28576.001878118,28576.011340818,28576.017499371,28576.023549896,0.15558633094769903,0.6984390020079445,0.8540253329556435,9.46269999985816,6.158552998385858,6.050525000318885,22.525803331518546
0,891,28576.034357426,28576.034437686,28576.035109431,28576.044601881,28576.050561368,28576.056337854,0.08026000068639405,0.6717449978168588,0.7520049985032529,9.492450000834651,5.9594869999273214,5.776485999376746,21.98042799864197
0,892,28576.067690759333,28576.067762658,28576.067967529,28576.078279623,28576.078511587,28576.085178382,0.07189866664703004,0.20487100118771195,0.276769667834742,10.312094000255456,0.23196399706648663,6.666795001365244,17.48762266652193
0,893,28576.101024092666,28576.101093646,28576.101302536,28576.110890098,28576.111128099,28576.117575736,0.06955333446967416,0.2088900000671856,0.27844333453685977,9.587561999069294,0.2380010009801481,6.447636998927919,16.55164333351422
0,894,28576.134357426,28576.13442417,28576.134712848,28576.14490221,28576.145135044,28576.151570552,0.06674399992334656,0.28867800210718997,0.35542200203053653,10.189361997618107,0.23283400150830857,6.435507999412948,17.2131260005699
0,895,28576.167690759332,28576.167759891,28576.16796578,28576.178285402,28576.185059105,28576.190932341,0.06913166726008058,0.2058890022453852,0.2750206695054658,10.319621997041395,6.77370300036273,5.87323600120726,23.24158166811685
0,896,28576.201024092665,28576.201091434,28576.201780771,28576.211149897,28576.217413699,28576.223365769,0.06734133421559818,0.6893370009493083,0.7566783351649065,9.36912600081996,6.2638019990117755,5.952070001512766,22.34167633650941
0,897,28576.234357426,28576.23443058,28576.234636572,28576.245020073,28576.251627238,28576.257785133,0.07315399852814153,0.20599200070137158,0.2791459992295131,10.383501001342665,6.607164999877568,6.157894997159019,23.427706997608766
0,898,28576.267690759334,28576.267773892,28576.267985189,28576.278243448,28576.278479978,28576.285225561,0.0831326651677955,0.2112969996233005,0.294429664791096,10.258259000693215,0.2365299988014158,6.745583003066713,17.53480166735244
0,899,28576.301024092667,28576.30110249,28576.30132088,28576.311557002,28576.311790753,28576.318601902,0.07839733370929025,0.21838999964529648,0.29678733335458674,10.236122001515469,0.23375099772238173,6.811148999986472,17.57780933257891
0,900,28576.334357426,28576.334429432,28576.334634527,28576.344972769,28576.345211428,28576.351761955,0.07200600157375447,0.2050949988188222,0.2771010003925767,10.33824199839728,0.23865900220698677,6.550526999490103,17.404529000486946
0,901,28576.367690759333,28576.367757941,28576.367965868,28576.378261184,28576.378546204,28576.38509336,0.06718166696373373,0.20792700161109678,0.2751086685748305,10.295315998519072,0.285019999864744,6.547156001033727,17.402600667992374
0,902,28576.401024092665,28576.401091375,28576.401306219,28576.411607257,28576.411837999,28576.418396109,0.06728233347530477,0.21484399985638447,0.28212633333168924,10.301038000761764,0.23074199998518452,6.558109998877626,17.372016332956264
0,903,28576.434357426,28576.434422716,28576.434626495,28576.445061978,28576.451661783,28576.457661863,0.0652900016575586,0.20377900000312366,0.26906900166068226,10.435483000037493,6.599805001314962,6.000080000376329,23.304437003389467
0,904,28576.467690759335,28576.467759039,28576.467964642,28576.47824029,28576.478470959,28576.485326516,0.06827966353739612,0.20560300254146568,0.2738826660788618,10.275647997332271,0.23066900030244142,6.855557003291324,17.635756667004898
0,905,28576.501024092668,28576.501092111,28576.501319872,28576.511558253,28576.511782374,28576.518542856,0.06801833296776749,0.2277610001328867,0.2957793331006542,10.238381000817753,0.22412099860957824,6.76048199966317,17.518763332191156
0,906,28576.534357426,28576.534423055,28576.534626741,28576.544976363,28576.54520667,28576.551704298,0.06562899943673983,0.20368599871289916,0.269314998149639,10.34962199992151,0.23030700322124176,6.497627997305244,17.346871998597635
0,907,28576.567690759333,28576.567760776,28576.568506418,28576.57790923,28576.583871504,28576.589990278,0.07001666745054536,0.7456419989466667,0.8156586663972121,9.402812000189442,5.962274000921752,6.118773999332916,22.299518666841323
0,908,28576.601024092666,28576.601093636,28576.601769519,28576.611150395,28576.617480753,28576.623684695,0.06954333366593346,0.6758829986210912,0.7454263322870247,9.380876002978766,6.330357999104308,6.203942000865936,22.660602335236035
0,909,28576.634357426,28576.634424782,28576.635094665,28576.644513291,28576.650527908,28576.656663858,0.06735600254614837,0.6698830002278555,0.7372390027740039,9.418625999387586,6.014616999891587,6.1359499995887745,22.30643200164195
0,910,28576.667690759332,28576.667798392,28576.668023181,28576.678285941,28576.678528451,28576.686556339,0.1076326698239427,0.2247889970021788,0.3324216668261215,10.262760002660798,0.24250999922514893,8.027887997741345,18.865579666453414
0,911,28576.701024092665,28576.701117798,28576.701329494,28576.711526606,28576.711586837,28576.718016429,0.09370533371111378,0.2116960022249259,0.3054013359360397,10.19711199842277,0.06023099922458641,6.429592001950368,16.992336335533764
0,912,28576.734357426,28576.734425695,28576.734634418,28576.744911049,28576.745154819,28576.75174167,0.06826899698353373,0.20872300228802487,0.2769919992715586,10.27663100103382,0.24376999863306992,6.586850999156013,17.384243998094462
0,913,28576.767690759334,28576.767759527,28576.7679705,28576.77825627,28576.778562226,28576.785240975,0.06876766565255821,0.21097300123074092,0.2797406668832991,10.285770000336925,0.3059560003748629,6.678748999547679,17.550215667142766
0,914,28576.801024092667,28576.801095943,28576.801384009,28576.811601611,28576.811875483,28576.818365806,0.07185033246059902,0.28806599948438816,0.3599163319449872,10.217602000921033,0.2738719995249994,6.490323001344223,17.341713333735242
0,915,28576.834357426,28576.834427922,28576.834634756,28576.845173721,28576.84539512,28576.851215087,0.07049600026221015,0.20683399998233654,0.2773300002445467,10.538965001614997,0.2213989973824937,5.819967002025805,16.857661001267843
0,916,28576.867690759333,28576.867757808,28576.867958438,28576.878156893,28576.878385561,28576.884592502,0.06704866609652527,0.20063000192749314,0.2676786680240184,10.198454998317175,0.22866800281917676,6.206940997799393,16.901742666959763
0,917,28576.901024092665,28576.901091454,28576.901318501,28576.911505446,28576.911736206,28576.918019667,0.06736133582307957,0.22704699949827045,0.29440833532135,10.18694500089623,0.2307599970663432,6.283460999839008,16.99557433312293
0,918,28576.934357426,28576.934428349,28576.934633563,28576.944845785,28576.945079972,28576.950971662,0.07092300074873492,0.20521400074358098,0.2761370014923159,10.212222001428017,0.23418699856847525,5.891690001590177,16.614236003078986
0,919,28576.967690759335,28576.967760466,28576.967967422,28576.978237728,28576.978467266,28576.984540697,0.06970666436245665,0.20695599960163236,0.276662663964089,10.270306000165874,0.2295379999850411,6.073431002732832,16.849937666847836
0,920,28577.001024092668,28577.001094908,28577.001742523,28577.011106426,28577.016709596,28577.022266663,0.07081533112796023,0.6476150010712445,0.7184303321992047,9.363903001940344,5.603169996902579,5.557067001063842,21.24257033210597
0,921,28577.034357426,28577.034426757,28577.035074797,28577.044461821,28577.049928583,28577.05534027,0.06933099939487875,0.6480400006694254,0.7173710000643041,9.387023997987853,5.466762002470205,5.411686997831566,20.98284399835393
0,922,28577.067690759333,28577.067760865,28577.068413434,28577.077743115,28577.083437351,28577.089013483,0.07010566696408205,0.6525690005219076,0.7226746674859896,9.329681000963319,5.694235998817021,5.57613199998741,21.32272366725374
0,923,28577.101024092666,28577.101093633,28577.101725034,28577.111065799,28577.116881506,28577.122404686,0.06954033233341761,0.6314010024652816,0.7009413347986992,9.34076499834191,5.815707001602277,5.52317999972729,21.380593334470177
0,924,28577.134357426,28577.134426076,28577.135055552,28577.144486029,28577.149964096,28577.155482785,0.06865000250400044,0.6294759987213183,0.6981260012253188,9.430476999114035,5.478066999785369,5.518689002201427,21.12535900232615
0,925,28577.167690759332,28577.167757972,28577.167968447,28577.178117844,28577.178346188,28577.184343665,0.06721266981912777,0.21047499831183814,0.2776876681309659,10.149396999622695,0.22834400078863837,5.997477001074003,16.652905669616302
0,926,28577.201024092665,28577.201092222,28577.201297445,28577.211460436,28577.211700835,28577.2179525,0.06812933497712947,0.20522300110314973,0.2733523360802792,10.162990998651367,0.24039900017669424,6.251664999581408,16.928407334489748
0,927,28577.234357426,28577.234426109,28577.234633175,28577.244893639,28577.245119316,28577.251115173,0.06868299897178076,0.2070660011668224,0.27574900013860315,10.260463997838087,0.22567700216313824,5.995856998197269,16.757746998337097
0,928,28577.267690759334,28577.267759163,28577.267962858,28577.278137434,28577.278409176,28577.284766637,0.06840366768301465,0.2036949990724679,0.27209866675548255,10.174576000281377,0.2717419993132353,6.357460999424802,17.075877665774897
0,929,28577.301024092667,28577.301128412,28577.301356404,28577.31153421,28577.311761757,28577.317776568,0.10431933333165944,0.2279920008732006,0.33231133420486003,10.177805997955147,0.22754699966753833,6.014811002387432,16.752475334214978
0,930,28577.334357426,28577.334435235,28577.334636976,28577.344934441,28577.351200364,28577.356901988,0.07780899977660738,0.20174100063741207,0.27955000041401945,10.297464999894146,6.265922998863971,5.701624002540484,22.54456200171262
0,931,28577.367690759333,28577.367761604,28577.367964476,28577.378201624,28577.378472348,28577.38471865,0.07084466778906062,0.2028720009548124,0.273716668743873,10.23714799885056,0.27072399825556204,6.246302000363357,17.027890666213352
0,932,28577.401024092665,28577.401097528,28577.401323937,28577.411523845,28577.411751624,28577.418081464,0.07343533434323035,0.22640899987891316,0.2998443342221435,10.19990799977677,0.22777900085202418,6.329839998215903,17.05737133306684
0,933,28577.434357426,28577.434427786,28577.434632102,28577.444969539,28577.451217277,28577.456826899,0.07036000170046464,0.20431599841685966,0.2746760001173243,10.337437000998762,6.247738001547987,5.609621999610681,22.469473002274754
0,934,28577.467690759335,28577.467756931,28577.467959155,28577.478194637,28577.478425638,28577.484659357,0.06617166582145728,0.2022240005317144,0.2683956663531717,10.235481997369789,0.2310010022483766,6.233718999283155,16.968597665254492
0,935,28577.501024092668,28577.501093828,28577.501299921,28577.511470495,28577.511702922,28577.517939327,0.06973533163545653,0.20609300190699287,0.2758283335424494,10.17057399803889,0.23242699899128638,6.236405002709944,16.91523433328257
0,936,28577.534357426,28577.534425852,28577.534629455,28577.544885947,28577.5451213,28577.55110774,0.06842600123491138,0.20360299822641537,0.27202899946132675,10.256492001644801,0.2353529998799786,5.986439999105642,16.75031400009175
0,937,28577.567690759333,28577.567760563,28577.567964064,28577.578237537,28577.584630673,28577.590344963,0.06980366742936894,0.20350100021460094,0.2733046676439699,10.273472998960642,6.393136001861421,5.714289996831212,22.654203665297246
0,938,28577.601024092666,28577.601092375,28577.601297098,28577.611611312,28577.617809604,28577.623307265,0.06828233381384052,0.20472300093388185,0.2730053347477224,10.31421399966348,6.198291997861816,5.497661000845255,22.283172333118273
0,939,28577.634357426,28577.634426946,28577.634629391,28577.64499367,28577.651080917,28577.656884912,0.06951999966986477,0.20244500046828762,0.2719650001381524,10.364279001805698,6.08724699850427,5.80399500177009,22.52748600221821
0,940,28577.667690759332,28577.667779295,28577.667992482,28577.67820013,28577.678456955,28577.685256336,0.08853566760080867,0.213186998735182,0.30172266633599065,10.20764800341567,0.25682499835966155,6.799381000746507,17.56557666885783
0,941,28577.701024092665,28577.701119839,28577.701347359,28577.711489146,28577.711725907,28577.718083155,0.09574633440934122,0.2275200022268109,0.3232663366361521,10.141786999156466,0.2367609995417297,6.357247999403626,17.059062334737973
0,942,28577.734357426,28577.734432884,28577.73464995,28577.744830145,28577.745066878,28577.751120606,0.07545799962827004,0.21706600091420114,0.2925240005424712,10.180194996792125,0.2367330016568303,6.053728000551928,16.763179999543354
0,943,28577.767690759334,28577.767774827,28577.76798367,28577.778196792,28577.778425136,28577.784771671,0.08406766573898494,0.2088430010189768,0.29291066675796174,10.213121997367125,0.22834400078863837,6.346534999465803,17.080911664379528
0,944,28577.801024092667,28577.801092632,28577.80131617,28577.811571883,28577.811846728,28577.81788652,0.0685393315507099,0.22353800159180537,0.29207733314251527,10.255713001242839,0.27484499878482893,6.03979199877358,16.862427331943763
0,945,28577.834357426,28577.834425704,28577.834708086,28577.84499804,28577.845230689,28577.851544131,0.06827800098108128,0.2823819995683152,0.3506600005493965,10.289953999745194,0.23264899937203154,6.3134420015558135,17.186705001222435
0,946,28577.867690759333,28577.867758508,28577.86797476,28577.878360261,28577.885264624,28577.891244675,0.06774866778869182,0.21625199951813556,0.2840006673068274,10.385500998381758,6.904363002831815,5.980050998914521,23.55391566743492
0,947,28577.901024092665,28577.90109272,28577.901301684,28577.911521073,28577.911754547,28577.918501613,0.06862733425805345,0.20896400019410066,0.2775913344521541,10.219389001576928,0.23347399837803096,6.747065999661572,17.477520334068686
0,948,28577.934357426,28577.934424302,28577.934626979,28577.944256337,28577.944500459,28577.951151125,0.06687600034638308,0.20267700165277347,0.26955300199915655,9.629357999074273,0.2441220021864865,6.650665996858152,16.793699000118067
0,949,28577.967690759335,28577.967760244,28577.967970162,28577.978359674,28577.978592388,28577.985340018,0.06948466398171149,0.20991800192859955,0.27940266591031104,10.389512000983814,0.23271399913937785,6.7476299991540145,17.649258665187517
0,950,28578.001024092668,28578.001107457,28578.001317652,28578.010948891,28578.011188336,28578.017748141,0.0833643316582311,0.21019500127295032,0.2935593329311814,9.631238997826586,0.23944500208017416,6.5598049986874685,16.72404833152541
0,951,28578.034357426,28578.034427307,28578.034638252,28578.044957439,28578.045194681,28578.051668791,0.06988099994487129,0.21094499970786273,0.280825999652734,10.319187000277452,0.23724199854768813,6.474109999544453,17.311364998022327
0,952,28578.067690759333,28578.0677615,28578.068487633,28578.077854861,28578.084217767,28578.090583043,0.07074066525092348,0.7261330028995872,0.7968736681505106,9.367227998154704,6.362905998685164,6.365275999996811,22.89228366498719
0,953,28578.101024092666,28578.101094425,28578.101308204,28578.111583908,28578.111818243,28578.118328529,0.0703323348716367,0.2137789997505024,0.2841113346221391,10.275704000378028,0.23433499882230535,6.510285998956533,17.304436332779005
0,954,28578.134357426,28578.134424081,28578.134628017,28578.14432144,28578.144566859,28578.151220969,0.06665500040980987,0.2039360006165225,0.2705910010263324,9.693422998680035,0.2454189998388756,6.654110002273228,16.86354300181847
0,955,28578.167690759332,28578.167760116,28578.167969145,28578.178298415,28578.178527158,28578.185030137,0.06935666897334158,0.20902899996144697,0.27838566893478855,10.329270000511315,0.22874299975228496,6.502978998469189,17.339377667667577
0,956,28578.201024092665,28578.201088744,28578.201292125,28578.211519533,28578.211750775,28578.218725591,0.06465133628807962,0.2033809978456702,0.2680323341337498,10.227408001810545,0.2312420001544524,6.974815998546546,17.701498334645294
0,957,28578.234357426,28578.234426982,28578.234632076,28578.244908299,28578.245168597,28578.25167166,0.06955599747016095,0.20509400201262906,0.27464999948279,10.276222998072626,0.26029800210380927,6.503062999399845,17.31423399905907
0,958,28578.267690759334,28578.267760498,28578.267966878,28578.278339955,28578.285483873,28578.291828297,0.06973866766202264,0.20637999841710553,0.27611866607912816,10.373076998803299,7.1439180028392,6.344423996779369,24.137537664500996
0,959,28578.301024092667,28578.301092513,28578.3013072,28578.311782303,28578.31862323,28578.324859116,0.06842033326392993,0.21468699924298562,0.28310733250691555,10.475103001226671,6.840926998847863,6.2358860013773665,23.835023333958816
0,960,28578.334357426,28578.334446983,28578.334669447,28578.345065143,28578.351872431,28578.358212196,0.0895570010470692,0.22246399748837575,0.31202099853544496,10.395696001069155,6.807288002164569,6.339764997392194,23.854769999161363
0,961,28578.367690759333,28578.36776698,28578.367805639,28578.377166532,28578.377397876,28578.384061255,0.07622066914336756,0.03865899998345412,0.11487966912682168,9.360892996483017,0.23134400180424564,6.663379001111025,16.37049566852511
0,962,28578.401024092665,28578.401094756,28578.401307674,28578.411587452,28578.411827138,28578.418515369,0.07066333273542114,0.21291800294420682,0.28358133567962795,10.279777998221107,0.23968599998624995,6.688231002044631,17.491276335931616
0,963,28578.434357426,28578.434426586,28578.434632624,28578.444940208,28578.44517671,28578.451678782,0.06916000347700901,0.20603799930540845,0.27519800278241746,10.307583997928305,0.2365020009165164,6.5020719994208775,17.321356001048116
0,964,28578.467690759335,28578.467756918,28578.468485301,28578.477870946,28578.48340518,28578.489765956,0.06615866368520074,0.7283830018423032,0.7945416655275039,9.385645000293152,5.534233998332638,6.360776002111379,22.075196666264674
0,965,28578.501024092668,28578.501096796,28578.501765355,28578.511173537,28578.517206144,28578.523142038,0.07270333298947662,0.6685589978587814,0.741262330848258,9.408182002516696,6.032606997905532,5.935894001595443,22.11794533286593
0,966,28578.534357426,28578.534427656,28578.534633555,28578.544924509,28578.545158252,28578.551721909,0.07022999852779321,0.2058989994111471,0.2761289979389403,10.29095400008373,0.23374300144496374,6.563656999787781,17.364482999255415
0,967,28578.567690759333,28578.567762608,28578.567968202,28578.57829724,28578.585342214,28578.591527526,0.07184866626630537,0.20559400218189694,0.2774426684482023,10.329037999326829,7.044973997835768,6.18531200234429,23.83676666795509
0,968,28578.601024092666,28578.601090671,28578.601126097,28578.610451788,28578.610687724,28578.617353863,0.06657833364442922,0.03542600097716786,0.10200433462159708,9.325691000412917,0.23593600053573027,6.666138997388771,16.329770332959015
0,969,28578.634357426,28578.634427938,28578.635139831,28578.644543105,28578.650602556,28578.656522421,0.07051200009300373,0.7118930006981827,0.7824050007911865,9.40327400167007,6.059450999600813,5.9198649978498,22.16499499991187
0,970,28578.667690759332,28578.66778603,28578.668015707,28578.678332995,28578.678576617,28578.685609934,0.09527066868031397,0.22967699987930246,0.32494766855961643,10.317288000806002,0.2436219983792398,7.033317000605166,17.919174668350024
0,971,28578.701024092665,28578.7011084,28578.701327947,28578.71156654,28578.711806791,28578.718252688,0.08430733578279614,0.2195470005972311,0.30385433638002723,10.238593000394758,0.24025099992286414,6.445896997320233,17.228595334017882
0,972,28578.734357426,28578.734426916,28578.735164874,28578.744781065,28578.750549755,28578.756096276,0.06948999725864269,0.7379580019915011,0.8074479992501438,9.616191000532126,5.768689999968046,5.54652099890518,21.738849998655496
0,973,28578.767690759334,28578.767759007,28578.767961332,28578.778192944,28578.778422371,28578.784734601,0.06824766751378775,0.2023249980993569,0.27057266561314464,10.231611999188317,0.22942700161365792,6.3122299980022945,17.043841664417414
0,974,28578.801024092667,28578.801091885,28578.80129847,28578.81144335,28578.811675166,28578.818020941,0.06779233444831334,0.20658499852288514,0.2743773329711985,10.144880001462298,0.23181600045063533,6.345774996589171,16.996848331473302
0,975,28578.834357426,28578.83442417,28578.834625024,28578.844264113,28578.844502318,28578.850741241,0.06674399992334656,0.2008539995586034,0.26759799948194996,9.639088999392698,0.23820500064175576,6.238923000637442,16.383815000153845
0,976,28578.867690759333,28578.86775752,28578.86795853,28578.878118021,28578.878173901,28578.883981497,0.06676066914224066,0.2010099997278303,0.26777066887007095,10.159490997466492,0.05588000203715637,5.807596000522608,16.290737668896327
0,977,28578.901024092665,28578.901091757,28578.901307768,28578.911460036,28578.911565435,28578.91730905,0.06766433580196463,0.21601099797408096,0.2836753337760456,10.152268001547782,0.10539899813011289,5.743615001847502,16.284957335301442
0,978,28578.934357426,28578.934422051,28578.935105295,28578.944508514,28578.949688708,28578.955427398,0.06462500095949508,0.683244001265848,0.7478690022253431,9.403218999068486,5.180193998967297,5.73869000072591,21.069972000987036
0,979,28578.967690759335,28578.967758382,28578.96797404,28578.978227818,28578.978477255,28578.984872577,0.0676226663927082,0.21565799761447124,0.28328066400717944,10.253778000333114,0.24943700191215612,6.395321997842984,17.181817664095433
0,980,28579.001024092668,28579.001103249,28579.001874735,28579.011248657,28579.017009124,28579.022851535,0.07915633250377141,0.7714860003034119,0.8506423328071833,9.373921999213053,5.760467000072822,5.842410999321146,21.827442331414204
0,981,28579.034357426,28579.034426487,28579.034632682,28579.044890239,28579.045006268,28579.051063828,0.06906099952175282,0.2061949999188073,0.2752559994405601,10.257557001750683,0.11602899758145213,6.057560000044759,16.706401998817455
0,982,28579.067690759333,28579.067756596,28579.067963106,28579.078237662,28579.07829046,28579.084559049,0.06583666618098505,0.20651000158977695,0.272346667770762,10.274555999785662,0.05279799734125845,6.268589000683278,16.86828966558096
0,983,28579.101024092666,28579.10109315,28579.101299771,28579.11161118,28579.111719902,28579.117794501,0.06905733243911527,0.20662099996116012,0.2756783324002754,10.31140900158789,0.1087220007320866,6.074598997656722,16.770408332376974
0,984,28579.134357426,28579.134424852,28579.13463014,28579.145073902,28579.151776845,28579.157756786,0.06742600089637563,0.20528800087049603,0.27271400176687166,10.443761999340495,6.7029429992544465,5.97994100098731,23.399360001349123
0,985,28579.167690759332,28579.167757462,28579.16796376,28579.178260408,28579.178492993,28579.185062158,0.0667026688461192,0.20629799837479368,0.2730006672209129,10.296648000803543,0.23258500004885718,6.569165001565125,17.371398669638438
0,986,28579.201024092665,28579.201089803,28579.201340739,28579.211700945,28579.218378241,28579.224403496,0.06571033372892998,0.2509360019757878,0.3166463357047178,10.360206000768812,6.677295998088084,6.025254999258323,23.379403333819937
0,987,28579.234357426,28579.234425033,28579.234629108,28579.245051786,28579.25166135,28579.257826477,0.06760699761798605,0.20407500051078387,0.2716819981287699,10.422678002214525,6.609563999518286,6.165127000713255,23.469051000574837
0,988,28579.267690759334,28579.267758791,28579.267965283,28579.278254265,28579.278487905,28579.285298517,0.06803166616009548,0.20649200087063946,0.27452366703073494,10.288981997291557,0.23364000298897736,6.810611997934757,17.607757665246027
0,989,28579.301024092667,28579.301094707,28579.301308958,28579.311583523,28579.311817126,28579.318493839,0.07061433279886842,0.2142510020348709,0.2848653348337393,10.274564996507252,0.23360300110653043,6.676713001070311,17.469746333517833
0,990,28579.334357426,28579.33453426,28579.334736299,28579.344959402,28579.350488682,28579.355842277,0.17683400074020028,0.20203899839543737,0.37887299913563766,10.223102999589173,5.529280002519954,5.353594999178313,21.484851000423077
0,991,28579.367690759333,28579.367772046,28579.367987241,28579.37811164,28579.378331187,28579.383978571,0.08128666740958579,0.2151949993276503,0.2964816667372361,10.124398999323603,0.2195470005972311,5.647384001349565,16.287811668007635
0,992,28579.401024092665,28579.401096127,28579.401337342,28579.411417453,28579.411646658,28579.417618266,0.0720343341527041,0.24121499882312492,0.313249332975829,10.08011100202566,0.22920500123291276,5.971607999526896,16.594173335761297
0,993,28579.434357426,28579.434425479,28579.434625424,28579.44471222,28579.444937943,28579.450658003,0.06805300290579908,0.19994499962194823,0.2679980025277473,10.086795999086462,0.2257230007671751,5.720059998566285,16.30057700094767
0,994,28579.467690759335,28579.467758505,28579.467958348,28579.478079895,28579.478302878,28579.48396952,0.06774566645617597,0.199842997972155,0.26758866442833096,10.121547002199804,0.22298299882095307,5.666641998686828,16.278760664135916
0,995,28579.501024092668,28579.501091447,28579.501291347,28579.511373162,28579.511594015,28579.517431232,0.06735433271387592,0.1998999978241045,0.2672543305379804,10.081815002195071,0.22085299860918894,5.837217002408579,16.40713933375082
0,996,28579.534357426,28579.5344424,28579.534641688,28579.544777383,28579.545007236,28579.55072211,0.08497399903717451,0.1992879988392815,0.284261997876456,10.135694999917177,0.22985300165601075,5.714874001569115,16.36468400101876
0,997,28579.567690759333,28579.567759186,28579.567960039,28579.578022593,28579.578246651,28579.583928126,0.06842666698503308,0.20085299911443144,0.2692796660994645,10.062553999887314,0.22405799973057583,5.6814750023477245,16.23736666806508
0,998,28579.601024092666,28579.601089433,28579.601286582,28579.611377119,28579.611505065,28579.617155827,0.06534033309435472,0.19714900190592743,0.26248933500028215,10.090536998177413,0.1279460011573974,5.650761999277165,16.131734333612258
0,999,28579.634357426,28579.634426032,28579.634626755,28579.644716236,28579.644958072,28579.65077938,0.06860600115032867,0.20072299957973883,0.2693290007300675,10.0894809984311,0.24183600180549547,5.821308001031866,16.42195400199853
0,1000,28579.667690759332,28579.667780631,28579.667999984,28579.678163244,28579.678392448,28579.687449989,0.0898716680239886,0.21935300173936412,0.3092246697633527,10.16325999808032,0.2292040007887408,9.05754099949263,19.759229668125045
0,1001,28579.701024092665,28579.701124175,28579.7013735,28579.71144812,28579.711504731,28579.717200828,0.10008233584812842,0.2493249994586222,0.3494073353067506,10.074620000523282,0.05661099930875935,5.696096999599831,16.176735334738623
0,1002,28579.734357426,28579.734432042,28579.734705664,28579.744666321,28579.750355296,28579.755659751,0.07461600034730509,0.27362199762137607,0.34823799796868116,9.960657000192441,5.688975001248764,5.304455000441521,21.302324999851407
0,1003,28579.767690759334,28579.767765668,28579.767999707,28579.778157976,28579.778384718,28579.784455204,0.0749086648283992,0.23403900195262395,0.30894766678102314,10.15826900038519,0.2267419986310415,6.07048600068083,16.764444666478084
0,1004,28579.801024092667,28579.801091861,28579.80130363,28579.811375204,28579.811594854,28579.817616711,0.06776833470212296,0.2117689982696902,0.27953733297181316,10.071574000903638,0.21964999905321747,6.021856999723241,16.59261833265191
0,1005,28579.834357426,28579.834428775,28579.834627554,28579.844732943,28579.844958139,28579.850848819,0.07134900079108775,0.19877899831044488,0.2701279991015326,10.10538899936364,0.2251960031571798,5.890679996809922,16.491392998432275
0,1006,28579.867690759333,28579.867757598,28579.86797159,28579.878098284,28579.878322268,28579.884386606,0.0668386674078647,0.21399199977167882,0.2808306671795435,10.126694000064163,0.22398399960366078,6.0643380020337645,16.69584666888113
0,1007,28579.901024092665,28579.901092976,28579.901291672,28579.911387903,28579.911653609,28579.918079829,0.06888333518872969,0.19869599782396108,0.26757933301269077,10.096231002535205,0.2657059994817246,6.426219999411842,17.055736334441463
0,1008,28579.934357426,28579.934426808,28579.93462755,28579.944723245,28579.944960598,28579.950899176,0.06938200021977536,0.20074200074304827,0.27012400096282363,10.095695000927662,0.2373530005570501,5.938578000495909,16.541750002943445
0,1009,28579.967690759335,28579.967759362,28579.967960678,28579.978071114,28579.978300642,28579.984405334,0.06860266512376256,0.2013160010392312,0.26991866616299376,10.110436000104528,0.2295279991813004,6.104691998189082,16.714574663637904
0,1010,28580.001024092668,28580.00109713,28580.001302334,28580.011361584,28580.011587511,28580.017792832,0.0730373321857769,0.2052039999398403,0.2782413321256172,10.05924999844865,0.22592700042878278,6.205321002198616,16.768739333201665
0,1011,28580.034357426,28580.03442835,28580.034627342,28580.044755695,28580.044980121,28580.050894894,0.07092400119290687,0.1989919983316213,0.26991599952452816,10.12835299843573,0.224426003114786,5.914772998949047,16.53746800002409
0,1012,28580.067690759333,28580.067760617,28580.067958053,28580.078073378,28580.078131526,28580.083939058,0.0698576659488026,0.1974360020540189,0.2672936680028215,10.115324999787845,0.0581479980610311,5.807532001199434,16.24829866705113
0,1013,28580.101024092666,28580.101092393,28580.101326414,28580.111406534,28580.111516516,28580.11729664,0.06830033453297801,0.23402099759550765,0.30232133212848566,10.080120002385229,0.10998200014000759,5.7801240000117105,16.272547334665433
0,1014,28580.134357426,28580.134425856,28580.134626838,28580.1448157,28580.145040914,28580.150992382,0.06842999937362038,0.2009820018429309,0.2694120012165513,10.188862001086818,0.22521400023833849,5.951467999693705,16.634956002235413
0,1015,28580.167690759332,28580.167759567,28580.1684117,28580.17781564,28580.183262828,28580.189070804,0.06880766886752099,0.6521329996758141,0.720940668543335,9.403939999174327,5.447187999379821,5.807976001960924,21.380044669058407
0,1016,28580.201024092665,28580.201092917,28580.201295825,28580.211386149,28580.211607771,28580.217849314,0.06882433444843628,0.20290800239308737,0.27173233684152365,10.090323998156236,0.2216220018453896,6.241543000214733,16.825221337057883
0,1017,28580.234357426,28580.234427571,28580.234626888,28580.2447581,28580.244986638,28580.251013976,0.07014499715296552,0.19931700080633163,0.26946199795929715,10.131212002306711,0.22853799964650534,6.027338000421878,16.65655000033439
0,1018,28580.267690759334,28580.267759106,28580.267957024,28580.278063736,28580.278352145,28580.284563059,0.06834666419308633,0.1979180015041493,0.2662646656972356,10.106712001288543,0.2884089990402572,6.210914001712808,16.872299667738844
0,1019,28580.301024092667,28580.301091233,28580.301293734,28580.311363677,28580.311616114,28580.317814454,0.06714033224852756,0.20250099987606518,0.26964133212459274,10.06994300041697,0.2524369992897846,6.198340000992175,16.790361332823522
0,1020,28580.334357426,28580.334425535,28580.33462499,28580.344728842,28580.344957445,28580.351030931,0.06810899867559783,0.19945500025642104,0.2675639989320189,10.103852000611369,0.22860299941385165,6.073486001696438,16.673505000653677
0,1021,28580.367690759333,28580.367776626,28580.367986997,28580.378105181,28580.378331868,28580.384566152,0.08586666808696464,0.2103709994116798,0.29623766749864444,10.118184000020847,0.22668699966743588,6.23428399921977,16.875392666406697
0,1022,28580.401024092665,28580.401100734,28580.401306124,28580.411393937,28580.4116113,28580.41795039,0.07664133590878919,0.20538999888231046,0.28203133479109965,10.087812999699963,0.2173629982280545,6.339090003166348,16.926297335885465
0,1023,28580.434357426,28580.434427814,28580.434630269,28580.444723176,28580.444947936,28580.451128267,0.07038800322334282,0.2024549976340495,0.2728430008573923,10.09290699948906,0.22476000231108628,6.180330998176942,16.77084100083448
0,1024,28580.467690759335,28580.467757117,28580.46796022,28580.47807886,28580.478308814,28580.484555858,0.06635766476392746,0.2031030016951263,0.26946066645905375,10.118639998836443,0.22995399922365323,6.247043998882873,16.865098663402023
0,1025,28580.501024092668,28580.501099209,28580.501305877,28580.511390358,28580.511653554,28580.517821097,0.07511633157264441,0.20666799900936894,0.28178433058201335,10.0844810003764,0.2631960014696233,6.167543000628939,16.797004333056975
0,1026,28580.534357426,28580.534425309,28580.534626218,28580.544725949,28580.544950025,28580.55111379,0.06788300015614368,0.200908998522209,0.2687919986783527,10.099731000082102,0.22407600044971332,6.163764999655541,16.75636399886571
0,1027,28580.567690759333,28580.567756715,28580.567956688,28580.578056495,28580.578289986,28580.584426252,0.06595566810574383,0.1999729975068476,0.26592866561259143,10.09980700109736,0.2334909986529965,6.136266001703916,16.735492667066865
0,1028,28580.601024092666,28580.601108806,28580.601313456,28580.611363835,28580.611583531,28580.617819797,0.08471333421766758,0.20465000125113875,0.2893633354688063,10.050378998130327,0.21969600129523315,6.236265999177704,16.79570433407207
0,1029,28580.634357426,28580.63442588,28580.635048549,28580.644348989,28580.65014879,28580.655815376,0.06845400275778957,0.6226689984032419,0.6911230011610314,9.300440000515664,5.7998009979201015,5.666586002917029,21.457950002513826
0,1030,28580.667690759332,28580.667775406,28580.667986203,28580.678058249,28580.678288417,28580.684820564,0.08464666825602762,0.21079699945403263,0.29544366771006025,10.072045999550028,0.2301679996890016,6.53214700287208,17.12980466982117
0,1031,28580.701024092665,28580.701111441,28580.701331581,28580.71137173,28580.711601934,28580.718101775,0.08734833681955934,0.22013999841874465,0.307488335238304,10.040149001724785,0.23020399748929776,6.499841001641471,17.077682336093858
0,1032,28580.734357426,28580.734433152,28580.734645571,28580.744791598,28580.745025961,28580.751319458,0.07572599861305207,0.21241899958113208,0.28814499819418415,10.146027001610491,0.23436300034518354,6.293496997386683,16.962031997536542
0,1033,28580.767690759334,28580.767760365,28580.767962643,28580.778255412,28580.784807661,28580.79064361,0.06960566679481417,0.20227799905114807,0.27188366584596224,10.292768998624524,6.5522490003786515,5.835948999447282,22.95285066429642
0,1034,28580.801024092667,28580.801094076,28580.801130511,28580.810399664,28580.81063535,28580.817057831,0.06998333265073597,0.03643500167527236,0.10641833432600833,9.269152997148922,0.23568600227008574,6.422480997571256,16.033738331316272
0,1035,28580.834357426,28580.834433167,28580.834480908,28580.843975451,28580.844205776,28580.850479616,0.07574100163765252,0.047740999434608966,0.12348200107226148,9.494542999163968,0.23032500030240044,6.273840001085773,16.122190001624404
0,1036,28580.867690759333,28580.86776061,28580.867960324,28580.878139583,28580.88473212,28580.890518892,0.06985066647757776,0.19971400251961313,0.2695646689971909,10.179258999414742,6.59253699996043,5.786771998828044,22.828132667200407
0,1037,28580.901024092665,28580.90109397,28580.901296202,28580.911463925,28580.917933127,28580.923681261,0.06987733286223374,0.2022320004471112,0.27210933330934495,10.167723001359263,6.469201998697827,5.748134000896243,22.65716833426268
0,1038,28580.934357426,28580.934424265,28580.934625877,28580.944716108,28580.944941878,28580.951204745,0.06683900210191496,0.2016119979089126,0.26845100001082756,10.09023100050399,0.22576999981538393,6.262867002078565,16.847319002408767
0,1039,28580.967690759335,28580.96776079,28580.967963494,28580.978078411,28580.978303088,28580.984648817,0.07003066639299504,0.2027039990935009,0.27273466548649594,10.11491700046463,0.22467699818662368,6.345729001623113,16.95805766576086
0,1040,28581.001024092668,28581.001136547,28581.001395659,28581.011482992,28581.011707216,28581.018215297,0.11245433415751904,0.2591119991848245,0.37156633334234357,10.087332997500198,0.22422400070354342,6.508081001811661,17.191204333357746
0,1041,28581.034357426,28581.034444007,28581.034649471,28581.04475959,28581.044834091,28581.051184478,0.08658099977765232,0.20546399900922552,0.29204499878687784,10.110119001183193,0.07450100019923411,6.350387000566116,16.82705200073542
0,1042,28581.067690759333,28581.067765967,28581.067968144,28581.078066746,28581.078179921,28581.08418963,0.07520766666857526,0.2021770014835056,0.27738466815208085,10.098601997015066,0.11317500320728868,6.00970899904496,16.498870667419396
0,1043,28581.101024092666,28581.101093936,28581.101300159,28581.111459872,28581.111571716,28581.117667526,0.06984333231230266,0.20622300144168548,0.27606633375398815,10.159713001485215,0.11184399772901088,6.095810000260826,16.64343333322904
0,1044,28581.134357426,28581.134427591,28581.134632648,28581.144732675,28581.144784878,28581.150808337,0.07016500239842571,0.20505700013018213,0.27522200252860785,10.100026996951783,0.052203002269379795,6.023458998242859,16.45091099999263
0,1045,28581.167690759332,28581.167762829,28581.167979145,28581.178084125,28581.178345831,28581.184805273,0.07206966984085739,0.21631599884130992,0.2883856686821673,10.104979999596253,0.26170599812758155,6.4594420000503305,17.114513666456332
0,1046,28581.201024092665,28581.201099558,28581.201351133,28581.21143267,28581.211659653,28581.218190068,0.07546533379354514,0.25157500203931704,0.3270403358328622,10.08153699876857,0.2269830001750961,6.53041500117979,17.16597533595632
0,1047,28581.234357426,28581.234429167,28581.234637261,28581.24485742,28581.251398992,28581.257399599,0.07174100028350949,0.20809399939025752,0.279834999673767,10.220158997981343,6.5415720018791035,6.000606997986324,23.042172997520538
0,1048,28581.267690759334,28581.267762387,28581.267971685,28581.278210779,28581.284901751,28581.290844876,0.07162766632973216,0.20929799939040095,0.2809256657201331,10.239094001008198,6.690972000797046,5.94312499742955,23.154116664954927
0,1049,28581.301024092667,28581.301096654,28581.301382258,28581.311403369,28581.311675584,28581.318235805,0.07256133176269941,0.28560400096466765,0.35816533272736706,10.021111000241945,0.2722149984037969,6.560221001564059,17.211712332937168
0,1050,28581.334357426,28581.334430181,28581.334642238,28581.34498836,28581.345107296,28581.351442108,0.07275499956449494,0.21205699886195362,0.28481199842644855,10.346122002374614,0.11893600094481371,6.334811998385703,17.08468200013158
0,1051,28581.367690759333,28581.367798096,28581.367859412,28581.377220028,28581.37745615,28581.384131677,0.10733666567830369,0.061316000937949866,0.16865266661625355,9.360616000776645,0.23612199947820045,6.675527001789305,16.440917668660404
0,1052,28581.401024092665,28581.401111576,28581.401335125,28581.411501254,28581.411752626,28581.418421571,0.0874833349371329,0.2235489992017392,0.3110323341388721,10.166128999117063,0.2513720028218813,6.668944999546511,17.397478335624328
0,1053,28581.434357426,28581.434434177,28581.434647262,28581.444255971,28581.444496186,28581.451039963,0.07675100277992897,0.21308500072336756,0.2898360035032965,9.608708998712245,0.24021499848458916,6.543777002661955,16.682537003362086
0,1054,28581.467690759335,28581.467768426,28581.467983954,28581.478179066,28581.478420076,28581.484989501,0.07766666385577992,0.21552800171775743,0.29319466557353735,10.195112001383677,0.2410099987173453,6.56942500063451,17.29874166630907
0,1055,28581.501024092668,28581.501101905,28581.501359397,28581.511608315,28581.511848918,28581.51843514,0.07781233216519468,0.257491999946069,0.33530433211126365,10.248917998978868,0.2406029998383019,6.586221999896225,17.41104733082466
0,1056,28581.534357426,28581.534432293,28581.53465036,28581.544901916,28581.545141657,28581.551688888,0.07486699905712157,0.21806700169690885,0.2929340007540304,10.251555999275297,0.23974099894985557,6.547231001604814,17.331462000583997
0,1057,28581.567690759333,28581.567767227,28581.567984071,28581.578159951,28581.578414313,28581.585041247,0.07646766607649624,0.21684400053345598,0.2933116666099522,10.17588000104297,0.2543619993957691,6.626933998632012,17.350487665680703
0,1058,28581.601024092666,28581.601097437,28581.601326096,28581.611609392,28581.618630755,28581.62471014,0.07334433394134976,0.2286589988216292,0.30200333276297897,10.28329600012512,7.021363002422731,6.079384998884052,23.686047334194882
0,1059,28581.634357426,28581.634429249,28581.634643805,28581.644946501,28581.651575602,28581.657821237,0.07182300032582134,0.21455599926412106,0.2863789995899424,10.302696002327139,6.629101000726223,6.24563499877695,23.463811001420254
0,1060,28581.667690759332,28581.667763579,28581.6679746,28581.678214785,28581.678467221,28581.688976001,0.0728196682757698,0.2110210007231217,0.2838406689988915,10.240184998110635,0.25243600248359144,10.508780000236584,21.285241669829702
0,1061,28581.701024092665,28581.70109816,28581.701311004,28581.711439096,28581.711494893,28581.717857196,0.07406733493553475,0.21284399917931296,0.2869113341148477,10.128092002560152,0.05579699791269377,6.36230300005991,16.833103334647603
0,1062,28581.734357426,28581.734429778,28581.734722834,28581.74504115,28581.75135462,28581.757410264,0.07235199882416055,0.29305600037332624,0.3654079991974868,10.318315999029437,6.313469999440713,6.055644000298344,23.05283799796598
0,1063,28581.767690759334,28581.767764793,28581.767993794,28581.778347545,28581.78482384,28581.790604186,0.07403366544167511,0.2290010015713051,0.3030346670129802,10.353751000366174,6.476294998719823,5.780346000392456,22.913426666491432
0,1064,28581.801024092667,28581.801097253,28581.801391042,28581.811507635,28581.811744256,28581.81821843,0.07316033224924468,0.2937890021712519,0.3669493344204966,10.116592999111162,0.23662099920329638,6.474173998867627,17.194337331602583
0,1065,28581.834357426,28581.834494519,28581.834789177,28581.844959992,28581.845202735,28581.851552315,0.13709300037589855,0.2946579988929443,0.43175099926884286,10.170814999582944,0.24274300085380673,6.349580002279254,17.194889001984848
0,1066,28581.867690759333,28581.867764912,28581.867976034,28581.878193673,28581.878425164,28581.884935561,0.07415266736643389,0.21112199829076417,0.28527466565719806,10.21763900280348,0.23149099797592498,6.510397000965895,17.2448016674025
0,1067,28581.901024092665,28581.901098223,28581.901776624,28581.911176824,28581.9169748,28581.922626265,0.07413033381453715,0.6784010001865681,0.7525313340011053,9.400200000527548,5.797975998575566,5.651465002301848,21.602172335406067
0,1068,28581.934357426,28581.934426533,28581.935075176,28581.944482551,28581.950349065,28581.956108438,0.0691070017637685,0.6486429992946796,0.7177500010584481,9.407375000591855,5.866513998626033,5.759373001637869,21.751012001914205
0,1069,28581.967690759335,28581.967762446,28581.968418487,28581.977831259,28581.983632329,28581.989622167,0.07168666343204677,0.6560410001839045,0.7277276636159513,9.412772000359837,5.80107000132557,5.9898379986407235,21.931407663942082
0,1070,28582.001024092668,28582.001093785,28582.001739408,28582.011132932,28582.017329206,28582.023379803,0.06969233072595671,0.6456230003095698,0.7153153310355265,9.393524000188336,6.196274000103585,6.050596999557456,22.355710330884904
0,1071,28582.034357426,28582.034431586,28582.035068274,28582.044419946,28582.050357209,28582.056382363,0.07415999789373018,0.6366880006680731,0.7108479985618033,9.35167200077558,5.937262998486403,6.02515400169068,22.024936999514466
0,1072,28582.067690759333,28582.067762248,28582.068452465,28582.078060508,28582.083963003,28582.090369677,0.0714886664354708,0.6902169989189133,0.7617056653543841,9.608043001207989,5.902494998736074,6.406674001482315,22.678917666780762
0,1073,28582.101024092666,28582.101097615,28582.101332617,28582.111618136,28582.111864767,28582.11864624,0.07352233296842314,0.23500200040871277,0.3085243333771359,10.285519001627108,0.24663099975441583,6.781472999136895,17.622147333895555
0,1074,28582.134357426,28582.134431576,28582.134681327,28582.145092652,28582.151611679,28582.157716166,0.07415000072796829,0.249750999500975,0.3239010002289433,10.411325001769,6.519026999740163,6.104486998083303,23.35873999982141
0,1075,28582.167690759332,28582.167764268,28582.168026926,28582.178337335,28582.178455455,28582.184996509,0.0735086687200237,0.26265799897373654,0.33616666769376025,10.310409001249354,0.11811999866040424,6.541054000990698,17.305749668594217
0,1076,28582.201024092665,28582.201099561,28582.20133772,28582.211603147,28582.211879148,28582.219000854,0.07546833512606099,0.23815899839974009,0.3136273335258011,10.265427001286298,0.2760009992925916,7.121705999452388,17.97676133355708
0,1077,28582.234357426,28582.23443343,28582.234655672,28582.24499271,28582.245051869,28582.251548885,0.07600399840157479,0.2222420007456094,0.2982459991471842,10.337037998397136,0.059158999647479504,6.4970160019584,17.1914589991502
0,1078,28582.267690759334,28582.267766974,28582.267983716,28582.278263042,28582.278317941,28582.28484805,0.07621466647833586,0.21674199888366275,0.2929566653619986,10.279326001182199,0.05489899922395125,6.530108999868389,17.157290665636538
0,1079,28582.301024092667,28582.301099704,28582.301322151,28582.311602911,28582.311841653,28582.318787238,0.07561133315903135,0.22244700085138902,0.29805833401042037,10.280759997840505,0.23874200269347057,6.945584998902632,17.763145333447028
0,1080,28582.334357426,28582.334431565,28582.334648779,28582.345026586,28582.34514891,28582.351550677,0.07413899948005565,0.21721400116803125,0.2913530006480869,10.377807000622852,0.12232399967615493,6.401767001079861,17.193251002026955
0,1081,28582.367690759333,28582.367777072,28582.368495197,28582.377919415,28582.383746623,28582.389803286,0.08631266609882005,0.7181250002759043,0.8044376663747244,9.424218002095586,5.827207998663653,6.056663001800189,22.11252666893415
0,1082,28582.401024092665,28582.401097534,28582.401318368,28582.411550425,28582.411786954,28582.418847687,0.07344133337028325,0.2208340010838583,0.29427533445414156,10.23205700039398,0.23652899835724384,7.060733001708286,17.82359433491365
0,1083,28582.434357426,28582.434568246,28582.434782145,28582.445106711,28582.445166221,28582.451710905,0.21082000239402987,0.21389899848145433,0.4247190008754842,10.324565999326296,0.059510002756724134,6.544683998072287,17.35347900103079
0,1084,28582.467690759335,28582.467762827,28582.467977884,28582.478280505,28582.47833746,28582.484850421,0.07206766531453468,0.21505699987756088,0.28712466519209556,10.302621001756052,0.056954999308800325,6.51296099749743,17.159661663754378
0,1085,28582.501024092668,28582.501097594,28582.501342919,28582.511618727,28582.511735051,28582.51860207,0.0735013309167698,0.24532500174245797,0.3188263326592278,10.275807999278186,0.1163240012829192,6.8670189975819085,17.57797733080224
0,1086,28582.534357426,28582.534588408,28582.53480515,28582.545149439,28582.545306551,28582.551876393,0.23098200108506717,0.21674199888366275,0.4477239999687299,10.344288999476703,0.1571120010339655,6.569842000317294,17.518967000796692
0,1087,28582.567690759333,28582.567763017,28582.567988453,28582.578395354,28582.584655953,28582.590452642,0.07225766603369266,0.22543600061908364,0.2976936666527763,10.406901001260849,6.2605989987787325,5.796689001726918,22.761882668419275
0,1088,28582.601024092666,28582.601093821,28582.601801102,28582.611185164,28582.61775757,28582.624112763,0.06972833216423169,0.7072810003592167,0.7770093325234484,9.384062002936844,6.572405996848829,6.355192999762949,23.08867033207207
0,1089,28582.634357426,28582.634429616,28582.635117212,28582.644538199,28582.649912933,28582.655667067,0.07218999962788075,0.6875960025354289,0.7597860021633096,9.420987000339665,5.374733998905867,5.754133999289479,21.30964100069832
0,1090,28582.667690759332,28582.667761013,28582.66798619,28582.678352923,28582.687055314,28582.692879994,0.07025366721791215,0.22517700199387036,0.2954306692117825,10.366733000410022,8.702390998223564,5.824679999932414,25.189234667777782
0,1091,28582.701024092665,28582.701093261,28582.701400291,28582.711656514,28582.717903427,28582.723711535,0.06916833444847725,0.30703000084031373,0.376198335288791,10.256222998577869,6.246913002541987,5.808107998745982,22.68744233515463
0,1092,28582.734357426,28582.734428917,28582.734469668,28582.743825534,28582.743876562,28582.750038151,0.07149099837988615,0.04075100150657818,0.11224199988646433,9.35586599734961,0.0510280005983077,6.16158900083974,15.680724998674123
0,1093,28582.767690759334,28582.76776324,28582.768074362,28582.77836753,28582.784615425,28582.790471828,0.07248066685860977,0.3111219994025305,0.38360266626114026,10.29316800122615,6.247894998523407,5.856403000507271,22.781068666517967
0,1094,28582.801024092667,28582.801094368,28582.801316045,28582.81100533,28582.811060562,28582.817195493,0.07027533138170838,0.22167700080899522,0.2919523321907036,9.689285001513781,0.05523199797607958,6.134931001724908,16.171400333405472
0,1095,28582.834357426,28582.834430848,28582.83464734,28582.844954582,28582.845011249,28582.851095653,0.07342200115090236,0.2164920006180182,0.28991400176892057,10.307241998816608,0.05666699871653691,6.08440400174004,16.738227001042105
0,1096,28582.867690759333,28582.867761485,28582.868495406,28582.877888625,28582.88345797,28582.88968381,0.07072566586430185,0.7339210023928899,0.8046466682571918,9.393218999321107,5.569345001276815,6.225839999387972,21.993050668243086
0,1097,28582.901024092665,28582.901097659,28582.901321957,28582.91099427,28582.911240799,28582.917647306,0.07356633432209492,0.22429800083045848,0.2978643351525534,9.67231300091953,0.2465289981046226,6.406507000065176,16.623213334241882
0,1098,28582.934357426,28582.934432815,28582.934655475,28582.944564445,28582.950683479,28582.956788356,0.07538900172221474,0.22266000087256543,0.2980490025947802,9.908969997923123,6.11903400204028,6.104877000325359,22.430930002883542
0,1099,28582.967690759335,28582.967761768,28582.967974788,28582.978270168,28582.978499457,28582.985716959,0.07100866423570551,0.21302000095602125,0.28402866519172676,10.295380001480225,0.2292889985255897,7.2175019995484035,18.026199664745945
0,1100,28583.001024092668,28583.001098498,28583.001331851,28583.011713667,28583.018216305,28583.024125681,0.07440533227054402,0.23335299920290709,0.3077583314734511,10.381816002336564,6.502637999801664,5.909375999181066,23.101588332792744
0,1101,28583.034357426,28583.034432043,28583.034655886,28583.044989378,28583.045242816,28583.051601229,0.07461700079147704,0.22384299882105552,0.29845999961253256,10.333491998608224,0.2534380000724923,6.358413000270957,17.243802998564206
0,1102,28583.067690759333,28583.067764542,28583.068483563,28583.077893319,28583.084024492,28583.090046896,0.07378266673185863,0.7190210017142817,0.7928036684461404,9.409755999513436,6.131172998721013,6.022403998940717,22.356136665621307
0,1103,28583.101024092666,28583.101098198,28583.101334893,28583.111716358,28583.118313459,28583.124421335,0.07410533362417482,0.23669499933021143,0.31080033295438625,10.381464999227319,6.597101000807015,6.107876000896795,23.397242333885515
0,1104,28583.134357426,28583.134431011,28583.134660678,28583.145013597,28583.145246579,28583.151763439,0.0735850007913541,0.22966699907556176,0.30325199986691587,10.35291900188895,0.23298199812415987,6.516860001283931,17.406013001163956
0,1105,28583.167690759332,28583.167767157,28583.168082076,28583.178381976,28583.185388551,28583.191725151,0.07639766772626899,0.3149190015392378,0.3913166692655068,10.29989999733516,7.006575000559678,6.33659999948577,24.034391666646115
0,1106,28583.201024092665,28583.20109997,28583.201139804,28583.21046279,28583.210699977,28583.217183995,0.07587733489344828,0.03983400165452622,0.1157113365479745,9.322985999460798,0.23718699958408251,6.484017998445779,16.159902334038634
0,1107,28583.234357426,28583.234434228,28583.23465185,28583.245011268,28583.24525502,28583.251657453,0.07680199996684678,0.21762200049124658,0.29442400045809336,10.359418000007281,0.24375199791393243,6.402432998584118,17.300026996963425
0,1108,28583.267690759334,28583.267764468,28583.267979562,28583.278313025,28583.278545073,28583.285242693,0.07370866660494357,0.215093998122029,0.2888026647269726,10.333463000279153,0.23204800163512118,6.69761999961338,17.551933666254627
0,1109,28583.301024092667,28583.301097994,28583.301315449,28583.31157219,28583.311808229,28583.318440089,0.07390133396256715,0.21745499907410704,0.2913563330366742,10.256740999466274,0.23603899899171665,6.631860000197776,17.41599633169244
0,1110,28583.334357426,28583.334429677,28583.334639465,28583.345023503,28583.351630002,28583.357993315,0.07225100125651807,0.20978799875592813,0.2820390000124462,10.384037999756401,6.606498998735333,6.363313001202187,23.635888999706367
0,1111,28583.367690759333,28583.367766776,28583.367987508,28583.378334806,28583.378573308,28583.385005676,0.07601666584378108,0.22073200307204388,0.29674866891582496,10.3472979972139,0.23850200159358792,6.432367998058908,17.31491666578222
0,1112,28583.401024092665,28583.401097208,28583.40132394,28583.411585784,28583.41182985,28583.418356886,0.07311533408937976,0.2267320014652796,0.29984733555465937,10.261843999614939,0.24406599914073013,6.527035999170039,17.332793333480367
0,1113,28583.434357426,28583.434442215,28583.434654892,28583.444980568,28583.445223107,28583.451848606,0.08478900053887628,0.21267700140015222,0.2974660019390285,10.325676001230022,0.24253899755422026,6.625499001529533,17.491180002252804
0,1114,28583.467690759335,28583.467761814,28583.468481207,28583.477903146,28583.483921003,28583.490267121,0.07105466647772118,0.7193929995992221,0.7904476660769433,9.42193899754784,6.0178570020070765,6.346117999783019,22.57636166541488
0,1115,28583.501024092668,28583.501093968,28583.501771509,28583.511157865,28583.517362872,28583.523725369,0.06987533197388984,0.6775410001864657,0.7474163321603555,9.386355999595253,6.205007000971818,6.362496998917777,22.701276331645204
0,1116,28583.534357426,28583.534429623,28583.535118673,28583.544619141,28583.550542174,28583.556738958,0.0721969990991056,0.6890500008012168,0.7612469999003224,9.500468000624096,5.9230330007267185,6.196783997438615,22.381531998689752
0,1117,28583.567690759333,28583.567761805,28583.568463383,28583.577879805,28583.583932662,28583.590216549,0.07104566611815244,0.7015779992798343,0.7726236653979868,9.416422002686886,6.052856999303913,6.283886999881361,22.525789667270146
0,1118,28583.601024092666,28583.601103646,28583.60132774,28583.611601065,28583.611867928,28583.618509844,0.0795533342170529,0.2240940011688508,0.3036473353859037,10.273324998706812,0.2668630004336592,6.641915999352932,17.485751333879307
0,1119,28583.634357426,28583.634430793,28583.634643229,28583.644972193,28583.645210158,28583.651718333,0.07336700218729675,0.21243599985609762,0.28580300204339437,10.328963999199914,0.2379649995418731,6.5081749999080785,17.36090700069326
0,1120,28583.667690759332,28583.667761291,28583.668493156,28583.678051264,28583.684197909,28583.691071855,0.07053166700643487,0.7318650023080409,0.8023966693144757,9.558107998600462,6.14664499880746,6.873946000268916,23.381095666991314
0,1121,28583.701024092665,28583.701097845,28583.701312235,28583.711518726,28583.711756728,28583.718348913,0.0737523369025439,0.21438999829115346,0.28814233519369736,10.206490998825757,0.23800200142432004,6.592185000044992,17.324820335488766
0,1122,28583.734357426,28583.734502872,28583.734716725,28583.744368547,28583.744619909,28583.751192436,0.14544599980581552,0.21385299987741746,0.359298999683233,9.651821997977095,0.25136200201814063,6.572526999661932,16.8350099993404
0,1123,28583.767690759334,28583.767763036,28583.767975472,28583.777609221,28583.777847509,28583.784651611,0.0722766671970021,0.21243599985609762,0.2847126670530997,9.633748999476666,0.23828800112823956,6.8041019985685125,16.960851666226517
0,1124,28583.801024092667,28583.801098127,28583.80131274,28583.811706057,28583.818295417,28583.824478692,0.07403433482977562,0.21461299911607057,0.2886473339458462,10.393316999397939,6.589360000361921,6.183274999784771,23.454599333490478
0,1125,28583.834357426,28583.834429821,28583.834648044,28583.845154861,28583.851600119,28583.857730857,0.07239499973366037,0.21822300186613575,0.2906180015997961,10.50681699780398,6.4452580008946825,6.130737998319091,23.37343099861755
0,1126,28583.867690759333,28583.867761412,28583.867977293,28583.878248488,28583.878472878,28583.885131396,0.07065266618155874,0.21588100207736716,0.2865336682589259,10.271194998495048,0.22439000167651102,6.658517999312608,17.440636667743092
0,1127,28583.901024092665,28583.901103855,28583.901324106,28583.910954714,28583.911190707,28583.917714103,0.07976233609952033,0.22025099679012783,0.30001333288964815,9.630608001316432,0.23599300038767979,6.523396001284709,16.69001033587847
0,1128,28583.934357426,28583.934433612,28583.934651383,28583.944985661,28583.945227728,28583.95157466,0.07618600284331478,0.21777099755126983,0.2939570003945846,10.33427800211939,0.24206699890783057,6.346932001179084,17.21723400260089
0,1129,28583.967690759335,28583.967764851,28583.968495013,28583.977870389,28583.983976858,28583.990817627,0.07409166573779657,0.7301619989448227,0.8042536646826193,9.37537600111682,6.106468998041237,6.840769001428271,23.126867665268946
0,1130,28584.001024092668,28584.001097091,28584.001805492,28584.011218711,28584.017210892,28584.023166879,0.07299833305296488,0.7084009994287044,0.7813993324816693,9.413218998815864,5.992181002511643,5.955986998742446,22.142786332551623
0,1131,28584.034357426,28584.03443596,28584.035122936,28584.044593219,28584.050029981,28584.05583168,0.07853399802115746,0.6869759999972302,0.7655099980183877,9.470283002883662,5.4367619995900895,5.801699000585359,21.474254001077497
0,1132,28584.067690759333,28584.067761792,28584.068452898,28584.077831124,28584.083980473,28584.090177414,0.0710326676198747,0.6911059972480871,0.7621386648679618,9.378226000990253,6.149348999315407,6.196941001689993,22.486654666863615
0,1133,28584.101024092666,28584.101095511,28584.101788561,28584.111184502,28584.117290822,28584.123163992,0.0714183333911933,0.6930500021553598,0.7644683355465531,9.395940996910213,6.1063200009812135,5.873170000995742,22.13989933443372
0,1134,28584.134357426,28584.134600092,28584.134814964,28584.145151131,28584.145390818,28584.151893798,0.24266599939437583,0.21487200137926266,0.4575380007736385,10.3361670007871,0.2396870004304219,6.502979998913361,17.53637200090452
0,1135,28584.167690759332,28584.167765181,28584.167981118,28584.178235248,28584.17850099,28584.185176647,0.07442166679538786,0.21593700148514472,0.2903586682805326,10.254130000248551,0.26574200091999955,6.675656997686019,17.485887667135103
0,1136,28584.201024092665,28584.201095049,28584.201314152,28584.211616042,28584.211853784,28584.2185272,0.0709563355485443,0.21910299983574077,0.2900593353842851,10.30189000084647,0.237741998716956,6.673415999102872,17.503107334050583
0,1137,28584.234357426,28584.234431111,28584.234643269,28584.244931788,28584.245179299,28584.251626343,0.07368499791482463,0.2121580000675749,0.28584299798239954,10.288518999004737,0.24751100136199966,6.447044001106406,17.26891699945554
0,1138,28584.267690759334,28584.267764506,28584.2680146,28584.278421805,28584.285167111,28584.291071161,0.07374666529358365,0.25009399905684404,0.3238406643504277,10.407205001683906,6.745306000084383,5.904049998207483,23.3804016643262
0,1139,28584.301024092667,28584.301095688,28584.301317773,28584.31163544,28584.318367181,28584.324564742,0.07159533197409473,0.22208500013221055,0.2936803321063053,10.317667001800146,6.731740999384783,6.197561000590213,23.540649333881447
0,1140,28584.334357426,28584.334575807,28584.334805549,28584.345234894,28584.351881587,28584.358313586,0.21838099928572774,0.22974199964664876,0.4481229989323765,10.429345002194168,6.646693000220694,6.431998997868504,23.956159999215743
0,1141,28584.367690759333,28584.367763841,28584.367979325,28584.378288362,28584.378525937,28584.385177928,0.07308166823349893,0.21548400036408566,0.2885656685975846,10.3090369993879,0.23757500093779527,6.651990999671398,17.487168668594677
0,1142,28584.401024092665,28584.401098266,28584.401314925,28584.411666695,28584.411903955,28584.418435427,0.07417333472403698,0.21665899839717895,0.2908323331212159,10.351770000852412,0.23725999926682562,6.531472001370275,17.41133433461073
0,1143,28584.434357426,28584.434561905,28584.434773295,28584.445138694,28584.445391158,28584.451823666,0.2044790016952902,0.211390000913525,0.4158690026088152,10.365399000875186,0.252463996730512,6.43250800203532,17.466240002249833
0,1144,28584.467690759335,28584.467764143,28584.467991514,28584.47824134,28584.478374034,28584.484755819,0.07338366413023323,0.22737100152880885,0.3007546656590421,10.249825998471351,0.13269400005810894,6.381785002304241,17.065059666492743
0,1145,28584.501024092668,28584.501098234,28584.501323707,28584.510934334,28584.510991668,28584.517210369,0.07414133142447099,0.22547300250153057,0.29961433392600156,9.610626999347005,0.05733400030294433,6.21870099712396,16.18627633069991
0,1146,28584.534357426,28584.534432538,28584.53465741,28584.544323741,28584.544567047,28584.551095824,0.07511199873988517,0.2248720011266414,0.2999839998665266,9.666330999607453,0.24330599990207702,6.528777001221897,16.738398000597954
0,1147,28584.567690759333,28584.567764509,28584.567986204,28584.578265594,28584.578511623,28584.585415068,0.0737496666260995,0.2216950015281327,0.2954446681542322,10.279389996867394,0.24602900157333352,6.903444998897612,17.724308665492572
0,1148,28584.601024092666,28584.601098989,28584.601332416,28584.611578694,28584.611817798,28584.618211009,0.07489633208024316,0.23342700296780095,0.3083233350480441,10.246277997794095,0.23910399977467023,6.393211002432508,17.186916335049318
0,1149,28584.634357426,28584.634518672,28584.635250824,28584.644662849,28584.65067078,28584.656835814,0.16124600006151013,0.7321520024561323,0.8933980025176425,9.412024999619462,6.007930998748634,6.165033999423031,22.47838800030877
0,1150,28584.667690759332,28584.667772911,28584.668030051,28584.678180469,28584.678415369,28584.685023007,0.08215166963054799,0.2571400000306312,0.3392916696611792,10.150417998374905,0.23489999875891954,6.607638002606109,17.332247669401113
0,1151,28584.701024092665,28584.701097409,28584.701310457,28584.711565838,28584.711678949,28584.718379615,0.07331633605645038,0.21304799884092063,0.286364334897371,10.255380999296904,0.11311100024613552,6.700665999233024,17.355522333673434
0,1152,28584.734357426,28584.734437721,28584.734649982,28584.744957205,28584.745207706,28584.751518704,0.08029499804251827,0.2122610021615401,0.29255600020405836,10.307222997653298,0.25050100157386623,6.310998000117252,17.161277999548474
0,1153,28584.767690759334,28584.76776221,28584.767974257,28584.777617282,28584.777863329,28584.784627931,0.07145066410885192,0.21204700169619173,0.28349766580504365,9.643025001423666,0.2460469986544922,6.764601999748265,16.937171665631467
0,1154,28584.801024092667,28584.80109216,28584.801302736,28584.811544412,28584.811782673,28584.818361542,0.06806733290432021,0.21057599951745942,0.27864333242177963,10.241676001896849,0.23826100004953332,6.578868997166865,17.337449331535026
0,1155,28584.834357426,28584.834438935,28584.834650131,28584.844965132,28584.845208577,28584.851760224,0.08150899884640239,0.21119600205565803,0.2927050009020604,10.315000999980839,0.24344499979633838,6.55164699855959,17.402797999238828
0,1156,28584.867690759333,28584.867764164,28584.86797285,28584.877681801,28584.877921506,28584.884608431,0.07340466618188657,0.20868600040557794,0.2820906665874645,9.708951001812238,0.2397049975115806,6.6869250003946945,16.917671666305978
0,1157,28584.901024092665,28584.901093161,28584.901789507,28584.911188531,28584.91752687,28584.923587867,0.06906833368702792,0.6963460000406485,0.7654143337276764,9.399024002050282,6.338338997011306,6.060997002350632,22.563774335139897
0,1158,28584.934357426,28584.934428361,28584.934636021,28584.944929947,28584.945170466,28584.951671864,0.07093500244081952,0.2076599994325079,0.2785950018733274,10.293925999576459,0.24051899890764616,6.501398002001224,17.314438002358656
0,1159,28584.967690759335,28584.967776535,28584.967997306,28584.978292834,28584.978522845,28584.984961204,0.08577566404710524,0.2207710022048559,0.30654666625196114,10.295527998096077,0.23001099907560274,6.438359003368532,17.270444666792173
0,1160,28585.001024092668,28585.001094997,28585.001302554,28585.011706981,28585.01849187,28585.024783841,0.07090433064149693,0.20755700097652152,0.27846133161801845,10.404427001049044,6.784888999391114,6.291970999882324,23.7597483319405
0,1161,28585.034357426,28585.034424542,28585.034631654,28585.045007961,28585.045244675,28585.051793896,0.06711599780828692,0.20711200340883806,0.274228001217125,10.37630699647707,0.23671400049352087,6.549221001478145,17.43646999966586
0,1162,28585.067690759333,28585.0677573,28585.06796318,28585.07821369,28585.078448396,28585.085174174,0.0665406660118606,0.20588000188581645,0.27242066789767705,10.250510000332724,0.23470599990105256,6.725777999236016,17.48341466736747
0,1163,28585.101024092666,28585.101150067,28585.101377189,28585.111695319,28585.111927765,28585.118566644,0.12597433305927552,0.22712200006935745,0.353096333128633,10.318130000086967,0.23244600015459582,6.638879000092857,17.542551333463052
0,1164,28585.134357426,28585.134437167,28585.134644918,28585.144957447,28585.145223319,28585.151798754,0.07974099935381673,0.2077509998343885,0.2874919991882052,10.312529000657378,0.26587200045469217,6.5754349998314865,17.44132800013176
0,1165,28585.167690759332,28585.167778757,28585.167989037,28585.17793824,28585.184188283,28585.190321568,0.08799766874290071,0.2102799990097992,0.2982776677526999,9.949202998541296,6.250043003092287,6.1332849982136395,22.630808667599922
0,1166,28585.201024092665,28585.201132497,28585.201348776,28585.211628082,28585.211889899,28585.218493574,0.10840433606063016,0.2162790005968418,0.32468333665747195,10.279305999574717,0.26181700013694353,6.603674999496434,17.469481335865567
0,1167,28585.234357426,28585.234430801,28585.234644562,28585.244981489,28585.245219388,28585.251773415,0.07337499846471474,0.21376099903136492,0.28713599749607965,10.336927000025753,0.23789900296833366,6.554026997036999,17.415988997527165
0,1168,28585.267690759334,28585.26776354,28585.267973412,28585.278563044,28585.284660356,28585.29008734,0.07278066550497897,0.20987199968658388,0.28265266519156285,10.589632001938298,6.097311998018995,5.426984000223456,22.396580665372312
0,1169,28585.301024092667,28585.301091965,28585.301330614,28585.311490318,28585.311719523,28585.317782787,0.06787233360228129,0.23864899776526727,0.30652133136754856,10.159704001125647,0.22920500123291276,6.063263997930335,16.758694331656443
0,1170,28585.334357426,28585.334426333,28585.334649955,28585.344956919,28585.350965202,28585.356195398,0.06890700024086982,0.2236219988844823,0.29252899912535213,10.306964002666064,6.008282998664072,5.230195998592535,21.837971999048023
0,1171,28585.367690759333,28585.367767859,28585.368016361,28585.378230853,28585.378461419,28585.384139598,0.07709966666880064,0.24850200134096667,0.3256016680097673,10.214491998340236,0.23056600184645504,5.678179000824457,16.448838669020915
0,1172,28585.401024092665,28585.401095117,28585.401307914,28585.411496083,28585.411768593,28585.417812682,0.07102433301042765,0.21279700013110414,0.2838213331415318,10.188169002503855,0.2725099984672852,6.044089001079556,16.788589335192228
0,1173,28585.434357426,28585.434425987,28585.434628562,28585.444891498,28585.445120674,28585.45080152,0.06856100299046375,0.20257500000298023,0.271136002993444,10.262935997161549,0.22917600290384144,5.680845999449957,16.44409400250879
0,1174,28585.467690759335,28585.467780512,28585.4680193,28585.478217207,28585.478513978,28585.484483278,0.08975266609922983,0.23878799765952863,0.32854066375875846,10.197907002293505,0.2967709988297429,5.969300000288058,16.792518665170064
0,1175,28585.501024092668,28585.50111424,28585.501332575,28585.511594002,28585.517775498,28585.523083851,0.09014733223011717,0.21833500068169087,0.30848233291180804,10.261426999932155,6.181495999044273,5.308353000145871,22.059758332034107
0,1176,28585.534357426,28585.534432404,28585.534666849,28585.544936026,28585.545163981,28585.550917948,0.07497800106648356,0.23444499674951658,0.30942299781600013,10.269177000736818,0.22795500262873247,5.75396699787234,16.56052199905389
0,1177,28585.567690759333,28585.56777479,28585.567996402,28585.57821205,28585.578317144,28585.58389711,0.08403066749451682,0.2216119974036701,0.3056426648981869,10.215648002485977,0.10509400090086274,5.579965996730607,16.206350665015634
0,1178,28585.601024092666,28585.601097175,28585.60135089,28585.61164577,28585.617614738,28585.622885637,0.07308233398362063,0.25371499941684306,0.3267973334004637,10.294880001310958,5.968967998342123,5.270899000606732,21.861544333660277
0,1179,28585.634357426,28585.634426432,28585.634633831,28585.644909064,28585.645022305,28585.650935883,0.0690060005581472,0.20739899991895072,0.27640500047709793,10.27523300217581,0.11324099978082813,5.9135779993084725,16.57845700174221
0,1180,28585.667690759332,28585.667763697,28585.667801272,28585.675653417,28585.675723509,28585.682561621,0.07293766975635663,0.03757499871426262,0.11051266847061925,7.85214500137954,0.0700919990777038,6.8381119999685325,14.870861668896396
0,1181,28585.701024092665,28585.701105964,28585.701148695,28585.710622294,28585.710679331,28585.716298538,0.08187133425963111,0.0427310005761683,0.12460233483579941,9.473598998738453,0.05703700298909098,5.619206996925641,15.274445333488984
0,1182,28585.734357426,28585.734432657,28585.734468166,28585.743941227,28585.744020626,28585.749860307,0.07523099702666514,0.03550900146365166,0.1107399984903168,9.473060999880545,0.07939900024211966,5.839681001816643,15.502881000429625
0,1183,28585.767690759334,28585.767771488,28585.767812377,28585.777339319,28585.777402523,28585.782965832,0.08072866694419645,0.04088899731868878,0.12161766426288523,9.526942001684802,0.06320399916148745,5.563309001445305,15.275072666554479
0,1184,28585.801024092667,28585.801096542,28585.801134246,28585.810680401,28585.81073691,28585.816245403,0.07244933294714428,0.03770400144276209,0.11015333438990638,9.546154997224221,0.056509001296944916,5.508492999069858,15.22131033198093
0,1185,28585.834357426,28585.834427096,28585.834462281,28585.843914296,28585.843983927,28585.849576587,0.06967000081203878,0.03518499943311326,0.10485500024515204,9.452015001443215,0.06963099804124795,5.592659999820171,15.219160999549786
0,1186,28585.867690759333,28585.867760623,28585.867795308,28585.877370666,28585.877422639,28585.883017475,0.0698636686138343,0.034684999263845384,0.10454866787767969,9.575357998983236,0.05197300197323784,5.594835998635972,15.326715667470125
0,1187,28585.901024092665,28585.901103037,28585.901136362,28585.910615266,28585.91066872,28585.916257186,0.07894433292676695,0.03332500273245387,0.11226933565922081,9.478903997660382,0.053454001317732036,5.588465999608161,15.233093334245495
0,1188,28585.934357426,28585.934426398,28585.934483916,28585.94454249,28585.950078271,28585.955384985,0.06897200000821613,0.05751800199504942,0.12649000200326554,10.058574000140652,5.535780997888651,5.306714003381785,21.027559003414353
0,1189,28585.967690759335,28585.967765951,28585.967803757,28585.977316957,28585.977369069,28585.983610011,0.07519166683778167,0.03780599945457652,0.11299766629235819,9.513199998764321,0.0521120018674992,6.240941998839844,15.919251665764023
0,1190,28586.001024092668,28586.001095811,28586.001134774,28586.010666901,28586.010727466,28586.016454766,0.0717183320375625,0.03896300040651113,0.11068133244407363,9.5321269982378,0.0605650020588655,5.727299998397939,15.430673331138678
0,1191,28586.034357426,28586.034428633,28586.034465606,28586.043948668,28586.044026381,28586.049668958,0.07120699956431054,0.03697300053318031,0.10818000009749085,9.483062000072096,0.07771300079184584,5.642576998070581,15.311531999032013
0,1192,28586.067690759333,28586.067761141,28586.067794715,28586.077363879,28586.077419907,28586.083064317,0.07038166586426087,0.03357400055392645,0.10395566641818732,9.569164001732133,0.05602799865300767,5.644410000968492,15.37355766777182
0,1193,28586.101024092666,28586.101093203,28586.101127537,28586.11058506,28586.1106427,28586.116347675,0.06911033415235579,0.03433399979257956,0.10344433394493535,9.45752299958258,0.05764000161434524,5.704974999389378,15.323582334531238
0,1194,28586.134357426,28586.134426071,28586.134460441,28586.143925215,28586.143992123,28586.149616829,0.06864500028314069,0.03437000123085454,0.10301500151399523,9.464774000662146,0.06690800000797026,5.624705998343416,15.259403000527527
0,1195,28586.167690759332,28586.167759095,28586.167794994,28586.177287962,28586.177343564,28586.182941641,0.06833566658315249,0.0358990000677295,0.10423466665088199,9.492968001723057,0.055601998610654846,5.598077001195634,15.250881668180227
0,1196,28586.201024092665,28586.201110389,28586.20115238,28586.210615052,28586.210667654,28586.216312555,0.08629633521195501,0.04199099930701777,0.12828733451897278,9.46267200197326,0.05260199759504758,5.644901000778191,15.288462334865471
0,1197,28586.234357426,28586.234437219,28586.234496423,28586.243948484,28586.244023142,28586.249637533,0.0797929969849065,0.05920400144532323,0.13899699843022972,9.452061000047252,0.07465800081263296,5.614391000563046,15.28010699985316
0,1198,28586.267690759334,28586.267783883,28586.267822818,28586.277329675,28586.277383778,28586.283023503,0.0931236645556055,0.03893500252161175,0.13205866707721725,9.506856997177238,0.05410300218500197,5.6397250009467825,15.33274366738624
0,1199,28586.301024092667,28586.301095648,28586.301134,28586.310591219,28586.310643459,28586.31638988,0.07155533239711076,0.038352001865860075,0.10990733426297083,9.457218999159522,0.05224000051384792,5.746421000367263,15.365787334303604
0,1200,28586.334357426,28586.334428155,28586.334463164,28586.343947375,28586.344021412,28586.349745286,0.07072900189086795,0.03500899765640497,0.10573799954727292,9.484211001108633,0.07403699783026241,5.723874000977958,15.387859999464126
0,1201,28586.367690759333,28586.367762098,28586.367795274,28586.377281401,28586.377333077,28586.383037562,0.0713386689312756,0.033175998396473005,0.10451466732774861,9.48612700085505,0.051675997383426875,5.704485000023851,15.346802665590076
0,1202,28586.401024092665,28586.401094541,28586.401129597,28586.410586871,28586.41065477,28586.416461542,0.07044833546387963,0.0350560003425926,0.10550433580647223,9.457273998123128,0.06789899998693727,5.8067720019607805,15.437449335877318
0,1203,28586.434357426,28586.434425336,28586.434460966,28586.443917101,28586.443999231,28586.449754217,0.06791000123484991,0.03563000063877553,0.10354000187362544,9.45613500152831,0.08212999819079414,5.754985999374185,15.396791000966914
0,1204,28586.467690759335,28586.467762426,28586.467798668,28586.47737311,28586.477430749,28586.48323429,0.07166666546254419,0.03624199962359853,0.10790866508614272,9.574441999575356,0.05763900117017329,5.803541000204859,15.543530666036531
0,1205,28586.501024092668,28586.501126768,28586.501176601,28586.510625441,28586.510684468,28586.516305592,0.10267533070873469,0.04983300095773302,0.1525083316664677,9.448839999095071,0.059027002862421796,5.621123997116229,15.28149933074019
0,1206,28586.534357426,28586.534490461,28586.534532665,28586.544017792,28586.544071579,28586.549593933,0.13303499872563407,0.042203999328194186,0.17523899805382825,9.485127000516513,0.05378700006986037,5.522354000277119,15.23650699891732
0,1207,28586.567690759333,28586.567767098,28586.56780982,28586.577389947,28586.577445383,28586.582931394,0.07633866698597558,0.042722000216599554,0.11906066720257513,9.580126999935601,0.05543600127566606,5.486010999447899,15.240634667861741
0,1208,28586.601024092666,28586.601144059,28586.601186874,28586.610586223,28586.610646102,28586.616377218,0.119966334750643,0.04281499786884524,0.16278133261948824,9.399349000887014,0.05987899930914864,5.731116001697956,15.353125334513607
0,1209,28586.634357426,28586.634432271,28586.634494253,28586.64455929,28586.650356303,28586.655803703,0.07484500019927509,0.06198200208018534,0.13682700227946043,10.065037000458688,5.797012996481499,5.447400002594804,21.44627700181445
0,1210,28586.667690759332,28586.667766483,28586.667985326,28586.678151419,28586.678281457,28586.685933795,0.07572366666863672,0.21884300076635554,0.29456666743499227,10.166093001316767,0.13003799904254265,7.652338001207681,18.243035669001983
0,1211,28586.701024092665,28586.701098888,28586.701159777,28586.710642506,28586.710703107,28586.716547576,0.07479533451260068,0.06088900045142509,0.13568433496402577,9.482729001319967,0.060600999859161675,5.844469000294339,15.523483336437494
0,1212,28586.734357426,28586.734498868,28586.734714675,28586.745061751,28586.751077469,28586.756687444,0.1414420003129635,0.2158069983124733,0.3572489986254368,10.347076000471134,6.015718001435744,5.609974999970291,22.330018000502605
0,1213,28586.767690759334,28586.76776307,28586.767977173,28586.778374434,28586.778463426,28586.784463476,0.07231066410895437,0.2141030017810408,0.2864136658899952,10.397261001344305,0.08899199747247621,6.0000500016030855,16.77271666630986
0,1214,28586.801024092667,28586.801095171,28586.801349579,28586.81159259,28586.811652349,28586.817954255,0.07107833152986132,0.25440800163778476,0.3254863331676461,10.243010998237878,0.05975900057819672,6.301905999862356,16.930162331846077
0,1215,28586.834357426,28586.83443052,28586.834492242,28586.844107221,28586.844165397,28586.850363634,0.07309400098165497,0.0617219993728213,0.13481600035447627,9.614979000616586,0.05817599958390929,6.19823699889821,16.00620799945318
0,1216,28586.867690759333,28586.867765248,28586.867981305,28586.878243297,28586.878362186,28586.884880222,0.07448866745107807,0.21605700021609664,0.2905456676671747,10.26199199986877,0.11888899825862609,6.518036003399175,17.189462669193745
0,1217,28586.901024092665,28586.901096449,28586.901318645,28586.910928568,28586.910984587,28586.917085185,0.0723563352948986,0.22219599850359373,0.2945523337984923,9.60992299951613,0.05601900193141773,6.100597998738522,16.06109233398456
0,1218,28586.934357426,28586.934527206,28586.935278358,28586.944737012,28586.950304968,28586.956199769,0.16978000348899513,0.7511519979743753,0.9209320014633704,9.45865399989998,5.567955999140395,5.894801000977168,21.842343001480913
0,1219,28586.967690759335,28586.967768906,28586.968531578,28586.977898138,28586.984147773,28586.99060792,0.07814666605554521,0.762671999837039,0.8408186658925842,9.366559999762103,6.249635000131093,6.460147000325378,22.917160666111158
0,1220,28587.001024092668,28587.001097727,28587.001316257,28587.011554785,28587.011618748,28587.017970921,0.07363433178397827,0.2185299999837298,0.29216433176770806,10.238528000627412,0.06396300159394741,6.35217299713986,16.946828331128927
0,1221,28587.034357426,28587.034431938,28587.03464817,28587.044960319,28587.045020857,28587.051056084,0.07451199780916795,0.21623200154863298,0.29074399935780093,10.312148999219062,0.06053800098015927,6.035227001120802,16.698658000677824
0,1222,28587.067690759333,28587.067763426,28587.06797988,28587.07822314,28587.078281335,28587.084573194,0.07266666580107994,0.21645400192937814,0.2891206677304581,10.24325999969733,0.05819500074721873,6.29185899742879,16.882434665603796
0,1223,28587.101024092666,28587.101098553,28587.10131398,28587.111530555,28587.111651028,28587.117872442,0.07446033487212844,0.21542700051213615,0.2898873353842646,10.216574999503791,0.12047299969708547,6.221413997991476,16.848349332576618
0,1224,28587.134357426,28587.134431089,28587.134675034,28587.144995721,28587.145123065,28587.151647777,0.07366300269495696,0.24394499996560626,0.3176080026605632,10.320686997147277,0.1273439993383363,6.524712000100408,17.290350999246584
0,1225,28587.167690759332,28587.167762059,28587.16798431,28587.177663299,28587.177723022,28587.183873509,0.07129966979846358,0.22225099746719934,0.2935506672656629,9.678989001258742,0.05972299913992174,6.150486999104032,16.18274966676836
0,1226,28587.201024092665,28587.201096919,28587.201315273,28587.210931177,28587.2109984,28587.217383305,0.0728263366909232,0.2183539982070215,0.2911803348979447,9.615904000384035,0.06722300167893991,6.384904998412821,16.35921233537374
0,1227,28587.234357426,28587.2344305,28587.234647418,28587.245029966,28587.251391363,28587.25739798,0.07307399937417358,0.21691800066037104,0.2899920000345446,10.382548000052338,6.361396997817792,6.006617000821279,23.040553998725954
0,1228,28587.267690759334,28587.267763888,28587.26797601,28587.278280733,28587.278400947,28587.284677666,0.07312866728170775,0.21212199862929992,0.2852506659110077,10.304723000444937,0.12021400107187219,6.276718999288278,16.986906666716095
0,1229,28587.301024092667,28587.301096664,28587.301309462,28587.311672899,28587.318176869,28587.324082661,0.0725713325664401,0.2127980005752761,0.2853693331417162,10.363436998886755,6.503970002086135,5.905792000703514,23.05856833481812
0,1230,28587.334357426,28587.334543959,28587.334762127,28587.345193851,28587.351598628,28587.357808893,0.18653300139703788,0.21816799926455133,0.4047010006615892,10.431724000227405,6.40477699926123,6.2102650008455385,23.451467000995763
0,1231,28587.367690759333,28587.367762874,28587.367806837,28587.377218019,28587.377270649,28587.38344084,0.0721146680007223,0.0439629984612111,0.1160776664619334,9.411181999894325,0.05263000275590457,6.17019099809113,15.750080667203292
0,1232,28587.401024092665,28587.401096909,28587.401315226,28587.411549384,28587.411614607,28587.418061605,0.0728163358871825,0.21831699996255338,0.2911333358497359,10.234157998638693,0.0652230010018684,6.44699799886439,17.037512334354687
0,1233,28587.434357426,28587.434428241,28587.434647511,28587.445040049,28587.451258657,28587.457250931,0.07081500007188879,0.21927000125288032,0.2900850013247691,10.392537998995977,6.2186080031096935,5.99227399652591,22.89350499995635
0,1234,28587.467690759335,28587.46776535,28587.467998619,28587.47827238,28587.478396917,28587.48465972,0.0745906654628925,0.23326899827225134,0.30785966373514384,10.273761003190884,0.12453699673642404,6.2628030027553905,16.968960666417843
0,1235,28587.501024092668,28587.501096245,28587.501788841,28587.511134772,28587.51698422,28587.522874624,0.07215233199531212,0.6925960005901288,0.764748332585441,9.345931001007557,5.849447999935364,5.890403997909743,21.850531331438106
0,1236,28587.534357426,28587.534436158,28587.535153357,28587.544560622,28587.550069855,28587.555934831,0.07873199865571223,0.7171990000642836,0.7959309987199958,9.407264999026665,5.509233000339009,5.864976003067568,21.577405001153238
0,1237,28587.567690759333,28587.567765378,28587.568476446,28587.577837961,28587.583387945,28587.58928019,0.07461866698577069,0.7110679980542045,0.7856866650399752,9.36151499990956,5.549984001845587,5.892245000723051,21.589430667518172
0,1238,28587.601024092666,28587.601095236,28587.601774619,28587.611147327,28587.616652618,28587.622694891,0.07114333493518643,0.6793829998059664,0.7505263347411528,9.372707998409169,5.505290999280987,6.042273002094589,21.670798334525898
0,1239,28587.634357426,28587.634430279,28587.635119403,28587.644648029,28587.650216578,28587.656255287,0.07285299943760037,0.6891240009281319,0.7619770003657322,9.528626000246732,5.568549000599887,6.038708997948561,21.897860999160912
0,1240,28587.667690759332,28587.667763407,28587.668370771,28587.677693914,28587.682481023,28587.687948201,0.07264766827574931,0.6073639997339342,0.6800116680096835,9.323143000074197,4.7871089991531335,5.467178001708817,20.25744166894583
0,1241,28587.701024092665,28587.701109654,28587.701319238,28587.711377395,28587.71143909,28587.717037019,0.08556133616366424,0.20958399909432046,0.2951453352579847,10.058157000457868,0.061694998294115067,5.597929000941804,16.01292633495177
0,1242,28587.734357426,28587.734431985,28587.734642588,28587.744980775,28587.750409165,28587.755700018,0.07455900049535558,0.21060299695818685,0.2851619974535424,10.338187003071653,5.428389998996863,5.290852997859474,21.342591997381533
0,1243,28587.767690759334,28587.767763298,28587.767975124,28587.778075763,28587.778131041,28587.783670256,0.07253866715473123,0.2118259981216397,0.28436466527637094,10.100638999574585,0.05527800021809526,5.539215002499986,15.979496667569038
0,1244,28587.801024092667,28587.801096426,28587.801318252,28587.811422214,28587.81147865,28587.817008717,0.07233333235490136,0.22182600150699727,0.29415933386189863,10.10396199853858,0.056436001614201814,5.5300669991993345,15.984624333214015
0,1245,28587.834357426,28587.834429323,28587.834640065,28587.844719074,28587.84477726,28587.85030204,0.07189700045273639,0.21074200049042702,0.2826390009431634,10.079009000037331,0.05818600038764998,5.524779997358564,15.944613998726709
0,1246,28587.867690759333,28587.867762534,28587.867973257,28587.877471033,28587.877531162,28587.883089211,0.07177466613939032,0.21072300296509638,0.2824976691044867,9.497775998170255,0.06012900121277198,5.558049000683241,15.398451669170754
0,1247,28587.901024092665,28587.901094208,28587.901304182,28587.911379487,28587.911445849,28587.917071204,0.07011533307377249,0.20997400133637711,0.2800893344101496,10.075304999190848,0.06636200123466551,5.6253549992106855,16.04711133404635
0,1248,28587.934357426,28587.934430049,28587.934641828,28587.944752218,28587.944809486,28587.950352175,0.07262300277943723,0.2117789990734309,0.2844020018528681,10.110390001500491,0.057268000091426075,5.5426889994123485,15.994749002857134
0,1249,28587.967690759335,28587.967761131,28587.967965049,28587.978166355,28587.983750979,28587.989035878,0.07037166506052017,0.20391799989738502,0.2742896649579052,10.20130599863478,5.5846240029495675,5.284898998070275,21.345118664612528
0,1250,28588.001024092668,28588.001096166,28588.001302029,28588.011379409,28588.011438612,28588.017192515,0.07207333328551613,0.2058629979728721,0.27793633125838824,10.077380000439007,0.05920300100115128,5.753902998549165,16.16842233124771
0,1251,28588.034357426,28588.034453092,28588.034666296,28588.044784333,28588.044841852,28588.050459671,0.09566600056132302,0.21320399901014753,0.30886999957147054,10.118037000211189,0.05751899880124256,5.61781900250935,16.10224500109325
0,1252,28588.067690759333,28588.067764024,28588.067979341,28588.078131998,28588.07821374,28588.08385103,0.07326466584345326,0.21531700258492492,0.2885816684283782,10.152656999707688,0.08174199683708139,5.6372899998677894,16.160270664840937
0,1253,28588.101024092666,28588.101096496,28588.101304654,28588.111387969,28588.111440357,28588.117075037,0.07240333434310742,0.20815799871343188,0.2805613330565393,10.083314999064896,0.05238800076767802,5.634680001094239,16.050944333983352
0,1254,28588.134357426,28588.134429068,28588.134638949,28588.144757246,28588.144879764,28588.15051074,0.0716419999662321,0.20988100004615262,0.2815230000123847,10.118296999280574,0.1225180021720007,5.630976000247756,16.153314001712715
0,1255,28588.167690759332,28588.16776164,28588.16797166,28588.178060863,28588.178120938,28588.183706598,0.0708806692273356,0.21001999994041398,0.2809006691677496,10.089202998642577,0.06007499905535951,5.585660001088399,16.015838667954085
0,1256,28588.201024092665,28588.201093648,28588.201302084,28588.211368972,28588.211496723,28588.217404125,0.06955533535801806,0.2084359985019546,0.27799133385997266,10.066888000437757,0.12775100185535848,5.9074019991385285,16.380032335291617
0,1257,28588.234357426,28588.234430015,28588.23464534,28588.244805174,28588.244859868,28588.250520075,0.07258899859152734,0.2153249988623429,0.28791399745387025,10.15983400066034,0.05469399911817163,5.66020699989167,16.16264899712405
0,1258,28588.267690759334,28588.267761438,28588.267960846,28588.278012225,28588.278124939,28588.283882711,0.07067866681609303,0.19940799757023342,0.27008666438632645,10.051379002106842,0.11271399853285402,5.757771999924444,16.191951664950466
0,1259,28588.301024092667,28588.301095611,28588.301321565,28588.311398973,28588.311458399,28588.317220329,0.07151833415264264,0.2259539978695102,0.29747233202215284,10.077408001961885,0.05942599818808958,5.7619300023361575,16.196236334508285
0,1260,28588.334357426,28588.334428663,28588.334635442,28588.344763683,28588.34488085,28588.350577409,0.07123700197553262,0.20677899738075212,0.27801599935628474,10.128240999620175,0.1171670010080561,5.696559001080459,16.219983001064975
0,1261,28588.367690759333,28588.367760262,28588.367988607,28588.37806055,28588.378111819,28588.383982517,0.06950266833882779,0.2283449975948315,0.2978476659336593,10.071943001094041,0.0512690021423623,5.870697998034302,16.291757667204365
0,1262,28588.401024092665,28588.401095703,28588.401313917,28588.411452223,28588.411573706,28588.417192283,0.07161033499869518,0.2182139978685882,0.2898243328672834,10.138306002772879,0.12148299720138311,5.618577000859659,16.168190333701205
0,1263,28588.434357426,28588.434427654,28588.434643212,28588.444728831,28588.444787905,28588.450506771,0.07022800127742812,0.2155580004910007,0.28578600176842883,10.085619000165025,0.059073998272651806,5.718866003007861,16.149345003213966
0,1264,28588.467690759335,28588.467760467,28588.467970486,28588.478062172,28588.478117848,28588.484015789,0.0697076648066286,0.21001899949624203,0.27972666430287063,10.09168599921395,0.055676002375548705,5.89794099869323,16.3250296645856
0,1265,28588.501024092668,28588.501098956,28588.501305541,28588.511366615,28588.511485782,28588.517256536,0.07486333197448403,0.20658500216086395,0.281448334135348,10.061073997349013,0.11916700168512762,5.770753999968292,16.23244333313778
0,1266,28588.534357426,28588.53442964,28588.534652475,28588.545071069,28588.550798461,28588.556279751,0.07221399937407114,0.22283499856712297,0.2950489979411941,10.418593999929726,5.72739200288197,5.481289997987915,21.922324998740805
0,1267,28588.567690759333,28588.567773592,28588.567981704,28588.578104324,28588.57822064,28588.583995163,0.08283266652142629,0.208112000109395,0.2909446666308213,10.122619998583104,0.1163160013675224,5.774523000582121,16.30440366716357
0,1268,28588.601024092666,28588.601099748,28588.601323055,28588.611419952,28588.611473777,28588.617431319,0.07565533451270312,0.22330700085149147,0.2989623353641946,10.096897000039462,0.05382499875850044,5.9575419982138555,16.407226332376013
0,1269,28588.634357426,28588.634428487,28588.635057907,28588.644419663,28588.649621006,28588.655129277,0.07106100019882433,0.6294199993135408,0.7004809995123651,9.361756001453614,5.201342999498593,5.508270998689113,20.771850999153685
0,1270,28588.667690759332,28588.667760735,28588.667964774,28588.678102052,28588.678159228,28588.684207103,0.06997566742938943,0.2040389990725089,0.2740146665018983,10.137278000911465,0.05717599924537353,6.04787500196835,16.516343668627087
0,1271,28588.701024092665,28588.701096271,28588.701311837,28588.711350095,28588.711413448,28588.717270323,0.07217833626782522,0.2155660004063975,0.2877443366742227,10.038257998530753,0.0633529998594895,5.856874999153661,16.246230334218126
0,1272,28588.734357426,28588.734433186,28588.734650131,28588.744762882,28588.744824734,28588.750694618,0.07575999916298315,0.21694499810109846,0.2927049972640816,10.112751002452569,0.061851998907513916,5.869884000276215,16.33719199890038
0,1273,28588.767690759334,28588.767763092,28588.767972843,28588.778113704,28588.77823815,28588.784079765,0.07233266660477966,0.20975100051146,0.28208366711623967,10.140860998944845,0.12444599997252226,5.841614998644218,16.389005664677825
0,1274,28588.801024092667,28588.801096682,28588.801308665,28588.811451508,28588.811677509,28588.81828412,0.0725893332855776,0.21198299873503856,0.28457233202061616,10.142843002540758,0.22600099691771902,6.606611001188867,17.26002733266796
0,1275,28588.834357426,28588.834557533,28588.834618283,28588.844177938,28588.844419318,28588.850770881,0.20010699881822802,0.06075000055716373,0.26085699937539175,9.559655001794454,0.24137999935192056,6.351562999043381,16.413454999565147
0,1276,28588.867690759333,28588.867765131,28588.86797742,28588.878103391,28588.878339911,28588.884575621,0.0743716664146632,0.21228900004643947,0.28666066646110266,10.125971002707956,0.2365199979976751,6.235709999600658,16.884861666767392
0,1277,28588.901024092665,28588.901094878,28588.901301342,28588.911366407,28588.9116025,28588.91778983,0.07078533599269576,0.20646399934776127,0.27724933534045704,10.065064998343587,0.23609300114912912,6.18733000010252,16.765737334935693
0,1278,28588.934357426,28588.934431644,28588.934648053,28588.944822135,28588.945071767,28588.951282902,0.07421800182783045,0.2164090001315344,0.29062700195936486,10.174081999139162,0.24963200121419504,6.211134998011403,16.925476000324124
0,1279,28588.967690759335,28588.967763399,28588.96797816,28588.9782118,28588.978268689,28588.984301462,0.07263966472237371,0.21476099936990067,0.2874006640922744,10.233640001388267,0.05688899909728207,6.0327729988784995,16.610702663456323
0,1280,28589.001024092668,28589.001099545,28589.001314037,28589.011447388,28589.011557871,28589.017585487,0.0754523316572886,0.2144919999409467,0.2899443315982353,10.133350999240065,0.11048300075344741,6.027616000210401,16.56139433180215
0,1281,28589.034357426,28589.03443181,28589.034649997,28589.044830016,28589.045085507,28589.051253939,0.07438399916281924,0.21818700042786077,0.29257099959068,10.180018998653395,0.2554910024628043,6.168431998958113,16.896512999664992
0,1282,28589.067690759333,28589.067762317,28589.067990401,28589.078102262,28589.078339468,28589.084780697,0.07155766797950491,0.22808399808127433,0.29964166606077924,10.111861000041245,0.23720600074739195,6.441229001211468,17.089937668060884
0,1283,28589.101024092666,28589.101114001,28589.101325344,28589.111414742,28589.111649503,28589.118179511,0.08990833521238528,0.21134299822733738,0.30125133343972266,10.089398001582595,0.23476099886465818,6.530007998662768,17.155418332549743
0,1284,28589.134357426,28589.13442948,28589.134638213,28589.144862899,28589.151399944,28589.157459162,0.07205400106613524,0.20873299945378676,0.280787000519922,10.22468600058346,6.537044999276986,6.059218001610134,23.101736001990503
0,1285,28589.167690759332,28589.167764071,28589.167974906,28589.178099323,28589.178334842,28589.18472572,0.07331166852964088,0.2108349981426727,0.2841466666723136,10.12441700004274,0.2355190008529462,6.39087799936533,17.03496066693333
0,1286,28589.201024092665,28589.201095014,28589.201304126,28589.21151171,28589.218008098,28589.223899288,0.07092133455444127,0.20911200044793077,0.28003333500237204,10.207584000454517,6.496387999504805,5.8911900014209095,22.875195336382603
0,1287,28589.234357426,28589.234427679,28589.234634717,28589.244806282,28589.245040737,28589.251445661,0.07025299782981165,0.2070379996439442,0.27729099747375585,10.171565001655836,0.23445500119123608,6.404923999070888,17.088234999391716
0,1288,28589.267690759334,28589.267763159,28589.26797641,28589.278228217,28589.285140255,28589.291526559,0.07239966726046987,0.21325099805835634,0.2856506653188262,10.251807001623092,6.912037999427412,6.386304001352983,23.835799667722313
0,1289,28589.301024092667,28589.301096592,28589.301307038,28589.311387704,28589.311620178,28589.318117084,0.07249933332786895,0.2104459999827668,0.28294533331063576,10.080666001158534,0.2324739980394952,6.49690600039321,17.092991332901875
0,1290,28589.334357426,28589.334428887,28589.334635666,28589.344773361,28589.345015399,28589.351561898,0.07146099960664287,0.20677900101873092,0.2782400006253738,10.137695000594249,0.24203800057875924,6.54649900025106,17.204472002049442
0,1291,28589.367690759333,28589.367762043,28589.367801922,28589.377080603,28589.377380216,28589.383983308,0.07128366632969119,0.039878999814391136,0.11116266614408232,9.27868100188789,0.29961299878777936,6.603091998840682,16.292548665660433
0,1292,28589.401024092665,28589.401096708,28589.401310256,28589.411568886,28589.418340683,28589.424411688,0.07261533392011188,0.2135479990101885,0.2861633329303004,10.258630001771962,6.771797001420055,6.071004998375429,23.387595334497746
0,1293,28589.434357426,28589.434429799,28589.434642883,28589.44479868,28589.445034329,28589.451768996,0.07237300087581389,0.2130840002791956,0.2854570011550095,10.155797001061728,0.2356490003876388,6.734667000273475,17.411570002877852
0,1294,28589.467690759335,28589.467761602,28589.467971762,28589.47809403,28589.478214346,28589.484521843,0.07084266690071672,0.21015999664086848,0.2810026635415852,10.122268002305645,0.12031599908368662,6.3074969984882046,16.831083663419122
0,1295,28589.501024092668,28589.501093564,28589.501298741,28589.511367944,28589.511485436,28589.517802573,0.0694713307893835,0.20517700249911286,0.27464833328849636,10.06920299914782,0.11749199984478764,6.317136998404749,16.778480330685852
0,1296,28589.534357426,28589.534429599,28589.534639786,28589.54478298,28589.544911574,28589.551396479,0.07217299935291521,0.21018700135755353,0.28236000071046874,10.143193998374045,0.1285940015804954,6.484904999524588,17.039053000189597
0,1297,28589.567690759333,28589.567765023,28589.567983478,28589.577590716,28589.577842356,28589.584754302,0.07426366573781706,0.2184549994126428,0.29271866515045986,9.607238000171492,0.25164000180666335,6.911945998581359,17.063542665709974
0,1298,28589.601024092666,28589.60111829,28589.601344013,28589.611619504,28589.61189508,28589.618811062,0.09419733396498486,0.2257230007671751,0.31992033473215997,10.275491000356851,0.2755759996944107,6.915981997735798,17.78696933251922
0,1299,28589.634357426,28589.634440082,28589.634657195,28589.644914399,28589.645119539,28589.651853409,0.08265600263257511,0.21711299996240996,0.29976900259498507,10.257203997753095,0.20514000061666593,6.733869999152375,17.49598300011712
0,1300,28589.667690759332,28589.667764904,28589.667977155,28589.678206127,28589.678416823,28589.691811729,0.0741446674510371,0.2122510013577994,0.2863956688088365,10.228971998003544,0.21069600188639015,13.39490600003046,24.12096966872923
0,1301,28589.701024092665,28589.701099659,28589.701363578,28589.711539356,28589.711597763,28589.718254976,0.07556633499916643,0.2639189988258295,0.3394853338249959,10.175778003031155,0.05840699668624438,6.657213001744822,17.230883335287217
0,1302,28589.734357426,28589.734429685,28589.734638816,28589.744835973,28589.744898501,28589.75087258,0.07225899753393605,0.2091310016112402,0.28138999914517626,10.197157000220614,0.06252800085349008,5.974078998406185,16.515153998625465
0,1303,28589.767690759334,28589.767761469,28589.76797184,28589.778186322,28589.778419906,28589.785010544,0.07070966603350826,0.2103709994116798,0.28108066544518806,10.214482001174474,0.233583999943221,6.59063800048898,17.319784667051863
0,1304,28589.801024092667,28589.801095845,28589.801316661,28589.811618911,28589.818595126,28589.824598372,0.07175233258749358,0.22081600036472082,0.2925683329522144,10.302250000677304,6.976214997848729,6.003246002364904,23.57427933384315
0,1305,28589.834357426,28589.83458315,28589.83479754,28589.844433222,28589.844676409,28589.85125587,0.22572400121134706,0.21438999829115346,0.4401139995025005,9.635681999498047,0.24318700161529705,6.579460998182185,16.89844399879803
0,1306,28589.867690759333,28589.867764369,28589.8679805,28589.878193686,28589.878427779,28589.885169103,0.07360966628766619,0.2161310003430117,0.2897406666306779,10.213186000328278,0.2340930004720576,6.741323999449378,17.47834366688039
0,1307,28589.901024092665,28589.901098701,28589.901312433,28589.911481934,28589.911719037,28589.91821099,0.07460833512595855,0.2137320007022936,0.28834033582825214,10.169500998017611,0.23710300229140557,6.49195299774874,17.18689733388601
0,1308,28589.934357426,28589.934429431,28589.934645126,28589.94499723,28589.951855619,28589.958149135,0.07200500112958252,0.21569499949691817,0.2877000006265007,10.352104000048712,6.8583890024456196,6.293515998549992,23.791709001670824
0,1309,28589.967690759335,28589.967761873,28589.967974439,28589.978177958,28589.978238495,28589.984602836,0.07111366358003579,0.21256600302876905,0.28367966660880484,10.203518999333028,0.06053700053598732,6.364340999425622,16.91207666590344
0,1310,28590.001024092668,28590.001097992,28590.00131903,28590.011485327,28590.01191608,28590.018259309,0.07389933307422325,0.22103800074546598,0.29493733381968923,10.166296997340396,0.430752999818651,6.343229000776773,17.23521633175551
0,1311,28590.034357426,28590.034430416,28590.03464176,28590.044833538,28590.044893909,28590.051070637,0.07298999844351783,0.21134400230948813,0.28433400075300597,10.19177799753379,0.06037099956301972,6.176728002174059,16.713211000023875
0,1312,28590.067690759333,28590.067764378,28590.068472752,28590.077919878,28590.083990087,28590.090034602,0.07361866664723493,0.7083739983499981,0.7819926649972331,9.447126001759898,6.07020900133648,6.04451499748393,22.34384266557754
0,1313,28590.101024092666,28590.101098061,28590.101315766,28590.111491896,28590.111732962,28590.118436527,0.07396833461825736,0.21770500097773038,0.29167333559598774,10.176129999308614,0.24106599812512286,6.70356499904301,17.412434332072735
0,1314,28590.134357426,28590.134429976,28590.134649597,28590.144878136,28590.14511572,28590.151725858,0.07254999945871532,0.21962100072414614,0.29217100018286146,10.228539002127945,0.2375839976593852,6.610137999814469,17.36843199978466
0,1315,28590.167690759332,28590.167767706,28590.167987262,28590.178220587,28590.178459895,28590.185280358,0.07694666783208959,0.21955600095679983,0.2965026687888894,10.233324999717297,0.2393079994362779,6.820463000622112,17.589598668564577
0,1316,28590.201024092665,28590.201099787,28590.201318631,28590.211611725,28590.218650023,28590.22476912,0.07569433364551514,0.2188440012105275,0.29453833485604264,10.293094001099234,7.0382979974965565,6.119097000919282,23.745027334371116
0,1317,28590.234357426,28590.234429182,28590.2346436,28590.244901629,28590.245147158,28590.251626248,0.07175599967013113,0.21441799981403165,0.2861739994841628,10.258029000397073,0.24552899776608683,6.47908999962965,17.268821997276973
0,1318,28590.267690759334,28590.267763374,28590.267981236,28590.278185533,28590.27846271,28590.285337896,0.07261466453201137,0.21786200159112923,0.2904766661231406,10.204296999290818,0.27717700140783563,6.875185998069355,17.64713666489115
0,1319,28590.301024092667,28590.301101769,28590.301323511,28590.311611077,28590.311858365,28590.318535374,0.07767633360344917,0.22174200057634152,0.2994183341797907,10.28756599771441,0.24728800053708255,6.6770090015779715,17.511281334009254
0,1320,28590.334357426,28590.334434127,28590.334653007,28590.345004944,28590.345275937,28590.351860639,0.07670099876122549,0.21888000264880247,0.29558100141002797,10.351936998631572,0.2709930013224948,6.58470199778094,17.503212999145035
0,1321,28590.367690759333,28590.367767309,28590.367993654,28590.378344274,28590.378581822,28590.385720898,0.07654966611880809,0.2263450005557388,0.3028946666745469,10.350619999371702,0.23754799985908903,7.139076002204092,18.03013866810943
0,1322,28590.401024092665,28590.401098787,28590.401319214,28590.411739013,28590.418931246,28590.425466708,0.07469433330697939,0.22042700220481493,0.2951213355117943,10.419799000374041,7.192232998932013,6.535461998282699,24.442615333100548
0,1323,28590.434357426,28590.434428784,28590.434638656,28590.445084991,28590.452153669,28590.458418685,0.07135800115065649,0.20987199968658388,0.28123000083724037,10.446334999869578,7.0686780018149875,6.26501599981566,24.061259002337465
0,1324,28590.467690759335,28590.467763412,28590.468506008,28590.477880616,28590.483804899,28590.490132119,0.07265266685863025,0.7425959993270226,0.8152486661856528,9.374607998324791,5.924282999330899,6.32722000227659,22.441359666117933
0,1325,28590.501024092668,28590.501094919,28590.501779025,28590.511135373,28590.516958488,28590.523131911,0.07082633237587288,0.6841059985163156,0.7549323308921885,9.35634800043772,5.823114999657264,6.173423000291223,22.107818331278395
0,1326,28590.534357426,28590.534432112,28590.535123255,28590.544586418,28590.550883546,28590.557571092,0.07468599869753234,0.691142999130534,0.7658289978280663,9.46316300178296,6.2971279985504225,6.687545999739086,23.213665997900534
0,1327,28590.567690759333,28590.567767629,28590.568472189,28590.577892491,28590.584510092,28590.590887729,0.07686966637265868,0.7045599995763041,0.7814296659489628,9.420302001672098,6.617601000471041,6.377636997058289,23.19696966515039
0,1328,28590.601024092666,28590.601146138,28590.601385528,28590.611765112,28590.618839596,28590.625487956,0.12204533413751051,0.23938999947858974,0.36143533361610025,10.379584000475006,7.074484001350356,6.648359998507658,24.46386333394912
0,1329,28590.634357426,28590.63444009,28590.635163807,28590.644660822,28590.650838799,28590.657267122,0.0826640025479719,0.7237169993459247,0.8063810018938966,9.49701499848743,6.177977000334067,6.4283229985449,22.909695999260293
0,1330,28590.667690759332,28590.667765633,28590.667980356,28590.678268303,28590.678496212,28590.686507284,0.07487366747227497,0.2147230006812606,0.2895966681535356,10.287946999596898,0.2279090003867168,8.0110720009543,18.81652466909145
0,1331,28590.701024092665,28590.701099392,28590.701320884,28590.711712126,28590.718772905,28590.725237654,0.07529933645855635,0.22149199867271818,0.29679133513127454,10.39124200178776,7.060778996674344,6.464748999860603,24.21356133345398
0,1332,28590.734357426,28590.734427926,28590.734464427,28590.743775682,28590.743854802,28590.751619151,0.07049999840091914,0.03650100188679062,0.10700100028770976,9.311254998465301,0.07912000000942498,7.764349000353832,17.261724999116268
0,1333,28590.767690759334,28590.767761435,28590.767978899,28590.778256297,28590.778326215,28590.78516291,0.07067566548357718,0.21746399943367578,0.28813966491725296,10.277397999743698,0.06991800182731822,6.836694999947213,17.472150666435482
0,1334,28590.801024092667,28590.801300109,28590.801361554,28590.810688772,28590.810744718,28590.817400513,0.2760163333732635,0.06144500002847053,0.337461333401734,9.327217998361448,0.05594600224867463,6.655794997641351,16.376420331653208
0,1335,28590.834357426,28590.83446757,28590.834694081,28590.845040591,28590.845155527,28590.851945213,0.11014399933628738,0.2265110015287064,0.3366550008649938,10.346510000090348,0.11493599959067069,6.789685998228379,17.58778699877439
0,1336,28590.867690759333,28590.867784439,28590.867997449,28590.878279154,28590.878346803,28590.885254665,0.09367966777062975,0.21301000015228055,0.3066896679229103,10.281704999215435,0.06764900172129273,6.907861999934539,17.563905668794177
0,1337,28590.901024092665,28590.901118965,28590.901341818,28590.91097776,28590.911038491,28590.917783945,0.09487233546678908,0.22285299928626046,0.31772533475304954,9.635941998567432,0.0607310030318331,6.745453996700235,16.75985233305255
0,1338,28590.934357426,28590.934432055,28590.935157735,28590.944546611,28590.950470061,28590.956835836,0.07462900248356164,0.7256799981405493,0.8003090006241109,9.388876002049074,5.9234500004095025,6.365774999721907,22.478410002804594
0,1339,28590.967690759335,28590.967763183,28590.967971295,28590.978349954,28590.985122379,28590.991353959,0.07242366700666025,0.2081119964714162,0.28053566347807646,10.378659000707557,6.772425000235671,6.231580002349801,23.663199666771106
0,1340,28591.001024092668,28591.001289931,28591.001518432,28591.011792738,28591.011851202,28591.018543451,0.26583833096083254,0.22850100140203722,0.49433933236286975,10.274306001520017,0.058464000176172704,6.692248996841954,17.519358330901014
0,1341,28591.034357426,28591.034466992,28591.03469377,28591.044993244,28591.045052846,28591.05172166,0.10956600090139546,0.22677800006931648,0.33634400097071193,10.299473997292807,0.05960199996479787,6.6688139995676465,17.364233997795964
0,1342,28591.067690759333,28591.067961249,28591.068197287,28591.078481824,28591.078616668,28591.085596577,0.27048966512666084,0.2360380021855235,0.5065276673121843,10.284536998369731,0.13484400187735446,6.979908997891471,17.90581766545074
0,1343,28591.101024092666,28591.101134976,28591.101366162,28591.111609542,28591.111666478,28591.118327449,0.1108833348553162,0.23118600074667484,0.34206933560199104,10.243379998428281,0.056935998145490885,6.660971001110738,17.3033563332865
0,1344,28591.134357426,28591.134432751,28591.134646817,28591.145064568,28591.151865208,28591.1582429,0.07532500239904039,0.21406599989859387,0.28939100229763426,10.41775100020459,6.800639999710256,6.3776919996598735,23.885474001872353
0,1345,28591.167690759332,28591.167790757,28591.167853405,28591.177239216,28591.177288457,28591.183958485,0.09999766916735098,0.062647999584442,0.16264566875179298,9.385810997628141,0.0492409999424126,6.670028000371531,16.267725666693877
0,1346,28591.201024092665,28591.201297181,28591.201555627,28591.211808618,28591.211876675,28591.218760416,0.27308833523420617,0.25844600168056786,0.531534336914774,10.252991000015754,0.06805699740652926,6.883740999910515,17.736323334247572
0,1347,28591.234357426,28591.234462095,28591.234544957,28591.244214899,28591.244276316,28591.250853491,0.10466899766470306,0.08286199954454787,0.18753099720925093,9.66994200280169,0.061416998505592346,6.577175001439173,16.496064999955706
0,1348,28591.267690759334,28591.267965317,28591.268043548,28591.27744561,28591.277497675,28591.284031516,0.274557667580666,0.0782309980422724,0.3527886656229384,9.40206200175453,0.05206499918131158,6.533840998599771,16.34075666515855
0,1349,28591.301024092667,28591.301138397,28591.301365269,28591.311622215,28591.311763595,28591.318361465,0.11430433369241655,0.2268719981657341,0.34117633185815066,10.256945999572054,0.14138000187813304,6.597870000405237,17.337372333713574
0,1350,28591.334357426,28591.334433312,28591.334660888,28591.34498325,28591.345044769,28591.351663731,0.07588600055896677,0.22757599799660966,0.30346199855557643,10.322362002625596,0.061519000155385584,6.618961997446604,17.306304998783162
0,1351,28591.367690759333,28591.367795561,28591.368038525,28591.378298813,28591.378358749,28591.385225092,0.10480166747584008,0.24296400079037994,0.34776566826622,10.260287999699358,0.05993599916109815,6.866342999273911,17.534332666400587
0,1352,28591.401024092665,28591.401290884,28591.401395542,28591.411481644,28591.411592098,28591.418299311,0.2667913358891383,0.10465800005476922,0.3714493359439075,10.086102000059327,0.11045399878639728,6.707213000481715,17.275218335271347
0,1353,28591.434357426,28591.434464465,28591.434531252,28591.443893424,28591.443946313,28591.450568692,0.10703900261432864,0.06678700083284639,0.17382600344717503,9.362171997054247,0.05288900138111785,6.622378998144995,16.211266000027535
0,1354,28591.467690759335,28591.467768213,28591.467976881,28591.478246909,28591.478309419,28591.485182716,0.0774536638346035,0.20866799968644045,0.28612166352104396,10.270028000377351,0.0625100001343526,6.873296999401646,17.491956663434394
0,1355,28591.501024092668,28591.501125387,28591.501355805,28591.51164526,28591.511704038,28591.518437649,0.10129433212568983,0.23041800159262493,0.33171233371831477,10.289455000020098,0.058777997764991596,6.733611000527162,17.413556332030566
0,1356,28591.534357426,28591.534625729,28591.534883823,28591.54535002,28591.55230628,28591.558858668,0.26830299975699745,0.2580939981271513,0.5263969978841487,10.466196999914246,6.956260000151815,6.552388000272913,24.501241998223122
0,1357,28591.567690759333,28591.567798319,28591.567879125,28591.577595003,28591.577657947,28591.584288483,0.1075596665032208,0.0808059994596988,0.1883656659629196,9.715878000861267,0.06294400009210221,6.63053600146668,16.59772366838297
0,1358,28591.601024092666,28591.601303058,28591.601543337,28591.611814736,28591.611875755,28591.618788413,0.2789653335639741,0.24027900144574232,0.5192443350097165,10.271398998156656,0.061018999986117706,6.91265800196561,17.7643203351181
0,1359,28591.634357426,28591.634463989,28591.634551193,28591.644254034,28591.644323321,28591.650982441,0.10656300219125114,0.08720400001038797,0.19376700220163912,9.702840998215834,0.06928700167918578,6.65911999749369,16.62501499959035
0,1360,28591.667690759332,28591.667768449,28591.66781818,28591.675300925,28591.675344,28591.683502025,0.07768966679577716,0.04973100294591859,0.12742066974169575,7.482744997105328,0.04307500057620928,8.158025000739144,15.811265668162378
0,1361,28591.701024092665,28591.701114788,28591.701187455,28591.710724378,28591.710786665,28591.717686953,0.09069533552974463,0.0726670004951302,0.16336233602487482,9.536923000268871,0.06228699930943549,6.900288000906585,16.662860336509766
0,1362,28591.734357426,28591.734432785,28591.734652777,28591.745015862,28591.751399471,28591.757648227,0.07535899931099266,0.21999199816491455,0.2953509974759072,10.363085002609296,6.3836089975666255,6.24875600260566,23.29080100025749
0,1363,28591.767690759334,28591.767764245,28591.767989117,28591.778181145,28591.778239552,28591.783875833,0.07348566578002647,0.2248720011266414,0.2983576669066679,10.192027999437414,0.05840700032422319,5.636280999169685,16.18507366583799
0,1364,28591.801024092667,28591.801298373,28591.80154905,28591.811772143,28591.81183319,28591.817463896,0.274280333542265,0.2506769997125957,0.5249573332548607,10.223092998785432,0.06104700150899589,5.63070600037463,16.43980333392392
0,1365,28591.834357426,28591.834464379,28591.834549685,28591.844169839,28591.844234868,28591.849965955,0.10695300079532899,0.0853060009831097,0.1922590017784387,9.620154000003822,0.06502899850602262,5.7310869997309055,15.608529000019189
0,1366,28591.867690759333,28591.867768044,28591.867974637,28591.878142508,28591.878201953,28591.883844419,0.07728466880507767,0.20659299843828194,0.2838776672433596,10.167871001613094,0.05944499935139902,5.642465999699198,16.15365966790705
0,1367,28591.901024092665,28591.901122394,28591.901224459,28591.910758679,28591.910820058,28591.916359108,0.09830133421928622,0.10206500155618414,0.20036633577547036,9.534220000205096,0.06137899981695227,5.539049998333212,15.33501533413073
0,1368,28591.934357426,28591.934644236,28591.934874385,28591.945137395,28591.945264924,28591.950845686,0.28681000185315497,0.23014899852569215,0.5169590003788471,10.263010000926442,0.12752900147461332,5.580761997407535,16.488260000187438
0,1369,28591.967690759335,28591.967792641,28591.967866946,28591.977889484,28591.983552348,28591.9888182,0.10188166561420076,0.07430500045302324,0.176186666067224,10.022537997429026,5.662864001351409,5.265851999865845,21.127440664713504
0,1370,28592.001024092668,28592.00132289,28592.001553558,28592.011718882,28592.011779364,28592.017454711,0.29879733119742014,0.23066799985826947,0.5294653310556896,10.165324001718545,0.0604819979344029,5.675347001670161,16.4306183323788
0,1371,28592.034357426,28592.034446304,28592.034518591,28592.04406905,28592.044127413,28592.04969537,0.08887799776857719,0.07228700269479305,0.16116500046337023,9.550458999001421,0.058362998970551416,5.567956999584567,15.33794399801991
0,1372,28592.067690759333,28592.067771469,28592.067988683,28592.077623597,28592.077682319,28592.083268082,0.08070966578088701,0.21721400116803125,0.29792366694891825,9.634914000343997,0.058721998357214034,5.585762999544386,15.577322665194515
0,1373,28592.101024092666,28592.101099078,28592.101165097,28592.110759511,28592.110822474,28592.116353439,0.07498533523175865,0.06601899804081768,0.14100433327257633,9.594414001185214,0.06296299761743285,5.530965001526056,15.32934633360128
0,1374,28592.134357426,28592.134436493,28592.134651328,28592.144922078,28592.145042922,28592.150658518,0.07906700193416327,0.21483499949681573,0.293902001430979,10.270750000927364,0.12084399713785388,5.615596001007361,16.30109200050356
0,1375,28592.167690759332,28592.167764297,28592.167822167,28592.177406563,28592.177463026,28592.183039816,0.07353766704909503,0.05787000191048719,0.13140766895958222,9.584396000718698,0.05646299905492924,5.57678999757627,15.34905666630948
0,1376,28592.201024092665,28592.201104064,28592.201323259,28592.211527816,28592.211603641,28592.217447265,0.07997133434400894,0.21919500068179332,0.29916633502580225,10.204557001998182,0.07582499893032946,5.843623999680858,16.423172335635172
0,1377,28592.234357426,28592.23442971,28592.234645202,28592.245051315,28592.250836264,28592.25619195,0.07228399772429839,0.21549200027948245,0.28777599800378084,10.406113000499317,5.784949000371853,5.355686000257265,21.834523999132216
0,1378,28592.267690759334,28592.267763672,28592.267975275,28592.278199886,28592.27825909,28592.283915408,0.07291266592801549,0.2116030009347014,0.2845156668627169,10.224611000012374,0.05920399780734442,5.656318000546889,16.224648665229324
0,1379,28592.301024092667,28592.301097476,28592.30116229,28592.310751149,28592.310819075,28592.316491051,0.07338333307416178,0.06481400123448111,0.1381973343086429,9.588859000359662,0.0679259974276647,5.671975999575807,15.466958331671776
0,1380,28592.334357426,28592.334429705,28592.334651798,28592.344824891,28592.344884919,28592.350653664,0.07227899914141744,0.22209300004760735,0.2943719991890248,10.173093000048539,0.060028000007150695,5.768745002569631,16.296238001814345
0,1381,28592.367690759333,28592.367763293,28592.367828646,28592.377461773,28592.377711941,28592.383771854,0.07253366857185028,0.06535300053656101,0.1378866691084113,9.633126999688102,0.2501679991837591,6.059913001081441,16.081094669061713
0,1382,28592.401024092665,28592.401099347,28592.401317746,28592.411454652,28592.411565746,28592.417382167,0.07525433466071263,0.21839900000486523,0.29365333466557786,10.136905999388546,0.11109399929409847,5.816421002236893,16.358074335585115
0,1383,28592.434357426,28592.434429445,28592.434491936,28592.444071775,28592.444131285,28592.449850344,0.07201900007203221,0.06249100260902196,0.13451000268105417,9.579838999343337,0.05950999911874533,5.719059001421556,15.492918002564693
0,1384,28592.467690759335,28592.467764665,28592.467981175,28592.477582857,28592.47763932,28592.483437297,0.0739056667953264,0.2165099976991769,0.2904156644945033,9.601681998901768,0.05646300269290805,5.797976999019738,15.746537665108917
0,1385,28592.501024092668,28592.501096124,28592.501157782,28592.510743473,28592.510800659,28592.516517634,0.07203133282018825,0.061658000049646944,0.1336893328698352,9.585691001120722,0.05718600004911423,5.716974999813829,15.4935413338535
0,1386,28592.534357426,28592.534484612,28592.534697771,28592.544933308,28592.54505604,28592.550928739,0.1271859982807655,0.2131590008502826,0.3403449991310481,10.235536999971373,0.12273199899937026,5.872699002793524,16.571313000895316
0,1387,28592.567690759333,28592.567776544,28592.567992758,28592.577609006,28592.577665256,28592.583339963,0.08578466804465279,0.21621399719151668,0.3019986652361695,9.616248000384076,0.056250002671731636,5.674706997524481,15.649203665816458
0,1388,28592.601024092666,28592.601098329,28592.601165635,28592.610801855,28592.610859475,28592.616586247,0.07423633360303938,0.0673059985274449,0.14154233213048428,9.636220001993934,0.05762000000686385,5.726772000343772,15.562154334475053
0,1389,28592.634357426,28592.634433272,28592.634489328,28592.644114566,28592.644193409,28592.650080117,0.0758460009819828,0.056056000175885856,0.13190200115786865,9.625237998989178,0.07884300066507421,5.886708000616636,15.722691001428757
0,1390,28592.667690759332,28592.667766353,28592.668476977,28592.677847307,28592.683050335,28592.688493643,0.07559366713394411,0.710624000930693,0.7862176680646371,9.370330000820104,5.2030279985046946,5.443308000394609,20.802883667784045
0,1391,28592.701024092665,28592.701096213,28592.701156972,28592.710649256,28592.710704497,28592.7164984,0.07212033597170375,0.060759000916732475,0.13287933688843623,9.492283999861684,0.05524099833564833,5.793903001176659,15.474307336262427
0,1392,28592.734357426,28592.734429109,28592.734653546,28592.744927565,28592.74498701,28592.75074606,0.07168299998738803,0.22443699708674103,0.29611999707412906,10.274019001371926,0.05944499935139902,5.759050000051502,16.388633997848956
0,1393,28592.767690759334,28592.767764894,28592.767977581,28592.7781746,28592.778230814,28592.783853871,0.0741346666472964,0.2126869985659141,0.2868216652132105,10.197019000770524,0.056214001233456656,5.62305699713761,16.1631116643548
0,1394,28592.801024092667,28592.801096476,28592.801323792,28592.811509117,28592.811622729,28592.817431372,0.07238333273562603,0.22731599892722443,0.29969933166285045,10.185325001657475,0.11361200085957535,5.8086429999093525,16.407279334089253
0,1395,28592.834357426,28592.83442966,28592.834472539,28592.843838878,28592.843889443,28592.84960928,0.07223400098155253,0.042879000829998404,0.11511300181155093,9.36633899982553,0.050564998673507944,5.7198370013793465,15.251854001689935
0,1396,28592.867690759333,28592.86776476,28592.86797315,28592.878174937,28592.8782349,28592.884187452,0.07400066897389479,0.20838999989791773,0.2823906688718125,10.201786997640738,0.05996300023980439,5.952552000962896,16.49669266771525
0,1397,28592.901024092665,28592.901093295,28592.901309416,28592.911586696,28592.911726243,28592.917595571,0.06920233499840833,0.216120999539271,0.28532333453767933,10.277279998263111,0.13954700261820108,5.86932800069917,16.57147833611816
0,1398,28592.934357426,28592.934429349,28592.934656109,28592.944967213,28592.945111223,28592.951188635,0.07192300108727068,0.226759999350179,0.29868300043744966,10.311104000720661,0.14401000225916505,6.077411999285687,16.831209002702963
0,1399,28592.967690759335,28592.967764411,28592.967990014,28592.978281321,28592.978407775,28592.98456279,0.07365166675299406,0.22560299839824438,0.29925466515123844,10.29130700044334,0.12645400056499057,6.155014998512343,16.87203066467191
0,1400,28593.001024092668,28593.001096538,28593.001329965,28593.011596003,28593.011650734,28593.01779899,0.07244533117045648,0.23342700296780095,0.30587233413825743,10.266037999826949,0.054730997362639755,6.148256001324626,16.774897332652472
0,1401,28593.034357426,28593.034429979,28593.034652536,28593.044948713,28593.045067602,28593.051226376,0.07255300079123117,0.22255699877860025,0.2951099995698314,10.296176998963347,0.1188890018966049,6.158773998322431,16.868949998752214
0,1402,28593.067690759333,28593.06776255,28593.068486674,28593.077905106,28593.083381645,28593.089258779,0.07179066597018391,0.7241240018629469,0.7959146678331308,9.41843200052972,5.476538997754687,5.87713400091161,21.568019667029148
0,1403,28593.101024092666,28593.101093658,28593.101757449,28593.111136898,28593.11660303,28593.122524543,0.06956533252377994,0.6637910009885672,0.7333563335123472,9.379448998515727,5.466132002766244,5.921512998611433,21.50045033340575
0,1404,28593.134357426,28593.134579434,28593.134808537,28593.145193723,28593.151511554,28593.157638624,0.22200800231075846,0.22910299958311953,0.451111001893878,10.385186000348767,6.317830997431884,6.127070002548862,23.28119800222339
0,1405,28593.167690759332,28593.167763985,28593.167987264,28593.17824557,28593.178304747,28593.184495216,0.07322566671064124,0.2232790029665921,0.2965046696772333,10.258305999741424,0.059177000366616994,6.19046899737441,16.804456667159684
0,1406,28593.201024092665,28593.201096742,28593.201327271,28593.211648948,28593.218094807,28593.223989413,0.07264933447004296,0.2305289999640081,0.30317833443405107,10.32167700032005,6.445859002269572,5.89460599803715,22.965320335060824
0,1407,28593.234357426,28593.234548593,28593.234768677,28593.245117355,28593.24524179,28593.251512149,0.1911670005938504,0.2200839990109671,0.4112509996048175,10.348677998990752,0.12443499872460961,6.270359001064207,17.154722998384386
0,1408,28593.267690759334,28593.267763877,28593.267986536,28593.27830538,28593.278385935,28593.28466298,0.0731176660337951,0.22265900042839348,0.2957766664621886,10.318844000721583,0.0805549971119035,6.27704500220716,16.972220666502835
0,1409,28593.301024092667,28593.301096672,28593.301320951,28593.311554257,28593.311611905,28593.317947551,0.0725793324818369,0.22427899966714904,0.29685833214898594,10.233306002191966,0.057647997891763225,6.33564600138925,16.923458333621966
0,1410,28593.334357426,28593.334614347,28593.334847052,28593.345293192,28593.351566561,28593.357622233,0.2569210009824019,0.2327049987798091,0.489625999762211,10.446140000567539,6.273368999245577,6.055672001821222,23.264807001396548
0,1411,28593.367690759333,28593.367762882,28593.367979077,28593.378275633,28593.378394579,28593.384704549,0.0721226679161191,0.21619499966618605,0.28831766758230515,10.29655599995749,0.1189459981105756,6.3099700018938165,17.013789667544188
0,1412,28593.401024092665,28593.401095296,28593.401319714,28593.411581668,28593.411696642,28593.418011778,0.0712033361196518,0.2244179995614104,0.2956213356810622,10.26195399754215,0.11497400191728957,6.315136000921484,16.987685336061986
0,1413,28593.434357426,28593.434432628,28593.434660222,28593.445033288,28593.445152641,28593.451528286,0.07520200233557262,0.22759399871574715,0.30279600105131976,10.373066001193365,0.1193530006275978,6.375644999934593,17.170860002806876
0,1414,28593.467690759335,28593.467763691,28593.467994665,28593.478303489,28593.478416786,28593.484897812,0.07293166345334612,0.23097400116967037,0.3039056646230165,10.308823999366723,0.1132970028265845,6.481025997345569,17.207052664161893
0,1415,28593.501024092668,28593.501098253,28593.501315367,28593.511639839,28593.511756072,28593.518097366,0.07416033258778043,0.2171140004065819,0.29127433299436234,10.3244719975919,0.1162330008810386,6.341293999867048,17.07327333133435
0,1416,28593.534357426,28593.534602161,28593.534826755,28593.545153737,28593.545213367,28593.551611782,0.24473499797750264,0.2245940013381187,0.46932899931562133,10.32698199924198,0.059630001487676054,6.398415000148816,17.254356000194093
0,1417,28593.567690759333,28593.567780546,28593.568018835,28593.578310012,28593.578449235,28593.584745853,0.0897866666491609,0.2382890015724115,0.3280756682215724,10.291176997270668,0.13922300058766268,6.296618001215393,17.055093667295296
0,1418,28593.601024092666,28593.601101535,28593.601322694,28593.61163689,28593.611754872,28593.618150278,0.07744233516859822,0.22115899992058985,0.29860133508918807,10.314195998944342,0.11798199921031483,6.39540599877364,17.126185332017485
0,1419,28593.634357426,28593.634431404,28593.634662823,28593.644394867,28593.644449006,28593.65088431,0.0739780007279478,0.23141899873735383,0.30539699946530163,9.732043999974849,0.05413899998529814,6.435303999751341,16.52688399917679
0,1420,28593.667690759332,28593.66775931,28593.667969496,28593.678102413,28593.678149413,28593.684538365,0.0685506674926728,0.21018600091338158,0.2787366684060544,10.132916999282315,0.0470000013592653,6.388951998815173,16.84760566786281
0,1421,28593.701024092665,28593.701109882,28593.701332392,28593.711580939,28593.711636217,28593.718010021,0.08578933557146229,0.22250999973039143,0.3082993353018537,10.2485470015381,0.05527800021809526,6.373803997121286,16.985928334179334
0,1422,28593.734357426,28593.734429462,28593.734658843,28593.745011196,28593.745128345,28593.751641816,0.07203600034699775,0.22938099937164225,0.30141699971864,10.352352997870184,0.11714900028891861,6.5134710021084175,17.28438999998616
0,1423,28593.767690759334,28593.767761681,28593.767989164,28593.778273063,28593.778392609,28593.784736691,0.07092166561051272,0.22748300034436397,0.2984046659548767,10.283898998750374,0.11954600267927162,6.344081997667672,17.045931665052194
0,1424,28593.801024092667,28593.801097067,28593.801392642,28593.811733282,28593.818168235,28593.824315732,0.0729743333067745,0.29557499874499626,0.36854933205177076,10.340640001231804,6.434953000280075,6.147496998892166,23.291639332455816
0,1425,28593.834357426,28593.834428462,28593.834642982,28593.845097993,28593.851504963,28593.857722997,0.071036000008462,0.21452000146382488,0.2855560014722869,10.455010997247882,6.406970001989976,6.218033999175532,23.365570999885676
0,1426,28593.867690759333,28593.867763515,28593.867983775,28593.878215136,28593.87826947,28593.884954562,0.07275566895259544,0.22025999714969657,0.293015666102292,10.2313610004785,0.054333999287337065,6.6850920011347625,17.263802667002892
0,1427,28593.901024092665,28593.901096456,28593.901322827,28593.911528791,28593.911583458,28593.917950039,0.07236333476612344,0.2263710011902731,0.29873433595639654,10.205963997577783,0.054667001677444205,6.366580997564597,16.92594633277622
0,1428,28593.934357426,28593.934426759,28593.934649667,28593.94496239,28593.945020557,28593.95145337,0.06933300028322265,0.22290800188784488,0.2922410021710675,10.312722999515245,0.05816699922434054,6.43281299926457,17.095944000175223
0,1429,28593.967690759335,28593.967757932,28593.967966369,28593.978233832,28593.97835263,28593.984820702,0.06717266660416499,0.20843699894612655,0.27560966555029154,10.267462999763666,0.1187980014947243,6.468071998824598,17.12994266563328
0,1430,28594.001024092668,28594.001091476,28594.001130107,28594.01058214,28594.01063214,28594.016911935,0.06738333104294725,0.038631002098554745,0.10601433314150199,9.452032998524373,0.050000002374872565,6.279794997681165,15.887842331721913
0,1431,28594.034357426,28594.034624939,28594.034880135,28594.045359165,28594.051757895,28594.057894974,0.26751299810712226,0.25519600239931606,0.5227090005064383,10.479029999260092,6.398729998181807,6.13707900265581,23.537548000604147
0,1432,28594.067690759333,28594.068016956,28594.068078493,28594.077396026,28594.077443638,28594.083843016,0.3261966667196248,0.06153700087452307,0.38773366759414785,9.317533000285039,0.0476120003440883,6.399377998604905,16.15225666682818
0,1433,28594.101024092666,28594.101303353,28594.101365223,28594.110629108,28594.110674506,28594.116969263,0.2792603336274624,0.061869999626651406,0.3411303332541138,9.26388500010944,0.045397999201668426,6.294757000432583,15.945170332997805
0,1434,28594.134357426,28594.134651397,28594.134913083,28594.144640397,28594.144702064,28594.151072997,0.2939709993370343,0.26168600015807897,0.5556569994951133,9.727314001793275,0.06166700040921569,6.370932998834178,16.71557100053178
0,1435,28594.167690759332,28594.167969099,28594.168206554,28594.178425842,28594.178531869,28594.18495022,0.2783396666927729,0.23745500220684335,0.5157946688996162,10.219288000371307,0.10602700058370829,6.41835099668242,17.259460666537052
0,1436,28594.201024092665,28594.201099697,28594.201313782,28594.211546895,28594.211687201,28594.218274506,0.0756043336878065,0.2140850010619033,0.2896893347497098,10.233113000140293,0.14030600141268224,6.587305000721244,17.25041333702393
0,1437,28594.234357426,28594.234629531,28594.234882041,28594.244528807,28594.244611048,28594.25077848,0.2721050004765857,0.2525099989725277,0.5246149994491134,9.646766000514617,0.08224100020015612,6.167431998619577,16.421053998783464
0,1438,28594.267690759334,28594.267977223,28594.268750793,28594.27822703,28594.283476447,28594.289417989,0.28646366627071984,0.7735699982731603,1.0600336645438801,9.47623700267286,5.24941699768533,5.941542000073241,21.72722966497531
0,1439,28594.301024092667,28594.301308462,28594.302009457,28594.31138198,28594.316772788,28594.322513079,0.28436933280318044,0.7009949986240827,0.9853643314272631,9.37252299991087,5.390808000811376,5.740291002439335,21.488986334588844
0,1440,28594.334357426,28594.334644395,28594.334900156,28594.345251129,28594.345369639,28594.351581673,0.2869689997169189,0.25576099869795144,0.5427299984148704,10.35097300336929,0.11850999726448208,6.212034000782296,17.22424699983094
0,1441,28594.367690759333,28594.36797616,28594.368229023,28594.378623497,28594.384903549,28594.390620765,0.2854006670531817,0.2528629993321374,0.5382636663853191,10.394474000349874,6.280051999056013,5.717216001357883,22.93000566714909
0,1442,28594.401024092665,28594.401100008,28594.401796049,28594.41119347,28594.416565194,28594.422445976,0.07591533358208835,0.6960409991734196,0.7719563327555079,9.397421003086492,5.371723997086519,5.8807820023503155,21.421883335278835
0,1443,28594.434357426,28594.434636737,28594.43488785,28594.445224962,28594.445281417,28594.451380431,0.27931100339628756,0.25111299692071043,0.530424000316998,10.33711200216203,0.05645499913953245,6.099014000938041,17.0230050025566
0,1444,28594.467690759335,28594.467966521,28594.468203985,28594.47786326,28594.477919021,28594.483985822,0.27576166394283064,0.2374640025664121,0.5132256665092427,9.659274997829925,0.055761000112397596,6.066801000997657,16.295062665449223
0,1445,28594.501024092668,28594.501306592,28594.50202355,28594.51140823,28594.516865242,28594.522646246,0.28249933166080154,0.7169580021582078,0.9994573338190094,9.38467999731074,5.45701200098847,5.781004001619294,21.622153333737515
0,1446,28594.534357426,28594.534638821,28594.534875229,28594.545218045,28594.545273073,28594.551411811,0.2813949977280572,0.23640800282009877,0.517803000548156,10.342816000047605,0.055027998314471915,6.138738001027377,17.05438499993761
0,1447,28594.567690759333,28594.567778715,28594.568017123,28594.57831431,28594.578463616,28594.584553409,0.08795566827757284,0.23840799985919148,0.3263636681367643,10.297187000105623,0.14930599718354642,6.089793001592625,16.86264966701856
0,1448,28594.601024092666,28594.601301761,28594.602033228,28594.6114924,28594.616827059,28594.622746757,0.2776683322736062,0.7314670001505874,1.0091353324241936,9.459172000788385,5.334658999345265,5.919698000070639,21.722664332628483
0,1449,28594.634357426,28594.634637276,28594.634878112,28594.645225196,28594.645281465,28594.651496555,0.27985000269836746,0.2408359978289809,0.5206860005273484,10.34708400038653,0.05626900019706227,6.215090001205681,17.139129002316622
0,1450,28594.667690759332,28594.667820154,28594.668598223,28594.678033405,28594.686587415,28594.692478753,0.12939466978423297,0.7780689993523993,0.9074636691366322,9.435182000743225,8.554009997169487,5.89133800167474,24.787993668724084
0,1451,28594.701024092665,28594.701114587,28594.701790193,28594.711249421,28594.717108768,28594.722965392,0.090494333562674,0.6756060029147193,0.7661003364773933,9.459228000196163,5.859346998477122,5.856624000443844,21.941299335594522
0,1452,28594.734357426,28594.734436437,28594.734663716,28594.745076737,28594.751284836,28594.757320415,0.0790109988884069,0.2272790006827563,0.3062899995711632,10.413020998385036,6.208098999195499,6.03557900103624,22.96298899818794
0,1453,28594.767690759334,28594.767785787,28594.76782787,28594.777198691,28594.777249904,28594.783276798,0.09502766624791548,0.042083000153070316,0.1371106664009858,9.370821000629803,0.05121299909660593,6.026893999660388,15.586038665787783
0,1454,28594.801024092667,28594.801100045,28594.801805382,28594.811189962,28594.816662446,28594.822511635,0.07595233182655647,0.7053370027279016,0.781289334554458,9.38458000018727,5.472483997436939,5.849189001310151,21.48754233348882
0,1455,28594.834357426,28594.834429839,28594.834648072,28594.845079573,28594.851146293,28594.857069149,0.07241300045279786,0.21823299903189763,0.2906459994846955,10.431500999402488,6.066720001399517,5.922855998505838,22.71172299879254
0,1456,28594.867690759333,28594.867763449,28594.8679987,28594.878317396,28594.87838009,28594.884699403,0.07268966874107718,0.23525099823018536,0.30794066697126254,10.318696000467753,0.06269399818847887,6.3193130008585285,17.008643666486023
0,1457,28594.901024092665,28594.901097882,28594.901802201,28594.911187947,28594.916633171,28594.922469111,0.07378933514701203,0.7043189980322495,0.7781083331792615,9.385746001498774,5.445224000141025,5.835939999087714,21.445018333906773
0,1458,28594.934357426,28594.934428751,28594.935134486,28594.944706529,28594.949861946,28594.955833544,0.07132500104489736,0.7057350012473762,0.7770600022922736,9.572042999934638,5.155416998604778,5.971598002361134,21.476118003192823
0,1459,28594.967690759335,28594.967763851,28594.967981056,28594.978388215,28594.984659036,28594.990487281,0.07309166539926082,0.2172050008084625,0.2902966662077233,10.40715899944189,6.270820998906856,5.828245000884635,22.796521665441105
0,1460,28595.001024092668,28595.001093275,28595.001812826,28595.011182979,28595.016814788,28595.022899487,0.06918233339092694,0.7195510006567929,0.7887333340477198,9.370152998599224,5.631808999169152,6.0846990018035285,21.875394333619624
0,1461,28595.034357426,28595.034430329,28595.034650256,28595.044981099,28595.045105906,28595.051425191,0.07290299981832504,0.21992699839756824,0.2928299982158933,10.330843000701861,0.12480700024752878,6.31928499933565,17.067764998500934
0,1462,28595.067690759333,28595.067763002,28595.067974782,28595.077614714,28595.077669224,28595.083743859,0.07224266664707102,0.21177999951760285,0.28402266616467386,9.639931999117834,0.054510001064045355,6.074634999094997,16.05309966544155
0,1463,28595.101024092666,28595.101094138,28595.101785133,28595.111174842,28595.116870984,28595.122817424,0.07004533472354524,0.6909949988767039,0.7610403336002491,9.38970900097047,5.696141997759696,5.946440000116127,21.79333133244654
0,1464,28595.134357426,28595.13443145,28595.134649748,28595.144990832,28595.145048879,28595.151453247,0.07402399933198467,0.21829800243722275,0.2923220017692074,10.341083998355316,0.05804700049338862,6.404367999493843,17.095821000111755
0,1465,28595.167690759332,28595.167761854,28595.167982754,28595.178297421,28595.178422404,28595.184930976,0.07109466969268396,0.22089999765739776,0.2919946673500817,10.314667000784539,0.12498299838625826,6.50857200162136,17.24021666814224
0,1466,28595.201024092665,28595.201094916,28595.201803929,28595.211244083,28595.216783418,28595.222821988,0.07082333468133584,0.7090130020515062,0.779836336732842,9.440153997275047,5.539335001230938,6.038570001692278,21.797895336931106
0,1467,28595.234357426,28595.234429691,28595.234640534,28595.245067426,28595.251456368,28595.257573577,0.07226500019896775,0.2108429980580695,0.28310799825703725,10.426892000396037,6.388942001649411,6.117208999057766,23.216150999360252
0,1468,28595.267690759334,28595.267764142,28595.267996448,28595.278303968,28595.278364079,28595.284772354,0.07338266732404009,0.2323059998161625,0.3056886671402026,10.30751999860513,0.06011100049363449,6.4082749995577615,17.08159466579673
0,1469,28595.301024092667,28595.301096416,28595.301802837,28595.311169823,28595.316881418,28595.322943054,0.07232333155116066,0.7064210003591143,0.7787443319102749,9.366985999804456,5.711595000320813,6.061636002414161,21.918961334449705
0,1470,28595.334357426,28595.334429071,28595.334686017,28595.345078092,28595.351592703,28595.35786244,0.07164500129874796,0.2569459975347854,0.3285909988335334,10.392075000709156,6.514610999147408,6.269737001275644,23.50501399996574
0,1471,28595.367690759333,28595.367761457,28595.367989469,28595.378254682,28595.378367757,28595.384827118,0.07069766797940247,0.22801199884270318,0.29870966682210565,10.26521300082095,0.11307499880786054,6.459361000452191,17.136358666903106
0,1472,28595.401024092665,28595.401094596,28595.401777543,28595.411187271,28595.416888099,28595.423114568,0.07050333442748524,0.6829470003140159,0.7534503347415011,9.409727997990558,5.700828001863556,6.226468998647761,22.090475333243376
0,1473,28595.434357426,28595.434584835,28595.434800216,28595.44527157,28595.451706327,28595.45788688,0.22740900021744892,0.21538100190809928,0.4427900021255482,10.471353998582345,6.434757000533864,6.180553002195666,23.529454003437422
0,1474,28595.467690759335,28595.467762175,28595.467977139,28595.478334261,28595.478391123,28595.484933037,0.0714156667527277,0.2149639985873364,0.2863796653400641,10.35712199882255,0.05686200165655464,6.541914000990801,17.24227766680997
0,1475,28595.501024092668,28595.501095506,28595.501797686,28595.511166711,28595.516777473,28595.522802534,0.07141333117033355,0.7021800010988954,0.773593332269229,9.36902499961434,5.61076200028765,6.025061000400456,21.778441332571674
0,1476,28595.534357426,28595.53456483,28595.534782294,28595.54517611,28595.545258055,28595.551811647,0.20740399850183167,0.21746399943367578,0.42486799793550745,10.393816002761014,0.08194499969249591,6.553592000273056,17.454221000662073
0,1477,28595.567690759333,28595.567780318,28595.568016375,28595.578347644,28595.584797079,28595.59089651,0.08955866724136285,0.23605699971085414,0.325615666952217,10.331269000744214,6.449434997193748,6.099431000620825,23.205750665511005
0,1478,28595.601024092666,28595.601100307,28595.601813302,28595.611204334,28595.616945718,28595.623040344,0.07621433542226441,0.7129949990485329,0.7892093344707973,9.391031999257393,5.741384000430116,6.094625998230185,22.016251332388492
0,1479,28595.634357426,28595.634433046,28595.63465101,28595.645073485,28595.651411352,28595.657548747,0.07562000246252865,0.21796399960294366,0.2935840020654723,10.42247499935911,6.337866998364916,6.1373950011329725,23.19132100092247
0,1480,28595.667690759332,28595.667760378,28595.667969091,28595.678234685,28595.678340713,28595.688371491,0.06961866893107072,0.20871299784630537,0.2783316667773761,10.265594002703438,0.10602799738990143,10.030778001237195,20.68073166810791
0,1481,28595.701024092665,28595.701093987,28595.701809898,28595.711224477,28595.717427788,28595.723549757,0.06989433677517809,0.7159109991334844,0.7858053359086625,9.414578998985235,6.203311000717804,6.121968999650562,22.525664335262263
0,1482,28595.734357426,28595.734425595,28595.735123181,28595.744559159,28595.75017956,28595.756280222,0.0681689998600632,0.6975859978410881,0.7657549977011513,9.435978001420153,5.620400999760022,6.100662001699675,21.922796000581002
0,1483,28595.767690759334,28595.767758396,28595.768474826,28595.777920545,28595.783525751,28595.789658924,0.06763666533515789,0.7164300004660618,0.7840666658012196,9.44571899890434,5.605206002655905,6.133172999398084,21.96816466675955
0,1484,28595.801024092667,28595.801303275,28595.802022075,28595.811433885,28595.816924183,28595.82344434,0.27918233172385953,0.7188000017777085,0.9979823335015681,9.411809998709941,5.490298000950133,6.520156999613391,22.420247332775034
0,1485,28595.834357426,28595.834637799,28595.834876106,28595.845304691,28595.851630188,28595.857802028,0.28037299853167497,0.238307002291549,0.518680000823224,10.428584999317536,6.325497000943869,6.171839999296935,23.444602000381565
0,1486,28595.867690759333,28595.867766017,28595.867981314,28595.878237167,28595.878318861,28595.884877981,0.07525766704929993,0.21529700097744353,0.29055466802674346,10.255852997943293,0.08169400098267943,6.559120000019902,17.18722166697262
0,1487,28595.901024092665,28595.901300515,28595.902039806,28595.911423774,28595.917156629,28595.923214061,0.2764223354461137,0.7392909974441864,1.0157133328903,9.383968001202447,5.732854999223491,6.057432001398411,22.18996833471465
0,1488,28595.934357426,28595.934630854,28595.934862921,28595.94522669,28595.945288052,28595.951728207,0.2734280024014879,0.23206699916045181,0.5054950015619397,10.36376900083269,0.061361999541986734,6.440155000746017,17.370781002682634
0,1489,28595.967690759335,28595.967965843,28595.968200816,28595.978485679,28595.978596679,28595.985183994,0.2750836647464894,0.23497300207964145,0.5100566668261308,10.284862997650634,0.11100000119768083,6.587314997887006,17.493234663561452
0,1490,28596.001024092668,28596.001101359,28596.00171288,28596.011007755,28596.016125283,28596.021488897,0.07726633339188993,0.6115209980634972,0.6887873314553872,9.29487500252435,5.117527998663718,5.363614000089001,20.464804332732456
0,1491,28596.034357426,28596.034630858,28596.034875109,28596.045026878,28596.045082813,28596.050783447,0.2734320005401969,0.24425099763902836,0.5176829981792253,10.151769001822686,0.055935001000761986,5.70063399936771,16.426021000370383
0,1492,28596.067690759333,28596.06794831,28596.068165079,28596.078256561,28596.078311682,28596.083991185,0.25755066599231213,0.21676899996236898,0.4743196659546811,10.091481999552343,0.05512099960469641,5.679503003193531,16.30042566830525
0,1493,28596.101024092666,28596.101284845,28596.101933302,28596.111260696,28596.116223613,28596.121644595,0.2607523347251117,0.6484570003522094,0.9092093350773212,9.327394000138156,4.962916998920264,5.420982000941876,20.620502335077617
0,1494,28596.134357426,28596.134623324,28596.134850622,28596.145020529,28596.145080021,28596.150728256,0.26589800108922645,0.22729799820808694,0.4931959992973134,10.169907000090461,0.059492002037586644,5.648235000990098,16.37083000241546
0,1495,28596.167690759332,28596.16795373,28596.168016675,28596.177251744,28596.177294883,28596.182760237,0.26297066870029084,0.06294500053627416,0.325915669236565,9.235068999259965,0.043138999899383634,5.465353999170475,15.069477667566389
0,1496,28596.201024092665,28596.201103348,28596.201717027,28596.211002597,28596.216105347,28596.221644942,0.0792553364590276,0.6136789997981396,0.6929343362571672,9.285569998610299,5.102750001242384,5.539595000300324,20.620849336410174
0,1497,28596.234357426,28596.234620773,28596.234854645,28596.245031719,28596.245151257,28596.250918622,0.26334699941799045,0.2338720005354844,0.49721899995347485,10.177074000239372,0.11953799912589602,5.767365000792779,16.561196000111522
0,1498,28596.267690759334,28596.267965873,28596.268212068,28596.278311773,28596.278423393,28596.284141962,0.27511366715771146,0.2461949989083223,0.5213086660660338,10.099704999447567,0.11162000009790063,5.718569002056029,16.45120266766753
0,1499,28596.301024092667,28596.301295575,28596.301931902,28596.311217157,28596.316300685,28596.321804345,0.2714823312999215,0.6363270003930666,0.907809331692988,9.285255000577308,5.083528001705417,5.503659998794319,20.780252332770033
0,1500,28596.334357426,28596.334646305,28596.334881398,28596.345053658,28596.345174659,28596.350894533,0.2888790004362818,0.23509300081059337,0.5239720012468752,10.172259997489164,0.12100100138923153,5.719873999623815,16.537106999749085
0,1501,28596.367690759333,28596.367968155,28596.368215924,28596.378281305,28596.378332851,28596.384103502,0.2773956657620147,0.2477690031810198,0.5251646689430345,10.06538099682075,0.05154600148671307,5.770651001512306,16.412742668762803
0,1502,28596.401024092665,28596.401100597,28596.401715701,28596.411047595,28596.41613729,28596.421623385,0.07650433326489292,0.6151039997348562,0.6916083329997491,9.331894001661567,5.089695001515793,5.486094996740576,20.599292332917685
0,1503,28596.434357426,28596.434629818,28596.434871736,28596.44506056,28596.445118968,28596.450842138,0.27239200062467717,0.24191800184780732,0.5143100024724845,10.1888239987602,0.05840800076839514,5.723170001147082,16.48471200314816
0,1504,28596.467690759335,28596.467970953,28596.468217039,28596.478327001,28596.478434363,28596.484209718,0.2801936643663794,0.24608600142528303,0.5262796657916624,10.109962000569794,0.10736200056271628,5.775354999059346,16.51895866598352
0,1505,28596.501024092668,28596.501297645,28596.501951251,28596.511251487,28596.516392385,28596.521907137,0.27355233396519907,0.6536059991049115,0.9271583330701105,9.300236000854056,5.140897999808658,5.514751999726286,20.88304433345911
0,1506,28596.534357426,28596.534653976,28596.534912894,28596.545099033,28596.545209699,28596.551022092,0.2965499988931697,0.25891800032695755,0.5554679992201272,10.186138999415562,0.11066600200138055,5.812392999359872,16.66466599999694
0,1507,28596.567690759333,28596.567777962,28596.567994018,28596.577502089,28596.577555719,28596.583393242,0.08720266487216577,0.2160560034099035,0.30325866828206927,9.508070997981122,0.05362999945646152,5.837523000082001,15.702482665801654
0,1508,28596.601024092666,28596.60132195,28596.601382756,28596.610632066,28596.610678057,28596.616451403,0.29785733204334974,0.06080599996494129,0.35866333200829104,9.249310001905542,0.0459910006611608,5.773345998022705,15.427310332597699
0,1509,28596.634357426,28596.634637984,28596.634881356,28596.645050486,28596.645105865,28596.65092048,0.280558000667952,0.24337200011359528,0.5239300007815473,10.169130000576843,0.05537899778573774,5.814615000417689,16.563053999561816
0,1510,28596.667690759332,28596.667936397,28596.668159056,28596.678254065,28596.678310722,28596.687304642,0.24563766783103347,0.22265900042839348,0.46829666825942695,10.095008998177946,0.05665700155077502,8.993920000648359,19.613882668636506
0,1511,28596.701024092665,28596.701137635,28596.701365219,28596.711420487,28596.711473285,28596.717373696,0.11354233356541954,0.22758400154998526,0.3411263351154048,10.055268001451623,0.05279799734125845,5.900411000766326,16.34960333467461
0,1512,28596.734357426,28596.734432345,28596.73447143,28596.743673739,28596.743717406,28596.749572735,0.07491900032619014,0.03908500002580695,0.11400400035199709,9.202309000102105,0.04366699795355089,5.85532900004182,15.215308998449473
0,1513,28596.767690759334,28596.76776314,28596.76796978,28596.778036966,28596.778143493,28596.78409261,0.07238066609716043,0.20664000112446956,0.27902066722163,10.067185998195782,0.10652700075297616,5.949116999545367,16.401850665715756
0,1514,28596.801024092667,28596.801296611,28596.80153827,28596.811598122,28596.81165265,28596.818682512,0.27251833307673223,0.24165899958461523,0.5141773326613475,10.05985200026771,0.054528001783182845,7.029861997580156,17.658419332292397
0,1515,28596.834357426,28596.834620887,28596.83471135,28596.844254959,28596.844313413,28596.850140186,0.26346099912188947,0.09046299965120852,0.353923998773098,9.543609001411824,0.05845399937243201,5.82677300189971,15.782760001457063
0,1516,28596.867690759333,28596.867769403,28596.867972302,28596.877500253,28596.87755617,28596.883383795,0.07864366853027605,0.20289899839553982,0.28154266692581587,9.527950998744927,0.055917000281624496,5.827625001984416,15.693035667936783
0,1517,28596.901024092665,28596.901297625,28596.901522478,28596.91158607,28596.911700025,28596.917661836,0.2735323359956965,0.22485299996333197,0.49838533595902845,10.06359199891449,0.11395500041544437,5.9618109989969525,16.637743334285915
0,1518,28596.934357426,28596.934621975,28596.934845513,28596.94498444,28596.945042116,28596.951000778,0.2645490021677688,0.22353799795382656,0.48808700012159534,10.13892700211727,0.05767599941464141,5.958662000921322,16.64335200257483
0,1519,28596.967690759335,28596.967953046,28596.968169345,28596.978260585,28596.97837554,28596.984285239,0.2622866668389179,0.21629899856634438,0.47858566540526226,10.091240001202095,0.11495499711600132,5.909699000767432,16.59447966449079
0,1520,28597.001024092668,28597.001288045,28597.001510436,28597.011601787,28597.011655519,28597.0175897,0.26395233362563886,0.22239099780563265,0.4863433314312715,10.091350999573478,0.053732001106254756,5.934181001066463,16.565607333177468
0,1521,28597.034357426,28597.034625303,28597.034880128,28597.045052286,28597.045110564,28597.051149486,0.2678769997146446,0.25482500132056884,0.5227020010352135,10.17215799947735,0.05827799759572372,6.038922001607716,16.792059999716002
0,1522,28597.067690759333,28597.067969301,28597.068229821,28597.078357681,28597.078468368,28597.084469401,0.27854166546603665,0.2605200024845544,0.5390616679505911,10.127859997737687,0.11068700041505508,6.001033001666656,16.77864166776999
0,1523,28597.101024092666,28597.10110076,28597.10130677,28597.11137763,28597.111489298,28597.117589721,0.07666733290534467,0.20601000142050907,0.28267733432585374,10.070860000269022,0.1116679995902814,6.100423001043964,16.56562833522912
0,1524,28597.134357426,28597.134640739,28597.134867333,28597.145022592,28597.14514188,28597.151292126,0.2833130020007957,0.2265939983772114,0.5099070003780071,10.15525900220382,0.11928799722227268,6.1502460011979565,16.934700001002057
0,1525,28597.167690759332,28597.167952449,28597.168174793,28597.178291736,28597.17842132,28597.184608225,0.2616896672407165,0.22234400239540264,0.48403366963611916,10.116942998138256,0.12958400111529045,6.186905000504339,16.917465669394005
0,1526,28597.201024092665,28597.201297529,28597.201538401,28597.211630151,28597.211685817,28597.217882259,0.27343633701093495,0.2408719992672559,0.5143083362781908,10.091749998537125,0.05566600157180801,6.196441998326918,16.858166334714042
0,1527,28597.234357426,28597.23460673,28597.234857277,28597.245056851,28597.245169149,28597.251408257,0.24930399740696885,0.2505470001779031,0.49985099758487195,10.19957400058047,0.11229799929424189,6.239108002773719,17.050831000233302
0,1528,28597.267690759334,28597.267765994,28597.267976903,28597.278081763,28597.278205486,28597.284521372,0.07523466410930268,0.21090900190756656,0.28614366601686925,10.104860000865301,0.12372299897833727,6.3158859993563965,16.830612665216904
0,1529,28597.301024092667,28597.301290204,28597.301531364,28597.311606205,28597.311669103,28597.317951092,0.2661113321664743,0.2411599998595193,0.5072713320259936,10.074841000459855,0.06289800148806535,6.281989000854082,16.926999334827997
0,1530,28597.334357426,28597.334632822,28597.334874148,28597.345011472,28597.345128686,28597.35136697,0.2753959997789934,0.2413260008324869,0.5167220006114803,10.137323999515502,0.11721400005626492,6.238284000573913,17.00954400075716
0,1531,28597.367690759333,28597.367968496,28597.368216451,28597.378310526,28597.378419794,28597.384681357,0.2777366680675186,0.24795499848551117,0.5256916665530298,10.094075001688907,0.10926799950539134,6.261563001316972,16.9905976690643
0,1532,28597.401024092665,28597.401306911,28597.401551172,28597.411636069,28597.411690894,28597.418045393,0.282818335108459,0.24426099844276905,0.527079333551228,10.084896999615012,0.054825002735015005,6.354498997097835,17.02130033299909
0,1533,28597.434357426,28597.434636604,28597.434894522,28597.445024856,28597.445079198,28597.4513669,0.2791780025290791,0.2579179999884218,0.5370960025175009,10.130333997949492,0.054342002840712667,6.287701999099227,17.009474002406932
0,1534,28597.467690759335,28597.46796876,28597.468213872,28597.478283557,28597.478336826,28597.484690926,0.27800066527561285,0.24511200172128156,0.5231126669968944,10.06968499859795,0.053268999181455,6.354100001772167,17.000166666548466
0,1535,28597.501024092668,28597.501099997,28597.501307943,28597.511350656,28597.511479424,28597.51781745,0.0759043323341757,0.20794599913642742,0.2838503314706031,10.042713001894299,0.12876799883088097,6.338025999866659,16.793357332062442
0,1536,28597.534357426,28597.534619033,28597.534841711,28597.545036109,28597.548518583,28597.554553912,0.26160699781030416,0.22267800159170292,0.4842849994020071,10.19439800074906,3.482473999611102,6.0353289991326164,20.196485998894786
0,1537,28597.567690759333,28597.567775318,28597.567988541,28597.578106365,28597.578218578,28597.58452378,0.08455866554868408,0.21322300017345697,0.29778166572214104,10.117824000190012,0.112213001557393,6.305201997747645,16.83302066521719
0,1538,28597.601024092666,28597.601299298,28597.601545661,28597.611613689,28597.611725698,28597.618003206,0.27520533330971375,0.2463630007696338,0.5215683340793476,10.068028001114726,0.11200899825780652,6.277508000493981,16.97911333394586
0,1539,28597.634357426,28597.634627547,28597.63485502,28597.645096484,28597.645211975,28597.651489195,0.2701209996303078,0.22747299954062328,0.49759399917093106,10.241464002319844,0.11549099872354418,6.2772199999017175,17.131769000116037
0,1540,28597.667690759332,28597.667803748,28597.668039008,28597.678172546,28597.678227259,28597.688244434,0.11298866957076825,0.2352599985897541,0.34824866816052236,10.133537998626707,0.05471300028148107,10.017175001848955,20.553674668917665
0,1541,28597.701024092665,28597.701128996,28597.701743564,28597.711022328,28597.716335329,28597.721695332,0.10490333443158306,0.6145680017652921,0.7194713361968752,9.278763998736395,5.313001001923112,5.360002996894764,20.671239333751146
0,1542,28597.734357426,28597.734434595,28597.734653162,28597.744813328,28597.744930987,28597.750562231,0.07716899926890619,0.21856699822819792,0.2957359974971041,10.160166002606275,0.11765899762394838,5.631243999232538,16.204804996959865
0,1543,28597.767690759334,28597.767959196,28597.768208606,28597.778296522,28597.778351624,28597.783929711,0.2684366663743276,0.24941000083344989,0.5178466672077775,10.08791599815595,0.055102002079365775,5.578086998866638,16.23895166630973
0,1544,28597.801024092667,28597.801318713,28597.801565975,28597.811680641,28597.811794308,28597.81746408,0.2946203312603757,0.24726200354052708,0.5418823348009028,10.114665998116834,0.11366699982318096,5.669771999237128,16.439987331978045
0,1545,28597.834357426,28597.834627313,28597.83485298,28597.844986851,28597.845064953,28597.85068316,0.26988700119545683,0.22566699772141874,0.49555399891687557,10.133871001016814,0.07810199895175174,5.618207000225084,16.325733999110525
0,1546,28597.867690759333,28597.867953513,28597.868625007,28597.877952874,28597.882896123,28597.88825955,0.26275366690242663,0.6714939991070423,0.934247666009469,9.327867002866697,4.943248997733463,5.363427000702359,20.568790667311987
0,1547,28597.901024092665,28597.901101833,28597.901302566,28597.910841395,28597.910897045,28597.916445908,0.07774033292662352,0.20073300038347952,0.27847333331010304,9.538829002849525,0.055649998103035614,5.548862998693949,15.421815332956612
0,1548,28597.934357426,28597.934628313,28597.934873647,28597.945006203,28597.945062712,28597.95070965,0.2708870015339926,0.2453339984640479,0.5162209999980405,10.132556002645288,0.05650899765896611,5.64693799969973,16.352224000002025
0,1549,28597.967690759335,28597.96779817,28597.967858799,28597.977119424,28597.977170711,28597.982745668,0.10741066580521874,0.06062899774406105,0.1680396635492798,9.260625000024447,0.051287002861499786,5.574956998316338,15.054908664751565
0,1550,28598.001024092668,28598.001295269,28598.001532039,28598.011608529,28598.011664844,28598.017385515,0.2711763336264994,0.23676999990129843,0.5079463335277978,10.076489998027682,0.056315002439077944,5.720670997106936,16.361422331101494
0,1551,28598.034357426,28598.034634479,28598.034880405,28598.045049665,28598.04510924,28598.050797965,0.2770530009001959,0.24592599947936833,0.5229790003795642,10.169260000111535,0.059574998886091635,5.6887249993451405,16.44053899872233
0,1552,28598.067690759333,28598.0679618,28598.068204865,28598.077722445,28598.077777669,28598.083323282,0.27104066612082534,0.24306500199600123,0.5141056681168266,9.517579997918801,0.055224001698661596,5.545612999412697,15.632522667146986
0,1553,28598.101024092666,28598.1013149,28598.101574994,28598.111055676,28598.111111824,28598.116639095,0.2908073329308536,0.2600940024422016,0.5509013353730552,9.480681997956708,0.0561480010219384,5.527270997845335,15.615002332197037
0,1554,28598.134357426,28598.134433277,28598.134637324,28598.14476925,28598.14482688,28598.150440245,0.07585099956486374,0.2040470026258845,0.27989800219074823,10.131925999303348,0.05763000081060454,5.613364999589976,16.082819001894677
0,1555,28598.167690759332,28598.167959822,28598.168206212,28598.178323472,28598.178435129,28598.18414329,0.2690626679395791,0.24639000184834003,0.5154526697879191,10.117259997059591,0.11165700198034756,5.708160999347456,16.452530668175314
0,1556,28598.201024092665,28598.201317376,28598.201564868,28598.211654062,28598.211708007,28598.217232371,0.2932833340310026,0.24749200019869022,0.5407753342296928,10.089194001920987,0.05394499748945236,5.524364001757931,16.208278335398063
0,1557,28598.234357426,28598.234634364,28598.234877181,28598.245351164,28598.24549123,28598.251415855,0.27693799711414613,0.2428170009807218,0.5197549980948679,10.473983002157183,0.1400660003127996,5.924624998442596,17.058428999007447
0,1558,28598.267690759334,28598.26796752,28598.268207326,28598.278425068,28598.278481486,28598.28450213,0.27676066747517325,0.23980599871720187,0.5165666661923751,10.217742001259467,0.05641799725708552,6.020644003001507,16.811370667710435
0,1559,28598.301024092667,28598.301305333,28598.301555066,28598.311782788,28598.311900521,28598.318032333,0.2812403326970525,0.24973299878183752,0.53097333147889,10.227722003037343,0.11773299775086343,6.131812002422521,17.008240334689617
0,1560,28598.334357426,28598.334456154,28598.334672378,28598.345045472,28598.35117407,28598.357102001,0.09872800001176074,0.21622400163323618,0.3149520016449969,10.373093999078264,6.128598000941565,5.927930997131625,22.744574998796452
0,1561,28598.367690759333,28598.367966023,28598.368213192,28598.378419405,28598.378478767,28598.3847542,0.27526366829988547,0.24716899861232378,0.5224326669122092,10.206212999037234,0.05936200250289403,6.275432999245822,17.06344066769816
0,1562,28598.401024092665,28598.401290512,28598.401982803,28598.411328976,28598.416828497,28598.422745492,0.2664193343662191,0.6922909997228999,0.958710334089119,9.346172999357805,5.4995210011838935,5.916995000006864,21.72139933463768
0,1563,28598.434357426,28598.434641178,28598.434892411,28598.445251023,28598.45141602,28598.457229375,0.28375200054142624,0.25123300292761996,0.5349850034690462,10.358611998526612,6.164997001178563,5.813354997371789,22.87194900054601
0,1564,28598.467690759335,28598.467960656,28598.468035333,28598.477331198,28598.477382495,28598.483552103,0.26989666366716847,0.0746770019759424,0.34457366564311087,9.295864998421166,0.051297000027261674,6.169608001073357,15.861343665164895
0,1565,28598.501024092668,28598.501314838,28598.501544478,28598.511710274,28598.511824646,28598.51795504,0.2907453308580443,0.22964000163483433,0.5203853324928787,10.165796000364935,0.11437200009822845,6.13039399831905,16.930947331275092
0,1566,28598.534357426,28598.534431954,28598.534638289,28598.544878372,28598.544933187,28598.55112461,0.07452800127794035,0.2063349966192618,0.28086299789720215,10.24008300009882,0.05481500193127431,6.191422999108909,16.767183999036206
0,1567,28598.567690759333,28598.567770646,28598.567988582,28598.578197758,28598.578254814,28598.584469885,0.07988666766323149,0.21793599808006547,0.29782266574329697,10.209176001808373,0.05705600051442161,6.2150710000423715,16.779125668108463
0,1568,28598.601024092666,28598.601304263,28598.6019856,28598.611380439,28598.616794885,28598.622742705,0.2801703340082895,0.6813369982410222,0.9615073322493117,9.394839002197841,5.414446000941098,5.9478199982549995,21.71861233364325
0,1569,28598.634357426,28598.634628177,28598.634859141,28598.645100262,28598.645154938,28598.651258814,0.27075099933426827,0.23096400036592968,0.501714999700198,10.241121002763975,0.05467599839903414,6.103875999542652,16.90138800040586
0,1570,28598.667690759332,28598.667807793,28598.668114647,28598.678323045,28598.678438943,28598.686931907,0.11703366908477619,0.30685399906360544,0.42388766814838164,10.208397998212604,0.11589800124056637,8.492963999742642,19.241147667344194
0,1571,28598.701024092665,28598.701131355,28598.701363643,28598.711516162,28598.711569579,28598.718024856,0.10726233449531719,0.23228799909702502,0.3395503335923422,10.152519000257598,0.05341700307326391,6.455276998167392,17.000763335090596
0,1572,28598.734357426,28598.734434261,28598.734667049,28598.744976791,28598.745035458,28598.751130668,0.07683500007260591,0.2327879992662929,0.3096229993388988,10.309741999662947,0.05866699939360842,6.095209999330109,16.773241997725563
0,1573,28598.767690759334,28598.76796314,28598.768724338,28598.778109936,28598.783848764,28598.789997872,0.27238066468271427,0.7611979999637697,1.033578664646484,9.385598001244944,5.7388280001759995,6.149108001409331,22.30711266747676
0,1574,28598.801024092667,28598.801117091,28598.801331833,28598.811623176,28598.81176864,28598.818256389,0.09299833254772238,0.21474200184457004,0.3077403343922924,10.291342998243636,0.145464000524953,6.487749000370968,17.23229633353185
0,1575,28598.834357426,28598.834625774,28598.834858952,28598.845224389,28598.845351102,28598.851755007,0.2683480015548412,0.23317799787037075,0.5015259994252119,10.365436999563826,0.12671300282818265,6.403904997569043,17.397580999386264
0,1576,28598.867690759333,28598.86796068,28598.868188274,28598.878450729,28598.878507331,28598.884952866,0.26992066705133766,0.22759399871574715,0.4975146657670848,10.262455001793569,0.0566019989491906,6.445535000239033,17.262106666748878
0,1577,28598.901024092665,28598.901312169,28598.902022562,28598.91139003,28598.917084571,28598.923100965,0.2880763349821791,0.7103930001903791,0.9984693351725582,9.367467999254586,5.69454099968425,6.016393999743741,22.076872333855135
0,1578,28598.934357426,28598.934637566,28598.935354838,28598.944739186,28598.950551755,28598.956758428,0.28014000054099597,0.7172719997470267,0.9974120002880227,9.384348002640763,5.812568997498602,6.20667300245259,22.401002002879977
0,1579,28598.967690759335,28598.967967277,28598.968204019,28598.978574066,28598.985040166,28598.991111802,0.27651766504277475,0.23674199837842025,0.513259663421195,10.370047002652427,6.466099999670405,6.071635998523561,23.42104266426759
0,1580,28599.001024092668,28599.001099801,28599.001311719,28599.011578979,28599.011701637,28599.018269747,0.07570833258796483,0.21191799896769226,0.2876263315556571,10.26726000054623,0.12265799887245521,6.5681100022629835,17.245654333237326
0,1581,28599.034357426,28599.03463405,28599.034885589,28599.04451054,28599.044572087,28599.050923075,0.27662399952532724,0.25153900060104206,0.5281630001263693,9.624950998841086,0.06154700167826377,6.350987998303026,16.565648998948745
0,1582,28599.067690759333,28599.067968641,28599.068208597,28599.078509209,28599.078629802,28599.085056134,0.2778816669888329,0.23995599985937588,0.5178376668482088,10.300612000719411,0.12059299842803739,6.426332001865376,17.365374667861033
0,1583,28599.101024092666,28599.101297639,28599.101531742,28599.111809457,28599.111933393,28599.11837116,0.2735463349381462,0.2341029976378195,0.5076493325759657,10.277715002303012,0.12393599899951369,6.437766998715233,17.347067332593724
0,1584,28599.134357426,28599.134629304,28599.134859704,28599.1451679,28599.145316984,28599.151842491,0.2718780015129596,0.23040000087348744,0.502278002386447,10.308195996913128,0.14908400044078007,6.525507000333164,17.48506500007352
0,1585,28599.167690759332,28599.167965275,28599.168200026,28599.178506981,28599.178560574,28599.185040072,0.27451566711533815,0.2347510016988963,0.5092666688142344,10.306954998668516,0.053593001211993396,6.479497998952866,17.34931266764761
0,1586,28599.201024092665,28599.201099234,28599.201309662,28599.211558699,28599.211618134,28599.218158013,0.07514133540098555,0.21042799926362932,0.28556933466461487,10.249037000903627,0.059434998547658324,6.539879002957605,17.133920337073505
0,1587,28599.234357426,28599.234635315,28599.234886762,28599.244504313,28599.244562296,28599.250976007,0.27788899751612917,0.2514469997549895,0.5293359972711187,9.617551000701496,0.057983001170214266,6.413710998458555,16.618580997601384
0,1588,28599.267690759334,28599.267979118,28599.268239046,28599.278531814,28599.278660788,28599.285116563,0.28835866760346107,0.2599279978312552,0.5482866654347163,10.292768001818331,0.12897399938083254,6.455775001086295,17.425803667720174
0,1589,28599.301024092667,28599.301313902,28599.301568977,28599.311867821,28599.311927904,28599.318305142,0.28980933348066173,0.2550749995862134,0.5448843330668751,10.298844001226826,0.06008299897075631,6.3772379980946425,17.2810493313591
0,1590,28599.334357426,28599.33464126,28599.33489439,28599.345273456,28599.345337447,28599.351877816,0.2838340005837381,0.2531299978727475,0.5369639984564856,10.37906600322458,0.06399099947884679,6.540368998685153,17.520389999845065
0,1591,28599.367690759333,28599.367965108,28599.36819935,28599.378489406,28599.378545231,28599.384961645,0.2743486656981986,0.23424200117005967,0.5085906668682583,10.290056001394987,0.055824999435571954,6.41641399852233,17.270885666221147
0,1592,28599.401024092665,28599.401100011,28599.401807663,28599.411225039,28599.417072747,28599.423340484,0.0759183349146042,0.7076520014379639,0.7835703363525681,9.417375997145427,5.847708001965657,6.267737000598572,22.316391336062225
0,1593,28599.434357426,28599.43463262,28599.435365559,28599.444833676,28599.450424031,28599.456504499,0.27519400100572966,0.7329389991355129,1.0081330001412425,9.468117001233622,5.590355001913849,6.080467999709072,22.147073002997786
0,1594,28599.467690759335,28599.46797972,28599.468234017,28599.478581176,28599.478705816,28599.485240417,0.2889606657845434,0.2542969996284228,0.5432576654129662,10.347159000957618,0.12463999883038923,6.534601001476403,17.549657666677376
0,1595,28599.501024092668,28599.501311977,28599.501547886,28599.511813692,28599.511874063,28599.518365228,0.2878843333746772,0.23590899945702404,0.5237933328317013,10.265805998642463,0.06037099956301972,6.4911650006251875,17.34113533166237
0,1596,28599.534357426,28599.534636799,28599.534878162,28599.544499993,28599.544555446,28599.550889685,0.2793729981931392,0.24136300271493383,0.520736000908073,9.621830999094527,0.05545299791265279,6.334239002171671,16.532259000086924
0,1597,28599.567690759333,28599.567779324,28599.567998843,28599.578286188,28599.578403363,28599.584861177,0.08856466592988,0.2195189990743529,0.3080836650042329,10.287345001415815,0.1171750009234529,6.457814000896178,17.17041766823968
0,1598,28599.601024092666,28599.601297675,28599.601532686,28599.611775029,28599.611832678,28599.618374473,0.27358233273844235,0.23501100076828152,0.5085933335067239,10.242342999845278,0.05764900197391398,6.541794999066042,17.350380334391957
0,1599,28599.634357426,28599.634627396,28599.634861472,28599.64519537,28599.645255806,28599.651763805,0.26997000168194063,0.23407600019709207,0.5040460018790327,10.333898000681074,0.06043599933036603,6.50799899813137,17.406379000021843
0,1600,28599.667690759332,28599.667939542,28599.668165117,28599.678499396,28599.678622406,28599.685098821,0.248782667767955,0.225575000513345,0.4743576682813,10.334278998925583,0.12301000242587179,6.4764149974507745,17.40806166708353
0,1601,28599.701024092665,28599.701126113,28599.701805293,28599.711183956,28599.716570541,28599.722428157,0.10202033445239067,0.6791800005885307,0.7812003350409213,9.37866299864254,5.386585002270294,5.857616000866983,21.40406433682074
0,1602,28599.734357426,28599.734431445,28599.735103957,28599.744539704,28599.749877187,28599.755780257,0.07401899711112492,0.6725120001647156,0.7465309972758405,9.43574700067984,5.337483002222143,5.903069999476429,21.422830999654252
0,1603,28599.767690759334,28599.767758711,28599.768466122,28599.777879045,28599.783227074,28599.789101606,0.06795166700612754,0.7074109998939093,0.7753626669000369,9.412922998308204,5.348029000742827,5.874531998415478,21.410846664366545
0,1604,28599.801024092667,28599.801094404,28599.801746732,28599.811177514,28599.816594183,28599.822514864,0.07031133281998336,0.652327998977853,0.7226393317978363,9.430781999981264,5.416669002443086,5.920681000134209,21.490771334356396
0,1605,28599.834357426,28599.83463193,28599.835333128,28599.84483481,28599.850131404,28599.855862305,0.2745040001173038,0.7011980014794972,0.975702001596801,9.501681997790001,5.2965940012654755,5.730901000788435,21.504879001440713
0,1606,28599.867690759333,28599.867966149,28599.868207567,28599.878477104,28599.878535401,28599.884655388,0.2753896660578903,0.24141800167853944,0.5168076677364297,10.269537000567652,0.05829699875903316,6.119986999692628,16.964628666755743
0,1607,28599.901024092665,28599.901311729,28599.901580323,28599.911797545,28599.911851203,28599.918032042,0.2876363359973766,0.2685939980437979,0.5562303340411745,10.217221999482717,0.053658000979339704,6.180838998261606,17.007949332764838
0,1608,28599.934357426,28599.934433511,28599.934641994,28599.944884291,28599.944999532,28599.951216909,0.0760850016376935,0.20848300118814223,0.2845680028258357,10.242296997603262,0.11524100045789964,6.217377002030844,16.85948300291784
0,1609,28599.967690759335,28599.967965324,28599.968222984,28599.978530493,28599.978645707,28599.984771684,0.27456466341391206,0.25766000180738047,0.5322246652212925,10.307509000995196,0.11521399937919341,6.125977000920102,17.080924666515784
0,1610,28600.001024092668,28600.001295747,28600.001528831,28600.01177448,28600.011832194,28600.018090616,0.271654331299942,0.2330839997739531,0.5047383310738951,10.245649002172286,0.05771399810328148,6.2584219995187595,17.066523330868222
0,1611,28600.034357426,28600.034643855,28600.034901152,28600.045234376,28600.045365488,28600.051494187,0.28642899997066706,0.25729700064403005,0.5437260006146971,10.333223999623442,0.13111199950799346,6.128698998509208,17.13676099825534
0,1612,28600.067690759333,28600.067965073,28600.068759541,28600.078178741,28600.083653697,28600.089560831,0.2743136683420744,0.7944680000946391,1.0687816684367135,9.41919999968377,5.4749559967604,5.9071340001537465,21.87007166503463
0,1613,28600.101024092666,28600.10131234,28600.102029224,28600.111403609,28600.116779629,28600.122536467,0.28824733453802764,0.716883998393314,1.0051313329313416,9.374385001137853,5.376019998948323,5.756837999797426,21.512374332814943
0,1614,28600.134357426,28600.134434726,28600.134647375,28600.145053488,28600.151161522,28600.157033045,0.07729999924777076,0.21264900351525284,0.2899490027630236,10.406112996861339,6.1080340019543655,5.87152300067828,22.675619002257008
0,1615,28600.167690759332,28600.167972494,28600.168227319,28600.178577867,28600.184843568,28600.190515831,0.28173466853331774,0.25482500132056884,0.5365596698538866,10.350547996495152,6.2657010021212045,5.672262999723898,22.82507166819414
0,1616,28600.201024092665,28600.201317381,28600.201573484,28600.211877282,28600.211939041,28600.21813639,0.29328833625186235,0.2561029978096485,0.5493913340615109,10.303798000677489,0.06175900125526823,6.197349001013208,17.112297337007476
0,1617,28600.234357426,28600.234643888,28600.234896807,28600.245172455,28600.245233669,28600.251489222,0.2864620000764262,0.25291899873991497,0.5393809988163412,10.27564800097025,0.06121399928815663,6.255552998482017,17.131795997556765
0,1618,28600.267690759334,28600.267964544,28600.268203666,28600.278565592,28600.284713228,28600.290547668,0.27378466620575637,0.23912200049380772,0.5129066666995641,10.361926000769017,6.147635998786427,5.83443999857991,22.85690866483492
0,1619,28600.301024092667,28600.301303097,28600.301366829,28600.310682621,28600.310732927,28600.316773785,0.27900433269678615,0.06373200085363351,0.34273633355041966,9.31579199823318,0.05030600004829466,6.040858002961613,15.749692334793508
0,1620,28600.334357426,28600.334433993,28600.334645698,28600.344991671,28600.345118792,28600.351223724,0.07656700108782388,0.21170499894651584,0.2882720000343397,10.345973001676612,0.12712099851341918,6.104931999288965,16.866297999513336
0,1621,28600.367690759333,28600.367957798,28600.368195216,28600.378464448,28600.378520012,28600.384704222,0.2670386675163172,0.23741800032439642,0.5044566678407136,10.269231999700423,0.05556399992201477,6.184210000355961,17.013462667819113
0,1622,28600.401024092665,28600.401315767,28600.401552751,28600.411910401,28600.418142574,28600.423988809,0.2916743360401597,0.236983996728668,0.5286583327688277,10.357650000514695,6.232173000171315,5.8462350025365595,22.964716335991398
0,1623,28600.434357426,28600.43464646,28600.434901638,28600.445260565,28600.445405482,28600.4516051,0.28903400016133673,0.25517800168017857,0.5442120018415153,10.358927000197582,0.1449170013074763,6.199617997481255,17.24767400082783
0,1624,28600.467690759335,28600.46796069,28600.468194413,28600.478529989,28600.478595489,28600.484682393,0.26993066421709955,0.23372299983748235,0.5036536640545819,10.335576000215951,0.06550000034621917,6.086903998948401,16.991633663565153
0,1625,28600.501024092668,28600.501300429,28600.501532986,28600.51114302,28600.511198854,28600.517420795,0.2763363336271141,0.232556998525979,0.5088933321530931,9.610034001525491,0.0558339997951407,6.22194099923945,16.396702332713176
0,1626,28600.534357426,28600.534433203,28600.534641955,28600.54492478,28600.544978298,28600.551125647,0.07577699943794869,0.2087520006170962,0.2845290000550449,10.282824998284923,0.053518000640906394,6.147349002276314,16.76822100125719
0,1627,28600.567690759333,28600.56777059,28600.567982869,28600.578273194,28600.578331963,28600.584608387,0.07983066825545393,0.21227899924269877,0.2921096674981527,10.290325000823941,0.05876899740542285,6.276423999224789,16.917627664952306
0,1628,28600.601024092666,28600.601294366,28600.601526478,28600.611838461,28600.611965193,28600.618133022,0.27027333271689713,0.23211200095829554,0.5023853336751927,10.311983001884073,0.12673199671553448,6.167829000332858,17.10892933260766
0,1629,28600.634357426,28600.634629594,28600.634867642,28600.645220874,28600.645283245,28600.65161215,0.2721679993555881,0.2380480000283569,0.510215999383945,10.353232002671575,0.062371000240091234,6.328904997644713,17.254723999940325
0,1630,28600.667690759332,28600.667957277,28600.668183083,28600.678461259,28600.678521547,28600.684718868,0.2665176689333748,0.2258059976156801,0.4923236665490549,10.278176003339468,0.060287999076535925,6.19732099949033,17.02810866845539
0,1631,28600.701024092665,28600.701155754,28600.701396283,28600.711673857,28600.71178908,28600.718211652,0.1316613343078643,0.24052899971138686,0.37219033401925117,10.277574001520406,0.11522299973876216,6.422572001611115,17.187559336889535
0,1632,28600.734357426,28600.734434741,28600.734660964,28600.745067604,28600.751268869,28600.757122328,0.0773149986343924,0.226223000936443,0.3035379995708354,10.406639998109313,6.2012650014366955,5.853458998899441,22.764901998016285
0,1633,28600.767690759334,28600.767969516,28600.76822311,28600.778505407,28600.778569398,28600.784732738,0.27875666637555696,0.2535940002417192,0.5323506666172761,10.282297000230756,0.06399099947884679,6.16334000005736,17.04197866638424
0,1634,28600.801024092667,28600.801298773,28600.801531709,28600.811809533,28600.81193584,28600.817993243,0.27468033295008354,0.232935999520123,0.5076163324702065,10.277823999786051,0.1263070007553324,6.0574029994313605,16.96915033244295
0,1635,28600.834357426,28600.8346254,28600.834867225,28600.845274217,28600.850799794,28600.856565168,0.2679739991435781,0.24182500055758283,0.5097989997011609,10.40699200166273,5.525576998479664,5.765374000475276,22.20774200031883
0,1636,28600.867690759333,28600.86796673,28600.868201575,28600.878575299,28600.884738665,28600.890573734,0.27597066582529806,0.23484499979531392,0.510815665620612,10.373724002420204,6.163366000691894,5.835068997839699,22.88297466657241
0,1637,28600.901024092665,28600.901100719,28600.901312395,28600.911529813,28600.911584258,28600.917768986,0.07662633288418874,0.21167600061744452,0.28830233350163326,10.217417999228928,0.05444500129669905,6.184728001244366,16.744893335271627
0,1638,28600.934357426,28600.934640042,28600.934899719,28600.945395879,28600.951700201,28600.957707447,0.282616001641145,0.2596769991214387,0.5422930007625837,10.496160000911914,6.30432199977804,6.007246000081068,23.350021001533605
0,1639,28600.967690759335,28600.967966762,28600.968205811,28600.978667951,28600.984744771,28600.990617035,0.27600266548688523,0.23904900081106462,0.5150516662979499,10.462139998708153,6.076820001908345,5.872263998753624,22.926275665668072
0,1640,28601.001024092668,28601.001299464,28601.001533382,28601.011874041,28601.011994829,28601.018118779,0.27537133064470254,0.23391800277750008,0.5092893334222026,10.340658998757135,0.12078800136805512,6.123949999164324,17.094686332711717
0,1641,28601.034357426,28601.034625287,28601.035352217,28601.044774675,28601.050181354,28601.055981923,0.26786099988385104,0.7269300003827084,0.9947910002665594,9.422457998880418,5.4066789998614695,5.80056900071213,21.624496999720577
0,1642,28601.067690759333,28601.067969211,28601.068073739,28601.077718218,28601.077774486,28601.083781381,0.278451665508328,0.1045280005200766,0.3829796660284046,9.644478999689454,0.05626799975289032,6.006895000609802,16.09062166608055
0,1643,28601.101024092666,28601.101106726,28601.101321051,28601.111532635,28601.111585627,28601.117680715,0.08263333438662812,0.21432499852380715,0.2969583329104353,10.21158400180866,0.05299199983710423,6.095087999710813,16.656622334267013
0,1644,28601.134357426,28601.13464491,28601.134905143,28601.145354145,28601.151544614,28601.157356266,0.28748399927280843,0.26023300233646296,0.5477170016092714,10.449001998495078,6.190469001012389,5.8116520012845285,22.998840002401266
0,1645,28601.167690759332,28601.168023528,28601.168277771,28601.178670161,28601.184648712,28601.190501365,0.33276866815867834,0.2542430011089891,0.5870116692676675,10.392389998742146,5.9785509984067176,5.852653001056751,22.810605667473283
0,1646,28601.201024092665,28601.201300174,28601.201536564,28601.21177974,28601.211837112,28601.218047321,0.2760813367785886,0.23638999846298248,0.5124713352415711,10.243175998766674,0.05737200262956321,6.210208997799782,17.02322833443759
0,1647,28601.234357426,28601.234629255,28601.235347415,28601.244861718,28601.250162284,28601.255887889,0.2718289979384281,0.7181600012700073,0.9899889992084354,9.514303001196822,5.300565997458762,5.725605002226075,21.530463000090094
0,1648,28601.267690759334,28601.26798401,28601.268266364,28601.278588226,28601.278704244,28601.284954862,0.2932506649813149,0.28235400168341585,0.5756046666647308,10.321861998818349,0.11601799997151829,6.250618000194663,17.26410266564926
0,1649,28601.301024092667,28601.301099959,28601.301317284,28601.311517979,28601.311635276,28601.317771281,0.07586633364553563,0.21732499953941442,0.29319133318495005,10.200695000094129,0.11729700054274872,6.13600499855238,16.747188332374208
0,1650,28601.334357426,28601.334629318,28601.334864042,28601.345322331,28601.35149891,28601.357383359,0.2718920004554093,0.23472400062019005,0.5066160010755993,10.458288998052012,6.176579001476057,5.884449001314351,23.02593300191802
0,1651,28601.367690759333,28601.368030584,28601.368271715,28601.378704383,28601.384950213,28601.390753486,0.3398246662982274,0.24113100153044797,0.5809556678286754,10.432668001158163,6.245829998078989,5.803273001220077,23.062726668285904
0,1652,28601.401024092665,28601.401305553,28601.40154173,28601.411862962,28601.412031176,28601.418095987,0.2814603358274326,0.23617699844180606,0.5176373342692386,10.321231999114389,0.16821400276967324,6.064810997486347,17.071894333639648
0,1653,28601.434357426,28601.434649558,28601.434910208,28601.44538746,28601.451524225,28601.45740747,0.29213200105004944,0.26065000201924704,0.5527820030692965,10.477251998963766,6.136765001429012,5.883244997676229,23.050044001138303
0,1654,28601.467690759335,28601.467967843,28601.468048529,28601.477397525,28601.477446868,28601.483589957,0.2770836654235609,0.08068600072874688,0.35776966615230776,9.348995998152532,0.04934300159220584,6.143088998214807,15.899197664111853
0,1655,28601.501024092668,28601.501102063,28601.501157785,28601.510448781,28601.510496697,28601.516549499,0.07797033322276548,0.055721997341606766,0.13369233056437224,9.29099600034533,0.047916000767145306,6.052802000340307,15.525406332017155
0,1656,28601.534357426,28601.534653812,28601.534730294,28601.544369856,28601.544421921,28601.550440269,0.296385998808546,0.07648199971299618,0.3728679985215422,9.639562002121238,0.05206499918131158,6.018347998178797,16.08284299800289
0,1657,28601.567690759333,28601.567784207,28601.567828365,28601.577275555,28601.577322686,28601.583415858,0.0934476665861439,0.04415800140122883,0.13760566798737273,9.447189997445093,0.04713100133812986,6.093171999964397,15.725098666734993
0,1658,28601.601024092666,28601.601104585,28601.601180178,28601.610985416,28601.611043917,28601.617074099,0.08049233292695135,0.07559300138382241,0.15608533431077376,9.805237998079974,0.05850100205861963,6.0301819976302795,16.050006332079647
0,1659,28601.634357426,28601.634654454,28601.634716769,28601.644026422,28601.644107803,28601.650244966,0.2970280002045911,0.06231500083231367,0.35934300103690475,9.309652999945683,0.08138100020005368,6.137162999948487,15.887540001131129
0,1660,28601.667690759332,28601.667985582,28601.668259139,28601.678545918,28601.678777595,28601.690163176,0.2948226683656685,0.27355700149200857,0.5683796698576771,10.28677899739705,0.23167700055637397,11.385581001377432,22.472416669188533
0,1661,28601.701024092665,28601.701147061,28601.701379034,28601.711569035,28601.711674683,28601.717899709,0.12296833665459417,0.23197299742605537,0.35494133408064954,10.190001001319615,0.10564799958956428,6.225026001629885,16.875616336619714
0,1662,28601.734357426,28601.734437086,28601.734659161,28601.745077867,28601.751088262,28601.757203952,0.07965999975567684,0.22207499932846986,0.3017349990841467,10.418705998745281,6.010395001794677,6.115689997386653,22.846525997010758
0,1663,28601.767690759334,28601.767975539,28601.76823418,28601.778606431,28601.785216097,28601.791170796,0.28477966770878993,0.258640997344628,0.5434206650534179,10.372250999353128,6.60966600116808,5.954699001449626,23.48003666702425
0,1664,28601.801024092667,28601.801310148,28601.801543668,28601.81186091,28601.818162583,28601.823893402,0.28605533225345425,0.23352000062004663,0.5195753328735009,10.317241998563986,6.301673001871677,5.7308190007461235,22.869309334055288
0,1665,28601.834357426,28601.834479192,28601.83471561,28601.845073352,28601.845129991,28601.851270627,0.12176599921076559,0.23641799998586066,0.35818399919662625,10.357742001360748,0.05663900083163753,6.140636000054656,16.913201001443667
0,1666,28601.867690759333,28601.867766773,28601.868495656,28601.877891884,28601.883941029,28601.889959404,0.07601366814924404,0.7288829983735923,0.8048966665228363,9.396228000696283,6.049144998542033,6.018375002895482,22.268644668656634
0,1667,28601.901024092665,28601.901311244,28601.901637931,28601.911966128,28601.918132171,28601.923962138,0.28715133521473035,0.3266870007792022,0.6138383359939326,10.328196996852057,6.166043000121135,5.829967001773184,22.93804533474031
0,1668,28601.934357426,28601.934644835,28601.934891762,28601.945272393,28601.945400626,28601.951531696,0.28740900233970024,0.24692700026207604,0.5343360026017763,10.38063099986175,0.12823299766751006,6.1310700002650265,17.174270000396064
0,1669,28601.967690759335,28601.967994101,28601.968271139,28601.97856151,28601.978808039,28601.985144898,0.30334166513057426,0.2770380015135743,0.5803796666441485,10.290370999427978,0.2465289981046226,6.336859001748962,17.45413866592571
0,1670,28602.001024092668,28602.001298338,28602.001529042,28602.011860349,28602.011977109,28602.018324487,0.27424533254816197,0.23070400129654445,0.5049493338447064,10.331306999432854,0.11675999849103391,6.34737799919094,17.300394330959534
0,1671,28602.034357426,28602.034658946,28602.034894141,28602.045421477,28602.045482236,28602.051206036,0.3015199981746264,0.2351950024603866,0.536715000635013,10.527335998631315,0.060759000916732475,5.723800000851043,16.848610001034103
0,1672,28602.067690759333,28602.067967054,28602.068199805,28602.078360101,28602.078414231,28602.084161679,0.27629466785583645,0.23275099738384597,0.5090456652396824,10.160296002140967,0.0541299996257294,5.7474479981465265,16.470919665152906
0,1673,28602.101024092666,28602.101099836,28602.101306866,28602.111464254,28602.111519421,28602.117193795,0.07574333358206786,0.2070299997285474,0.28277333331061527,10.157388001971412,0.055166998208733276,5.674373998772353,16.169702332263114
0,1674,28602.134357426,28602.13463938,28602.134894539,28602.145186086,28602.145309642,28602.150951821,0.2819540022755973,0.2551589968788903,0.5371129991544876,10.291547001543222,0.12355600119917654,5.642178999551106,16.594395001447992
0,1675,28602.167690759332,28602.167969145,28602.168205785,28602.178385461,28602.178442564,28602.184244465,0.27838566893478855,0.23664000036660582,0.5150256693013944,10.179675999097526,0.05710299956263043,5.801900999358622,16.553705667320173
0,1676,28602.201024092665,28602.201313291,28602.201570172,28602.211877442,28602.217609213,28602.222952688,0.2891983349400107,0.2568810014054179,0.5460793363454286,10.307270000339486,5.7317709979543,5.343475000699982,21.928595335339196
0,1677,28602.234357426,28602.23463003,28602.234857642,28602.245101133,28602.245212607,28602.250819229,0.27260400020168163,0.22761199943488464,0.5002159996365663,10.243491000437643,0.11147399709443562,5.606622002233053,16.461802999401698
0,1678,28602.267690759334,28602.2677676,28602.267985325,28602.278374641,28602.284107978,28602.289832444,0.07684066440560855,0.21772500258521177,0.2945656669908203,10.389315997599624,5.7333370023116,5.724465998355299,22.141684665257344
0,1679,28602.301024092667,28602.30133509,28602.301580389,28602.311832917,28602.312074955,28602.317987192,0.3109973331447691,0.2452990011079237,0.5562963342526928,10.252527998090954,0.24203800057875924,5.912237000302412,16.963099333224818
0,1680,28602.334357426,28602.334638441,28602.33487709,28602.345114147,28602.345360879,28602.351310597,0.28101499992772005,0.23864900140324607,0.5196640013309661,10.23705699844868,0.2467320009600371,5.949718000920257,16.95317100165994
0,1681,28602.367690759333,28602.367967902,28602.368209857,28602.378600978,28602.384858337,28602.390655554,0.2771426661638543,0.24195500009227544,0.5190976662561297,10.391121002612635,6.257359000301221,5.797216999781085,22.964794668951072
0,1682,28602.401024092665,28602.401307854,28602.401551781,28602.411768855,28602.412032921,28602.417901676,0.28376133559504524,0.24392699924646877,0.527688334841514,10.217073999228887,0.26406600227346644,5.86875499720918,16.877583333553048
0,1683,28602.434357426,28602.434655185,28602.434927011,28602.445258817,28602.44551043,28602.451197507,0.29775900111417286,0.27182600024389103,0.5695850013580639,10.33180599915795,0.2516130007279571,5.687077002221486,16.840081003465457
0,1684,28602.467690759335,28602.467994562,28602.468240258,28602.478507555,28602.478746779,28602.485032609,0.3038026661670301,0.24569599918322638,0.5494986653502565,10.267296998790698,0.23922400214360096,6.285830000706483,17.34184966699104
0,1685,28602.501024092668,28602.501102735,28602.501764294,28602.511161661,28602.516918905,28602.522471214,0.07864233339205384,0.6615589991270099,0.7402013325190637,9.39736700092908,5.757243998232298,5.55230900135939,21.44712133303983
0,1686,28602.534357426,28602.534637003,28602.535332229,28602.544776142,28602.550411229,28602.556686096,0.2795769978547469,0.6952260009711608,0.9748029988259077,9.443913000723114,5.635086999973282,6.274866998865036,22.32866999838734
0,1687,28602.567690759333,28602.567780361,28602.567996982,28602.57764248,28602.577899639,28602.584544128,0.08960166815086268,0.21662099970853887,0.30622266785940155,9.64549799755332,0.25715900119394064,6.6444889998820145,16.853368666488677
0,1688,28602.601024092666,28602.601309359,28602.60158561,28602.61188187,28602.612133371,28602.618633148,0.2852663346857298,0.2762509975582361,0.5615173322439659,10.29626000308781,0.2515009982744232,6.499776998680318,17.609055332286516
0,1689,28602.634357426,28602.634636439,28602.634872394,28602.645216627,28602.645273525,28602.65140066,0.27901300200028345,0.2359549980610609,0.5149680000613444,10.344233000068925,0.05689799945685081,6.127135002316209,17.04323400190333
0,1690,28602.667690759332,28602.667961833,28602.668190326,28602.678434159,28602.678491789,28602.688615678,0.27107366986456327,0.22849299784866162,0.4995666677132249,10.24383299954934,0.05763000081060454,10.123888998350594,20.924918666423764
0,1691,28602.701024092665,28602.701145635,28602.701384322,28602.711728628,28602.718094737,28602.723972779,0.12154233627370559,0.23868700009188615,0.36022933636559173,10.344305999751668,6.366108998918207,5.878042000404093,22.94868633543956
0,1692,28602.734357426,28602.734436826,28602.734656448,28602.744404973,28602.744654317,28602.751210631,0.0793999970483128,0.2196220011683181,0.2990219982166309,9.7485250007594,0.24934400062193163,6.556313997862162,16.853204997460125
0,1693,28602.767690759334,28602.767759795,28602.767991287,28602.778383029,28602.785097657,28602.791180145,0.06903566463734023,0.23149200205807574,0.300527666695416,10.391741998319048,6.714628001645906,6.082487998355646,23.489385665016016
0,1694,28602.801024092667,28602.801310616,28602.801572174,28602.811840822,28602.812118212,28602.818574859,0.28652333276113495,0.26155800151173025,0.5480813342728652,10.2686479986005,0.27739000142901205,6.456646999140503,17.55076633344288
0,1695,28602.834357426,28602.834637503,28602.834877578,28602.845355368,28602.851678281,28602.857970539,0.28007700166199356,0.24007499814615585,0.5201519998081494,10.477790001459653,6.322912999166874,6.292258000030415,23.61311300046509
0,1696,28602.867690759333,28602.86796051,28602.868731996,28602.878148603,28602.884460841,28602.890627496,0.26975066793966107,0.7714860003034119,1.041236668243073,9.416606997547206,6.31223800155567,6.166654999105958,22.936736666451907
0,1697,28602.901024092665,28602.901327944,28602.902053124,28602.911425101,28602.917529347,28602.923487649,0.3038513350475114,0.7251799979712814,1.0290313330187928,9.371977001137566,6.104246000177227,5.9583020010904875,22.463556335424073
0,1698,28602.934357426,28602.93466721,28602.935368306,28602.944812007,28602.950251481,28602.956259042,0.30978400172898546,0.7010959998297039,1.0108800015586894,9.44370100114611,5.439474000013433,6.007560998114059,21.90161600083229
0,1699,28602.967690759335,28602.967980078,28602.968250395,28602.977877012,28602.97793318,28602.984106584,0.28931866472703405,0.27031699937651865,0.5596356641035527,9.626617000321858,0.05616799899144098,6.173404002765892,16.415824666182743
0,1700,28603.001024092668,28603.001101224,28603.001321716,28603.010943815,28603.011006056,28603.017291321,0.07713133163633756,0.22049200197216123,0.2976233336084988,9.62209899807931,0.06224100070539862,6.2852650007698685,16.267228333163075
0,1701,28603.034357426,28603.034625223,28603.034858169,28603.045277633,28603.051877354,28603.058138592,0.2677970005606767,0.2329460003238637,0.5007430008845404,10.41946399709559,6.5997210003843065,6.2612380024802405,23.781166000844678
0,1702,28603.067690759333,28603.067974646,28603.068232537,28603.078636557,28603.085186603,28603.091197173,0.28388666760292836,0.25789099890971556,0.5417776665126439,10.404019998532021,6.550046000484144,6.010569999489235,23.506413665018044
0,1703,28603.101024092666,28603.101310552,28603.101549443,28603.111830758,28603.112083935,28603.118550184,0.2864593334379606,0.23889099975349382,0.5253503331914544,10.281315000611357,0.2531770005589351,6.466249000368407,17.526091334730154
0,1704,28603.134357426,28603.134636838,28603.134907626,28603.145294905,28603.151920848,28603.158399681,0.27941200096393004,0.2707880012167152,0.5502000021806452,10.387278998678084,6.625942998653045,6.478833001892781,24.042255001404556
0,1705,28603.167690759332,28603.167767649,28603.167982594,28603.178244948,28603.178491578,28603.184891252,0.07688966798014008,0.21494500106200576,0.29183466904214583,10.262354000587948,0.24662999931024387,6.399673999112565,17.200492668052902
0,1706,28603.201024092665,28603.201292037,28603.201527695,28603.211776964,28603.21203005,28603.218522159,0.2679443350643851,0.23565800074720755,0.5036023358115926,10.249268998450134,0.2530860001570545,6.492109001555946,17.498066335974727
0,1707,28603.234357426,28603.234628248,28603.234858027,28603.245184871,28603.245431233,28603.251931982,0.2708219981286675,0.2297790015290957,0.5006009996577632,10.32684399979189,0.24636200032546185,6.500748997495975,17.57455599727109
0,1708,28603.267690759334,28603.267964533,28603.268212312,28603.278501702,28603.278745667,28603.285486185,0.2737736649578437,0.24777900034678169,0.5215526653046254,10.289390000252752,0.24396500157308765,6.740517997968709,17.795425665099174
0,1709,28603.301024092667,28603.30130591,28603.301549274,28603.311851015,28603.312110526,28603.318421708,0.2818173343257513,0.24336400019819848,0.5251813345239498,10.301741000148468,0.2595109981484711,6.311182001809357,17.397615334630245
0,1710,28603.334357426,28603.334633066,28603.334863057,28603.345323522,28603.351853808,28603.358231556,0.27563999901758507,0.22999100110610016,0.5056310001236852,10.460465000505792,6.530285998451291,6.37774800270563,23.874130001786398
0,1711,28603.367690759333,28603.367960433,28603.368237749,28603.378284999,28603.38468058,28603.390701788,0.26967366648023017,0.277316001302097,0.5469896677823272,10.0472499980242,6.395581000106176,6.02120800249395,23.011028668406652
0,1712,28603.401024092665,28603.401113576,28603.401329503,28603.411642958,28603.411879107,28603.418365893,0.0894833356142044,0.21592700068140402,0.30541033629560843,10.31345499723102,0.23614900055690669,6.486786001914879,17.341800335998414
0,1713,28603.434357426,28603.434622222,28603.434854269,28603.445223752,28603.445486856,28603.451873557,0.26479600273887627,0.23204699755297042,0.4968430002918467,10.369483003159985,0.26310399698559195,6.386701003066264,17.516131003503688
0,1714,28603.467690759335,28603.467982136,28603.468259498,28603.478641166,28603.485456889,28603.491536588,0.291376665700227,0.27736199990613386,0.5687386656063609,10.381667998444755,6.815723001636798,6.07969900011085,23.845828665798763
0,1715,28603.501024092668,28603.501314142,28603.50155318,28603.511917848,28603.518523837,28603.5244605,0.2900493309425656,0.23903800320113078,0.5290873341436964,10.364667999965604,6.605988997762324,5.936663001193665,23.43640733306529
0,1716,28603.534357426,28603.534631054,28603.534862038,28603.545195964,28603.545430225,28603.551969937,0.27362800028640777,0.23098399833543226,0.50461199862184,10.333926002203953,0.2342609986953903,6.539712001540465,17.612511001061648
0,1717,28603.567690759333,28603.567779097,28603.56799907,28603.578303062,28603.578553434,28603.584986655,0.08833766696625389,0.21997300063958392,0.3083106676058378,10.303991999535356,0.25037199884536676,6.433221002225764,17.295895668212324
0,1718,28603.601024092666,28603.601302901,28603.601550421,28603.611170817,28603.611423189,28603.617900622,0.2788083329505753,0.2475200017215684,0.5263283346721437,9.62039599835407,0.2523719995224383,6.477433002146427,16.87652933469508
0,1719,28603.634357426,28603.63448663,28603.634732946,28603.645155679,28603.65174328,28603.657987546,0.1292039996769745,0.24631600172142498,0.37552000139839947,10.42273300117813,6.5876009975909255,6.24426600188599,23.630120002053445
0,1720,28603.667690759332,28603.667958953,28603.668190806,28603.678464733,28603.67870504,28603.687655589,0.2681936675799079,0.23185300233308226,0.5000466699129902,10.273926996887894,0.2403070029686205,8.95054899956449,19.964829669333994
0,1721,28603.701024092665,28603.701152459,28603.701384238,28603.711576572,28603.711635453,28603.718056127,0.1283663368667476,0.2317789985681884,0.360145335434936,10.192334000748815,0.058880999858956784,6.420673998945858,17.032034334988566
0,1722,28603.734357426,28603.734435041,28603.734656181,28603.745022942,28603.751558977,28603.757842799,0.0776149972807616,0.22114000239525922,0.2987549996760208,10.366760998294922,6.536035001772689,6.283822000114014,23.485372999857645
0,1723,28603.767690759334,28603.767760168,28603.767972743,28603.778298902,28603.778534996,28603.784991532,0.06940866660443135,0.21257499975035898,0.28198366635479033,10.326159001124324,0.23609399795532227,6.45653600076912,17.300772666203557
0,1724,28603.801024092667,28603.801290436,28603.801536243,28603.811839836,28603.812103254,28603.818581772,0.26634333335096017,0.24580700119258836,0.5121503345435485,10.30359299693373,0.26341800185036846,6.478518000221811,17.55767933354946
0,1725,28603.834357426,28603.834629925,28603.834863963,28603.84522427,28603.845478531,28603.851877464,0.27249900085735135,0.2340379978704732,0.5065369987278245,10.360307001974434,0.2542609981901478,6.398933001037221,17.520037999929627
0,1726,28603.867690759333,28603.867961524,28603.868763862,28603.878343266,28603.883652027,28603.889279975,0.2707646672206465,0.8023379996302538,1.0731026668509003,9.579403998941416,5.308761003107065,5.627947997709271,21.589215666608652
0,1727,28603.901024092665,28603.901301207,28603.902011526,28603.911360059,28603.916990016,28603.922541584,0.27711433358490467,0.710319000063464,0.9874333336483687,9.34853299986571,5.62995700238389,5.551567999646068,21.517491335544037
0,1728,28603.934357426,28603.934635808,28603.934868735,28603.945085642,28603.945331135,28603.951029064,0.278382001852151,0.23292699916055426,0.5113090010127053,10.216907001449727,0.24549299996579066,5.697928998415591,16.671638000843814
0,1729,28603.967690759335,28603.967961851,28603.968189741,28603.978497445,28603.984530655,28603.990193713,0.27109166694572195,0.22788999922340736,0.4989816661691293,10.307704000297235,6.033210000168765,5.663058000209276,22.502953666844405
0,1730,28604.001024092668,28604.001121421,28604.001328209,28604.011501931,28604.011760664,28604.01747763,0.09732833132147789,0.20678800137829967,0.30411633269977756,10.173721999308327,0.2587330018286593,5.71696599945426,16.453537333291024
0,1731,28604.034357426,28604.03462052,28604.034846428,28604.045128365,28604.045375338,28604.051008767,0.26309399981983006,0.22590799926547334,0.4890019990853034,10.281937000399921,0.2469729988661129,5.633429002045887,16.651341000397224
0,1732,28604.067690759333,28604.067970998,28604.068218685,28604.078421268,28604.078665613,28604.08450283,0.2802386661642231,0.24768699950072914,0.5279256656649522,10.202583001955645,0.2443449993734248,5.8372169987706,16.812070665764622
0,1733,28604.101024092666,28604.101298236,28604.101541617,28604.111742848,28604.111983572,28604.117685093,0.27414333453634754,0.24338100047316402,0.5175243350095116,10.201230998063693,0.24072399901342578,5.701521000446519,16.66100033253315
0,1734,28604.134357426,28604.134634843,28604.134867298,28604.145123743,28604.145354078,28604.151243878,0.2774170025077183,0.23245499687618576,0.509871999383904,10.256445002596593,0.23033499746816233,5.889800002478296,16.886452001926955
0,1735,28604.167690759332,28604.167769015,28604.167972442,28604.17826984,28604.18454131,28604.19017236,0.07825566717656329,0.20342700008768588,0.2816826672642492,10.297397999238456,6.271470003412105,5.631049996736692,22.481600666651502
0,1736,28604.201024092665,28604.201298597,28604.201541949,28604.211718598,28604.211957284,28604.217862308,0.27450433481135406,0.2433520021440927,0.5178563369554467,10.176648997003213,0.2386859996477142,5.905024001549464,16.838215335155837
0,1737,28604.234357426,28604.234643956,28604.234896939,28604.245127661,28604.245368236,28604.251300066,0.28652999753830954,0.25298300170106813,0.5395129992393777,10.230722000414971,0.24057499831542373,5.931830000918126,16.9426399988879
0,1738,28604.267690759334,28604.267964564,28604.268191363,28604.278467845,28604.284928778,28604.290855866,0.27380466417525895,0.22679900212096982,0.5006036662962288,10.276482000335818,6.460933000198565,5.927087997406488,23.1651066642371
0,1739,28604.301024092667,28604.301301452,28604.301541277,28604.311819564,28604.312067168,28604.31797045,0.27735933326766826,0.2398249998805113,0.5171843331481796,10.27828700171085,0.24760399901424535,5.9032819990534335,16.94635733292671
0,1740,28604.334357426,28604.334649282,28604.334935682,28604.345199118,28604.345505787,28604.351405236,0.2918559985118918,0.28640000164159574,0.5782560001534875,10.263436000968795,0.3066690005653072,5.89944899911643,17.04781000080402
0,1741,28604.367690759333,28604.367964994,28604.368192643,28604.378367106,28604.378599376,28604.384784086,0.2742346659942996,0.22764900131733157,0.5018836673116311,10.17446300102165,0.23226999837788753,6.184710000525229,17.093326667236397
0,1742,28604.401024092665,28604.401100556,28604.401305149,28604.411480918,28604.4115404,28604.417322275,0.076463333243737,0.20459300139918923,0.28105633464292623,10.175768999033608,0.05948200123384595,5.781874999229331,16.29818233413971
0,1743,28604.434357426,28604.434629703,28604.434868482,28604.445089742,28604.445333641,28604.451321276,0.2722770004766062,0.2387790009379387,0.5110560014145449,10.2212599995255,0.2438990013615694,5.987634998746216,16.96385000104783
0,1744,28604.467690759335,28604.467961674,28604.468191304,28604.478365406,28604.478612351,28604.484993497,0.2709146647248417,0.22963000083109364,0.5005446655559354,10.174102000746643,0.24694499734323472,6.381146002240712,17.302737665886525
0,1745,28604.501024092668,28604.501320949,28604.501551829,28604.511710802,28604.511959692,28604.517991605,0.29685633126064204,0.23087999943527393,0.527736330695916,10.158973000216065,0.24889000269467942,6.031912998878397,16.967512332485057
0,1746,28604.534357426,28604.534633697,28604.534861439,28604.545148773,28604.545381238,28604.5514579,0.2762709991657175,0.22774199896957725,0.5040129981352948,10.287334000167903,0.23246500131790526,6.076662000850774,17.100474000471877
0,1747,28604.567690759333,28604.567779545,28604.567989964,28604.578345002,28604.584758195,28604.590610672,0.0887856658664532,0.21041900254203938,0.2992046684084926,10.355037997214822,6.413193001208128,5.852476999280043,22.919912666111486
0,1748,28604.601024092666,28604.601308276,28604.601556408,28604.611772131,28604.612032696,28604.618133054,0.28418333386071026,0.2481320007063914,0.5323153345671017,10.215722999419086,0.26056500064441934,6.100357997638639,17.108961332269246
0,1749,28604.634357426,28604.634636469,28604.634964304,28604.645110267,28604.645350945,28604.651404672,0.27904300077352673,0.32783500137156807,0.6068780021450948,10.145962998649338,0.24067800040938891,6.053727000107756,17.047246001311578
0,1750,28604.667690759332,28604.667956253,28604.668180782,28604.67839319,28604.678619729,28604.688633229,0.26549366884864867,0.22452899793279357,0.49002266678144224,10.212408000370488,0.22653899941360578,10.013500002969522,20.942469669535058
0,1751,28604.701024092665,28604.701160593,28604.701384752,28604.711510881,28604.71174316,28604.717765174,0.13650033361045644,0.22415900093619712,0.36065933454665355,10.126129000127548,0.23227900237543508,6.022013996698661,16.741081333748298
0,1752,28604.734357426,28604.734436275,28604.734651998,28604.74483673,28604.745080073,28604.751205654,0.07884899969212711,0.21572299738181755,0.29457199707394466,10.184732000197982,0.24334300178452395,6.1255809996509925,16.848227998707443
0,1753,28604.767690759334,28604.767966032,28604.768196616,28604.778387931,28604.778625877,28604.785013838,0.2752726650214754,0.23058400256559253,0.5058566675870679,10.19131499924697,0.23794599837856367,6.387961002474185,17.323078667686787
0,1754,28604.801024092667,28604.801099157,28604.801309751,28604.81151038,28604.811752743,28604.81809375,0.07506433394155465,0.2105940002365969,0.28565833417815156,10.20062899988261,0.24236299941549078,6.341006999718957,17.06965733319521
0,1755,28604.834357426,28604.834632756,28604.834786646,28604.845026035,28604.845279323,28604.851355856,0.27532999956747517,0.15388999963761307,0.42921999920508824,10.239389001071686,0.2532879989303183,6.076533001760254,16.998430000967346
0,1756,28604.867690759333,28604.867963189,28604.868041309,28604.877457481,28604.87769688,28604.883729163,0.2724296682572458,0.07811999967088923,0.350549667928135,9.416172000783263,0.2393989998381585,6.032282999512972,16.03840366806253
0,1757,28604.901024092665,28604.901118767,28604.901327407,28604.911621658,28604.918135175,28604.923648011,0.09467433483223431,0.20863999816356227,0.3033143329957966,10.294251002051169,6.513517000712454,5.51283599997987,22.62391833573929
0,1758,28604.934357426,28604.934629431,28604.93485972,28604.945117489,28604.94536512,28604.951393977,0.27200500335311517,0.23028899886412546,0.5022940022172406,10.257768997689709,0.24763100009295158,6.028857002092991,17.036551002092892
0,1759,28604.967690759335,28604.967968661,28604.968222773,28604.978506645,28604.978790211,28604.985089496,0.27790166495833546,0.25411200113012455,0.53201366608846,10.283871997671667,0.28356600159895606,6.299284999840893,17.398736665199976
0,1760,28605.001024092668,28605.00130252,28605.001544262,28605.01172978,28605.011978116,28605.018111297,0.27842733106808737,0.24174200007109903,0.5201693311391864,10.18551800007117,0.24833600036799908,6.133180999313481,17.087204330891836
0,1761,28605.034357426,28605.034640962,28605.034894093,28605.045108316,28605.045343188,28605.051486332,0.283535999187734,0.25313100195489824,0.5366670011426322,10.214222998911282,0.23487200087402016,6.143143997178413,17.128905998106347
0,1762,28605.067690759333,28605.067768802,28605.067979822,28605.0782281,28605.078471638,28605.084878155,0.07804266715538688,0.21102000027894974,0.2890626674343366,10.248277998471167,0.24353800108656287,6.4065170008689165,17.187395667860983
0,1763,28605.101024092666,28605.101299903,28605.101541552,28605.111782349,28605.11204185,28605.118314552,0.2758103328233119,0.24164900241885334,0.5174593352421653,10.240796997095458,0.25950100098270923,6.272702001297148,17.29045933461748
0,1764,28605.134357426,28605.134641576,28605.134892347,28605.145002022,28605.1507011,28605.156660614,0.2841500026988797,0.25077099780901335,0.534921000507893,10.109675000421703,5.699077999452129,5.959514001006028,22.303188001387753
0,1765,28605.167690759332,28605.167972621,28605.168081863,28605.177737776,28605.17799188,28605.184666314,0.2818616667354945,0.10924200250883587,0.3911036692443304,9.655912999733118,0.25410399757674895,6.674434000160545,16.975554666714743
0,1766,28605.201024092665,28605.201321471,28605.201584241,28605.211915983,28605.212150391,28605.218642826,0.2973783339257352,0.26277000142727047,0.5601483353530057,10.331741999834776,0.23440799850504845,6.492435000836849,17.61873333452968
0,1767,28605.234357426,28605.234627607,28605.23485147,28605.245219527,28605.245469844,28605.251948212,0.27018099717679434,0.2238630004285369,0.49404399760533124,10.368057002779096,0.25031699988176115,6.478367999079637,17.590785999345826
0,1768,28605.267690759334,28605.267960708,28605.268190903,28605.278463969,28605.278699563,28605.28549923,0.26994866493623704,0.23019500076770782,0.5001436657039449,10.273066000081599,0.2355940014240332,6.799667000450427,17.808470667660004
0,1769,28605.301024092667,28605.301112446,28605.301332437,28605.311592244,28605.311857986,28605.318355568,0.08835333210299723,0.2199910013587214,0.30834433346171863,10.2598070006934,0.26574199728202075,6.497582002339186,17.331475333776325
0,1770,28605.334357426,28605.334622249,28605.334852055,28605.344549054,28605.344806786,28605.351335405,0.2648230001796037,0.22980599896982312,0.4946289991494268,9.696999000880169,0.2577320010459516,6.528619000164326,16.977979001239873
0,1771,28605.367690759333,28605.367974079,28605.36823358,28605.378520989,28605.37880473,28605.38524509,0.28331966677797027,0.25950100098270923,0.5428206677606795,10.28740900073899,0.2837409992935136,6.440360000851797,17.55433066864498
0,1772,28605.401024092665,28605.401298326,28605.401528012,28605.411935532,28605.418725606,28605.424924464,0.2742333344940562,0.2296860002388712,0.5039193347329274,10.407519999716897,6.790073999582091,6.198858001880581,23.900371335912496
0,1773,28605.434357426,28605.434629063,28605.434859278,28605.445124194,28605.445362538,28605.451894704,0.271636999968905,0.23021500237518921,0.5018520023440942,10.264915999869118,0.23834400053601712,6.53216600039741,17.53727800314664
0,1774,28605.467690759335,28605.467767559,28605.467978791,28605.477693761,28605.477944781,28605.484720105,0.07679966438445263,0.2112319998559542,0.2880316642404068,9.714970001368783,0.25101999926846474,6.775324000045657,17.029345664923312
0,1775,28605.501024092668,28605.501299464,28605.501548826,28605.511788845,28605.512049588,28605.518637207,0.27537133064470254,0.24936200134106912,0.5247333319857717,10.240019000775646,0.2607429996714927,6.587618998310063,17.613114330742974
0,1776,28605.534357426,28605.534627645,28605.534856786,28605.545151888,28605.545383259,28605.551989657,0.2702189995034132,0.2291409982717596,0.4993599977751728,10.295102001691703,0.23137099924497306,6.60639800116769,17.63223099987954
0,1777,28605.567690759333,28605.567781067,28605.568577155,28605.577993753,28605.584169361,28605.590220746,0.09030766523210332,0.7960880029713735,0.8863956682034768,9.416597997187637,6.1756079994665924,6.051385000318987,22.529986665176693
0,1778,28605.601024092666,28605.601306048,28605.601552799,28605.611838003,28605.612081505,28605.618529003,0.2819553337758407,0.24675099848536775,0.5287063322612084,10.285203999956138,0.2435020032862667,6.447497999033658,17.50491033453727
0,1779,28605.634357426,28605.634630156,28605.634854,28605.644891232,28605.651221775,28605.657463078,0.27273000159766525,0.22384399926522747,0.4965740008628927,10.037232001195662,6.330542997602606,6.241303002752829,23.10565200241399
0,1780,28605.667690759332,28605.667965821,28605.668204544,28605.678585981,28605.688441804,28605.694722172,0.2750616695266217,0.23872299789218232,0.513784667418804,10.38143700134242,9.855822998360964,6.280368001171155,27.031412668293342
0,1781,28605.701024092665,28605.701146467,28605.70136556,28605.711396736,28605.717743363,28605.723727276,0.12237433475092985,0.21909299903200008,0.3414673337829299,10.03117599975667,6.346627000311855,5.983913000818575,22.70318333467003
0,1782,28605.734357426,28605.734438363,28605.734491937,28605.744136341,28605.744377269,28605.750935777,0.08093699943856336,0.053574000048683956,0.13451099948724732,9.644403999118367,0.24092799867503345,6.558508001035079,16.578350998315727
0,1783,28605.767690759334,28605.767759999,28605.768620458,28605.778046055,28605.784221654,28605.790540717,0.0692396642989479,0.8604590002505574,0.9296986645495053,9.425596999790287,6.1755990027450025,6.319062998954905,22.8499576660397
0,1784,28605.801024092667,28605.801293156,28605.801543796,28605.811797621,28605.812073623,28605.818389851,0.2690633336897008,0.2506399978301488,0.5197033315198496,10.253825003019301,0.27600199973676354,6.316227998468094,17.365758332744008
0,1785,28605.834357426,28605.834477829,28605.834568496,28605.844210225,28605.84446068,28605.850961031,0.12040300134685822,0.09066699931281619,0.2110700006596744,9.64172900057747,0.25045499933185056,6.500350998976501,16.603604999545496
0,1786,28605.867690759333,28605.867973541,28605.868052245,28605.877375574,28605.877650936,28605.884326464,0.2827816679200623,0.07870400077081285,0.3614856686908752,9.323328999016667,0.27536199922906235,6.675528002233477,16.63570466917008
0,1787,28605.901024092665,28605.901303076,28605.901393641,28605.911608308,28605.911851855,28605.918391715,0.2789833342831116,0.09056500130100176,0.3695483355841134,10.214666999672772,0.2435469978081528,6.539860001794295,17.367622334859334
0,1788,28605.934357426,28605.934630416,28605.934863751,28605.945175446,28605.94542367,28605.95180653,0.2729900006670505,0.2333350021217484,0.5063250027887989,10.31169499765383,0.24822400155244395,6.382859999575885,17.44910400157096
0,1789,28605.967690759335,28605.967962942,28605.968067304,28605.977681365,28605.97774857,28605.984109374,0.2721826640481595,0.10436199954710901,0.3765446635952685,9.614061000320362,0.06720500095980242,6.360803999996278,16.41861466487171
0,1790,28606.001024092668,28606.001298153,28606.001534006,28606.011550969,28606.017539242,28606.02365449,0.27406033404986374,0.23585300004924648,0.5099133340991102,10.016962998633971,5.988272998365574,6.115248001151485,22.63039733225014
0,1791,28606.034357426,28606.03443364,28606.035179978,28606.04456265,28606.050763758,28606.05683756,0.07621400072821416,0.7463379988621455,0.8225519995903596,9.382672000356251,6.201108000823297,6.0738020001736,22.480134000943508
0,1792,28606.067690759333,28606.067959723,28606.068219122,28606.078522586,28606.078765559,28606.085502485,0.2689636676223017,0.259398999332916,0.5283626669552177,10.303464001481188,0.24297299751196988,6.73692599957576,17.811725665524136
0,1793,28606.101024092666,28606.10133235,28606.101603639,28606.111886907,28606.112144473,28606.118534258,0.30825733483652584,0.2712889981921762,0.5795463330287021,10.28326800224022,0.257566000072984,6.3897849977365695,17.510165333078476
0,1794,28606.134357426,28606.134631865,28606.13472568,28606.144396686,28606.144655086,28606.151077168,0.2744390003499575,0.09381500058225356,0.36825400093221106,9.671005998825422,0.2583999994385522,6.422082002245588,16.719742001441773
0,1795,28606.167690759332,28606.167982065,28606.168261326,28606.178586946,28606.178842495,28606.185499577,0.2913056669058278,0.2792610030155629,0.5705666699213907,10.325619998184266,0.255548999120947,6.657082001765957,17.80881766899256
0,1796,28606.201024092665,28606.201308784,28606.201548711,28606.211841147,28606.212076259,28606.218525081,0.28469133394537494,0.23992700153030455,0.5246183354756795,10.292435999872396,0.235111998335924,6.448822001402732,17.50098833508673
0,1797,28606.234357426,28606.234434881,28606.234644373,28606.244952975,28606.24519605,28606.251655345,0.0774549989728257,0.20949199824826792,0.2869469972210936,10.308602002623957,0.24307499916176312,6.459295000240672,17.297918999247486
0,1798,28606.267690759334,28606.267959277,28606.268738272,28606.278220148,28606.28396741,28606.289846155,0.2685176659724675,0.77899499956402,1.0475126655364875,9.48187600079109,5.747261999204056,5.878744999790797,22.15539566532243
0,1799,28606.301024092667,28606.301344301,28606.301596367,28606.311963942,28606.312304778,28606.318658738,0.3202083316864446,0.2520660018490162,0.5722743335354608,10.367574999690987,0.34083599894074723,6.353960001433734,17.63464533360093
1,0,28546.334357426,28546.334463596,28546.334492013,28546.416203351,28546.416292565,28546.446750278,0.10616999861667864,0.02841700188582763,0.13458700050250627,81.71133799987729,0.08921400149120018,30.457712997304043,112.39285199917504
1,1,28546.367690759333,28546.367812085,28546.416263685,28546.432803461,28546.46132061,28546.465917449,0.12132566916989163,48.451599999680184,48.572925668850075,16.53977599926293,28.5171489995264,4.5968390004418325,98.22668966808124
1,2,28546.401024092665,28546.402505415,28546.432828813,28546.444328052,28546.470538494,28546.475309474,1.4813223351666238,30.323397997563006,31.80472033272963,11.499239000841044,26.210441999864997,4.770980001921998,74.28538133535767
1,3,28546.434357426,28546.435031881,28546.444346441,28546.454762489,28546.480130194,28546.484718656,0.6744550009898376,9.314560000348138,9.989015001337975,10.41604800047935,25.367704998643603,4.588462001265725,50.36123000172665
1,4,28546.467690759335,28546.467775052,28546.46782645,28546.478865669,28546.494500006,28546.499259838,0.08429266381426714,0.05139800123288296,0.1356906650471501,11.039218999940204,15.63433699993766,4.759832001582254,31.569078666507266
1,5,28546.501024092668,28546.501106662,28546.501127886,28546.510297362,28546.510514928,28546.515883772,0.08256933142547496,0.021224001102382317,0.10379333252785727,9.1694760012615,0.2175659974454902,5.368844002077822,14.85967933331267
1,6,28546.534357426,28546.534435181,28546.534690108,28546.544809275,28546.545025573,28546.549860368,0.07775500125717372,0.2549269993323833,0.332682000589557,10.119167000084417,0.21629799812217243,4.834794999624137,15.502941998420283
1,7,28546.567690759333,28546.567800587,28546.568051765,28546.578188516,28546.578248395,28546.582823875,0.10982766616507433,0.25117800032603554,0.3610056664911099,10.13675099966349,0.05987899930914864,4.575480001221877,15.133115666685626
1,8,28546.601024092666,28546.601113069,28546.601365774,28546.612429511,28546.617245464,28546.621554608,0.08897633233573288,0.2527050019125454,0.3416813342482783,11.06373699803953,4.815953001525486,4.309143998398213,20.530515332211507
1,9,28546.634357426,28546.634465568,28546.634492337,28546.643803305,28546.647219777,28546.651712571,0.10814200140885077,0.026769001124193892,0.13491100253304467,9.31096799831721,3.41647200184525,4.492793999816058,17.355145002511563
1,10,28546.667690759332,28546.667799892,28546.668071144,28546.67817156,28546.678389385,28546.683404783,0.10913266669376753,0.2712519999477081,0.38038466664147563,10.100416002387647,0.2178249997086823,5.015398000978166,15.71402366971597
1,11,28546.701024092665,28546.701116095,28546.701383596,28546.711535022,28546.71700159,28546.721844737,0.09200233398587443,0.26750100005301647,0.3595033340388909,10.151426002266817,5.466567999974359,4.843146998609882,20.82064433488995
1,12,28546.734357426,28546.734435788,28546.734708974,28546.744794188,28546.745062838,28546.750091403,0.07836199802113697,0.27318600041326135,0.3515479984343983,10.085213998536346,0.2686500010895543,5.028564999520313,15.733976997580612
1,13,28546.767690759334,28546.767771547,28546.768077077,28546.778267485,28546.783274559,28546.787762862,0.08078766768448986,0.3055299966945313,0.38631766437902115,10.190408000198659,5.007073999877321,4.488303002290195,20.072102666745195
1,14,28546.801024092667,28546.801105731,28546.801370789,28546.811373668,28546.811661087,28546.816611892,0.08163833263097331,0.2650579990586266,0.3466963316895999,10.002879000239773,0.2874189995054621,4.950805003318237,15.587799334753072
1,15,28546.834357426,28546.834439101,28546.83446163,28546.843668708,28546.843909321,28546.849093534,0.08167499981936999,0.02252899867016822,0.10420399848953821,9.20707800105447,0.2406130006420426,5.18421300148475,14.7361080016708
1,16,28546.867690759333,28546.867770832,28546.868406003,28546.877714702,28546.882674332,28546.887354265,0.08007266660570167,0.6351709998853039,0.7152436664910056,9.308699001849163,4.959629997756565,4.679933001170866,19.6635056672676
1,17,28546.901024092665,28546.901105934,28546.901737067,28546.911060091,28546.915716949,28546.920243687,0.08184133548638783,0.6311329998425208,0.7129743353289086,9.323023998149438,4.656858000089414,4.52673800100456,19.21959433457232
1,18,28546.934357426,28546.934438841,28546.935041242,28546.944583073,28546.949925676,28546.955086677,0.08141500074998476,0.6024009999237023,0.6838160006736871,9.541831001115497,5.342602999007795,5.161001001397381,20.72925100219436
1,19,28546.967690759335,28546.967772469,28546.967795598,28546.977137214,28546.977387679,28546.982922449,0.08170966611942276,0.023128999600885436,0.1048386657203082,9.341615997982444,0.25046500013559125,5.534769999940181,15.231689663778525
1,20,28547.001024092668,28547.001103087,28547.001128967,28547.010385212,28547.010628963,28547.016442365,0.07899433330749162,0.02587999915704131,0.10487433246453293,9.256245000869967,0.24375099746976048,5.813402000057977,15.418272330862237
1,21,28547.034357426,28547.034509585,28547.034786161,28547.04517457,28547.050881537,28547.055979481,0.15215899838949554,0.27657600003294647,0.428734998422442,10.388409002189292,5.706967000151053,5.0979439984075725,21.62205499917036
1,22,28547.067690759333,28547.067786601,28547.068069205,28547.078260891,28547.078502132,28547.084125848,0.09584166764398105,0.2826039999490604,0.37844566759304143,10.191686000325717,0.2412409994576592,5.6237159988086205,16.435088666185038
1,23,28547.101024092666,28547.101106405,28547.101368398,28547.111587833,28547.117355346,28547.122456356,0.08231233368860558,0.2619930019136518,0.3443053356022574,10.219434996542986,5.767513001046609,5.101009999634698,21.43226333282655
1,24,28547.134357426,28547.134434671,28547.134657561,28547.144832868,28547.145082165,28547.150924105,0.07724500028416514,0.22289000116870739,0.30013500145287253,10.175307001190959,0.249296997935744,5.841940001118928,16.566679001698503
1,25,28547.167690759332,28547.167825272,28547.168106366,28547.178349154,28547.184220121,28547.189450992,0.13451266931951977,0.28109399863751605,0.4156066679570358,10.24278800105094,5.870966997463256,5.230871000094339,21.76023266656557
1,26,28547.201024092665,28547.201111632,28547.201378031,28547.21154992,28547.211860311,28547.217670926,0.08753933434491046,0.2663990017026663,0.35393833604757674,10.171889000048395,0.3103909984929487,5.810614999063546,16.646833333652467
1,27,28547.234357426,28547.234502177,28547.234776345,28547.245034217,28547.250963935,28547.256471558,0.14475100033450872,0.2741680000326596,0.41891900036716834,10.257871999783674,5.92971799778752,5.507623001903994,22.114131999842357
1,28,28547.267690759334,28547.267778501,28547.26804902,28547.278239039,28547.278488726,28547.284441796,0.08774166417424567,0.2705190017877612,0.3582606659620069,10.190018998400774,0.24968700017780066,5.953070001851302,16.751036666391883
1,29,28547.301024092667,28547.301171935,28547.301443928,28547.311727965,28547.311961125,28547.317810981,0.14784233280806802,0.2719930016610306,0.4198353344690986,10.284036998200463,0.23316000078921206,5.84985599925858,16.786888332717353
1,30,28547.334357426,28547.334452647,28547.334476221,28547.343767689,28547.344017727,28547.349940112,0.09522099935566075,0.0235740008065477,0.11879500016220845,9.29146799899172,0.2500379996490665,5.9223850003036205,15.582685999106616
1,31,28547.367690759333,28547.367774508,28547.368061888,28547.378293631,28547.38480325,28547.390518263,0.0837486659293063,0.2873800003726501,0.3711286663019564,10.23174300280516,6.509618997370126,5.715013001463376,22.82750366794062
1,32,28547.401024092665,28547.401318101,28547.401594288,28547.411737483,28547.411973132,28547.418098268,0.2940083359135315,0.27618699823506176,0.5701953341485932,10.143194998818217,0.2356490003876388,6.125136002083309,17.074175335437758
1,33,28547.434357426,28547.434466071,28547.434726888,28547.445086556,28547.445332252,28547.451547045,0.1086450029106345,0.2608169997984078,0.3694620027090423,10.359667998272926,0.24569599918322638,6.214793000253849,17.189619000419043
1,34,28547.467690759335,28547.467770191,28547.46805596,28547.478292471,28547.478546046,28547.484659284,0.07943166565382853,0.2857689978554845,0.365200663509313,10.236511003313353,0.25357499907840975,6.113237999670673,16.96852466557175
1,35,28547.501024092668,28547.501162718,28547.50143797,28547.511541869,28547.517299131,28547.523131007,0.1386253316013608,0.2752520013018511,0.41387733290321194,10.103898999659577,5.757261998951435,5.831876002048375,22.1069143335626
1,36,28547.534357426,28547.53444293,28547.534708025,28547.544253383,28547.544308216,28547.550411528,0.08550399797968566,0.2650950009410735,0.3505989989207592,9.5453579997411,0.0548330026504118,6.103311996412231,16.0541019977245
1,37,28547.567690759333,28547.567827318,28547.568602425,28547.578118634,28547.583455109,28547.58949078,0.13655866496264935,0.7751070006634109,0.9116656656260602,9.516209000139497,5.336475001968211,6.0356709982443135,21.80002066597808
1,38,28547.601024092666,28547.601150993,28547.601904053,28547.611327281,28547.617700704,28547.623563727,0.12690033327089623,0.753060001443373,0.8799603347142693,9.423227998922812,6.3734229988767765,5.863023001438705,22.539634333952563
1,39,28547.634357426,28547.634470501,28547.634687187,28547.644961688,28547.651392093,28547.660416495,0.11307500244583935,0.21668599947588518,0.32976100192172453,10.274501000822056,6.430404999264283,9.024401999340625,26.05906900134869
1,40,28547.667690759332,28547.667809016,28547.66803499,28547.6779526,28547.68467411,28547.691033987,0.11825666661025025,0.2259740031149704,0.34423066972522065,9.917609997501131,6.721510002535069,6.359876999340486,23.343227669101907
1,41,28547.701024092665,28547.701116394,28547.701837166,28547.711419617,28547.717210538,28547.722974634,0.09230133582605049,0.7207720009319019,0.8130733367579523,9.582450999005232,5.790921000880189,5.764096000348218,21.95054133699159
1,42,28547.734357426,28547.7344428,28547.734707671,28547.744900505,28547.745147923,28547.75170258,0.08537399844499305,0.26487099967198446,0.3502449981169775,10.192834000918083,0.24741800007177517,6.554657000378938,17.345153999485774
1,43,28547.767690759334,28547.767771909,28547.768494793,28547.777974631,28547.784085119,28547.790016254,0.08114966476568952,0.7228840004245285,0.804033665190218,9.479838001425378,6.110488000558689,5.93113499780884,22.325494664983125
1,44,28547.801024092667,28547.801106574,28547.801793049,28547.811250879,28547.817528913,28547.823468372,0.08248133235611022,0.6864749993837904,0.7689563317399006,9.457830001338152,6.278034001297783,5.939458998909686,22.44427933328552
1,45,28547.834357426,28547.834439424,28547.835121808,28547.844499072,28547.85071494,28547.856676742,0.08199800140573643,0.6823839976277668,0.7643819990335032,9.377264002978336,6.215867997525493,5.961802002275363,22.319316001812695
1,46,28547.867690759333,28547.867767794,28547.868056629,28547.878235731,28547.878466112,28547.884996241,0.07703466690145433,0.28883499908261,0.36586966598406434,10.179102002439322,0.230380999710178,6.530128997837892,17.305481665971456
1,47,28547.901024092665,28547.901163339,28547.901923816,28547.911282895,28547.917335402,28547.923227397,0.13924633458373137,0.7604769998579286,0.89972333444166,9.359078998386394,6.052507000276819,5.891995002457406,22.20330433556228
1,48,28547.934357426,28547.93444794,28547.935132889,28547.944550163,28547.950603872,28547.956596517,0.09051400047610514,0.6849490018794313,0.7754630023555364,9.417273999133613,6.053708999388618,5.992645001242636,22.239091002120404
1,49,28547.967690759335,28547.967826042,28547.968539675,28547.977977274,28547.983912501,28547.990359806,0.13528266572393477,0.7136329986678902,0.848915664391825,9.43759900110308,5.935227000009036,6.447305000619963,22.669046666123904
1,50,28548.001024092668,28548.001113495,28548.001392117,28548.011590071,28548.011668951,28548.01804308,0.0894023323780857,0.27862199931405485,0.36802433169214055,10.197954001341714,0.07887999890954234,6.374128999595996,17.018987331539392
1,51,28548.034357426,28548.03448842,28548.035211239,28548.044637366,28548.050191229,28548.056170142,0.13099399802740663,0.7228190006571822,0.8538129986845888,9.426127002370777,5.553862996748649,5.978913002763875,21.81271600056789
1,52,28548.067690759333,28548.067779873,28548.068055569,28548.078219894,28548.078275218,28548.084825421,0.08911366603570059,0.27569600206334144,0.36480966809904203,10.164324998186203,0.055323998822132125,6.550203001097543,17.13466166620492
1,53,28548.101024092666,28548.101180003,28548.101459022,28548.111691302,28548.111924034,28548.118495209,0.15591033297823742,0.27901900102733634,0.43492933400557376,10.232280001218896,0.23273199985851534,6.571174999407958,17.471116334490944
1,54,28548.134357426,28548.134446566,28548.135151903,28548.144566381,28548.150819454,28548.15705471,0.08914000136428513,0.7053369990899228,0.7944770004542079,9.414478001417592,6.253072999243159,6.235255998035427,22.697283999150386
1,55,28548.167690759332,28548.167829603,28548.168576848,28548.1780074,28548.184136564,28548.190198004,0.13884366853744723,0.7472449979104567,0.886088666447904,9.4305520033231,6.129163997684373,6.061439999029972,22.50724466648535
1,56,28548.201024092665,28548.201115046,28548.201384391,28548.211530512,28548.21179167,28548.218405096,0.09095333371078596,0.2693450005608611,0.36029833427164704,10.146120999706909,0.2611580021039117,6.613425997784361,17.38100333386683
1,57,28548.234357426,28548.234495306,28548.235265791,28548.244711232,28548.250344865,28548.256482464,0.1378799970552791,0.770485003158683,0.908365000213962,9.445440999115817,5.6336329980695155,6.13759900079458,22.125037998193875
1,58,28548.267690759334,28548.267781916,28548.268063463,28548.278228603,28548.278332817,28548.285179651,0.09115666762227193,0.2815469997585751,0.37270366738084704,10.16514000002644,0.1042139992932789,6.846833999588853,17.48889166628942
1,59,28548.301024092667,28548.301156314,28548.301901947,28548.311341592,28548.317453895,28548.323503992,0.13222133202361874,0.7456330022250768,0.8778543342486955,9.43964500038419,6.112302999099484,6.050096999388188,22.479899333120557
1,60,28548.334357426,28548.334455423,28548.334721008,28548.344958351,28548.345198177,28548.351887723,0.09799699910217896,0.2655850003066007,0.36358199940877967,10.237343001790578,0.23982600032468326,6.689546000416158,17.5302970019402
1,61,28548.367690759333,28548.367773532,28548.368517814,28548.377854726,28548.384062557,28548.390121738,0.08277266897493973,0.7442819987772964,0.8270546677522361,9.336912000435404,6.207831000210717,6.059180999727687,22.430978668126045
1,62,28548.401024092665,28548.401103391,28548.401372281,28548.411570681,28548.411822626,28548.418542589,0.07929833373054862,0.2688900021894369,0.34818833591998555,10.198399999353569,0.2519449990359135,6.719962999341078,17.518496333650546
1,63,28548.434357426,28548.434437306,28548.434695048,28548.44497604,28548.451785169,28548.457827425,0.0798800028860569,0.2577419982117135,0.3376220010977704,10.280991999024991,6.8091290013398975,6.042256001819624,23.469999003282283
1,64,28548.467690759335,28548.467768961,28548.468504225,28548.47791435,28548.48468811,28548.491139581,0.07820166501915082,0.7352639986493159,0.8134656636684667,9.410125003341818,6.7737599965767,6.451471002947073,23.44882166653406
1,65,28548.501024092668,28548.501108108,28548.501375025,28548.511647017,28548.518497416,28548.524559319,0.08401533341384493,0.26691699895309284,0.35093233236693777,10.271991999616148,6.850399000541074,6.061903000954771,23.53522633347893
1,66,28548.534357426,28548.534434059,28548.535115322,28548.544534476,28548.550479387,28548.556787025,0.07663300129934214,0.6812629981141072,0.7578959994134493,9.419154001079733,5.944910997641273,6.307638002908789,22.429599001043243
1,67,28548.567690759333,28548.56779065,28548.568069485,28548.578326263,28548.585174301,28548.591329808,0.09989066529669799,0.27883500297321007,0.37872566826990806,10.256777997710742,6.848037999588996,6.1555070024041925,23.63904866797384
1,68,28548.601024092666,28548.601102056,28548.601369929,28548.611583374,28548.611855412,28548.618516116,0.07796333375154063,0.26787300157593563,0.34583633532747626,10.213444998953491,0.2720379998208955,6.660703998932149,17.492023333034012
1,69,28548.634357426,28548.634470463,28548.634676419,28548.644661557,28548.651110389,28548.660694599,0.11303700011922047,0.2059559992630966,0.31899299938231707,9.9851380000473,6.448832002206473,9.584209998138249,26.33717299977434
1,70,28548.667690759332,28548.667792649,28548.668546319,28548.678008344,28548.684680575,28548.691022239,0.10188966916757636,0.7536699995398521,0.8555596687074285,9.462024998356355,6.672231000266038,6.341664000501623,23.331479667831445
1,71,28548.701024092665,28548.701106582,28548.701788586,28548.711218509,28548.717714073,28548.723985478,0.08248933590948582,0.6820039998274297,0.7644933357369155,9.429923000425333,6.495563997304998,6.27140500000678,22.961385333474027
1,72,28548.734357426,28548.734437081,28548.735084715,28548.744464036,28548.751068933,28548.757525839,0.07965499753481708,0.6476340022345539,0.727288999769371,9.379320999869378,6.604897000215715,6.456905997765716,23.16841299762018
1,73,28548.767690759334,28548.767769721,28548.768831596,28548.778232185,28548.785003418,28548.791497638,0.07896166425780393,1.061875002051238,1.140836666309042,9.400588998687454,6.771233001927612,6.4942200006044,23.80687866752851
1,74,28548.801024092667,28548.801102358,28548.80180051,28548.81119071,28548.817876359,28548.824197995,0.07826533328625374,0.6981519982218742,0.776417331508128,9.390200000780169,6.68564900115598,6.321635999483988,23.173902332928265
1,75,28548.834357426,28548.834435766,28548.834701424,28548.844967296,28548.851966204,28548.858609195,0.07833999916329049,0.2656579999893438,0.3439979991526343,10.26587200249196,6.998908000241499,6.642990996624576,24.25176899851067
1,76,28548.867690759333,28548.867766551,28548.868503925,28548.877908968,28548.884881989,28548.89142783,0.07579166776849888,0.7373740008915775,0.8131656686600763,9.405042997968849,6.973021001613233,6.545840999024222,23.73707066726638
1,77,28548.901024092665,28548.901102579,28548.901370765,28548.911448451,28548.918134155,28548.924622153,0.07848633322282694,0.2681860023585614,0.3466723355813883,10.077685998112429,6.6857040001195855,6.4879980018304195,23.598060335643822
1,78,28548.934357426,28548.934432893,28548.935123822,28548.944544022,28548.951048012,28548.957681197,0.07546699998783879,0.6909290023031645,0.7663960022910032,9.420200000022305,6.503990000055637,6.633184999373043,23.32377100174199
1,79,28548.967690759335,28548.967822549,28548.968548414,28548.977908512,28548.984350658,28548.990618221,0.13178966401028447,0.7258650002768263,0.8576546642871108,9.36009799988824,6.44214600106352,6.267562999710208,22.927461664949078
1,80,28549.001024092668,28549.001160926,28549.001428603,28549.011643068,28549.011873281,28549.018755384,0.13683333236258477,0.26767699819174595,0.4045103305543307,10.214465000899509,0.23021300148684531,6.882102999952622,17.731291332893306
1,81,28549.034357426,28549.034443906,28549.035160289,28549.044581054,28549.05083969,28549.057056123,0.08647999857203104,0.7163830014178529,0.802862999989884,9.42076499995892,6.258635999984108,6.216433001100086,22.698697001032997
1,82,28549.067690759333,28549.067821543,28549.06856851,28549.077895848,28549.084796071,28549.091256949,0.13078366828267463,0.746966998121934,0.8777506664046086,9.327338000730379,6.9002230011392385,6.460877997596981,23.566189665871207
1,83,28549.101024092666,28549.101113402,28549.101381708,28549.111593135,28549.11836395,28549.124613744,0.08930933472584002,0.2683059974515345,0.3576153321773745,10.211427001195261,6.770815001800656,6.249793997994857,23.58965133316815
1,84,28549.134357426,28549.134435539,28549.134699086,28549.144985717,28549.145229968,28549.152151821,0.07811300019966438,0.2635470009408891,0.3416600011405535,10.286631000781199,0.24425099763902836,6.921853000676492,17.794395000237273
1,85,28549.167690759332,28549.167836064,28549.168136029,28549.178302242,28549.178563336,28549.185387485,0.1453046679671388,0.29996499870321713,0.44526966667035595,10.166213000047719,0.26109400278073736,6.824148997111479,17.69672566661029
1,86,28549.201024092665,28549.201161275,28549.201882789,28549.211213406,28549.217823942,28549.224029708,0.1371823345834855,0.7215139994514175,0.858696334034903,9.33061700197868,6.610535998333944,6.2057659997662995,23.005615334113827
1,87,28549.234357426,28549.234447275,28549.234716527,28549.244991564,28549.245295224,28549.251706676,0.08984899977804162,0.2692519992706366,0.3591009990486782,10.27503699879162,0.3036599991901312,6.411452002794249,17.34924999982468
1,88,28549.267690759334,28549.267828589,28549.2685655,28549.277911432,28549.284208578,28549.290263843,0.13782966561848298,0.7369109989667777,0.8747406645852607,9.345932001451729,6.29714599926956,6.0552649993042,22.57308366461075
1,89,28549.301024092667,28549.301112644,28549.301812037,28549.311273857,28549.317522235,28549.32345573,0.088551332737552,0.6993930001044646,0.7879443328420166,9.461820001888555,6.248377998417709,5.933494998316746,22.431637331465026
1,90,28549.334357426,28549.334446347,28549.334716042,28549.344873683,28549.351323885,28549.35736502,0.08892099867807701,0.26969500322593376,0.3586160019040108,10.157640997931594,6.450201999541605,6.041135002305964,23.007594001683174
1,91,28549.367690759333,28549.367827809,28549.368115135,28549.378381998,28549.384920627,28549.391107059,0.13704966841032729,0.28732599821523763,0.4243756666255649,10.266863002470927,6.538628997077467,6.1864320014137775,23.416299667587737
1,92,28549.401024092665,28549.401153438,28549.401419977,28549.41158545,28549.411824164,28549.41833383,0.12934533515363,0.2665389984031208,0.3958843335567508,10.165473002416547,0.23871399753261358,6.509666000056313,17.309737333562225
1,93,28549.434357426,28549.434445002,28549.435166256,28549.444540984,28549.450899427,28549.45717149,0.08757600153330714,0.7212540003820322,0.8088300019153394,9.374728000693722,6.3584429990442,6.272063001233619,22.81406400288688
1,94,28549.467690759335,28549.467821447,28549.46850958,28549.477868317,28549.484150065,28549.490052254,0.13068766565993428,0.6881330009491649,0.8188206666090991,9.358736999274697,6.281747999310028,5.902189001062652,22.361494666256476
1,95,28549.501024092668,28549.501111899,28549.501375623,28549.511542318,28549.511779078,28549.518528162,0.08780633288552053,0.26372399952379055,0.3515303324093111,10.16669499949785,0.23675999909755774,6.749084001057781,17.5040693320625
1,96,28549.534357426,28549.534433519,28549.535136615,28549.544512834,28549.550746627,28549.556816226,0.07609299791511148,0.7030960005067755,0.7791889984218869,9.376219000841957,6.2337929994100705,6.069598999602022,22.458799998275936
1,97,28549.567690759333,28549.567771074,28549.568830274,28549.578282289,28549.585000493,28549.591186055,0.08031466495594941,1.059200003510341,1.1395146684662905,9.452014997805236,6.718204000208061,6.185562000609934,23.495295667089522
1,98,28549.601024092666,28549.601102462,28549.60180854,28549.61115387,28549.617319737,28549.623256391,0.07836933218641207,0.7060780008032452,0.7844473329896573,9.345329999632668,6.165867001982406,5.936654000834096,22.232298335438827
1,99,28549.634357426,28549.6344596,28549.634659741,28549.644798407,28549.651191119,28549.660072872,0.10217400267720222,0.2001409993681591,0.3023150020453613,10.138665998965735,6.392711999069434,8.881753001332982,25.71544600141351
1,100,28549.667690759332,28549.667797071,28549.668618456,28549.678012369,28549.68466747,28549.690793041,0.1063116687873844,0.8213849978346843,0.9276966666220687,9.39391300198622,6.655100998614216,6.125571002485231,23.102281669707736
1,101,28549.701024092665,28549.7011102,28549.701808315,28549.711246904,28549.717520494,28549.723727806,0.08610733493696898,0.6981149999774061,0.7842223349143751,9.438589000637876,6.27358999918215,6.20731199887814,22.70371333361254
1,102,28549.734357426,28549.734438939,28549.735103813,28549.744473643,28549.750739306,28549.75677497,0.08151299698511139,0.6648740018135868,0.7463869987986982,9.369830000650836,6.265662999794586,6.035663998773089,22.41754399801721
1,103,28549.767690759334,28549.767768937,28549.768055402,28549.778334079,28549.785194171,28549.791352928,0.07817766527296044,0.28646500140894204,0.3646426666819025,10.278677000314929,6.86009199853288,6.158757001685444,23.662168667215155
1,104,28549.801024092667,28549.801311213,28549.802047154,28549.811405269,28549.817516859,28549.823431864,0.2871203323593363,0.735941001039464,1.0230613333988003,9.358114999486133,6.111589998909039,5.915005000133533,22.407771331927506
1,105,28549.834357426,28549.834450192,28549.834724444,28549.844864407,28549.851233553,28549.857347476,0.09276600030716509,0.27425200096331537,0.36701800127048045,10.139963000256103,6.369145998178283,6.113923001976218,22.990050001681084
1,106,28549.867690759333,28549.867986516,28549.868727511,28549.87814934,28549.884083048,28549.890264823,0.295756668492686,0.7409949976135977,1.0367516661062837,9.42182899962063,5.933708001975901,6.181774999276968,22.574063666979782
1,107,28549.901024092665,28549.901331449,28549.901629663,28549.911897312,28549.918639979,28549.924610271,0.3073563348152675,0.298213999485597,0.6055703343008645,10.267648998706136,6.7426670029817615,5.970291997073218,23.58617833306198
1,108,28549.934357426,28549.934444344,28549.93471416,28549.945112236,28549.951832356,28549.958057687,0.08691800030646846,0.26981600240105763,0.3567340027075261,10.398075999546563,6.720119999954477,6.225330998859135,23.7002610010677
1,109,28549.967690759335,28549.968022659,28549.9687462,28549.978123521,28549.984508556,28549.990584404,0.33189966416102834,0.7235410012071952,1.0554406653682236,9.377320999192307,6.385035001585493,6.075847999454709,22.893644665600732
1,110,28550.001024092668,28550.001327538,28550.002035042,28550.011437437,28550.017513886,28550.023329446,0.30344533297466114,0.7075040011841338,1.010949334158795,9.40239499686868,6.076449000829598,5.815560001792619,22.30535333364969
1,111,28550.034357426,28550.034448258,28550.03471662,28550.045074279,28550.05171827,28550.057745544,0.09083199984161183,0.26836200049729086,0.3591940003389027,10.357659000874264,6.643990996963112,6.027274001098704,23.388117999274982
1,112,28550.067690759333,28550.067992768,28550.068225556,28550.078485067,28550.078593548,28550.08506902,0.30200866603991017,0.2327879992662929,0.5347966653062031,10.25951100018574,0.10848100282601081,6.475471996964188,17.37826066528214
1,113,28550.101024092666,28550.101316304,28550.102051984,28550.111431147,28550.117499875,28550.123548446,0.2922113344538957,0.735679997887928,1.0278913323418237,9.379163002449786,6.068727998354007,6.048571001883829,22.524353335029446
1,114,28550.134357426,28550.134446617,28550.134708804,28550.144971824,28550.14520589,28550.151580776,0.08919100218918175,0.26218699713354,0.35137799932272173,10.263020001730183,0.23406599939335138,6.374886001140112,17.22335000158637
1,115,28550.167690759332,28550.167818478,28550.1685525,28550.177955025,28550.184078142,28550.19033725,0.12771866749972105,0.7340219999605324,0.8617406674602535,9.40252500004135,6.123117000242928,6.259107998630498,22.64649066637503
1,116,28550.201024092665,28550.201179394,28550.201457052,28550.211738554,28550.218296776,28550.224455985,0.15530133532593027,0.27765800041379407,0.43295933573972434,10.281501999998,6.55822200133116,6.159208998724353,23.431892335793236
1,117,28550.234357426,28550.234444495,28550.23470669,28550.245021544,28550.251606802,28550.257799735,0.0870689982548356,0.2621950006869156,0.3492639989417512,10.31485400017118,6.585258000995964,6.192933000420453,23.44230900052935
1,118,28550.267690759334,28550.267769115,28550.26851623,28550.277893124,28550.283927315,28550.289841551,0.07835566430003382,0.7471150020137429,0.8254706663137767,9.376893998705782,6.034190999343991,5.914236000535311,22.15079166489886
1,119,28550.301024092667,28550.301102725,28550.301366865,28550.311591672,28550.31882787,28550.325034292,0.07863233258831315,0.2641399987624027,0.34277233135071583,10.224807003396563,7.236197998281568,6.206422000104794,24.01019933313364
1,120,28550.334357426,28550.334436566,28550.334698854,28550.345049828,28550.351780448,28550.358142483,0.07914000161690637,0.2622879983391613,0.34142799995606765,10.350974000175484,6.730619999871124,6.362035001075128,23.785057001077803
1,121,28550.367690759333,28550.367825324,28550.368114547,28550.378377474,28550.384858908,28550.391391333,0.13456466695060953,0.28922300043632276,0.4237876673869323,10.262927000439959,6.481434000306763,6.5324249990226235,23.700573667156277
1,122,28550.401024092665,28550.401152988,28550.401883029,28550.411285192,28550.417552957,28550.423818659,0.1288953353650868,0.7300409997696988,0.8589363351347856,9.402162999322172,6.267764998483472,6.2657020025653765,22.794566335505806
1,123,28550.434357426,28550.434445272,28550.434713413,28550.44484345,28550.451229087,28550.457495511,0.08784600140643306,0.26814100056071766,0.3559870019671507,10.130037000635639,6.385636999766575,6.266423999477411,23.138085001846775
1,124,28550.467690759335,28550.467768345,28550.468039633,28550.478235004,28550.485385932,28550.491646605,0.07758566425764002,0.2712880013859831,0.3488736656436231,10.19537100000889,7.150927998736734,6.260673002543626,23.955845666932873
1,125,28550.501024092668,28550.501121963,28550.501385492,28550.511575465,28550.51180267,28550.518494679,0.09787033195607364,0.26352900022175163,0.36139933217782527,10.189972999796737,0.22720500055584125,6.69200899938005,17.470586331910454
1,126,28550.534357426,28550.534432739,28550.535154595,28550.544657267,28550.550318807,28550.556434526,0.07531300070695579,0.7218559985631146,0.7971689992700703,9.502672000962775,5.6615399989823345,6.115718999353703,22.077099998568883
1,127,28550.567690759333,28550.567771662,28550.568047664,28550.578222165,28550.578450175,28550.585359566,0.08090266783256084,0.27600199973676354,0.3569046675693244,10.17450099971029,0.22800999795435928,6.909391002409393,17.668806667643366
1,128,28550.601024092666,28550.601101218,28550.601123579,28550.610501065,28550.61073853,28550.617453336,0.07712533260928467,0.022361000446835533,0.0994863330561202,9.377485999721102,0.23746499937260523,6.714806000672979,16.429243332822807
1,129,28550.634357426,28550.634676487,28550.634944525,28550.645217739,28550.652021564,28550.660660621,0.3190610004821792,0.2680380021047313,0.5870990025869105,10.27321399669745,6.8038250028621405,8.639056999527384,26.303195001673885
1,130,28550.667690759332,28550.667793254,28550.668545693,28550.677894513,28550.68430553,28550.690424703,0.10249466868117452,0.7524389984610025,0.854933667142177,9.348820000013802,6.411017002392327,6.119172998296563,22.73394366784487
1,131,28550.701024092665,28550.701110113,28550.701779571,28550.711133058,28550.717025526,28550.723091078,0.08602033631177619,0.6694580006296746,0.7554783369414508,9.353486999316374,5.892467997909989,6.065552002837649,22.066985337005462
1,132,28550.734357426,28550.734438575,28550.735114663,28550.74451803,28550.750169588,28550.756141612,0.08114899901556782,0.6760879987268709,0.7572369977424387,9.403366999322316,5.651557999954093,5.9720240024034865,21.784185999422334
1,133,28550.767690759334,28550.767983715,28550.76825617,28550.780080681,28550.78516132,28550.790991528,0.29295566491782665,0.2724549995036796,0.5654106644215062,11.82451100248727,5.080638999061193,5.83020799967926,23.30076866564923
1,134,28550.801024092667,28550.801127908,28550.801841106,28550.811223991,28550.817492276,28550.823492707,0.10381533138570376,0.7131980019039474,0.8170133332896512,9.382885000377428,6.268285000260221,6.000430999847595,22.468614333774894
1,135,28550.834357426,28550.834443065,28550.834709742,28550.845609487,28550.845862637,28550.851996485,0.08563899973523803,0.266677001491189,0.35231600122642703,10.899745000642724,0.25314999948022887,6.13384799726191,17.63905899861129
1,136,28550.867690759333,28550.867978,28550.868764569,28550.878232649,28550.883829347,28550.890486893,0.2872406657843385,0.7865690022299532,1.0738096680142917,9.468079999351176,5.596697999862954,6.65754600049695,22.79613366772537
1,137,28550.901024092665,28550.901352389,28550.901653511,28550.911906586,28550.918484261,28550.924575887,0.32829633346409537,0.30112199965515174,0.6294183331192471,10.25307500094641,6.577675001608441,6.091625997214578,23.551794332888676
1,138,28550.934357426,28550.934444367,28550.934714777,28550.945069158,28550.951703973,28550.957713441,0.0869410032464657,0.27040999702876434,0.35735100027523004,10.354381000070134,6.634815003053518,6.009467997500906,23.356015000899788
1,139,28550.967690759335,28550.967988711,28550.968728613,28550.978170268,28550.984061929,28550.990016249,0.29795166483381763,0.7399019996228162,1.0378536644566339,9.441655001865001,5.891660999623127,5.954320000455482,22.325489666400244
1,140,28551.001024092668,28551.001333359,28551.001398331,28551.011267895,28551.017488022,28551.023551777,0.30926633189665154,0.0649719986540731,0.37423833055072464,9.869564000837272,6.220127001142828,6.063755001378013,22.527684333908837
1,141,28551.034357426,28551.034445366,28551.034465802,28551.043875752,28551.044125345,28551.050520825,0.0879399995028507,0.020436000340851024,0.10837599984370172,9.409949998371303,0.24959300208138302,6.395479998900555,16.163398999196943
1,142,28551.067690759333,28551.067990228,28551.068271915,28551.078597952,28551.085447546,28551.091358347,0.2994686656165868,0.2816870000970084,0.5811556657135952,10.326037001505028,6.849593999504577,5.910800999117782,23.667587665840983
1,143,28551.101024092666,28551.101332744,28551.1020781,28551.111468004,28551.117420776,28551.123264485,0.3086513352172915,0.7453559992427472,1.0540073344600387,9.389904000272509,5.9527720004552975,5.843708997417707,22.240392332605552
1,144,28551.134357426,28551.134447371,28551.135136513,28551.144522814,28551.15042457,28551.15651176,0.08994500240078196,0.6891419980092905,0.7790870004100725,9.386301000631647,5.901756001549074,6.08718999865232,22.154334001243114
1,145,28551.167690759332,28551.167983583,28551.168266223,28551.178507316,28551.17875066,28551.185198909,0.29282366813276894,0.28264000138733536,0.5754636695201043,10.241092997603118,0.2433440022286959,6.448248997912742,17.50814966726466
1,146,28551.201024092665,28551.201331155,28551.201608804,28551.211891722,28551.218509407,28551.224436003,0.30706233519595116,0.2776490000542253,0.5847113352501765,10.282917999575147,6.617685001401696,5.926596000790596,23.411910337017616
1,147,28551.234357426,28551.234444401,28551.234709347,28551.244928968,28551.245186257,28551.251576977,0.08697500015841797,0.26494600024307147,0.35192100040148944,10.219620999123435,0.25728900072863325,6.390719998307759,17.219550998561317
1,148,28551.267690759334,28551.268030688,28551.268779599,28551.278174466,28551.284245073,28551.290107661,0.3399286651983857,0.748910999391228,1.0888396645896137,9.39486700008274,6.070606999855954,5.862588001036784,22.416901665565092
1,149,28551.301024092667,28551.301345574,28551.301627761,28551.311870595,28551.312098078,28551.318371594,0.3214813332306221,0.2821870002662763,0.6036683334968984,10.242833999654977,0.22748300034436397,6.273515999055235,17.347501332551474
1,150,28551.334357426,28551.334444932,28551.334710879,28551.344945768,28551.345217363,28551.351841835,0.08750599954510108,0.2659470010257792,0.35345300057088025,10.234888999548275,0.27159499950357713,6.624472000112291,17.484408999735024
1,151,28551.367690759333,28551.367996637,28551.368234629,28551.378209453,28551.384502071,28551.390726346,0.3058776674151886,0.23799200062057935,0.543869668035768,9.974823999073124,6.29261799986125,6.224274999112822,23.035586666082963
1,152,28551.401024092665,28551.40133822,28551.401618434,28551.411927861,28551.418570473,28551.424917637,0.31412733369506896,0.280214000667911,0.59434133436298,10.309427001629956,6.642611999268411,6.347163998725591,23.893544333986938
1,153,28551.434357426,28551.434444199,28551.434705145,28551.445027221,28551.451538877,28551.457868144,0.0867730013851542,0.26094599888892844,0.34771900027408265,10.322076002921676,6.511655999929644,6.329266998363892,23.510718001489295
1,154,28551.467690759335,28551.468016579,28551.468082746,28551.477956041,28551.484636995,28551.490897021,0.32581966661382467,0.06616699829464778,0.39198666490847245,9.873294999124482,6.68095400033053,6.2600260025647,23.206261666928185
1,155,28551.501024092668,28551.501332208,28551.50204236,28551.511496367,28551.517637511,28551.523768026,0.30811533360974863,0.7101519986463245,1.0182673322560731,9.45400699856691,6.14114400013932,6.130515001132153,22.743933332094457
1,156,28551.534357426,28551.534446595,28551.534722365,28551.54491181,28551.551144826,28551.557530131,0.08916899969335645,0.2757699985522777,0.36493899824563414,10.18944500174257,6.233015999896452,6.38530499782064,23.172704997705296
1,157,28551.567690759333,28551.567991669,28551.568277968,28551.578558052,28551.585379617,28551.591555152,0.300909665384097,0.28629900043597445,0.5872086658200715,10.280083999532508,6.821565002610441,6.175534999783849,23.86439266774687
1,158,28551.601024092666,28551.601331789,28551.601612754,28551.611773708,28551.618246624,28551.624435686,0.30769633303862065,0.2809649995469954,0.588661332585616,10.160953999729827,6.47291600034805,6.1890620017948095,23.411593334458303
1,159,28551.634357426,28551.634462296,28551.635301727,28551.644757418,28551.651020583,28551.659311462,0.10486999963177368,0.8394310025323648,0.9443010021641385,9.45569099712884,6.263165003474569,8.290878999105189,24.954036001872737
1,160,28551.667690759332,28551.667795916,28551.667827462,28551.677291997,28551.677554331,28551.684222109,0.1051566687237937,0.031545998353976756,0.13670266707777046,9.464535000006435,0.26233400058117695,6.667778001428815,16.531349669094197
1,161,28551.701024092665,28551.701152406,28551.701857725,28551.711225638,28551.716975197,28551.722967211,0.12831333515350707,0.7053189983707853,0.8336323335242923,9.367913000460248,5.74955900083296,5.992014001094503,21.943118335912004
1,162,28551.734357426,28551.734448728,28551.734471228,28551.743771622,28551.744035031,28551.750798956,0.09130199759965762,0.022500000341096893,0.11380199794075452,9.300394001911627,0.2634089978528209,6.763925000996096,16.4415299987013
1,163,28551.767690759334,28551.767985718,28551.768271636,28551.778765518,28551.784903329,28551.791224827,0.294958666927414,0.28591799855348654,0.5808766654809006,10.49388200044632,6.137811000371585,6.321498000033898,23.534067666332703
1,164,28551.801024092667,28551.801329928,28551.801400966,28551.811290298,28551.817594675,28551.823768367,0.3058353322558105,0.0710380008968059,0.3768733331526164,9.889331999147544,6.304377002379624,6.173691999720177,22.74427433439996
1,165,28551.834357426,28551.834446518,28551.834709159,28551.845034142,28551.851816225,28551.858153278,0.08909200187190436,0.262640998698771,0.35173300057067536,10.32498299900908,6.782083000871353,6.337053000606829,23.795852001057938
1,166,28551.867690759333,28551.867975785,28551.868709271,28551.878091906,28551.884272264,28551.890346335,0.28502566783572547,0.7334859983529896,1.018511666188715,9.382635002111783,6.180357999255648,6.074070999602554,22.6555756671587
1,167,28551.901024092665,28551.901353746,28551.901639711,28551.911915351,28551.918714647,28551.924785477,0.32965333593892865,0.28596499760169536,0.615618333540624,10.275640001054853,6.7992959993716795,6.070830000680871,23.761384334648028
1,168,28551.934357426,28551.934442577,28551.934705485,28551.944876874,28551.950767611,28551.956952136,0.08515100125805475,0.2629080008773599,0.34805900213541463,10.171388999879127,5.8907370002998505,6.184524998388952,22.594710000703344
1,169,28551.967690759335,28551.967997095,28551.968314347,28551.97857332,28551.985071393,28551.991154779,0.3063356634811498,0.31725200096843764,0.6235876644495875,10.258973001327831,6.4980729985109065,6.083386000682367,23.464019664970692
1,170,28552.001024092668,28552.00131202,28552.002028598,28552.011407984,28552.017120543,28552.023290994,0.28792733064619824,0.7165780007198919,1.00450533136609,9.379385999636725,5.712559002859052,6.170450997160515,22.266901331022382
1,171,28552.034357426,28552.034445667,28552.035125652,28552.044518889,28552.050696164,28552.057021069,0.08824099859339185,0.6799850016250275,0.7682260002184194,9.393237000040244,6.177274997753557,6.324904999928549,22.66364299794077
1,172,28552.067690759333,28552.068031362,28552.068324715,28552.078548716,28552.085799626,28552.09229732,0.340602666256018,0.2933530013251584,0.6339556675811764,10.224000998277916,7.250909999129362,6.497694001154741,24.606560666143196
1,173,28552.101024092666,28552.101322055,28552.101588576,28552.111791159,28552.118656698,28552.125025585,0.29796233502565883,0.2665209976839833,0.5644833327096421,10.202583001955645,6.865538998681586,6.3688869995530695,24.001492332899943
1,174,28552.134357426,28552.134442683,28552.134706397,28552.144928103,28552.1452169,28552.151956798,0.08525700104655698,0.26371399872004986,0.34897099976660684,10.221706001175335,0.28879700039396994,6.739897999068489,17.5993720004044
1,175,28552.167690759332,28552.167985526,28552.168276426,28552.178467454,28552.178712456,28552.185124185,0.29476666895789094,0.29089999952702783,0.5856666684849188,10.191027999098878,0.24500200015609153,6.4117290021386,17.43342566987849
1,176,28552.201024092665,28552.201349637,28552.202078372,28552.211480072,28552.21750068,28552.223440213,0.32554433346376754,0.728735001757741,1.0542793352215085,9.401700001035351,6.020607997925254,5.93953300267458,22.416120336856693
1,177,28552.234357426,28552.234447089,28552.234719942,28552.244944618,28552.245188046,28552.251628988,0.08966299719759263,0.272853001661133,0.36251599885872565,10.22467599977972,0.24342799952137284,6.440942001063377,17.271561999223195
1,178,28552.267690759334,28552.267982015,28552.268209571,28552.278198071,28552.284166021,28552.290111795,0.29125566652510315,0.22755600002710707,0.5188116665522102,9.988499998144107,5.967950000922428,5.945773998973891,22.421035664592637
1,179,28552.301024092667,28552.301343523,28552.302045879,28552.311487839,28552.317559029,28552.323521998,0.319430331728654,0.7023560028756037,1.0217863346042577,9.441959999094252,6.071190000511706,5.962969000393059,22.497905334603274
1,180,28552.334357426,28552.334447216,28552.334720041,28552.345025219,28552.351735395,28552.357968809,0.0897899990377482,0.27282500013825484,0.36261499917600304,10.30517800245434,6.710175999614876,6.2334139984159265,23.611382999661146
1,181,28552.367690759333,28552.367983836,28552.368199838,28552.378169708,28552.384262732,28552.390142024,0.29307666773092933,0.21600200125249103,0.5090786689834204,9.96986999962246,6.093023999710567,5.879291999008274,22.451264667324722
1,182,28552.401024092665,28552.401363207,28552.401644291,28552.411918802,28552.4185657,28552.424518815,0.3391143327462487,0.28108400147175416,0.6201983342180029,10.274511001625797,6.646898000326473,5.953115000011167,23.49472233618144
1,183,28552.434357426,28552.434444806,28552.435156578,28552.444590269,28552.450353986,28552.456156287,0.08738000178709626,0.7117720015230589,0.7991520033101551,9.433690996957012,5.763717002992053,5.802300998766441,21.79886100202566
1,184,28552.467690759335,28552.467985288,28552.468270511,28552.478537316,28552.485421522,28552.491540397,0.2945286651083734,0.28522299908217974,0.5797516641905531,10.266805002174806,6.88420599908568,6.118875000538537,23.849637665989576
1,185,28552.501024092668,28552.501354525,28552.501638703,28552.511844351,28552.512072289,28552.518477833,0.3304323327029124,0.28417800058377907,0.6146103332866915,10.20564799910062,0.22793799871578813,6.405544001609087,17.453740332712187
1,186,28552.534357426,28552.534444365,28552.535145508,28552.544552022,28552.550558296,28552.55673033,0.08693899872014299,0.7011430025158916,0.7880820012360346,9.406513996509602,6.00627400126541,6.172034001792781,22.37290400080383
1,187,28552.567690759333,28552.56799129,28552.568308421,28552.578589987,28552.585388931,28552.591475225,0.3005306680279318,0.31713099815533496,0.6176616661832668,10.281565999321174,6.798943999456242,6.086294000851922,23.784465665812604
1,188,28552.601024092666,28552.60133651,28552.60161841,28552.611860836,28552.618566521,28552.624816398,0.31241733449860476,0.28190000011818483,0.5943173346167896,10.242426000331761,6.705684998451034,6.2498770021193195,23.792305335518904
1,189,28552.634357426,28552.634454683,28552.635223187,28552.644816619,28552.650243593,28552.655522131,0.09725700147100724,0.7685040000069421,0.8657610014779493,9.593431997927837,5.426974003057694,5.278537999402033,21.164705001865514
1,190,28552.667690759332,28552.667850292,28552.668121858,28552.678351322,28552.68688897,28552.692933652,0.15953266847645864,0.2715660011745058,0.43109866965096444,10.229463998257415,8.537648001947673,6.044681998901069,25.242892668757122
1,191,28552.701024092665,28552.701123281,28552.70117267,28552.711309939,28552.717189842,28552.722709317,0.0991883352980949,0.049389000196242705,0.1485773354943376,10.137269000551896,5.879902997548925,5.519475002074614,21.685224335669773
1,192,28552.734357426,28552.734468428,28552.734528613,28552.744359289,28552.749976912,28552.755434757,0.11100199844804592,0.060185000620549545,0.17118699906859547,9.830676001001848,5.61762299912516,5.457844999909867,21.07733099910547
1,193,28552.767690759334,28552.767775409,28552.767827835,28552.777475268,28552.777723483,28552.783498709,0.08464966595056467,0.052425999456318095,0.13707566540688276,9.647433002101025,0.2482149975548964,5.775225999968825,15.807949665031629
1,194,28552.801024092667,28552.801100418,28552.801775143,28552.811151241,28552.816897431,28552.822411229,0.07632533379364759,0.6747250008629635,0.7510503346566111,9.376097998028854,5.746189999626949,5.513798001629766,21.38713633394218
1,195,28552.834357426,28552.834436138,28552.834485982,28552.844089933,28552.844348656,28552.850267486,0.07871200068620965,0.04984399856766686,0.1285559992538765,9.603951002645772,0.2587229973869398,5.91883000015514,15.910059999441728
1,196,28552.867690759333,28552.867986149,28552.868677255,28552.878032204,28552.883560513,28552.888865023,0.2953896691906266,0.6911059972480871,0.9864956664387137,9.354949001135537,5.52830900051049,5.304509999405127,21.174263667489868
1,197,28552.901024092665,28552.901333018,28552.901392722,28552.910993988,28552.911232915,28552.917079754,0.3089253332291264,0.05970400161459111,0.3686293348437175,9.601265999663156,0.2389270011917688,5.846838997968007,16.05566133366665
1,198,28552.934357426,28552.934443682,28552.935105177,28552.94451872,28552.949969185,28552.955471984,0.08625600094092079,0.6614949998038355,0.7477510007447563,9.413543000846403,5.450464999739779,5.5027990019880235,21.11455800331896
1,199,28552.967690759335,28552.967988082,28552.968076119,28552.977646681,28552.977916182,28552.983764002,0.2973226655740291,0.08803699893178418,0.38535966450581327,9.570562000590144,0.269501000730088,5.847820000781212,16.073242666607257
1,200,28553.001024092668,28553.001324626,28553.001394063,28553.011680333,28553.016856361,28553.022366197,0.3005333310284186,0.06943700282135978,0.3699703338497784,10.286269996868214,5.176028000278166,5.509836002602242,21.3421043335984
1,201,28553.034357426,28553.034445199,28553.034495533,28553.044107031,28553.044171984,28553.04988608,0.08777299808571115,0.05033400157117285,0.138106999656884,9.61149800059502,0.06495299749076366,5.714096001611324,15.528653999353992
1,202,28553.067690759333,28553.067979801,28553.068679259,28553.078024033,28553.083777684,28553.089462281,0.2890416653826833,0.6994579998718109,0.9884996652544942,9.344774000055622,5.753651003033156,5.684596999344649,21.77152166768792
1,203,28553.101024092666,28553.101344004,28553.101403744,28553.111038362,28553.111279391,28553.117082478,0.3199113343725912,0.05973999941488728,0.3796513337874785,9.634617999836337,0.24102899988065474,5.803086998639628,16.0583853321441
1,204,28553.134357426,28553.134445231,28553.134710918,28553.144852076,28553.145111808,28553.151070054,0.08780500138527714,0.26568699831841514,0.3534919997036923,10.141157999896677,0.25973200172302313,5.958245998044731,16.712627999368124
1,205,28553.167690759332,28553.167976091,28553.168040546,28553.177635533,28553.177695163,28553.183378778,0.2853316691471264,0.06445499820983969,0.34978666735696606,9.594987001037225,0.059630001487676054,5.6836149997252505,15.688018669607118
1,206,28553.201024092665,28553.20132645,28553.201582174,28553.211777323,28553.217935468,28553.223470359,0.30235733356676064,0.2557240004534833,0.558081334020244,10.195148999628145,6.158145002700621,5.534890999115305,22.446266335464315
1,207,28553.234357426,28553.234443086,28553.23471105,28553.244905653,28553.245140793,28553.25122404,0.08565999814891256,0.2679640019778162,0.3536240001267288,10.194602997216862,0.23513999985880218,6.083247000788106,16.8666139979905
1,208,28553.267690759334,28553.268020566,28553.268730672,28553.278105446,28553.283662357,28553.289531037,0.32980666583171114,0.7101060000422876,1.0399126658739988,9.374773999297759,5.556911000894615,5.868680000276072,21.840277666342445
1,209,28553.301024092667,28553.301328509,28553.301389694,28553.310988552,28553.311226026,28553.317392726,0.30441633134614676,0.0611850009590853,0.36560133230523206,9.598857999662869,0.23747399973217398,6.166700000903802,16.368633332604077
1,210,28553.334357426,28553.334444155,28553.334711794,28553.344867925,28553.345111065,28553.351244256,0.08672900003148243,0.2676389995031059,0.3543679995345883,10.156131000258029,0.24313999892910942,6.133191000117222,16.886829998838948
1,211,28553.367690759333,28553.367974238,28553.368039516,28553.377655412,28553.377898746,28553.384039271,0.283478668279713,0.06527799996547401,0.34875666824518703,9.615896000468638,0.2433339977869764,6.140525001683272,16.348511668184074
1,212,28553.401024092665,28553.401335571,28553.401638757,28553.411733165,28553.417637522,28553.423201599,0.3114783357887063,0.3031859996553976,0.6146643354441039,10.094408000441035,5.904356999963056,5.564076996961376,22.17750633280957
1,213,28553.434357426,28553.434444744,28553.434521365,28553.444531402,28553.450376906,28553.455901391,0.0873180033522658,0.07662099960725754,0.16393900295952335,10.010037000029115,5.845503997988999,5.524485000933055,21.543965001910692
1,214,28553.467690759335,28553.467994144,28553.468296126,28553.478438173,28553.484228936,28553.489977987,0.3033846660400741,0.3019819996552542,0.6053666656953283,10.142046998225851,5.790762999822618,5.749051000748295,22.287227664492093
1,215,28553.501024092668,28553.501314929,28553.501372698,28553.511504977,28553.517973725,28553.523814508,0.2908363312599249,0.0577690007048659,0.3486053319647908,10.132278999662958,6.468748000770574,5.840783000166994,22.790415332565317
1,216,28553.534357426,28553.534448103,28553.534722883,28553.545030689,28553.551648985,28553.557692991,0.09067700011655688,0.2747799990174826,0.3654569991340395,10.307806001947029,6.618295999942347,6.044005996955093,23.33556499797851
1,217,28553.567690759333,28553.567980215,28553.568064354,28553.577959436,28553.584532195,28553.590520599,0.2894556673709303,0.0841389992274344,0.3735946665983647,9.895081999275135,6.572759000846418,5.988403998344438,22.829839665064355
1,218,28553.601024092666,28553.601350279,28553.601632966,28553.611939847,28553.618494133,28553.624607315,0.32618633485981263,0.2826870004355442,0.6088733352953568,10.306880998541601,6.554285999300191,6.113182000262896,23.583222333400045
1,219,28553.634357426,28553.63445849,28553.634590222,28553.644705658,28553.650972359,28553.657038226,0.10106400077347644,0.13173199840821326,0.2327959991816897,10.115436001797207,6.2667009988217615,6.0658670008706395,22.680800000671297
1,220,28553.667690759332,28553.667815628,28553.667867674,28553.677476052,28553.677540423,28553.68380767,0.12486866762628779,0.052046001655980945,0.17691466928226873,9.608377997210482,0.06437100091716275,6.267247001233045,16.11691066864296
1,221,28553.701024092665,28553.701110692,28553.701135211,28553.71054643,28553.710795125,28553.717528875,0.08659933519084007,0.024518998543499038,0.1111183337343391,9.411219001776772,0.2486949997546617,6.7337500004214235,16.504782335687196
1,222,28553.734357426,28553.734477275,28553.734766257,28553.745070907,28553.751717315,28553.757874145,0.11984899902017787,0.28898199889226817,0.40883099791244604,10.304650000762194,6.646408000960946,6.156830000691116,23.516719000326702
1,223,28553.767690759334,28553.767776162,28553.767989664,28553.778299416,28553.778539528,28553.784998314,0.08540266571799293,0.21350200040615164,0.29890466612414457,10.309752000466688,0.24011200002860278,6.458785999711836,17.30755466633127
1,224,28553.801024092667,28553.801316015,28553.802050547,28553.81149347,28553.817770069,28553.823826001,0.2919223334174603,0.734532000933541,1.0264543343510013,9.44292299755034,6.276599000557326,6.055932000890607,22.801908333349274
1,225,28553.834357426,28553.834448012,28553.834723681,28553.845047839,28553.851724089,28553.857986928,0.09058599971467629,0.2756690009846352,0.3662550006993115,10.32415800000308,6.6762499991455115,6.262839000555687,23.62950200040359
1,226,28553.867690759333,28553.867980558,28553.868743284,28553.878177864,28553.88424173,28553.890307644,0.28979866692679934,0.7627260019944515,1.0525246689212508,9.434579998924164,6.063865999749396,6.065913999918848,22.61688466751366
1,227,28553.901024092665,28553.901388112,28553.901678113,28553.912079874,28553.918464279,28553.924374534,0.3640193353930954,0.29000100039411336,0.6540203357872088,10.401760999229737,6.384404998243554,5.910255000344478,23.350441333604977
1,228,28553.934357426,28553.934445135,28553.934716526,28553.94490548,28553.944994147,28553.951326285,0.0877090024005156,0.27139099984196946,0.35910000224248506,10.188953998294892,0.08866700227372348,6.332138000288978,16.96885900310008
1,229,28553.967690759335,28553.967992227,28553.968783825,28553.978492544,28553.98358759,28553.989194964,0.30146766584948637,0.7915979986137245,1.0930656644632109,9.708719000627752,5.0950459990417585,5.607374001556309,21.50420466568903
1,230,28554.001024092668,28554.00131429,28554.001353725,28554.010690082,28554.010927111,28554.0170707,0.2901973311963957,0.03943500269087963,0.3296323338872753,9.336356997664552,0.23702900216449052,6.143588998384075,16.046607332100393
1,231,28554.034357426,28554.034445713,28554.034710316,28554.044988168,28554.050819941,28554.055969312,0.08828700083540753,0.26460299704922363,0.35288999788463116,10.27785200130893,5.83177299995441,5.149371001607506,21.611886000755476
1,232,28554.067690759333,28554.06798436,28554.068694354,28554.078077564,28554.083361315,28554.088936948,0.2936006676463876,0.7099939975887537,1.0035946652351413,9.383210002852138,5.2837509974779096,5.5756330002623145,21.246188665827503
1,233,28554.101024092666,28554.101333489,28554.102002141,28554.111359933,28554.11690601,28554.12217065,0.30939633506932296,0.6686519991490059,0.9780483342183288,9.357791997899767,5.5460770017816685,5.264639999950305,21.14655733385007
1,234,28554.134357426,28554.134446524,28554.134658821,28554.145010212,28554.145288232,28554.150927134,0.08909800089895725,0.21229699996183626,0.3013950008607935,10.351390999858268,0.27802000113297254,5.638901999191148,16.569708001043182
1,235,28554.167690759332,28554.168048793,28554.168338248,28554.178591379,28554.184726663,28554.190095647,0.3580336669983808,0.2894550016208086,0.6474886686191894,10.253131000354188,6.135283998446539,5.368984002416255,22.40488766983617
1,236,28554.201024092665,28554.201321301,28554.201604182,28554.211828721,28554.217765632,28554.223137635,0.2972083348140586,0.28288099929341115,0.5800893341074698,10.224539000773802,5.936910998570966,5.372003000957193,22.11354233440943
1,237,28554.234357426,28554.23444691,28554.235125414,28554.244486734,28554.249718727,28554.254920023,0.0894839977263473,0.6785040022805333,0.7679880000068806,9.361319996969542,5.231993000052171,5.201296000450384,20.562596997478977
1,238,28554.267690759334,28554.267991837,28554.268286125,28554.278488107,28554.284533169,28554.289746106,0.3010776672454085,0.29428799825836904,0.5953656655037776,10.201982000580756,6.045062000339385,5.212936997850193,22.05534666427411
1,239,28554.301024092667,28554.301326696,28554.301623411,28554.311832606,28554.312066636,28554.317798306,0.3026033336936962,0.29671499942196533,0.5993183331156615,10.209194999333704,0.2340300015930552,5.731670000386657,16.774213334429078
1,240,28554.334357426,28554.334449574,28554.33472666,28554.344943151,28554.351060833,28554.356322251,0.09214799865731038,0.27708600100595504,0.3692339996632654,10.216491002211114,6.117681998148328,5.261417998553952,21.96482499857666
1,241,28554.367690759333,28554.367984797,28554.368709958,28554.378076186,28554.383508402,28554.389005774,0.29403766893665306,0.725160996807972,1.019198665744625,9.366228001454147,5.432215999462642,5.49737199980882,21.315014666470233
1,242,28554.401024092665,28554.401129351,28554.401392398,28554.411449426,28554.417247459,28554.422701387,0.10525833567953669,0.26304699713364244,0.3683053328131791,10.057028001028812,5.798033002065495,5.453927999042207,21.677294334949693
1,243,28554.434357426,28554.434434619,28554.435093863,28554.444464174,28554.449811352,28554.455113649,0.07719300265307538,0.6592440004169475,0.7364370030700229,9.370310999656795,5.347177997464314,5.302297002344858,20.75622300253599
1,244,28554.467690759335,28554.468014266,28554.468305824,28554.478377351,28554.484016613,28554.489446754,0.3235066651541274,0.2915580007538665,0.6150646659079939,10.07152699821745,5.639262002659962,5.430140998214483,21.75599466499989
1,245,28554.501024092668,28554.501319653,28554.501992286,28554.511330661,28554.516922118,28554.522446231,0.2955603340524249,0.6726329993398394,0.9681933333922643,9.338374999060761,5.5914570002641995,5.524112999410136,21.42213833212736
1,246,28554.534357426,28554.534446215,28554.534709262,28554.544929244,28554.551085805,28554.556751541,0.0887889982550405,0.26304700077162124,0.35183599902666174,10.219981999398442,6.156561001262162,5.665736000082688,22.394114999769954
1,247,28554.567690759333,28554.567979362,28554.568699338,28554.578135973,28554.583506243,28554.589094524,0.2886026668420527,0.7199760002549738,1.0085786670970265,9.436634998564841,5.37027000245871,5.588280997471884,21.403764665592462
1,248,28554.601024092666,28554.601349119,28554.60163924,28554.611799852,28554.617976626,28554.623368832,0.3250263325753622,0.2901210027630441,0.6151473353384063,10.160611996980151,6.176774000778096,5.392205999669386,22.34473933276604
1,249,28554.634357426,28554.635159813,28554.635362166,28554.645278832,28554.650896909,28554.657209888,0.8023869995668065,0.20235299962223507,1.0047399991890416,9.916666000208352,5.618077000690391,6.312978999631014,22.8524619997188
1,250,28554.667690759332,28554.667800381,28554.668616331,28554.677983696,28554.683637219,28554.689349629,0.10962166925310157,0.8159499993780628,0.9255716686311644,9.3673650007986,5.653522999637062,5.712409998523071,21.658869667589897
1,251,28554.701024092665,28554.701108528,28554.701131546,28554.710507663,28554.710751442,28554.716871902,0.08443533442914486,0.02301800122950226,0.10745333565864712,9.376116999192163,0.24377899899263866,6.120460002421169,15.847809336264618
1,252,28554.734357426,28554.734437009,28554.734706361,28554.744961317,28554.751065314,28554.756752743,0.07958299829624593,0.2693520000320859,0.34893499832833186,10.254955999698723,6.103997002355754,5.687428998498945,22.395316998881754
1,253,28554.767690759334,28554.767799869,28554.768080686,28554.778242594,28554.784326294,28554.789753722,0.1091096673917491,0.2808169992931653,0.3899266666849144,10.161907997826347,6.083700001909165,5.427428000984946,22.062962667405372
1,254,28554.801024092667,28554.801108803,28554.801393267,28554.811612806,28554.818054119,28554.823706465,0.08471033288515173,0.2844640002876986,0.3691743331728503,10.219538999081124,6.441313002142124,5.652345997077646,22.682372331473744
1,255,28554.834357426,28554.834437784,28554.834653369,28554.84491673,28554.845160103,28554.851031524,0.08035800055949949,0.21558499793172814,0.2959429984912276,10.263361000397708,0.24337300055776723,5.871420999028487,16.67409799847519
1,256,28554.867690759333,28554.867822969,28554.868517556,28554.877927079,28554.883440972,28554.889136642,0.1322096686635632,0.6945869972696528,0.826796665933216,9.409523001522757,5.513893000170356,5.695669999113306,21.445882666739635
1,257,28554.901024092665,28554.901165376,28554.901833462,28554.91123281,28554.916627498,28554.921972203,0.141283333505271,0.6680860024061985,0.8093693359114695,9.399347996804863,5.394688003434567,5.344704997696681,20.94811033384758
1,258,28554.934357426,28554.934446439,28554.934470023,28554.94370249,28554.943937418,28554.949962812,0.08901300316210836,0.02358399797230959,0.11259700113441795,9.232467000401812,0.23492800028179772,6.025393999152584,15.605386000970611
1,259,28554.967690759335,28554.967766984,28554.968449349,28554.977854457,28554.983146125,28554.988843823,0.07622466364409775,0.6823650001024362,0.7585896637465339,9.405108001374174,5.291667999699712,5.697698001313256,21.153063666133676
1,260,28555.001024092668,28555.0011024,28555.001367494,28555.011565607,28555.018053975,28555.023682368,0.07830733375158161,0.26509399685892276,0.3434013306105044,10.198113002843456,6.488367998827016,5.628392998914933,22.65827533119591
1,261,28555.034357426,28555.034434353,28555.034688002,28555.044749503,28555.05051797,28555.055967537,0.07692700091865845,0.2536489992053248,0.33057600012398325,10.061500997835537,5.768467002781108,5.449566997413058,21.610110998153687
1,262,28555.067690759333,28555.067767741,28555.06847181,28555.077891788,28555.083470495,28555.088999683,0.07698166518821381,0.704068999766605,0.7810506649548188,9.419978003279539,5.578706997766858,5.5291880016739015,21.308923667675117
1,263,28555.101024092666,28555.101121574,28555.101769633,28555.111138148,28555.116943402,28555.122455674,0.09748133379616775,0.648058998194756,0.7455403319909237,9.36851500227931,5.805254000733839,5.512272000487428,21.4315813354915
1,264,28555.134357426,28555.134436722,28555.135077873,28555.144459462,28555.150045123,28555.155524384,0.07929600178613327,0.641151000309037,0.7204470020951703,9.381588999531232,5.585660997894593,5.479261002619751,21.166958002140746
1,265,28555.167690759332,28555.167769276,28555.168054416,28555.178249139,28555.184525017,28555.189930954,0.07851666669012047,0.28514000223367475,0.3636566689237952,10.194722999585792,6.275878000451485,5.405936997703975,22.240194666665047
1,266,28555.201024092665,28555.201098478,28555.201367378,28555.211530582,28555.218060868,28555.22365401,0.07438533430104144,0.2688999993551988,0.34328533365624025,10.163204002310522,6.530285998451291,5.593141999270301,22.629917333688354
1,267,28555.234357426,28555.23443405,28555.234690811,28555.24492946,28555.251058188,28555.256493912,0.07662399730179459,0.256761002674466,0.3333849999762606,10.238648999802535,6.128728000476258,5.435723996924935,22.13648599717999
1,268,28555.267690759334,28555.267765669,28555.268472932,28555.277899743,28555.283383902,28555.28926575,0.07490966527257115,0.7072629996400792,0.7821726649126504,9.42681100059417,5.4841589990246575,5.8818480029003695,21.574990667431848
1,269,28555.301024092667,28555.301102028,28555.301363178,28555.311511965,28555.317533776,28555.323000241,0.07793533222866245,0.2611500021885149,0.33908533441717736,10.148786997888237,6.021811001119204,5.466464997880394,21.976148331305012
1,270,28555.334357426,28555.334433544,28555.334456627,28555.343699076,28555.343930086,28555.350054204,0.07611800174345262,0.02308299735886976,0.09920099910232238,9.242448999430053,0.23101000260794535,6.124117997387657,15.696777998527978
1,271,28555.367690759333,28555.367767107,28555.36845198,28555.377879995,28555.383430211,28555.388904954,0.07634766734554432,0.6848730008641724,0.7612206682097167,9.428015000594314,5.550215999392094,5.474743000377202,21.214194668573327
1,272,28555.401024092665,28555.401099966,28555.401361448,28555.41149505,28555.418059975,28555.423703274,0.07587333311676048,0.2614820004964713,0.3373553336132318,10.13360200158786,6.564924999111099,5.643298998620594,22.679181332932785
1,273,28555.434357426,28555.434433371,28555.435107902,28555.444502509,28555.450091864,28555.455571487,0.07594500129926018,0.6745310020050965,0.7504760033043567,9.394606997375377,5.5893550015753135,5.4796229997009505,21.214061001955997
1,274,28555.467690759335,28555.467769323,28555.468050195,28555.478296677,28555.484654972,28555.490224327,0.07856366573832929,0.2808719982567709,0.3594356639951002,10.246482001093682,6.35829499879037,5.569355002080556,22.53356766595971
1,275,28555.501024092668,28555.501098748,28555.501782122,28555.511156526,28555.516976901,28555.522547923,0.07465533053618856,0.6833740008005407,0.7580293313367292,9.374404002301162,5.820374997711042,5.57102200036752,21.523830331716454
1,276,28555.534357426,28555.534437108,28555.534700083,28555.54494713,28555.551223785,28555.556772834,0.07968199861352332,0.2629750015330501,0.3426570001465734,10.247047001030296,6.276654999965103,5.549048997636419,22.41540799877839
1,277,28555.567690759333,28555.567764117,28555.56847601,28555.577852553,28555.583495269,28555.58929194,0.07335766713367775,0.7118930006981827,0.7852506678318605,9.376542999234516,5.642715997964842,5.79667100100778,21.601180666039
1,278,28555.601024092666,28555.601102209,28555.601367534,28555.611587952,28555.618151516,28555.623707557,0.07811633258825168,0.2653250012372155,0.34344133382546715,10.220418000244536,6.563563998497557,5.556041000090772,22.683464332658332
1,279,28555.634357426,28555.63609668,28555.636314783,28555.646385551,28555.652408095,28555.658621323,1.739253999403445,0.21810300313518383,1.9573570025386289,10.07076799942297,6.022543999279151,6.213227999978699,24.263897001219448
1,280,28555.667690759332,28555.667791791,28555.668535397,28555.677909189,28555.68477269,28555.690767686,0.101031666417839,0.743606000469299,0.844637666887138,9.37379199967836,6.8635010029538535,5.994995997752994,23.076926667272346
1,281,28555.701024092665,28555.701128337,28555.701404902,28555.711723311,28555.717989077,28555.723884156,0.10424433639855124,0.2765649987850338,0.38080933518358506,10.318409000319662,6.265765998250572,5.895079000765691,22.86006333451951
1,282,28555.734357426,28555.734463946,28555.734750679,28555.745066468,28555.745320969,28555.751594523,0.10651999764377251,0.28673300039372407,0.3932529980374966,10.31578900074237,0.25450099929003045,6.273554001381854,17.23709699945175
1,283,28555.767690759334,28555.767785797,28555.767810326,28555.777241396,28555.777493212,28555.783870914,0.09503766705165617,0.024528999347239733,0.1195666663988959,9.431070000573527,0.25181599994539283,6.377702000463614,16.18015466738143
1,284,28555.801024092667,28555.801137389,28555.801855865,28555.81132552,28555.817317247,28555.823227474,0.113296333438484,0.7184759997471701,0.8317723331856541,9.469655000430066,5.991727000946412,5.910226998821599,22.20338133338373
1,285,28555.834357426,28555.834477471,28555.834753751,28555.84506528,28555.845309873,28555.851750047,0.12004499876638874,0.27628000316326506,0.3963250019296538,10.311528996680863,0.24459300038870424,6.440174001909327,17.392621000908548
1,286,28555.867690759333,28555.867788237,28555.867812784,28555.877784172,28555.878058358,28555.884821266,0.0974776667135302,0.024547000066377223,0.12202466677990742,9.971388000849402,0.2741860007517971,6.762908000382595,17.1305066687637
1,287,28555.901024092665,28555.901133772,28555.901421386,28555.911668543,28555.918378608,28555.924324687,0.10967933485517278,0.28761399880750105,0.39729333366267383,10.247157002595486,6.710064997605514,5.94607899984112,23.300594333704794
1,288,28555.934357426,28555.934453807,28555.934725753,28555.94506456,28555.951807439,28555.958182844,0.09638100164011121,0.27194599897484295,0.36832700061495416,10.338807001971873,6.742878998920787,6.375404998834711,23.825418000342324
1,289,28555.967690759335,28555.967790462,28555.968072751,28555.97835277,28555.985290447,28555.991343128,0.09970266546588391,0.28228899827809073,0.38199166374397464,10.280018999765161,6.937677000678377,6.052681001165183,23.652368665352697
1,290,28556.001024092668,28556.001200951,28556.001946131,28556.011345646,28556.017746672,28556.02378551,0.1768583315424621,0.7451800011040177,0.9220383326464798,9.399514998222003,6.401026003004517,6.0388379970390815,22.76141733091208
1,291,28556.034357426,28556.034451819,28556.034759117,28556.045095702,28556.051409385,28556.057420454,0.09439299901714548,0.30729799982509576,0.40169099884224124,10.336585000914056,6.313682999461889,6.011068999214331,23.063027998432517
1,292,28556.067690759333,28556.067771678,28556.068494497,28556.077926919,28556.08382572,28556.090069912,0.08091866766335443,0.7228190006571822,0.8037376683205366,9.432421997189522,5.898801002331311,6.244191998121096,22.379152665962465
1,293,28556.101024092666,28556.101105047,28556.101802089,28556.111226243,28556.117144099,28556.12303803,0.08095433440757915,0.6970419999561273,0.7779963343637064,9.424153999134433,5.917856000451138,5.893931000173325,22.013937334122602
1,294,28556.134357426,28556.134439501,28556.135148375,28556.14455125,28556.150596053,28556.156757781,0.08207499922718853,0.7088740021572448,0.7909490013844334,9.402874999068445,6.044803001714172,6.161727997096023,22.400354999263072
1,295,28556.167690759332,28556.167772102,28556.168052343,28556.178350827,28556.185130438,28556.192177829,0.08134266681736335,0.28024100174661726,0.3615836685639806,10.298483997758012,6.779611001547892,7.047391001833603,24.487069669703487
1,296,28556.201024092665,28556.201105859,28556.201393565,28556.211522399,28556.217361301,28556.223417613,0.08176633491530083,0.2877059996535536,0.3694723345688544,10.128834001079667,5.838902001414681,6.056311998690944,22.393520335754147
1,297,28556.234357426,28556.234437673,28556.234703157,28556.24491362,28556.245147936,28556.251513416,0.0802469985501375,0.2654839991009794,0.3457309976511169,10.210463002295,0.2343159976589959,6.365479999658419,17.155989997263532
1,298,28556.267690759334,28556.267768404,28556.268509195,28556.277919877,28556.283997587,28556.290091176,0.07764466499793343,0.7407910015899688,0.8184356665879022,9.410681999725057,6.077710000681691,6.0935889996471815,22.40041666664183
1,299,28556.301024092667,28556.301105654,28556.301803009,28556.311223552,28556.317215761,28556.323024923,0.08156133480952121,0.6973549971007742,0.7789163319102954,9.420542999578174,5.992209000396542,5.80916200124193,22.00083033312694
1,300,28556.334357426,28556.334438431,28556.334658515,28556.345048369,28556.351565071,28556.357566632,0.08100500053842552,0.2200839990109671,0.3010889995493926,10.38985400009551,6.51670200022636,6.001560999720823,23.209205999592086
1,301,28556.367690759333,28556.3677713,28556.368501823,28556.377875291,28556.384047454,28556.390173701,0.08054066711338237,0.7305229992198292,0.8110636663332116,9.3734680012858,6.172163000883302,6.126246997155249,22.482941665657563
1,302,28556.401024092665,28556.401104938,28556.401391717,28556.411639478,28556.411901072,28556.418341182,0.08084533328656107,0.28677900263573974,0.3676243359223008,10.247760998026934,0.2615939993120264,6.440110002586152,17.317089335847413
1,303,28556.434357426,28556.434439715,28556.435154385,28556.444569595,28556.450511693,28556.456581207,0.0822890033305157,0.7146699972508941,0.7969590005814098,9.415210002771346,5.9420979996502865,6.069513998227194,22.223781001230236
1,304,28556.467690759335,28556.467771594,28556.468055975,28556.478331892,28556.485261385,28556.491329057,0.08083466673269868,0.2843809998012148,0.36521566653391346,10.275917000399204,6.929492999915965,6.067671998607693,23.638297665456776
1,305,28556.501024092668,28556.50110488,28556.501386437,28556.511678623,28556.518348558,28556.524449343,0.08078733299043961,0.2815570005623158,0.3623443335527554,10.292185997968772,6.669934999081306,6.100785001763143,23.425250332365977
1,306,28556.534357426,28556.534434703,28556.534697445,28556.544988206,28556.551649576,28556.55797426,0.07727699994575232,0.2627419999043923,0.3400189998501446,10.290760998032056,6.661370000074385,6.324683999991976,23.61683399794856
1,307,28556.567690759333,28556.567769138,28556.567787129,28556.577126096,28556.57740357,28556.584021311,0.07837866724003106,0.017990998458117247,0.09636966569814831,9.338967000076082,0.2774740023596678,6.617740997171495,16.330551665305393
1,308,28556.601024092666,28556.601102414,28556.601317452,28556.611028014,28556.611274283,28556.617799088,0.0783213326940313,0.21503800235223025,0.29335933504626155,9.710561997053446,0.24626900267321616,6.524804997752653,16.774995332525577
1,309,28556.634357426,28556.634444773,28556.634648181,28556.644739143,28556.650881955,28556.656691283,0.08734700168133713,0.20340799892437644,0.2907550006057136,10.090962001413573,6.142811998870457,5.809327998576919,22.33385699946666
1,310,28556.667690759332,28556.667784084,28556.668492181,28556.677919862,28556.685003827,28556.691112963,0.09332466652267613,0.7080970026436262,0.8014216691663023,9.427680997760035,7.083964999765158,6.109136000304716,23.42220366699621
1,311,28556.701024092665,28556.701108258,28556.701795744,28556.711198508,28556.717505756,28556.723503178,0.08416533455601893,0.6874860009702388,0.7716513355262578,9.402764000697061,6.307248000666732,5.997421998472419,22.47908533536247
1,312,28556.734357426,28556.734438978,28556.734710656,28556.74482697,28556.751100875,28556.757290752,0.08155199975590222,0.2716779999900609,0.35322999974596314,10.116313998878468,6.273905000853119,6.189876999997068,22.93332599947462
1,313,28556.767690759334,28556.767768893,28556.768056718,28556.778345025,28556.785173979,28556.791264632,0.07813366755726747,0.28782499794033356,0.36595866549760103,10.288306999427732,6.828953999502119,6.090653001592727,23.57387266602018
1,314,28556.801024092667,28556.801102104,28556.801394559,28556.811717013,28556.818290771,28556.824598529,0.0780113332439214,0.2924549989984371,0.3704663322423585,10.32245399983367,6.573758000740781,6.3077580016397405,23.57443633445655
1,315,28556.834357426,28556.834433842,28556.834700205,28556.845030494,28556.851696642,28556.857909102,0.07641599950147793,0.2663630002643913,0.34277899976586923,10.33028900201316,6.6661479977483395,6.212460000824649,23.551676000352018
1,316,28556.867690759333,28556.867786824,28556.868506837,28556.877899416,28556.884093442,28556.890148947,0.09606466846889816,0.7200129984994419,0.81607766696834,9.392578998813406,6.194026002049213,6.055505000404082,22.45818766823504
1,317,28556.901024092665,28556.901104026,28556.901320463,28556.911613343,28556.911884483,28556.918379039,0.07993333565536886,0.2164369980164338,0.29637033367180265,10.292880000633886,0.271140001132153,6.494556000689045,17.354946336126886
1,318,28556.934357426,28556.934438164,28556.935137992,28556.944566526,28556.950685153,28556.956836213,0.08073800199781545,0.6998280005063862,0.7805660025042016,9.428533998288913,6.118626999523258,6.151060002594022,22.478787002910394
1,319,28556.967690759335,28556.967773738,28556.968050563,28556.978349286,28556.985237723,28556.991242071,0.0829786658869125,0.27682499785441905,0.35980366374133155,10.298723002051702,6.888437001180137,6.004347997077275,23.551311664050445
1,320,28557.001024092668,28557.00111108,28557.001382988,28557.01160586,28557.018567602,28557.024629219,0.08698733290657401,0.2719080002862029,0.3588953331927769,10.22287199884886,6.961742001294624,6.061616997612873,23.605126330949133
1,321,28557.034357426,28557.034436625,28557.034650293,28557.04505347,28557.051573442,28557.057671855,0.07919899871922098,0.21366800137911923,0.2928670000983402,10.403176998806885,6.519972001115093,6.098412999563152,23.31442899958347
1,322,28557.067690759333,28557.067769597,28557.068511462,28557.077961597,28557.08330745,28557.089375669,0.07883766738814302,0.7418649984174408,0.8207026658055838,9.450134999497095,5.345853001927026,6.06821899782517,21.684909665054874
1,323,28557.101024092666,28557.101103317,28557.101318087,28557.111686108,28557.117787558,28557.123715304,0.07922433360363357,0.21476999972946942,0.293994333333103,10.368021001340821,6.101449998823227,5.927745998633327,22.69121133213048
1,324,28557.134357426,28557.134435511,28557.135147978,28557.144603752,28557.150810999,28557.156881228,0.078085002314765,0.7124669973563869,0.7905519996711519,9.455774001253303,6.207246999110794,6.070228999305982,22.52380199934123
1,325,28557.167690759332,28557.167770973,28557.168477274,28557.177858511,28557.183340772,28557.189227499,0.08021366738830693,0.7063010016281623,0.7865146690164693,9.381236999615794,5.482260999997379,5.886726998141967,21.53673966677161
1,326,28557.201024092665,28557.201116602,28557.201348186,28557.210991183,28557.211050378,28557.217248515,0.09250933362636715,0.23158400290412828,0.32409333653049543,9.642996999900788,0.05919499744777568,6.1981370017747395,16.2244223356538
1,327,28557.234357426,28557.234436572,28557.234713314,28557.244961232,28557.251672305,28557.257686246,0.07914599700598046,0.27674200100591406,0.3558879980118945,10.247918002278311,6.711072997859446,6.013941001583589,23.32881999973324
1,328,28557.267690759334,28557.26776618,28557.267983432,28557.277615689,28557.277673596,28557.283940788,0.07542066668975167,0.21725199985667132,0.292672666546423,9.632256998884259,0.05790700015495531,6.267191998631461,16.250028664217098
1,329,28557.301024092667,28557.301101937,28557.301814358,28557.311234854,28557.316632069,28557.322470527,0.07784433182678185,0.7124210023903288,0.7902653342171106,9.420496000529965,5.397214998083655,5.8384580006531905,21.44643433348392
1,330,28557.334357426,28557.334435991,28557.334655362,28557.345053355,28557.352056402,28557.358187436,0.0785650008765515,0.2193709988205228,0.2979359996970743,10.39799299906008,7.003047001489904,6.1310339988267515,23.83000999907381
1,331,28557.367690759333,28557.367769248,28557.368504067,28557.377927054,28557.383462622,28557.389392246,0.0784886688052211,0.7348189974436536,0.8133076662488747,9.422987001016736,5.535568001505453,5.929623999691103,21.701486668462167
1,332,28557.401024092665,28557.401103542,28557.40132158,28557.410972827,28557.411031439,28557.417278612,0.07944933531689458,0.2180379997298587,0.2974873350467533,9.651247000874719,0.05861200043000281,6.247172997973394,16.25451933432487
1,333,28557.434357426,28557.43443717,28557.434654652,28557.445095978,28557.451751042,28557.457844752,0.07974400068633258,0.21748200015281327,0.29722600083914585,10.441326001455309,6.655064000369748,6.093709998822305,23.487326001486508
1,334,28557.467690759335,28557.467769844,28557.468480412,28557.477913761,28557.48348307,28557.489498982,0.0790846643212717,0.7105680015229154,0.7896526658441871,9.433348997845314,5.56930899983854,6.015912000293611,21.808222663821653
1,335,28557.501024092668,28557.501104574,28557.501321325,28557.511566031,28557.511623577,28557.517861704,0.0804813316790387,0.2167509992432315,0.2972323309222702,10.2447060016857,0.057545999879948795,6.238126999960514,16.837611332448432
1,336,28557.534357426,28557.534434574,28557.535142319,28557.544538648,28557.550569987,28557.556504502,0.07714800085523166,0.7077449990902096,0.7848929999454413,9.396328998263925,6.031339002220193,5.934515000262763,22.147076000692323
1,337,28557.567690759333,28557.567771073,28557.568061844,28557.578361094,28557.58454425,28557.59037943,0.08031366814975627,0.29077099679852836,0.3710846649482846,10.299250003299676,6.183155997860013,5.8351799998490606,22.688670665957034
1,338,28557.601024092666,28557.601100054,28557.601814549,28557.611282249,28557.61667014,28557.622626191,0.07596133218612522,0.7144950031943154,0.7904563353804406,9.46769999791286,5.387891000282252,5.9560510017035995,21.602098335279152
1,339,28557.634357426,28557.63444385,28557.634644943,28557.644693146,28557.650289742,28557.656194497,0.08642399916425347,0.2010930002143141,0.28751699937856756,10.048203002952505,5.596595998213161,5.90475500212051,21.837071002664743
1,340,28557.667690759332,28557.667777218,28557.668517907,28557.677934061,28557.684601793,28557.690777762,0.08645866910228506,0.7406889999401756,0.8271476690424606,9.416154000064125,6.667731999186799,6.175968999741599,23.087002668034984
1,341,28557.701024092665,28557.701107264,28557.701796231,28557.711171292,28557.716654887,28557.722511345,0.08317133688251488,0.6889669966767542,0.7721383335592691,9.375061003083829,5.483594999532215,5.8564579994708765,21.48725233564619
1,342,28557.734357426,28557.734437356,28557.734651959,28557.744968016,28557.751193013,28557.757422372,0.07992999962880276,0.21460299831232987,0.29453299794113263,10.316056999727152,6.224996999662835,6.229359001736157,23.064945999067277
1,343,28557.767690759334,28557.76776642,28557.767983782,28557.778313728,28557.778544414,28557.78486782,0.07566066415165551,0.21736200142186135,0.29302266557351686,10.329945998819312,0.23068600057740696,6.323405999864917,17.177060664835153
1,344,28557.801024092667,28557.801101215,28557.801375272,28557.811678977,28557.818231449,28557.824337714,0.07712233127676882,0.27405700166127644,0.35117933293804526,10.303704999387264,6.552472001203569,6.106264998379629,23.313621331908507
1,345,28557.834357426,28557.834435816,28557.834651744,28557.844671197,28557.850462173,28557.856262409,0.07838999954401515,0.21592800112557597,0.29431800066959113,10.01945299867657,5.790975999843795,5.800236001960002,21.904983001149958
1,346,28557.867690759333,28557.867768139,28557.868497541,28557.877916038,28557.883375197,28557.889430843,0.07737966734566726,0.7294019997061696,0.8067816670518368,9.418497000297066,5.4591590014752,6.055645997548709,21.74008366637281
1,347,28557.901024092665,28557.901107638,28557.901384315,28557.911621798,28557.918240038,28557.924159303,0.08354533565579914,0.27667699760058895,0.3602223332563881,10.23748300212901,6.61824000053457,5.9192649969190825,23.13521033283905
1,348,28557.934357426,28557.93445248,28557.934742111,28557.944984196,28557.945042112,28557.951242119,0.09505400157650001,0.2896309997595381,0.3846850013360381,10.242085001664236,0.05791599687654525,6.200007002917118,16.884693002793938
1,349,28557.967690759335,28557.967770303,28557.968058211,28557.978326166,28557.978429647,28557.984560274,0.07954366446938366,0.28790800206479616,0.3674516665341798,10.267955000017537,0.10348099749535322,6.130626999947708,16.869514663994778
1,350,28558.001024092668,28558.001105754,28558.001819629,28558.011240161,28558.016711544,28558.022673649,0.08166133193299174,0.7138750006561168,0.7955363325891085,9.420531998330262,5.471383003168739,5.962104998616269,21.64955633270438
1,351,28558.034357426,28558.034440177,28558.034656318,28558.044999949,28558.051409743,28558.057943603,0.0827510011731647,0.21614099750877358,0.2988919986819383,10.343631001887843,6.409793997590896,6.533859999763081,23.586176997923758
1,352,28558.067690759333,28558.067769823,28558.068476114,28558.077908184,28558.084067635,28558.090210956,0.07906366590759717,0.7062910008244216,0.7853546667320188,9.432070000912063,6.159451000712579,6.143320999399293,22.520196667755954
1,353,28558.101024092666,28558.101103256,28558.10138223,28558.111715871,28558.118006849,28558.123813288,0.07916333561297506,0.2789739992294926,0.3581373348424677,10.333640999306226,6.290977999015013,5.806438999570673,22.78919533273438
1,354,28558.134357426,28558.134434708,28558.134649635,28558.144950303,28558.145074608,28558.151339254,0.07728200216661207,0.21492700034286827,0.29220900250948034,10.300668000127189,0.124304999189917,6.264645999181084,16.98182800100767
1,355,28558.167690759332,28558.16777103,28558.168507108,28558.177919492,28558.183968267,28558.190166699,0.08027066724025644,0.7360780000453815,0.8163486672856379,9.412383999006124,6.048775001545437,6.198432001838228,22.475939669675427
1,356,28558.201024092665,28558.201104306,28558.201797485,28558.211211065,28558.217184792,28558.223243603,0.08021333633223549,0.6931789976079017,0.7733923339401372,9.41358000272885,5.973726998490747,6.058810999093112,22.219510334252845
1,357,28558.234357426,28558.234437378,28558.234653889,28558.245006788,28558.251683742,28558.257979546,0.07995199848664925,0.21651100178132765,0.2964630002679769,10.352899000281468,6.676953998976387,6.295803999819327,23.62211999934516
1,358,28558.267690759334,28558.26776847,28558.268077037,28558.278301806,28558.278577355,28558.285315243,0.07771066520945169,0.3085669995925855,0.3862776648020372,10.224769001069944,0.2755489986157045,6.737888001225656,17.624483665713342
1,359,28558.301024092667,28558.301101812,28558.301365054,28558.311704343,28558.318292119,28558.324276097,0.07771933451294899,0.26324200007366017,0.34096133458660915,10.339288997784024,6.587775998923462,5.983978000585921,23.252004331880016
1,360,28558.334357426,28558.334433875,28558.334694961,28558.344979166,28558.345080722,28558.351384525,0.07644899960723706,0.26108599922736175,0.3375349988345988,10.284205000061775,0.10155600102734752,6.303803002083441,17.027099002007162
1,361,28558.367690759333,28558.367769245,28558.368529592,28558.378100765,28558.383090404,28558.388588953,0.07848566747270525,0.760347000323236,0.8388326677959412,9.571172999130795,4.989639000996249,5.498548998730257,20.898193666653242
1,362,28558.401024092665,28558.40111617,28558.401395043,28558.411568006,28558.41802844,28558.423632841,0.09207733455696143,0.27887300166185014,0.37095033621881157,10.172962996875867,6.4604340004734695,5.604401001619408,22.608748335187556
1,363,28558.434357426,28558.434438383,28558.434714107,28558.444905006,28558.451072836,28558.456701024,0.08095700104604475,0.2757239999482408,0.35668100099428557,10.190899000008358,6.16783000077703,5.628187998809153,22.343598000588827
1,364,28558.467690759335,28558.467769873,28558.467789697,28558.477084063,28558.477316573,28558.483298708,0.07911366628832184,0.019823997718049213,0.09893766400637105,9.294366001995513,0.23250999947777018,5.9821350005222484,15.607948666001903
1,365,28558.501024092668,28558.501101289,28558.501770958,28558.511180575,28558.516961283,28558.522481249,0.07719633140368387,0.6696689997625072,0.746865331166191,9.409616999619175,5.780708001111634,5.519966001884313,21.457156333781313
1,366,28558.534357426,28558.534437398,28558.534711382,28558.544935021,28558.55123801,28558.556752614,0.07997200009413064,0.27398399834055454,0.35395599843468517,10.223639001196716,6.302989000687376,5.514603999472456,22.395187999791233
1,367,28558.567690759333,28558.567768833,28558.568484392,28558.577850018,28558.583275372,28558.588813392,0.07807366637280211,0.7155589992180467,0.7936326655908488,9.365625999635085,5.42535400018096,5.538020002859412,21.122632668266306
1,368,28558.601024092666,28558.601102034,28558.601372183,28558.611607453,28558.618171711,28558.623955623,0.07794133489369415,0.27014899751520716,0.3480903324089013,10.235270001430763,6.5642580011626706,5.78391199815087,22.931530333153205
1,369,28558.634357426,28558.634446125,28558.635182832,28558.644624329,28558.650101562,28558.65599991,0.08869900193531066,0.73670699930517,0.8254060012404807,9.44149700080743,5.477233000419801,5.898347997572273,21.642484000039985
1,370,28558.667690759332,28558.667776029,28558.668070688,28558.678232605,28558.6784737,28558.685441404,0.08526966848876327,0.29465899933711626,0.37992866782587953,10.161917001823895,0.241095000092173,6.967703997361241,17.750644667103188
1,371,28558.701024092665,28558.701106212,28558.701782911,28558.711160416,28558.717487701,28558.723500058,0.08211933527491055,0.6766990009055007,0.7588183361804113,9.377505000884412,6.327284998405958,6.01235700014513,22.47596533561591
1,372,28558.734357426,28558.73444046,28558.734713157,28558.745033972,28558.75165761,28558.757721041,0.08303399954456836,0.2726969978539273,0.3557309973984957,10.320815003069583,6.6236379971087445,6.063431002985453,23.363615000562277
1,373,28558.767690759334,28558.767770865,28558.768501934,28558.777928208,28558.783255024,28558.789254751,0.0801056667114608,0.731068997993134,0.8111746647045948,9.426274002180435,5.326815997250378,5.999727000016719,21.563991664152127
1,374,28558.801024092667,28558.801105641,28558.8013243,28558.8111264,28558.811402854,28558.817831186,0.08154833267326467,0.21865899907425046,0.3002073317475151,9.802100001252256,0.27645400041365065,6.4283319989044685,16.80709333231789
1,375,28558.834357426,28558.834436121,28558.834717196,28558.84487366,28558.851132741,28558.857061801,0.07869500041124411,0.2810750011121854,0.35977000152342953,10.156463999010157,6.25908100118977,5.92906000019866,22.704375001922017
1,376,28558.867690759333,28558.867768971,28558.868503392,28558.877963398,28558.883878533,28558.890012299,0.07821166582289152,0.7344210025621578,0.8126326683850493,9.460006000153953,5.915134999668226,6.133766000857577,22.321539669064805
1,377,28558.901024092665,28558.901105721,28558.901126665,28558.910426125,28558.910483078,28558.917052781,0.08162833546521142,0.020944000425515696,0.10257233589072712,9.29945999814663,0.05695300205843523,6.569702996785054,16.028688332880847
1,378,28558.934357426,28558.934437007,28558.934456544,28558.943784541,28558.944058838,28558.950479216,0.07958100104588084,0.019537001207936555,0.0991180022538174,9.32799699876341,0.2742969991231803,6.420378002076177,16.121790002216585
1,379,28558.967690759335,28558.967772386,28558.968054674,28558.978339778,28558.98508762,28558.991184275,0.08162666563293897,0.2822879978339188,0.36391466346685775,10.285104002832668,6.747841998731019,6.096655000874307,23.49351566590485
1,380,28559.001024092668,28559.001111347,28559.001325386,28559.011657712,28559.0183111,28559.024293957,0.08725433144718409,0.21403900245786645,0.30129333390505053,10.33232599729672,6.653388001723215,5.9828570010722615,23.269864333997248
1,381,28559.034357426,28559.03443768,28559.034695173,28559.045026554,28559.051660794,28559.057850411,0.08025399802136235,0.2574930003902409,0.33774699841160327,10.33138099955977,6.634240002313163,6.189617000927683,23.49298500121222
1,382,28559.067690759333,28559.067768161,28559.067820466,28559.077700318,28559.083821463,28559.09000146,0.07740166620351374,0.052305000281194225,0.12970666648470797,9.879852001176914,6.121144997450756,6.17999700261862,22.310700667731
1,383,28559.101024092666,28559.101108206,28559.101376531,28559.111689329,28559.111959951,28559.118139199,0.08411333328695036,0.26832500225282274,0.3524383355397731,10.312797996448353,0.2706220002437476,6.179248000989901,17.115106333221775
1,384,28559.134357426,28559.134437474,28559.13465316,28559.145125857,28559.151625152,28559.157854789,0.08004800110938959,0.21568599913734943,0.295734000246739,10.472697002114728,6.499294999230187,6.2296369978867006,23.497362999478355
1,385,28559.167690759332,28559.167771463,28559.168052743,28559.178319513,28559.185208394,28559.191175519,0.08070366675383411,0.28128000121796504,0.36198366797179915,10.266770001180703,6.888880998303648,5.967125001916429,23.48475966937258
1,386,28559.201024092665,28559.201102805,28559.20186655,28559.211263574,28559.217404673,28559.223374354,0.0787123353802599,0.7637449998583179,0.8424573352385778,9.397024001373211,6.1410989983414765,5.969680998532567,22.350261333485832
1,387,28559.234357426,28559.234443332,28559.234651185,28559.245023242,28559.245258439,28559.251411583,0.0859059982758481,0.20785300148418173,0.29375899976002984,10.37205700049526,0.2351969997107517,6.1531440005637705,17.054157000529813
1,388,28559.267690759334,28559.267769554,28559.268049657,28559.278267834,28559.285212798,28559.291269155,0.0787946664786432,0.28010299865854904,0.35889766513719223,10.218177001661388,6.94496399955824,6.056357000488788,23.57839566684561
1,389,28559.301024092667,28559.301107608,28559.301377591,28559.311652806,28559.318152619,28559.323940411,0.08351533324457705,0.26998300018021837,0.3534983334247954,10.275215001456672,6.499812996480614,5.787792000774061,22.916318332136143
1,390,28559.334357426,28559.334436838,28559.334703266,28559.344941923,28559.345176416,28559.35158846,0.0794119987403974,0.2664280000317376,0.345839998772135,10.238656999717932,0.23449300351785496,6.412043996533612,17.231033998541534
1,391,28559.367690759333,28559.367769447,28559.368514182,28559.377930549,28559.3839331,28559.390102884,0.07868766624596901,0.7447349998983555,0.8234226661443245,9.416367000085302,6.002551002893597,6.169783999212086,22.41212466833531
1,392,28559.401024092665,28559.401102741,28559.40132015,28559.411597058,28559.411872744,28559.418377771,0.07864833605708554,0.21740899683209136,0.2960573328891769,10.276908000378171,0.27568600125960074,6.505026998638641,17.35367833316559
1,393,28559.434357426,28559.434436813,28559.435143956,28559.444607897,28559.450513456,28559.45656049,0.07938700218801387,0.7071430009091273,0.7865300030971412,9.463940998102771,5.905558999074856,6.047034003131557,22.203064003406325
1,394,28559.467690759335,28559.467769302,28559.468477851,28559.477961903,28559.483841778,28559.489864987,0.07854266368667595,0.7085490033205133,0.7870916670071892,9.48405199960689,5.879874999664025,6.023208999977214,22.17422766625532
1,395,28559.501024092668,28559.501107882,28559.501149392,28559.511241716,28559.517805261,28559.52367771,0.08378933125641197,0.041510000301059335,0.1252993315574713,10.092324002471287,6.5635449973342475,5.872449000889901,22.653617332252907
1,396,28559.534357426,28559.534438028,28559.534699493,28559.544927114,28559.545159624,28559.551695901,0.08060199979809113,0.26146500022150576,0.3420670000195969,10.227620998193743,0.23250999947777018,6.536277000122936,17.338474997814046
1,397,28559.567690759333,28559.567768665,28559.568036925,28559.578303029,28559.584998418,28559.590966903,0.07790566814946942,0.2682599988474976,0.34616566699696705,10.266104000038467,6.695388998195995,5.968485002085799,23.27614366731723
1,398,28559.601024092666,28559.601103303,28559.601366582,28559.611557981,28559.611789093,28559.61839551,0.07921033466118388,0.2632789983181283,0.34248933297931217,10.191399000177626,0.23111200061975978,6.606416998693021,17.37141733246972
1,399,28559.634357426,28559.634440653,28559.634479858,28559.644071929,28559.644294217,28559.6505964,0.08322700159624219,0.03920499875675887,0.12243200035300106,9.592071000952274,0.22228799934964627,6.302182999206707,16.238973999861628
1,400,28559.667690759332,28559.667824856,28559.668121016,28559.678309479,28559.67855711,28559.685567825,0.13409666644292884,0.29616000028909184,0.4302566667320207,10.188463002123171,0.24763100009295158,7.010714998614276,17.87706566756242
1,401,28559.701024092665,28559.701156143,28559.701225763,28559.71111867,28559.717367676,28559.723178857,0.132050336105749,0.06962000043131411,0.20167033653706312,9.892906997265527,6.249006000871304,5.811180999444332,22.154764334118227
1,402,28559.734357426,28559.734449679,28559.734659588,28559.744337335,28559.744586254,28559.751105909,0.09225299800164066,0.2099090015690308,0.30216199957067147,9.67774699893198,0.24891900102375075,6.5196549985557795,16.74848299808218
1,403,28559.767690759334,28559.767774668,28559.767798261,28559.777361638,28559.777608362,28559.783971194,0.08390866423724219,0.02359300196985714,0.10750166620709933,9.563376999722095,0.24672400104464032,6.362831998558249,16.280434665532084
1,404,28559.801024092667,28559.801105677,28559.801125529,28559.810463368,28559.810706702,28559.817113737,0.08158433411153965,0.019851999240927398,0.10143633335246705,9.337839001091197,0.2433339977869764,6.407035001757322,16.089644333987962
1,405,28559.834357426,28559.83443838,28559.834704159,28559.844902077,28559.845138707,28559.851525104,0.0809539997135289,0.2657789991644677,0.3467329988779966,10.197917999903439,0.23663000320084393,6.386396999005228,17.167678000987507
1,406,28559.867690759333,28559.867771563,28559.868503772,28559.877902926,28559.883943098,28559.890232726,0.08080366751528345,0.732208998670103,0.8130126661853865,9.399154001584975,6.040172000211896,6.289627999649383,22.54196666763164
1,407,28559.901024092665,28559.901108174,28559.901152619,28559.910799496,28559.911041599,28559.917642914,0.08408133362536319,0.044445001549320295,0.12852633517468348,9.646876998886,0.24210300034610555,6.601314998988528,16.618821333395317
1,408,28559.934357426,28559.934436488,28559.935135788,28559.944688147,28559.950395067,28559.956547119,0.07906200335128233,0.6992999988142401,0.7783620021655224,9.552358998917043,5.706920001102844,6.152051999379182,22.189693001564592
1,409,28559.967690759335,28559.967772005,28559.967819412,28559.978220497,28559.978463045,28559.984714839,0.08124566375045106,0.04740700023830868,0.12865266398875974,10.40108500092174,0.2425480015517678,6.251793998671928,17.024079665134195
1,410,28560.001024092668,28560.001112299,28560.001828127,28560.011249123,28560.017206665,28560.022988835,0.08820633229333907,0.7158279986470006,0.8040343309403397,9.420996000699233,5.957542001851834,5.782169999292819,21.964742332784226
1,411,28560.034357426,28560.034461501,28560.034505112,28560.044203359,28560.044446639,28560.050823303,0.10407499939901754,0.04361099854577333,0.14768599794479087,9.698247002233984,0.24327999926754273,6.376664001436438,16.465877000882756
1,412,28560.067690759333,28560.067767692,28560.068495381,28560.077947146,28560.08381779,28560.089995925,0.07693266525166109,0.7276890028151684,0.8046216680668294,9.451764999539591,5.8706439995148685,6.178134997753659,22.30516566487495
1,413,28560.101024092666,28560.101104912,28560.101153329,28560.110836576,28560.111077726,28560.117449752,0.08081933265202679,0.048417001380585134,0.12923633403261192,9.683247000793926,0.2411499990557786,6.372026000462938,16.425659334345255
1,414,28560.134357426,28560.134435706,28560.13513796,28560.144531418,28560.150424896,28560.156260298,0.07828000161680393,0.7022539975878317,0.7805339992046356,9.393457999976818,5.8934780026902445,5.835402000229806,21.902872002101503
1,415,28560.167690759332,28560.167769251,28560.167809778,28560.177440775,28560.177684554,28560.183977385,0.07849166649975814,0.04052700023748912,0.11901866673724726,9.630997003114317,0.24377899899263866,6.292830999882426,16.28662566872663
1,416,28560.201024092665,28560.201103655,28560.201313054,28560.210937646,28560.211211721,28560.217734062,0.07956233457662165,0.20939900059602223,0.2889613351726439,9.624591999454424,0.27407500238041393,6.522340998344589,16.70996933535207
1,417,28560.234357426,28560.234436617,28560.234478312,28560.244621322,28560.251251285,28560.257094521,0.07919099880382419,0.04169499879935756,0.12088599760318175,10.143010000319919,6.629963001614669,5.843235998327145,22.737094997864915
1,418,28560.267690759334,28560.267769385,28560.268050923,28560.278338768,28560.285107073,28560.291001088,0.07862566417315975,0.2815380030369852,0.3601636672101449,10.287844997947104,6.768305000150576,5.8940150011039805,23.310328666411806
1,419,28560.301024092667,28560.301102792,28560.301321636,28560.311713202,28560.318359489,28560.324421744,0.07869933324400336,0.2188440012105275,0.29754333445453085,10.391566000180319,6.646286998147843,6.062255000870209,23.397651333652902
1,420,28560.334357426,28560.334432874,28560.334694246,28560.345075914,28560.351479477,28560.357573187,0.07544799882452935,0.2613720025692601,0.3368200013937894,10.381667998444755,6.403563002095325,6.093709998822305,23.215761000756174
1,421,28560.367690759333,28560.367774753,28560.367820993,28560.377533622,28560.377815326,28560.384313436,0.08399366561206989,0.04624000212061219,0.13023366773268208,9.712628998386208,0.28170400037197396,6.498110000393353,16.622676666884217
1,422,28560.401024092665,28560.401100511,28560.401809654,28560.411201225,28560.417196156,28560.42298977,0.07641833508387208,0.70914299794822,0.7855613330320921,9.391571002197452,5.994930997985648,5.793614000140224,21.965677333355416
1,423,28560.434357426,28560.434445436,28560.434491501,28560.444191332,28560.444556742,28560.451099389,0.08801000149105676,0.04606500078807585,0.1340750022791326,9.699831000034465,0.3654100000858307,6.542646999150747,16.741963001550175
1,424,28560.467690759335,28560.467770555,28560.468491291,28560.47788963,28560.484049997,28560.490035262,0.07979566362337209,0.7207360031316057,0.8005316667549778,9.398338999744738,6.160367000120459,5.9852649974345695,22.344502664054744
1,425,28560.501024092668,28560.501107054,28560.501152601,28560.510833535,28560.511118573,28560.517692331,0.0829613309178967,0.04554699989967048,0.12850833081756718,9.680934002972208,0.2850379969459027,6.573758000740781,16.66823833147646
1,426,28560.534357426,28560.534435452,28560.534477591,28560.544067366,28560.544315534,28560.550743051,0.07802599793649279,0.042139003198826686,0.12016500113531947,9.589774999767542,0.24816799850668758,6.42751700070221,16.38562500011176
1,427,28560.567690759333,28560.567770839,28560.567814072,28560.57752243,28560.57780771,28560.584455681,0.08007966607692651,0.04323300163378008,0.12331266771070659,9.708358000352746,0.28527999893412925,6.647971000347752,16.764921667345334
1,428,28560.601024092666,28560.601104588,28560.601367285,28560.611566582,28560.61182537,28560.618319073,0.0804953342594672,0.26269699810654856,0.34319233236601576,10.199297001236118,0.25878800079226494,6.493703000160167,17.294980334554566
1,429,28560.634357426,28560.634439921,28560.634486967,28560.644221318,28560.644461902,28560.650941438,0.08249500024248846,0.047045999963302165,0.12954100020579062,9.734351002407493,0.24058399867499247,6.4795360012794845,16.58401200256776
1,430,28560.667690759332,28560.667815559,28560.667863365,28560.677474649,28560.677729346,28560.684457689,0.12479966972023249,0.047805999201955274,0.17260566892218776,9.611284000129672,0.2546969990362413,6.728342999849701,16.766929667937802
1,431,28560.701024092665,28560.701152679,28560.701241429,28560.711288762,28560.717721167,28560.723750441,0.12858633635914885,0.08874999912222847,0.21733633548137732,10.047332998510683,6.432404999941355,6.029274001775775,22.72634833570919
1,432,28560.734357426,28560.734446102,28560.734507223,28560.744157285,28560.744411517,28560.750920553,0.08867599899531342,0.061120997997932136,0.14979699699324556,9.650062002037885,0.2542319998610765,6.509036000352353,16.56312699924456
1,433,28560.767690759334,28560.767795285,28560.768500446,28560.777905702,28560.783962207,28560.790055953,0.10452566493768245,0.7051610009511933,0.8096866658888757,9.405256001628004,6.056504997104639,6.09374600026058,22.3651936648821
1,434,28560.801024092667,28560.801109699,28560.801374515,28560.811659211,28560.818400599,28560.824291687,0.08560633432352915,0.26481599707040004,0.3504223313939292,10.284695999871474,6.741388002410531,5.891087999771116,23.26759433344705
1,435,28560.834357426,28560.834437418,28560.835177913,28560.844576113,28560.850559581,28560.856472855,0.07999200170161203,0.7404949974443298,0.8204869991459418,9.398199999850476,5.9834679996129125,5.913274002523394,22.115429001132725
1,436,28560.867690759333,28560.86777337,28560.868075761,28560.878320752,28560.885101327,28560.891212185,0.08261066614068113,0.30239099942264147,0.3850016655633226,10.244991000945447,6.780575000448152,6.1108580011932645,23.521425668150187
1,437,28560.901024092665,28560.901107609,28560.901374332,28560.911666472,28560.918349333,28560.924432672,0.083516333688749,0.26672300009522587,0.35023933378397487,10.292139999364736,6.682860999717377,6.083339001634158,23.408579334500246
1,438,28560.934357426,28560.934434505,28560.935145546,28560.944531948,28560.950635168,28560.956775619,0.07707900294917636,0.7110409969754983,0.7881199999246746,9.386402001837268,6.103219999204157,6.140451001556357,22.418193002522457
1,439,28560.967690759335,28560.967771308,28560.967812661,28560.977684613,28560.97791655,28560.983977704,0.08054866339080036,0.04135300332563929,0.12190166671643965,9.871951999230077,0.2319369996257592,6.061153999326052,16.28694466489833
1,440,28561.001024092668,28561.001111234,28561.00115428,28561.010694953,28561.010936761,28561.017190647,0.08714133218745701,0.04304599860915914,0.13018733079661615,9.54067300335737,0.24180799664463848,6.2538860001950525,16.166554330993677
1,441,28561.034357426,28561.034437335,28561.034477168,28561.044025601,28561.044254454,28561.050267024,0.07990900121512823,0.03983299757237546,0.11974199878750369,9.548433001327794,0.22885299767949618,6.012570000166306,15.9095979979611
1,442,28561.067690759333,28561.067771158,28561.068081122,28561.078279818,28561.08443936,28561.089918493,0.08039866588660516,0.30996400164440274,0.3903626675310079,10.19869599986123,6.159541997476481,5.479133000335423,22.22773366520414
1,443,28561.101024092666,28561.101104795,28561.101145907,28561.110755812,28561.110817044,28561.116614724,0.08070233525359072,0.04111199814360589,0.1218143333971966,9.609904998796992,0.06123200000729412,5.797680001705885,15.590631333907368
1,444,28561.134357426,28561.134438063,28561.134697343,28561.145003825,28561.15110885,28561.156561278,0.08063700079219416,0.259280001046136,0.3399170018383302,10.306481999577954,6.1050250005791895,5.452427998534404,22.203852000529878
1,445,28561.167690759332,28561.167773757,28561.168479807,28561.177904045,28561.183475362,28561.189096467,0.08299766705022193,0.706049999280367,0.789047666330589,9.424238000065088,5.571317000431009,5.621104999590898,21.405707666417584
1,446,28561.201024092665,28561.201102923,28561.201147506,28561.210756763,28561.210997153,28561.21695064,0.07883033686084673,0.0445829973614309,0.12341333422227763,9.609257002011873,0.2403899998171255,5.953486997896107,15.926547333947383
1,447,28561.234357426,28561.234439847,28561.234701794,28561.244901859,28561.251065782,28561.256467331,0.0824210001155734,0.26194699967163615,0.34436799978720956,10.200065000390168,6.163922997075133,5.401549002272077,22.109904999524588
1,448,28561.267690759334,28561.267770217,28561.268489628,28561.277919125,28561.283448868,28561.28895326,0.07945766628836282,0.7194110003183596,0.7988686666067224,9.42949700038298,5.529742997168796,5.504392000148073,21.26250066430657
1,449,28561.301024092667,28561.30110592,28561.301150124,28561.310808612,28561.311047595,28561.317074758,0.08182733290595934,0.0442040000052657,0.12603133291122504,9.658488001150545,0.23898300059954636,6.027162999089342,16.050665333750658
1,450,28561.334357426,28561.334436567,28561.334697984,28561.344938541,28561.351215177,28561.356821726,0.07914099842309952,0.261417000729125,0.3405579991522245,10.240556999633554,6.276636002439773,5.606548998912331,22.464300000137882
1,451,28561.367690759333,28561.36777086,28561.368034853,28561.378233501,28561.384573869,28561.389974074,0.08010066812857985,0.26399299895274453,0.3440936670813244,10.198648000368848,6.340367999655427,5.4002050019335,22.2833146690391
1,452,28561.401024092665,28561.401100691,28561.401366813,28561.411569869,28561.417814227,28561.423191952,0.07659833499928936,0.2661219987203367,0.34272033371962607,10.203056001046207,6.244357999094063,5.377724999561906,22.167859333421802
1,453,28561.434357426,28561.434434624,28561.43445593,28561.443898315,28561.444132399,28561.450099858,0.07719800123595633,0.021306001144694164,0.09850400238065049,9.442384998692432,0.23408400011248887,5.967459001112729,15.742432002298301
1,454,28561.467690759335,28561.467771399,28561.468048873,28561.478176225,28561.47844681,28561.48470715,0.08063966379268095,0.2774740023596678,0.35811366615234874,10.127351997653022,0.2705850019992795,6.260340000153519,17.01639066595817
1,455,28561.501024092668,28561.50110224,28561.501785725,28561.511164368,28561.516813761,28561.522281375,0.07814733180566691,0.6834849991719238,0.7616323309775908,9.378643000673037,5.649393002386205,5.4676139989169315,21.257282332953764
1,456,28561.534357426,28561.53443646,28561.534701489,28561.544992369,28561.551282663,28561.557037731,0.07903399819042534,0.26502900072955526,0.3440629989199806,10.290879999956815,6.290294000791619,5.755067999416497,22.68030499908491
1,457,28561.567690759333,28561.567767272,28561.568462738,28561.577834624,28561.583488757,28561.588915861,0.07651266787433997,0.6954659984330647,0.7719786663074046,9.371886000735685,5.65413300137152,5.427103998954408,21.225101667369017
1,458,28561.601024092666,28561.60110515,28561.601366134,28561.611570246,28561.617319491,28561.622692862,0.08105733286356553,0.2609840012155473,0.34204133407911286,10.20411200079252,5.749244999606162,5.37337100104196,21.668769335519755
1,459,28561.634357426,28561.634439705,28561.634697661,28561.644930476,28561.651089483,28561.656673032,0.082279002526775,0.25795599867706187,0.3402350012038369,10.232814998744288,6.159006999951089,5.583549002039945,22.31560600193916
1,460,28561.667690759332,28561.667843881,28561.668110938,28561.67833305,28561.686033945,28561.691455955,0.15312166942749172,0.26705699929152615,0.4201786687190179,10.222111999610206,7.700894999288721,5.4220099991653115,23.765195666783256
1,461,28561.701024092665,28561.701149435,28561.701197167,28561.711239194,28561.717412627,28561.722907056,0.12534233610494994,0.04773199907504022,0.17307433517999016,10.042026999144582,6.173433001094963,5.494428998645162,21.882963334064698
1,462,28561.734357426,28561.734453952,28561.734665518,28561.745059197,28561.751014544,28561.756411194,0.09652600056142546,0.21156599905225448,0.30809199961367995,10.393679000117118,5.955346998234745,5.396650001785019,22.053767999750562
1,463,28561.767690759334,28561.767770905,28561.767809183,28561.777458153,28561.77770284,28561.78376066,0.08014566628844477,0.038277998100966215,0.11842366438941099,9.648970000853296,0.24468700212310068,6.057819999114145,16.069900666479953
1,464,28561.801024092667,28561.801106932,28561.801371239,28561.811551351,28561.817916941,28561.823256147,0.08283933129860088,0.26430700017954223,0.3471463314781431,10.18011199994362,6.365590001223609,5.339205999916885,22.232054332562257
1,465,28561.834357426,28561.834434597,28561.834473895,28561.844067789,28561.844311671,28561.850352186,0.07717100015725009,0.03929800004698336,0.11646900020423345,9.593893999408465,0.24388200108660385,6.040514999767765,15.994760000467068
1,466,28561.867690759333,28561.867771319,28561.868033764,28561.878246294,28561.884409078,28561.88998234,0.08055966827669181,0.2624449989525601,0.34300466722925194,10.212529999989783,6.162784000480315,5.573261998506496,22.291580666205846
1,467,28561.901024092665,28561.901103142,28561.901126874,28561.910522343,28561.91059975,28561.916580153,0.07904933590907604,0.023731998226139694,0.10278133413521573,9.395469001901802,0.07740699948044494,5.980402998829959,15.556060334347421
1,468,28561.934357426,28561.9344344,28561.934690837,28561.944904764,28561.951080307,28561.956870848,0.07697399996686727,0.2564370006439276,0.33341100061079487,10.2139270020416,6.175542999699246,5.790540999441873,22.513422001793515
1,469,28561.967690759335,28561.96776989,28561.967809297,28561.97743999,28561.977714278,28561.983716349,0.07913066656328738,0.039406997530022636,0.11853766409331001,9.63069300269126,0.27428799876361154,6.002071000693832,16.025589666242013
1,470,28562.001024092668,28562.001112334,28562.00176655,28562.011125815,28562.016440186,28562.022086709,0.0882413332874421,0.6542160008393694,0.7424573341268115,9.359264997328864,5.314370999258244,5.64652300090529,21.06261633161921
1,471,28562.034357426,28562.034437953,28562.034477213,28562.044094164,28562.04432885,28562.050363772,0.08052699922700413,0.03926000135834329,0.11978700058534741,9.61695099977078,0.23468599829357117,6.034922000253573,16.00634599890327
1,472,28562.067690759333,28562.067771729,28562.067987574,28562.078199389,28562.078452103,28562.084553989,0.08096966485027224,0.21584500063909218,0.2968146654893644,10.211815002548974,0.25271399863413535,6.101885999669321,16.863229666341795
1,473,28562.101024092666,28562.10110094,28562.101767991,28562.111178292,28562.11685486,28562.122334788,0.07684733282076195,0.6670510010735597,0.7438983338943217,9.410301001480548,5.676567998307291,5.479928000568179,21.31069533425034
1,474,28562.134357426,28562.134436494,28562.134483077,28562.144060648,28562.144301936,28562.150312932,0.07906800237833522,0.04658299803850241,0.12565100041683763,9.577570999681484,0.24128800214384682,6.010995999531588,15.955506001773756
1,475,28562.167690759332,28562.167769807,28562.168035067,28562.178231049,28562.184331286,28562.189929576,0.07904766971478239,0.26525999783189036,0.34430766754667275,10.19598200218752,6.100236998463515,5.59829000121681,22.23881666941452
1,476,28562.201024092665,28562.201104554,28562.201363389,28562.211419481,28562.2170819,28562.222557606,0.08046133370953612,0.25883499984047376,0.3392963335500099,10.05609200001345,5.662419000145746,5.47570600247127,21.533513336180476
1,477,28562.234357426,28562.234434413,28562.234690719,28562.244867682,28562.251074263,28562.256715109,0.076986998465145,0.25630600066506304,0.33329299913020805,10.17696299823001,6.206581001606537,5.640846000460442,22.357682999427198
1,478,28562.267690759334,28562.26776692,28562.268448413,28562.277940272,28562.283414542,28562.289103638,0.07616066432092339,0.6814930020482279,0.7576536663691513,9.491859000263503,5.474269997648662,5.689096000423888,21.412878664705204
1,479,28562.301024092667,28562.301106362,28562.301144918,28562.31128325,28562.317322451,28562.322663248,0.08226933277910575,0.03855600152746774,0.1208253343065735,10.138331999769434,6.039200998202432,5.340797000826569,21.63915533310501
1,480,28562.334357426,28562.334437388,28562.334700214,28562.345000103,28562.351201259,28562.356964716,0.07996199929038994,0.26282600083504803,0.342788000125438,10.299888999725226,6.201156000315677,5.7634570002846885,22.60729000045103
1,481,28562.367690759333,28562.36776972,28562.368028119,28562.378234398,28562.384526136,28562.390110649,0.07896066745161079,0.25839899899438024,0.337359666445991,10.206278999248752,6.291738001891645,5.5845130009402055,22.419889668526594
1,482,28562.401024092665,28562.401100302,28562.401120885,28562.410395141,28562.410626957,28562.416639083,0.07620933320140466,0.02058300015050918,0.09679233335191384,9.274256000935566,0.23181600045063533,6.012125999404816,15.61499033414293
1,483,28562.434357426,28562.434438005,28562.434479718,28562.444052493,28562.444130115,28562.450071536,0.0805790004960727,0.04171299951849505,0.12229200001456775,9.572775001288392,0.07762200038996525,5.941421000898117,15.714110002591042
1,484,28562.467690759335,28562.467769662,28562.468447526,28562.477839754,28562.483420035,28562.488892343,0.07890266351751052,0.6778640017728321,0.7567666652903426,9.39222799934214,5.5802810020395555,5.472307999298209,21.201583665970247
1,485,28562.501024092668,28562.501103993,28562.50116067,28562.510761501,28562.511003734,28562.517232462,0.07990033191163093,0.056676999520277604,0.13657733143190853,9.600830999261234,0.24223299988079816,6.228728001588024,16.208369332161965
1,486,28562.534357426,28562.534449363,28562.535104765,28562.544480132,28562.550035681,28562.55551622,0.09193699952447787,0.6554020001203753,0.7473389996448532,9.375367000757251,5.555548999836901,5.4805389991088305,21.158793999347836
1,487,28562.567690759333,28562.567770075,28562.567812686,28562.577434119,28562.577684186,28562.583791515,0.0793156650615856,0.04261100184521638,0.12192666690680198,9.621433000575053,0.2500669979781378,6.107329001679318,16.10075566713931
1,488,28562.601024092666,28562.601310696,28562.601570382,28562.611786753,28562.618088584,28562.623898385,0.2866033355530817,0.25968599948100746,0.5462893350340892,10.216370999842184,6.301830999291269,5.809801001305459,22.874292335473
1,489,28562.634357426,28562.634451028,28562.634474185,28562.643742985,28562.643971644,28562.6500034,0.09360200056107715,0.02315700112376362,0.11675900168484077,9.26880000042729,0.2286589988216292,6.031755998264998,15.645973999198759
1,490,28562.667690759332,28562.667818498,28562.667927647,28562.678058944,28562.678122944,28562.685340244,0.12773866910720244,0.10914899758063257,0.236887666687835,10.13129700004356,0.06399999983841553,7.21730000077514,17.64948466734495
1,491,28562.701024092665,28562.701149775,28562.701823668,28562.711171746,28562.717168733,28562.722685717,0.1256823343283031,0.6738930023857392,0.7995753367140424,9.348077997856308,5.996987001708476,5.516983997949865,21.66162433422869
1,492,28562.734357426,28562.734445782,28562.734489023,28562.743999167,28562.744239705,28562.750420165,0.08835599874146283,0.04324100154917687,0.1315970002906397,9.510143998340936,0.2405380000709556,6.180460000905441,16.062738999607973
1,493,28562.767690759334,28562.767771251,28562.767810047,28562.777383489,28562.777633722,28562.783651819,0.08049166717682965,0.03879599898937158,0.11928766616620123,9.57344199923682,0.2502329989511054,6.018097003106959,15.961059667461086
1,494,28562.801024092667,28562.801104814,28562.801145166,28562.810789228,28562.811034406,28562.8175522,0.08072133277892135,0.04035199890495278,0.12107333168387413,9.64406200000667,0.24517800193279982,6.517793997772969,16.528107331396313
1,495,28562.834357426,28562.834439941,28562.83448321,28562.844127994,28562.844370042,28562.8507774,0.08251500184996985,0.04326899943407625,0.1257840012840461,9.644784000556683,0.24204799774452113,6.4073579997057095,16.41997399929096
1,496,28562.867690759333,28562.867790763,28562.867832494,28562.877557714,28562.877797013,28562.884549096,0.10000366819440387,0.04173100023763254,0.14173466843203641,9.725219999381807,0.23929899907670915,6.752083001629217,16.85833666851977
1,497,28562.901024092665,28562.901104094,28562.901125436,28562.910482812,28562.910723285,28562.917270997,0.08000133311725222,0.021342002582969144,0.10134333570022136,9.357375998661155,0.2404730003036093,6.5477120006107725,16.246904335275758
1,498,28562.934357426,28562.934435944,28562.934456268,28562.94376293,28562.944055551,28562.950670745,0.07851800182834268,0.0203240015252959,0.09884200335363857,9.306661999289645,0.29262099997140467,6.615193997276947,16.313318999891635
1,499,28562.967690759335,28562.967768432,28562.96847027,28562.97791622,28562.983734511,28562.989834657,0.07767266652081162,0.7018379983492196,0.7795106648700312,9.445949999644654,5.8182909997412935,6.100146001699613,22.143897665955592
1,500,28563.001024092668,28563.001114459,28563.001386785,28563.011635166,28563.018716862,28563.024849794,0.09036633127834648,0.2723260004131589,0.3626923316915054,10.248381000565132,7.081695999659132,6.132932001492009,23.82570133340778
1,501,28563.034357426,28563.034434866,28563.035134444,28563.044565116,28563.050151786,28563.056065143,0.07743999958620407,0.6995779986027628,0.7770179981889669,9.430672002054052,5.586669998592697,5.913356999371899,21.707716998207616
1,502,28563.067690759333,28563.067772458,28563.068053302,28563.078316441,28563.078545851,28563.085278499,0.08169866487151012,0.2808440003718715,0.36254266524338163,10.263139000016963,0.22941000133869238,6.7326479984330945,17.58773966503213
1,503,28563.101024092666,28563.10110428,28563.101310818,28563.111630135,28563.118421441,28563.124278881,0.0801873320597224,0.20653800311265513,0.2867253351723775,10.319316999812145,6.791305997467134,5.857440002728254,23.25478833517991
1,504,28563.134357426,28563.134434372,28563.134694827,28563.144981893,28563.151793764,28563.158046447,0.07694600208196789,0.2604549990792293,0.3374010011611972,10.28706600118312,6.811870996898506,6.252683000639081,23.689020999881905
1,505,28563.167690759332,28563.167768093,28563.168029715,28563.178319124,28563.185102393,28563.191135556,0.07733366874163039,0.2616220008349046,0.338955669576535,10.289408997778082,6.783269000152359,6.033163001120556,23.444796668627532
1,506,28563.201024092665,28563.201101444,28563.201364936,28563.211667095,28563.218425124,28563.224471814,0.07735133476671763,0.2634920019772835,0.34084333674400114,10.302159000275424,6.75802899786504,6.0466899994935375,23.447721334378002
1,507,28563.234357426,28563.234433841,28563.234697944,28563.245088224,28563.250902692,28563.256507639,0.07641499905730598,0.26410300051793456,0.34051799957524054,10.390280000137864,5.814468000608031,5.604946996754734,22.15021299707587
1,508,28563.267690759334,28563.267767119,28563.268470205,28563.277814146,28563.283459214,28563.289006605,0.07635966539965011,0.7030859997030348,0.7794456651026849,9.343941001134226,5.6450679985573515,5.547390999709023,21.315845664503286
1,509,28563.301024092667,28563.301102061,28563.301140561,28563.310692022,28563.310930041,28563.317191438,0.07796833233442158,0.03850000211969018,0.11646833445411175,9.5514610002283,0.23801899806130677,6.2613970003440045,16.167345333087724
1,510,28563.334357426,28563.334436764,28563.334477496,28563.344062105,28563.344331624,28563.35039351,0.07933799861348234,0.04073200034326874,0.12006999895675108,9.584609000739874,0.26951900144922547,6.061886000679806,16.036084001825657
1,511,28563.367690759333,28563.367768383,28563.367809717,28563.377362112,28563.377709799,28563.38380575,0.0776236665842589,0.04133400216232985,0.11895766874658875,9.552395000355318,0.34768699697451666,6.0959510010434315,16.114990667119855
1,512,28563.401024092665,28563.40109829,28563.401361217,28563.411523126,28563.418062393,28563.423467228,0.07419733447022736,0.2629269984026905,0.3371243328729179,10.161909001908498,6.539267000334803,5.404834999353625,22.443135334469844
1,513,28563.434357426,28563.434435808,28563.434476317,28563.444043916,28563.444280371,28563.450389812,0.07838200326659717,0.04050899951835163,0.1188910027849488,9.567598997819005,0.2364550018683076,6.109440997533966,16.032386000006227
1,514,28563.467690759335,28563.467767833,28563.468041927,28563.478273539,28563.484587296,28563.490050955,0.07707366603426635,0.27409399990574457,0.3511676659400109,10.231611999188317,6.313756999588804,5.463658999360632,22.360195664077764
1,515,28563.501024092668,28563.501163646,28563.501421583,28563.511599333,28563.511822815,28563.517867284,0.13955333270132542,0.25793700115173124,0.39749033385305665,10.17774999854737,0.223481998546049,6.044469002517872,16.843191333464347
1,516,28563.534357426,28563.534444319,28563.535118731,28563.544496513,28563.550080312,28563.55555537,0.08689300011610612,0.6744120000803377,0.7613050001964439,9.377782000228763,5.583799000305589,5.475057998410193,21.19794399914099
1,517,28563.567690759333,28563.567775816,28563.567836614,28563.577453685,28563.577693454,28563.583678876,0.08505666846758686,0.06079799641156569,0.14585466487915255,9.61707100213971,0.23976900047273375,5.985421998047968,15.988116665539565
1,518,28563.601024092666,28563.601126564,28563.601790966,28563.61119887,28563.617017374,28563.622569663,0.10247133468510583,0.6644019995292183,0.7668733342143241,9.407903999090195,5.81850399976247,5.552288999751909,21.545570332818897
1,519,28563.634357426,28563.634449664,28563.634485488,28563.6406043,28563.640826477,28563.646622703,0.09223800225299783,0.0358239994966425,0.12806200174964033,6.118811998021556,0.2221770009782631,5.796225999802118,12.265277000551578
1,520,28563.667690759332,28563.668085283,28563.668818324,28563.678275913,28563.684698819,28563.691140243,0.39452366763725877,0.7330410007853061,1.1275646684225649,9.457588999794098,6.422906000807416,6.441424000513507,23.449483669537585
1,521,28563.701024092665,28563.701227549,28563.701282808,28563.710899991,28563.711140113,28563.717357786,0.20345633674878627,0.05525899905478582,0.2587153358035721,9.617183000955265,0.24012199719436467,6.217673002538504,16.333693336491706
1,522,28563.734357426,28563.734447177,28563.735105579,28563.74451738,28563.750051847,28563.75560922,0.08975099990493618,0.6584019974980038,0.74815299740294,9.411801001988351,5.534466999961296,5.557372998737264,21.251793998089852
1,523,28563.767690759334,28563.767775186,28563.768060076,28563.778194132,28563.784473573,28563.789973456,0.08442666512564756,0.2848900003300514,0.36931666545569897,10.134055999515112,6.279441000515362,5.499883001903072,22.282696667389246
1,524,28563.801024092667,28563.801103999,28563.801356408,28563.811560668,28563.817437459,28563.823015046,0.07990633457666263,0.2524089977669064,0.332315332343569,10.20426000104635,5.876791001355741,5.57758699869737,21.99095333344303
1,525,28563.834357426,28563.834435896,28563.83464111,28563.84489851,28563.845133594,28563.851115887,0.0784699986979831,0.20521400074358098,0.2836839994415641,10.257400001137285,0.23508400045102462,5.98229299794184,16.758460998971714
1,526,28563.867690759333,28563.867768228,28563.868455389,28563.877806043,28563.883517602,28563.889286366,0.07746866685920395,0.6871610021335073,0.7646296689927112,9.350653999717906,5.711558998882538,5.768764000094961,21.595606667688116
1,527,28563.901024092665,28563.901106422,28563.901149727,28563.910701114,28563.910939216,28563.917206955,0.08232933396357112,0.04330500087235123,0.12563433483592235,9.551387000101386,0.23810199854779057,6.267739001486916,16.182862334972015
1,528,28563.934357426,28563.934434986,28563.934687329,28563.944971896,28563.951336764,28563.957132231,0.0775600019551348,0.25234300119336694,0.32990300314850174,10.284566997142974,6.364868000673596,5.795467001007637,22.77480500197271
1,529,28563.967690759335,28563.967767957,28563.968033893,28563.978452497,28563.983848731,28563.989562828,0.07719766654190607,0.2659359997778665,0.3431336663197726,10.418603997095488,5.396234002546407,5.714096998417517,21.872068664379185
1,530,28564.001024092668,28564.001105122,28564.001130818,28564.01054198,28564.010803926,28564.016828497,0.08102933134068735,0.025696001102915034,0.10672533244360238,9.411161998286843,0.261946002865443,6.02457099739695,15.804404330992838
1,531,28564.034357426,28564.034439261,28564.034740624,28564.044914504,28564.045128866,28564.051068296,0.08183499812730588,0.30136300119920634,0.3831979993265122,10.173880000365898,0.21436200040625408,5.939430000580614,16.71087000067928
1,532,28564.067690759333,28564.067771055,28564.06844567,28564.077894102,28564.083356854,28564.089129441,0.08029566743061878,0.6746149992977735,0.7549106667283922,9.448431999771856,5.462752000312321,5.772586999228224,21.438681666040793
1,533,28564.101024092666,28564.101104155,28564.101361092,28564.111540694,28564.111757575,28564.117981618,0.08006233474588953,0.2569370008131955,0.336999335559085,10.179601998970611,0.2168809987779241,6.224043001566315,16.957525334873935
1,534,28564.134357426,28564.134433949,28564.135109657,28564.144547579,28564.150143757,28564.155636529,0.07652299973415211,0.6757080009265337,0.7522310006606858,9.437921999051468,5.596178001724184,5.4927720011619385,21.279103002598276
1,535,28564.167690759332,28564.167771142,28564.168438191,28564.177850798,28564.183359986,28564.18889184,0.08038266969379038,0.6670490001852158,0.7474316698790062,9.412606999831041,5.509187998541165,5.53185399985523,21.201080668106442
1,536,28564.201024092665,28564.20110225,28564.201374483,28564.211543474,28564.218127834,28564.22352566,0.07815733624738641,0.2722329991229344,0.3503903353703208,10.168991000682581,6.5843599986692425,5.397826000262285,22.50156733498443
1,537,28564.234357426,28564.234434553,28564.234693526,28564.244898341,28564.245120982,28564.251049431,0.07712699880357832,0.25897299929056317,0.3360999980941415,10.204815000179224,0.222640999709256,5.928449001658009,16.69200499964063
1,538,28564.267690759334,28564.267767883,28564.268467369,28564.277816652,28564.283442859,28564.289225187,0.07712366641499102,0.6994859977567103,0.7766096641717013,9.349283001938602,5.626206999295391,5.78232800035039,21.534427665756084
1,539,28564.301024092667,28564.301103539,28564.30135967,28564.311562143,28564.317919159,28564.323416411,0.07944633398437873,0.2561309993325267,0.3355773333169054,10.202473000390455,6.35701599821914,5.497252001077868,22.39231833300437
1,540,28564.334357426,28564.334433648,28564.335106273,28564.344507083,28564.349525222,28564.355220791,0.07622200064361095,0.6726249994244426,0.7488470000680536,9.400809998624027,5.018138999730581,5.695569001545664,20.863364999968326
1,541,28564.367690759333,28564.36777062,28564.367794463,28564.377083764,28564.377130328,28564.382834074,0.07986066702869721,0.023843000235501677,0.10370366726419888,9.289301000535488,0.04656400051317178,5.703745999198873,15.143314667511731
1,542,28564.401024092665,28564.401100359,28564.401364888,28564.41160738,28564.417495005,28564.423028795,0.07626633305335417,0.2645290005602874,0.34079533361364156,10.24249200054328,5.887625000468688,5.533790001209127,22.004702335834736
1,543,28564.434357426,28564.434433312,28564.435108593,28564.444489571,28564.449543766,28564.45490848,0.07588600055896677,0.6752810004400089,0.7511670009989757,9.38097800099058,5.05419500041171,5.364713997551007,20.551053999952273
1,544,28564.467690759335,28564.46776931,28564.468041377,28564.478213776,28564.484138207,28564.489736635,0.07855066360207275,0.27206700178794563,0.3506176653900184,10.172399001021404,5.924430999584729,5.5984280006669,22.04587566666305
1,545,28564.501024092668,28564.501108069,28564.501785517,28564.511129337,28564.516132634,28564.521569414,0.0839763306430541,0.67744800253422,0.7614243331772741,9.343819998321123,5.003296999348095,5.436780000309227,20.54532133115572
1,546,28564.534357426,28564.534437763,28564.534697273,28564.544853005,28564.544913681,28564.550908696,0.08033699850784615,0.259510001342278,0.3398469998501241,10.155732001294382,0.06067599679226987,5.9950150025542825,16.55127000049106
1,547,28564.567690759333,28564.567770474,28564.568468737,28564.577881586,28564.58337594,28564.588790007,0.079714667663211,0.6982630002312362,0.7779776678944472,9.412848998181289,5.494354001712054,5.414066999946954,21.099247667734744
1,548,28564.601024092666,28564.601102668,28564.601362956,28564.611608318,28564.61737548,28564.622996576,0.07857533273636363,0.26028800130006857,0.3388633340364322,10.245361998386215,5.767162001575343,5.621095999231329,21.97248333322932
1,549,28564.634357426,28564.634435574,28564.634626696,28564.641282408,28564.641323991,28564.64683668,0.07814800119376741,0.19112199879600666,0.2692699999897741,6.655712000792846,0.04158299998380244,5.512689000170212,12.479254000936635
1,550,28564.667690759332,28564.667997417,28564.668690828,28564.678105306,28564.683682355,28564.690848228,0.3066576682613231,0.6934109987923875,1.0000686670537107,9.414478001417592,5.577048999839462,7.1658730012131855,23.15746866952395
1,551,28564.701024092665,28564.701131878,28564.701792039,28564.711152535,28564.716913391,28564.722487061,0.1077853339666035,0.6601610002689995,0.767946334235603,9.360496002045693,5.760855998232728,5.57367000146769,21.462968335981714
1,552,28564.734357426,28564.734441173,28564.735080704,28564.744500173,28564.750013416,28564.755589715,0.08374699973501265,0.6395309974323027,0.7232779971673153,9.419469002750702,5.513242998858914,5.57629900140455,21.23228900018148
1,553,28564.767690759334,28564.767772625,28564.768063451,28564.778312452,28564.784416958,28564.789950914,0.08186566628864966,0.2908259994001128,0.37269166568876244,10.249000999465352,6.104505999246612,5.533956002182094,22.26015466658282
1,554,28564.801024092667,28564.80110356,28564.801371218,28564.81155422,28564.818060625,28564.823603684,0.07946733239805326,0.2676580006664153,0.3471253330644686,10.183001999394037,6.506404999527149,5.543059000046924,22.579591332032578
1,555,28564.834357426,28564.834436327,28564.834704671,28564.844903884,28564.850697397,28564.856275298,0.07890100096119568,0.2683439997781534,0.34724500073934905,10.199213000305463,5.793512998934602,5.577900999924168,21.917871999903582
1,556,28564.867690759333,28564.867818853,28564.868512522,28564.877893917,28564.883535836,28564.889261544,0.12809366671717726,0.6936690006114077,0.8217626673285849,9.381395000673365,5.641919000481721,5.7257080006820615,21.570784669165732
1,557,28564.901024092665,28564.901114303,28564.901370851,28564.911568517,28564.911793223,28564.917963405,0.09021033474709839,0.2565479990153108,0.34675833376240917,10.19766600074945,0.2247060001536738,6.17018200136954,16.939312336035073
1,558,28564.934357426,28564.93443505,28564.935155313,28564.944554884,28564.950193026,28564.955984659,0.07762400127830915,0.7202630004030652,0.7978870016813744,9.39957100126776,5.638141999952495,5.791632996988483,21.62723299989011
1,559,28564.967690759335,28564.967784567,28564.968068782,28564.978439987,28564.985152255,28564.991174964,0.09380766641697846,0.2842149988282472,0.37802266524522565,10.371205000410555,6.712268001138,6.022708999807946,23.484204666601727
1,560,28565.001024092668,28565.001122944,28565.001143611,28565.010467578,28565.010703173,28565.017155597,0.09885133113129996,0.020667001081164926,0.11951833221246488,9.323966998636024,0.23559500186820515,6.452424000599422,16.131504333316116
1,561,28565.034357426,28565.034442405,28565.034499174,28565.044423579,28565.050567233,28565.056500989,0.08497900125803426,0.05676899672835134,0.1417479979863856,9.924404999765102,6.1436540017894,5.933756001468282,22.14356300100917
1,562,28565.067690759333,28565.067775245,28565.068072811,28565.078281432,28565.085181174,28565.091223096,0.08448566586594097,0.29756599906249903,0.38205166492844,10.2086210026755,6.899741998495301,6.0419219989853445,23.532336665084586
1,563,28565.101024092666,28565.101105411,28565.101844091,28565.111252671,28565.117101619,28565.122753308,0.08131833237712272,0.7386800025415141,0.8199983349186368,9.408579997398192,5.8489479997660965,5.651688999932958,21.729215332015883
1,564,28565.134357426,28565.134437381,28565.134701402,28565.14496543,28565.151648884,28565.157928058,0.0799549998191651,0.2640210004756227,0.3439760002947878,10.264028001984116,6.683453997538891,6.279174001974752,23.570632001792546
1,565,28565.167690759332,28565.167771834,28565.16779438,28565.177323554,28565.17758774,28565.183938155,0.08107466783258133,0.02254599894513376,0.10362066677771509,9.52917399990838,0.26418600100441836,6.350415002088994,16.247395669779507
1,566,28565.201024092665,28565.201311501,28565.201348807,28565.210629987,28565.2108646,28565.217523229,0.28740833658957854,0.037305999285308644,0.3247143358748872,9.281179998652078,0.23461300224880688,6.658628997683991,16.499136334459763
1,567,28565.234357426,28565.234449767,28565.234723426,28565.245125465,28565.251459158,28565.257612858,0.0923409970710054,0.2736590031418018,0.3660000002128072,10.40203899901826,6.3336929997603875,6.153700000140816,23.25543199913227
1,568,28565.267690759334,28565.26777872,28565.268060545,28565.278368537,28565.285109473,28565.291218044,0.08796066686045378,0.28182499954709783,0.3697856664075516,10.307992000889499,6.740935998095665,6.1085710003681015,23.527284665760817
1,569,28565.301024092667,28565.301177877,28565.301472165,28565.311813566,28565.318371676,28565.32422556,0.1537843345431611,0.29428799825836904,0.44807233280153014,10.34140100091463,6.558109998877626,5.853884002135601,23.201467334729386
1,570,28565.334357426,28565.334446857,28565.335183046,28565.344632829,28565.350619937,28565.35681885,0.08943099965108559,0.7361890020547435,0.825620001705829,9.449782999581657,5.987107997498242,6.198913000844186,22.461423999629915
1,571,28565.367690759333,28565.367794828,28565.368487748,28565.377897828,28565.38429353,28565.390151914,0.1040686656779144,0.6929200026206672,0.7969886682985816,9.410079997905996,6.395702002919279,5.858384000021033,22.46115466914489
1,572,28565.401024092665,28565.401104502,28565.401385097,28565.411638635,28565.417917438,28565.423803841,0.08040933607844636,0.2805949989124201,0.3610043349908665,10.253537999233231,6.278803000896005,5.886402999749407,22.77974833486951
1,573,28565.434357426,28565.434436659,28565.434701114,28565.445010541,28565.451376354,28565.457356053,0.07923300290713087,0.26445500043337233,0.3436880033405032,10.309426997991977,6.365813002048526,5.979698998999083,22.99862700238009
1,574,28565.467690759335,28565.467767991,28565.468057973,28565.478357058,28565.48537168,28565.491609047,0.07723166345385835,0.28998200286878273,0.3672136663226411,10.299084999132901,7.014621998678194,6.237367000721861,23.918287664855598
1,575,28565.501024092668,28565.501106951,28565.501128775,28565.510477595,28565.510723698,28565.517527086,0.08285833246191032,0.021823998395120725,0.10468233085703105,9.348820000013802,0.24610300170024857,6.803388001571875,16.502993334142957
1,576,28565.534357426,28565.534435847,28565.534707283,28565.54489459,28565.551263012,28565.557621186,0.07842099876143038,0.2714360016398132,0.34985700040124357,10.18730699797743,6.368422000377905,6.358173999615246,23.263759998371825
1,577,28565.567690759333,28565.567773742,28565.568054105,28565.578347097,28565.585402108,28565.591301121,0.0829826676636003,0.28036299772793427,0.36334566539153457,10.292991999449441,7.055011003103573,5.8990129982703365,23.610361666214885
1,578,28565.601024092666,28565.601101527,28565.601815457,28565.611220416,28565.61757459,28565.623732577,0.07743433525320143,0.7139299996197224,0.7913643348729238,9.404959000676172,6.354173998261103,6.1579870016430505,22.70848433545325
1,579,28565.634357426,28565.634438127,28565.634709841,28565.644901026,28565.645141185,28565.651653498,0.08070100011536852,0.2717140014283359,0.3524150015437044,10.191184999712277,0.2401589990768116,6.512313000712311,17.296072001045104
1,580,28565.667690759332,28565.667798262,28565.668508924,28565.677950837,28565.685236534,28565.691758144,0.10750266665127128,0.7106620032573119,0.8181646699085832,9.441912996408064,7.285697000043001,6.521610001072986,24.067384667432634
1,581,28565.701024092665,28565.701137038,28565.701425948,28565.711767653,28565.718326393,28565.724283249,0.11294533396721818,0.288909999653697,0.4018553336209152,10.341705001337687,6.558739998581586,5.956856002740096,23.259156336280284
1,582,28565.734357426,28565.73443839,28565.735159329,28565.744579787,28565.750646136,28565.756840439,0.0809640005172696,0.7209389987110626,0.8019029992283322,9.420457998203347,6.06634900032077,6.194303001393564,22.483012999146013
1,583,28565.767690759334,28565.767778823,28565.768067945,28565.778377706,28565.785107827,28565.791229916,0.08806366531644017,0.2891219992307015,0.37718566454714164,10.309761000826256,6.730121000146028,6.122089002019493,23.53915666753892
1,584,28565.801024092667,28565.801104332,28565.801368407,28565.811602686,28565.811832224,28565.818348047,0.08023933332879096,0.2640749989950564,0.34431433232384734,10.234279001451796,0.2295379999850411,6.515822999062948,17.323954332823632
1,585,28565.834357426,28565.83443783,28565.83449135,28565.84423293,28565.844490071,28565.85105682,0.08040399916353635,0.053520001529250294,0.13392400069278665,9.741580000991235,0.25714099683682434,6.566749001649441,16.699394000170287
1,586,28565.867690759333,28565.867976821,28565.86823886,28565.878537574,28565.885452872,28565.891641693,0.2860616659745574,0.2620390005176887,0.5481006664922461,10.298714001692133,6.915297999512404,6.188821000250755,23.950933667947538
1,587,28565.901024092665,28565.901134856,28565.901850342,28565.911264616,28565.917471919,28565.923399183,0.11076333612436429,0.7154859995353036,0.8262493356596678,9.414273998118006,6.20730300215655,5.927263999183197,22.37509033511742
1,588,28565.934357426,28565.934440281,28565.93471156,28565.945070729,28565.951865608,28565.958142745,0.08285500007332303,0.27127900102641433,0.35413400109973736,10.359169002185808,6.794878998334752,6.277136999415234,23.785319001035532
1,589,28565.967690759335,28565.967775706,28565.968056124,28565.978421645,28565.985341896,28565.99141867,0.08494666690239683,0.2804179966915399,0.3653646635939367,10.365521000494482,6.920251002156874,6.0767739996663295,23.727910665911622
1,590,28566.001024092668,28566.001118187,28566.001390891,28566.011653762,28566.01837868,28566.024574066,0.09409433187101968,0.27270400096313097,0.36679833283415064,10.262871001032181,6.724917999235913,6.195385998580605,23.54997333168285
1,591,28566.034357426,28566.034440842,28566.034699622,28566.045039614,28566.051796189,28566.058061084,0.08341599823324941,0.25878000087686814,0.34219599911011755,10.339992000808707,6.756574999599252,6.264895000640536,23.70365800015861
1,592,28566.067690759333,28566.067770666,28566.068513994,28566.077977518,28566.084174515,28566.090294938,0.07990666563273408,0.7433280006807763,0.8232346663135104,9.463524002057966,6.196996997459792,6.120423000538722,22.60417866636999
1,593,28566.101024092666,28566.101105747,28566.101368268,28566.11165751,28566.118641956,28566.124794777,0.0816543324617669,0.2625209999678191,0.344175332429586,10.289241999998922,6.984446001297329,6.152820998977404,23.77068433270324
1,594,28566.134357426,28566.134435858,28566.134700073,28566.144999444,28566.145249899,28566.151803787,0.07843200000934303,0.2642149993334897,0.3426469993428327,10.2993710024748,0.25045499933185056,6.5538880007807165,17.4463610019302
1,595,28566.167690759332,28566.167800579,28566.167866191,28566.177718393,28566.184119965,28566.190373787,0.10981966988765635,0.06561199916177429,0.17543166904943064,9.852201998000965,6.401572001777822,6.253822000871878,22.683027669700095
1,596,28566.201024092665,28566.201153642,28566.20121531,28566.211052373,28566.217628538,28566.223733674,0.12954933481523767,0.06166800085338764,0.1912173356686253,9.837063000304624,6.576165000296896,6.105135998950573,22.70958133522072
1,597,28566.234357426,28566.234452112,28566.234731317,28566.245021031,28566.245256699,28566.25167604,0.09468599819228984,0.2792049999698065,0.37389099816209637,10.28971400228329,0.23566799791296944,6.419340999855194,17.31861399821355
1,598,28566.267690759334,28566.267776814,28566.268050065,28566.278403427,28566.285516031,28566.291777205,0.08605466427979991,0.27325100018060766,0.35930566446040757,10.353362002206268,7.112603998393752,6.261173999519087,24.086445664579514
1,599,28566.301024092667,28566.301109191,28566.301374266,28566.311578322,28566.311856925,28566.318484027,0.08509833423886448,0.26507499933359213,0.3501733335724566,10.204055997746764,0.2786030017887242,6.627102000493323,17.459934333601268
1,600,28566.334357426,28566.334433652,28566.335129923,28566.344528077,28566.350717425,28566.356914468,0.07622599878231995,0.6962710031075403,0.7724970018898603,9.39815399760846,6.189348001498729,6.197042999701807,22.557042000698857
1,601,28566.367690759333,28566.367817196,28566.368515282,28566.377891565,28566.38408709,28566.390248189,0.12643666559597477,0.6980860016483348,0.8245226672443096,9.376283000165131,6.195524998474866,6.161099001474213,22.55742966735852
1,602,28566.401024092665,28566.401280768,28566.401541861,28566.411856344,28566.418709789,28566.424665155,0.2566753355495166,0.2610929986985866,0.5177683342481032,10.314482999092434,6.853445000160718,5.9553659993980546,23.64106233289931
1,603,28566.434357426,28566.434479144,28566.434740284,28566.445172527,28566.451375756,28566.457401067,0.12171800335636362,0.2611399977467954,0.38285800110315904,10.432243001559982,6.203229000675492,6.0253109986661,23.043641002004733
1,604,28566.467690759335,28566.467778809,28566.46805395,28566.478273293,28566.484712448,28566.490787038,0.08804966637399048,0.27514099929248914,0.3631906656664796,10.219342999334913,6.439155000407482,6.074590000935132,23.096278666344006
1,605,28566.501024092668,28566.501115401,28566.501138429,28566.510489156,28566.510735824,28566.517340527,0.09130833132076077,0.023028002033242956,0.11433633335400373,9.35072699940065,0.24666799799888395,6.604703001357848,16.316434332111385
1,606,28566.534357426,28566.534440603,28566.534720503,28566.545055542,28566.545300348,28566.552031283,0.08317700121551752,0.2798999994411133,0.36307700065663084,10.335038998164237,0.24480600040988065,6.730935001542093,17.67385700077284
1,607,28566.567690759333,28566.567779389,28566.567849491,28566.578690172,28566.578971062,28566.585519071,0.0886296656972263,0.0701019998814445,0.1587316655786708,10.840680999535834,0.2808900026138872,6.548008997924626,17.82831166565302
1,608,28566.601024092666,28566.601103055,28566.601126074,28566.610549143,28566.61079721,28566.617433543,0.07896233364590444,0.02301900167367421,0.10198133531957865,9.423068997421069,0.2480670009390451,6.63633300064248,16.409450334322173
1,609,28566.634357426,28566.634442118,28566.634463915,28566.643850383,28566.644072357,28566.650627865,0.0846920011099428,0.021797000954393297,0.10648900206433609,9.386467998410808,0.22197400176082738,6.555508000019472,16.270439002255443
1,610,28566.667690759332,28566.667772553,28566.667976026,28566.678203943,28566.684833249,28566.69184575,0.08179366705007851,0.20347300232970156,0.28526666937978007,10.227916998701403,6.629306000832003,7.012500998825999,24.154990667739185
1,611,28566.701024092665,28566.701101033,28566.701134579,28566.710644197,28566.710870855,28566.717380197,0.07694033411098644,0.033546002669027075,0.11048633678001352,9.509617997537134,0.22665800133836456,6.509341998025775,16.356104333681287
1,612,28566.734357426,28566.734445338,28566.734516745,28566.7445093,28566.744738534,28566.751323653,0.08791199797997251,0.07140700108720921,0.15931899906718172,9.992554998461856,0.2292339995619841,6.5851190011017025,16.966226998192724
1,613,28566.767690759334,28566.767781854,28566.767805865,28566.777166082,28566.777389307,28566.784020806,0.09109466554946266,0.024011002096813172,0.11510566764627583,9.36021699817502,0.22322500080917962,6.631498999922769,16.330046666553244
1,614,28566.801024092667,28566.801108872,28566.80113128,28566.810443812,28566.810654341,28566.817235795,0.08477933442918584,0.02240799949504435,0.10718733392423019,9.312531998148188,0.2105290004692506,6.581453999388032,16.2117023319297
1,615,28566.834357426,28566.834435195,28566.834700927,28566.845069642,28566.851908476,28566.858115296,0.0777690001996234,0.26573200011625886,0.34350100031588227,10.368715000367956,6.8388340005185455,6.206819998624269,23.757869999826653
1,616,28566.867690759333,28566.867768349,28566.868048944,28566.878510871,28566.885186343,28566.891282237,0.07758966603432782,0.28059500255039893,0.35818466858472675,10.461926998686977,6.675471999187721,6.095894001191482,23.591477667650906
1,617,28566.901024092665,28566.901098653,28566.901817333,28566.911288505,28566.916734525,28566.922744734,0.07456033563357778,0.7186799994087778,0.7932403350423556,9.471172001212835,5.446019997179974,6.010209002852207,21.720641336287372
1,618,28566.934357426,28566.93443439,28566.934456529,28566.943847405,28566.944134416,28566.950913287,0.07696400280110538,0.022139000066090375,0.09910300286719576,9.390875999088166,0.2870110001822468,6.778871000278741,16.55586100241635
1,619,28566.967690759335,28566.967770731,28566.9680515,28566.978300622,28566.984832,28566.991060377,0.07997166540008038,0.2807689998007845,0.3607406652008649,10.249121998640476,6.531377999635879,6.228377002116758,23.369617665593978
1,620,28567.001024092668,28567.001100831,28567.001378582,28567.011498897,28567.017971673,28567.024049725,0.07673833169974387,0.27775100170401856,0.35448933340376243,10.120315000676783,6.472776000009617,6.078051999793388,23.02563233388355
1,621,28567.034357426,28567.034433846,28567.034700941,28567.044901228,28567.051337698,28567.05769864,0.07642000127816573,0.2670949979801662,0.34351499925833195,10.200287000770913,6.436470001062844,6.360941999446368,23.341214000538457
1,622,28567.067690759333,28567.067772381,28567.068053391,28567.078362467,28567.085621053,28567.091889079,0.08162166705005802,0.2810100013448391,0.36263166839489713,10.309075998520711,7.25858599980711,6.268026001635008,24.198319668357726
1,623,28567.101024092666,28567.101101454,28567.101380243,28567.111709411,28567.118367651,28567.12468388,0.07736133557045832,0.2787889970932156,0.3561503326636739,10.3291680024995,6.658239999524085,6.3162289989122655,23.659787333599525
1,624,28567.134357426,28567.134435073,28567.134699037,28567.145052817,28567.151855864,28567.158276075,0.07764700058032759,0.2639640006236732,0.3416110012040008,10.353779998695245,6.803046999266371,6.420211000659037,23.918648999824654
1,625,28567.167690759332,28567.167768544,28567.168051824,28567.178344927,28567.18520689,28567.191293443,0.07778466897434555,0.28327999825705774,0.3610646672314033,10.293103001458803,6.861963000119431,6.086552999477135,23.602683668286772
1,626,28567.201024092665,28567.201100645,28567.201389341,28567.211643759,28567.218623687,28567.225134759,0.0765523363952525,0.28869599918834865,0.36524833558360115,10.254418000840815,6.97992799905478,6.5110719988297205,24.110666334308917
1,627,28567.234357426,28567.234433515,28567.234475496,28567.244076725,28567.244342198,28567.250717317,0.07608899977640249,0.04198099850327708,0.11806999827967957,9.601229001418687,0.26547299785306677,6.37511900276877,16.359891000320204
1,628,28567.267690759334,28567.267768791,28567.268058858,28567.278336349,28567.285281027,28567.291744932,0.07803166590747423,0.2900670006056316,0.36809866651310585,10.277491001033923,6.944677999854321,6.4639049996912945,24.054172667092644
1,629,28567.301024092667,28567.301102021,28567.301376976,28567.311702515,28567.3180553,28567.323895128,0.0779283327574376,0.27495500035001896,0.35288333310745656,10.325538998586126,6.352784999762662,5.839828001626302,22.871035333082546
1,630,28567.334357426,28567.334434325,28567.334723513,28567.344997458,28567.345230811,28567.351474651,0.07689899939578027,0.28918799944221973,0.366086998838,10.27394500124501,0.23335299920290709,6.243840001843637,17.117225001129555
1,631,28567.367690759333,28567.367766834,28567.368814071,28567.3783033,28567.384466306,28567.390417135,0.07607466613990255,1.047237001330359,1.1233116674702615,9.48922899988247,6.16300600086106,5.9508289996301755,22.726375667843968
1,632,28567.401024092665,28567.401100397,28567.401401084,28567.411674391,28567.418373697,28567.424460295,0.07630433537997305,0.30068699925323017,0.3769913346332032,10.273307001625653,6.699305999063654,6.086597997637,23.43620233295951
1,633,28567.434357426,28567.43449299,28567.434758676,28567.445011492,28567.44524754,28567.451566436,0.1355640015390236,0.265686001512222,0.4012500030512456,10.252815998683218,0.2360479993512854,6.3188960011757445,17.209010002261493
1,634,28567.467690759335,28567.467776674,28567.468529881,28567.477899915,28567.483395788,28567.489327699,0.0859146639413666,0.7532070012530312,0.8391216651943978,9.370034000312444,5.495872999745188,5.931911000516266,21.636939665768296
1,635,28567.501024092668,28567.501103931,28567.501788296,28567.51117732,28567.516489905,28567.522493753,0.07983833347680047,0.6843649971415289,0.7642033306183293,9.389024002302904,5.312584999046521,6.003848000545986,21.46966033251374
1,636,28567.534357426,28567.534439329,28567.534705681,28567.544950868,28567.545189212,28567.551543562,0.08190299922716804,0.26635199901647866,0.3482549982436467,10.245187000691658,0.23834400053601712,6.354350000037812,17.186135999509133
1,637,28567.567690759333,28567.567766632,28567.568035246,28567.578358469,28567.585015514,28567.590955964,0.07587266736663878,0.2686139996512793,0.3444866670179181,10.323222999431891,6.65704499988351,5.940449998888653,23.265204665221972
1,638,28567.601024092666,28567.601102167,28567.601373327,28567.61159729,28567.611828726,28567.618335882,0.0780743321229238,0.27116000273963436,0.34923433486255817,10.223962999589276,0.23143599901231937,6.507156002044212,17.311789335508365
1,639,28567.634357426,28567.634439638,28567.634698176,28567.644988751,28567.651489388,28567.657416615,0.0822120018710848,0.2585379988886416,0.3407500007597264,10.290574999089586,6.500637002318399,5.92722699730075,23.05918899946846
1,640,28567.667690759332,28567.667771912,28567.668056461,28567.678332128,28567.686486228,28567.693603518,0.08115266973618418,0.2845489980245475,0.36570166776073165,10.27566700213356,8.154099999956088,7.117289998859633,25.912758668710012
1,641,28567.701024092665,28567.701100799,28567.701309272,28567.711554263,28567.711700292,28567.718127106,0.0767063356761355,0.20847300038440153,0.285179336060537,10.244991000945447,0.1460289968235884,6.426814001315506,17.10301333514508
1,642,28567.734357426,28567.734433537,28567.734698863,28567.744931206,28567.74516868,28567.751680437,0.07611099863424897,0.2653260016813874,0.3414370003156364,10.232343000097899,0.23747399973217398,6.511756997497287,17.323010997642996
1,643,28567.767690759334,28567.767768479,28567.768049443,28567.778370473,28567.778603391,28567.785020287,0.07771966556902044,0.28096399910282344,0.35868366467184387,10.321030000341125,0.23291800243896432,6.4168959979724605,17.329527665424393
1,644,28567.801024092667,28567.801100144,28567.801122014,28567.810464778,28567.81070014,28567.817368492,0.07605133214383386,0.0218700006371364,0.09792133278097026,9.34276399857481,0.23536200023954734,6.6683520017249975,16.344399333320325
1,645,28567.834357426,28567.834434993,28567.834459891,28567.843791351,28567.844044278,28567.850436961,0.07756700142635964,0.024897999537643045,0.10246500096400268,9.331459998065839,0.25292700229329057,6.3926829971023835,16.079534998425515
1,646,28567.867690759333,28567.867769409,28567.868058577,28567.87847782,28567.88515983,28567.891058519,0.07864966755732894,0.28916800147271715,0.3678176690300461,10.419242997159017,6.682010000076843,5.898688999877777,23.367759666143684
1,647,28567.901024092665,28567.901161409,28567.901378947,28567.911434798,28567.917406572,28567.923054158,0.13731633589486592,0.21753799956059083,0.35485433545545675,10.055850998469396,5.971774000499863,5.647586000122828,22.030065334547544
1,648,28567.934357426,28567.934445546,28567.935276763,28567.944735918,28567.95048894,28567.956318824,0.08812000305624679,0.8312169993587304,0.9193370024149772,9.45915500051342,5.753022000135388,5.829883997648722,21.961398000712506
1,649,28567.967690759335,28567.967768905,28567.96859141,28567.977976731,28567.983690216,28567.989454822,0.07814566561137326,0.8225050005421508,0.9006506661535241,9.385320998262614,5.713484999432694,5.764606001321226,21.76406266517006
1,650,28568.001024092668,28568.001102923,28568.001938261,28568.011389582,28568.017012585,28568.022983044,0.07883033322286792,0.8353379998879973,0.9141683331108652,9.451320998778101,5.623003002256155,5.970458998490358,21.95895133263548
1,651,28568.034357426,28568.034435495,28568.035268399,28568.04464208,28568.050237158,28568.055988087,0.07806899884599261,0.8329039992531762,0.9109729980991688,9.373681001306977,5.5950780006241985,5.750928998168092,21.630660998198437
1,652,28568.067690759333,28568.06805333,28568.068871056,28568.078304877,28568.083881695,28568.089664098,0.3625706667662598,0.8177259987860452,1.180296665552305,9.433821000129683,5.576818002737127,5.782402997283498,21.973338665702613
1,653,28568.101024092666,28568.101118883,28568.101920961,28568.111289161,28568.117024405,28568.122709419,0.09479033542447723,0.8020779969228897,0.896868332347367,9.36820000060834,5.735244001698447,5.685013999027433,21.685326333681587
1,654,28568.134357426,28568.134438261,28568.135243284,28568.144723142,28568.150368831,28568.156160872,0.08083500142674893,0.8050229989748914,0.8858580004016403,9.47985799939488,5.645689001539722,5.792040999949677,21.80344600128592
1,655,28568.167690759332,28568.167984641,28568.168855924,28568.178379263,28568.183913572,28568.189628473,0.29388166876742616,0.8712829985597637,1.1651646673271898,9.52333900204394,5.534308998903725,5.714900999009842,21.937713667284697
1,656,28568.201024092665,28568.201363288,28568.202206625,28568.211576584,28568.217238189,28568.22303474,0.3391953359823674,0.8433369985141326,1.1825323344965,9.369958999741357,5.66160500238766,5.79655099863885,22.010647335264366
1,657,28568.234357426,28568.234658655,28568.23548091,28568.24487636,28568.250766012,28568.256546757,0.3012289998878259,0.8222549986385275,1.1234839985263534,9.395450000738492,5.889651998586487,5.780744999356102,22.189330997207435
1,658,28568.267690759334,28568.267778791,28568.268620045,28568.278081541,28568.283693109,28568.289693503,0.08803166565485299,0.8412540009885561,0.9292856666434091,9.461495999858016,5.61156799813034,6.0003940016031265,22.002743666234892
1,659,28568.301024092667,28568.30132165,28568.302133257,28568.311592624,28568.31706469,28568.322836491,0.29755733339698054,0.8116069984680507,1.1091643318650313,9.459367000090424,5.472066000947962,5.771800999355037,21.812398332258454
1,660,28568.334357426,28568.334659907,28568.33548893,28568.344868083,28568.350677912,28568.356422545,0.3024809993803501,0.8290229998237919,1.131503999204142,9.379153001646046,5.8098289991903584,5.744632999267196,22.065118999307742
1,661,28568.367690759333,28568.367995516,28568.36884965,28568.378315581,28568.383937066,28568.389716227,0.304756667901529,0.8541339993826114,1.1588906672841404,9.46593100161408,5.621484997391235,5.779161001555622,22.025467667845078
1,662,28568.401024092665,28568.401328134,28568.402147054,28568.411545347,28568.417253953,28568.423119753,0.30404133576666936,0.818919997982448,1.1229613337491173,9.3982930011407,5.708606000553118,5.865799997991417,22.095660333434353
1,663,28568.434357426,28568.434448982,28568.435242375,28568.444660037,28568.450595561,28568.45650402,0.09155600127996877,0.7933929991850164,0.8849490004649851,9.417662000487326,5.935524000960868,5.908458999329014,22.146594001242192
1,664,28568.467690759335,28568.467987768,28568.468281464,28568.478616374,28568.485713996,28568.491701566,0.2970086643472314,0.29369600088102743,0.5907046652282588,10.334909999073716,7.0976220013108104,5.98756999897887,24.010806664591655
1,665,28568.501024092668,28568.501320342,28568.501392351,28568.511274072,28568.517566616,28568.523370213,0.2962493308587,0.07200900290627033,0.3682583337649703,9.881720998237142,6.292543999734335,5.803596999612637,22.346120331349084
1,666,28568.534357426,28568.534680637,28568.534743517,28568.544632645,28568.550844966,28568.556769898,0.32321099934051745,0.06288000076892786,0.3860910001094453,9.889127999485936,6.2123210009303875,5.924932000198169,22.412472000723938
1,667,28568.567690759333,28568.56799371,28568.568278378,28568.578475591,28568.578627009,28568.584884442,0.30295066608232446,0.28466799994930625,0.5876186660316307,10.197212999628391,0.15141800031415187,6.257433000428136,17.19368266640231
1,668,28568.601024092666,28568.601329143,28568.601605238,28568.611941027,28568.618028726,28568.623942556,0.30505033282679506,0.27609500102698803,0.5811453338537831,10.335789000237128,6.087698999181157,5.91383000210044,22.918463335372508
1,669,28568.634357426,28568.634526095,28568.634787791,28568.645063098,28568.645199701,28568.651529329,0.1686690011410974,0.26169600096181966,0.43036500210291706,10.275306998664746,0.13660300101037137,6.329627998638898,17.171903000416933
1,670,28568.667690759332,28568.667802186,28568.668036198,28568.678364254,28568.678517644,28568.684994282,0.11142666699015535,0.2340120008739177,0.34543866786407307,10.32805599970743,0.1533899994683452,6.4766380019136705,17.30352266895352
1,671,28568.701024092665,28568.7013409,28568.701615567,28568.711944106,28568.718330761,28568.724403749,0.31680733445682563,0.27466699975775555,0.5914743342145812,10.328538999601733,6.386655000824248,6.072988002415514,23.379656337056076
1,672,28568.734357426,28568.73444286,28568.73471101,28568.745033363,28568.745163632,28568.751346555,0.08543399962945841,0.2681500009202864,0.3535840005497448,10.322352998628048,0.13026899978285655,6.182922999869334,16.989128998829983
1,673,28568.767690759334,28568.767997981,28568.768301686,28568.778519761,28568.778773679,28568.785514873,0.30722166411578655,0.3037050009879749,0.6109266651037615,10.218075000011595,0.2539180022722576,6.741193999914685,17.8241136673023
1,674,28568.801024092667,28568.801338757,28568.801617814,28568.811932547,28568.818308888,28568.824300662,0.31466433210880496,0.2790569997159764,0.5937213318247814,10.314733000996057,6.376340999850072,5.991773999994621,23.27656933266553
1,675,28568.834357426,28568.834491801,28568.834532412,28568.843873002,28568.843929159,28568.850054906,0.1343750009255018,0.04061099753016606,0.17498599845566787,9.340590000647353,0.05615700138150714,6.12574700062396,15.697480001108488
1,676,28568.867690759333,28568.867989662,28568.86826846,28568.87852773,28568.878771296,28568.885419814,0.2989026688737795,0.27879799745278433,0.5777006663265638,10.259270002279663,0.24356599897146225,6.648517999565229,17.72905466714292
1,677,28568.901024092665,28568.901322948,28568.901616543,28568.911972637,28568.918351181,28568.924491317,0.2988553351315204,0.29359499967540614,0.5924503348069265,10.356094000599114,6.378543999744579,6.140135999885388,23.467224335036008
1,678,28568.934357426,28568.934655771,28568.934941865,28568.945206218,28568.945450062,28568.951850644,0.2983450031024404,0.28609400033019483,0.5844390034326352,10.264352997182868,0.24384400239796378,6.400581998605048,17.493218001618516
1,679,28568.967690759335,28568.967987722,28568.968266799,28568.978562272,28568.985397142,28568.991407388,0.2969626657431945,0.279076997685479,0.5760396634286735,10.29547300277045,6.8348700006026775,6.010245997458696,23.716628664260497
1,680,28569.001024092668,28569.001109636,28569.00137872,28569.011678157,28569.018346629,28569.024437689,0.08554333180654794,0.2690840010473039,0.35462733285385184,10.29943699904834,6.6684720004559495,6.091060000471771,23.41359633282991
1,681,28569.034357426,28569.034650764,28569.034938664,28569.045238258,28569.05196208,28569.058094875,0.29333799830055796,0.28790000214939937,0.5812380004499573,10.299593999661738,6.723821999912616,6.132794998848112,23.737448998872424
1,682,28569.067690759333,28569.067989391,28569.068290347,28569.078653774,28569.085233523,28569.091217935,0.2986316649185028,0.30095600232016295,0.5995876672386657,10.363426998083014,6.579749002412427,5.984412000543671,23.527175668277778
1,683,28569.101024092666,28569.101327963,28569.101623566,28569.11180752,28569.112067346,28569.118519149,0.303870332572842,0.29560300026787445,0.5994733328407165,10.183954000240192,0.25982599981944077,6.45180300125503,17.49505633415538
1,684,28569.134357426,28569.134658321,28569.13494072,28569.145386528,28569.151764915,28569.158068885,0.30089500069152564,0.28239899984328076,0.5832940005348064,10.445807998621603,6.378387002769159,6.303969999862602,23.71145900178817
1,685,28569.167690759332,28569.167994875,28569.168278431,28569.17855497,28569.178785156,28569.185269488,0.30411566694965586,0.28355600079521537,0.5876716677448712,10.276539000187768,0.23018600040813908,6.484331999672577,17.578728668013355
1,686,28569.201024092665,28569.201111075,28569.201380696,28569.211673392,28569.218198863,28569.224437601,0.08698233432369307,0.2696209994610399,0.35660333378473297,10.29269600257976,6.525470998894889,6.238737998501165,23.413508333760547
1,687,28569.234357426,28569.234649732,28569.234929502,28569.245240596,28569.251944689,28569.258385307,0.292305998300435,0.2797699999064207,0.5720759982068557,10.31109399991692,6.704093000735156,6.440617999032838,24.02788099789177
1,688,28569.267690759334,28569.26803261,28569.268271139,28569.278583354,28569.278839439,28569.285534013,0.3418506676098332,0.23852899903431535,0.5803796666441485,10.31221499943058,0.25608500072848983,6.694573999993736,17.843253666796954
1,689,28569.301024092667,28569.301313637,28569.301575564,28569.311770611,28569.312033891,28569.318550288,0.28954433219041675,0.26192700170213357,0.5514713338925503,10.195046997978352,0.26328000240027905,6.516396999359131,17.526195333630312
1,690,28569.334357426,28569.334672756,28569.334987795,28569.345432501,28569.352120038,28569.358166488,0.3153299985569902,0.3150390002701897,0.6303689988271799,10.444706000271253,6.6875369993795175,6.046450002031634,23.809062000509584
1,691,28569.367690759333,28569.367985709,28569.368295377,28569.378592054,28569.385536787,28569.391488579,0.29494966656784527,0.30966800113674253,0.6046176677045878,10.296676999132615,6.944732998817926,5.951792001724243,23.797819667379372
1,692,28569.401024092665,28569.401125077,28569.401402153,28569.411678802,28569.41792754,28569.423949425,0.10098433631355874,0.27707599656423554,0.3780603328777943,10.276649001752958,6.248737998248544,6.021885001246119,22.925332334125414
1,693,28569.434357426,28569.434648883,28569.434933254,28569.445299506,28569.451612874,28569.457466638,0.29145700318622403,0.2843709989974741,0.5758280021836981,10.366251997766085,6.313368001428898,5.85376399976667,23.10921200114535
1,694,28569.467690759335,28569.468041965,28569.468080058,28569.477429878,28569.477676897,28569.484208961,0.351205664628651,0.03809299960266799,0.389298664231319,9.349820000352338,0.24701900110812858,6.532063998747617,16.518201664439403
1,695,28569.501024092668,28569.501337871,28569.501571909,28569.511880198,28569.512137615,28569.518529049,0.3137783314741682,0.234038001508452,0.5478163329826202,10.308288998203352,0.25741699937498197,6.391434002580354,17.50495633314131
1,696,28569.534357426,28569.534648453,28569.535371873,28569.54488762,28569.550935099,28569.557157392,0.2910269977292046,0.7234200020320714,1.014446999761276,9.51574699865887,6.047479000699241,6.222292999154888,22.799965998274274
1,697,28569.567690759333,28569.567995961,28569.568067517,28569.5781071,28569.578214147,28569.584592895,0.30520166546921246,0.07155600178521127,0.3767576672544237,10.03958299770602,0.10704700252972543,6.378747999406187,16.902135666896356
1,698,28569.601024092666,28569.601110346,28569.601383237,28569.611697497,28569.618040681,28569.62392949,0.08625333430245519,0.2728910003497731,0.3591443346522283,10.314259998267516,6.343184002616908,5.88880899886135,22.905397334398003
1,699,28569.634357426,28569.634649891,28569.634927726,28569.645136588,28569.645260357,28569.651641873,0.29246499980217777,0.2778350026346743,0.5703000024368521,10.208861996943597,0.12376900122035295,6.381515999237308,17.28444699983811
1,700,28569.667690759332,28569.667810934,28569.668082473,28569.678389613,28569.683393945,28569.690199446,0.12017466724500991,0.27153900009579957,0.3917136673408095,10.307140000804793,5.0043320006807335,6.805500997870695,22.50868666669703
1,701,28569.701024092665,28569.70114782,28569.701413072,28569.711690341,28569.717923958,28569.723859269,0.12372733544907533,0.26525200155447237,0.3889793370035477,10.277268997015199,6.233617001271341,5.935311000939691,22.83517633622978
1,702,28569.734357426,28569.734443929,28569.734651467,28569.745080089,28569.751760867,28569.758178957,0.08650299787404947,0.20753799981321208,0.29404099768726155,10.428622001199983,6.680777998553822,6.418090000806842,23.82153099824791
1,703,28569.767690759334,28569.76777026,28569.768213262,28569.778529365,28569.785196059,28569.791134481,0.07950066719786264,0.44300199806457385,0.5225026652624365,10.316103001969168,6.666694000159623,5.938422000326682,23.44372166771791
1,704,28569.801024092667,28569.801100886,28569.801373435,28569.811687482,28569.818387055,28569.82477484,0.07679333430132829,0.2725489976000972,0.3493423319014255,10.314047001884319,6.699572997604264,6.387785000697477,23.750747332087485
1,705,28569.834357426,28569.834697608,28569.834738452,28569.844104438,28569.84434856,28569.850914856,0.34018199949059635,0.04084399915882386,0.3810259986494202,9.365986003103899,0.2441219985485077,6.566296000528382,16.55743000083021
1,706,28569.867690759333,28569.867978866,28569.868031635,28569.87740439,28569.877675957,28569.884231863,0.28810666844947264,0.05276899901218712,0.34087566746165976,9.372755001095356,0.27156699798069894,6.5559060021769255,16.54110366871464
1,707,28569.901024092665,28569.901347347,28569.90163595,28569.91189184,28569.912150166,28569.918531118,0.3232543349440675,0.28860299789812416,0.6118573328421917,10.255890003463719,0.25832599931163713,6.380951999744866,17.507025335362414
1,708,28569.934357426,28569.93466216,28569.934895773,28569.945272969,28569.945412887,28569.951602143,0.3047340032935608,0.23361299827229232,0.5383470015658531,10.377195998444222,0.13991800005896948,6.1892560006526764,17.24471700072172
1,709,28569.967690759335,28569.967988678,28569.968263411,28569.978424523,28569.984461871,28569.990681544,0.2979186647280585,0.2747329999692738,0.5726516646973323,10.161112000787398,6.037348000972997,6.219672999577597,22.990784666035324
1,710,28570.001024092668,28570.001110703,28570.001386686,28570.011682864,28570.018352937,28570.024316859,0.0866103328007739,0.2759829985734541,0.362593331374228,10.296177999407519,6.670073002169374,5.963921998045407,23.29276633099653
1,711,28570.034357426,28570.034656638,28570.034954585,28570.045298929,28570.051658529,28570.057929683,0.29921199893578887,0.29794700094498694,0.5971589998807758,10.344343998440308,6.359599999996135,6.2711540012969635,23.572256999614183
1,712,28570.067690759333,28570.068027304,28570.068281703,28570.078649751,28570.078894383,28570.08533139,0.3365446682437323,0.2543989976402372,0.5909436658839695,10.368048002419528,0.24463199952151626,6.43700699947658,17.640630667301593
1,713,28570.101024092666,28570.101367775,28570.101656314,28570.111983232,28570.118537148,28570.12459156,0.34368233536952175,0.2885389985749498,0.6322213339444716,10.326917999918805,6.553915998665616,6.054412002413301,23.567467334942194
1,714,28570.134357426,28570.134662413,28570.134947969,28570.145386157,28570.15209048,28570.158335441,0.3049869992537424,0.2855560014722869,0.5905430007260293,10.438188000989612,6.704323001031298,6.244960997719318,23.978015000466257
1,715,28570.167690759332,28570.167985476,28570.168061181,28570.177706993,28570.17776766,28570.184164584,0.2947166685771663,0.07570500019937754,0.3704216687765438,9.645811998780118,0.06066700007067993,6.396924000000581,16.473824667627923
1,716,28570.201024092665,28570.201128863,28570.201401994,28570.211658375,28570.218513181,28570.224654539,0.1047703335643746,0.27313100144965574,0.37790133501403034,10.25638099963544,6.854806000774261,6.141358000604669,23.6304463360284
1,717,28570.234357426,28570.234650187,28570.234883864,28570.245310209,28570.25195981,28570.258027835,0.292761000309838,0.23367699759546667,0.5264379979053047,10.42634500117856,6.649601000390248,6.068024998967303,23.670408998441417
1,718,28570.267690759334,28570.267997445,28570.268292484,28570.278570457,28570.2853113,28570.291386612,0.3066856661462225,0.2950390007754322,0.6017246669216547,10.277973000484053,6.740842996805441,6.075312001485145,23.695852665696293
1,719,28570.301024092667,28570.301327138,28570.30162489,28570.311902762,28570.318396732,28570.324321645,0.3030453335668426,0.2977519980049692,0.6007973315718118,10.27787200291641,6.493969998700777,5.924912999034859,23.29755233222386
1,720,28570.334357426,28570.334700248,28570.334997129,28570.345384177,28570.351933602,28570.358443989,0.34282200067536905,0.2968810003949329,0.639703001070302,10.38704799793777,6.549425001139753,6.510387000162154,24.08656300030998
1,721,28570.367690759333,28570.367988559,28570.368275626,28570.378544154,28570.385584878,28570.391659698,0.29779966644127853,0.28706699959002435,0.5848666660313029,10.268527999869548,7.04072400185396,6.074820001231274,23.968938668986084
1,722,28570.401024092665,28570.401109723,28570.401383067,28570.411730735,28570.418394808,28570.424379267,0.08563033406971954,0.27334400147083215,0.3589743355405517,10.347667997848475,6.66407300013816,5.9844589995918795,23.355174333119066
1,723,28570.434357426,28570.434666212,28570.434951436,28570.445187816,28570.445250409,28570.451601944,0.3087860022787936,0.2852239995263517,0.5940100018051453,10.23637999969651,0.06259300062083639,6.3515350011584815,17.244518003280973
1,724,28570.467690759335,28570.467995774,28570.468293962,28570.47848122,28570.484170604,28570.490311758,0.30501466608257033,0.29818799885106273,0.6032026649336331,10.187258001678856,5.689383997378172,6.141154000943061,22.620998664933722
1,725,28570.501024092668,28570.501336531,28570.501628403,28570.511928765,28570.518610625,28570.524650835,0.3124383329122793,0.2918719983426854,0.6043103312549647,10.300362002453767,6.681859998934669,6.0402099989005364,23.626742331543937
1,726,28570.534357426,28570.53466263,28570.534939261,28570.545285651,28570.551690112,28570.557618598,0.3052040010516066,0.2766309989965521,0.5818350000481587,10.346389997721417,6.404461000784067,5.9284859999024775,23.26117199845612
1,727,28570.567690759333,28570.567984424,28570.568040544,28570.57740393,28570.577452995,28570.583712131,0.29366466696956195,0.056119999499060214,0.34978466646862216,9.36338600149611,0.04906499816570431,6.259136000153376,16.021371666283812
1,728,28570.601024092666,28570.601128357,28570.601400358,28570.611687258,28570.61798557,28570.624155985,0.10426433436805382,0.27200099793844856,0.3762653323065024,10.286900000210153,6.298312000581063,6.170414999360219,23.131892332457937
1,729,28570.634357426,28570.634497809,28570.634769432,28570.645142313,28570.651368671,28570.657367352,0.14038299923413433,0.2716230010264553,0.41200600026058964,10.372880999057088,6.226358000276377,5.9986810010741465,23.0099260006682
1,730,28570.667690759332,28570.667793123,28570.667822966,28570.677158526,28570.677223046,28570.683817962,0.10236366870230995,0.029842998628737405,0.13220666733104736,9.335560000181431,0.0645200016151648,6.594915997993667,16.12720266712131
1,731,28570.701024092665,28570.70111602,28570.701393087,28570.711982163,28570.717500767,28570.722824992,0.09192733705276623,0.2770669998426456,0.36899433689541183,10.589075998723274,5.518604000826599,5.324224999640137,21.800899336085422
1,732,28570.734357426,28570.734435917,28570.734705798,28570.744941687,28570.750679358,28570.756208436,0.07849099711165763,0.26988100216840394,0.3483719992800616,10.23588899988681,5.737670999224065,5.529078000108711,21.85100999849965
1,733,28570.767690759334,28570.767768943,28570.767791897,28570.777148144,28570.777395524,28570.783376946,0.07818366430001333,0.022954001906327903,0.10113766620634124,9.356246999232098,0.2473800013831351,5.981422000331804,15.686186667153379
1,734,28570.801024092667,28570.801331897,28570.80162339,28570.811797029,28570.812049392,28570.818037314,0.3078043337154668,0.2914930009865202,0.599297334701987,10.173638998821843,0.25236299916286953,5.987921998894308,17.013221331581008
1,735,28570.834357426,28570.834652349,28570.834936805,28570.845305436,28570.851378719,28570.856831175,0.2949230001831893,0.2844560003723018,0.5793790005554911,10.3686309994373,6.073282998841023,5.452456000057282,22.473748998891097
1,736,28570.867690759333,28570.867833792,28570.868126313,28570.87833836,28570.88490284,28570.890919586,0.14303266652859747,0.29252099920995533,0.4355536657385528,10.212047000095481,6.564480001543416,6.016745999659179,23.22882666703663
1,737,28570.901024092665,28570.901323949,28570.901395154,28570.91133093,28570.916988777,28570.922367482,0.2998563359142281,0.07120499867596664,0.37106133459019475,9.935776000929764,5.657846999383764,5.37870499829296,21.343389333196683
1,738,28570.934357426,28570.934642809,28570.935301155,28570.944749383,28570.950203607,28570.955667221,0.28538300102809444,0.658346001728205,0.9437290027562995,9.448228000110248,5.454223999549868,5.463613997562788,21.309794999979204
1,739,28570.967690759335,28570.968032446,28570.968335957,28570.978540457,28570.984877899,28570.990275031,0.3416866638872307,0.30351100213010795,0.6451976660173386,10.204499998508254,6.337442002404714,5.397131997597171,22.584271664527478
1,740,28571.001024092668,28571.001320638,28571.001589009,28571.011822324,28571.017633578,28571.022961293,0.2965453313663602,0.2683710008568596,0.5649163322232198,10.233314998913556,5.811254002765054,5.327715000021271,21.9372003339231
1,741,28571.034357426,28571.034464976,28571.034726599,28571.045034813,28571.050843094,28571.056170272,0.10755000039353035,0.26162299764109775,0.3691729980346281,10.308214001270244,5.808280999190174,5.327178001607535,21.81284600010258
1,742,28571.067690759333,28571.067997836,28571.068305885,28571.078538691,28571.08470615,28571.090086438,0.3070766651944723,0.30804900234215893,0.6151256675366312,10.23280599838472,6.167458999698283,5.380287999287248,22.39567866490688
1,743,28571.101024092666,28571.101115332,28571.101372019,28571.111633048,28571.11735995,28571.122749608,0.09123933341470547,0.25668699890957214,0.3479263323242776,10.26102900141268,5.726901999878464,5.389657999330666,21.725515332946088
1,744,28571.134357426,28571.134440766,28571.134701461,28571.144959045,28571.145086601,28571.150958327,0.08334000085596927,0.26069500017911196,0.3440350010350812,10.25758399919141,0.12755599891534075,5.871726003533695,16.600901002675528
1,745,28571.167690759332,28571.167975051,28571.168249404,28571.178550016,28571.183583858,28571.18902112,0.28429166923160665,0.27435299853095785,0.5586446677625645,10.300612000719411,5.0338420005573425,5.437261999759357,21.330360668798676
1,746,28571.201024092665,28571.201326864,28571.201633216,28571.211080574,28571.211132196,28571.216998746,0.3027713355550077,0.30635199800599366,0.6091233335610013,9.447358002944384,0.05162199886399321,5.866550000064308,15.974653335433686
1,747,28571.234357426,28571.234447481,28571.234707797,28571.245131781,28571.25045957,28571.255940526,0.09005500032799318,0.26031599918496795,0.35037099951296113,10.423984000226483,5.3277890001481865,5.4809559987916145,21.583099998679245
1,748,28571.267690759334,28571.267975036,28571.268251446,28571.278741522,28571.284154552,28571.289740119,0.2842766662070062,0.2764099990599789,0.5606866652669851,10.490076001588022,5.413029997725971,5.585566999798175,22.049359664379153
1,749,28571.301024092667,28571.301324202,28571.301630723,28571.311165349,28571.311404054,28571.31752344,0.3001093318744097,0.3065210003114771,0.6066303321858868,9.534626002277946,0.23870499717304483,6.119386001955718,16.499347333592596
1,750,28571.334357426,28571.33464908,28571.33492173,28571.344489033,28571.344722321,28571.350955457,0.29165399973862804,0.2726499988057185,0.5643039985443465,9.567303000949323,0.23328799943556078,6.233136002265383,16.598031001194613
1,751,28571.367690759333,28571.368017255,28571.368285998,28571.378998417,28571.384198993,28571.390165387,0.32649566855980083,0.26874299874179997,0.5952386673016008,10.712418999901274,5.200576000788715,5.966394001006847,22.474627668998437
1,752,28571.401024092665,28571.401324652,28571.401599126,28571.411865368,28571.412099693,28571.418543173,0.3005593353009317,0.2744739977060817,0.5750333330070134,10.266242003126536,0.23432499801856466,6.443480000598356,17.51908033475047
1,753,28571.434357426,28571.434655753,28571.434938773,28571.445252774,28571.445488971,28571.45166355,0.2983270023833029,0.2830199991876725,0.5813470015709754,10.314000999642303,0.23619700004928745,6.174579000798985,17.30612400206155
1,754,28571.467690759335,28571.468047975,28571.468322809,28571.478730497,28571.485166624,28571.490976295,0.3572156638256274,0.2748340011748951,0.6320496650005225,10.407688001578208,6.436126997868996,5.8096710017707665,23.285535666218493
1,755,28571.501024092668,28571.501109833,28571.501383102,28571.511754928,28571.518096454,28571.524120644,0.08574033199693076,0.27326900089974515,0.3590093328966759,10.371825999754947,6.341526001051534,6.024189999152441,23.096551332855597
1,756,28571.534357426,28571.534749167,28571.535039371,28571.545409818,28571.552150124,28571.558276259,0.39174099947558716,0.2902039996115491,0.6819449990871362,10.370447002060246,6.740305998391705,6.126134998339694,23.91883299787878
1,757,28571.567690759333,28571.567986998,28571.568270851,28571.578609537,28571.584941257,28571.5908983,0.2962386679428164,0.2838529981090687,0.5800916660518851,10.33868599915877,6.331720000162022,5.957043002126738,23.207540667499416
1,758,28571.601024092666,28571.601322347,28571.601609979,28571.611878136,28571.611931961,28571.618267394,0.29825433375663124,0.28763199952663854,0.5858863332832698,10.2681569987908,0.05382500239647925,6.335432997730095,17.243301332200645
1,759,28571.634357426,28571.634530677,28571.634800113,28571.645134097,28571.647928899,28571.654021626,0.17325100270682015,0.26943599732476287,0.442687000031583,10.333984002500074,2.794801999698393,6.092726998758735,19.664200000988785
1,760,28571.667690759332,28571.667809461,28571.668596772,28571.678188231,28571.683137878,28571.689437978,0.11870166781591251,0.7873110007494688,0.9060126685653813,9.591458998329472,4.949647001922131,6.300099998043152,21.747218666860135
1,761,28571.701024092665,28571.701132691,28571.701339525,28571.711430415,28571.71726441,28571.723337036,0.10859833491849713,0.20683399998233654,0.31543233490083367,10.090890002175001,5.833994997374248,6.072626001696335,22.312943336146418
1,762,28571.734357426,28571.734440708,28571.735144379,28571.74458781,28571.750801344,28571.757317223,0.0832820005598478,0.7036709976091515,0.7869529981689993,9.443431001272984,6.213533997652121,6.515879002108704,22.95979699920281
1,763,28571.767690759334,28571.767771327,28571.768057504,28571.778639377,28571.785149052,28571.791316309,0.0805676645541098,0.28617700081667863,0.3667446653707884,10.581873000774067,6.509675000415882,6.167257000925019,23.625549667485757
1,764,28571.801024092667,28571.801322762,28571.801629958,28571.811922145,28571.818458412,28571.824749808,0.2986693325510714,0.3071960018132813,0.6058653343643527,10.292186998412944,6.536266999319196,6.291396002779948,23.72571533487644
1,765,28571.834357426,28571.83465253,28571.834935698,28571.845304218,28571.852056663,28571.858460245,0.2951040005427785,0.2831679994415026,0.5782719999842811,10.368520001065917,6.752444998710416,6.4035819996206556,24.10281899938127
1,766,28571.867690759333,28571.867985297,28571.868274993,28571.878595087,28571.885618903,28571.891964077,0.29453766910592094,0.2896959995268844,0.5842336686328053,10.320093999325763,7.023816000582883,6.34517399885226,24.273317667393712
1,767,28571.901024092665,28571.901334148,28571.90162526,28571.911926326,28571.918716104,28571.925145363,0.3100553331023548,0.2911120027420111,0.6011673358443659,10.301065998646664,6.789777999074431,6.429258999560261,24.12127033312572
1,768,28571.934357426,28571.934662868,28571.934950259,28571.945279511,28571.951919574,28571.957849765,0.30544200126314536,0.28739100162056275,0.5928330028837081,10.329251999792177,6.640062998485519,5.930191000516061,23.492339001677465
1,769,28571.967690759335,28571.967995626,28571.96826971,28571.97850034,28571.983988527,28571.98953791,0.3048666658287402,0.2740839991020039,0.5789506649307441,10.230629999568919,5.488187001901679,5.549383000470698,21.84715066687204
1,770,28572.001024092668,28572.001112066,28572.001374808,28572.011544595,28572.017230868,28572.022188284,0.08797333066468127,0.2627419999043923,0.35071533056907356,10.16978700135951,5.686273001629161,4.957416000252124,21.164191333809868
1,771,28572.034357426,28572.034644296,28572.034925113,28572.045092205,28572.045335614,28572.050837171,0.28686999939964153,0.2808169992931653,0.5676869986928068,10.167092001211131,0.2434089983580634,5.501556999661261,16.479744997923262
1,772,28572.067690759333,28572.067991275,28572.068282518,28572.07852225,28572.084202808,28572.089287114,0.3005156650033314,0.29124300272087567,0.591758667724207,10.239732000627555,5.680557998857694,5.084305998025229,21.596354665234685
1,773,28572.101024092666,28572.10133468,28572.102025841,28572.111378087,28572.115890001,28572.120671943,0.31058733293320984,0.6911609998496715,1.0017483327828813,9.352246001071762,4.511914001341211,4.781941999681294,19.64785033487715
1,774,28572.134357426,28572.134655446,28572.135294847,28572.144684936,28572.149190183,28572.154128553,0.29802000062773004,0.6394010015355889,0.9374210021633189,9.390088998770807,4.5052470013615675,4.9383699988538865,19.77112700114958
1,775,28572.167690759332,28572.168018471,28572.168312352,28572.178523806,28572.184432793,28572.189549922,0.32771166661405005,0.29388100301730447,0.6215926696313545,10.211453998635989,5.90898700102116,5.117128999700071,21.859162668988574
1,776,28572.201024092665,28572.201111792,28572.201379988,28572.211577275,28572.211816063,28572.2173784,0.08769933629082516,0.26819599952432327,0.35589533581514843,10.197286999755306,0.23878800129750744,5.562336998991668,16.35430733585963
1,777,28572.234357426,28572.234658014,28572.234949386,28572.245270915,28572.25083401,28572.255865705,0.3005879989359528,0.2913719981734175,0.5919599971093703,10.32152900006622,5.563095000979956,5.031695000070613,21.50827899822616
1,778,28572.267690759334,28572.267984865,28572.268277672,28572.278518479,28572.28439202,28572.289492178,0.2941056663985364,0.29280699891387485,0.5869126653124113,10.240807001537178,5.873540998436511,5.100157999549992,21.801418664836092
1,779,28572.301024092667,28572.301357234,28572.301633578,28572.311865449,28572.317155775,28572.321989607,0.3331413317937404,0.2763440024864394,0.6094853342801798,10.23187099781353,5.290326000249479,4.833832001168048,20.965514333511237
1,780,28572.334357426,28572.334647898,28572.3349254,28572.345248004,28572.350433495,28572.35540444,0.2904719985963311,0.27750200024456717,0.5679739988408983,10.322604000975844,5.185491001611808,4.970944999513449,21.047014000942
1,781,28572.367690759333,28572.367985879,28572.368247326,28572.37852053,28572.383741226,28572.38858767,0.29511966567952186,0.2614470031403471,0.5565666688198689,10.273203999531688,5.220695999014424,4.846444000577321,20.896910667943303
1,782,28572.401024092665,28572.401127701,28572.401393147,28572.411573648,28572.417028159,28572.422277781,0.10360833402955905,0.26544600041233934,0.3690543344418984,10.180501001741504,5.454510999697959,5.24962199779111,21.25368833367247
1,783,28572.434357426,28572.434645099,28572.434926194,28572.445040064,28572.450643604,28572.455593705,0.28767300318577327,0.281094999081688,0.5687680022674613,10.113870001077885,5.603539997537155,4.950100999849383,21.236279000731884
1,784,28572.467690759335,28572.467991089,28572.468288581,28572.478499424,28572.483770564,28572.488724416,0.3003296660608612,0.297491998935584,0.5978216649964452,10.210843000095338,5.271139998512808,4.953852003382053,21.033656666986644
1,785,28572.501024092668,28572.501314402,28572.501587181,28572.511787553,28572.51713186,28572.52205623,0.2903093336499296,0.27277899789623916,0.5630883315461688,10.200372002145741,5.344306999177206,4.924369997752365,21.03213733062148
1,786,28572.534357426,28572.534658642,28572.534948671,28572.545249886,28572.551235094,28572.556571865,0.3012159977515694,0.29002900191699155,0.5912449996685609,10.301214999344666,5.985208001220599,5.336770998837892,22.214438999071717
1,787,28572.567690759333,28572.568019243,28572.568309708,28572.578535477,28572.584427462,28572.589455722,0.32848366754478775,0.29046499912510626,0.618948666669894,10.22576900140848,5.891984998015687,5.028260002291063,21.764962668385124
1,788,28572.601024092666,28572.601314732,28572.601396557,28572.611393603,28572.616160203,28572.621553195,0.2906393347075209,0.08182499732356519,0.3724643320310861,9.997046003263677,4.766599999129539,5.3929919995425735,20.529102333966875
1,789,28572.634357426,28572.634673786,28572.635381633,28572.644945074,28572.648334075,28572.653366455,0.316360001306748,0.7078470007400028,1.0242070020467509,9.56344099904527,3.3890009981405456,5.032380002376158,19.009029001608724
1,790,28572.667690759332,28572.667802978,28572.668030914,28572.678143313,28572.68272469,28572.688060757,0.11221866952837445,0.22793599782744423,0.3401546673558187,10.112399002537131,4.581376997521147,5.336066999007016,20.369997666421114
1,791,28572.701024092665,28572.701137181,28572.701188477,28572.710777391,28572.71084103,28572.716535616,0.11308833563816734,0.051295999583089724,0.16438433522125706,9.588913999323267,0.06363899956340902,5.694586001482094,15.511523335590027
1,792,28572.734357426,28572.734444465,28572.73448977,28572.74410961,28572.744349695,28572.750071162,0.08703899948159233,0.045304997911443934,0.13234399739303626,9.619840002415003,0.24008499894989654,5.721467001421843,15.713736000179779
1,793,28572.767690759334,28572.767769582,28572.767810925,28572.777646276,28572.777905925,28572.783682364,0.07882266436354257,0.0413430025218986,0.12016566688544117,9.835351000219816,0.2596489975985605,5.776439000328537,15.991604665032355
1,794,28572.801024092667,28572.801313729,28572.801607416,28572.811871556,28572.817868375,28572.823238479,0.2896363330364693,0.2936870005214587,0.583323333557928,10.26414000079967,5.996818999847164,5.370103997847764,22.214386332052527
1,795,28572.834357426,28572.834661023,28572.834723366,28572.844376048,28572.844458901,28572.850481323,0.3035970003111288,0.06234299871721305,0.36593999902834184,9.652682001615176,0.08285299918497913,6.022421999659855,16.123896999488352
1,796,28572.867690759333,28572.868023632,28572.868326902,28572.878545847,28572.884817825,28572.890379004,0.33287266705883667,0.30327000058605336,0.63614266764489,10.218945000815438,6.271977999858791,5.561178997595562,22.68824466591468
1,797,28572.901024092665,28572.901316082,28572.901436592,28572.911575046,28572.917684932,28572.923228554,0.29198933407315053,0.1205100015795324,0.41249933565268293,10.13845399938873,6.109885998739628,5.543621999095194,22.204461332876235
1,798,28572.934357426,28572.934446124,28572.93471121,28572.945004544,28572.951126503,28572.956680071,0.08869800149113871,0.2650860005815048,0.3537840020726435,10.293333998561138,6.1219590024848,5.553568000323139,22.32264500344172
1,799,28572.967690759335,28572.96797206,28572.96802982,28572.977631955,28572.977690642,28572.983429182,0.2813006649375893,0.05776000034529716,0.3390606652828865,9.602135000022827,0.05868700100108981,5.738539999583736,15.738422665890539
1,800,28573.001024092668,28573.001332698,28573.00163456,28573.011861163,28573.018024947,28573.023989702,0.3086053329752758,0.30186200092430227,0.6104673338995781,10.22660299713607,6.1637840008188505,5.964755000604782,22.96560933245928
1,801,28573.034357426,28573.034679455,28573.034965346,28573.045261375,28573.045514006,28573.051671216,0.3220289981982205,0.2858910011127591,0.6079199993109796,10.296028998709517,0.25263100178563036,6.157209998491453,17.31378999829758
1,802,28573.067690759333,28573.068027455,28573.068278178,28573.078571994,28573.078822181,28573.085354568,0.33669566619209945,0.2507230019546114,0.5874186681467108,10.293815998011269,0.25018700034706853,6.5323870003339835,17.66380866683903
1,803,28573.101024092666,28573.101329897,28573.102068355,28573.111498805,28573.116858706,28573.122701645,0.30580433303839527,0.738458002160769,1.0442623351991642,9.430449998035328,5.359900998882949,5.842939001013292,21.677552333130734
1,804,28573.134357426,28573.134446673,28573.135155473,28573.14455496,28573.150619753,28573.156959714,0.08924700159695931,0.708799998392351,0.7980469999893103,9.399487000337103,6.064793000405189,6.339961000776384,22.602288001507986
1,805,28573.167690759332,28573.1677707,28573.168477565,28573.177879394,28573.183863547,28573.190511945,0.07994066982064396,0.7068649974826258,0.7868056673032697,9.401829000125872,5.9841530019184574,6.648397997196298,22.821185666543897
1,806,28573.201024092665,28573.201369311,28573.201661303,28573.211961203,28573.218825889,28573.225171636,0.34521833367762156,0.29199200071161613,0.6372103343892377,10.299900000973139,6.864685998152709,6.34574700234225,24.147543335857335
1,807,28573.234357426,28573.234661365,28573.234943273,28573.245259868,28573.251954275,28573.258357755,0.3039389994228259,0.28190800003358163,0.5858469994564075,10.31659499858506,6.694407002214575,6.403479997970862,24.000328998226905
1,808,28573.267690759334,28573.267996734,28573.268051197,28573.277421489,28573.277658324,28573.28447163,0.3059746668441221,0.05446299837785773,0.36043766522197984,9.370292002131464,0.23683499966864474,6.813305997638963,16.78087066466105
1,809,28573.301024092667,28573.301116148,28573.301384909,28573.311621993,28573.318402716,28573.324642046,0.09205533206113614,0.26876099946093746,0.3608163315220736,10.237084003165364,6.780722997064004,6.239329999516485,23.617953331267927
1,810,28573.334357426,28573.334648175,28573.334915196,28573.345275464,28573.351944668,28573.358473629,0.2907490015786607,0.2670209978532512,0.5577699994319119,10.360267999203643,6.669204001809703,6.528960999276023,24.11620299972128
1,811,28573.367690759333,28573.367983153,28573.368272794,28573.378593027,28573.38540173,28573.391500764,0.2923936663137283,0.2896410005632788,0.5820346668770071,10.320232999220025,6.808703001297545,6.099033998907544,23.81000466630212
1,812,28573.401024092665,28573.401335716,28573.401375207,28573.410709601,28573.410948426,28573.41749112,0.31162333471002057,0.039490998460678384,0.35111433317069896,9.334394002507906,0.23882499954197556,6.542693998198956,16.467027333419537
1,813,28573.434357426,28573.434450055,28573.434712436,28573.444952816,28573.445206715,28573.451771132,0.09262900130124763,0.26238099962938577,0.3550100009306334,10.240380001050653,0.25389900110894814,6.5644169990264345,17.41370600211667
1,814,28573.467690759335,28573.467771857,28573.468049017,28573.47839586,28573.485378361,28573.491752489,0.08109766349662095,0.2771600011328701,0.35825766462949105,10.346842998842476,6.9825010032218415,6.374127999151824,24.061729665845633
1,815,28573.501024092668,28573.501314143,28573.501352782,28573.510667963,28573.510912585,28573.517679131,0.2900503313867375,0.03863900201395154,0.32868933340068907,9.31518099969253,0.24462199871777557,6.766546001017559,16.655038332828553
1,816,28573.534357426,28573.5346534,28573.534928198,28573.54530431,28573.551964597,28573.558188788,0.29597399770864286,0.2747980033745989,0.5707720010832418,10.37611199717503,6.660287002887344,6.224190998182166,23.831361999327783
1,817,28573.567690759333,28573.567998934,28573.568286325,28573.578568511,28573.585588022,28573.591796538,0.3081746654061135,0.28739100162056275,0.5955656670266762,10.282185998221394,7.01951100199949,6.208515998878283,24.105778666125843
1,818,28573.601024092666,28573.601344082,28573.601648444,28573.611935918,28573.618690223,28573.625031925,0.3199893326382153,0.30436200177064165,0.6243513344088569,10.287474000506336,6.7543049990490545,6.3417019991902635,24.00783233315451
1,819,28573.634357426,28573.634654117,28573.634923433,28573.645068628,28573.651387219,28573.657684967,0.29669099967577495,0.26931600223178975,0.5660070019075647,10.145194999495288,6.3185910003085155,6.297747997450642,23.32754099916201
1,820,28573.667690759332,28573.667802633,28573.668075579,28573.67839909,28573.685348453,28573.692678252,0.11187366908416152,0.2729459993133787,0.3848196683975402,10.323511000024155,6.94936299987603,7.3297989983984735,24.9874926666962
1,821,28573.701024092665,28573.701120762,28573.701390948,28573.7117777,28573.711893488,28573.717988604,0.09666933692642488,0.2701859993976541,0.36685533632407896,10.38675199743011,0.11578800331335515,6.0951159975957125,16.964511334663257
1,822,28573.734357426,28573.734437288,28573.734707234,28573.744910641,28573.745183181,28573.750871193,0.0798619985289406,0.26994600193575025,0.34980800046469085,10.203406996879494,0.27254000087850727,5.688011999154696,16.513766997377388
1,823,28573.767690759334,28573.767766916,28573.768055538,28573.778251502,28573.784297146,28573.789622445,0.0761566661822144,0.2886219990614336,0.364778665243648,10.195964001468383,6.045644000550965,5.325299000105588,21.931685667368583
1,824,28573.801024092667,28573.801101813,28573.801359944,28573.811545213,28573.817769562,28573.823171046,0.07772033131914213,0.2581310000095982,0.33585133132874034,10.185269002249697,6.224348999239737,5.401483998866752,22.146953331684927
1,825,28573.834357426,28573.834650359,28573.834886454,28573.84489824,28573.850518586,28573.855809245,0.29293300030985847,0.23609499839949422,0.5290279987093527,10.01178600199637,5.620346000796417,5.290658999001607,21.451819000503747
1,826,28573.867690759333,28573.868085895,28573.868376203,28573.878672482,28573.88460219,28573.889960248,0.39513566662208177,0.2903080021496862,0.685443668771768,10.296278996975161,5.929708000621758,5.3580580024572555,22.269488668825943
1,827,28573.901024092665,28573.901318597,28573.901589599,28573.911653525,28573.91720201,28573.922402723,0.29450433430611156,0.27100200168206356,0.5655063359881751,10.06392599811079,5.548485001781955,5.200712999794632,21.378630335675552
1,828,28573.934357426,28573.934643967,28573.934679782,28573.943958481,28573.944195473,28573.950029051,0.286541002424201,0.035814999137073755,0.32235600156127475,9.278698998969048,0.2369920002820436,5.8335780013294425,15.671625002141809
1,829,28573.967690759335,28573.968045428,28573.968332606,28573.978528653,28573.984335574,28573.989595113,0.3546686639310792,0.28717800159938633,0.6418466655304655,10.196046998316888,5.8069210026587825,5.259538997052005,21.90435366355814
1,830,28574.001024092668,28574.001111621,28574.001371817,28574.011608141,28574.017463414,28574.022930862,0.08752833309699781,0.26019600045401603,0.34772433355101384,10.236324000288732,5.855272996996064,5.467448001581943,21.906769332417753
1,831,28574.034357426,28574.034657269,28574.034940447,28574.045264068,28574.051159128,28574.056714649,0.2998429990839213,0.2831780002452433,0.5830209993291646,10.323621001589345,5.895059999602381,5.555520998314023,22.357222998834914
1,832,28574.067690759333,28574.067984656,28574.068269852,28574.078490556,28574.084743508,28574.090327278,0.2938966681540478,0.2851959980034735,0.5790926661575213,10.220703999948455,6.252952000068035,5.583770001976518,22.63651866815053
1,833,28574.101024092666,28574.101341209,28574.101624906,28574.111800859,28574.11790805,28574.123322608,0.3171163334627636,0.28369700157782063,0.6008133350405842,10.175952997087734,6.107191002229229,5.414557999756653,22.2985153341142
1,834,28574.134357426,28574.134662762,28574.134966819,28574.145257932,28574.151399058,28574.156728115,0.3053360014746431,0.3040570009034127,0.6093930023780558,10.291112997947494,6.141125999420183,5.329056999471504,22.370688999217236
1,835,28574.167690759332,28574.167986759,28574.168710106,28574.178103426,28574.183307779,28574.188935874,0.2959996672871057,0.7233470023493282,1.019346669636434,9.39331999688875,5.204353001317941,5.6280950011569075,21.24511466900003
1,836,28574.201024092665,28574.201148506,28574.201801056,28574.21121119,28574.216823452,28574.222527919,0.12441333456081338,0.6525499993585981,0.7769633339194115,9.410134000063408,5.612262000795454,5.704466999304714,21.503826334082987
1,837,28574.234357426,28574.234663671,28574.234946876,28574.2451937,28574.251233197,28574.2569322,0.3062449977733195,0.28320500132394955,0.589449999097269,10.246824000205379,6.039496998710092,5.699003002519021,22.57477400053176
1,838,28574.267690759334,28574.268027641,28574.268323467,28574.278563819,28574.284829446,28574.290442226,0.33688166513456963,0.29582600109279156,0.6327076662273612,10.240351999527775,6.265626998356311,5.612780001683859,22.751466665795306
1,839,28574.301024092667,28574.301327619,28574.301608297,28574.311815704,28574.31804234,28574.323474926,0.30352633257280104,0.2806779993989039,0.584204331971705,10.207407001871616,6.2266360000649,5.432586000097217,22.450833334005438
1,840,28574.334357426,28574.334673701,28574.334976953,28574.345281944,28574.35159272,28574.357174899,0.3162749999319203,0.30325199986691587,0.6195269997988362,10.30499099942972,6.3107759997365065,5.582179001066834,22.817473000031896
1,841,28574.367690759333,28574.367987199,28574.3682517,28574.378469387,28574.384930311,28574.390669473,0.2964396662719082,0.264501002675388,0.5609406689472962,10.217686998657882,6.460923999838997,5.7391619993723,22.978713666816475
1,842,28574.401024092665,28574.401109734,28574.40137656,28574.411673302,28574.418102096,28574.423903656,0.08564133531763218,0.26682599855121225,0.35246733386884443,10.296741998899961,6.428794000385096,5.801560000691097,22.879563333845
1,843,28574.434357426,28574.434664845,28574.434953754,28574.445357821,28574.451654947,28574.457486036,0.30741900263819844,0.28890899920952506,0.5963280018477235,10.404067001218209,6.297125997662079,5.831089001731016,23.128610002459027
1,844,28574.467690759335,28574.467993751,28574.468276151,28574.478587531,28574.485250494,28574.491420287,0.3029916661034804,0.2824000002874527,0.5853916663909331,10.31137999962084,6.662962998234434,6.169792999571655,23.729527663817862
1,845,28574.501024092668,28574.501346509,28574.501660714,28574.511888012,28574.512142254,28574.518399613,0.32241633380181156,0.31420499726664275,0.6366213310684543,10.227298000245355,0.25424200066481717,6.257359000301221,17.375520332279848
1,846,28574.534357426,28574.534653758,28574.534924324,28574.545166881,28574.551331257,28574.55748806,0.29633200028911233,0.27056600083597004,0.5668980011250824,10.242556996672647,6.164376001834171,6.15680299961241,23.13063399924431
1,847,28574.567690759333,28574.567991664,28574.568275073,28574.578556519,28574.585084054,28574.591074875,0.3009046668012161,0.2834090009855572,0.5843136677867733,10.281446000590222,6.527534998895135,5.990820998704294,23.384115665976424
1,848,28574.601024092666,28574.60111131,28574.601381431,28574.611702711,28574.618311821,28574.624334799,0.08721733320271596,0.2701209996303078,0.35733833283302374,10.321280002244748,6.609109997953055,6.0229779992369,23.310706332267728
1,849,28574.634357426,28574.63468655,28574.634724087,28574.644124844,28574.644388835,28574.651056826,0.3291240027465392,0.03753700002562255,0.36666100277216174,9.400756996910786,0.26399100170237944,6.667990997812012,16.69939999919734
1,850,28574.667690759332,28574.667818483,28574.668124087,28574.67833531,28574.685734665,28574.691816412,0.1277236697205808,0.30560399682144634,0.43332766654202715,10.211223001533654,7.399354999506613,6.081747000280302,24.125652667862596
1,851,28574.701024092665,28574.701126796,28574.701398178,28574.711642419,28574.717911555,28574.724041366,0.10270333586959168,0.2713819994824007,0.3740853353519924,10.244240998872556,6.2691359999007545,6.129811001301277,23.01727333542658
1,852,28574.734357426,28574.73443695,28574.734649294,28574.74510825,28574.751741528,28574.758072821,0.07952399755595252,0.2123440026480239,0.2918680002039764,10.45895599963842,6.6332780006632674,6.331292999675497,23.71539500018116
1,853,28574.767690759334,28574.767771013,28574.76804882,28574.778197348,28574.784789356,28574.790974492,0.0802536669652909,0.2778069974738173,0.3580606644391082,10.148528002901003,6.592007997824112,6.1851360005675815,23.283732665731804
1,854,28574.801024092667,28574.801102677,28574.801376475,28574.811650735,28574.818746903,28574.824794548,0.07858433309593238,0.27379799939808436,0.35238233249401674,10.274259999278001,7.0961680030450225,6.0476449980342295,23.77045533285127
1,855,28574.834357426,28574.834694639,28574.834973093,28574.845233039,28574.845483744,28574.852100734,0.3372130013303831,0.27845399745274335,0.6156669987831265,10.25994600058766,0.2507050012354739,6.616989998292411,17.743307998898672
1,856,28574.867690759333,28574.867984043,28574.868217637,28574.878338563,28574.883869417,28574.889932534,0.29328366872505285,0.23359399710898288,0.5268776658340357,10.120926002855413,5.530853999516694,6.063116998120677,22.24177466632682
1,857,28574.901024092665,28574.901127679,28574.901395763,28574.911627967,28574.918036659,28574.92417999,0.10358633517171256,0.26808400070876814,0.3716703358804807,10.232204000203637,6.408691999240546,6.143331000203034,23.155897335527698
1,858,28574.934357426,28574.934676362,28574.934712094,28574.944144766,28574.944200451,28574.950597968,0.31893600316834636,0.03573199865058996,0.3546680018189363,9.432671999093145,0.05568499909713864,6.3975170014600735,16.240542001469294
1,859,28574.967690759335,28574.968018758,28574.968283242,28574.978562225,28574.978794087,28574.985498429,0.3279986667621415,0.26448399876244366,0.5924826655245852,10.27898299798835,0.231862002692651,6.704341998556629,17.807669664762216
1,860,28575.001024092668,28575.001111979,28575.001381609,28575.011651759,28575.018526139,28575.024903656,0.08788633203948848,0.26962999982060865,0.3575163318600971,10.270149999996647,6.874380000226665,6.377517001965316,23.879563334048726
1,861,28575.034357426,28575.034645617,28575.034916693,28575.045259036,28575.051954658,28575.058174969,0.28819100043619983,0.2710759981709998,0.5592669986071996,10.342343000957044,6.6956219998246524,6.220310999196954,23.81754299858585
1,862,28575.067690759333,28575.068015394,28575.068283691,28575.078590026,28575.085518166,28575.091692691,0.3246346677769907,0.26829699709196575,0.5929316648689564,10.306335003406275,6.928139999217819,6.174524998641573,24.001931666134624
1,863,28575.101024092666,28575.101112058,28575.101390031,28575.111700329,28575.118502718,28575.124808716,0.08796533438726328,0.2779729984467849,0.3659383328340482,10.310297999239992,6.802389001677511,6.305997998424573,23.784623332176125
1,864,28575.134357426,28575.13465227,28575.134930819,28575.145168652,28575.145416098,28575.152155302,0.2948440014733933,0.27854899963131174,0.573393001104705,10.237833001156105,0.24744599795667455,6.7392040000413544,17.79787600025884
1,865,28575.167690759332,28575.168022149,28575.168311604,28575.178601494,28575.185352448,28575.191563482,0.3313896668259986,0.2894550016208086,0.6208446684468072,10.28989000042202,6.750953998562181,6.21103400044376,23.87272266787477
1,866,28575.201024092665,28575.201111822,28575.201375907,28575.211627807,28575.218589928,28575.224894065,0.08772933506406844,0.26408499979879707,0.3518143348628655,10.251899999275338,6.962121002288768,6.304136997641763,23.869972334068734
1,867,28575.234357426,28575.234670878,28575.234951916,28575.245319862,28575.252185817,28575.258458648,0.3134519974992145,0.2810380028677173,0.5944900003669318,10.367945997131756,6.865955001558177,6.272831000387669,24.101221999444533
1,868,28575.267690759334,28575.267997478,28575.268292851,28575.278616509,28575.285556612,28575.291877276,0.30671866625198163,0.2953729999717325,0.6020916662237141,10.323657999833813,6.940103001397802,6.320663997030351,24.18651666448568
1,869,28575.301024092667,28575.301180522,28575.301494682,28575.311760377,28575.318580748,28575.324672301,0.15642933431081474,0.31415999910677783,0.47058933341759257,10.26569500027108,6.82037099977606,6.091553001169814,23.648208334634546
1,870,28575.334357426,28575.334651614,28575.334926773,28575.345313312,28575.352103776,28575.358301718,0.2941880011348985,0.27515900001162663,0.5693470011465251,10.386538997408934,6.790464001824148,6.197941998834722,23.94429199921433
1,871,28575.367690759333,28575.367989937,28575.368308736,28575.378528403,28575.378772061,28575.385427302,0.29917766732978635,0.3187990005244501,0.6179766678542364,10.219666997727472,0.2436580034554936,6.6552409989526495,17.736542667989852
1,872,28575.401024092665,28575.401343881,28575.401663808,28575.41192605,28575.418725689,28575.424900964,0.31978833430912346,0.31992699950933456,0.639715333818458,10.262242001772393,6.7996389989275485,6.175275000714464,23.876871335232863
1,873,28575.434357426,28575.434444397,28575.434706963,28575.444881787,28575.451312081,28575.457762951,0.08697100201970898,0.262565998127684,0.349537000147393,10.174824001296656,6.4302940008929,6.4508699979342055,23.405525000271155
1,874,28575.467690759335,28575.467981081,28575.468272925,28575.478587158,28575.485703521,28575.491999166,0.29032166639808565,0.291844000457786,0.5821656668558717,10.31423299718881,7.116363001841819,6.295644998317584,24.308406664204085
1,875,28575.501024092668,28575.501331633,28575.501598228,28575.511690894,28575.518103753,28575.524432435,0.30754033286939375,0.26659499781089835,0.5741353306802921,10.092666001582984,6.412858998373849,6.328682000457775,23.4083423310949
1,876,28575.534357426,28575.534443084,28575.534706751,28575.545016049,28575.545262374,28575.551806021,0.08565800089854747,0.26366699967184104,0.3493250005703885,10.309297998901457,0.24632499844301492,6.543647003127262,17.448595001042122
1,877,28575.567690759333,28575.567978498,28575.568266556,28575.578591741,28575.58593843,28575.592162149,0.28773866506526247,0.28805800320697017,0.5757966682722326,10.325184997782344,7.3466889989504125,6.2237190031737555,24.471389668178745
1,878,28575.601024092666,28575.601328394,28575.601365783,28575.610724112,28575.610779918,28575.617436787,0.3043013348360546,0.03738899977179244,0.34169033460784703,9.358328999951482,0.055805998272262514,6.656869001744781,16.412694334576372
1,879,28575.634357426,28575.634446538,28575.634714502,28575.642282266,28575.64252248,28575.649313509,0.08911199984140694,0.2679640019778162,0.35707600181922317,7.567763997940347,0.24021400167839602,6.791028998122783,14.95608299956075
1,880,28575.667690759332,28575.667828638,28575.668123324,28575.6783824,28575.68649424,28575.694175579,0.1378786691930145,0.2946860004158225,0.432564669608837,10.259075999783818,8.111839997582138,7.681339000555454,26.484819667530246
1,881,28575.701024092665,28575.701126617,28575.701162784,28575.710507622,28575.710564882,28575.716991908,0.10252433639834635,0.03616699905251153,0.13869133545085788,9.344837999378797,0.05726000017602928,6.427026000892511,15.967815335898194
1,882,28575.734357426,28575.734440949,28575.734460986,28575.743783945,28575.743840195,28575.750380389,0.08352299846592359,0.020037001377204433,0.10355999984312803,9.322958998382092,0.05624999903375283,6.540194000990596,16.022962998249568
1,883,28575.767690759334,28575.767768549,28575.767786595,28575.777940179,28575.778192524,28575.784999681,0.0777896675572265,0.01804599742172286,0.09583566497894935,10.15358400036348,0.25234500208171085,6.807156998547725,17.308921665971866
1,884,28575.801024092667,28575.801329993,28575.802081266,28575.811501466,28575.817651389,28575.823776932,0.3059003320231568,0.7512730007874779,1.0571733328106347,9.420200000022305,6.14992299961159,6.125543000962352,22.752839333406882
1,885,28575.834357426,28575.834446861,28575.834714317,28575.845010364,28575.851856532,28575.8582314,0.08943500142777339,0.26745599825517274,0.35689099968294613,10.296046999428654,6.846168002084596,6.374868000420975,23.87397400161717
1,886,28575.867690759333,28575.867966212,28575.868709449,28575.878096407,28575.884678046,28575.890945136,0.2754526685748715,0.7432370002788957,1.0186896688537672,9.386957997776335,6.581639001524309,6.267090000619646,23.254376668774057
1,887,28575.901024092665,28575.901339721,28575.901401397,28575.911099238,28575.911341878,28575.918102424,0.31562833464704454,0.061676000768784434,0.377304335415829,9.697841000161134,0.24263999875984155,6.760545998986345,17.07833133332315
1,888,28575.934357426,28575.934456191,28575.934480219,28575.943811557,28575.944059318,28575.950698049,0.09876500189420767,0.024027998733799905,0.12279300062800758,9.331338002084522,0.2477609996276442,6.6387309998390265,16.3406230021792
1,889,28575.967690759335,28575.967778708,28575.96781894,28575.977118334,28575.977361807,28575.983793658,0.08794866516836919,0.04023200017400086,0.12818066534237005,9.299394001573091,0.24347299768123776,6.431851001252653,16.102898665849352
1,890,28576.001024092668,28576.001203012,28576.00123993,28576.010501972,28576.010779334,28576.017469047,0.17891933384817094,0.03691799793159589,0.21583733177976683,9.262042000045767,0.27736199990613386,6.689713001833297,16.444954333564965
1,891,28576.034357426,28576.034449631,28576.034468325,28576.043762118,28576.044036443,28576.050530942,0.0922049985092599,0.01869400148279965,0.11089899999205954,9.293792998505523,0.27432500064605847,6.494499000837095,16.173515999980737
1,892,28576.067690759333,28576.06777276,28576.068049205,28576.078354531,28576.085209041,28576.091236351,0.08200066804420203,0.2764450000540819,0.35844566809828393,10.305325999070192,6.8545100002666,6.027309998899,23.545591666334076
1,893,28576.101024092666,28576.101103257,28576.101364148,28576.111452175,28576.117604347,28576.123520834,0.0791643324191682,0.26089099992532283,0.34005533234449103,10.088027000165312,6.152172001748113,5.916486999922199,22.496741334180115
1,894,28576.134357426,28576.134434207,28576.134651209,28576.144973395,28576.151647145,28576.157608613,0.07678100155317225,0.21700199795304798,0.2937829995062202,10.322186000848887,6.673750001937151,5.9614679994410835,23.251187001733342
1,895,28576.167690759332,28576.167768761,28576.168030308,28576.178210345,28576.178488375,28576.185033754,0.07800166713423096,0.2615470002638176,0.33954866739804856,10.180036999372533,0.27803000193671323,6.545379001181573,17.342994669888867
1,896,28576.201024092665,28576.201100971,28576.20112423,28576.210460143,28576.210695579,28576.217385153,0.07687833567615598,0.02325899913557805,0.10013733481173404,9.33591300054104,0.2354360003664624,6.689573998301057,16.361060334020294
1,897,28576.234357426,28576.2344412,28576.234699349,28576.244922387,28576.245157518,28576.251597868,0.08377399717574008,0.2581490007287357,0.3419229979044758,10.223037999821827,0.23513099949923344,6.440350000048056,17.240441997273592
1,898,28576.267690759334,28576.267790336,28576.268061486,28576.278308153,28576.285256867,28576.291226455,0.0995766677078791,0.27114999829791486,0.37072666600579396,10.24666699959198,6.94871399900876,5.9695880008803215,23.535695665486855
1,899,28576.301024092667,28576.301112879,28576.301386511,28576.311636437,28576.318645476,28576.32464287,0.0887863316165749,0.27363200206309557,0.36241833367967047,10.2499259992328,7.009038999967743,5.997394000587519,23.618777333467733
1,900,28576.334357426,28576.334439711,28576.334699583,28576.345042779,28576.351787751,28576.357922544,0.0822850015538279,0.25987199842347763,0.34215699997730553,10.343196001485921,6.744971997250104,6.134793002274819,23.56511800098815
1,901,28576.367690759333,28576.367767135,28576.368029831,28576.37838624,28576.385123805,28576.390959494,0.07637566886842251,0.2626959976623766,0.3390716665307991,10.356409002270084,6.7375649996392895,5.835689000377897,23.26873466881807
1,902,28576.401024092665,28576.401101163,28576.401370701,28576.41168185,28576.418422619,28576.424332188,0.07707033364567906,0.2695380026125349,0.34660833625821397,10.311148998880526,6.740769000316504,5.909568997594761,23.308095333050005
1,903,28576.434357426,28576.434432124,28576.43468868,28576.44498608,28576.445221285,28576.451637588,0.07469800038961694,0.2565560025686864,0.3312540029583033,10.2974000001268,0.2352049996261485,6.416303000150947,17.2801620028622
1,904,28576.467690759335,28576.467768456,28576.46803091,28576.478308375,28576.485355673,28576.491482513,0.077696666267002,0.26245399931212887,0.3401506655791309,10.277465000399388,7.047298000543378,6.1268399986147415,23.79175366513664
1,905,28576.501024092668,28576.501101111,28576.501383493,28576.511694698,28576.518573384,28576.524527518,0.07701833237661049,0.2823819995683152,0.3594003319449257,10.311205001926282,6.87868599925423,5.954133997875033,23.50342533100047
1,906,28576.534357426,28576.534432157,28576.534689908,28576.545051372,28576.551729447,28576.557696091,0.07473100049537607,0.25775099857128225,0.3324819990666583,10.36146399928839,6.6780750021280255,5.966643999272492,23.338664999755565
1,907,28576.567690759333,28576.567769368,28576.567791748,28576.577170105,28576.577408606,28576.583843679,0.07860866753617302,0.022379997972166166,0.10098866550833918,9.378357000969118,0.23850100114941597,6.435072999011027,16.1529196666379
1,908,28576.601024092666,28576.601103516,28576.601123219,28576.610393372,28576.61063266,28576.617452744,0.07942333468236029,0.019702998542925343,0.09912633322528563,9.270153001125436,0.2392879978287965,6.820084003265947,16.428651335445466
1,909,28576.634357426,28576.634434264,28576.634453884,28576.643725972,28576.643958149,28576.650498185,0.07683800140512176,0.019619998056441545,0.0964579994615633,9.272088002035161,0.23217700072564185,6.540035999933025,16.14075900215539
1,910,28576.667690759332,28576.667809068,28576.668087959,28576.678385868,28576.686592709,28576.692549704,0.11830866787931882,0.2788909987430088,0.39719966662232764,10.297909000655636,8.206841001083376,5.956994998996379,24.85894466735772
1,911,28576.701024092665,28576.7011304,28576.701391309,28576.711652172,28576.718040633,28576.724068749,0.10630733595462516,0.2609090006444603,0.3672163365990855,10.260863000439713,6.388460999005474,6.0281160003796685,23.04465633642394
1,912,28576.734357426,28576.734436028,28576.734697474,28576.745035207,28576.751768855,28576.757897371,0.07860199912101962,0.2614459990581963,0.34004799817921594,10.337733001506422,6.73364799877163,6.128516000899253,23.53994499935652
1,913,28576.767690759334,28576.767769045,28576.768053223,28576.77849053,28576.785267938,28576.791291222,0.07828566594980657,0.28417800058377907,0.36246366653358564,10.437306998937856,6.777408001653384,6.023284000548301,23.600462667673128
1,914,28576.801024092667,28576.801105748,28576.801321768,28576.811676306,28576.818392001,28576.824525692,0.08165533290593885,0.21602000197162852,0.29767533487756737,10.354537997045554,6.715695002640132,6.13369100028649,23.501599334849743
1,915,28576.834357426,28576.834436885,28576.834697349,28576.845241721,28576.851240625,28576.856857285,0.07945900142658502,0.26046399943879806,0.3399230008653831,10.54437199854874,5.998904001899064,5.6166600006690715,22.49985900198226
1,916,28576.867690759333,28576.867766919,28576.868031643,28576.878259097,28576.884620243,28576.89026269,0.07615966751473024,0.2647239998623263,0.34088366737705655,10.227454000414582,6.3611459991079755,5.642447002173867,22.57193066907348
1,917,28576.901024092665,28576.901100102,28576.901378807,28576.91162353,28576.918052176,28576.923572011,0.0760093353164848,0.27870499980053864,0.35471433511702344,10.244722998322686,6.428646000131266,5.519835001905449,22.547918335476425
1,918,28576.934357426,28576.934438043,28576.934696138,28576.944913073,28576.950997754,28576.956410154,0.08061700282269157,0.25809499857132323,0.3387120013940148,10.216934999334626,6.084681001084391,5.412400001659989,22.05272800347302
1,919,28576.967690759335,28576.967769161,28576.96803094,28576.978308774,28576.984568253,28576.990155534,0.0784016665420495,0.26177899781032465,0.34018066435237415,10.277834000589792,6.259478999709245,5.587281000771327,22.464774665422738
1,920,28577.001024092668,28577.001104844,28577.001125427,28577.010358681,28577.010593942,28577.016679864,0.08075133155216463,0.02058300015050918,0.10133433170267381,9.233254000719171,0.23526099903392605,6.085921999329003,15.655771330784773
1,921,28577.034357426,28577.034451202,28577.034469952,28577.043698169,28577.043949717,28577.049899786,0.09377599781146273,0.018750000890577212,0.11252599870203994,9.228217000782024,0.2515480009606108,5.950069000391522,15.542360000836197
1,922,28577.067690759333,28577.067770819,28577.067790069,28577.077030185,28577.077299826,28577.083410174,0.08005966810742393,0.019249997421866283,0.09930966552929021,9.240116000000853,0.2696410010685213,6.110348000220256,15.71941466681892
1,923,28577.101024092666,28577.101104133,28577.101122439,28577.110340582,28577.110585176,28577.116852784,0.08004033225006424,0.018306000129086897,0.09834633237915114,9.21814300090773,0.2445940008328762,6.267607997870073,15.82869133198983
1,924,28577.134357426,28577.134435196,28577.13445328,28577.143643303,28577.143872369,28577.149931328,0.07777000064379536,0.01808399974834174,0.0958540003921371,9.190022999973735,0.2290660013386514,6.058958999346942,15.573902001051465
1,925,28577.167690759332,28577.167767176,28577.16803753,28577.178190327,28577.184372259,28577.189809382,0.07641666888957843,0.2703539976209868,0.3467706665105652,10.152797000046121,6.181931999890367,5.437122999865096,22.11862266631215
1,926,28577.201024092665,28577.201100944,28577.201358686,28577.211540112,28577.217982908,28577.223444502,0.07685133459744975,0.2577420018496923,0.33459333644714206,10.181425997870974,6.442796002374962,5.461593998916214,22.420409335609293
1,927,28577.234357426,28577.234435174,28577.234695452,28577.244961787,28577.251143284,28577.256621092,0.07774799814797007,0.2602780004963279,0.33802599864429794,10.266335000778781,6.181496999488445,5.477808001160156,22.26366600007168
1,928,28577.267690759334,28577.267767857,28577.268034452,28577.278203138,28577.284794776,28577.29050014,0.07709766578045674,0.26659500144887716,0.3436926672293339,10.168685999815352,6.591637997189537,5.705364001187263,22.809380665421486
1,929,28577.301024092667,28577.301153134,28577.301428747,28577.311610202,28577.317803727,28577.323173682,0.129041334730573,0.27561299793887883,0.40465433266945183,10.181454999838024,6.1935250014357734,5.369955000787741,22.14958933473099
1,930,28577.334357426,28577.334445077,28577.33469832,28577.344828801,28577.345080479,28577.351170734,0.08765099846641533,0.25324300077045336,0.3408939992368687,10.13048100139713,0.2516780004953034,6.090254999435274,16.813308000564575
1,931,28577.367690759333,28577.367771252,28577.368035364,28577.378278087,28577.384747068,28577.390251459,0.0804926676210016,0.2641120008775033,0.3446046684985049,10.242722997645615,6.468981002399232,5.504390999703901,22.560699668247253
1,932,28577.401024092665,28577.401109399,28577.401385974,28577.411594863,28577.418113612,28577.423577764,0.08530633567715995,0.2765749995887745,0.36188133526593447,10.208888998022303,6.51874899995164,5.464152000058675,22.553671333298553
1,933,28577.434357426,28577.434436675,28577.434694046,28577.444911687,28577.445139891,28577.451193711,0.07924900273792446,0.2573709971329663,0.33661999987089075,10.217641000053845,0.22820400045020506,6.05382000139798,16.83628500177292
1,934,28577.467690759335,28577.467765617,28577.468032063,28577.478343064,28577.484684275,28577.490235407,0.07485766400350258,0.2664460007508751,0.3413036647543777,10.311000998626696,6.341211003018543,5.551131998799974,22.54464766519959
1,935,28577.501024092668,28577.501103874,28577.501362773,28577.511591589,28577.517969809,28577.52343145,0.07978133362485096,0.2588989991636481,0.33868033278849907,10.228815997834317,6.37822000135202,5.461641001602402,22.407357333577238
1,936,28577.534357426,28577.534435463,28577.534692021,28577.544955086,28577.551131685,28577.55694354,0.07803699918440543,0.2565579998190515,0.3345949990034569,10.263064999890048,6.1765989994455595,5.811855000501964,22.58611399884103
1,937,28577.567690759333,28577.567769359,28577.568035259,28577.578162546,28577.578390223,28577.584602525,0.07859966717660427,0.26589999833959155,0.3444996655161958,10.127287001523655,0.22767699920223095,6.212301999767078,16.91176566600916
1,938,28577.601024092666,28577.60110169,28577.601360015,28577.611537524,28577.611768905,28577.617783697,0.07759733489365317,0.2583249988674652,0.33592233376111835,10.177509000641294,0.23138100004871376,6.014791997586144,16.75960433203727
1,939,28577.634357426,28577.634435613,28577.634691513,28577.64485016,28577.645083236,28577.65105038,0.07818700032657944,0.2559000022301916,0.33408700255677104,10.158646997297183,0.23307599985855632,5.96714399944176,16.69295399915427
1,940,28577.667690759332,28577.667795564,28577.668067176,28577.678299843,28577.685283873,28577.69143249,0.10480466880835593,0.27161199977854267,0.3764166685868986,10.232666998490458,6.9840300020587165,6.148616997961653,23.741730667097727
1,941,28577.701024092665,28577.701139997,28577.701409053,28577.711552267,28577.718113303,28577.723620047,0.11590433496166952,0.2690559995244257,0.38496033448609523,10.143213999981526,6.561035999766318,5.506744000740582,22.59595433497452
1,942,28577.734357426,28577.734442856,28577.734711848,28577.74494697,28577.751144921,28577.75688699,0.08542999785277061,0.26899200020125136,0.35442199805402197,10.235122001176933,6.1979509991942905,5.7420689990976825,22.529563997522928
1,943,28577.767690759334,28577.767784753,28577.768056681,28577.778274348,28577.784801051,28577.790643546,0.09399366535944864,0.27192800189368427,0.3659216672531329,10.2176669970504,6.5267030004179105,5.842495000251802,22.952786664973246
1,944,28577.801024092667,28577.801101928,28577.80137979,28577.811647467,28577.817913381,28577.823752108,0.07783533146721311,0.27786200007540174,0.35569733154261485,10.267677000229014,6.265914002142381,5.8387270000821445,22.728015333996154
1,945,28577.834357426,28577.834435009,28577.834647427,28577.845069652,28577.851570048,28577.857489137,0.07758300125715323,0.21241799913696013,0.29000100039411336,10.422225001093466,6.500395997136366,5.919089002418332,23.131711001042277
1,946,28577.867690759333,28577.867767776,28577.868050102,28577.878289038,28577.878515882,28577.885237743,0.07701666618231684,0.28232600016053766,0.3593426663428545,10.238935999950627,0.22684400028083473,6.721861002006335,17.54698366858065
1,947,28577.901024092665,28577.901102896,28577.901364712,28577.911663241,28577.918540696,28577.924440876,0.0788033357821405,0.2618159996927716,0.3406193354749121,10.298528999555856,6.877454998175381,5.900180000026012,23.41678333323216
1,948,28577.934357426,28577.934433246,28577.934690155,28577.944882701,28577.951179033,28577.957327928,0.07582000034744851,0.2569090029282961,0.3327290032757446,10.19254599668784,6.296332001511473,6.148895001388155,22.970502002863213
1,949,28577.967690759335,28577.967770022,28577.9680517,28577.97846498,28577.98536699,28577.991481876,0.0792626669863239,0.2816779997374397,0.36094066672376357,10.41327999701025,6.902010001795134,6.114886000432307,23.791116665961454
1,950,28578.001024092668,28578.001117577,28578.001382411,28578.011503588,28578.01777502,28578.023577849,0.09348433377454057,0.26483399778953753,0.3583183315640781,10.12117700156523,6.2714319974475075,5.802829000458587,22.5537563310354
1,951,28578.034357426,28578.034437927,28578.034700818,28578.045031245,28578.051693467,28578.057931686,0.08050099859246984,0.26289100060239434,0.3433919991948642,10.33042700146325,6.66222200015909,6.2382189971685875,23.57425999798579
1,952,28578.067690759333,28578.067770714,28578.067791223,28578.077203515,28578.077439452,28578.084188943,0.07995466512511484,0.020509000023594126,0.10046366514870897,9.41229200179805,0.23593700097990222,6.749490999936825,16.498183667863486
1,953,28578.101024092666,28578.101104925,28578.101372963,28578.111658742,28578.118354613,28578.124673907,0.08083233478828333,0.26803799846675247,0.3488703332550358,10.285779000696493,6.695871001284104,6.319293999695219,23.649814334930852
1,954,28578.134357426,28578.134433451,28578.13469173,28578.144823971,28578.151246785,28578.157501912,0.07602500045322813,0.2582790002634283,0.33430400071665645,10.132241000974318,6.422813999961363,6.255126998439664,23.144486000092
1,955,28578.167690759332,28578.167770385,28578.168051285,28578.17836836,28578.185056768,28578.191112153,0.07962566814967431,0.2808999997796491,0.3605256679293234,10.317075000784826,6.688408000627533,6.0553849980351515,23.421393667376833
1,956,28578.201024092665,28578.201097782,28578.201355922,28578.21158794,28578.218755313,28578.224916912,0.07368933438556269,0.25814000036916696,0.33182933475472964,10.232018001261167,7.16737299808301,6.161599001643481,23.892819335742388
1,957,28578.234357426,28578.234436306,28578.234694854,28578.24508993,28578.25170154,28578.257966055,0.07887999890954234,0.2585479996923823,0.33742799860192463,10.395075998530956,6.611610002437374,6.26451499920222,23.608628998772474
1,958,28578.267690759334,28578.267770368,28578.268032759,28578.278283046,28578.278513519,28578.285453614,0.07960866423672996,0.26239100043312646,0.34199966466985643,10.250286999507807,0.23047300055623055,6.940095001482405,17.7628546662163
1,959,28578.301024092667,28578.301102226,28578.3013707,28578.311701081,28578.311941166,28578.318591721,0.07813333286321722,0.268473999312846,0.3466073321760632,10.330380999221234,0.24008500258787535,6.6505549984867685,17.56762833247194
1,960,28578.334357426,28578.334466428,28578.334735467,28578.34496756,28578.345205792,28578.35184532,0.10900200140895322,0.2690389992494602,0.3780410006584134,10.232092998194275,0.238232001720462,6.6395280009601265,17.487894001533277
1,961,28578.367690759333,28578.367777656,28578.36848741,28578.377929388,28578.384092533,28578.390309298,0.08689666719874367,0.7097540001268499,0.7966506673255935,9.441977999813389,6.163145000755321,6.216764999408042,22.618538667302346
1,962,28578.401024092665,28578.401104136,28578.401374313,28578.411657388,28578.418543471,28578.424929209,0.08004333358258009,0.27017700267606415,0.35022033625864424,10.283074996550567,6.886083003337262,6.385737997334218,23.90511633348069
1,963,28578.434357426,28578.434436253,28578.434697087,28578.445019264,28578.451703635,28578.457778001,0.07882700083428062,0.2608340000733733,0.33966100090765394,10.322177000489319,6.6843710010289215,6.074365999666043,23.420575002091937
1,964,28578.467690759335,28578.467766288,28578.467786612,28578.47716772,28578.477221377,28578.483387957,0.075528663728619,0.0203240015252959,0.09585266525391489,9.381108000525273,0.053657000535167754,6.166579998534871,15.697197664849227
1,965,28578.501024092668,28578.50110612,28578.501124741,28578.510420875,28578.510653719,28578.517177487,0.0820273307908792,0.018621001800056547,0.10064833259093575,9.296134001488099,0.23284399867407046,6.52376799916965,16.153394331922755
1,966,28578.534357426,28578.534436267,28578.534698111,28578.544998853,28578.551751714,28578.558091323,0.07884099977673031,0.26184400121564977,0.3406850009923801,10.300742000254104,6.752860997949028,6.339609000860946,23.73389700005646
1,967,28578.567690759333,28578.567772589,28578.568033563,28578.578225111,28578.578458334,28578.585314668,0.08182966485037468,0.26097400041180663,0.3428036652621813,10.191548000875628,0.23322299966821447,6.856333999166964,17.623908664972987
1,968,28578.601024092666,28578.601099579,28578.601808944,28578.611195949,28578.617382567,28578.623669601,0.07548633220721968,0.709365001966944,0.7848513341741636,9.387005000462523,6.186618000356248,6.287033997068647,22.64550833206158
1,969,28578.634357426,28578.634436725,28578.63445918,28578.643765453,28578.644034251,28578.65057349,0.07929899948067032,0.022455002181231976,0.1017540016619023,9.30627299749176,0.2687980013433844,6.539238998811925,16.21606399930897
1,970,28578.667690759332,28578.667802122,28578.668080299,28578.678393032,28578.685640573,28578.69360007,0.111362667666981,0.2781770017463714,0.3895396694133524,10.312733000318985,7.247540997923352,7.959497001138516,25.909310668794205
1,971,28578.701024092665,28578.701124001,28578.701389752,28578.711638123,28578.71827717,28578.724261461,0.09990833495976403,0.2657510012795683,0.36565933623933233,10.248370999761391,6.639046998316189,5.984291001368547,23.23736833568546
1,972,28578.734357426,28578.734436731,28578.734458527,28578.744064238,28578.74428773,28578.750524495,0.07930499850772321,0.021796000510221347,0.10110099901794456,9.605710998584982,0.2234920029877685,6.2367649989028,16.167068999493495
1,973,28578.767690759334,28578.767768628,28578.768038481,28578.778255149,28578.784764897,28578.790506309,0.07786866626702249,0.26985300064552575,0.34772166691254824,10.216668000794016,6.509747996460646,5.741412001952995,22.815549666120205
1,974,28578.801024092667,28578.801101024,28578.801360609,28578.811585832,28578.818050275,28578.823627556,0.0769313337514177,0.25958499827538617,0.33651633202680387,10.225223002635175,6.4644429985492025,5.577281001023948,22.60346333423513
1,975,28578.834357426,28578.834432847,28578.834686783,28578.844764551,28578.850772037,28578.85627742,0.07542100138380192,0.25393599935341626,0.3293570007372182,10.07776799815474,6.0074860011809506,5.50538300012704,21.91999400019995
1,976,28578.867690759333,28578.867765835,28578.868031974,28578.878226039,28578.88401209,28578.889512908,0.07507566624553874,0.26613900263328105,0.3412146688788198,10.194064998358954,5.786050998722203,5.5008180024742614,21.822148668434238
1,977,28578.901024092665,28578.901100637,28578.901366769,28578.911522323,28578.917322689,28578.922794209,0.0765443328418769,0.2661320031620562,0.3426763360039331,10.15555399862933,5.8003660014946945,5.471519998536678,21.770116334664635
1,978,28578.934357426,28578.934430588,28578.934453819,28578.943727231,28578.943773991,28578.94966344,0.07316200208151713,0.023231001250678673,0.0963930033321958,9.273411997128278,0.04676000025938265,5.889448999369051,15.306014000088908
1,979,28578.967690759335,28578.967767697,28578.968050392,28578.978322421,28578.984899346,28578.990576932,0.07693766383454204,0.282695000350941,0.359632664185483,10.272029001498595,6.576924999535549,5.677585999364965,22.886172664584592
1,980,28579.001024092668,28579.001112768,28579.001140564,28579.010552421,28579.010792469,28579.016965595,0.08867533324519172,0.027795998903457075,0.1164713321486488,9.411857001396129,0.24004799706744961,6.173126002977369,15.941502333589597
1,981,28579.034357426,28579.034436274,28579.034695387,28579.044957702,28579.051083023,28579.056801906,0.07884799924795516,0.2591129996289965,0.33796099887695163,10.262315001455136,6.125321000581607,5.718882999644848,22.444480000558542
1,982,28579.067690759333,28579.067765411,28579.068037625,28579.07833696,28579.084575957,28579.090383776,0.07465166709152982,0.272213997959625,0.3468656650511548,10.299335001036525,6.238997000764357,5.807819001347525,22.69301666819956
1,983,28579.101024092666,28579.101102307,28579.101362976,28579.111676828,28579.117818575,28579.123575634,0.07821433246135712,0.2606689995445777,0.3388833320059348,10.31385200258228,6.1417469987645745,5.757058999733999,22.55154133308679
1,984,28579.134357426,28579.134434056,28579.134695743,28579.144997577,28579.145229171,28579.151747845,0.07662999996682629,0.2616870006022509,0.3383170005690772,10.301834001438692,0.23159400006989017,6.518673999380553,17.390419001458213
1,985,28579.167690759332,28579.167767925,28579.168039871,28579.178370632,28579.185090715,28579.191170804,0.0771656668803189,0.27194600261282176,0.34911166949314065,10.33076099702157,6.720083001710009,6.080088998714928,23.480044666939648
1,986,28579.201024092665,28579.201099303,28579.201406388,28579.211625546,28579.211858214,28579.218348296,0.07521033694501966,0.30708499980391935,0.382295336748939,10.219157997198636,0.23266800053534098,6.490081999800168,17.324203334283084
1,987,28579.234357426,28579.234434301,28579.234692146,28579.244942452,28579.245174833,28579.251632248,0.07687499964958988,0.2578450003056787,0.3347199999552686,10.250305997033138,0.23238100038724951,6.457415001932532,17.274821999308188
1,988,28579.267690759334,28579.267768874,28579.268032209,28579.278332645,28579.285326545,28579.291401671,0.07811466639395803,0.26333499772590585,0.3414496641198639,10.300436002580682,6.993899998633424,6.075125998904696,23.710911664238665
1,989,28579.301024092667,28579.301104632,28579.301371457,28579.311653089,28579.318518802,28579.324790013,0.08053933197516017,0.2668250017450191,0.3473643337201793,10.281631999532692,6.865712999569951,6.271211001148913,23.765920333971735
1,990,28579.334357426,28579.334549419,28579.334797244,28579.344860725,28579.345099013,28579.350464737,0.19199300004402176,0.24782499895081855,0.4398179989948403,10.063481000543106,0.23828800112823956,5.365723998693284,16.10731099935947
1,991,28579.367690759333,28579.367787972,28579.368065159,28579.378221465,28579.384026127,28579.389198396,0.09721266906126402,0.2771869985735975,0.37439966763486154,10.156305997952586,5.804662003356498,5.172268996830098,21.507636665774044
1,992,28579.401024092665,28579.401106091,28579.401398861,28579.411481879,28579.417646664,28579.422889442,0.08199833609978668,0.2927699970314279,0.3747683331312146,10.083018001751043,6.164784997963579,5.242778002866544,21.86534933571238
1,993,28579.434357426,28579.434434266,28579.434685665,28579.444804749,28579.450683827,28579.45593206,0.07684000229346566,0.25139900026260875,0.3282390025560744,10.119083999597933,5.879077998542925,5.248232999292668,21.5746339999896
1,994,28579.467690759335,28579.46776744,28579.468029895,28579.478150617,28579.483994881,28579.48925341,0.07668066609767266,0.2624549997563008,0.3391356658539735,10.120721999555826,5.844264000188559,5.258528999547707,21.562650665146066
1,995,28579.501024092668,28579.501100596,28579.501351061,28579.511439356,28579.517460251,28579.522733993,0.07650333282072097,0.25046500013559125,0.3269683329563122,10.088294999150094,6.020895001711324,5.273741997370962,21.709900331188692
1,996,28579.534357426,28579.534451484,28579.534702522,28579.544881967,28579.550745786,28579.555884593,0.09405799937667325,0.25103799998760223,0.3450959993642755,10.179444998357212,5.863819002115633,5.138806998729706,21.527166998566827
1,997,28579.567690759333,28579.567768704,28579.568029798,28579.578126937,28579.583952608,28579.589202109,0.07794466728228144,0.26109399914275855,0.33903866642504,10.097139002027689,5.825670999911381,5.249500998615986,21.511349666980095
1,998,28579.601024092666,28579.601097349,28579.601346628,28579.611440721,28579.617179216,28579.622547143,0.07325633487198502,0.2492789972166065,0.32253533208859153,10.094093002408044,5.738494997785892,5.36792700222577,21.523050334508298
1,999,28579.634357426,28579.63443492,28579.634688321,28579.644828487,28579.650805307,28579.656096179,0.07749400174361654,0.25340099819004536,0.3308949999336619,10.140165999473538,5.976820000796579,5.290871999022784,21.738752999226563
1,1000,28579.667690759332,28579.667796048,28579.668077975,28579.678260272,28579.687477563,28579.69533093,0.10528866914683022,0.28192699755891226,0.3872156667057425,10.182297002756968,9.217290997185046,7.853367002098821,27.640170668746578
1,1001,28579.701024092665,28579.701145721,28579.701433751,28579.711574279,28579.717228948,28579.722529348,0.12162833445472643,0.288030001684092,0.4096583361388184,10.140528000192717,5.654668999341084,5.300400000123773,21.50525533579639
1,1002,28579.734357426,28579.734442014,28579.734646635,28579.744161957,28579.744404819,28579.750325315,0.08458799857180566,0.2046209992840886,0.28920899785589427,9.515322002698667,0.2428619991405867,5.920495997997932,15.96788899769308
1,1003,28579.767690759334,28579.767776631,28579.768073152,28579.778245069,28579.784484391,28579.789981893,0.08587166666984558,0.29652100056409836,0.38239266723394394,10.171916997933295,6.2393219996010885,5.497501999343513,22.29113366411184
1,1004,28579.801024092667,28579.801100342,28579.80136188,28579.81143739,28579.817643451,28579.823090518,0.07624933277838863,0.26153799990424886,0.3377873326826375,10.075509999296628,6.206060999829788,5.447067000204697,22.06642533201375
1,1005,28579.834357426,28579.834437405,28579.834687175,28579.844808786,28579.850877487,28579.856594046,0.07997899956535548,0.24977000066428445,0.32974900022963993,10.121611001522979,6.0687009972753,5.7165590005752165,22.236619999603136
1,1006,28579.867690759333,28579.867780311,28579.868048775,28579.878159869,28579.884413477,28579.889933831,0.08955166777013801,0.2684639985091053,0.3580156662792433,10.111094001331367,6.25360800040653,5.520353999600047,22.243071667617187
1,1007,28579.901024092665,28579.901103486,28579.901350663,28579.911448348,28579.918106644,28579.923663304,0.07939333590911701,0.24717699852772057,0.3265703344368376,10.097685000800993,6.658295998931862,5.55665999854682,22.639211332716513
1,1008,28579.934357426,28579.934435577,28579.934688023,28579.944813217,28579.950926029,28579.956585273,0.07815100252628326,0.2524459996493533,0.3305970021756366,10.125193999556359,6.11281199962832,5.659244001435582,22.227847002795897
1,1009,28579.967690759335,28579.967768908,28579.968033494,28579.978134456,28579.984432528,28579.989986456,0.07814866694388911,0.2645859967742581,0.3427346637181472,10.100962001160951,6.298071999481181,5.553928000153974,22.295696664514253
1,1010,28580.001024092668,28580.001106009,28580.001362714,28580.011471863,28580.017819397,28580.023447354,0.08191633241949603,0.25670499962870963,0.33862133204820566,10.1091489996179,6.3475339993601665,5.627957001706818,22.42326133273309
1,1011,28580.034357426,28580.034436878,28580.034688814,28580.04483025,28580.05091982,28580.056355406,0.07945199831738137,0.25193600231432356,0.3313880006317049,10.1414359996852,6.089570000767708,5.4355859974748455,21.997979998559458
1,1012,28580.067690759333,28580.067768923,28580.068030517,28580.078182813,28580.083960864,28580.089325699,0.07816366633051075,0.2615939993120264,0.3397576656425372,10.152295999432681,5.778051003289875,5.364834996726131,21.634939665091224
1,1013,28580.101024092666,28580.101101217,28580.101386442,28580.111473932,28580.117312807,28580.122775699,0.07712433216511272,0.28522499997052364,0.36234933213563636,10.087490001751576,5.838875000335975,5.462892000650754,21.75160633487394
1,1014,28580.134357426,28580.134434374,28580.13468757,28580.144884283,28580.151021067,28580.156748905,0.07694799933233298,0.25319600172224455,0.33014400105457753,10.196712999459123,6.136783998954343,5.727838000893826,22.39147900036187
1,1015,28580.167690759332,28580.167768771,28580.167788585,28580.177036396,28580.177266406,28580.18323243,0.07801166793797165,0.019814000552287325,0.09782566849025898,9.247810998203931,0.2300100022694096,5.966024000372272,15.541670669335872
1,1016,28580.201024092665,28580.20110163,28580.201361206,28580.21144701,28580.21788099,28580.2233684,0.0775373337091878,0.25957600155379623,0.33711333526298404,10.085803998663323,6.433980001020245,5.487409998750081,22.344307333696634
1,1017,28580.234357426,28580.234436841,28580.234687888,28580.244820128,28580.251039524,28580.256762221,0.07941500007291324,0.251047000347171,0.3304620004200842,10.132239996892167,6.219396000233246,5.72269700205652,22.404794999602018
1,1018,28580.267690759334,28580.267768171,28580.268029413,28580.278164626,28580.284589975,28580.290219117,0.07741166700725444,0.26124199939658865,0.3386536664038431,10.135213000467047,6.425348998163827,5.629142000543652,22.52835766557837
1,1019,28580.301024092667,28580.301099983,28580.301353511,28580.311545086,28580.317841093,28580.32350679,0.07589033339172602,0.25352800003020093,0.32941833342192695,10.191574998316355,6.296007002674742,5.665696997311898,22.48269733172492
1,1020,28580.334357426,28580.334433674,28580.33468588,28580.344798731,28580.351058598,28580.356946168,0.07624800127814524,0.2522059985494707,0.3284539998276159,10.11285099957604,6.259867001062958,5.8875700015050825,22.588742001971696
1,1021,28580.367690759333,28580.367793533,28580.368062784,28580.37823196,28580.384593134,28580.390295952,0.10277366891386919,0.26925099882646464,0.3720246677403338,10.16917599918088,6.361174000630854,5.702817998098908,22.605192665650975
1,1022,28580.401024092665,28580.401111595,28580.401368651,28580.411465957,28580.417982751,28580.423609848,0.08750233610044234,0.25705599909997545,0.3445583352004178,10.09730599980685,6.516794001072412,5.627096998068737,22.585755334148416
1,1023,28580.434357426,28580.434439416,28580.434690371,28580.444782621,28580.451152471,28580.457033864,0.08199000149033964,0.25095499950111844,0.3329450009914581,10.092250002344372,6.369849998009158,5.8813930008909665,22.676438002235955
1,1024,28580.467690759335,28580.46776559,28580.468031906,28580.478195018,28580.48458184,28580.49033301,0.07483066656277515,0.2663159975782037,0.34114666414097883,10.16311200146447,6.386821998603409,5.751169999712147,22.642250663921004
1,1025,28580.501024092668,28580.501109524,28580.501365303,28580.511449182,28580.517846199,28580.523403841,0.08543133299099281,0.2557789994170889,0.34121033240808174,10.083878998557338,6.397017001290806,5.557642001804197,22.379748334060423
1,1026,28580.534357426,28580.534433393,28580.534686755,28580.544798367,28580.551141448,28580.557039471,0.07596700015710667,0.25336199905723333,0.32932899921434,10.111611998581793,6.343081000522943,5.89802300237352,22.682045000692597
1,1027,28580.567690759333,28580.567765715,28580.568027541,28580.578176504,28580.584456456,28580.590125792,0.07495566751458682,0.2618260004965123,0.3367816680110991,10.148962999664946,6.279951998294564,5.669336002029013,22.43503266799962
1,1028,28580.601024092666,28580.601116992,28580.601374595,28580.61143641,28580.617843176,28580.623471652,0.092899332230445,0.25760300195543095,0.35050233418587595,10.061814999062335,6.406766002328368,5.628475999401417,22.447559334977996
1,1029,28580.634357426,28580.634434722,28580.634456852,28580.643722847,28580.643963033,28580.650120873,0.07729600110906176,0.02212999970652163,0.09942600081558339,9.265994998713722,0.24018600015551783,6.157840001833392,15.763447001518216
1,1030,28580.667690759332,28580.667791267,28580.668064908,28580.678121981,28580.684850213,28580.69132347,0.10050766650238074,0.2736410024226643,0.37414866892504506,10.057072999188676,6.728232001478318,6.473256999015575,23.632710668607615
1,1031,28580.701024092665,28580.701127413,28580.70139185,28580.711441683,28580.7181281,28580.723990465,0.10332033707527444,0.26443699971423484,0.3677573367895093,10.049832999357022,6.68641700031003,5.862365000211867,22.966372336668428
1,1032,28580.734357426,28580.734443431,28580.734703552,28580.744859951,28580.751344616,28580.757261149,0.08600499859312549,0.260120999882929,0.3461259984760545,10.15639899924281,6.484665002062684,5.916532998526236,22.903722998307785
1,1033,28580.767690759334,28580.767769577,28580.76811357,28580.778167477,28580.778395978,28580.784781356,0.07881766578066163,0.34399300056975335,0.422810666350415,10.05390700083808,0.2285009977640584,6.385378001141362,17.090596666093916
1,1034,28580.801024092667,28580.801103298,28580.801729245,28580.811037084,28580.817084016,28580.8229619,0.07920533244032413,0.6259469992073718,0.705152331647696,9.30783900184906,6.046931997843785,5.877884002984501,21.937807334325043
1,1035,28580.834357426,28580.834441796,28580.83520456,28580.844498083,28580.850507903,28580.856432501,0.0843699999677483,0.7627640006830916,0.8471340006508399,9.293522998632398,6.009820001054322,5.924598001001868,22.075075001339428
1,1036,28580.867690759333,28580.867770083,28580.868031787,28580.878076111,28580.878301936,28580.884705786,0.0793236686149612,0.26170399723923765,0.34102766585419886,10.044324000773486,0.22582500241696835,6.403849998605438,17.01502666765009
1,1037,28580.901024092665,28580.90110322,28580.901356758,28580.911393526,28580.911613194,28580.917908433,0.07912733417470008,0.2535380008339416,0.3326653350086417,10.03676799882669,0.21966799977235496,6.295238999882713,16.8843403334904
1,1038,28580.934357426,28580.934432487,28580.934684923,28580.944794692,28580.951230542,28580.957142556,0.07506100155296735,0.25243599884561263,0.32749700039858,10.1097690021561,6.435849998524645,5.9120139994774945,22.78513000055682
1,1039,28580.967690759335,28580.967769928,28580.968037468,28580.978190115,28580.984677354,28580.99046922,0.07916866525192745,0.2675399991858285,0.34670866443775594,10.152647002541926,6.48723899939796,5.791865998617141,22.778460664994782
1,1040,28581.001024092668,28581.001158954,28581.00145454,28581.011603918,28581.018243816,28581.024062404,0.13486133320839144,0.2955859999929089,0.43044733320130035,10.149377998459386,6.639898001594702,5.818588000693126,23.038311333948513
1,1041,28581.034357426,28581.034455775,28581.034708739,28581.044937952,28581.051212635,28581.05702025,0.09834899901761673,0.2529640005377587,0.3513129995553754,10.229212999547599,6.27468300081091,5.807614998047939,22.662823997961823
1,1042,28581.067690759333,28581.067776448,28581.068029348,28581.078130653,28581.084206899,28581.08991407,0.08568866542191245,0.25290000121458434,0.3385886666364968,10.10130500071682,6.076245997974183,5.707170999812661,22.22331066514016
1,1043,28581.101024092666,28581.101102288,28581.101358493,28581.111528503,28581.117682582,28581.123320613,0.07819533493602648,0.25620499945944175,0.33440033439546824,10.170009998546448,6.15407900113496,5.638030997943133,22.29652033202001
1,1044,28581.134357426,28581.134436545,28581.134692703,28581.144847722,28581.150823394,28581.156793018,0.07911899956525303,0.25615800041123293,0.33527699997648597,10.155019001103938,5.975672000204213,5.969623998680618,22.435591999965254
1,1045,28581.167690759332,28581.167773458,28581.168055237,28581.178147145,28581.184832153,28581.190782056,0.08269866884802468,0.28177900094306096,0.36447766979108565,10.091907999594696,6.685008000204107,5.949902999418555,23.091296669008443
1,1046,28581.201024092665,28581.201109882,28581.201414411,28581.211505013,28581.218221263,28581.224021878,0.08578933557146229,0.3045289995498024,0.3903183351212647,10.090602001582738,6.7162499981350265,5.800614999316167,22.997785334155196
1,1047,28581.234357426,28581.234438047,28581.234697816,28581.244764743,28581.245009021,28581.251372029,0.08062099732342176,0.25976899996749125,0.340389997290913,10.066927003208548,0.2442779987177346,6.363008000334958,17.014602999552153
1,1048,28581.267690759334,28581.267771989,28581.268049047,28581.27813802,28581.278363456,28581.284872852,0.08122966755763628,0.27705799948307686,0.35828766704071313,10.088972998346435,0.22543600061908364,6.509396000183187,17.18209266618942
1,1049,28581.301024092667,28581.301106628,28581.30132073,28581.311466472,28581.318264926,28581.324034069,0.08253533451352268,0.21410199769889005,0.29663733221241273,10.145742002350744,6.7984540000907145,5.769142997451127,23.009976332104998
1,1050,28581.334357426,28581.33444007,28581.334703507,28581.345057341,28581.351458285,28581.3574763,0.08264400094049051,0.2634369993756991,0.3460810003161896,10.353834000852657,6.400943999324227,6.0180149994266685,23.118873999919742
1,1051,28581.367690759333,28581.367820708,28581.368502073,28581.377865801,28581.384161501,28581.390404064,0.12994866847293451,0.6813649997639004,0.8113136682368349,9.363728000607807,6.29569999728119,6.24256300216075,22.713304668286582
1,1052,28581.401024092665,28581.401128984,28581.40140581,28581.411617986,28581.418449256,28581.424485993,0.10489133273949847,0.2768260019365698,0.3817173346760683,10.212175999186002,6.831270002294332,6.0367369987943675,23.46190033495077
1,1053,28581.434357426,28581.434446205,28581.434711012,28581.444803511,28581.45106812,28581.457365248,0.08877900108927861,0.2648070003488101,0.3535860014380887,10.092499000165844,6.264609000936616,6.2971279985504225,23.00782200109097
1,1054,28581.467690759335,28581.467780037,28581.468068306,28581.478255196,28581.485016484,28581.491130137,0.08927766612032428,0.2882689987018239,0.37754666482214816,10.186890001932625,6.76128799750586,6.113653002103092,23.439377666363725
1,1055,28581.501024092668,28581.501114257,28581.501427074,28581.511699158,28581.51846338,28581.524624573,0.09016433250508271,0.31281699921237305,0.40298133171745576,10.2720840004622,6.764222001947928,6.1611929995706305,23.600480333698215
1,1056,28581.534357426,28581.534443496,28581.534713119,28581.544979786,28581.551717064,28581.557973636,0.0860699983604718,0.2696230003493838,0.3556929987098556,10.266666999086738,6.737278003129177,6.256571999983862,23.616210000909632
1,1057,28581.567690759333,28581.567779736,28581.568065182,28581.578257691,28581.585071682,28581.591076651,0.08897666702978313,0.28544599990709685,0.37442266693688,10.192508998443373,6.813990999944508,6.004969000059646,23.385891665384406
1,1058,28581.601024092666,28581.601108567,28581.601387947,28581.611523985,28581.611758486,28581.618590996,0.08447433356195688,0.27938000130234286,0.36385433486429974,10.136037999473047,0.23450099979527295,6.832510000094771,17.56690333422739
1,1059,28581.634357426,28581.634440212,28581.634706019,28581.644890074,28581.64511865,28581.651551148,0.08278600216726772,0.26580699704936706,0.3485929992166348,10.184055001445813,0.22857600197312422,6.4324979975936,17.193722000229172
1,1060,28581.667690759332,28581.667776014,28581.668052229,28581.678310257,28581.689008881,28581.696316384,0.08525466910214163,0.27621499975793995,0.3614696688600816,10.258027999952901,10.698623998905532,7.307503001356963,28.625624669075478
1,1061,28581.701024092665,28581.701110522,28581.701370698,28581.711547875,28581.717877493,28581.723766339,0.08642933607916348,0.26017599884653464,0.3466053349256981,10.177176998695359,6.329618001473136,5.888846000743797,22.74224633583799
1,1062,28581.734357426,28581.734439981,28581.734660788,28581.744935733,28581.745190855,28581.751321046,0.08255499778897502,0.22080700000515208,0.3033619977941271,10.274945001583546,0.2551219986344222,6.130190999101615,16.96361999711371
1,1063,28581.767690759334,28581.767775997,28581.768069276,28581.778273221,28581.778517065,28581.784794331,0.08523766518919729,0.29327900119824335,0.37851666638744064,10.20394499937538,0.24384399875998497,6.277266002143733,17.10357166666654
1,1064,28581.801024092667,28581.801107401,28581.801330041,28581.811633237,28581.818252773,28581.82406685,0.08330833225045353,0.22263999926508404,0.3059483315155376,10.303196002496406,6.619535997742787,5.814077001559781,23.042757333314512
1,1065,28581.834357426,28581.834505473,28581.834725362,28581.845038095,28581.851579445,28581.857464458,0.1480470018577762,0.21988899970892817,0.36793600156670436,10.312733000318985,6.5413499978603795,5.885013000806794,23.107032000552863
1,1066,28581.867690759333,28581.867774283,28581.868051173,28581.87826734,28581.884967265,28581.89102853,0.0835236678540241,0.27689000125974417,0.36041366911376826,10.216166996542597,6.6999250011576805,6.061265001335414,23.33777066814946
1,1067,28581.901024092665,28581.901109334,28581.901130788,28581.910420921,28581.910654145,28581.916945735,0.08524133590981364,0.021453997760545462,0.1066953336703591,9.290133002650691,0.2332239964744076,6.291590001637815,15.921642334433272
1,1068,28581.934357426,28581.934436996,28581.934456765,28581.943661491,28581.943895807,28581.95031838,0.079570003435947,0.0197689987544436,0.0993390021903906,9.20472600046196,0.2343159976589959,6.422573002055287,15.960954002366634
1,1069,28581.967690759335,28581.967771733,28581.967791029,28581.977038524,28581.977270339,28581.983604032,0.08097366662696004,0.019295999663881958,0.100269666290842,9.247494999726769,0.23181500000646338,6.3336929997603875,15.913272665784461
1,1070,28582.001024092668,28582.001107451,28582.001126637,28582.010362103,28582.01063354,28582.017297623,0.0833583326311782,0.019185998098691925,0.10254433072987013,9.235466000973247,0.27143700208398513,6.664082997303922,16.273530331091024
1,1071,28582.034357426,28582.034442836,28582.034463086,28582.04367984,28582.043908924,28582.05032544,0.08540999988326803,0.020250001398380846,0.10566000128164887,9.21675399877131,0.2290839984198101,6.416516000172123,15.968013998644892
1,1072,28582.067690759333,28582.067772415,28582.067790767,28582.07723205,28582.077472634,28582.083923466,0.0816556675999891,0.018351998733123764,0.10000766633311287,9.441283000342082,0.24058399867499247,6.450832002883544,16.23270666823373
1,1073,28582.101024092666,28582.101110532,28582.101403765,28582.111690182,28582.118675203,28582.124721171,0.08643933324492536,0.2932329989562277,0.37967233220115304,10.28641700031585,6.9850210020376835,6.045967998943524,23.69707833349821
1,1074,28582.134357426,28582.134442678,28582.134747198,28582.145016439,28582.145139078,28582.151594716,0.08525200246367604,0.30451999919023365,0.3897720016539097,10.269241000059992,0.12263899770914577,6.455638002080377,17.237290001503425
1,1075,28582.167690759332,28582.16777586,28582.168088001,28582.178407168,28582.185014185,28582.191011237,0.08510066982125863,0.3121409972663969,0.3972416670876555,10.31916700230795,6.607016999623738,5.997051997837843,23.320477666857187
1,1076,28582.201024092665,28582.201111774,28582.201403267,28582.211671953,28582.219035641,28582.225322287,0.08768133557168767,0.2914930009865202,0.37917433655820787,10.26868599728914,7.36368800062337,6.286645999352913,24.29819433382363
1,1077,28582.234357426,28582.234443096,28582.234720163,28582.245098832,28582.251570959,28582.257824855,0.08566999895265326,0.2770669998426456,0.36273699879529886,10.378669001511298,6.472126999142347,6.253896000998793,23.467429000447737
1,1078,28582.267690759334,28582.267779206,28582.268063782,28582.278364089,28582.28486793,28582.291022658,0.08844666444929317,0.2845760027412325,0.3730226671905257,10.300306999852182,6.503840999357635,6.154727998364251,23.331898664764594
1,1079,28582.301024092667,28582.301112065,28582.301394067,28582.311672819,28582.318820534,28582.32510281,0.08797233385848813,0.28200199812999927,0.3699743319884874,10.278752000886016,7.147715001337929,6.282275997364195,24.078717331576627
1,1080,28582.334357426,28582.334443222,28582.33471439,28582.345095317,28582.351568418,28582.357702082,0.08579600034863688,0.27116799901705235,0.35696399936568923,10.380927000369411,6.473100998846348,6.133664002845762,23.34465600142721
1,1081,28582.367690759333,28582.367786461,28582.367807331,28582.377157457,28582.377210319,28582.383725743,0.09570166730554774,0.020870000298600644,0.11657166760414839,9.35012599802576,0.052862000302411616,6.515424000099301,16.03498366603162
1,1082,28582.401024092665,28582.401109358,28582.401383137,28582.411624045,28582.418882197,28582.425007101,0.08526533565600403,0.2737789982347749,0.35904433389077894,10.24090799910482,7.25815199984936,6.124904000898823,23.983008333743783
1,1083,28582.434357426,28582.434577959,28582.434846322,28582.445224036,28582.451732516,28582.457942772,0.22053300199331716,0.2683630009414628,0.48889600293477997,10.377713999332627,6.508480000775307,6.210255996847991,23.585345999890706
1,1084,28582.467690759335,28582.467773476,28582.468059004,28582.478431821,28582.484869607,28582.490883381,0.08271666592918336,0.2855279999494087,0.36824466587859206,10.372816999733914,6.4377859998785425,6.01377400016645,23.192621665657498
1,1085,28582.501024092668,28582.501108418,28582.501407828,28582.51168918,28582.518633422,28582.524825993,0.08432533286395483,0.29940999957034364,0.38373533243429847,10.281351998855826,6.944242002646206,6.192570999701275,23.801900333637604
1,1086,28582.534357426,28582.534598992,28582.534872531,28582.545251171,28582.551895041,28582.558153954,0.24156599829439074,0.2735390007728711,0.5151049990672618,10.378639999544248,6.643870001425967,6.258912999328459,23.796527999365935
1,1087,28582.567690759333,28582.567775971,28582.568063324,28582.578322334,28582.578440567,28582.584640888,0.08521166819264181,0.28735299929394387,0.3725646674865857,10.2590099995723,0.11823299792013131,6.200321000505937,16.950128665484954
1,1088,28582.601024092666,28582.601103793,28582.601128015,28582.610445169,28582.610684605,28582.617724274,0.07970033402671106,0.024222001229645684,0.10392233525635675,9.317153999290895,0.2394359980826266,7.039669002551818,16.700181335181696
1,1089,28582.634357426,28582.634439505,28582.634458477,28582.643753954,28582.643804566,28582.6498931,0.08207900100387633,0.01897200127132237,0.1010510022751987,9.295476997067453,0.05061200135969557,6.088533998990897,15.535673999693245
1,1090,28582.667690759332,28582.667770948,28582.668062393,28582.67828733,28582.678396951,28582.687040369,0.0801886671979446,0.29144500149413943,0.37163366869208403,10.224936999293277,0.10962099986500107,8.643418001156533,19.349609669006895
1,1091,28582.701024092665,28582.701114844,28582.701338484,28582.711581606,28582.71170119,28582.717888714,0.09075133493752219,0.2236399996036198,0.314391334541142,10.24312200024724,0.1195840013679117,6.187523998960387,16.86462133511668
1,1092,28582.734357426,28582.734439296,28582.735142782,28582.744562677,28582.75006129,28582.755862915,0.08186999912140891,0.7034859991108533,0.7853559982322622,9.419894999155076,5.49861300169141,5.8016250004584435,21.505488999537192
1,1093,28582.767690759334,28582.76777324,28582.767995815,28582.778259066,28582.778320095,28582.784599351,0.08248066660598852,0.22257499949773774,0.30505566610372625,10.263250998832518,0.0610290007898584,6.279256002017064,16.908591667743167
1,1094,28582.801024092667,28582.801105405,28582.801380628,28582.811527036,28582.817218114,28582.823017766,0.08131233335006982,0.275222999334801,0.3565353326848708,10.146407999855,5.691078000381822,5.799652000860078,21.99367333378177
1,1095,28582.834357426,28582.834441709,28582.834710267,28582.845058888,28582.851112338,28582.856978158,0.08428300134255551,0.26855800024350174,0.35284100158605725,10.348620999138802,6.053450000763405,5.865819999598898,22.620732001087163
1,1096,28582.867690759333,28582.867770707,28582.867792939,28582.877142704,28582.877259639,28582.883429229,0.07994766565389,0.022232001356314868,0.10217966701020487,9.349765001388732,0.11693499982357025,6.169590000354219,15.738469668576727
1,1097,28582.901024092665,28582.901110882,28582.901392189,28582.911526958,28582.917677168,28582.923600793,0.08678933590999804,0.28130699865869246,0.3680963345686905,10.134768999705557,6.1502099997596815,5.923625001742039,22.576700335775968
1,1098,28582.934357426,28582.934442816,28582.93446714,28582.943879895,28582.944120499,28582.950647822,0.08539000191376545,0.024323999241460115,0.10971400115522556,9.412755000084871,0.24060400028247386,6.52732299931813,16.2903960008407
1,1099,28582.967690759335,28582.967772305,28582.968053325,28582.978343697,28582.985746525,28582.99163964,0.08154566603479907,0.281019998510601,0.36256566454540007,10.29037199987215,7.402827999612782,5.893115001526894,23.948880665557226
1,1100,28583.001024092668,28583.001114341,28583.001403037,28583.011636278,28583.011915594,28583.018188574,0.09024833343573846,0.28869599918834865,0.3789443326240871,10.233240998786641,0.2793160019791685,6.272979997447692,17.16448133083759
1,1101,28583.034357426,28583.034446163,28583.03472572,28583.045068731,28583.051630851,28583.057965089,0.08873700062395073,0.2795569998852443,0.36829400050919503,10.343010999349644,6.56212000103551,6.33423799808952,23.60766299898387
1,1102,28583.067690759333,28583.067776273,28583.067798153,28583.077158139,28583.077434197,28583.083979862,0.08551366772735491,0.021879997802898288,0.1073936655302532,9.359986001072684,0.2760579991445411,6.545665000885492,16.28910266663297
1,1103,28583.101024092666,28583.101110087,28583.101402643,28583.111647645,28583.111931905,28583.118280838,0.0859943320392631,0.29255600020405836,0.37855033224332146,10.24500200219336,0.2842600006260909,6.348932998662349,17.25674533372512
1,1104,28583.134357426,28583.13444115,28583.134727189,28583.145091079,28583.151802986,28583.157885085,0.08372400043299422,0.2860390013665892,0.36976300179958344,10.363890000007814,6.711907000862993,6.082098996557761,23.52765899922815
1,1105,28583.167690759332,28583.167778805,28583.168017186,28583.178303012,28583.17855204,28583.185360625,0.08804566823528148,0.23838099878048524,0.3264266670157667,10.285825999744702,0.24902800214476883,6.808584999816958,17.669865668722196
1,1106,28583.201024092665,28583.201110267,28583.201824178,28583.211230739,28583.217223773,28583.222994962,0.08617433559265919,0.7139109984564129,0.8000853340490721,9.406561002833769,5.993033999402542,5.771189000370214,21.970869336655596
1,1107,28583.234357426,28583.234445395,28583.234723434,28583.2450965,28583.251682897,28583.257814339,0.08796899783192202,0.278039002296282,0.366008000128204,10.373065997555386,6.586397001228761,6.131441998149967,23.456912997062318
1,1108,28583.267690759334,28583.267774662,28583.268062349,28583.278391091,28583.285274092,28583.291634192,0.0839026652101893,0.28768700212822296,0.37158966733841226,10.328741998819169,6.883000998641364,6.360100000165403,23.943432664964348
1,1109,28583.301024092667,28583.30110942,28583.301386328,28583.311701358,28583.318470173,28583.324666225,0.08532733409083448,0.27690799834090285,0.36223533243173733,10.315030001947889,6.768814997485606,6.19605199972284,23.642132331588073
1,1110,28583.334357426,28583.334442483,28583.334705623,28583.344943161,28583.345182263,28583.351598539,0.0850569995236583,0.26314000206184573,0.34819700158550404,10.237537997454638,0.23910200252430514,6.416275999072241,17.241113000636688
1,1111,28583.367690759333,28583.367779924,28583.368070343,28583.378413992,28583.385038991,28583.391022273,0.08916466686059721,0.2904190005210694,0.3795836673816666,10.343648998969002,6.6249990013602655,5.983282000670442,23.331513668381376
1,1112,28583.401024092665,28583.401108041,28583.401389238,28583.411662312,28583.418385164,28583.424575984,0.08394833275815472,0.28119700073148124,0.36514533348963596,10.273073999996996,6.722852001985302,6.190820000483654,23.551891335955588
1,1113,28583.434357426,28583.434452039,28583.434721392,28583.445062189,28583.451876532,28583.458125511,0.09461300214752555,0.2693530004762579,0.3639660026237834,10.340796998207225,6.814342999859946,6.248978999792598,23.768085000483552
1,1114,28583.467690759335,28583.467771323,28583.46779286,28583.477141105,28583.477384597,28583.483888957,0.0805636664154008,0.02153699824702926,0.10210066466243006,9.348244999273447,0.243492002482526,6.504359997052234,16.198197663470637
1,1115,28583.501024092668,28583.501104126,28583.501125496,28583.510398945,28583.510638992,28583.517333612,0.0800333327788394,0.021370000467868522,0.10140333324670792,9.273448999010725,0.24004700026125647,6.694619998597773,16.309519331116462
1,1116,28583.534357426,28583.534441585,28583.534461437,28583.543755886,28583.543991277,28583.550510608,0.08415900083491579,0.019851999240927398,0.10401100007584319,9.294448998844018,0.23539100220659748,6.51933100016322,16.15318200128968
1,1117,28583.567690759333,28583.567772666,28583.567791888,28583.577108227,28583.577355913,28583.583904227,0.08190666630980559,0.019221999536966905,0.10112866584677249,9.316339001088636,0.2476859990565572,6.548314002429834,16.2134676684218
1,1118,28583.601024092666,28583.601117016,28583.60140111,28583.611781029,28583.618552066,28583.624490321,0.09292333561461419,0.2840939996531233,0.3770173352677375,10.379919000115478,6.771036998543423,5.938254998909542,23.46622833283618
1,1119,28583.634357426,28583.634441728,28583.634709803,28583.64505149,28583.651746657,28583.658010376,0.08430200250586495,0.2680749967112206,0.35237699921708554,10.341687000618549,6.695167001453228,6.263718998525292,23.652949999814155
1,1120,28583.667690759332,28583.667772819,28583.667793727,28583.67568089,28583.675913864,28583.684164493,0.08205966878449544,0.020907998987240717,0.10296766777173616,7.887162999395514,0.23297400184674188,8.25062899821205,16.473733667226043
1,1121,28583.701024092665,28583.701108873,28583.70137494,28583.71160644,28583.718382144,28583.724323186,0.08478033487335779,0.2660669997567311,0.3508473346300889,10.231500000372762,6.775704001483973,5.941041999903973,23.299093336390797
1,1122,28583.734357426,28583.734512974,28583.734779262,28583.744889568,28583.751222371,28583.757409127,0.1555479975650087,0.2662879996933043,0.421835997258313,10.110306000569835,6.332803000987042,6.186755999806337,23.051700998621527
1,1123,28583.767690759334,28583.767772462,28583.76805289,28583.778306067,28583.784680648,28583.79082346,0.08170266664819792,0.2804279974952806,0.3621306641434785,10.253177002596203,6.374581000272883,6.142811998870457,23.13270066588302
1,1124,28583.801024092667,28583.801108729,28583.801383361,28583.811616659,28583.811854363,28583.818259713,0.08463633275823668,0.2746319987636525,0.3592683315218892,10.23329800227657,0.23770400002831593,6.405349999113241,17.235620332940016
1,1125,28583.834357426,28583.834440728,28583.834712692,28583.84493586,28583.845041546,28583.851572193,0.08330199852935039,0.27196400333195925,0.35526600186130963,10.22316799935652,0.10568599827820435,6.530647002364276,17.21476700186031
1,1126,28583.867690759333,28583.867772134,28583.86805421,28583.878319202,28583.88515797,28583.89114581,0.08137466647895053,0.2820760018948931,0.36345066837384365,10.264991997246398,6.838768000307027,5.987840002489975,23.455050668417243
1,1127,28583.901024092665,28583.901116373,28583.901394495,28583.911492273,28583.917745177,28583.923640072,0.09228033377439715,0.27812199914478697,0.3704023329191841,10.097778002091218,6.252904000575654,5.8948949990735855,22.61597933465964
1,1128,28583.934357426,28583.934446141,28583.934723049,28583.945067199,28583.951599189,28583.957690148,0.08871500176610425,0.27690799834090285,0.3656230001070071,10.34415000322042,6.531989998620702,6.0909589992661495,23.33272200121428
1,1129,28583.967690759335,28583.967775018,28583.967794944,28583.97716794,28583.977443637,28583.983949116,0.08425866690231487,0.01992599936784245,0.10418466627015732,9.372995999001432,0.2756969988695346,6.505478999315528,16.258356663456652
1,1130,28584.001024092668,28584.001106888,28584.00113911,28584.010450411,28584.010688968,28584.017182939,0.08279533358290792,0.032222000299952924,0.11501733388286084,9.311300997069338,0.23855700055719353,6.493970999144949,16.15884633065434
1,1131,28584.034357426,28584.034446117,28584.034465571,28584.043736669,28584.04378715,28584.050011749,0.08869099838193506,0.019454000721452758,0.10814499910338782,9.271097998862388,0.050481001380831,6.2245990011433605,15.654323000489967
1,1132,28584.067690759333,28584.067771125,28584.067790199,28584.077068213,28584.077304223,28584.083951223,0.08036566578084603,0.0190739992831368,0.09943966506398283,9.278014000301482,0.23601000066264533,6.6470000019762665,16.260463668004377
1,1133,28584.101024092666,28584.101104761,28584.101124011,28584.110421015,28584.110667999,28584.117248192,0.08066833470365964,0.019249997421866283,0.09991833212552592,9.297004002291942,0.24698400011402555,6.580192999535939,16.224099334067432
1,1134,28584.134357426,28584.134609797,28584.134888159,28584.145224179,28584.151924038,28584.157893025,0.25237100271624513,0.2783619966066908,0.5307329993229359,10.336020000977442,6.699859000946162,5.968986999505432,23.535599000751972
1,1135,28584.167690759332,28584.167775745,28584.16805947,28584.178345489,28584.185206906,28584.191457607,0.08498566967318766,0.28372499946272,0.36871066913590766,10.286018998158397,6.861417001346126,6.250701000681147,23.766847669321578
1,1136,28584.201024092665,28584.201106336,28584.201384189,28584.211701227,28584.218581357,28584.22465727,0.08224333578255028,0.277852999715833,0.36009633549838327,10.317037998902379,6.8801300003542565,6.075912999222055,23.633177333977073
1,1137,28584.234357426,28584.23444112,28584.234706325,28584.245010317,28584.251652825,28584.257959295,0.08369399802177213,0.26520500250626355,0.3488990005280357,10.303991999535356,6.642508000368252,6.306469997070963,23.601868997502606
1,1138,28584.267690759334,28584.26777595,28584.268087258,28584.278349286,28584.278586898,28584.285137434,0.08519066614098847,0.31130799834500067,0.39649866448598914,10.262028001307044,0.2376119991822634,6.5505359998496715,17.446674664824968
1,1139,28584.301024092667,28584.301105855,28584.301381153,28584.311560051,28584.311807932,28584.318338782,0.08176233313861303,0.275297999905888,0.357060333044501,10.178897999139735,0.24788100199657492,6.530849997943733,17.314689332124544
1,1140,28584.334357426,28584.334585761,28584.334871642,28584.345160931,28584.345398904,28584.351851467,0.22833500042906962,0.2858810003090184,0.514216000738088,10.28928899904713,0.2379729994572699,6.452563000493683,17.49404099973617
1,1141,28584.367690759333,28584.367775416,28584.368054769,28584.378364576,28584.385213985,28584.391403334,0.08465666905976832,0.2793529965856578,0.36400966564542614,10.309807003068272,6.8494089973683,6.189349001942901,23.7125746680249
1,1142,28584.401024092665,28584.401110016,28584.401389647,28584.411737649,28584.418463056,28584.424593581,0.0859233332448639,0.27963100001215935,0.36555433325702325,10.348002000682754,6.725407001795247,6.130524998297915,23.56948833403294
1,1143,28584.434357426,28584.434571868,28584.434839026,28584.44522088,28584.45184936,28584.457875246,0.21444200319820084,0.26715799685916863,0.48160000005736947,10.381854001025204,6.628480001381831,6.025885999406455,23.51782000187086
1,1144,28584.467690759335,28584.467774624,28584.468071654,28584.478306127,28584.484772468,28584.490811816,0.08386466652154922,0.2970299974549562,0.3808946639765054,10.234473000309663,6.4663410012144595,6.03934799801209,23.121056663512718
1,1145,28584.501024092668,28584.501111548,28584.501386976,28584.51151657,28584.517230175,28584.523049374,0.08745533341425471,0.2754279994405806,0.3628833328548353,10.12959400031832,5.713604998163646,5.819198999233777,22.02528133057058
1,1146,28584.534357426,28584.534442213,28584.534721817,28584.544925049,28584.551124583,28584.557341525,0.08478699965053238,0.2796039989334531,0.3643909985839855,10.203231999184936,6.199534000188578,6.216942001628922,22.984098999586422
1,1147,28584.567690759333,28584.567776278,28584.568069473,28584.578393197,28584.585446106,28584.591567548,0.08551866631023586,0.2931950002675876,0.37871366657782346,10.323724000045331,7.052909000776708,6.121441998402588,23.87678866580245
1,1148,28584.601024092666,28584.601110535,28584.601404176,28584.611648936,28584.618240444,28584.624403663,0.08644233457744122,0.293640998279443,0.3800833328568842,10.244760000205133,6.591508001292823,6.163219000882236,23.379570335237077
1,1149,28584.634357426,28584.634542136,28584.634580414,28584.64393566,28584.644160522,28584.650645438,0.1847099993028678,0.03827800173894502,0.22298800104181282,9.35524599844939,0.2248620003229007,6.4849160007725,16.288012000586605
1,1150,28584.667690759332,28584.6677838,28584.667970774,28584.678253933,28584.685055803,28584.692286908,0.09304066770710051,0.18697400082601234,0.28001466853311285,10.283159001119202,6.801869996706955,7.231105002574623,24.596148668933893
1,1151,28584.701024092665,28584.701109021,28584.701371578,28584.711633569,28584.718408874,28584.72456263,0.08492833512718789,0.26255700140609406,0.34748533653328195,10.261990999424597,6.775304998882348,6.1537559995485935,23.53853733438882
1,1152,28584.734357426,28584.734450176,28584.734712168,28584.74502703,28584.751549963,28584.757643265,0.0927500004763715,0.26199199783150107,0.35474199830787256,10.314862000086578,6.5229329993599094,6.09330199949909,23.28583899725345
1,1153,28584.767690759334,28584.767772988,28584.768049294,28584.778257831,28584.784657579,28584.790887539,0.08222866745200008,0.27630600015982054,0.3585346676118206,10.208536998106865,6.39974799923948,6.229959999473067,23.196779664431233
1,1154,28584.801024092667,28584.80110254,28584.80136681,28584.8116217,28584.81838819,28584.824362992,0.07844733409001492,0.2642699982970953,0.3427173323871102,10.254889999487204,6.766490001609782,5.97480199940037,23.338899332884466
1,1155,28584.834357426,28584.834452667,28584.83471302,28584.845045234,28584.851791539,28584.857945601,0.09524100096314214,0.2603530010674149,0.355594002030557,10.332213998481166,6.746304999978747,6.154062000859994,23.588175001350464
1,1156,28584.867690759333,28584.867775367,28584.868048212,28584.878196544,28584.884637275,28584.890707502,0.0846076691232156,0.2728449981077574,0.357452667230973,10.148331999516813,6.440731001930544,6.070226998417638,23.01674266709597
1,1157,28584.901024092665,28584.901104429,28584.901126994,28584.910429461,28584.91066776,28584.917498843,0.08033633275772445,0.0225650001084432,0.10290133286616765,9.302467002271442,0.2382989987381734,6.831082999269711,16.474750333145494
1,1158,28584.934357426,28584.934437908,28584.934699715,28584.9450093,28584.951697456,28584.957812685,0.08048200106713921,0.26180699933320284,0.34228900040034205,10.309585002687527,6.688155997835565,6.115228999988176,23.45525900091161
1,1159,28584.967690759335,28584.967791674,28584.968078454,28584.978370937,28584.984988723,28584.990975867,0.10091466538142413,0.2867799994419329,0.387694664823357,10.292482998920605,6.617786002607318,5.987143998936517,23.285107665287796
1,1160,28585.001024092668,28585.001105145,28585.001365702,28585.01165211,28585.011881075,28585.018463861,0.08105233064270578,0.26055700072902255,0.34160933137172833,10.286407999956282,0.22896500013303012,6.582786001672503,17.439768333133543
1,1161,28585.034357426,28585.034434922,28585.034695997,28585.045087804,28585.051821656,28585.058122311,0.07749599899398163,0.2610750016174279,0.33857100061140954,10.391806998086395,6.733852002071217,6.300654997176025,23.764884997945046
1,1162,28585.067690759333,28585.067767392,28585.068029366,28585.078323024,28585.085207331,28585.091271855,0.07663266660529189,0.2619740007503424,0.33860666735563427,10.293658000591677,6.884307000291301,6.064523997338256,23.581095665576868
1,1163,28585.101024092666,28585.101175947,28585.101449661,28585.111767301,28585.118592218,28585.124709678,0.15185433221631683,0.2737140021054074,0.42556833432172425,10.31764000072144,6.8249169999035075,6.1174599977675825,23.685585332714254
1,1164,28585.134357426,28585.134448805,28585.134708993,28585.145063892,28585.151826661,28585.157931935,0.09137900269706734,0.26018799690064043,0.35156699959770776,10.35489900095854,6.762769000488333,6.105273998400662,23.574508999445243
1,1165,28585.167690759332,28585.167794194,28585.167845184,28585.177255347,28585.177501191,28585.184157848,0.10343466783524491,0.050990001909667626,0.15442466974491253,9.41016299839248,0.24584399943705648,6.656657002167776,16.467088669742225
1,1166,28585.201024092665,28585.201149525,28585.201417545,28585.211696222,28585.218518084,28585.224594544,0.12543233606265858,0.268019997747615,0.39345233381027356,10.278677000314929,6.821861999924295,6.076460002077511,23.570451336127007
1,1167,28585.234357426,28585.23444219,28585.234708728,28585.245101526,28585.251801452,28585.258083867,0.08476400034851395,0.26653799795894884,0.3513019983074628,10.39279800170334,6.699925997963874,6.282415000896435,23.726440998871112
1,1168,28585.267690759334,28585.267775476,28585.268056301,28585.278488266,28585.278719925,28585.284635976,0.08471666660625488,0.2808249992085621,0.36554166581481695,10.43196500177146,0.23165899983723648,5.916050999076106,16.94521666649962
1,1169,28585.301024092667,28585.301101742,28585.301392911,28585.311560883,28585.31781339,28585.323074503,0.07764933252474293,0.2911689989559818,0.36881833148072474,10.167972002818715,6.252506998862373,5.261113001324702,22.050410334486514
1,1170,28585.334357426,28585.33443638,28585.334712521,28585.34488903,28585.345123596,28585.350940758,0.07895399903645739,0.2761409996310249,0.3550949986674823,10.176509000302758,0.23456599956261925,5.817162000312237,16.583331998845097
1,1171,28585.367690759333,28585.367780481,28585.368079074,28585.378293214,28585.3841667,28585.389580406,0.0897216668818146,0.298593000479741,0.3883146673615556,10.214139998424798,5.873486003110884,5.413705999671947,21.889646668569185
1,1172,28585.401024092665,28585.401105173,28585.401370712,28585.411575638,28585.417842766,28585.423164239,0.08108033580356278,0.26553899806458503,0.3466193338681478,10.204926002188586,6.267127999308286,5.321472999639809,22.14014633500483
1,1173,28585.434357426,28585.434434894,28585.434689951,28585.445006545,28585.450825511,28585.456062493,0.07746800110908225,0.2550569988670759,0.33252499997615814,10.316594001778867,5.818966001243098,5.236982000496937,21.70506700349506
1,1174,28585.467690759335,28585.467795104,28585.468087773,28585.478313125,28585.484512446,28585.490051911,0.10434466457809322,0.29266899946378544,0.39701366404187866,10.225352001725696,6.1993210001674015,5.539465000765631,22.361151666700607
1,1175,28585.501024092668,28585.501132787,28585.50140226,28585.511524686,28585.51175891,28585.517745433,0.10869433390325867,0.2694729992072098,0.37816733311046846,10.122425999725237,0.23422400045092218,5.986522999592125,16.721340332878754
1,1176,28585.534357426,28585.534462015,28585.534732498,28585.545006091,28585.550945578,28585.55632419,0.10458899851073511,0.27048300034948625,0.37507199886022136,10.273593001329573,5.939487000432564,5.3786120006407145,21.966764001263073
1,1177,28585.567690759333,28585.567789123,28585.568071125,28585.578271857,28585.583919138,28585.589217926,0.09836366734816693,0.28200199812999927,0.3803656654781662,10.200732001976576,5.6472809992555995,5.298788000800414,21.527166667510755
1,1178,28585.601024092666,28585.601113629,28585.601417002,28585.611564205,28585.611796651,28585.617584525,0.08953633368946612,0.30337299904203974,0.39290933273150586,10.147203000087757,0.23244600015459582,5.787874000816373,16.56043233379023
1,1179,28585.634357426,28585.634437052,28585.634695073,28585.644970563,28585.650965689,28585.656156727,0.07962599920574576,0.258021002082387,0.33764700128813274,10.27548999991268,5.995126000925666,5.191037998883985,21.799301001010463
1,1180,28585.667690759332,28585.667775392,28585.667840365,28585.677792483,28585.682588918,28585.688194652,0.08463266931357794,0.06497299909824505,0.149605668411823,9.952117998182075,4.796435001480859,5.605734000710072,20.50389266878483
1,1181,28585.701024092665,28585.70111589,28585.70187856,28585.711188195,28585.716323001,28585.721518937,0.09179733388009481,0.762670002586674,0.8544673364667688,9.309634999226546,5.13480600056937,5.1959359989268705,20.494844335189555
1,1182,28585.734357426,28585.734442471,28585.735213198,28585.744569268,28585.749888964,28585.755539569,0.08504499783157371,0.7707270015089307,0.8557719993405044,9.356070000649197,5.319695999787655,5.650604998663766,21.182142998441122
1,1183,28585.767690759334,28585.767782266,28585.768597242,28585.778000461,28585.782993091,28585.788114934,0.0915066666493658,0.8149759996740613,0.9064826663234271,9.403218999068486,4.992630001652287,5.121842998050852,20.42417466509505
1,1184,28585.801024092667,28585.801105635,28585.801862981,28585.811215505,28585.816270246,28585.821576081,0.08154233364621177,0.7573459988634568,0.8388883325096685,9.352524000860285,5.0547409991850145,5.305835002218373,20.55198833477334
1,1185,28585.834357426,28585.834435818,28585.835185739,28585.844554199,28585.849597105,28585.854837912,0.07839200043235905,0.7499210005335044,0.8283130009658635,9.368459999677725,5.04290599928936,5.240807000518544,20.480486000451492
1,1186,28585.867690759333,28585.867769475,28585.868031633,28585.877886826,28585.88305641,28585.888351569,0.0787156677688472,0.26215799880446866,0.34087366657331586,9.855193002294982,5.169583997485461,5.295159000525018,20.660809666878777
1,1187,28585.901024092665,28585.901110972,28585.901890116,28585.911227334,28585.916277705,28585.921497086,0.08687933586770669,0.779144000262022,0.8660233361297287,9.337217998108827,5.050371000834275,5.219381000642898,20.472993335715728
1,1188,28585.934357426,28585.934434749,28585.934457462,28585.943778504,28585.943831532,28585.950059141,0.077323002187768,0.022713000362273306,0.1000360025500413,9.321041998191504,0.05302800127537921,6.22760899932473,15.701715001341654
1,1189,28585.967690759335,28585.967775109,28585.968551631,28585.977899247,28585.983644354,28585.988865864,0.08434966366621666,0.7765219997963868,0.8608716634626035,9.347616000013659,5.745107002439909,5.22151000041049,21.17510466632666
1,1190,28586.001024092668,28586.001105144,28586.001909316,28586.011248765,28586.016479164,28586.021838444,0.08105133383651264,0.8041719993343577,0.8852233331708703,9.339448999526212,5.23039900144795,5.359279999538558,20.81435133368359
1,1191,28586.034357426,28586.034437365,28586.035219341,28586.044568652,28586.049692912,28586.05485331,0.0799389999883715,0.7819759994163178,0.8619149994046893,9.349310999823501,5.124260002048686,5.1603979991341475,20.495884000411024
1,1192,28586.067690759333,28586.067769335,28586.068546682,28586.077904011,28586.083085734,28586.088525347,0.07857566743041389,0.7773469988023862,0.8559226662328001,9.357328999612946,5.181723001442151,5.439612999907695,20.834587667195592
1,1193,28586.101024092666,28586.10110174,28586.101866476,28586.111203527,28586.116372175,28586.121438657,0.07764733527437784,0.7647359998372849,0.8423833351116627,9.337051000329666,5.168648000108078,5.066481997346273,20.41456433289568
1,1194,28586.134357426,28586.134434108,28586.135195964,28586.144542089,28586.14964107,28586.154939543,0.07668200123589486,0.7618560011906084,0.8385380024265032,9.346124999865424,5.098980996990576,5.298473002767423,20.582117002049927
1,1195,28586.167690759332,28586.167766595,28586.168559164,28586.177940235,28586.182966558,28586.188116253,0.07583566912217066,0.7925690006231889,0.8684046697453596,9.381070998642826,5.026323000492994,5.149695000000065,20.425493668881245
1,1196,28586.201024092665,28586.201123213,28586.201893717,28586.211248536,28586.216336092,28586.221688705,0.09912033419823274,0.7705040006840136,0.8696243348822463,9.354819001600845,5.087555997306481,5.352613003196893,20.664612336986465
1,1197,28586.234357426,28586.234448627,28586.235225029,28586.244579692,28586.249662488,28586.254921099,0.09120100003201514,0.7764019974274561,0.8676029974594712,9.354663001431618,5.082796000351664,5.258610999590019,20.56367299883277
1,1198,28586.267690759334,28586.267794966,28586.268571609,28586.277986476,28586.283049383,28586.288285653,0.1042066651280038,0.7766430026094895,0.8808496677374933,9.414866999577498,5.062906999228289,5.236270000750665,20.594893667293945
1,1199,28586.301024092667,28586.301105546,28586.301322186,28586.311337972,28586.31641576,28586.321665881,0.08145333413267508,0.2166399972338695,0.2980933313665446,10.015786003350513,5.077787998743588,5.250121001154184,20.64178833461483
1,1200,28586.334357426,28586.334436942,28586.335192742,28586.344559758,28586.349767378,28586.355176593,0.07951600127853453,0.7557999997516163,0.8353160010301508,9.367015998577699,5.207620000874158,5.409214998508105,20.819166998990113
1,1201,28586.367690759333,28586.367769218,28586.368513713,28586.37791133,28586.383062839,28586.388284406,0.07845866639399901,0.7444950024364516,0.8229536688304506,9.397616999194724,5.151508998096688,5.221567000262439,20.593646666384302
1,1202,28586.401024092665,28586.401102874,28586.401866305,28586.411298893,28586.416486005,28586.421768507,0.0787813332863152,0.763431002269499,0.8422123355558142,9.43258799816249,5.187112001294736,5.282501999317901,20.74441433433094
1,1203,28586.434357426,28586.434433318,28586.435186164,28586.44454028,28586.449779115,28586.4549928,0.07589200322399847,0.7528459973400459,0.8287380005640443,9.354116002214141,5.2388349977263715,5.213685002672719,20.635374003177276
1,1204,28586.467690759335,28586.467771584,28586.468554348,28586.477900205,28586.48326167,28586.488616523,0.08082466592895798,0.7827640001778491,0.8635886661068071,9.345857000880642,5.361464998713927,5.35485299769789,20.925763663399266
1,1205,28586.501024092668,28586.501142194,28586.50189217,28586.511222629,28586.516329694,28586.521550491,0.11810133219114505,0.74997599949711,0.8680773316882551,9.33045900092111,5.107065000629518,5.2207970002200454,20.52639833345893
1,1206,28586.534357426,28586.534501859,28586.535262142,28586.544658674,28586.549619775,28586.554956499,0.14443300096900202,0.7602829973620828,0.9047159983310848,9.39653200111934,4.961100999935297,5.336723999789683,20.599072999175405
1,1207,28586.567690759333,28586.567778144,28586.568568409,28586.578018941,28586.582953228,28586.588130303,0.08738466567592695,0.7902649995230604,0.8776496651989873,9.450532001210377,4.9342870006512385,5.17707499966491,20.439543666725513
1,1208,28586.601024092666,28586.601156152,28586.601930129,28586.611273134,28586.616400199,28586.621813053,0.13205933282733895,0.7739770007901825,0.9060363336175214,9.343005000118865,5.127065000124276,5.412853999587242,20.788960333447903
1,1209,28586.634357426,28586.634443095,28586.634467076,28586.643815063,28586.643864628,28586.65032683,0.08566900214646012,0.023980999685591087,0.1096500018320512,9.347986997454427,0.049565001972950995,6.462201999966055,15.969404001225485
1,1210,28586.667690759332,28586.667779057,28586.668062113,28586.678226336,28586.685997333,28586.693185224,0.08829766738926992,0.2830560006259475,0.3713536680152174,10.164223000174388,7.7709969991701655,7.187891002104152,25.494464669463923
1,1211,28586.701024092665,28586.70111173,28586.701903754,28586.711235703,28586.716570946,28586.722034152,0.0876373342180159,0.7920240022940561,0.879661336512072,9.331948996987194,5.335243000445189,5.463206001877552,21.010059335822007
1,1212,28586.734357426,28586.734508841,28586.734780786,28586.744991157,28586.745111297,28586.751054163,0.15141499898163602,0.271944998530671,0.423359997512307,10.210371001448948,0.12014000094495714,5.942865998804336,16.69673699871055
1,1213,28586.767690759334,28586.767773839,28586.768053618,28586.77851975,28586.784484015,28586.790202712,0.08307966709253378,0.27977900026598945,0.36285866735852323,10.4661320001469,5.964264997601276,5.718697000702377,22.511952665809076
1,1214,28586.801024092667,28586.801107309,28586.801416338,28586.811733544,28586.817974273,28586.823933398,0.08321633140440099,0.3090290010732133,0.3922453324776143,10.31720600076369,6.240728998818668,5.959124999208143,22.909305331268115
1,1215,28586.834357426,28586.834440631,28586.834654317,28586.844747955,28586.850383486,28586.856296093,0.0832049991004169,0.21368600209825672,0.2968910011986736,10.093638000398641,5.635530997096794,5.912607000936987,21.938666999631096
1,1216,28586.867690759333,28586.867777091,28586.868060778,28586.878317177,28586.884902018,28586.890810282,0.08633166726212949,0.28368700077407993,0.3700186680362094,10.256399000354577,6.584840997675201,5.908264000026975,23.119522666092962
1,1217,28586.901024092665,28586.901108699,28586.901387488,28586.911486321,28586.917108703,28586.92290568,0.0846063339849934,0.2787890007311944,0.3633953347161878,10.09883300139336,5.6223819992737845,5.7969769986812025,21.881587334064534
1,1218,28586.934357426,28586.934538799,28586.93456353,28586.943921766,28586.94397498,28586.95028482,0.1813730013964232,0.024731001758482307,0.2061040031549055,9.358235998661257,0.05321400021784939,6.309839998721145,15.927394000755157
1,1219,28586.967690759335,28586.96778212,28586.967809324,28586.977244124,28586.977308412,28586.98411419,0.09136066364590079,0.027204001526115462,0.11856466517201625,9.434799998416565,0.06428800043067895,6.805778000853024,16.423430664872285
1,1220,28587.001024092668,28587.001109912,28587.001384035,28587.011684184,28587.018000079,28587.023955565,0.08581933070672676,0.2741230018727947,0.35994233257952146,10.300148998794612,6.315894999715965,5.955486001766985,22.931472332857084
1,1221,28587.034357426,28587.034445679,28587.034713004,28587.045073459,28587.051090612,28587.056879292,0.08825300028547645,0.2673249982763082,0.3555779985617846,10.360455002228264,6.017152998538222,5.788679998659063,22.521865997987334
1,1222,28587.067690759333,28587.067776453,28587.068056797,28587.07833803,28587.084599999,28587.090750959,0.0856936676427722,0.28034400020260364,0.36603766784537584,10.281233000569046,6.2619689997518435,6.150959998194594,23.06019966636086
1,1223,28587.101024092666,28587.101109387,28587.101379713,28587.111602334,28587.117891377,28587.124034263,0.08529433398507535,0.2703259997360874,0.35562033372116275,10.222621000139043,6.289043001743266,6.142885998997372,23.010170334600843
1,1224,28587.134357426,28587.134443718,28587.13474197,28587.145068045,28587.151677638,28587.157712671,0.08629200237919576,0.2982519981742371,0.38454400055343285,10.326075000193669,6.609593001485337,6.035032998624956,23.355245000857394
1,1225,28587.167690759332,28587.167772948,28587.168064848,28587.178200728,28587.183894926,28587.18982731,0.08218866787501611,0.2918999998655636,0.3740886677405797,10.135880002053455,5.694198000128381,5.932383999606827,22.136550669529242
1,1226,28587.201024092665,28587.20110778,28587.201384967,28587.211563125,28587.217429259,28587.223365541,0.08368733688257635,0.2771869985735975,0.36087433545617387,10.178158001508564,5.866133997187717,5.936281999311177,22.34144833346363
1,1227,28587.234357426,28587.234441325,28587.234711697,28587.244949188,28587.245084624,28587.251373001,0.08389899812755175,0.27037200197810307,0.3542710001056548,10.237490998406429,0.13543599925469607,6.288377000601031,17.01557499836781
1,1228,28587.267690759334,28587.267775406,28587.268054427,28587.278353233,28587.284696435,28587.290732968,0.08464666461804882,0.27902100191568024,0.36366766653372906,10.298805998900207,6.343201999698067,6.03653299913276,23.042208664264763
1,1229,28587.301024092667,28587.301106479,28587.301374268,28587.311555009,28587.311616083,28587.318157434,0.08238633381552063,0.2677890006452799,0.3501753344608005,10.180740999203408,0.06107399894972332,6.54135100194253,17.133341334556462
1,1230,28587.334357426,28587.334555663,28587.334829711,28587.345137082,28587.345240435,28587.351581201,0.19823700131382793,0.2740479976637289,0.4722849989775568,10.307371001545107,0.10335299884900451,6.340766001812881,17.22377500118455
1,1231,28587.367690759333,28587.367772985,28587.368542702,28587.37796231,28587.383461174,28587.389382298,0.08222566611948423,0.7697170003666542,0.8519426664861385,9.419608002644964,5.498863996763248,5.9211240004515275,21.691538666345878
1,1232,28587.401024092665,28587.401109799,28587.401385911,28587.411674107,28587.418096929,28587.424176852,0.08570633508497849,0.27611199766397476,0.36181833274895325,10.288196001056349,6.42282199987676,6.079923001379939,23.152759335062
1,1233,28587.434357426,28587.434439139,28587.434712289,28587.444920604,28587.444980161,28587.451238519,0.08171300214598887,0.2731499989749864,0.35486300112097524,10.208315001364099,0.059556998166954145,6.258358000195585,16.881093000847613
1,1234,28587.467690759335,28587.467776424,28587.468081305,28587.478341926,28587.484676989,28587.490732447,0.08566466567572206,0.30488099946524017,0.39054566514096223,10.260620998451486,6.3350630007334985,6.055458001355873,23.04168766568182
1,1235,28587.501024092668,28587.501105532,28587.50112643,28587.510472473,28587.510528574,28587.516959637,0.08143933155224659,0.02089800182147883,0.10233733337372541,9.346042999823112,0.056100998335750774,6.431063000491122,15.93554433202371
1,1236,28587.534357426,28587.534451353,28587.534477853,28587.543763265,28587.543814608,28587.55005029,0.09392699939780869,0.026500001695239916,0.1204270010930486,9.285411997552728,0.05134300226927735,6.23568199807778,15.692863998992834
1,1237,28587.567690759333,28587.567776479,28587.567795712,28587.577115374,28587.577158883,28587.583368769,0.08571966827730648,0.019232997146900743,0.10495266542420723,9.319662000052631,0.0435090005339589,6.2098859998513944,15.678009665862191
1,1238,28587.601024092666,28587.601104726,28587.601124504,28587.610390055,28587.610440666,28587.616633256,0.08063333370955661,0.019777999114012346,0.10041133282356896,9.265551001590211,0.05061100091552362,6.192589997226605,15.609163332555909
1,1239,28587.634357426,28587.634440992,28587.634467715,28587.643793183,28587.643840016,28587.650197912,0.08356599937542342,0.026723002520157024,0.11028900189558044,9.325467999588,0.04683299994212575,6.357895999826724,15.84048600125243
1,1240,28587.667690759332,28587.667773332,28587.667791342,28587.676991104,28587.67703705,28587.682442431,0.08257266745204106,0.018009999621426687,0.10058266707346775,9.199762000207556,0.04594600250129588,5.40538099812693,14.75167166790925
1,1241,28587.701024092665,28587.701122552,28587.701381136,28587.711495015,28587.717059148,28587.722272122,0.09845933527685702,0.25858400113065727,0.3570433364075143,10.113878997799475,5.564133000007132,5.21297399973264,21.24802933394676
1,1242,28587.734357426,28587.734443717,28587.734703996,28587.744785329,28587.744863598,28587.750375961,0.08629099829704501,0.2602790009404998,0.34656999923754483,10.081332999106962,0.07826900036889128,5.512363000889309,16.018534999602707
1,1243,28587.767690759334,28587.767774234,28587.768049494,28587.778216995,28587.783689802,28587.788974211,0.08347466427949257,0.2752600012172479,0.3587346654967405,10.167501000978518,5.472806999023305,5.284408998704748,21.283451664203312
1,1244,28587.801024092667,28587.801107852,28587.801382474,28587.811531178,28587.817043653,28587.822282422,0.08375933248316869,0.27462200159789063,0.3583813340810593,10.148703997401753,5.512475003342843,5.238768997514853,21.25832933234051
1,1245,28587.834357426,28587.83444061,28587.834703214,28587.844864917,28587.850322447,28587.855580143,0.08318400068674237,0.2626040004543029,0.34578800114104524,10.161702997720568,5.457530001876876,5.257696000626311,21.2227170013648
1,1246,28587.867690759333,28587.867773506,28587.86873478,28587.878036091,28587.883108443,28587.888289185,0.08274666834040545,0.9612739995645825,1.044020667904988,9.3013109981257,5.072351999842795,5.180742002266925,20.598425668140408
1,1247,28587.901024092665,28587.901105894,28587.901365997,28587.911519738,28587.917094241,28587.922336567,0.08180133590940386,0.26010299916379154,0.3419043350731954,10.15374100097688,5.574502996751107,5.242326002189657,21.31247433499084
1,1248,28587.934357426,28587.934442373,28587.934705144,28587.944871765,28587.950376026,28587.95579827,0.08494700159644708,0.2627710018714424,0.3477180034678895,10.166620999370934,5.504261000169208,5.422243997600162,21.440844000608195
1,1249,28587.967690759335,28587.967773066,28587.96803942,28587.978095855,28587.978212458,28587.983734525,0.08230666571762413,0.26635399990482256,0.3486606656224467,10.05643499956932,0.11660300151561387,5.522067000129027,16.043765666836407
1,1250,28588.001024092668,28588.001106092,28588.0013679,28588.011521456,28588.017215237,28588.022429793,0.08199933290597983,0.2618079997773748,0.3438073326833546,10.153555998840602,5.693781000445597,5.214556000282755,21.40570033225231
1,1251,28588.034357426,28588.034466869,28588.034729546,28588.044898167,28588.050484032,28588.055828385,0.10944300083792768,0.262677000137046,0.37212000097497366,10.168621000048006,5.5858649975562,5.344353001419222,21.470958999998402
1,1252,28588.067690759333,28588.067775561,28588.068056498,28588.078269888,28588.083888002,28588.089234106,0.08480166798108257,0.2809369980241172,0.3657386660051998,10.213389999989886,5.618113998934859,5.346104000636842,21.543346665566787
1,1253,28588.101024092666,28588.101106644,28588.101368497,28588.111508645,28588.117097268,28588.122311306,0.08255133434431627,0.2618529979372397,0.344404332281556,10.14014800239238,5.58862300022156,5.21403799939435,21.287213334289845
1,1254,28588.134357426,28588.134440762,28588.134702097,28588.144831246,28588.150526462,28588.155843269,0.08333600271726027,0.26133499704883434,0.3446709997660946,10.129149002750637,5.695215997548075,5.316807000781409,21.485843000846216
1,1255,28588.167690759332,28588.167771557,28588.168029243,28588.178162883,28588.183723487,28588.189040656,0.08079766848823056,0.25768599880393595,0.3384836672921665,10.1336400002765,5.560604000493186,5.317169001500588,21.34989666956244
1,1256,28588.201024092665,28588.201103074,28588.201369121,28588.211436019,28588.217428413,28588.22272822,0.07898133480921388,0.2660470017872285,0.3450283365964424,10.066897997603519,5.992394002532819,5.29980699866428,21.70412733539706
1,1257,28588.234357426,28588.234440015,28588.234706766,28588.244918896,28588.250537159,28588.255863521,0.0825889983389061,0.26675100161810406,0.34933999995701015,10.212130000581965,5.6182629996328615,5.326361999323126,21.506094999494962
1,1258,28588.267690759334,28588.267771142,28588.268032255,28588.27807705,28588.283898897,28588.289370288,0.08038266605581157,0.261113000306068,0.34149566636187956,10.044794998975703,5.821847000333946,5.471390999446157,21.679528665117687
1,1259,28588.301024092667,28588.301106601,28588.301384011,28588.311509399,28588.317242199,28588.322630608,0.08250833343481645,0.27740999939851463,0.3599183328333311,10.125388002052205,5.732799996621907,5.388409001170658,21.6065153326781
1,1260,28588.334357426,28588.334439339,28588.334698082,28588.344829896,28588.350609002,28588.355955345,0.08191300003090873,0.2587429989944212,0.34065599902532995,10.131814000487793,5.779105998954037,5.346343001292553,21.597918999759713
1,1261,28588.367690759333,28588.367782021,28588.368062486,28588.378161902,28588.384046944,28588.389385242,0.0912616669666022,0.2804649993777275,0.3717266663443297,10.09941600204911,5.885041999135865,5.338298000424402,21.694482667953707
1,1262,28588.401024092665,28588.401106592,28588.401377974,28588.411524343,28588.417211301,28588.422713822,0.0824993330752477,0.2713820031203795,0.3538813361956272,10.14636899708421,5.686958000296727,5.502521002199501,21.689729335776065
1,1263,28588.434357426,28588.4344402,28588.434704767,28588.444840712,28588.450524345,28588.455975153,0.08277400047518313,0.26456700288690627,0.3473410033620894,10.135944998182822,5.683633000444388,5.450807999295648,21.617727001284948
1,1264,28588.467690759335,28588.467770772,28588.468053932,28588.478170942,28588.484044437,28588.489586124,0.0800126654212363,0.2831599995261058,0.3631726649473421,10.117009998793947,5.873494999832474,5.541687001823448,21.89536466539721
1,1265,28588.501024092668,28588.501110299,28588.501368078,28588.511436948,28588.517274286,28588.522799733,0.08620633161626756,0.25777900009416044,0.343985331710428,10.068870000395691,5.837338001583703,5.525446998944972,21.775640332634794
1,1266,28588.534357426,28588.534439576,28588.534716743,28588.544811114,28588.54489441,28588.55076597,0.08214999979827553,0.27716700060409494,0.35931700040237047,10.094370998558588,0.08329599950229749,5.871560002560727,16.408544001023984
1,1267,28588.567690759333,28588.567787916,28588.568053603,28588.57816914,28588.584018765,28588.589513212,0.09715666601550765,0.26568700195639394,0.3628436679719016,10.11553699936485,5.849624998518266,5.4944469993643,21.822452665219316
1,1268,28588.601024092666,28588.60111198,28588.601386156,28588.611534092,28588.61745106,28588.623023563,0.08788733248366043,0.2741759999480564,0.36206333243171684,10.147936001885682,5.916967998928158,5.572502999712015,21.99947033295757
1,1269,28588.634357426,28588.63443958,28588.634460543,28588.643674335,28588.643725344,28588.649601941,0.08215400157496333,0.02096299795084633,0.10311699952580966,9.213792000082321,0.051009003072977066,5.876596998859895,15.244515001541004
1,1270,28588.667690759332,28588.667771763,28588.668044931,28588.678211219,28588.684237742,28588.690611889,0.08100366903818212,0.27316799969412386,0.354171668732306,10.166288000618806,6.02652299858164,6.3741470003151335,22.921129668247886
1,1271,28588.701024092665,28588.701108512,28588.701372625,28588.711468059,28588.717308203,28588.722933493,0.08441933459835127,0.26411300132167526,0.3485323359200265,10.095433997776126,5.840144000103464,5.625290003081318,21.909400336880935
1,1272,28588.734357426,28588.734444501,28588.734709807,28588.744874761,28588.750713775,28588.756316565,0.0870749972818885,0.26530600007390603,0.35238099735579453,10.16495400108397,5.839014000230236,5.602789999102242,21.959138997772243
1,1273,28588.767690759334,28588.76777449,28588.768053094,28588.778192788,28588.784096497,28588.789616434,0.08373066521016881,0.27860400223289616,0.362334667443065,10.13969399718917,5.903708999539958,5.519937003555242,21.925674667727435
1,1274,28588.801024092667,28588.801106738,28588.80137648,28588.811521148,28588.818316917,28588.824947527,0.08264533244073391,0.2697420022741426,0.3523873347148765,10.144667998247314,6.795769000746077,6.630609997955617,23.923434331663884
1,1275,28588.834357426,28588.83456982,28588.834774377,28588.844681134,28588.85080927,28588.856774358,0.21239399939076975,0.20455699996091425,0.416950999351684,9.906757000862854,6.1281359994609375,5.965087999356911,22.416931999032386
1,1276,28588.867690759333,28588.867777382,28588.86805817,28588.878216392,28588.88460676,28588.890349782,0.08662266918690875,0.28078799732611515,0.3674106665130239,10.15822200133698,6.390367998392321,5.7430220003880095,22.659022666630335
1,1277,28588.901024092665,28588.901106183,28588.901364176,28588.911434314,28588.917823053,28588.923555797,0.08209033330786042,0.2579930005595088,0.3400833338673692,10.070137999719009,6.388739002431976,5.732743997214129,22.531704333232483
1,1278,28588.934357426,28588.934444061,28588.934718034,28588.944898719,28588.951311467,28588.957059434,0.08663500193506479,0.2739730007306207,0.3606080026656855,10.18068499979563,6.412748000002466,5.747966999479104,22.702008001942886
1,1279,28588.967690759335,28588.967774233,28588.968051346,28588.978316466,28588.984325019,28588.989909706,0.08347366383532062,0.2771130020846613,0.3605866659199819,10.265119999530725,6.008552998537198,5.58468700182857,22.218946665816475
1,1280,28589.001024092668,28589.001112286,28589.001374037,28589.011511,28589.017624089,28589.023206397,0.08819333379506133,0.2617509999254253,0.3499443337204866,10.136962999240495,6.113088998972671,5.582308000157354,22.182304332091007
1,1281,28589.034357426,28589.034444245,28589.034718423,28589.044925155,28589.051282671,28589.057230185,0.08681899998919107,0.2741780008364003,0.3609970008255914,10.206732000369811,6.357515998388408,5.947514000581577,22.872759000165388
1,1282,28589.067690759333,28589.067774391,28589.068063522,28589.078203791,28589.084815744,28589.091055935,0.08363166489289142,0.28913100322824903,0.37276266812114045,10.140268997929525,6.611953001993243,6.24019099996076,23.365175668004667
1,1283,28589.101024092666,28589.101126334,28589.101391863,28589.111545373,28589.118213521,28589.1239597,0.10224133438896388,0.26552900089882314,0.367770335287787,10.153510000236565,6.668147998425411,5.746178998379037,22.9356073323288
1,1284,28589.134357426,28589.134440629,28589.134700713,28589.144793462,28589.145034363,28589.151367851,0.0832030018500518,0.2600839980004821,0.3432869998505339,10.092749002069468,0.24090099759632722,6.333487999654608,17.010424999170937
1,1285,28589.167690759332,28589.167776618,28589.168056314,28589.178163221,28589.18475735,28589.190558382,0.08585866817156784,0.27969599977950566,0.3655546679510735,10.106907000590581,6.594129001314286,5.801031998998951,22.867622668854892
1,1286,28589.201024092665,28589.201106255,28589.201366506,28589.211440988,28589.211671618,28589.217977005,0.08216233618441038,0.26025099941762164,0.342413335602032,10.074482001073193,0.2306299975316506,6.305386999883922,16.952912334090797
1,1287,28589.234357426,28589.234437827,28589.234699939,28589.244878866,28589.25147705,28589.257403361,0.0804009978310205,0.2621120002004318,0.3425129980314523,10.178927001106786,6.598183997994056,5.926311001530848,23.045934998663142
1,1288,28589.267690759334,28589.267772687,28589.268052326,28589.278158003,28589.278390533,28589.285107365,0.08192766472348012,0.27963899992755614,0.36156666465103626,10.105676999955904,0.23253000108525157,6.716832001984585,17.416605667676777
1,1289,28589.301024092667,28589.301107722,28589.301375067,28589.311512529,28589.318149946,28589.324141182,0.08362933294847608,0.26734499988378957,0.35097433283226565,10.137461998965591,6.637417001911672,5.991236001136713,23.11708933484624
1,1290,28589.334357426,28589.33443872,28589.334699361,28589.344883732,28589.351593277,28589.357682839,0.08129400157486089,0.2606409980216995,0.3419349995965604,10.184370999922976,6.709544999466743,6.089562000852311,23.32541299983859
1,1291,28589.367690759333,28589.367772478,28589.368420473,28589.377724274,28589.384021197,28589.390064758,0.08171866647899151,0.6479950025095604,0.729713668988552,9.303800998168299,6.296922998444643,6.043561003025388,22.373998668626882
1,1292,28589.401024092665,28589.401107439,28589.401379978,28589.411508496,28589.411740498,28589.418311405,0.08334633457707241,0.2725390004343353,0.35588533501140773,10.128517998964526,0.2320019993931055,6.570907000423176,17.287312333792215
1,1293,28589.434357426,28589.434440141,28589.434703754,28589.444875541,28589.451802273,28589.457890085,0.08271500337286852,0.26361299751442857,0.3463280008872971,10.17178700203658,6.926731999556068,6.087811998440884,23.53265900092083
1,1294,28589.467690759335,28589.467773649,28589.468056521,28589.47815978,28589.484539158,28589.490509117,0.0828896663733758,0.2828719989338424,0.3657616653072182,10.103258999151876,6.379377999110147,5.969959001959069,22.81835766552831
1,1295,28589.501024092668,28589.501103388,28589.501360556,28589.51143776,28589.5178186,28589.523713282,0.07929533239803277,0.2571680015535094,0.33646333395154215,10.077203998662299,6.380840000929311,5.894681999052409,22.68918933259556
1,1296,28589.534357426,28589.534441062,28589.534704055,28589.544855842,28589.551415471,28589.557597402,0.08363599772565067,0.2629930022521876,0.34662899997783825,10.151786998903845,6.559629000548739,6.181930999446195,23.239975998876616
1,1297,28589.567690759333,28589.567776375,28589.568064757,28589.578146552,28589.584790608,28589.591170476,0.08561566573916934,0.28838200159952976,0.3739976673386991,10.08179500058759,6.644056000368437,6.3798679984756745,23.4797166667704
1,1298,28589.601024092666,28589.601136725,28589.601418226,28589.611694199,28589.61884396,28589.625263032,0.11263233318459243,0.28150100115453824,0.39413333433913067,10.275972999806982,7.149761000619037,6.41907200042624,24.23893933519139
1,1299,28589.634357426,28589.63445298,28589.634721658,28589.644998243,28589.651881316,28589.658337074,0.09555400174576789,0.26867799897445366,0.36423200072022155,10.276584998791805,6.883073001517914,6.455758000811329,23.97964800184127
1,1300,28589.667690759332,28589.667776997,28589.668058618,28589.678278433,28589.691844119,28589.701290689,0.08623766916571185,0.28162099988549016,0.367858669051202,10.219814997981302,13.565686000220012,9.446570002182852,33.59992966943537
1,1301,28589.701024092665,28589.701113845,28589.701423504,28589.711649449,28589.718283865,28589.724366194,0.08975233504315838,0.3096590007771738,0.39941133582033217,10.22594499954721,6.634416000451893,6.082329000491882,23.342101336311316
1,1302,28589.734357426,28589.734439852,28589.734697612,28589.744949908,28589.750898589,28589.756881076,0.08242599869845435,0.257759998930851,0.34018599762930535,10.252296000544447,5.948681002337253,5.982486996799707,22.523649997310713
1,1303,28589.767690759334,28589.767773487,28589.768051238,28589.778249368,28589.78503948,28589.790966114,0.08272766717709601,0.27775099806603976,0.36047866524313577,10.198129999480443,6.79011200190871,5.926633999479236,23.275354666111525
1,1304,28589.801024092667,28589.801107781,28589.801385532,28589.81155881,28589.811791727,28589.818558847,0.08368833368876949,0.27775099806603976,0.36143933175480925,10.173278002184816,0.23291699835681356,6.767120001313742,17.53475433361018
1,1305,28589.834357426,28589.834594409,28589.834861021,28589.844994494,28589.851285926,28589.857571804,0.23698299992247485,0.2666120017238427,0.5035950016463175,10.13347299885936,6.291432000580244,6.2858780001988634,23.214378001284786
1,1306,28589.867690759333,28589.867776369,28589.868062713,28589.878268213,28589.885203159,28589.891354138,0.08560966671211645,0.2863440022338182,0.3719536689459346,10.20549999884679,6.934945999091724,6.150978999357903,23.66337866624235
1,1307,28589.901024092665,28589.901109682,28589.901381453,28589.911641287,28589.918243628,28589.924231884,0.08558933404856361,0.2717710012802854,0.35736033532884903,10.259833998134127,6.602340999961598,5.988256001728587,23.20779133515316
1,1308,28589.934357426,28589.934440412,28589.934708246,28589.944877127,28589.945120609,28589.95182324,0.08298600005218759,0.2678340024431236,0.3508200024953112,10.168880999117391,0.2434820016787853,6.702630998915993,17.46581400220748
1,1309,28589.967690759335,28589.967772642,28589.968053246,28589.978310237,28589.984621984,28589.990492693,0.0818826665636152,0.28060399927198887,0.36248666583560407,10.256990997731918,6.311747001745971,5.870708999282215,22.80193366459571
1,1310,28590.001024092668,28590.001110075,28590.001385206,28590.011554522,28590.018275559,28590.024275823,0.08598233398515731,0.27513099848874845,0.36111333247390576,10.169315999519313,6.721036999806529,6.000264002068434,23.25173033386818
1,1311,28590.034357426,28590.034441601,28590.03470427,28590.044946771,28590.051089359,28590.057333256,0.08417500066570938,0.2626690002216492,0.34684400088735856,10.24250099726487,6.142588001239346,6.243897001695586,22.97583000108716
1,1312,28590.067690759333,28590.067775516,28590.067796637,28590.077169356,28590.077409255,28590.083959059,0.08475666618323885,0.02112099900841713,0.10587766519165598,9.372718999657081,0.23989900000742637,6.549804002133897,16.26829966699006
1,1313,28590.101024092666,28590.10110957,28590.101386646,28590.111569749,28590.118479175,28590.124596505,0.08547733523300849,0.27707600020221435,0.36255333543522283,10.18310299696168,6.909425999765517,6.117330001870869,23.572412334033288
1,1314,28590.134357426,28590.134441772,28590.134715839,28590.144993506,28590.151754849,28590.157877874,0.08434600022155792,0.27406700246501714,0.35841300268657506,10.277666999172652,6.761343000107445,6.1230249993968755,23.520448001363548
1,1315,28590.167690759332,28590.16777866,28590.168071004,28590.178332903,28590.1853107,28590.19142092,0.08790066931396723,0.2923439969890751,0.3802446663030423,10.261899002216524,6.977796998398844,6.110220001573907,23.730160668492317
1,1316,28590.201024092665,28590.201111204,28590.201388706,28590.211537743,28590.211776596,28590.218617105,0.08711133705219254,0.27750199660658836,0.3646133336587809,10.14903699979186,0.23885300106485374,6.8405090023588855,17.59301233687438
1,1317,28590.234357426,28590.234440766,28590.234705545,28590.244982833,28590.251655018,28590.257700847,0.08333999721799046,0.26477900246391073,0.3481189996819012,10.277287998178508,6.672185001662001,6.045828999049263,23.343420998571673
1,1318,28590.267690759334,28590.2677753,28590.268064663,28590.278250117,28590.285371748,28590.291615939,0.08454066482954659,0.2893630007747561,0.37390366560430266,10.185454000747995,7.121630998881301,6.244191001314903,23.9251796665485
1,1319,28590.301024092667,28590.301113361,28590.301393539,28590.311686493,28590.318568614,28590.324979927,0.0892683347046841,0.28017799922963604,0.36944633393432014,10.292954000760801,6.88212099703378,6.411313002899988,23.95583433462889
1,1320,28590.334357426,28590.334447414,28590.334719527,28590.345108426,28590.351894259,28590.358274239,0.08998799967230298,0.2721130003919825,0.36210100006428547,10.388899001554819,6.7858330003218725,6.37997999729123,23.916812999232206
1,1321,28590.367690759333,28590.367779587,28590.368078135,28590.378416923,28590.385748593,28590.392016339,0.08882766633178107,0.2985480023198761,0.3873756686516572,10.338787997170584,7.331669999985024,6.267746000958141,24.325579666765407
1,1322,28590.401024092665,28590.401109982,28590.401386169,28590.411682253,28590.411790707,28590.418897737,0.08588933633291163,0.27618699823506176,0.3620763345679734,10.296084001311101,0.10845399810932577,7.107030000042869,17.87364433403127
1,1323,28590.434357426,28590.434441312,28590.434704916,28590.445002907,28590.445249316,28590.452121733,0.08388600326725282,0.2636039971548598,0.34749000042211264,10.297991000697948,0.24640899937367067,6.872417001432041,17.764307001925772
1,1324,28590.467690759335,28590.467773504,28590.467794736,28590.477198297,28590.477253993,28590.483783815,0.08274466381408274,0.021232001017779112,0.10397666483186185,9.403561001818161,0.05569600034505129,6.529821999720298,16.093055666715372
1,1325,28590.501024092668,28590.501108632,28590.501131069,28590.51042887,28590.510480407,28590.516938164,0.08453933332930319,0.02243699782411568,0.10697633115341887,9.297800999775063,0.05153700112714432,6.457757001044229,15.914071333099855
1,1326,28590.534357426,28590.534444307,28590.534464483,28590.543775609,28590.544032517,28590.550852065,0.08688099842402153,0.020176001271465793,0.10705699969548732,9.31112599937478,0.25690799884614535,6.819548001658404,16.494638999574818
1,1327,28590.567690759333,28590.567779436,28590.567800639,28590.57711107,28590.57735283,28590.584475351,0.08867666838341393,0.021202999050728977,0.1098796674341429,9.310430999903474,0.24176000079023652,7.122520997654647,16.7845916657825
1,1328,28590.601024092666,28590.601172499,28590.601459546,28590.611682881,28590.611935178,28590.618806735,0.14840633230051026,0.28704700162052177,0.435453333921032,10.223335000773659,0.25229699895135127,6.871557001431938,17.78264233507798
1,1329,28590.634357426,28590.634455451,28590.634487525,28590.643850372,28590.644077651,28590.650816225,0.09802500062505715,0.03207400004612282,0.13009900067117997,9.362846998556051,0.2272790006827563,6.738574000337394,16.45879900024738
1,1330,28590.667690759332,28590.667776439,28590.668059024,28590.678355165,28590.686537126,28590.69563914,0.08567966870032251,0.28258499878575094,0.36826466748607345,10.29614100116305,8.181960998626892,9.102014002564829,27.948380669840844
1,1331,28590.701024092665,28590.701111744,28590.701383893,28590.711649745,28590.711894988,28590.718742099,0.08765133679844439,0.27214899819227867,0.35980033499072306,10.265852000884479,0.24524299806216732,6.847111002571182,17.71800633650855
1,1332,28590.734357426,28590.734437408,28590.735140671,28590.744608909,28590.751652753,28590.758171502,0.07998199725989252,0.703263001923915,0.7832449991838075,9.468238000408746,7.04384399796254,6.51874899995164,23.814075997506734
1,1333,28590.767690759334,28590.767770851,28590.768056167,28590.7783904,28590.78518803,28590.791547621,0.0800916641310323,0.28531600037240423,0.36540766450343654,10.334233000321547,6.797630001528887,6.359590999636566,23.856861665990436
1,1334,28590.801024092667,28590.801322897,28590.802048179,28590.811669639,28590.81742543,28590.823939494,0.2988043343066238,0.7252819996210746,1.0240863339276984,9.62145999801578,5.755791000410682,6.514063999929931,22.91540133228409
1,1335,28590.834357426,28590.834489589,28590.834757988,28590.845109953,28590.851976472,28590.858253395,0.13216300067142583,0.268398998741759,0.4005619994131848,10.35196500015445,6.866519001050619,6.276922998949885,23.89596899956814
1,1336,28590.867690759333,28590.867794985,28590.868078579,28590.878411006,28590.885276517,28590.891534588,0.10422566629131325,0.28359399948385544,0.3878196657751687,10.33242700214032,6.865511000796687,6.258071000047494,23.84382866875967
1,1337,28590.901024092665,28590.901141113,28590.901403911,28590.911523596,28590.917802001,28590.924139823,0.1170203358924482,0.26279799931216985,0.37981833520461805,10.119685000972822,6.2784049987385515,6.337822000205051,23.115730335121043
1,1338,28590.934357426,28590.934441047,28590.934465658,28590.943827292,28590.943877015,28590.950449783,0.08362100197700784,0.02461099938955158,0.10823200136655942,9.361634001834318,0.04972299939254299,6.572767997568008,16.092357000161428
1,1339,28590.967690759335,28590.96777534,28590.968055721,28590.978276453,28590.978423167,28590.98510125,0.08458066440653056,0.28038100208505057,0.3649616664915811,10.220731997833354,0.1467139991291333,6.678083002043422,17.41049066549749
1,1340,28591.001024092668,28591.00131532,28591.001592895,28591.011902618,28591.018562674,28591.024878291,0.2912273339461535,0.2775749999273103,0.5688023338734638,10.309722998499637,6.660055998509051,6.3156169999274425,23.854198330809595
1,1341,28591.034357426,28591.034491279,28591.03476791,28591.045113577,28591.051752994,28591.05811763,0.13385299826040864,0.2766310026345309,0.4104840008949395,10.34566700036521,6.6394169989507645,6.36463599948911,23.760203999700025
1,1342,28591.067690759333,28591.067986508,28591.068274139,28591.078558232,28591.085621188,28591.091910435,0.2957486649393104,0.2876310027204454,0.5833796676597558,10.28409299760824,7.062955999572296,6.289247001404874,24.219675666245166
1,1343,28591.101024092666,28591.10116055,28591.101431145,28591.111715895,28591.118346181,28591.124665873,0.1364573327009566,0.2705950028030202,0.4070523355039768,10.284749998390907,6.630285999563057,6.3196920018526725,23.641780335310614
1,1344,28591.134357426,28591.134443501,28591.134711817,28591.144984864,28591.14511804,28591.151847698,0.08607500058133155,0.268316001893254,0.35439100247458555,10.27304699891829,0.13317599950823933,6.729658001859207,17.49027200276032
1,1345,28591.167690759332,28591.167812692,28591.16854627,28591.177917063,28591.183983957,28591.190184713,0.12193266957183369,0.7335779991990421,0.8555106687708758,9.370792999106925,6.066893998649903,6.200756000907859,22.493953667435562
1,1346,28591.201024092665,28591.201340709,28591.201630711,28591.21195748,28591.218784759,28591.225156952,0.3166163369314745,0.2900019972003065,0.606618334131781,10.326769002858782,6.827278997661779,6.372193001880078,24.13285933653242
1,1347,28591.234357426,28591.234484419,28591.234692948,28591.244752097,28591.250874417,28591.25717411,0.12699299986707047,0.2085289997921791,0.33552199965924956,10.059149000881007,6.122319999121828,6.299692999164108,22.816683998826193
1,1348,28591.267690759334,28591.267988298,28591.268751275,28591.278161725,28591.284074257,28591.290415477,0.29753866692772135,0.762977000704268,1.0605156676319893,9.410449998540571,5.9125320003659,6.341219999740133,22.724717666278593
1,1349,28591.301024092667,28591.301162657,28591.301429872,28591.311694187,28591.318377428,28591.324632619,0.1385643336107023,0.26721500034909695,0.40577933395979926,10.264314998494228,6.683241001155693,6.255190997762838,23.60852633137256
1,1350,28591.334357426,28591.334442748,28591.334727489,28591.345175649,28591.351695564,28591.358190702,0.08532200081390329,0.28474099963204935,0.37006300044595264,10.448159999214113,6.5199150012631435,6.495138000900624,23.833276001823833
1,1351,28591.367690759333,28591.367820227,28591.368111006,28591.378410804,28591.385244601,28591.391722877,0.12946766582899727,0.29077900035190396,0.42024666618090123,10.299798002961325,6.83379699694342,6.4782760018715635,24.03211766795721
1,1352,28591.401024092665,28591.40131393,28591.401351782,28591.411551033,28591.418330931,28591.424922365,0.2898373350035399,0.03785199805861339,0.3276893330621533,10.199251002632082,6.779897998058004,6.591434001165908,23.898272334918147
1,1353,28591.434357426,28591.434486335,28591.435235802,28591.444672882,28591.450599249,28591.45692607,0.12890900325146504,0.7494669989682734,0.8783760022197384,9.437079999770503,5.926367000938626,6.326820999674965,22.568644002603833
1,1354,28591.467690759335,28591.467777306,28591.468052344,28591.478354253,28591.485204124,28591.491642928,0.08654666453367099,0.27503800083650276,0.36158466537017375,10.3019089983718,6.849871002486907,6.438803997298237,23.952168663527118
1,1355,28591.501024092668,28591.501148304,28591.501430657,28591.511774455,28591.518485297,28591.524791749,0.12421133214957081,0.2823530012392439,0.4065643333888147,10.343797999667004,6.710842000757111,6.306451999989804,23.767656333802734
1,1356,28591.534357426,28591.534650766,28591.534958565,28591.545203852,28591.545262843,28591.552023565,0.29333999918890186,0.3077990004385356,0.6011389996274374,10.245287001453107,0.05899099778616801,6.760722000763053,17.666138999629766
1,1357,28591.567690759333,28591.56782043,28591.568040746,28591.578138256,28591.58431065,28591.590624045,0.129670665046433,0.22031600019545294,0.34998666524188593,10.097510003106436,6.172393997985637,6.313394998869626,22.933285665203584
1,1358,28591.601024092666,28591.601328215,28591.601613578,28591.611933662,28591.618808144,28591.625270791,0.30412233536480926,0.28536299942061305,0.5894853347854223,10.320083998522023,6.8744820018764585,6.462646997533739,24.246698332717642
1,1359,28591.634357426,28591.634486767,28591.634696018,28591.644781231,28591.651008033,28591.657582032,0.12934100232087076,0.20925100034219213,0.3385920026630629,10.085212998092175,6.226802001037868,6.573998998646857,23.224606000439962
1,1360,28591.667690759332,28591.667777829,28591.667977672,28591.6782072,28591.68352634,28591.690842501,0.08706966764293611,0.1998430016101338,0.2869126692530699,10.22952799758059,5.319140000210609,7.316161001654109,23.151741668698378
1,1361,28591.701024092665,28591.701133446,28591.701955627,28591.711323529,28591.717706592,28591.723987478,0.1093533355742693,0.8221809985116124,0.9315343340858817,9.367902002850315,6.383062998793321,6.2808859984215815,22.9633853341511
1,1362,28591.734357426,28591.734442295,28591.734714981,28591.744905648,28591.744964601,28591.75137023,0.08486899969284423,0.2726860002439935,0.3575549999368377,10.190666998823872,0.058952999097527936,6.405628999345936,17.012803997204173
1,1363,28591.767690759334,28591.767777893,28591.76806058,28591.778423377,28591.783893509,28591.789309353,0.08713366696611047,0.2826870004355442,0.36982066740165465,10.362796998379054,5.470132000482408,5.415843999799108,21.618593666062225
1,1364,28591.801024092667,28591.801321873,28591.801622819,28591.811896292,28591.817484776,28591.822770518,0.29778033422189765,0.30094599787844345,0.5987263321003411,10.273473002598621,5.58848399668932,5.285742001433391,21.746425332821673
1,1365,28591.834357426,28591.834488184,28591.834694556,28591.844750297,28591.850009112,28591.855193493,0.1307579987042118,0.20637200213968754,0.3371300008438993,10.055741000542184,5.258814999251626,5.1843809997080825,20.836067000345793
1,1366,28591.867690759333,28591.867777812,28591.868051165,28591.878255175,28591.883862613,28591.889163096,0.08705266736797057,0.2733530018304009,0.36040566919837147,10.204009999142727,5.6074379972415045,5.300483000610257,21.47233666619286
1,1367,28591.901024092665,28591.901144218,28591.901353932,28591.911350802,28591.916384469,28591.921677053,0.12012533625238575,0.20971399862901308,0.3298393348813988,9.99686999784899,5.033667002862785,5.292583999107592,20.652960334700765
1,1368,28591.934357426,28591.934669143,28591.934949608,28591.945211109,28591.950863399,28591.956184947,0.31171700175036676,0.2804649993777275,0.5921820011280943,10.26150100005907,5.652290001307847,5.321548000210896,21.827521002705907
1,1369,28591.967690759335,28591.967815844,28591.96790752,28591.97780339,28591.977938891,28591.983535978,0.12508466534200124,0.09167600001092069,0.21676066535292193,9.895870000036666,0.13550099902204238,5.597087001660839,15.84521866607247
1,1370,28592.001024092668,28592.001350844,28592.001620577,28592.011837013,28592.017473738,28592.022796267,0.326751331158448,0.26973300191457383,0.5964843330730218,10.21643599960953,5.636724999931175,5.3225289993861225,21.77217433199985
1,1371,28592.034357426,28592.034461396,28592.035289215,28592.044738684,28592.049715323,28592.054918907,0.10397000005468726,0.8278189998236485,0.9317889998783357,9.44946899835486,4.976639000233263,5.203584001719719,20.561481000186177
1,1372,28592.067690759333,28592.067786321,28592.068067295,28592.078147109,28592.083287313,28592.088644129,0.09556166696711443,0.28097399990656413,0.37653566687367857,10.079814001073828,5.140203997143544,5.356816000130493,20.953369665221544
1,1373,28592.101024092666,28592.101111226,28592.10194486,28592.11132106,28592.11637568,28592.121710377,0.08713333227206022,0.833633999718586,0.9207673319906462,9.376200003316626,5.054620000009891,5.334696998033905,20.686284333351068
1,1374,28592.134357426,28592.134449049,28592.134716568,28592.14499545,28592.150674147,28592.155877149,0.09162300193565898,0.26751900077215396,0.35914200270781294,10.27888199678273,5.678697001712862,5.203002001508139,21.519723002711544
1,1375,28592.167690759332,28592.167775556,28592.167985696,28592.17795365,28592.183059844,28592.18826478,0.08479666939820163,0.2101399986713659,0.29493666806956753,9.967953999876045,5.106193999381503,5.204936001973692,20.574020669300808
1,1376,28592.201024092665,28592.201114582,28592.20139088,28592.211688918,28592.217473941,28592.222901638,0.09048933497979306,0.27629800024442375,0.3667873352242168,10.298037999746157,5.785023000498768,5.4276970004139,21.877545335883042
1,1377,28592.234357426,28592.234442007,28592.234709045,28592.244973037,28592.245100102,28592.250819977,0.08458099910058081,0.2670379981282167,0.3516189972287975,10.26399200054584,0.12706500274362043,5.7198750000679865,16.462551000586245
1,1378,28592.267690759334,28592.267775264,28592.268052025,28592.278301923,28592.283931038,28592.289312151,0.08450466702925041,0.2767609985312447,0.3612656655604951,10.249898001347901,5.629114999464946,5.381112998293247,21.62139166466659
1,1379,28592.301024092667,28592.301108485,28592.301316504,28592.311358587,28592.316514838,28592.321823005,0.08439233351964504,0.20801899881917052,0.29241133233881555,10.042083002190338,5.156250997970346,5.308167001203401,20.7989123337029
1,1380,28592.334357426,28592.334441733,28592.334717271,28592.34492878,28592.350672395,28592.356407787,0.08430700108874589,0.27553799736779183,0.3598449984565377,10.211509001237573,5.743615001847502,5.735391998314299,22.05036099985591
1,1381,28592.367690759333,28592.367775775,28592.367986258,28592.377967044,28592.383815947,28592.389353356,0.08501566844643094,0.21048299822723493,0.29549866667366587,9.980786002415698,5.848902997968253,5.537409000680782,21.6625966677384
1,1382,28592.401024092665,28592.401109708,28592.401382051,28592.411518061,28592.417400732,28592.422742399,0.0856153346830979,0.27234300068812445,0.35795833537122235,10.136009997950168,5.882671001018025,5.341667001630412,21.718306335969828
1,1383,28592.434357426,28592.434440296,28592.434642539,28592.44463775,28592.449869131,28592.455241392,0.08287000309792347,0.20224299805704504,0.2851130011549685,9.995210999477422,5.231381001067348,5.372260999138234,20.883966000837972
1,1384,28592.467690759335,28592.46777547,28592.46805811,28592.478171249,28592.483458297,28592.489024113,0.08471066394122317,0.28264000138733536,0.36735066532855853,10.113139000168303,5.287047999445349,5.565816001762869,21.33335366670508
1,1385,28592.501024092668,28592.501106551,28592.501307626,28592.511315847,28592.51653718,28592.522003645,0.08245833305409178,0.2010749994951766,0.2835333325492684,10.008221001044149,5.2213329981896095,5.4664650015183724,20.9795523333014
1,1386,28592.534357426,28592.534494399,28592.534762567,28592.545008484,28592.550944035,28592.556434093,0.13697299800696783,0.2681680016394239,0.4051409996463917,10.245917001157068,5.935550998401595,5.490057999850251,22.076666999055305
1,1387,28592.567690759333,28592.567792341,28592.568068823,28592.578141656,28592.583360537,28592.588876345,0.10158166696783155,0.27648199829855,0.3780636652663816,10.072832999867387,5.21888100047363,5.5158079994725995,21.185585665079998
1,1388,28592.601024092666,28592.601109995,28592.601315673,28592.611388506,28592.616601544,28592.622171501,0.08590233483118936,0.20567799947457388,0.29158033430576324,10.072832999867387,5.213037999055814,5.569957000261638,21.147408333490603
1,1389,28592.634357426,28592.634444041,28592.634528809,28592.644456661,28592.65010234,28592.655630102,0.0866150003275834,0.08476800212520175,0.17138300245278515,9.927851999236736,5.645679000735981,5.527761997655034,21.272676000080537
1,1390,28592.667690759332,28592.667775261,28592.667797289,28592.677179766,28592.6772286,28592.68302928,0.08450166933471337,0.022027998056728393,0.10652966739144176,9.382477001054212,0.048834001063369215,5.800679999083513,15.338520668592537
1,1391,28592.701024092665,28592.701107148,28592.701913338,28592.711315861,28592.716517048,28592.722005282,0.08305533629027195,0.8061900007305667,0.8892453370208386,9.402522999153007,5.201186999329366,5.488234000949888,20.9811893364531
1,1392,28592.734357426,28592.734441063,28592.73471588,28592.745066224,28592.750767375,28592.756288942,0.08363699816982262,0.27481700089992955,0.35845399906975217,10.350344000471523,5.701150999811944,5.521566999959759,21.93151599931298
1,1393,28592.767690759334,28592.76777532,28592.76804897,28592.778332434,28592.783868956,28592.789363356,0.08456066643702798,0.27364999914425425,0.35821066558128223,10.283464001986431,5.536521999601973,5.494400000316091,21.672596667485777
1,1394,28592.801024092667,28592.801107578,28592.801386904,28592.811576192,28592.817448094,28592.823116107,0.08348533447133377,0.2793259991449304,0.36281133361626416,10.18928800112917,5.871901998034446,5.668013000104111,22.09201433288399
1,1395,28592.834357426,28592.834439085,28592.835124562,28592.84457366,28592.849627271,28592.855022578,0.0816589999885764,0.6854769999335986,0.767135999922175,9.449098000914091,5.053610999311786,5.395307001890615,20.665152002038667
1,1396,28592.867690759333,28592.867774149,28592.868049336,28592.878275725,28592.884204535,28592.889839188,0.08338966654264368,0.2751870015345048,0.3585766680771485,10.2263890003087,5.928809998295037,5.634653000015533,22.148428666696418
1,1397,28592.901024092665,28592.901104175,28592.901372408,28592.911667761,28592.917611655,28592.923363084,0.08008233271539211,0.2682330014067702,0.3483153341221623,10.29535300040152,5.94389400066575,5.75142899833736,22.338991333526792
1,1398,28592.934357426,28592.934440395,28592.934721629,28592.945062685,28592.951205922,28592.957066389,0.08296900341520086,0.28123399897594936,0.3642030023911502,10.341056000470417,6.1432369984686375,5.860467001184588,22.708963002514793
1,1399,28592.967690759335,28592.967775855,28592.968066811,28592.978353691,28592.984581772,28592.990285571,0.08509566396242008,0.2909560025727842,0.3760516665352043,10.286879998602672,6.228081001609098,5.703798997274134,22.59481166402111
1,1400,28593.001024092668,28593.00110788,28593.001395475,28593.011705919,28593.017818935,28593.02369568,0.08378733400604688,0.2875949976441916,0.3713823316502385,10.310444002243457,6.113015999289928,5.8767449991137255,22.67158733229735
1,1401,28593.034357426,28593.03444022,28593.034715406,28593.045021296,28593.051242024,28593.057115224,0.08279399844468571,0.27518600109033287,0.3579799995350186,10.305889998562634,6.220728002517717,5.873199999768985,22.757798000384355
1,1402,28593.067690759333,28593.067771772,28593.067792661,28593.077135278,28593.077180009,28593.083364756,0.08101266575977206,0.020889001461910084,0.10190166722168215,9.342616998765152,0.04473100125323981,6.184746998769697,15.67399666600977
1,1403,28593.101024092666,28593.101103677,28593.101125325,28593.110413061,28593.110459857,28593.116583363,0.07958433343446814,0.021648000256391242,0.10123233369085938,9.287736000260338,0.04679599805967882,6.123506002040813,15.55927033405169
1,1404,28593.134357426,28593.134589989,28593.134874601,28593.145120871,28593.145239454,28593.151495211,0.2325630011910107,0.2846120005415287,0.5171750017325394,10.246269997878699,0.11858300058520399,6.255757001781603,17.137785001978045
1,1405,28593.167690759332,28593.167776069,28593.168063719,28593.17837896,28593.184512632,28593.190478526,0.08530966806574725,0.287650000245776,0.3729596683115233,10.315241001080722,6.13367199912318,5.965894000837579,22.787766669353005
1,1406,28593.201024092665,28593.201107871,28593.201391548,28593.211578586,28593.211695041,28593.218077428,0.08377833364647813,0.28367699997033924,0.36745533361681737,10.187038002186455,0.11645500126178376,6.382386996847345,17.0533353339124
1,1407,28593.234357426,28593.234558778,28593.23483264,28593.245191447,28593.251529316,28593.257446524,0.20135199883952737,0.2738619987212587,0.4752139975607861,10.35880700146663,6.33786899925326,5.91720800002804,23.089097998308716
1,1408,28593.267690759334,28593.267774905,28593.268066787,28593.278430843,28593.284681563,28593.290834513,0.0841456676425878,0.2918819991464261,0.3760276667890139,10.364055997342803,6.250720001844456,6.152950001705904,23.143753667682176
1,1409,28593.301024092667,28593.301106996,28593.301386821,28593.311678693,28593.317964486,28593.323809343,0.08290333425975405,0.2798249988700263,0.36272833312978037,10.291872000379954,6.285792998824036,5.844857001648052,22.78525033398182
1,1410,28593.334357426,28593.334625403,28593.334913238,28593.345187757,28593.345242572,28593.35155132,0.26797700047609396,0.28783499874407426,0.5558119992201682,10.274519001541194,0.0548149982932955,6.308748001174536,17.193894000229193
1,1411,28593.367690759333,28593.36777452,28593.368054494,28593.378348764,28593.384721327,28593.390678109,0.0837606676213909,0.2799739995680284,0.36373466718941927,10.2942699995765,6.372562998876674,5.956782002613181,22.987349668255774
1,1412,28593.401024092665,28593.401106213,28593.401388325,28593.411649891,28593.418027398,28593.424193719,0.0821203357190825,0.2821119996951893,0.3642323354142718,10.261565999826416,6.3775069975235965,6.166321003547637,23.16962633631192
1,1413,28593.434357426,28593.434442656,28593.434725472,28593.445107251,28593.451541546,28593.457526319,0.08522999996785074,0.28281600316404365,0.3680460031318944,10.381778996816138,6.434295002691215,5.984773000818677,23.168893003457924
1,1414,28593.467690759335,28593.467775219,28593.468071831,28593.478375083,28593.484914276,28593.490905605,0.08445966523140669,0.29661200096597895,0.38107166619738564,10.303251998266205,6.539193000207888,5.991328998788958,23.214845663460437
1,1415,28593.501024092668,28593.501109207,28593.50138107,28593.511711776,28593.518113274,28593.524016167,0.08511433406965807,0.27186299848835915,0.3569773325580172,10.330705998057965,6.401498001650907,5.902893000893528,22.992074333160417
1,1416,28593.534357426,28593.534612846,28593.534896153,28593.545265006,28593.551628801,28593.557659519,0.2554200000304263,0.283306999335764,0.5387269993661903,10.368852999818046,6.363795000652317,6.030717999237822,23.302092999074375
1,1417,28593.567690759333,28593.567797575,28593.568081845,28593.578380568,28593.584762289,28593.590633052,0.10681566709536128,0.2842699977918528,0.3910856648872141,10.298723002051702,6.381720999343088,5.870763001439627,22.94229266772163
1,1418,28593.601024092666,28593.601115498,28593.60139013,28593.611710408,28593.618166889,28593.624158116,0.09140533438767307,0.2746319987636525,0.3660373331513256,10.320278001017869,6.456480998167535,5.991227000777144,23.134023333113873
1,1419,28593.634357426,28593.634443774,28593.634727184,28593.644889518,28593.650901162,28593.656919232,0.08634800178697333,0.28340999779175036,0.3697579995787237,10.162334001506679,6.011643999954686,6.018069998390274,22.561805999430362
1,1420,28593.667690759332,28593.667770051,28593.668054969,28593.678279016,28593.684557421,28593.693545887,0.07929166895337403,0.2849179982149508,0.3642096671683248,10.224047000519931,6.2784049987385515,8.988466001028428,25.855127667455235
1,1421,28593.701024092665,28593.701122678,28593.701395541,28593.711685866,28593.718032076,28593.723987804,0.09858533667284064,0.2728629988268949,0.37144833549973555,10.290325000823941,6.346210000629071,5.955728000117233,22.96371133706998
1,1422,28593.734357426,28593.734440471,28593.734724112,28593.745083984,28593.75165752,28593.757800599,0.0830449971545022,0.28364100217004307,0.36668599932454526,10.359871997934533,6.573536000360036,6.1430790010490455,23.44317299866816
1,1423,28593.767690759334,28593.767772635,28593.768063794,28593.778346359,28593.784755505,28593.790824399,0.08187566709239036,0.2911589981522411,0.37303466524463147,10.282564999215538,6.409146000805777,6.068893999326974,23.13363966459292
1,1424,28593.801024092667,28593.801109299,28593.801329911,28593.811586698,28593.811640773,28593.818149161,0.0852063312777318,0.22061200070311315,0.30581833198084496,10.25678700170829,0.054075000662123784,6.508387999929255,17.125068334280513
1,1425,28593.834357426,28593.834438277,28593.83470914,28593.845027733,28593.845145938,28593.851488769,0.08085100125754252,0.2708629981498234,0.3517139994073659,10.318593002011767,0.11820500003523193,6.34283099861932,17.131343000073684
1,1426,28593.867690759333,28593.867774783,28593.868063507,28593.878322026,28593.884976932,28593.891329773,0.08402366802329198,0.28872400071122684,0.3727476687345188,10.2585189997626,6.654905999312177,6.352840999170439,23.639013666979736
1,1427,28593.901024092665,28593.901107919,28593.901386874,28593.911631106,28593.917966762,28593.924046294,0.0838263331388589,0.278955001704162,0.3627813348430209,10.244231998512987,6.335656002192991,6.07953199869371,23.02220133424271
1,1428,28593.934357426,28593.934435851,28593.934713223,28593.945075002,28593.951471194,28593.957613978,0.07842500053811818,0.27737200070987456,0.35579700124799274,10.361779000959359,6.396191998646827,6.142784000985557,23.256552001839736
1,1429,28593.967690759335,28593.967767599,28593.968032035,28593.978309926,28593.984836405,28593.990949282,0.0768396639614366,0.2644360029080417,0.3412756668694783,10.277890996803762,6.5264790027868,6.112876999395667,23.258522665855708
1,1430,28594.001024092668,28594.001100107,28594.001313265,28594.011291098,28594.016938916,28594.02310045,0.07601433389936574,0.21315799676813185,0.2891723306674976,9.9778330004483,5.647818001307314,6.161533998238156,22.076357330661267
1,1431,28594.034357426,28594.034672412,28594.034951627,28594.045281729,28594.045411878,28594.051741663,0.3149859985569492,0.2792150007735472,0.5942009993304964,10.330101998988539,0.13014900105190463,6.329784999252297,17.384236998623237
1,1432,28594.067690759333,28594.068040206,28594.068754664,28594.078165364,28594.083860997,28594.089977577,0.3494466654956341,0.7144580013118684,1.0639046668075025,9.410700000444194,5.695633000868838,6.1165799997979775,22.286817667918513
1,1433,28594.101024092666,28594.101326779,28594.102029968,28594.111446261,28594.11699542,28594.123069935,0.30268633418018,0.7031889981590211,1.0058753323392011,9.416292999958387,5.549159002839588,6.074515000364045,22.04584233550122
1,1434,28594.134357426,28594.134677721,28594.134985307,28594.145196391,28594.151094488,28594.157164141,0.3202949992555659,0.3075860004173592,0.6278809996729251,10.211084001639392,5.8980969988624565,6.069653001759434,22.806715001934208
1,1435,28594.167690759332,28594.167995072,28594.168270193,28594.17849211,28594.184965054,28594.191095105,0.3043126671400387,0.27512100132298656,0.5794336684630252,10.221917000308167,6.4729439982329495,6.13005100240116,23.404345669405302
1,1436,28594.201024092665,28594.201109929,28594.201378329,28594.211631987,28594.218298052,28594.224490012,0.0858363346196711,0.26839999918593094,0.35423633380560204,10.253658001602162,6.666065000899835,6.191959997522645,23.465919333830243
1,1437,28594.234357426,28594.234654957,28594.23494881,28594.245102014,28594.250797323,28594.256542864,0.297530998068396,0.2938530014944263,0.5913839995628223,10.153203998925164,5.6953089988383,5.745541002397658,22.185437999723945
1,1438,28594.267690759334,28594.268016872,28594.268054576,28594.277392562,28594.277440488,28594.283459169,0.326112665788969,0.03770400144276209,0.3638166672317311,9.337985997262876,0.047926001570886,6.018681000568904,15.768409666634398
1,1439,28594.301024092667,28594.30133274,28594.301369036,28594.310648745,28594.310696857,28594.316751168,0.3086473334406037,0.03629599814303219,0.3449433315836359,9.279709000111325,0.04811200051335618,6.0543110012076795,15.727075333415996
1,1440,28594.334357426,28594.334670294,28594.334970647,28594.345322176,28594.351599515,28594.357604992,0.31286800003726967,0.3003530000569299,0.6132210000941996,10.351528999308357,6.277339001826476,6.00547700014431,23.247566001373343
1,1441,28594.367690759333,28594.36801541,28594.368294838,28594.378556607,28594.378665117,28594.384886679,0.32465066760778427,0.27942800079472363,0.6040786684025079,10.261768999043852,0.10851000115508214,6.221561998245306,17.19591966684675
1,1442,28594.401024092665,28594.40111086,28594.401135906,28594.410457087,28594.410506253,28594.416541324,0.08676733341417275,0.02504599979147315,0.1118133332056459,9.321181001723744,0.0491659993713256,6.035071000951575,15.51723133525229
1,1443,28594.434357426,28594.434663052,28594.434958295,28594.445369148,28594.451408783,28594.457354223,0.30562600295525044,0.2952430004370399,0.6008690033922903,10.410852999484632,6.039634998160182,5.945439999777591,22.996797000814695
1,1444,28594.467690759335,28594.467991679,28594.468275579,28594.478491588,28594.48401722,28594.489986781,0.3009196661878377,0.28390000079525635,0.5848196669830941,10.216008999123005,5.52563199744327,5.969561003439594,22.296021666988963
1,1445,28594.501024092668,28594.501330981,28594.501368463,28594.510674125,28594.510723782,28594.516843751,0.30688833066960797,0.037482001062016934,0.3443703317316249,9.30566199895111,0.04965700281900354,6.119968998973491,15.819658332475228
1,1446,28594.534357426,28594.534665256,28594.534940007,28594.545327036,28594.551429468,28594.557212194,0.3078299996559508,0.2747510006884113,0.5825810003443621,10.38702900041244,6.102431998442626,5.782725998869864,22.854767998069292
1,1447,28594.567690759333,28594.567792039,28594.568083614,28594.578412477,28594.584570057,28594.590370348,0.10127966743311845,0.29157500102883205,0.3928546684619505,10.328862997994293,6.157579999126028,5.8002910009236075,22.67958866650588
1,1448,28594.601024092666,28594.601325233,28594.601362696,28594.610684636,28594.610733099,28594.616804364,0.3011403350683395,0.037462999898707494,0.338603334967047,9.321940000518225,0.048462999984622,6.071264997444814,15.780271332914708
1,1449,28594.634357426,28594.634663351,28594.634951149,28594.645329974,28594.651513388,28594.657374457,0.3059250011574477,0.28779800049960613,0.5937230016570538,10.378824998042546,6.183413999679033,5.861069003003649,23.017031002382282
1,1450,28594.667690759332,28594.667847645,28594.667886339,28594.67738504,28594.677434772,28594.686563535,0.1568856678204611,0.03869400097755715,0.19557966879801825,9.498700997937704,0.04973199975211173,9.128763002081541,18.872775668569375
1,1451,28594.701024092665,28594.701129069,28594.70115144,28594.710418175,28594.710463546,28594.717083592,0.10497633411432616,0.022371001250576228,0.1273473353649024,9.266734999982873,0.04537099812296219,6.620046002353774,16.059499335824512
1,1452,28594.734357426,28594.734448863,28594.734729494,28594.745003375,28594.745125172,28594.7512694,0.09143699935520999,0.2806310003506951,0.3720679997059051,10.273880998283857,0.12179700206615962,6.1442279984476045,16.911973998503527
1,1453,28594.767690759334,28594.767797361,28594.76851081,28594.777947223,28594.783294235,28594.789105173,0.10660166663001291,0.7134490006137639,0.8200506672437768,9.436412998184096,5.347012000129325,5.810938000649912,21.41441366620711
1,1454,28594.801024092667,28594.801110878,28594.801135174,28594.810459143,28594.810508588,28594.816643223,0.08678533413331024,0.02429599771858193,0.11108133185189217,9.323968999524368,0.049445003241999075,6.134634997579269,15.619130332197528
1,1455,28594.834357426,28594.834442265,28594.834711027,28594.844973129,28594.845028333,28594.85112758,0.08483900091960095,0.2687619999051094,0.35360100082471035,10.26210199779598,0.055204000091180205,6.099247002566699,16.77015400127857
1,1456,28594.867690759333,28594.867775356,28594.868079755,28594.87842159,28594.88471444,28594.890588398,0.08459666787530296,0.3043990000151098,0.38899566789041273,10.34183500087238,6.292849997407757,5.8739580017572735,22.897638667927822
1,1457,28594.901024092665,28594.901107854,28594.901132179,28594.910472109,28594.910516499,28594.916616282,0.08376133337151259,0.024324999685632065,0.10808633305714466,9.33993000217015,0.044389998947735876,6.099783000536263,15.592189334711293
1,1458,28594.934357426,28594.934438316,28594.934459982,28594.943760765,28594.943807052,28594.949842946,0.08089000039035454,0.021666000975528732,0.10255600136588328,9.300783000071533,0.04628700116882101,6.035893999069231,15.485520001675468
1,1459,28594.967690759335,28594.967774203,28594.968060973,28594.97830901,28594.978436956,28594.984642925,0.08344366506207734,0.2867699986381922,0.37021366370026954,10.248037000565091,0.1279460011573974,6.205968998983735,16.952165664406493
1,1460,28595.001024092668,28595.001103711,28595.001130831,28595.010477817,28595.010528068,28595.016789704,0.07961833398439921,0.027119996957480907,0.10673833094188012,9.346986000309698,0.05025100108468905,6.261636000999715,15.765611333335983
1,1461,28595.034357426,28595.034442709,28595.034715756,28595.045053443,28595.051441867,28595.057404428,0.08528299804311246,0.273047000519,0.35832999856211245,10.337686999264406,6.388424000761006,5.962561001069844,23.04700199965737
1,1462,28595.067690759333,28595.067773336,28595.06805406,28595.078285949,28595.083760201,28595.090103532,0.08257666559075005,0.2807240016409196,0.36330066723166965,10.231888998532668,5.474252000567503,6.343330998788588,22.41277266512043
1,1463,28595.101024092666,28595.101103814,28595.101127749,28595.110446329,28595.11049857,28595.116849679,0.0797213324403856,0.02393500108155422,0.10365633352193981,9.318579999671783,0.05224100095801987,6.351109001116129,15.825586335267872
1,1464,28595.134357426,28595.134441988,28595.134715748,28595.145127675,28595.151478192,28595.157864884,0.08456200157525018,0.2737600007094443,0.35832200228469446,10.411926999950083,6.350517000100808,6.3866919990687165,23.507458001404302
1,1465,28595.167690759332,28595.167773623,28595.168063449,28595.178373495,28595.184948383,28595.191055,0.08286366937682033,0.289825999061577,0.37268966843839735,10.310046000086004,6.57488800061401,6.106616998295067,23.364240667433478
1,1466,28595.201024092665,28595.201104305,28595.20112662,28595.210452448,28595.210500764,28595.21676315,0.08021233588806354,0.022314998204819858,0.1025273340928834,9.325827999418834,0.04831600017496385,6.262386003072606,15.739057336759288
1,1467,28595.234357426,28595.234440246,28595.234704868,28595.244989313,28595.245111426,28595.251441396,0.08281999907922,0.26462199821253307,0.34744199729175307,10.284445001161657,0.12211300054332241,6.329970001388574,17.083970000385307
1,1468,28595.267690759334,28595.267774595,28595.268073301,28595.278401588,28595.284787234,28595.290935925,0.08383566455449909,0.2987059997394681,0.3825416642939672,10.328287000447745,6.385646000126144,6.148691001726547,23.245165666594403
1,1469,28595.301024092667,28595.3011075,28595.30113099,28595.310484726,28595.31053257,28595.316861446,0.08340733256773092,0.023489999875891954,0.10689733244362287,9.353736000775825,0.047844001528574154,6.328875999315642,15.837353334063664
1,1470,28595.334357426,28595.334439571,28595.334750452,28595.345012537,28595.34512187,28595.351575601,0.08214500121539459,0.3108809978584759,0.3930259990738705,10.262085001158994,0.10933299927273765,6.453730999055551,17.218174998561153
1,1471,28595.367690759333,28595.367771033,28595.368065098,28595.37832298,28595.384842488,28595.391042272,0.0802736685727723,0.29406499743345194,0.37433866600622423,10.257882000587415,6.5195080023841,6.1997839984542225,23.35151266743196
1,1472,28595.401024092665,28595.401103975,28595.401126114,28595.410423443,28595.410465415,28595.416867395,0.07988233483047225,0.022139000066090375,0.10202133489656262,9.297329001128674,0.04197199814370833,6.4019800011010375,15.843302335269982
1,1473,28595.434357426,28595.434595529,28595.43486655,28595.445175041,28595.445230329,28595.451689225,0.23810300262994133,0.2710209992073942,0.5091240018373355,10.308491000614595,0.05528800102183595,6.458895997639047,17.331799001112813
1,1474,28595.467690759335,28595.46777298,28595.468055797,28595.478436789,28595.484950122,28595.491070099,0.08222066389862448,0.2828169999702368,0.3650376638688613,10.380992000136757,6.513333002658328,6.1199769988888875,23.379339665552834
1,1475,28595.501024092668,28595.501104534,28595.50112684,28595.510459957,28595.510503957,28595.516756852,0.08044133210205473,0.02230600148322992,0.10274733358528465,9.333116999187041,0.04400000034365803,6.2528950002160855,15.73275933333207
1,1476,28595.534357426,28595.534575265,28595.534850452,28595.545306481,28595.551827406,28595.558027237,0.217838998651132,0.2751870015345048,0.4930260001856368,10.456028998305555,6.52092500240542,6.199830997502431,23.669810998399043
1,1477,28595.567690759333,28595.567797679,28595.56808106,28595.57827557,28595.578394487,28595.584780818,0.10691966599551961,0.28338099946267903,0.39030066545819864,10.194509999564616,0.11891700341948308,6.38633099879371,17.090058667236008
1,1478,28595.601024092666,28595.601113335,28595.601148955,28595.610471978,28595.61051559,28595.616925144,0.08924233407014981,0.03561999983503483,0.12486233390518464,9.323023001343245,0.04361199898994528,6.409554000128992,15.901051334367367
1,1479,28595.634357426,28595.634444657,28595.634715695,28595.644967993,28595.645021965,28595.651393297,0.0872310010890942,0.27103799948235974,0.35826900057145394,10.252298001432791,0.0539719985681586,6.371332001435803,17.035871002008207
1,1480,28595.667690759332,28595.667769053,28595.668054787,28595.678298315,28595.68838763,28595.694500942,0.07829366950318217,0.28573399686138146,0.36402766636456363,10.24352800232009,10.08931500109611,6.113311999797588,26.810182669578353
1,1481,28595.701024092665,28595.7011032,28595.701130811,28595.71051651,28595.710565187,28595.717411066,0.0791073362051975,0.027611000405158848,0.10671833661035635,9.385698998812586,0.048677000449970365,6.845879001048161,16.386973336921073
1,1482,28595.734357426,28595.734435085,28595.7344549,28595.743736868,28595.743781025,28595.750162606,0.07765899863443337,0.019815000996459275,0.09747399963089265,9.28196799941361,0.04415700095705688,6.381580999004655,15.805179999006214
1,1483,28595.767690759334,28595.767767646,28595.767786165,28595.777164133,28595.777207051,28595.78350452,0.07688666664762422,0.01851900015026331,0.09540566679788753,9.377967999171233,0.04291799996281043,6.297469000855926,15.813760666787857
1,1484,28595.801024092667,28595.801327775,28595.801384182,28595.810668307,28595.810713001,28595.816900045,0.30368233274202794,0.05640699964715168,0.3600893323891796,9.28412500070408,0.04469399937079288,6.1870440003986005,15.875952332862653
1,1485,28595.834357426,28595.834663772,28595.834941125,28595.84519943,28595.84525607,28595.851614151,0.30634599897894077,0.2773529995465651,0.5836989985255059,10.25830500293523,0.056639997637830675,6.358081001963001,17.256725001061568
1,1486,28595.867690759333,28595.867776933,28595.868060056,28595.878388667,28595.884892221,28595.891025996,0.08617366620455869,0.2831230012816377,0.3692966674861964,10.328610998840304,6.5035540028475225,6.133774997579167,23.33523666675319
1,1487,28595.901024092665,28595.901324403,28595.901360459,28595.910697001,28595.910748872,28595.91713436,0.3003103338414803,0.03605600068112835,0.33636633452260867,9.33654199980083,0.051871000323444605,6.385487999068573,16.110267333715456
1,1488,28595.934357426,28595.934656187,28595.934936541,28595.945337478,28595.951745541,28595.957966195,0.2987610023410525,0.28035400100634433,0.5791150033473969,10.40093699702993,6.408062999980757,6.220654002390802,23.608769002748886
1,1489,28595.967690759335,28595.967992074,28595.968265613,28595.978551466,28595.985198947,28595.991236443,0.3013146670127753,0.27353899713489227,0.5748536641476676,10.285853000823408,6.647481000982225,6.037495997588849,23.54568366354215
1,1490,28596.001024092668,28596.00111172,28596.001134331,28596.010340177,28596.010387965,28596.016104654,0.0876273334142752,0.022610998712480068,0.11023833212675527,9.205845999531448,0.04778800212079659,5.716689000109909,15.080561333888909
1,1491,28596.034357426,28596.034655201,28596.034943831,28596.04512862,28596.050798151,28596.056173773,0.29777500094496645,0.2886299989768304,0.5864049999217968,10.184789000049932,5.669531001331052,5.375621996790869,21.81634699809365
1,1492,28596.067690759333,28596.067970041,28596.068229431,28596.07835808,28596.084015296,28596.089533623,0.2792816667351872,0.25938999897334725,0.5386716657085344,10.12864900258137,5.657215999235632,5.5183269978442695,21.842863665369805
1,1493,28596.101024092666,28596.101307243,28596.101342956,28596.110546544,28596.110590359,28596.116206102,0.2831503334164154,0.035713001125259325,0.3188633345416747,9.203588000673335,0.043814998207380995,5.6157430008170195,15.18200933423941
1,1494,28596.134357426,28596.134648038,28596.134918428,28596.145133966,28596.150743506,28596.156148545,0.2906120025727432,0.27038999905926175,0.561002001632005,10.215538000920787,5.609539999568369,5.4050389990152325,21.791119001136394
1,1495,28596.167690759332,28596.167976711,28596.168611678,28596.177941081,28596.182776155,28596.18826575,0.2859516680473462,0.6349670002236962,0.9209186682710424,9.329403001174796,4.8350739998568315,5.489594997925451,20.57499066722812
1,1496,28596.201024092665,28596.20111333,28596.201135524,28596.210338501,28596.210383167,28596.216087283,0.08923733548726887,0.022193999029695988,0.11143133451696485,9.202977002132684,0.044665997847914696,5.704115999833448,15.063190334331011
1,1497,28596.234357426,28596.234644412,28596.234920293,28596.245102099,28596.250934632,28596.256383912,0.28698599999188446,0.27588100056163967,0.5628670005535241,10.18180599930929,5.832532999193063,5.449280000902945,22.026485999958823
1,1498,28596.267690759334,28596.26799054,28596.268281329,28596.278374717,28596.284156953,28596.289673076,0.2997806659550406,0.29078900115564466,0.5905696671106853,10.093387998495018,5.782235999504337,5.516123001143569,21.98231666625361
1,1499,28596.301024092667,28596.301318279,28596.301354871,28596.310547459,28596.310593617,28596.316284805,0.29418633130262606,0.03659200228867121,0.33077833359129727,9.19258800058742,0.046157998440321535,5.691188001947012,15.260712334566051
1,1500,28596.334357426,28596.334669397,28596.334950334,28596.345128112,28596.350909338,28596.356496527,0.3119710017926991,0.2809369980241172,0.5929079998168163,10.177778000070248,5.781226002000039,5.587188999925274,22.139101001812378
1,1501,28596.367690759333,28596.367992322,28596.368275842,28596.378394897,28596.384119448,28596.389541625,0.30156266802805476,0.2835199993569404,0.5850826673849951,10.119055001268862,5.724550999730127,5.422177000582451,21.850865668966435
1,1502,28596.401024092665,28596.401110541,28596.401132698,28596.410315739,28596.410359249,28596.416120836,0.08644833360449411,0.022157000785227865,0.10860533438972197,9.1830410019611,0.04350999734015204,5.76158699914231,15.096743332833285
1,1503,28596.434357426,28596.434654031,28596.434938116,28596.44516406,28596.450857926,28596.456395539,0.2966050014947541,0.2840849992935546,0.5806900007883087,10.225943999103038,5.693866001820425,5.53761300034239,22.03811300205416
1,1504,28596.467690759335,28596.467996315,28596.468287307,28596.478387751,28596.484224736,28596.489665516,0.30555566627299413,0.2909920003730804,0.5965476666460745,10.100444000272546,5.836984997586114,5.44078000166337,21.974756666168105
1,1505,28596.501024092668,28596.5013202,28596.501373794,28596.51057676,28596.51062151,28596.516374042,0.2961073332699016,0.05359399801818654,0.3497013312880881,9.202966000884771,0.04474999877857044,5.752532000769861,15.349949331721291
1,1506,28596.534357426,28596.534678439,28596.534975403,28596.545165625,28596.551037546,28596.556641734,0.32101299802889116,0.2969640008814167,0.6179769989103079,10.190222001256188,5.871920999197755,5.6041880015982315,22.284308000962483
1,1507,28596.567690759333,28596.567790851,28596.568070408,28596.578021277,28596.583408742,28596.589002569,0.10009166726376861,0.2795569998852443,0.3796486671490129,9.950869000022067,5.387465000239899,5.593826997937867,21.311809665348846
1,1508,28596.601024092666,28596.601343756,28596.601409377,28596.611111976,28596.616470468,28596.622090934,0.3196633333573118,0.06562099952134304,0.3852843328786548,9.702598999865586,5.358492002415005,5.620465999527369,21.066841334686615
1,1509,28596.634357426,28596.634662105,28596.634947958,28596.645148624,28596.65093598,28596.656557752,0.3046790006919764,0.28585299878614023,0.5905319994781166,10.200666001765057,5.787355999927968,5.621772001177305,22.200326002348447
1,1510,28596.667690759332,28596.667954999,28596.668222288,28596.678358186,28596.687319726,28596.695803504,0.2642396684677806,0.267289000476012,0.5315286689437926,10.135897999134613,8.961539999290835,8.483778001391329,28.11274466876057
1,1511,28596.701024092665,28596.701161542,28596.701424256,28596.711517312,28596.717388808,28596.722985848,0.13744933676207438,0.2627139983815141,0.4001633351435885,10.093056000187062,5.871495999599574,5.597039998974651,21.961755333904875
1,1512,28596.734357426,28596.734442439,28596.735072812,28596.744435465,28596.749588115,28596.755242081,0.08501299816998653,0.6303730006038677,0.7153859987738542,9.362652999698184,5.152649999217829,5.65396599995438,20.884654997644247
1,1513,28596.767690759334,28596.767771131,28596.768031086,28596.77809928,28596.784107915,28596.789720113,0.08037166480789892,0.25995500254794024,0.34032666735583916,10.068193998449715,6.00863499857951,5.612198001472279,22.029353665857343
1,1514,28596.801024092667,28596.801320926,28596.80160791,28596.811697196,28596.818700254,28596.824458017,0.2968333319586236,0.28698400274151936,0.583817334700143,10.08928599912906,7.003057999099838,5.757762999564875,23.433924332493916
1,1515,28596.834357426,28596.834645128,28596.834843527,28596.844752517,28596.850158251,28596.855828032,0.2877020015148446,0.19839900051010773,0.4861010020249523,9.908989999530604,5.405733998486539,5.669780999596696,21.470605999638792
1,1516,28596.867690759333,28596.867779172,28596.868224629,28596.878064646,28596.88339974,28596.889154224,0.0884126675373409,0.4454570007510483,0.5338696682883892,9.840016999078216,5.335093999747187,5.754484001954552,21.463464669068344
1,1517,28596.901024092665,28596.901322449,28596.901587997,28596.911650395,28596.91767728,28596.923251069,0.2983563354064245,0.2655479984241538,0.5639043338305783,10.062397999718087,6.026884999300819,5.573789003392449,22.226976336241933
1,1518,28596.934357426,28596.93464616,28596.934913485,28596.945093643,28596.951015788,28596.956674865,0.28873400151496753,0.267325001914287,0.5560590034292545,10.180157998547656,5.922144999203738,5.659077000018442,22.31743900119909
1,1519,28596.967690759335,28596.96797551,28596.968230391,28596.978325409,28596.984303322,28596.989964223,0.2847506657417398,0.2548810007283464,0.5396316664700862,10.095017998537514,5.97791299878736,5.660901002556784,22.273463666351745
1,1520,28597.001024092668,28597.00131235,28597.001580241,28597.011700037,28597.017605589,28597.023226657,0.28825733170378953,0.2678910022950731,0.5561483339988627,10.119795999344205,5.905551999603631,5.621067997708451,22.20256433065515
1,1521,28597.034357426,28597.034649322,28597.034940925,28597.045159083,28597.051166477,28597.056804369,0.2918959980888758,0.29160300255171023,0.583499000640586,10.218158000498079,6.007393996696919,5.637892001686851,22.446942999522435
1,1522,28597.067690759333,28597.067994579,28597.068292201,28597.078426164,28597.08448378,28597.090226505,0.30381966644199565,0.2976219984702766,0.6014416649122722,10.133963001862867,6.057615999452537,5.742724999436177,22.535745665663853
1,1523,28597.101024092666,28597.101111074,28597.101368262,28597.111443002,28597.11760573,28597.123408853,0.08698133387952112,0.25718799952301197,0.3441693334025331,10.074739999254234,6.162728001072537,5.803123000077903,22.384760333807208
1,1524,28597.134357426,28597.134665378,28597.134937278,28597.145093435,28597.151308589,28597.157117574,0.30795199927524664,0.2719000003708061,0.5798519996460527,10.156157000892563,6.215154000528855,5.80898499902105,22.76014800008852
1,1525,28597.167690759332,28597.167977301,28597.168242422,28597.178354922,28597.184624993,28597.190429321,0.2865416681743227,0.2651210015756078,0.5516626697499305,10.112500000104774,6.270070996833965,5.804328000522219,22.738561667210888
1,1526,28597.201024092665,28597.20132189,28597.201600836,28597.211729447,28597.21789862,28597.223689818,0.2977973344968632,0.27894600134459324,0.5767433358414564,10.12861100025475,6.169173000671435,5.79119800022454,22.665725336992182
1,1527,28597.234357426,28597.234625415,28597.234916703,28597.245126916,28597.251422312,28597.25724727,0.26798899853019975,0.2912880008807406,0.5592769994109403,10.210213000391377,6.295396000496112,5.824957999720937,22.889844000019366
1,1528,28597.267690759334,28597.267773985,28597.268050671,28597.27815855,28597.284538187,28597.290512701,0.08322566645801999,0.2766859979601577,0.3599116644181777,10.107879003044218,6.379636997735361,5.974514002446085,22.82194166764384
1,1529,28597.301024092667,28597.301313315,28597.301598327,28597.311726512,28597.317970749,28597.323920226,0.28922233468620107,0.28501199994934723,0.5742343346355483,10.128185000212397,6.2442369999189395,5.949476999376202,22.896133334143087
1,1530,28597.334357426,28597.334657878,28597.334941583,28597.345079657,28597.35138172,28597.357369753,0.3004520003742073,0.2837050014932174,0.5841570018674247,10.138073997950414,6.302063000475755,5.98803300090367,23.012327001197264
1,1531,28597.367690759333,28597.367992654,28597.368284008,28597.378374776,28597.384698978,28597.390650787,0.30189466633601114,0.29135400109225884,0.59324866742827,10.090767998917727,6.324202000541845,5.951809001999209,22.96002766888705
1,1532,28597.401024092665,28597.401331263,28597.401620237,28597.411736561,28597.418061133,28597.424020619,0.3071703358727973,0.28897399897687137,0.5961443348496687,10.116323999682209,6.324572001176421,5.9594859994831495,22.996526335191447
1,1533,28597.434357426,28597.434660206,28597.434955467,28597.445161912,28597.451381798,28597.457443165,0.3027800012205262,0.29526100115617737,0.5980410023767035,10.20644500022172,6.219885999598773,6.061366999347229,23.085739001544425
1,1534,28597.467690759335,28597.467992973,28597.468275946,28597.478374215,28597.484705639,28597.490747098,0.3022136661456898,0.2829730001394637,0.5851866662851535,10.098268998262938,6.331423999654362,6.041459000698524,23.056338664900977
1,1535,28597.501024092668,28597.501109785,28597.501369054,28597.511432591,28597.517832413,28597.523748141,0.08569233250455,0.2592689997982234,0.34496133230277337,10.063536999950884,6.399821999366395,5.915728001127718,22.72404833274777
1,1536,28597.534357426,28597.534643728,28597.534904239,28597.542200112,28597.542251964,28597.548502887,0.2863019981305115,0.2605110021249857,0.5468130002554972,7.295872997929109,0.05185200279811397,6.250922997423913,14.145460998406634
1,1537,28597.567690759333,28597.567788327,28597.568064079,28597.578171588,28597.584538558,28597.590512193,0.09756766667123884,0.275752001471119,0.37331966814235784,10.107508998771664,6.366969999362482,5.973635001282673,22.821433667559177
1,1538,28597.601024092666,28597.60132365,28597.601615013,28597.611678791,28597.618016965,28597.624071081,0.29955733407405205,0.2913630014518276,0.5909203355258796,10.06377799785696,6.338174000120489,6.054116001905641,23.04698833540897
1,1539,28597.634357426,28597.634652695,28597.634923974,28597.645165937,28597.65150638,28597.657544997,0.29526900107157417,0.27127900102641433,0.5665480020979885,10.241962998406962,6.340443000226514,6.038617000740487,23.18757100147195
1,1540,28597.667690759332,28597.667821572,28597.668101602,28597.678269509,28597.688260879,28597.698206712,0.13081266661174595,0.28003000261378475,0.4108426692255307,10.16790699941339,9.991369999625022,9.945833000529092,30.515952668793034
1,1541,28597.701024092665,28597.701148116,28597.701181366,28597.710352009,28597.710396408,28597.71631694,0.12402333595673554,0.03324999852338806,0.1572733344801236,9.170642999379197,0.04439900294528343,5.920531999436207,15.292847336240811
1,1542,28597.734357426,28597.734444615,28597.734714264,28597.744885209,28597.750576592,28597.755827232,0.08718899698578753,0.2696490009839181,0.3568379979697056,10.170944999117637,5.691383001249051,5.250639998848783,21.469805997185176
1,1543,28597.767690759334,28597.767983493,28597.768272198,28597.778394403,28597.783945646,28597.789277582,0.2927336645370815,0.2887050031858962,0.5814386677229777,10.122204999788664,5.551242997171357,5.331936001311988,21.586822665994987
1,1544,28597.801024092667,28597.801343584,28597.801633715,28597.811744502,28597.817479719,28597.822789507,0.3194913333572913,0.290130999928806,0.6096223332860973,10.110786999575794,5.735217000619741,5.3097880008863285,21.76541433436796
1,1545,28597.834357426,28597.834651748,28597.834920537,28597.845109527,28597.850698428,28597.855981392,0.2943219988083001,0.26878900098381564,0.5631109997921158,10.188989999733167,5.5889010000100825,5.282964000798529,21.623966000333894
1,1546,28597.867690759333,28597.867975624,28597.868014523,28597.877225194,28597.877269749,28597.882878799,0.2848646690836176,0.03889899744535796,0.3237636665289756,9.21067099989159,0.04455499947653152,5.609050000202842,15.18803966609994
1,1547,28597.901024092665,28597.901111556,28597.901365047,28597.911296908,28597.916464241,28597.921749853,0.0874633333296515,0.2534910017857328,0.3409543351153843,9.931861000950448,5.167332998098573,5.2856120018986985,20.725760336063104
1,1548,28597.934357426,28597.934652461,28597.934942212,28597.945107471,28597.95074115,28597.956105486,0.2950350026367232,0.28975099849049,0.5847860011272132,10.165259001951199,5.633679000311531,5.364335997001035,21.74806000039098
1,1549,28597.967690759335,28597.96781942,28597.96847296,28597.97779714,28597.982767733,28597.988021706,0.12866066390415654,0.653540002531372,0.7822006664355285,9.3241799986572,4.970592999598011,5.253973002254497,20.330946666945238
1,1550,28598.001024092668,28598.001320778,28598.001602447,28598.011710159,28598.017401829,28598.022717118,0.2966853317047935,0.28166899937787093,0.5783543310826644,10.107712001627078,5.691670001397142,5.315288999554468,21.693025333661353
1,1551,28598.034357426,28598.034658016,28598.034948527,28598.04515887,28598.050815715,28598.056092318,0.3005899998242967,0.29051100136712193,0.5911010011914186,10.21034299992607,5.656844998156885,5.276602998492308,21.73489199776668
1,1552,28598.067690759333,28598.067985772,28598.06827444,28598.078289514,28598.083340495,28598.088704349,0.2950126654468477,0.2886680013034493,0.583680666750297,10.015073999966262,5.050980998930754,5.363854001188884,21.013589666836197
1,1553,28598.101024092666,28598.101339715,28598.101634985,28598.111572846,28598.116656271,28598.121939106,0.31562233561999165,0.2952699978777673,0.610892333497759,9.937860999343684,5.083424999611452,5.282835001708008,20.915013334160903
1,1554,28598.134357426,28598.134443897,28598.134700648,28598.144875501,28598.150455661,28598.155842783,0.0864710018504411,0.2567509982327465,0.3432220000831876,10.174852999625728,5.580160002864432,5.3871219970460515,21.4853569996194
1,1555,28598.167690759332,28598.167984665,28598.168274221,28598.178388268,28598.184161171,28598.189554255,0.29390566851361655,0.2895559991884511,0.5834616677020676,10.114046999660786,5.772903001343366,5.393084000388626,21.863495669094846
1,1556,28598.201024092665,28598.201342422,28598.201635498,28598.21178147,28598.217256815,28598.22270091,0.31832933382247575,0.29307600198080763,0.6114053358032834,10.145971999008907,5.4753450021962635,5.444094997073989,21.676817334082443
1,1557,28598.234357426,28598.234658077,28598.234944616,28598.245438786,28598.251430151,28598.257091904,0.3006509978149552,0.2865390015358571,0.5871899993508123,10.494170001038583,5.991364996589255,5.66175300264149,22.73447799962014
1,1558,28598.267690759334,28598.26799277,28598.268279513,28598.278527291,28598.284519695,28598.290202846,0.30201066692825407,0.28674299755948596,0.58875366448774,10.247778001939878,5.992403999698581,5.683151000994258,22.512086667120457
1,1559,28598.301024092667,28598.301330231,28598.301617409,28598.311856012,28598.318047379,28598.323726429,0.30613833223469555,0.28717800159938633,0.5933163338340819,10.23860299756052,6.19136700333911,5.679049998434493,22.702336333168205
1,1560,28598.334357426,28598.334466543,28598.334736007,28598.344992378,28598.345099555,28598.351160274,0.1091170015570242,0.26946399884764105,0.37858100040466525,10.256370998831699,0.10717700206441805,6.060718998924131,16.802848000224913
1,1561,28598.367690759333,28598.36799082,28598.368282673,28598.378522785,28598.384770246,28598.39062851,0.3000606666319072,0.29185300081735477,0.591913667449262,10.240111998427892,6.247461002203636,5.858263997652102,22.937750665732892
1,1562,28598.401024092665,28598.401314679,28598.401350865,28598.410667648,28598.410718296,28598.416809061,0.2905863329942804,0.03618600021582097,0.32677233321010135,9.316783001850126,0.05064799915999174,6.0907650004082825,15.784968334628502
1,1563,28598.434357426,28598.434667058,28598.434960976,28598.445182819,28598.445300746,28598.45140213,0.30963200333644636,0.2939179976237938,0.6035500009602401,10.221843000181252,0.11792700024670921,6.101383998611709,17.04470399999991
1,1564,28598.467690759335,28598.46798335,28598.46867829,28598.478091749,28598.483574316,28598.489619293,0.29259066650411114,0.6949399976292625,0.9875306641333736,9.413458999915747,5.48256700130878,6.044976998964557,21.928533664322458
1,1565,28598.501024092668,28598.501340273,28598.501608414,28598.511780692,28598.517971013,28598.523810563,0.3161803324474022,0.26814100056071766,0.5843213330081198,10.172277998208301,6.1903210007585585,5.839550001837779,22.78647033381276
1,1566,28598.534357426,28598.534442704,28598.534701548,28598.54500879,28598.551141443,28598.556952512,0.08527799946023151,0.2588440002000425,0.344121999660274,10.307241998816608,6.132653001259314,5.811069000628777,22.595086000364972
1,1567,28598.567690759333,28598.567782405,28598.568064415,28598.578306453,28598.584488625,28598.590330666,0.09164566654362716,0.28201000168337487,0.373655668227002,10.242037998978049,6.182172000990249,5.842040998686571,22.63990666688187
1,1568,28598.601024092666,28598.601328616,28598.601364996,28598.610608323,28598.610658,28598.616772894,0.30452333521679975,0.03637999907368794,0.3409033342904877,9.243327000149293,0.04967700078850612,6.114894000347704,15.74880133557599
1,1569,28598.634357426,28598.634653936,28598.634927892,28598.645204475,28598.651281435,28598.657249735,0.2965099993161857,0.27395600045565516,0.5704659997718409,10.27658300154144,6.0769599986088,5.968299999949522,22.892308999871602
1,1570,28598.667690759332,28598.667842793,28598.668050155,28598.678391499,28598.686948249,28598.693465304,0.15203366638161242,0.2073620016744826,0.359395668056095,10.34134400106268,8.55674999911571,6.5170550005859695,25.774544668820454
1,1571,28598.701024092665,28598.701152466,28598.701424606,28598.711624014,28598.718041939,28598.724108833,0.12837333633797243,0.2721399978327099,0.40051333417068236,10.199407999607502,6.417925000278046,6.0668940022878814,23.08474033634411
1,1572,28598.734357426,28598.734445677,28598.734730179,28598.745085291,28598.751145964,28598.757319766,0.08825099939713255,0.28450199897633865,0.3727529983734712,10.355112000979716,6.060673000320094,6.173801997647388,22.96233999732067
1,1573,28598.767690759334,28598.767986556,28598.768040612,28598.777365246,28598.777412738,28598.78383094,0.29579666443169117,0.05405600313679315,0.3498526675684843,9.324633996584453,0.04749200161313638,6.418201999622397,16.14018066538847
1,1574,28598.801024092667,28598.801128183,28598.801395305,28598.811719223,28598.818273518,28598.824384653,0.10409033347968943,0.26712199905887246,0.3712123325385619,10.323917998903198,6.554295003297739,6.1111349968996365,23.360560331639135
1,1575,28598.834357426,28598.834652248,28598.834929897,28598.845303315,28598.851772702,28598.85806807,0.294821998977568,0.2776490000542253,0.5724709990317933,10.373418001108803,6.469387000834104,6.295367998973234,23.710643999947933
1,1576,28598.867690759333,28598.867984847,28598.868255247,28598.878547081,28598.884968699,28598.891224012,0.2940876656793989,0.27040000350098126,0.5644876691803802,10.291833998053335,6.4216179998766165,6.255313001020113,23.533252668130444
1,1577,28598.901024092665,28598.901335039,28598.901373928,28598.91068347,28598.910732592,28598.917065681,0.31094633595785126,0.038889000279596075,0.34983533623744734,9.309541997936321,0.04912200165563263,6.3330889970529824,16.041588332882384
1,1578,28598.934357426,28598.934662103,28598.934697973,28598.944125766,28598.944174062,28598.950533042,0.3046770034416113,0.03586999810067937,0.3405470015422907,9.427793000213569,0.04829599856748246,6.358980001095915,16.175616001419257
1,1579,28598.967690759335,28598.967994379,28598.968269324,28598.978506565,28598.978616715,28598.985024926,0.303619664919097,0.27494499954627827,0.5785646644653752,10.237241000140784,0.11015000200131908,6.408211000234587,17.334166666842066
1,1580,28599.001024092668,28599.001110625,28599.001376553,28599.011650026,28599.018293609,28599.024506819,0.08653233089717105,0.26592799986246973,0.3524603307596408,10.273473002598621,6.643582997639896,6.21321000289754,23.482726333895698
1,1581,28599.034357426,28599.034659411,28599.034955145,28599.045128108,28599.050943502,28599.057083897,0.30198500098777004,0.295734000246739,0.597719001234509,10.172962996875867,5.815394000819651,6.14039500214858,22.726471001078608
1,1582,28599.067690759333,28599.067995883,28599.068281606,28599.078579839,28599.085078411,28599.091197797,0.3051236672035884,0.2857229992514476,0.590846666455036,10.298232999048196,6.498572001873981,6.119385998317739,23.507037665694952
1,1583,28599.101024092666,28599.10132463,28599.101606003,28599.111882114,28599.118392863,28599.124436702,0.3005373328051064,0.28137300250818953,0.581910335313296,10.276110999257071,6.510749000881333,6.043838999175932,23.412609334627632
1,1584,28599.134357426,28599.134654832,28599.134931455,28599.145266492,28599.151859815,28599.158084073,0.29740600075456314,0.2766229990811553,0.5740289998357184,10.335037000913871,6.593322999833617,6.224257998837857,23.726646999421064
1,1585,28599.167690759332,28599.167991108,28599.168266887,28599.178604574,28599.185057229,28599.191220171,0.30034866722417064,0.27577900254982524,0.5761276697739959,10.337686999264406,6.452654997701757,6.1629420015378855,23.529411668278044
1,1586,28599.201024092665,28599.201110096,28599.201376995,28599.211677569,28599.218174976,28599.224337389,0.08600333603681065,0.26689899823395535,0.352902334270766,10.300574002030771,6.497406997368671,6.162413003039546,23.313296336709755
1,1587,28599.234357426,28599.234659408,28599.234954206,28599.245097521,28599.25100022,28599.257064771,0.3019819996552542,0.2947979992313776,0.5967799988866318,10.143315001187148,5.902698998397682,6.064551002054941,22.707345000526402
1,1588,28599.267690759334,28599.268019423,28599.26831049,28599.278611121,28599.285134896,28599.291174633,0.32866366746020503,0.29106699730618857,0.6197306647663936,10.30063100188272,6.523774998640874,6.039736999809975,23.483873665099964
1,1589,28599.301024092667,28599.301339328,28599.301640015,28599.311974774,28599.318318846,28599.324441648,0.31523533471045084,0.30068699925323017,0.615922333963681,10.33475899748737,6.34407200050191,6.122802002209937,23.4175553341629
1,1590,28599.334357426,28599.334666741,28599.334964521,28599.345386161,28599.351893001,28599.358153786,0.3093150007771328,0.2977799995278474,0.6070950003049802,10.42163999954937,6.5068399999290705,6.2607850013591815,23.796360001142602
1,1591,28599.367690759333,28599.367991599,28599.36826448,28599.378591907,28599.384977933,28599.391080845,0.3008396670338698,0.2728809995460324,0.5737206665799022,10.327427000447642,6.38602600156446,6.102911997004412,23.390085665596416
1,1592,28599.401024092665,28599.401110474,28599.401131492,28599.410457248,28599.410507887,28599.417052395,0.0863813329488039,0.02101800055243075,0.10739933350123465,9.325756000180263,0.0506390024384018,6.544507999933558,16.028302336053457
1,1593,28599.434357426,28599.434656592,28599.4346925,28599.443977124,28599.444039051,28599.450406698,0.299166000331752,0.03590800042729825,0.33507400075905025,9.284624000429176,0.06192699947860092,6.36764700175263,16.049272002419457
1,1594,28599.467690759335,28599.468019257,28599.46830912,28599.478655111,28599.48526113,28599.491398635,0.32849766648723744,0.28986299730604514,0.6183606637932826,10.345991002395749,6.606019000173546,6.137504999060184,23.707875665422762
1,1595,28599.501024092668,28599.501337922,28599.501618145,28599.511922619,28599.518381784,28599.524523818,0.31382933229906484,0.28022300102747977,0.5940523333265446,10.304473998985486,6.45916500070598,6.142033998912666,23.499725331930676
1,1596,28599.534357426,28599.534661577,28599.534944227,28599.545100468,28599.550907056,28599.557092719,0.30415099899983034,0.28265000219107606,0.5868010011909064,10.15624099818524,5.806588000268675,6.185662998177577,22.7352929978224
1,1597,28599.567690759333,28599.567792657,28599.568075687,28599.578355326,28599.5848804,28599.591162943,0.10189766544499435,0.2830299999914132,0.38492766543640755,10.279639001964824,6.525074000819586,6.282542999542784,23.472183667763602
1,1598,28599.601024092666,28599.601324278,28599.601607232,28599.611896854,28599.618392353,28599.624513979,0.30018533288966864,0.28295400261413306,0.5831393355038017,10.289621997799259,6.495499001175631,6.121626000094693,23.489886334573384
1,1599,28599.634357426,28599.63465309,28599.634934916,28599.645311001,28599.651779323,28599.657894265,0.29566400189651176,0.2818259999912698,0.5774900018877815,10.376084999734303,6.468322000728222,6.1149419998400845,23.53683900219039
1,1600,28599.667690759332,28599.667960848,28599.668233998,28599.678569091,28599.685117423,28599.69414489,0.27008866891264915,0.2731499989749864,0.5432386678876355,10.335093000321649,6.548331999510992,9.027467000123579,26.454130667843856
1,1601,28599.701024092665,28599.701143817,28599.70117466,28599.710452822,28599.710499683,28599.716553244,0.11972433640039526,0.03084299896727316,0.15056733536766842,9.278162000555312,0.04686099782702513,6.053561002772767,15.529151336522773
1,1602,28599.734357426,28599.734441371,28599.734461639,28599.743720282,28599.743766339,28599.749860566,0.08394500036956742,0.02026799847953953,0.10421299884910695,9.258643000066513,0.046057000872679055,6.094226999266539,15.503139999054838
1,1603,28599.767690759334,28599.767768053,28599.767787359,28599.777139578,28599.777183948,28599.783208879,0.07729366552666761,0.019306000467622653,0.09659966599429026,9.352218999993056,0.04437000097823329,6.024930997227784,15.518119664193364
1,1604,28599.801024092667,28599.801103857,28599.801122237,28599.810371492,28599.810413297,28599.816577183,0.07976433334988542,0.01838000025600195,0.09814433360588737,9.249254999303957,0.041805000364547595,6.163885998830665,15.553090332105057
1,1605,28599.834357426,28599.834657078,28599.834692828,28599.843945833,28599.843991814,28599.850108681,0.2996520015585702,0.03574999936972745,0.33540200092829764,9.253004998754477,0.0459809998574201,6.116866999946069,15.751254999486264
1,1606,28599.867690759333,28599.867992714,28599.868281457,28599.878585012,28599.884673721,28599.890512022,0.3019546675204765,0.28874299823655747,0.590697665757034,10.303555001883069,6.088709000323433,5.838301000039792,22.821262668003328
1,1607,28599.901024092665,28599.901338322,28599.901643934,28599.911899713,28599.918049607,28599.923787463,0.3142293353448622,0.30561200037482195,0.6198413357196841,10.255778997816378,6.149894001282519,5.737856001360342,22.763370336178923
1,1608,28599.934357426,28599.934443854,28599.934707328,28599.944951597,28599.951235455,28599.957011089,0.08642800094094127,0.263474001258146,0.3499020021990873,10.244269000395434,6.2838579979143105,5.775634002930019,22.65366300343885
1,1609,28599.967690759335,28599.967990287,28599.968293484,28599.978598521,28599.984789166,28599.990484198,0.2995276663568802,0.30319699726533145,0.6027246636222117,10.305037001671735,6.190644999151118,5.695031999493949,22.793438663939014
1,1610,28600.001024092668,28600.001322034,28600.001601453,28600.011875916,28600.018107283,28600.024075899,0.2979413329740055,0.2794190004351549,0.5773603334091604,10.274462998495437,6.231366998690646,5.968616002064664,23.051806332659908
1,1611,28600.034357426,28600.034669651,28600.034970607,28600.045309024,28600.051512419,28600.057327228,0.31222499819705263,0.30095600232016295,0.6131810005172156,10.338416999729816,6.203394998010481,5.814809002913535,22.969802001171047
1,1612,28600.067690759333,28600.067989491,28600.068045361,28600.077424968,28600.077475136,28600.0836379,0.29873166567995213,0.05587000123341568,0.3546016669133678,9.379606999573298,0.050168000598205253,6.162763998872833,15.947140665957704
1,1613,28600.101024092666,28600.101336683,28600.101373248,28600.11065079,28600.11071755,28600.116759601,0.3125903349427972,0.03656499757198617,0.34915533251478337,9.277542001655092,0.06675999975414015,6.042050998075865,15.735508331999881
1,1614,28600.134357426,28600.134445578,28600.134714025,28600.144947923,28600.145005303,28600.151146448,0.08815200271783397,0.26844699823413976,0.3565990009519737,10.233897999569308,0.0573799989069812,6.141145000583492,16.789022000011755
1,1615,28600.167690759332,28600.167998522,28600.168298292,28600.178506228,28600.178628043,28600.18482566,0.30776266794418916,0.2997699994011782,0.6075326673453674,10.207936000369955,0.1218149991473183,6.19761699999799,17.13490066686063
1,1616,28600.201024092665,28600.201343585,28600.201645846,28600.211986847,28600.218159279,28600.223851227,0.31949233380146325,0.30226099988794886,0.6217533336894121,10.341001001506811,6.172432000312256,5.691948001185665,22.827134336694144
1,1617,28600.234357426,28600.234668824,28600.234964918,28600.245276262,28600.251505444,28600.257328254,0.3113979983027093,0.2960940000775736,0.6074919983802829,10.311344001820544,6.229181999515276,5.822809998790035,22.970827998506138
1,1618,28600.267690759334,28600.267990257,28600.268276962,28600.278471639,28600.278527361,28600.284694886,0.29949766758363694,0.2867049988708459,0.5862026664544828,10.194677000981756,0.055721997341606766,6.167524999909801,17.004126664687647
1,1619,28600.301024092667,28600.30132732,28600.302048176,28600.311438607,28600.316790322,28600.322655196,0.3032273343706038,0.7208559982245788,1.0240833325951826,9.390431001520483,5.351714997232193,5.864874001417775,21.631103332765633
1,1620,28600.334357426,28600.334444873,28600.334712975,28600.345069227,28600.351239326,28600.357107062,0.08744699880480766,0.26810200142790563,0.3555490002327133,10.356252001656685,6.170098997245077,5.867735999345314,22.74963599847979
1,1621,28600.367690759333,28600.3679839,28600.368269975,28600.378565143,28600.384722926,28600.390581894,0.2931406670541037,0.2860749991668854,0.5792156662209891,10.295168001903221,6.157782998343464,5.858968001120957,22.89113466758863
1,1622,28600.401024092665,28600.401341407,28600.401625538,28600.411841131,28600.411963947,28600.418122138,0.31731433409731835,0.28413100153557025,0.6014453356328886,10.215592999884393,0.12281599993002601,6.158190997666679,17.098045333113987
1,1623,28600.434357426,28600.434672201,28600.434973795,28600.445358936,28600.45161984,28600.457429956,0.3147750030620955,0.30159399830154143,0.6163690013636369,10.385140998550924,6.26090400328394,5.81011599933845,23.07253000253695
1,1624,28600.467690759335,28600.467986718,28600.468268266,28600.478642035,28600.484701282,28600.490631759,0.29595866362797096,0.28154800020274706,0.577506663830718,10.373769000580069,6.059246999939205,5.93047700021998,22.940999664569972
1,1625,28600.501024092668,28600.50132642,28600.501596698,28600.511704727,28600.517439193,28600.523311235,0.30232733115553856,0.27027800024370663,0.5726053313992452,10.108029000548413,5.734466001740657,5.872041998372879,22.287142332061194
1,1626,28600.534357426,28600.534443759,28600.534706529,28600.545038762,28600.551141749,28600.557250737,0.08633299876237288,0.26277000142727047,0.34910300018964335,10.332232999644475,6.102987001213478,6.108988000050886,22.893311001098482
1,1627,28600.567690759333,28600.567783211,28600.56806212,28600.578385898,28600.584625729,28600.590360982,0.09245166802429594,0.2789089994621463,0.37136066748644225,10.323777998564765,6.239831000129925,5.735253002058016,22.67022266823915
1,1628,28600.601024092666,28600.601320209,28600.601600933,28600.611913952,28600.618146791,28600.624096139,0.2961163336294703,0.2807240016409196,0.5768403352703899,10.313019000022905,6.232838997675572,5.949348000285681,23.072046333254548
1,1629,28600.634357426,28600.634655872,28600.634936615,28600.645341727,28600.651628085,28600.657561424,0.29844600067008287,0.28074299916625023,0.5791889998363331,10.40511199971661,6.286358002398629,5.933338998147519,23.20399800009909
1,1630,28600.667690759332,28600.667981804,28600.668251,28600.678567288,28600.684735979,28600.693737232,0.29104466739227064,0.269195999862859,0.5602406672551297,10.316288000467466,6.168691001221305,9.001252998132259,26.04647266707616
1,1631,28600.701024092665,28600.701179606,28600.701458672,28600.711747275,28600.71822743,28600.724150639,0.15551333490293473,0.27906600007554516,0.4345793349784799,10.288602999935392,6.480154999735532,5.923208998865448,23.126546333514852
1,1632,28600.734357426,28600.734445963,28600.734722585,28600.744974595,28600.745029484,28600.751252388,0.08853699910105206,0.27662199863698334,0.3651589977380354,10.252010000840528,0.054888998420210555,6.222904001333518,16.894961998332292
1,1633,28600.767690759334,28600.767994859,28600.768290426,28600.77861488,28600.784768469,28600.790624093,0.30409966711886227,0.29556699882959947,0.5996666659484617,10.324454000510741,6.153588998131454,5.855624000105308,22.933333664695965
1,1634,28600.801024092667,28600.801324476,28600.80160407,28600.811886636,28600.818010308,28600.823862618,0.3003833335242234,0.2795939981297124,0.5799773316539358,10.28256599965971,6.12367200301378,5.852309997862903,22.83852533219033
1,1635,28600.834357426,28600.834650372,28600.834937966,28600.844564602,28600.844630648,28600.850781331,0.2929459988081362,0.28759400083799846,0.5805399996461347,9.626636001485167,0.06604599911952391,6.150682998850243,16.42390499910107
1,1636,28600.867690759333,28600.867994,28600.868267862,28600.878502622,28600.878618604,28600.884720184,0.3032406675629318,0.2738619987212587,0.5771026662841905,10.234760000457754,0.11598200217122212,6.10157999835792,17.029424667271087
1,1637,28600.901024092665,28600.901111394,28600.901372859,28600.911661879,28600.917785839,28600.923464879,0.08730133413337171,0.26146500022150576,0.34876633435487747,10.289019999618176,6.123959999968065,5.679040001268731,22.44078633520985
1,1638,28600.934357426,28600.934665459,28600.934971859,28600.945329647,28600.945457509,28600.951678692,0.30803300251136534,0.30639999749837443,0.6144330000097398,10.357787999964785,0.12786200022674166,6.221183000889141,17.321266001090407
1,1639,28600.967690759335,28600.967991892,28600.968277348,28600.97854558,28600.978598618,28600.984723234,0.30113266620901413,0.28545600071083754,0.5865886669198517,10.268231999361888,0.0530379984411411,6.12461600030656,17.03247466502944
1,1640,28601.001024092668,28601.001324927,28601.001605753,28601.011944736,28601.018135436,28601.023969191,0.3008343337569386,0.280825999652734,0.5816603334096726,10.338983000110602,6.190699998114724,5.833754999912344,22.945098331547342
1,1641,28601.034357426,28601.034648759,28601.034684703,28601.044027505,28601.044074274,28601.050164863,0.2913329990406055,0.03594400186557323,0.3272770009061787,9.34280199726345,0.046769000618951395,6.090589002269553,15.807437001058133
1,1642,28601.067690759333,28601.067996341,28601.068865261,28601.07831486,28601.083797612,28601.089627913,0.3055816669075284,0.8689200003573205,1.174501667264849,9.449598997889552,5.482751999807078,5.8303010009694844,21.937153665930964
1,1643,28601.101024092666,28601.101117207,28601.101382709,28601.111710756,28601.117700595,28601.12351872,0.09311433313996531,0.2655019998201169,0.3586163329600822,10.328046999347862,5.989839002722874,5.818124998768326,22.494627333799144
1,1644,28601.134357426,28601.134670142,28601.134976746,28601.145278228,28601.145405423,28601.151527892,0.31271600164473057,0.3066040007979609,0.6193200024426915,10.301481997885276,0.12719500227831304,6.12246899981983,17.17046600242611
1,1645,28601.167690759332,28601.168049611,28601.168350086,28601.178563623,28601.178616225,28601.184628027,0.35885166653315537,0.3004750033142045,0.6593266698473599,10.213536999799544,0.05260199759504758,6.011802001012256,16.937267668254208
1,1646,28601.201024092665,28601.20132635,28601.201609073,28601.211878788,28601.218063544,28601.223913881,0.3022573364432901,0.28272299823584035,0.5849803346791305,10.269714999594726,6.184756002767244,5.850336998264538,22.88978833530564
1,1647,28601.234357426,28601.234651625,28601.234688412,28601.243994879,28601.244049889,28601.250139737,0.29419899874483235,0.03678700159071013,0.3309860003355425,9.306466999987606,0.055009997595334426,6.0898480005562305,15.782310998474713
1,1648,28601.267690759334,28601.268023566,28601.268329475,28601.278660254,28601.284969233,28601.290738004,0.3328066668473184,0.3059089976886753,0.6387156645359937,10.330779001378687,6.308978998276871,5.768771003204165,23.047244667395717
1,1649,28601.301024092667,28601.301110682,28601.301378582,28601.311585767,28601.317785866,28601.323471508,0.08658933438709937,0.26789999901666306,0.35448933340376243,10.20718500149087,6.200098996487213,5.685642001481028,22.447415332862874
1,1650,28601.334357426,28601.334653985,28601.334936246,28601.345188293,28601.345243098,28601.351481308,0.29655899925273843,0.28226100039319135,0.5788199996459298,10.252046999084996,0.054805001127533615,6.238210000446998,17.123882000305457
1,1651,28601.367690759333,28601.368055149,28601.368343401,28601.378627429,28601.378756059,28601.384932167,0.3643896670837421,0.28825200206483714,0.6526416691485792,10.284027997840894,0.12862999938079156,6.17610799963586,17.241407666006126
1,1652,28601.401024092665,28601.401331201,28601.401614832,28601.41196625,28601.418110895,28601.423887583,0.30710833379998803,0.28363100136630237,0.5907393351662904,10.351418000936974,6.144644998130389,5.7766880017879885,22.86349033602164
1,1653,28601.434357426,28601.434675669,28601.434979681,28601.445330571,28601.445440859,28601.451509142,0.31824300094740465,0.304011999105569,0.6222550000529736,10.350890002882807,0.11028799781342968,6.068283000786323,17.151716001535533
1,1654,28601.467690759335,28601.467989612,28601.468748829,28601.478136381,28601.483605679,28601.489429054,0.298852664855076,0.7592170004500076,1.0580696653050836,9.38755199968,5.46929800111684,5.823374998726649,21.738294664828572
1,1655,28601.501024092668,28601.501130915,28601.501816558,28601.51124622,28601.516566352,28601.522507615,0.10682233187253587,0.6856430009065662,0.792465332779102,9.429662000911776,5.320131996995769,5.941263003478525,21.483522334165173
1,1656,28601.534357426,28601.534676145,28601.5355634,28601.545122767,28601.550460611,28601.556178412,0.31871899773250334,0.8872550024534576,1.205974000185961,9.559366997564211,5.33784400249715,5.717800999264,21.820985999511322
1,1657,28601.567690759333,28601.567801106,28601.568565887,28601.578063143,28601.583433145,28601.589272834,0.11034666749765165,0.7647809979971498,0.8751276654948015,9.497256000031484,5.370001999835949,5.83968900173204,21.582074667094275
1,1658,28601.601024092666,28601.601114742,28601.601333947,28601.611443521,28601.617091701,28601.622878779,0.09064933328772895,0.219205001485534,0.30985433477326296,10.109573999216082,5.648179998388514,5.787078000139445,21.854686332517304
1,1659,28601.634357426,28601.634677195,28601.635396088,28601.644919473,28601.650275568,28601.658269964,0.31976900208974257,0.7188929994299542,1.0386620015196968,9.523385000647977,5.356095000024652,7.994395997229731,23.912537999422057
1,1660,28601.667690759332,28601.668034156,28601.66832951,28601.67862014,28601.690199788,28601.696301543,0.3433966667216737,0.29535400244640186,0.6387506691680755,10.290629998053191,11.57964800222544,6.101754999690456,28.610783669137163
1,1661,28601.701024092665,28601.701171598,28601.701437988,28601.711628924,28601.717919598,28601.72376025,0.1475053359172307,0.26638999770511873,0.4138953336223494,10.190936001890805,6.290673998591956,5.840652000188129,22.73615733429324
1,1662,28601.734357426,28601.734448392,28601.734721097,28601.744945616,28601.745020015,28601.751070918,0.09096599751501344,0.2727050014073029,0.36367099892231636,10.224518999166321,0.07439900218741968,6.050902997230878,16.713491997506935
1,1663,28601.767690759334,28601.768017891,28601.768296837,28601.778525264,28601.778761589,28601.785181551,0.3271316672908142,0.27894599770661443,0.6060776649974287,10.228426999674411,0.23632500233361498,6.419961999199586,17.49079166620504
1,1664,28601.801024092667,28601.801334047,28601.801606558,28601.811790363,28601.811920207,28601.818138259,0.3099543318967335,0.27251100254943594,0.5824653344461694,10.18380499954219,0.12984400018467568,6.218051999894669,17.114166334067704
1,1665,28601.834357426,28601.834505933,28601.834776489,28601.845270779,28601.851312145,28601.85733241,0.1485069988120813,0.27055600003222935,0.41906299884431064,10.494289999769535,6.041366003046278,6.020264998369385,22.974984000029508
1,1666,28601.867690759333,28601.867777782,28601.86779819,28601.877182917,28601.877430381,28601.883912945,0.08702266859472729,0.02040799881797284,0.10743066741270013,9.384726999996928,0.24746399867581204,6.482564000179991,16.222185666265432
1,1667,28601.901024092665,28601.901337161,28601.901569218,28601.91185333,28601.911912302,28601.91811417,0.3130683362542186,0.23205699835671112,0.5451253346109297,10.28411199877155,0.058972000260837376,6.20186800006195,17.090077333705267
1,1668,28601.934357426,28601.934668039,28601.934958763,28601.945350338,28601.95154776,28601.957497053,0.3106130025116727,0.29072399775031954,0.6013370002619922,10.391575000539888,6.197422000695951,5.949293001322076,23.139627002819907
1,1669,28601.967690759335,28601.968038675,28601.968341537,28601.978676011,28601.985175176,28601.99114318,0.3479156657704152,0.3028619976248592,0.6507776633952744,10.334474001865601,6.499164999695495,5.968003999441862,23.452420664398232
1,1670,28602.001024092668,28602.001324532,28602.001600071,28602.011930229,28602.018344163,28602.024171296,0.300439332932001,0.2755389978119638,0.5759783307439648,10.330158002034295,6.413933999283472,5.8271330017305445,23.147203333792277
1,1671,28602.034357426,28602.03468427,28602.034958327,28602.045527867,28602.051223388,28602.056655538,0.32684399775462225,0.27405700166127644,0.6009009994158987,10.569540001597488,5.695520998415304,5.4321499992511235,22.298111998679815
1,1672,28602.067690759333,28602.067992341,28602.068264407,28602.078463462,28602.084178374,28602.089598708,0.3015816655533854,0.2720660013437737,0.5736476668971591,10.199054999247892,5.714912000257755,5.420334000518778,21.907948666921584
1,1673,28602.101024092666,28602.101110697,28602.10136893,28602.111568986,28602.11721848,28602.122528407,0.08660433377372101,0.25823300165939145,0.34483733543311246,10.2000560000306,5.649493999953847,5.309926997142611,21.50431433256017
1,1674,28602.134357426,28602.134665491,28602.134965438,28602.145261967,28602.150967497,28602.156416944,0.3080650021729525,0.29994699798407964,0.6080120001570322,10.296529002516763,5.705529998522252,5.449446998682106,22.059517999878153
1,1675,28602.167690759332,28602.167995247,28602.168275499,28602.178490962,28602.18427405,28602.190120859,0.304487668472575,0.2802519993565511,0.5847396678291261,10.2154630003497,5.783087999589043,5.846808999194764,22.430099666962633
1,1676,28602.201024092665,28602.201338189,28602.201633987,28602.211822016,28602.211927951,28602.217589473,0.3140963344776537,0.2957979995699134,0.6098943340475671,10.188029002165422,0.10593499973765574,5.661521998263197,16.56538033421384
1,1677,28602.234357426,28602.234654632,28602.234919411,28602.245168244,28602.250835304,28602.256117397,0.29720599923166446,0.2647789988259319,0.5619849980575964,10.24883300124202,5.667059998813784,5.282092999550514,21.759970997663913
1,1678,28602.267690759334,28602.267777573,28602.268065315,28602.278305733,28602.278419289,28602.284090496,0.08681366671225987,0.28774199745384976,0.37455566416610964,10.240418003377272,0.11355599781381898,5.671206999977585,16.399736665334785
1,1679,28602.301024092667,28602.301362138,28602.301648157,28602.311902991,28602.318023127,28602.323446055,0.33804533450165763,0.28601899975910783,0.6240643342607655,10.254834000079427,6.12013600039063,5.422927999461535,22.421962334192358
1,1680,28602.334357426,28602.334665042,28602.334945748,28602.345227156,28602.351341385,28602.356947331,0.30761599919060245,0.2807060009217821,0.5883220001123846,10.281408001901582,6.11422899964964,5.6059460002870765,22.589905001950683
1,1681,28602.367690759333,28602.367993957,28602.368277413,28602.378528284,28602.378781054,28602.384819864,0.30319766665343195,0.28345600003376603,0.586653666687198,10.25087100060773,0.2527700016798917,6.038809999154182,17.129104668129003
1,1682,28602.401024092665,28602.401335483,28602.401619864,28602.411908301,28602.417937583,28602.423584771,0.31139033308136277,0.2843809998012148,0.5957713328825776,10.288437002600404,6.029281998053193,5.647188001603354,22.560678335139528
1,1683,28602.434357426,28602.434683175,28602.434997862,28602.445335984,28602.451229137,28602.456834946,0.3257490025134757,0.31468700035475194,0.6404360028682277,10.338121999666328,5.893153000215534,5.60580899764318,22.47752000039327
1,1684,28602.467690759335,28602.46803347,28602.468302972,28602.478585704,28602.485062887,28602.491028207,0.3427106639719568,0.26950200117425993,0.6122126651462168,10.282732000632677,6.477183000242803,5.965320000541396,23.337447666563094
1,1685,28602.501024092668,28602.501114022,28602.50113355,28602.510419934,28602.510657084,28602.516888303,0.08992933362605982,0.019527997210389003,0.10945733083644882,9.286384000006365,0.2371500013396144,6.231218998436816,15.864210330619244
1,1686,28602.534357426,28602.53466129,28602.534696985,28602.543933165,28602.544171796,28602.550384368,0.30386399885173887,0.035695000406121835,0.3395589992578607,9.236180001607863,0.23863099704612978,6.212572003278183,16.026942001190037
1,1687,28602.567690759333,28602.567794546,28602.568075076,28602.578255936,28602.584585499,28602.590789181,0.10378666775068268,0.2805299991450738,0.3843166668957565,10.180860001128167,6.329562998871552,6.203681998158572,23.098421665054047
1,1688,28602.601024092666,28602.601337989,28602.601654963,28602.61196388,28602.618663666,28602.624608838,0.31389633295475505,0.3169740011799149,0.63087033413467,10.308917000656947,6.69978599762544,5.945172000792809,23.584745333209867
1,1689,28602.634357426,28602.634662689,28602.634942931,28602.645323312,28602.651419947,28602.657322877,0.3052630017919,0.2802419985528104,0.5855050003447104,10.380381001596106,6.096634999266826,5.902929999137996,22.965451000345638
1,1690,28602.667690759332,28602.667987214,28602.668257724,28602.678541382,28602.688644576,28602.695116982,0.29645466929650865,0.2705099977902137,0.5669646670867223,10.283658000844298,10.10319399938453,6.472405999375042,27.42622266669059
1,1691,28602.701024092665,28602.701170903,28602.701450146,28602.711635702,28602.711895953,28602.718067922,0.1468103364459239,0.2792429986584466,0.4260533351043705,10.18555599875981,0.26025100305560045,6.171968998387456,17.043829335307237
1,1692,28602.734357426,28602.734447595,28602.734718364,28602.744894809,28602.751238408,28602.757390053,0.09016900003189221,0.27076900005340576,0.36093800008529797,10.176444997341605,6.343599001411349,6.151645000500139,23.03262699933839
1,1693,28602.767690759334,28602.767769193,28602.768067176,28602.778318418,28602.778568752,28602.785060509,0.07843366620363668,0.2979829987452831,0.3764166649489198,10.251242001686478,0.2503340001567267,6.491756998002529,17.369749664794654
1,1694,28602.801024092667,28602.80133894,28602.801640581,28602.811925007,28602.818609146,28602.824975468,0.3148473333567381,0.30164100098772906,0.6164883343444671,10.284425999998348,6.684138999844436,6.366321998939384,23.951375333126634
1,1695,28602.834357426,28602.834664123,28602.834947699,28602.84528957,28602.845532285,28602.851648142,0.3066969984502066,0.28357600240269676,0.5902730008529034,10.341870998672675,0.24271499933092855,6.115857002441771,17.29071600129828
1,1696,28602.867690759333,28602.867985251,28602.868039436,28602.877368663,28602.877610443,28602.884428952,0.29449166686390527,0.05418500222731382,0.3486766690912191,9.329226999398088,0.2417799987597391,6.818508998549078,16.738192665798124
1,1697,28602.901024092665,28602.901353296,28602.901390685,28602.910690365,28602.910944468,28602.917497902,0.32920333615038544,0.03738899977179244,0.3665923359221779,9.299679997639032,0.2541030007705558,6.5534339992154855,16.47380933354725
1,1698,28602.934357426,28602.934692924,28602.934729248,28602.943981742,28602.944048392,28602.950222018,0.3354979999130592,0.036324003303889185,0.37182200321694836,9.252493997337297,0.06665000182692893,6.173625999508658,15.864592001889832
1,1699,28602.967690759335,28602.968022467,28602.968315784,28602.978432293,28602.984125168,28602.989879671,0.33170766619150527,0.2933169998868834,0.6250246660783887,10.116508998180507,5.692875001841458,5.754502999479882,22.188911665580235
1,1700,28603.001024092668,28603.001111659,28603.001387438,28603.011525837,28603.017319609,28603.023148456,0.08756633178563789,0.27577899891184643,0.3633453306974843,10.138399000425125,5.7937720011977945,5.828846999065718,22.12436333138612
1,1701,28603.034357426,28603.034651121,28603.034929632,28603.045174984,28603.045443866,28603.051845577,0.2936950004368555,0.27851099730469286,0.5722059977415483,10.245352001220454,0.26888200227404013,6.401710998034105,17.488150999270147
1,1702,28603.067690759333,28603.068018833,28603.068302769,28603.078555047,28603.078801308,28603.085148862,0.3280736673332285,0.2839359985955525,0.612009665928781,10.25227799982531,0.24626099911984056,6.347554000967648,17.45810266584158
1,1703,28603.101024092666,28603.101339487,28603.101622693,28603.111912962,28603.118586462,28603.124560625,0.3153943325742148,0.2832060017681215,0.5986003343423363,10.290268997778185,6.673500000033528,5.974163002974819,23.536532335128868
1,1704,28603.134357426,28603.13466255,28603.134972571,28603.145207885,28603.145439045,28603.151890617,0.30512400189763866,0.31002099785837345,0.6151449997560121,10.235314002784435,0.23116000011214055,6.451571996876737,17.533190999529324
1,1705,28603.167690759332,28603.167778797,28603.168063975,28603.178327373,28603.184928224,28603.19093798,0.08803766831988469,0.2851780009223148,0.3732156692421995,10.263397998642176,6.600851000257535,6.009756001731148,23.24722066987306
1,1706,28603.201024092665,28603.201318176,28603.201600946,28603.211855882,28603.218549799,28603.224909389,0.2940833364846185,0.28276999728404917,0.5768533337686677,10.25493600172922,6.693916999211069,6.359589999192394,23.88529633390135
1,1707,28603.234357426,28603.23465322,28603.234927684,28603.245270529,28603.251963538,28603.258127063,0.29579399779322557,0.27446400054031983,0.5702579983335454,10.342845002014656,6.693008999718586,6.163524998555658,23.769636998622445
1,1708,28603.267690759334,28603.2679907,28603.268279951,28603.27858661,28603.285525871,28603.291739803,0.2999406642629765,0.28925100195920095,0.5891916662221774,10.306658998160856,6.939261002116837,6.213931999809574,24.049043666309444
1,1709,28603.301024092667,28603.301333171,28603.301618014,28603.311951368,28603.318458792,28603.324624224,0.30907833206583746,0.2848430012818426,0.59392133334768,10.333353999158135,6.507424001028994,6.165431997942505,23.600131331477314
1,1710,28603.334357426,28603.334658862,28603.334927095,28603.345235234,28603.345485523,28603.351822094,0.30143600088194944,0.2682329977687914,0.5696689986507408,10.308139000699157,0.25028900199686177,6.33657099751872,17.46466799886548
1,1711,28603.367690759333,28603.367986859,28603.368078999,28603.377728255,28603.377973034,28603.384646486,0.29609966804855503,0.09213999874191359,0.3882396667904686,9.649256000557216,0.24477899933117442,6.673452000541147,16.955726667220006
1,1712,28603.401024092665,28603.401123993,28603.401398939,28603.411717365,28603.418395291,28603.424702557,0.09990033504436724,0.2749459999904502,0.37484633503481746,10.318426000594627,6.677925997792045,6.3072660013858695,23.67846433480736
1,1713,28603.434357426,28603.434647666,28603.434924474,28603.445299179,28603.451904854,28603.458042664,0.29024000104982406,0.2768080012174323,0.5670480022672564,10.374704997957451,6.605675000173505,6.137809999927413,23.685238000325626
1,1714,28603.467690759335,28603.468025747,28603.468330073,28603.478556684,28603.478806426,28603.485415259,0.33498766424600035,0.3043260003323667,0.639313664578367,10.226611000689445,0.24974199914140627,6.6088330022466835,17.724499666655902
1,1715,28603.501024092668,28603.501343605,28603.501625421,28603.511833958,28603.512080136,28603.518486143,0.31951233177096583,0.2818159991875291,0.6013283309584949,10.208537001744844,0.24617799863335676,6.406006999895908,17.462050331232604
1,1716,28603.534357426,28603.534657074,28603.534927316,28603.545297567,28603.551997604,28603.557970034,0.2996479997818824,0.27024199880543165,0.569889998587314,10.370251002314035,6.700036999973236,5.972429997200379,23.612607998074964
1,1717,28603.567690759333,28603.56779305,28603.5680802,28603.578402738,28603.585024303,28603.590906548,0.10229066538158804,0.28715000007650815,0.3894406654580962,10.322538000764325,6.621565000386909,5.882245000975672,23.215788667585002
1,1718,28603.601024092666,28603.601331457,28603.601619959,28603.611739903,28603.617961622,28603.624089305,0.30736433473066427,0.2885020003304817,0.595866335061146,10.119943999598036,6.221718998858705,6.127683001977857,23.065212335495744
1,1719,28603.634357426,28603.634515038,28603.634801465,28603.645079401,28603.645315069,28603.651712984,0.15761200120323338,0.28642699908232316,0.44403900028555654,10.277936002239585,0.23566799791296944,6.397914999979548,17.35555800041766
1,1720,28603.667690759332,28603.667984045,28603.668258899,28603.678546122,28603.687687802,28603.69439195,0.29328566961339675,0.2748539991443977,0.5681396687577944,10.28722299815854,9.141680002358044,6.704147999698762,26.70119066897314
1,1721,28603.701024092665,28603.701177154,28603.701444721,28603.711690341,28603.718084302,28603.724127761,0.1530613335489761,0.2675670002645347,0.42062833381351084,10.245620000205236,6.393961000867421,6.043459001375595,23.103668336261762
1,1722,28603.734357426,28603.734445911,28603.734716755,28603.744951107,28603.745197146,28603.751533338,0.08848499783198349,0.27084400062449276,0.35932899845647626,10.234352001134539,0.2460389987390954,6.336192000162555,17.175911998492666
1,1723,28603.767690759334,28603.767769575,28603.768050262,28603.778378097,28603.785026559,28603.791416067,0.07881566489231773,0.28068699975847267,0.3595026646507904,10.327834999770857,6.648462000157451,6.3895080020301975,23.725307666609297
1,1724,28603.801024092667,28603.801317,28603.801607262,28603.811925069,28603.818616336,28603.824891085,0.29290733436937444,0.29026199990767054,0.583169334277045,10.3178069985006,6.691267000860535,6.274749001022428,23.86699233466061
1,1725,28603.834357426,28603.834656647,28603.834935955,28603.845311354,28603.851908261,28603.857948266,0.2992209992953576,0.2793080020637717,0.5785290013591293,10.375399000622565,6.5969069983111694,6.040004998794757,23.59083999908762
1,1726,28603.867690759333,28603.867986579,28603.868041747,28603.877581771,28603.877818745,28603.883623027,0.2958196673716884,0.055167998652905226,0.35098766602459364,9.5400240024901,0.2369739995629061,5.804281998280203,15.932267666357802
1,1727,28603.901024092665,28603.901327133,28603.901366921,28603.910643064,28603.91088289,28603.916955488,0.30304033498396166,0.039787999412510544,0.3428283343964722,9.276142998714931,0.23982600032468326,6.072598000173457,15.931395333609544
1,1728,28603.934357426,28603.934663752,28603.934941569,28603.945168588,28603.951058981,28603.956480863,0.3063260010094382,0.2778170019155368,0.584143002924975,10.22701900001266,5.8903930002998095,5.421881996880984,22.12343700011843
1,1729,28603.967690759335,28603.96798774,28603.968253445,28603.978440251,28603.978670668,28603.984500793,0.296980666462332,0.2657049990375526,0.5626856654998846,10.186806001001969,0.23041699751047418,5.830125002830755,16.810033666843083
1,1730,28604.001024092668,28604.001132208,28604.00139582,28604.011606108,28604.017507075,28604.022880891,0.10811533138621598,0.2636120007082354,0.3717273320944514,10.210288000962464,5.900967000343371,5.373815998609643,21.85679833200993
1,1731,28604.034357426,28604.034644576,28604.034915466,28604.045214578,28604.051044628,28604.056148147,0.28715000007650815,0.27088999922852963,0.5580399993050378,10.299112000211608,5.830049998621689,5.103519000840606,21.79072099897894
1,1732,28604.067690759333,28604.067999248,28604.068288936,28604.078503806,28604.084539987,28604.0896917,0.3084886666329112,0.2896879996114876,0.5981766662443988,10.214869998890208,6.036181002855301,5.151712997758295,22.000940665748203
1,1733,28604.101024092666,28604.101323829,28604.101604173,28604.111813015,28604.117715334,28604.122900974,0.2997363335452974,0.28034400020260364,0.580080333747901,10.208841998974094,5.902319000597345,5.185639998671832,21.87688133199117
1,1734,28604.134357426,28604.134663315,28604.134940206,28604.145190577,28604.151271091,28604.156795242,0.3058889997191727,0.2768910017039161,0.5827800014230888,10.250371000438463,6.0805139983131085,5.5241510017367546,22.437816001911415
1,1735,28604.167690759332,28604.167779321,28604.168050516,28604.178189072,28604.178443221,28604.184502153,0.08856166823534295,0.2711950000957586,0.35975666833110154,10.138556001038523,0.2541489993745927,6.0589319982682355,16.811393667012453
1,1736,28604.201024092665,28604.201326272,28604.201612274,28604.211786413,28604.217894549,28604.223139846,0.30217933453968726,0.2860019994841423,0.5881813340238295,10.17413900262909,6.10813599996618,5.245296997600235,22.115753334219335
1,1737,28604.234357426,28604.234671039,28604.234964003,28604.245198985,28604.251329482,28604.256632299,0.31361299988930114,0.2929639995272737,0.6065769994165748,10.2349820008385,6.130496996775037,5.302817000483628,22.27487299751374
1,1738,28604.267690759334,28604.267990453,28604.268261502,28604.278393122,28604.278632512,28604.284891667,0.2996936673298478,0.2710489970922936,0.5707426644221414,10.131620001629926,0.23938999947858974,6.259155001316685,17.200907666847343
1,1739,28604.301024092667,28604.301329285,28604.301609527,28604.311896334,28604.318003154,28604.323407675,0.30519233405357227,0.2802419985528104,0.5854343326063827,10.286806998919928,6.106820001150481,5.404521001764806,22.3835823344416
1,1740,28604.334357426,28604.334695913,28604.335008386,28604.345302804,28604.351439301,28604.356959609,0.3384869996807538,0.31247299921233207,0.6509599988930859,10.29441799983033,6.13649700244423,5.520307997358032,22.602182998525677
1,1741,28604.367690759333,28604.367989947,28604.368254366,28604.378483107,28604.384814226,28604.390688406,0.29918766813352704,0.26441899899509735,0.5636066671286244,10.22874100090121,6.331118998787133,5.874180002138019,22.997646668954985
1,1742,28604.401024092665,28604.401110991,28604.401368446,28604.411610447,28604.417349895,28604.422736249,0.08689833339303732,0.25745500170160085,0.34435333509463817,10.24200100073358,5.739447999076219,5.386353997892002,21.71215633279644
1,1743,28604.434357426,28604.434656064,28604.434934741,28604.445226891,28604.451353063,28604.456790686,0.29863800227758475,0.27867699827766046,0.5773150005552452,10.292150000168476,6.126172000222141,5.437623000034364,22.433260000980226
1,1744,28604.467690759335,28604.467985924,28604.468261832,28604.478445759,28604.48502911,28604.490990623,0.2951646638393868,0.2759080016403459,0.5710726654797327,10.183926999161486,6.583351001609117,5.961512997600948,23.299863663851283
1,1745,28604.501024092668,28604.501347393,28604.501622599,28604.511788839,28604.518022828,28604.523565266,0.3233003335481044,0.27520599905983545,0.5985063326079398,10.166240001126425,6.233988999156281,5.542438000702532,22.54117333359318
1,1746,28604.534357426,28604.534659966,28604.534934717,28604.54522444,28604.551483132,28604.557146163,0.3025400001206435,0.2747510006884113,0.5772910008090548,10.28972299900488,6.2586919993918855,5.663030999130569,22.78873699833639
1,1747,28604.567690759333,28604.567793156,28604.568069325,28604.578263983,28604.578503901,28604.584726407,0.10239666517009027,0.2761690011539031,0.37856566632399336,10.194657999818446,0.2399180011707358,6.2225059991760645,17.03564766648924
1,1748,28604.601024092666,28604.60133585,28604.601625102,28604.611851381,28604.618169545,28604.623639214,0.3117573323834222,0.2892520024033729,0.6010093347867951,10.22627899874351,6.318163999821991,5.469669002195587,22.615121335547883
1,1749,28604.634357426,28604.63466295,28604.634899849,28604.645261536,28604.651433441,28604.657011674,0.3055240013054572,0.2368989989918191,0.5424230002972763,10.361687000113307,6.171904999064282,5.578233001870103,22.654248001344968
1,1750,28604.667690759332,28604.667979846,28604.668246968,28604.678469534,28604.688668701,28604.694440741,0.289086667180527,0.26712200269685127,0.5562086698773783,10.222565997537458,10.199167001701426,5.7720400000107475,26.74998166912701
1,1751,28604.701024092665,28604.70118488,28604.701448521,28604.711576483,28604.717791101,28604.723310631,0.16078733460744843,0.26364099903730676,0.4244283336447552,10.12796200302546,6.214617998921312,5.51953000103822,22.286538336629746
1,1752,28604.734357426,28604.734447155,28604.734713896,28604.744949674,28604.751234209,28604.756950166,0.08972899740911089,0.26674100081436336,0.35646999822347425,10.235778001515428,6.284535000304459,5.715956998756155,22.592739998799516
1,1753,28604.767690759334,28604.767990152,28604.768261218,28604.778535201,28604.785044217,28604.790672294,0.29939266460132785,0.2710660010052379,0.5704586656065658,10.27398299993365,6.5090159987448715,5.62807700043777,22.981534664722858
1,1754,28604.801024092667,28604.801109759,28604.801377492,28604.811640455,28604.818138,28604.823671262,0.08566633187001571,0.2677330012375023,0.35339933310751803,10.262962998240255,6.497545000456739,5.533261999516981,22.647169331321493
1,1755,28604.834357426,28604.834661182,28604.834721247,28604.845102591,28604.851387098,28604.857202352,0.30375600181287155,0.06006499825161882,0.36382100006449036,10.381344000052195,6.2845069987815805,5.815254000481218,22.844925999379484
1,1756,28604.867690759333,28604.867986633,28604.868086383,28604.878056262,28604.883757709,28604.889451824,0.2958736658911221,0.09975000284612179,0.39562366873724386,9.96987899998203,5.701447000319604,5.694114999641897,21.761064668680774
1,1757,28604.901024092665,28604.901129415,28604.90139501,28604.911543769,28604.911788548,28604.918095628,0.10532233500271104,0.2655950011103414,0.37091733611305244,10.148759000003338,0.24477899933117442,6.3070799988054205,17.071535334252985
1,1758,28604.934357426,28604.934657033,28604.934934693,28604.945201397,28604.951426829,28604.957234083,0.2996070033987053,0.27765999766415916,0.5772670010628644,10.266704000969185,6.225432000064757,5.807253997772932,22.876656999869738
1,1759,28604.967690759335,28604.967994522,28604.968290987,28604.978579849,28604.985128588,28604.99079061,0.30376266659004614,0.296464997518342,0.6002276641083881,10.288862002198584,6.548738998390036,5.662022002070444,23.099850666767452
1,1760,28605.001024092668,28605.001330789,28605.001612373,28605.011860207,28605.018148446,28605.023638504,0.3066963327000849,0.28158399800304323,0.5882803307031281,10.247834001347655,6.2882390011509415,5.490057999850251,22.614411333051976
1,1761,28605.034357426,28605.034668842,28605.034964131,28605.04526652,28605.051515602,28605.057086465,0.3114159990218468,0.29528899904107675,0.6067049980629236,10.302389000571566,6.249082001886563,5.570862998865778,22.72903899938683
1,1762,28605.067690759333,28605.067778589,28605.068059933,28605.078308027,28605.084917081,28605.0906469,0.08782966688158922,0.2813440005411394,0.3691736674227286,10.24809400041704,6.609053998545278,5.729819000407588,22.956140666792635
1,1763,28605.101024092666,28605.101327199,28605.101610626,28605.111891934,28605.118347385,28605.124159862,0.3031063351954799,0.2834269980667159,0.5865333332621958,10.281308001140133,6.455450999055756,5.812477000290528,23.135769333748613
1,1764,28605.134357426,28605.13467142,28605.134740957,28605.144453205,28605.144704457,28605.150665211,0.31399400177178904,0.06953699994483031,0.38353100171661936,9.712248000141699,0.2512520004529506,5.960753998806467,16.307785001117736
1,1765,28605.167690759332,28605.167999121,28605.168253614,28605.178291705,28605.184702129,28605.190720218,0.3083616684307344,0.25449299937463365,0.5628546678053681,10.038091000751592,6.410424000932835,6.018088999553584,23.02945866904338
1,1766,28605.201024092665,28605.201349869,28605.201656759,28605.21199565,28605.218670548,28605.224876628,0.3257763346482534,0.3068900005018804,0.6326663351501338,10.33889099926455,6.674898002529517,6.206079997355118,23.85253533429932
1,1767,28605.234357426,28605.234652237,28605.234912869,28605.245305768,28605.251977555,28605.25829058,0.29481099772965536,0.26063200130010955,0.5554429990297649,10.392898999270983,6.671786999504548,6.313025001873029,23.933153999678325
1,1768,28605.267690759334,28605.267986115,28605.26826283,28605.278571377,28605.285529896,28605.291421226,0.2953556650027167,0.2767149999272078,0.5720706649299245,10.308547000022372,6.9585189994541,5.891330001759343,23.73046666616574
1,1769,28605.301024092667,28605.301123612,28605.301401873,28605.31169393,28605.318386438,28605.324611898,0.09951933316187933,0.27826099903904833,0.37778033220092766,10.29205700251623,6.692507999105146,6.225459997949656,23.58780533177196
1,1770,28605.334357426,28605.334647508,28605.334923038,28605.345075417,28605.351372646,28605.357709079,0.29008199999225326,0.27553000109037384,0.5656120010826271,10.152378999919165,6.297228999756044,6.336432998068631,23.351652998826467
1,1771,28605.367690759333,28605.368017042,28605.368302813,28605.378602618,28605.385280637,28605.391340484,0.3262826685386244,0.2857709987438284,0.6120536672824528,10.29980499879457,6.678019002720248,6.0598469972319435,23.649724666029215
1,1772,28605.401024092665,28605.401323576,28605.401592429,28605.411855032,28605.41209882,28605.418696041,0.299483333947137,0.26885300030699,0.568336334254127,10.262603002047399,0.2437879993522074,6.597220999537967,17.6719483351917
1,1773,28605.434357426,28605.434654943,28605.43492237,28605.445233131,28605.451922648,28605.458328729,0.2975170027639251,0.2674269999261014,0.5649440026900265,10.310760997526813,6.689517002087086,6.406081000022823,23.97130300232675
1,1774,28605.467690759335,28605.467778392,28605.468057578,28605.478238439,28605.484752049,28605.490980055,0.0876326666912064,0.2791859988064971,0.3668186654977035,10.18086099793436,6.513610002002679,6.228006001038011,23.289295666472754
1,1775,28605.501024092668,28605.501327853,28605.50161703,28605.511872911,28605.518677697,28605.525082316,0.303760331007652,0.2891770018322859,0.5929373328399379,10.255880999466171,6.8047860004298855,6.404618998203659,24.058223330939654
1,1776,28605.534357426,28605.534652803,28605.534921286,28605.545224536,28605.552024472,28605.557986134,0.2953769981104415,0.26848299967241473,0.5638599977828562,10.30325000101584,6.799935999879381,5.961662001936929,23.628708000615006
1,1777,28605.567690759333,28605.567795289,28605.567830965,28605.577268832,28605.577554806,28605.584133546,0.10452966671437025,0.035675999242812395,0.14020566595718265,9.437867000087863,0.2859740015992429,6.578739998076344,16.442786665720632
1,1778,28605.601024092666,28605.601334964,28605.601625411,28605.61195605,28605.618570633,28605.624883705,0.31087133538676426,0.29044699840596877,0.601318333792733,10.330639001040254,6.614582998736296,6.313072000921238,23.85961233449052
1,1779,28605.634357426,28605.634655869,28605.634707611,28605.644398146,28605.644673045,28605.651189831,0.298442999337567,0.05174200123292394,0.35018500057049096,9.690535000117961,0.2748990009422414,6.516785997519037,16.83240499914973
1,1780,28605.667690759332,28605.667990664,28605.668270258,28605.678487315,28605.678737547,28605.688404656,0.2999046664626803,0.2795940017676912,0.5794986682303715,10.217056998953922,0.25023200214491226,9.667108999565244,20.71389666889445
1,1781,28605.701024092665,28605.70117218,28605.701228337,28605.710915076,28605.711160151,28605.717714289,0.14808733612881042,0.056156997743528336,0.20424433387233876,9.686739002063405,0.24507499983883463,6.554137999046361,16.69019633482094
1,1782,28605.734357426,28605.734449021,28605.734666809,28605.744693872,28605.750964731,28605.75719958,0.09159500041278079,0.21778799782623537,0.30938299823901616,10.0270629991428,6.270859001233475,6.234848999156384,22.842153997771675
1,1783,28605.767690759334,28605.767769666,28605.767809435,28605.777441451,28605.777695628,28605.78418946,0.07890666529419832,0.03976900188717991,0.11867566718137823,9.632015997340204,0.25417700089747086,6.493831999250688,16.49870066466974
1,1784,28605.801024092667,28605.801319749,28605.801613416,28605.811865705,28605.818425547,28605.82451882,0.2956563330371864,0.2936669989139773,0.5893233319511637,10.252289001073223,6.559842000569915,6.093273001170019,23.49472733476432
1,1785,28605.834357426,28605.834502144,28605.834707423,28605.844774432,28605.850994632,28605.857243435,0.1447180002287496,0.2052790005109273,0.3499970007396769,10.06700899961288,6.220200000825571,6.24880299801589,22.88600899919402
1,1786,28605.867690759333,28605.86799755,28605.868721998,28605.878115245,28605.884361585,28605.890445053,0.3067906691285316,0.7244479966175277,1.0312386657460593,9.393247000843985,6.246339999051997,6.083468000724679,22.75429366636672
1,1787,28605.901024092665,28605.901328419,28605.901450715,28605.911686679,28605.918433226,28605.924761426,0.3043263350264169,0.12229599815327674,0.42662233317969367,10.235964000457898,6.746547001966974,6.328199997369666,23.73733333297423
1,1788,28605.934357426,28605.934656074,28605.93493589,28605.945286688,28605.951847594,28605.95812298,0.29864800308132544,0.2798159985104576,0.578464001591783,10.350797998398775,6.5609060002316255,6.275386000197614,23.765554000419797
1,1789,28605.967690759335,28605.967989127,28605.968222509,28605.978245675,28605.984144661,28605.990088878,0.29836766407242976,0.23338200116995722,0.531749665242387,10.023165999882622,5.898986000829609,5.944216998614138,22.398118664568756
1,1790,28606.001024092668,28606.001324551,28606.001381681,28606.011051401,28606.011108596,28606.017510307,0.3004583340953104,0.05712999700335786,0.3575883310986683,9.669720002420945,0.05719500040868297,6.401710998034105,16.4862143319624
1,1791,28606.034357426,28606.034444557,28606.034467881,28606.043835581,28606.044087582,28606.050732443,0.08713100032764487,0.02332399890292436,0.11045499923056923,9.367700000439072,0.25200099844369106,6.644861001404934,16.375016999518266
1,1792,28606.067690759333,28606.067985214,28606.068289447,28606.078613105,28606.085535467,28606.091615565,0.29445466498145834,0.304233002680121,0.5986876676615793,10.323657999833813,6.92236199756735,6.080098002712475,23.924805667775217
1,1793,28606.101024092666,28606.101360535,28606.101673222,28606.112050223,28606.118573287,28606.124738116,0.3364423355378676,0.31268699967768043,0.649129335215548,10.377000999142183,6.523063999338774,6.164828999317251,23.714023333013756
1,1794,28606.134357426,28606.134658624,28606.134896227,28606.145023542,28606.151119158,28606.157287896,0.3011980006704107,0.23760299882269464,0.5388009994931053,10.127315003046533,6.09561599776498,6.168738000269514,22.930470000574132
1,1795,28606.167690759332,28606.168021444,28606.168330039,28606.178667086,28606.185535364,28606.191555461,0.3306846665509511,0.3085950011154637,0.6392796676664148,10.337046998756705,6.868278000183636,6.020097000146052,23.864701666752808
1,1796,28606.201024092665,28606.201336182,28606.201624267,28606.211915045,28606.218554618,28606.224614985,0.31208933432935737,0.2880850006476976,0.600174334977055,10.290778001945,6.639572999119991,6.060366999008693,23.59089233505074
1,1797,28606.234357426,28606.234445816,28606.234708892,28606.245065736,28606.251685299,28606.257874277,0.0883899992913939,0.26307599910069257,0.3514659983920865,10.356843999034027,6.619563002459472,6.188977997226175,23.51685099711176
1,1798,28606.267690759334,28606.267985869,28606.268041657,28606.277437412,28606.277679969,28606.283932345,0.29510966487578116,0.05578800119110383,0.350897666066885,9.395755001605721,0.24255699827335775,6.252375998883508,16.241585664829472
1,1799,28606.301024092667,28606.301372551,28606.301670813,28606.312140647,28606.321588505,28606.327587482,0.34845833215513267,0.2982620026159566,0.6467203347710893,10.469834000105038,9.447857999475673,5.998976997943828,26.56338933229563
